solid OpenSCAD_Model
  facet normal 0.0654111 -0.997858 0
    outer loop
      vertex 100 0 0
      vertex 101.044 0.0684357 15.5
      vertex 100 0 15.5
    endloop
  endfacet
  facet normal 0.0654111 -0.997858 0
    outer loop
      vertex 101.044 0.0684357 15.5
      vertex 100 0 0
      vertex 101.044 0.0684357 0
    endloop
  endfacet
  facet normal 0 -1 0
    outer loop
      vertex 8 0 0
      vertex 100 0 15.5
      vertex 8 0 15.5
    endloop
  endfacet
  facet normal 0 -1 -0
    outer loop
      vertex 100 0 15.5
      vertex 8 0 0
      vertex 100 0 0
    endloop
  endfacet
  facet normal 0.321701 -0.946841 0
    outer loop
      vertex 102.071 0.272598 0
      vertex 103.061 0.608963 15.5
      vertex 102.071 0.272598 15.5
    endloop
  endfacet
  facet normal 0.321701 -0.946841 0
    outer loop
      vertex 103.061 0.608963 15.5
      vertex 102.071 0.272598 0
      vertex 103.061 0.608963 0
    endloop
  endfacet
  facet normal -0.94693 -0.321439 0
    outer loop
      vertex 0.608963 4.93854 0
      vertex 0.272598 5.92944 15.5
      vertex 0.272598 5.92944 0
    endloop
  endfacet
  facet normal -0.94693 -0.321439 0
    outer loop
      vertex 0.272598 5.92944 15.5
      vertex 0.608963 4.93854 0
      vertex 0.608963 4.93854 15.5
    endloop
  endfacet
  facet normal 0.997886 0.0649964 0
    outer loop
      vertex 108 124 15.5
      vertex 107.932 125.044 0
      vertex 107.932 125.044 15.5
    endloop
  endfacet
  facet normal 0.997886 0.0649964 0
    outer loop
      vertex 107.932 125.044 0
      vertex 108 124 15.5
      vertex 108 124 0
    endloop
  endfacet
  facet normal -0.064984 0.997886 0
    outer loop
      vertex 8 132 0
      vertex 6.9558 131.932 15.5
      vertex 8 132 15.5
    endloop
  endfacet
  facet normal -0.064984 0.997886 0
    outer loop
      vertex 6.9558 131.932 15.5
      vertex 8 132 0
      vertex 6.9558 131.932 0
    endloop
  endfacet
  facet normal -0.195096 -0.980784 0
    outer loop
      vertex 5.92944 0.272598 0
      vertex 6.9558 0.0684357 15.5
      vertex 5.92944 0.272598 15.5
    endloop
  endfacet
  facet normal -0.195096 -0.980784 -0
    outer loop
      vertex 6.9558 0.0684357 15.5
      vertex 5.92944 0.272598 0
      vertex 6.9558 0.0684357 0
    endloop
  endfacet
  facet normal -0.659341 -0.751844 0
    outer loop
      vertex 2.34314 2.34314 0
      vertex 3.12991 1.65317 15.5
      vertex 2.34314 2.34314 15.5
    endloop
  endfacet
  facet normal -0.659341 -0.751844 -0
    outer loop
      vertex 3.12991 1.65317 15.5
      vertex 2.34314 2.34314 0
      vertex 3.12991 1.65317 0
    endloop
  endfacet
  facet normal -0.555573 -0.831468 0
    outer loop
      vertex 3.12991 1.65317 0
      vertex 4 1.07179 15.5
      vertex 3.12991 1.65317 15.5
    endloop
  endfacet
  facet normal -0.555573 -0.831468 -0
    outer loop
      vertex 4 1.07179 15.5
      vertex 3.12991 1.65317 0
      vertex 4 1.07179 0
    endloop
  endfacet
  facet normal -0.442281 -0.896876 0
    outer loop
      vertex 4 1.07179 0
      vertex 4.93854 0.608963 15.5
      vertex 4 1.07179 15.5
    endloop
  endfacet
  facet normal -0.442281 -0.896876 -0
    outer loop
      vertex 4.93854 0.608963 15.5
      vertex 4 1.07179 0
      vertex 4.93854 0.608963 0
    endloop
  endfacet
  facet normal 0 1 -0
    outer loop
      vertex 100 132 0
      vertex 8 132 15.5
      vertex 100 132 15.5
    endloop
  endfacet
  facet normal 0 1 0
    outer loop
      vertex 8 132 15.5
      vertex 100 132 0
      vertex 8 132 0
    endloop
  endfacet
  facet normal -0.831441 0.555613 0
    outer loop
      vertex 1.07179 128 0
      vertex 1.65317 128.87 15.5
      vertex 1.65317 128.87 0
    endloop
  endfacet
  facet normal -0.831441 0.555613 0
    outer loop
      vertex 1.65317 128.87 15.5
      vertex 1.07179 128 0
      vertex 1.07179 128 15.5
    endloop
  endfacet
  facet normal 0.980654 0.195749 0
    outer loop
      vertex 107.932 125.044 15.5
      vertex 107.727 126.071 0
      vertex 107.727 126.071 15.5
    endloop
  endfacet
  facet normal 0.980654 0.195749 0
    outer loop
      vertex 107.727 126.071 0
      vertex 107.932 125.044 15.5
      vertex 107.932 125.044 0
    endloop
  endfacet
  facet normal -0.321126 0.947036 0
    outer loop
      vertex 5.92944 131.727 0
      vertex 4.93854 131.391 15.5
      vertex 5.92944 131.727 15.5
    endloop
  endfacet
  facet normal -0.321126 0.947036 0
    outer loop
      vertex 4.93854 131.391 15.5
      vertex 5.92944 131.727 0
      vertex 4.93854 131.391 0
    endloop
  endfacet
  facet normal -1 0 0
    outer loop
      vertex 0 124 0
      vertex 0 90 6.2
      vertex 0 124 15.5
    endloop
  endfacet
  facet normal -1 0 0
    outer loop
      vertex 0 124 0
      vertex 0 65 6.2
      vertex 0 90 6.2
    endloop
  endfacet
  facet normal -1 0 0
    outer loop
      vertex 0 8 15.5
      vertex 0 65 6.2
      vertex 0 8 0
    endloop
  endfacet
  facet normal -1 0 0
    outer loop
      vertex 0 8 0
      vertex 0 65 6.2
      vertex 0 124 0
    endloop
  endfacet
  facet normal -1 0 0
    outer loop
      vertex 0 90 14.2
      vertex 0 124 15.5
      vertex 0 90 6.2
    endloop
  endfacet
  facet normal -1 0 0
    outer loop
      vertex 0 65 14.2
      vertex 0 124 15.5
      vertex 0 90 14.2
    endloop
  endfacet
  facet normal -1 0 0
    outer loop
      vertex 0 65 14.2
      vertex 0 8 15.5
      vertex 0 124 15.5
    endloop
  endfacet
  facet normal -1 0 0
    outer loop
      vertex 0 65 6.2
      vertex 0 8 15.5
      vertex 0 65 14.2
    endloop
  endfacet
  facet normal 0.321388 0.946948 -0
    outer loop
      vertex 103.061 131.391 0
      vertex 102.071 131.727 15.5
      vertex 103.061 131.391 15.5
    endloop
  endfacet
  facet normal 0.321388 0.946948 0
    outer loop
      vertex 102.071 131.727 15.5
      vertex 103.061 131.391 0
      vertex 102.071 131.727 0
    endloop
  endfacet
  facet normal 0.896897 0.44224 0
    outer loop
      vertex 107.391 127.061 15.5
      vertex 106.928 128 0
      vertex 106.928 128 15.5
    endloop
  endfacet
  facet normal 0.896897 0.44224 0
    outer loop
      vertex 106.928 128 0
      vertex 107.391 127.061 15.5
      vertex 107.391 127.061 0
    endloop
  endfacet
  facet normal -0.751844 -0.659341 0
    outer loop
      vertex 2.34314 2.34314 0
      vertex 1.65317 3.12991 15.5
      vertex 1.65317 3.12991 0
    endloop
  endfacet
  facet normal -0.751844 -0.659341 0
    outer loop
      vertex 1.65317 3.12991 15.5
      vertex 2.34314 2.34314 0
      vertex 2.34314 2.34314 15.5
    endloop
  endfacet
  facet normal -0.555322 0.831635 0
    outer loop
      vertex 4 130.928 0
      vertex 3.12991 130.347 15.5
      vertex 4 130.928 15.5
    endloop
  endfacet
  facet normal -0.555322 0.831635 0
    outer loop
      vertex 3.12991 130.347 15.5
      vertex 4 130.928 0
      vertex 3.12991 130.347 0
    endloop
  endfacet
  facet normal 0.947036 -0.321126 0
    outer loop
      vertex 107.391 4.93854 15.5
      vertex 107.727 5.92944 0
      vertex 107.727 5.92944 15.5
    endloop
  endfacet
  facet normal 0.947036 -0.321126 0
    outer loop
      vertex 107.727 5.92944 0
      vertex 107.391 4.93854 15.5
      vertex 107.391 4.93854 0
    endloop
  endfacet
  facet normal -0.980784 -0.195096 0
    outer loop
      vertex 0.272598 5.92944 0
      vertex 0.0684357 6.9558 15.5
      vertex 0.0684357 6.9558 0
    endloop
  endfacet
  facet normal -0.980784 -0.195096 0
    outer loop
      vertex 0.0684357 6.9558 15.5
      vertex 0.272598 5.92944 0
      vertex 0.272598 5.92944 15.5
    endloop
  endfacet
  facet normal -0.0653986 -0.997859 0
    outer loop
      vertex 6.9558 0.0684357 0
      vertex 8 0 15.5
      vertex 6.9558 0.0684357 15.5
    endloop
  endfacet
  facet normal -0.0653986 -0.997859 -0
    outer loop
      vertex 8 0 15.5
      vertex 6.9558 0.0684357 0
      vertex 8 0 0
    endloop
  endfacet
  facet normal 0.751925 0.659248 0
    outer loop
      vertex 106.347 128.87 15.5
      vertex 105.657 129.657 0
      vertex 105.657 129.657 15.5
    endloop
  endfacet
  facet normal 0.751925 0.659248 0
    outer loop
      vertex 105.657 129.657 0
      vertex 106.347 128.87 15.5
      vertex 106.347 128.87 0
    endloop
  endfacet
  facet normal -0.980807 0.194979 0
    outer loop
      vertex 0.0684357 125.044 0
      vertex 0.272598 126.071 15.5
      vertex 0.272598 126.071 0
    endloop
  endfacet
  facet normal -0.980807 0.194979 0
    outer loop
      vertex 0.272598 126.071 15.5
      vertex 0.0684357 125.044 0
      vertex 0.0684357 125.044 15.5
    endloop
  endfacet
  facet normal -0.321439 -0.94693 0
    outer loop
      vertex 4.93854 0.608963 0
      vertex 5.92944 0.272598 15.5
      vertex 4.93854 0.608963 15.5
    endloop
  endfacet
  facet normal -0.321439 -0.94693 -0
    outer loop
      vertex 5.92944 0.272598 15.5
      vertex 4.93854 0.608963 0
      vertex 5.92944 0.272598 0
    endloop
  endfacet
  facet normal -0.195866 0.980631 0
    outer loop
      vertex 6.9558 131.932 0
      vertex 5.92944 131.727 15.5
      vertex 6.9558 131.932 15.5
    endloop
  endfacet
  facet normal -0.195866 0.980631 0
    outer loop
      vertex 5.92944 131.727 15.5
      vertex 6.9558 131.932 0
      vertex 5.92944 131.727 0
    endloop
  endfacet
  facet normal 0.442107 -0.896962 0
    outer loop
      vertex 103.061 0.608963 0
      vertex 104 1.07179 15.5
      vertex 103.061 0.608963 15.5
    endloop
  endfacet
  facet normal 0.442107 -0.896962 0
    outer loop
      vertex 104 1.07179 15.5
      vertex 103.061 0.608963 0
      vertex 104 1.07179 0
    endloop
  endfacet
  facet normal -0.442414 0.896811 0
    outer loop
      vertex 4.93854 131.391 0
      vertex 4 130.928 15.5
      vertex 4.93854 131.391 15.5
    endloop
  endfacet
  facet normal -0.442414 0.896811 0
    outer loop
      vertex 4 130.928 15.5
      vertex 4.93854 131.391 0
      vertex 4 130.928 0
    endloop
  endfacet
  facet normal -0.896962 0.442107 0
    outer loop
      vertex 0.608963 127.061 0
      vertex 1.07179 128 15.5
      vertex 1.07179 128 0
    endloop
  endfacet
  facet normal -0.896962 0.442107 0
    outer loop
      vertex 1.07179 128 15.5
      vertex 0.608963 127.061 0
      vertex 0.608963 127.061 15.5
    endloop
  endfacet
  facet normal 0.946948 0.321388 0
    outer loop
      vertex 107.727 126.071 15.5
      vertex 107.391 127.061 0
      vertex 107.391 127.061 15.5
    endloop
  endfacet
  facet normal 0.946948 0.321388 0
    outer loop
      vertex 107.391 127.061 0
      vertex 107.727 126.071 15.5
      vertex 107.727 126.071 0
    endloop
  endfacet
  facet normal 0.659232 -0.751939 0
    outer loop
      vertex 104.87 1.65317 0
      vertex 105.657 2.34314 15.5
      vertex 104.87 1.65317 15.5
    endloop
  endfacet
  facet normal 0.659232 -0.751939 0
    outer loop
      vertex 105.657 2.34314 15.5
      vertex 104.87 1.65317 0
      vertex 105.657 2.34314 0
    endloop
  endfacet
  facet normal -0.751939 0.659232 0
    outer loop
      vertex 1.65317 128.87 0
      vertex 2.34314 129.657 15.5
      vertex 2.34314 129.657 0
    endloop
  endfacet
  facet normal -0.751939 0.659232 0
    outer loop
      vertex 2.34314 129.657 15.5
      vertex 1.65317 128.87 0
      vertex 1.65317 128.87 15.5
    endloop
  endfacet
  facet normal 0.896811 -0.442414 0
    outer loop
      vertex 106.928 4 15.5
      vertex 107.391 4.93854 0
      vertex 107.391 4.93854 15.5
    endloop
  endfacet
  facet normal 0.896811 -0.442414 0
    outer loop
      vertex 107.391 4.93854 0
      vertex 106.928 4 15.5
      vertex 106.928 4 0
    endloop
  endfacet
  facet normal 1 0 0
    outer loop
      vertex 108 81 5.5
      vertex 108 124 15.5
      vertex 108 81 11.5
    endloop
  endfacet
  facet normal 1 0 0
    outer loop
      vertex 108 124 15.5
      vertex 108 71 11.5
      vertex 108 81 11.5
    endloop
  endfacet
  facet normal 1 0 0
    outer loop
      vertex 108 71 11.5
      vertex 108 8 15.5
      vertex 108 71 5.5
    endloop
  endfacet
  facet normal 1 -0 0
    outer loop
      vertex 108 8 15.5
      vertex 108 71 11.5
      vertex 108 124 15.5
    endloop
  endfacet
  facet normal 1 0 0
    outer loop
      vertex 108 124 15.5
      vertex 108 81 5.5
      vertex 108 124 0
    endloop
  endfacet
  facet normal 1 -0 0
    outer loop
      vertex 108 71 5.5
      vertex 108 124 0
      vertex 108 81 5.5
    endloop
  endfacet
  facet normal 1 0 0
    outer loop
      vertex 108 71 5.5
      vertex 108 8 0
      vertex 108 124 0
    endloop
  endfacet
  facet normal 1 0 0
    outer loop
      vertex 108 8 0
      vertex 108 71 5.5
      vertex 108 8 15.5
    endloop
  endfacet
  facet normal 0.555362 0.831609 -0
    outer loop
      vertex 104.87 130.347 0
      vertex 104 130.928 15.5
      vertex 104.87 130.347 15.5
    endloop
  endfacet
  facet normal 0.555362 0.831609 0
    outer loop
      vertex 104 130.928 15.5
      vertex 104.87 130.347 0
      vertex 104 130.928 0
    endloop
  endfacet
  facet normal 0.44224 0.896897 -0
    outer loop
      vertex 104 130.928 0
      vertex 103.061 131.391 15.5
      vertex 104 130.928 15.5
    endloop
  endfacet
  facet normal 0.44224 0.896897 0
    outer loop
      vertex 103.061 131.391 15.5
      vertex 104 130.928 0
      vertex 103.061 131.391 0
    endloop
  endfacet
  facet normal 0.194979 -0.980807 0
    outer loop
      vertex 101.044 0.0684357 0
      vertex 102.071 0.272598 15.5
      vertex 101.044 0.0684357 15.5
    endloop
  endfacet
  facet normal 0.194979 -0.980807 0
    outer loop
      vertex 102.071 0.272598 15.5
      vertex 101.044 0.0684357 0
      vertex 102.071 0.272598 0
    endloop
  endfacet
  facet normal 0.659248 0.751925 -0
    outer loop
      vertex 105.657 129.657 0
      vertex 104.87 130.347 15.5
      vertex 105.657 129.657 15.5
    endloop
  endfacet
  facet normal 0.659248 0.751925 0
    outer loop
      vertex 104.87 130.347 15.5
      vertex 105.657 129.657 0
      vertex 104.87 130.347 0
    endloop
  endfacet
  facet normal 0.831609 0.555362 0
    outer loop
      vertex 106.928 128 15.5
      vertex 106.347 128.87 0
      vertex 106.347 128.87 15.5
    endloop
  endfacet
  facet normal 0.831609 0.555362 0
    outer loop
      vertex 106.347 128.87 0
      vertex 106.928 128 15.5
      vertex 106.928 128 0
    endloop
  endfacet
  facet normal 0.555613 -0.831441 0
    outer loop
      vertex 104 1.07179 0
      vertex 104.87 1.65317 15.5
      vertex 104 1.07179 15.5
    endloop
  endfacet
  facet normal 0.555613 -0.831441 0
    outer loop
      vertex 104.87 1.65317 15.5
      vertex 104 1.07179 0
      vertex 104.87 1.65317 0
    endloop
  endfacet
  facet normal -0.896876 -0.442281 0
    outer loop
      vertex 1.07179 4 0
      vertex 0.608963 4.93854 15.5
      vertex 0.608963 4.93854 0
    endloop
  endfacet
  facet normal -0.896876 -0.442281 0
    outer loop
      vertex 0.608963 4.93854 15.5
      vertex 1.07179 4 0
      vertex 1.07179 4 15.5
    endloop
  endfacet
  facet normal -0.997858 0.0654111 0
    outer loop
      vertex 0 124 0
      vertex 0.0684357 125.044 15.5
      vertex 0.0684357 125.044 0
    endloop
  endfacet
  facet normal -0.997858 0.0654111 0
    outer loop
      vertex 0.0684357 125.044 15.5
      vertex 0 124 0
      vertex 0 124 15.5
    endloop
  endfacet
  facet normal -0.831468 -0.555573 0
    outer loop
      vertex 1.65317 3.12991 0
      vertex 1.07179 4 15.5
      vertex 1.07179 4 0
    endloop
  endfacet
  facet normal -0.831468 -0.555573 0
    outer loop
      vertex 1.07179 4 15.5
      vertex 1.65317 3.12991 0
      vertex 1.65317 3.12991 15.5
    endloop
  endfacet
  facet normal -0.946841 0.321701 0
    outer loop
      vertex 0.272598 126.071 0
      vertex 0.608963 127.061 15.5
      vertex 0.608963 127.061 0
    endloop
  endfacet
  facet normal -0.946841 0.321701 0
    outer loop
      vertex 0.608963 127.061 15.5
      vertex 0.272598 126.071 0
      vertex 0.272598 126.071 15.5
    endloop
  endfacet
  facet normal 0.980631 -0.195866 0
    outer loop
      vertex 107.727 5.92944 15.5
      vertex 107.932 6.9558 0
      vertex 107.932 6.9558 15.5
    endloop
  endfacet
  facet normal 0.980631 -0.195866 0
    outer loop
      vertex 107.932 6.9558 0
      vertex 107.727 5.92944 15.5
      vertex 107.727 5.92944 0
    endloop
  endfacet
  facet normal 0 0 1
    outer loop
      vertex 105.6 124 15.5
      vertex 108 124 15.5
      vertex 107.932 125.044 15.5
    endloop
  endfacet
  facet normal 0 0 1
    outer loop
      vertex 108 124 15.5
      vertex 105.6 124 15.5
      vertex 108 8 15.5
    endloop
  endfacet
  facet normal 0 0 1
    outer loop
      vertex 105.552 124.731 15.5
      vertex 107.932 125.044 15.5
      vertex 107.727 126.071 15.5
    endloop
  endfacet
  facet normal 0 0 1
    outer loop
      vertex 105.6 8 15.5
      vertex 108 8 15.5
      vertex 105.6 124 15.5
    endloop
  endfacet
  facet normal 0 0 1
    outer loop
      vertex 105.409 125.449 15.5
      vertex 107.727 126.071 15.5
      vertex 107.391 127.061 15.5
    endloop
  endfacet
  facet normal 0 0 1
    outer loop
      vertex 108 8 15.5
      vertex 105.6 8 15.5
      vertex 107.932 6.9558 15.5
    endloop
  endfacet
  facet normal 0 0 1
    outer loop
      vertex 105.174 126.143 15.5
      vertex 107.391 127.061 15.5
      vertex 106.928 128 15.5
    endloop
  endfacet
  facet normal -0 0 1
    outer loop
      vertex 105.552 7.26906 15.5
      vertex 107.932 6.9558 15.5
      vertex 105.6 8 15.5
    endloop
  endfacet
  facet normal 0 0 1
    outer loop
      vertex 104.85 126.8 15.5
      vertex 106.928 128 15.5
      vertex 106.347 128.87 15.5
    endloop
  endfacet
  facet normal 0 0 1
    outer loop
      vertex 107.932 6.9558 15.5
      vertex 105.552 7.26906 15.5
      vertex 107.727 5.92944 15.5
    endloop
  endfacet
  facet normal 0 0 1
    outer loop
      vertex 104.443 127.409 15.5
      vertex 106.347 128.87 15.5
      vertex 105.657 129.657 15.5
    endloop
  endfacet
  facet normal -0 0 1
    outer loop
      vertex 105.409 6.55061 15.5
      vertex 107.727 5.92944 15.5
      vertex 105.552 7.26906 15.5
    endloop
  endfacet
  facet normal 0 0 1
    outer loop
      vertex 107.727 5.92944 15.5
      vertex 105.409 6.55061 15.5
      vertex 107.391 4.93854 15.5
    endloop
  endfacet
  facet normal 0 0 1
    outer loop
      vertex 107.932 125.044 15.5
      vertex 105.552 124.731 15.5
      vertex 105.6 124 15.5
    endloop
  endfacet
  facet normal 0 0 1
    outer loop
      vertex 107.727 126.071 15.5
      vertex 105.409 125.449 15.5
      vertex 105.552 124.731 15.5
    endloop
  endfacet
  facet normal 0 0 1
    outer loop
      vertex 107.391 127.061 15.5
      vertex 105.174 126.143 15.5
      vertex 105.409 125.449 15.5
    endloop
  endfacet
  facet normal 0 0 1
    outer loop
      vertex 103.96 127.96 15.5
      vertex 105.657 129.657 15.5
      vertex 104.87 130.347 15.5
    endloop
  endfacet
  facet normal 0 0 1
    outer loop
      vertex 106.928 128 15.5
      vertex 104.85 126.8 15.5
      vertex 105.174 126.143 15.5
    endloop
  endfacet
  facet normal 0 0 1
    outer loop
      vertex 106.347 128.87 15.5
      vertex 104.443 127.409 15.5
      vertex 104.85 126.8 15.5
    endloop
  endfacet
  facet normal 0 0 1
    outer loop
      vertex 103.409 128.443 15.5
      vertex 104.87 130.347 15.5
      vertex 104 130.928 15.5
    endloop
  endfacet
  facet normal 0 0 1
    outer loop
      vertex 105.657 129.657 15.5
      vertex 103.96 127.96 15.5
      vertex 104.443 127.409 15.5
    endloop
  endfacet
  facet normal 0 0 1
    outer loop
      vertex 104.87 130.347 15.5
      vertex 103.409 128.443 15.5
      vertex 103.96 127.96 15.5
    endloop
  endfacet
  facet normal 0 0 1
    outer loop
      vertex 102.8 128.85 15.5
      vertex 104 130.928 15.5
      vertex 103.061 131.391 15.5
    endloop
  endfacet
  facet normal 0 0 1
    outer loop
      vertex 104 130.928 15.5
      vertex 102.8 128.85 15.5
      vertex 103.409 128.443 15.5
    endloop
  endfacet
  facet normal 0 0 1
    outer loop
      vertex 103.061 131.391 15.5
      vertex 102.143 129.174 15.5
      vertex 102.8 128.85 15.5
    endloop
  endfacet
  facet normal 0 0 1
    outer loop
      vertex 102.071 131.727 15.5
      vertex 102.143 129.174 15.5
      vertex 103.061 131.391 15.5
    endloop
  endfacet
  facet normal 0 0 1
    outer loop
      vertex 102.071 131.727 15.5
      vertex 101.449 129.409 15.5
      vertex 102.143 129.174 15.5
    endloop
  endfacet
  facet normal 0 0 1
    outer loop
      vertex 101.044 131.932 15.5
      vertex 101.449 129.409 15.5
      vertex 102.071 131.727 15.5
    endloop
  endfacet
  facet normal 0 0 1
    outer loop
      vertex 101.044 131.932 15.5
      vertex 100.731 129.552 15.5
      vertex 101.449 129.409 15.5
    endloop
  endfacet
  facet normal 0 0 1
    outer loop
      vertex 100 132 15.5
      vertex 100.731 129.552 15.5
      vertex 101.044 131.932 15.5
    endloop
  endfacet
  facet normal 0 0 1
    outer loop
      vertex 100 132 15.5
      vertex 100 129.6 15.5
      vertex 100.731 129.552 15.5
    endloop
  endfacet
  facet normal -0 0 1
    outer loop
      vertex 8 132 15.5
      vertex 100 129.6 15.5
      vertex 100 132 15.5
    endloop
  endfacet
  facet normal 0 0 1
    outer loop
      vertex 8 132 15.5
      vertex 8 129.6 15.5
      vertex 100 129.6 15.5
    endloop
  endfacet
  facet normal 0 0 1
    outer loop
      vertex 8 132 15.5
      vertex 7.26906 129.552 15.5
      vertex 8 129.6 15.5
    endloop
  endfacet
  facet normal -0 0 1
    outer loop
      vertex 6.9558 131.932 15.5
      vertex 7.26906 129.552 15.5
      vertex 8 132 15.5
    endloop
  endfacet
  facet normal 0 0 1
    outer loop
      vertex 6.9558 131.932 15.5
      vertex 6.55061 129.409 15.5
      vertex 7.26906 129.552 15.5
    endloop
  endfacet
  facet normal -0 0 1
    outer loop
      vertex 5.92944 131.727 15.5
      vertex 6.55061 129.409 15.5
      vertex 6.9558 131.932 15.5
    endloop
  endfacet
  facet normal 0 0 1
    outer loop
      vertex 5.92944 131.727 15.5
      vertex 5.85698 129.174 15.5
      vertex 6.55061 129.409 15.5
    endloop
  endfacet
  facet normal -0 0 1
    outer loop
      vertex 4.93854 131.391 15.5
      vertex 5.85698 129.174 15.5
      vertex 5.92944 131.727 15.5
    endloop
  endfacet
  facet normal 0 0 1
    outer loop
      vertex 5.85698 129.174 15.5
      vertex 4.93854 131.391 15.5
      vertex 5.2 128.85 15.5
    endloop
  endfacet
  facet normal -0 0 1
    outer loop
      vertex 4 130.928 15.5
      vertex 5.2 128.85 15.5
      vertex 4.93854 131.391 15.5
    endloop
  endfacet
  facet normal 0 0 1
    outer loop
      vertex 5.2 128.85 15.5
      vertex 4 130.928 15.5
      vertex 4.59094 128.443 15.5
    endloop
  endfacet
  facet normal -0 0 1
    outer loop
      vertex 3.12991 130.347 15.5
      vertex 4.59094 128.443 15.5
      vertex 4 130.928 15.5
    endloop
  endfacet
  facet normal 0 0 1
    outer loop
      vertex 4.59094 128.443 15.5
      vertex 3.12991 130.347 15.5
      vertex 4.04021 127.96 15.5
    endloop
  endfacet
  facet normal -0 0 1
    outer loop
      vertex 2.34314 129.657 15.5
      vertex 4.04021 127.96 15.5
      vertex 3.12991 130.347 15.5
    endloop
  endfacet
  facet normal 0 0 1
    outer loop
      vertex 4.04021 127.96 15.5
      vertex 2.34314 129.657 15.5
      vertex 3.55722 127.409 15.5
    endloop
  endfacet
  facet normal -0 0 1
    outer loop
      vertex 1.65317 128.87 15.5
      vertex 3.55722 127.409 15.5
      vertex 2.34314 129.657 15.5
    endloop
  endfacet
  facet normal 0 0 1
    outer loop
      vertex 3.55722 127.409 15.5
      vertex 1.65317 128.87 15.5
      vertex 3.15025 126.8 15.5
    endloop
  endfacet
  facet normal -0 0 1
    outer loop
      vertex 1.07179 128 15.5
      vertex 3.15025 126.8 15.5
      vertex 1.65317 128.87 15.5
    endloop
  endfacet
  facet normal 0 0 1
    outer loop
      vertex 2.82628 126.143 15.5
      vertex 0.608963 127.061 15.5
      vertex 2.59082 125.449 15.5
    endloop
  endfacet
  facet normal -0 0 1
    outer loop
      vertex 0.608963 127.061 15.5
      vertex 2.82628 126.143 15.5
      vertex 1.07179 128 15.5
    endloop
  endfacet
  facet normal 0 0 1
    outer loop
      vertex 3.15025 126.8 15.5
      vertex 1.07179 128 15.5
      vertex 2.82628 126.143 15.5
    endloop
  endfacet
  facet normal -0 0 1
    outer loop
      vertex 105.174 5.85698 15.5
      vertex 107.391 4.93854 15.5
      vertex 105.409 6.55061 15.5
    endloop
  endfacet
  facet normal 0 0 1
    outer loop
      vertex 107.391 4.93854 15.5
      vertex 105.174 5.85698 15.5
      vertex 106.928 4 15.5
    endloop
  endfacet
  facet normal -0 0 1
    outer loop
      vertex 104.85 5.2 15.5
      vertex 106.928 4 15.5
      vertex 105.174 5.85698 15.5
    endloop
  endfacet
  facet normal 0 0 1
    outer loop
      vertex 106.928 4 15.5
      vertex 104.85 5.2 15.5
      vertex 106.347 3.12991 15.5
    endloop
  endfacet
  facet normal -0 0 1
    outer loop
      vertex 104.443 4.59094 15.5
      vertex 106.347 3.12991 15.5
      vertex 104.85 5.2 15.5
    endloop
  endfacet
  facet normal 0 0 1
    outer loop
      vertex 106.347 3.12991 15.5
      vertex 104.443 4.59094 15.5
      vertex 105.657 2.34314 15.5
    endloop
  endfacet
  facet normal -0 0 1
    outer loop
      vertex 103.96 4.04021 15.5
      vertex 105.657 2.34314 15.5
      vertex 104.443 4.59094 15.5
    endloop
  endfacet
  facet normal 0 0 1
    outer loop
      vertex 105.657 2.34314 15.5
      vertex 103.96 4.04021 15.5
      vertex 104.87 1.65317 15.5
    endloop
  endfacet
  facet normal -0 0 1
    outer loop
      vertex 103.409 3.55722 15.5
      vertex 104.87 1.65317 15.5
      vertex 103.96 4.04021 15.5
    endloop
  endfacet
  facet normal 0 0 1
    outer loop
      vertex 104.87 1.65317 15.5
      vertex 103.409 3.55722 15.5
      vertex 104 1.07179 15.5
    endloop
  endfacet
  facet normal -0 0 1
    outer loop
      vertex 102.8 3.15025 15.5
      vertex 104 1.07179 15.5
      vertex 103.409 3.55722 15.5
    endloop
  endfacet
  facet normal 0 0 1
    outer loop
      vertex 104 1.07179 15.5
      vertex 102.8 3.15025 15.5
      vertex 103.061 0.608963 15.5
    endloop
  endfacet
  facet normal -0 0 1
    outer loop
      vertex 102.143 2.82628 15.5
      vertex 103.061 0.608963 15.5
      vertex 102.8 3.15025 15.5
    endloop
  endfacet
  facet normal 0 0 1
    outer loop
      vertex 102.143 2.82628 15.5
      vertex 102.071 0.272598 15.5
      vertex 103.061 0.608963 15.5
    endloop
  endfacet
  facet normal -0 0 1
    outer loop
      vertex 101.449 2.59082 15.5
      vertex 102.071 0.272598 15.5
      vertex 102.143 2.82628 15.5
    endloop
  endfacet
  facet normal 0 0 1
    outer loop
      vertex 101.449 2.59082 15.5
      vertex 101.044 0.0684357 15.5
      vertex 102.071 0.272598 15.5
    endloop
  endfacet
  facet normal -0 0 1
    outer loop
      vertex 100.731 2.44791 15.5
      vertex 101.044 0.0684357 15.5
      vertex 101.449 2.59082 15.5
    endloop
  endfacet
  facet normal -0 0 1
    outer loop
      vertex 100 2.39999 15.5
      vertex 101.044 0.0684357 15.5
      vertex 100.731 2.44791 15.5
    endloop
  endfacet
  facet normal 0 0 1
    outer loop
      vertex 100 2.39999 15.5
      vertex 100 0 15.5
      vertex 101.044 0.0684357 15.5
    endloop
  endfacet
  facet normal -0 0 1
    outer loop
      vertex 8 2.39999 15.5
      vertex 100 0 15.5
      vertex 100 2.39999 15.5
    endloop
  endfacet
  facet normal 0 0 1
    outer loop
      vertex 8 2.39999 15.5
      vertex 8 0 15.5
      vertex 100 0 15.5
    endloop
  endfacet
  facet normal 0 0 1
    outer loop
      vertex 7.26906 2.44791 15.5
      vertex 8 0 15.5
      vertex 8 2.39999 15.5
    endloop
  endfacet
  facet normal 0 0 1
    outer loop
      vertex 7.26906 2.44791 15.5
      vertex 6.9558 0.0684357 15.5
      vertex 8 0 15.5
    endloop
  endfacet
  facet normal 0 0 1
    outer loop
      vertex 6.55061 2.59082 15.5
      vertex 6.9558 0.0684357 15.5
      vertex 7.26906 2.44791 15.5
    endloop
  endfacet
  facet normal 0 0 1
    outer loop
      vertex 6.55061 2.59082 15.5
      vertex 5.92944 0.272598 15.5
      vertex 6.9558 0.0684357 15.5
    endloop
  endfacet
  facet normal 0 0 1
    outer loop
      vertex 5.85698 2.82628 15.5
      vertex 5.92944 0.272598 15.5
      vertex 6.55061 2.59082 15.5
    endloop
  endfacet
  facet normal 0 0 1
    outer loop
      vertex 4.93854 0.608963 15.5
      vertex 5.85698 2.82628 15.5
      vertex 5.2 3.15025 15.5
    endloop
  endfacet
  facet normal 0 0 1
    outer loop
      vertex 5.85698 2.82628 15.5
      vertex 4.93854 0.608963 15.5
      vertex 5.92944 0.272598 15.5
    endloop
  endfacet
  facet normal 0 0 1
    outer loop
      vertex 4 1.07179 15.5
      vertex 5.2 3.15025 15.5
      vertex 4.59094 3.55722 15.5
    endloop
  endfacet
  facet normal 0 0 1
    outer loop
      vertex 3.12991 1.65317 15.5
      vertex 4.59094 3.55722 15.5
      vertex 4.04021 4.04021 15.5
    endloop
  endfacet
  facet normal 0 0 1
    outer loop
      vertex 5.2 3.15025 15.5
      vertex 4 1.07179 15.5
      vertex 4.93854 0.608963 15.5
    endloop
  endfacet
  facet normal 0 0 1
    outer loop
      vertex 2.34314 2.34314 15.5
      vertex 4.04021 4.04021 15.5
      vertex 3.55722 4.59094 15.5
    endloop
  endfacet
  facet normal 0 0 1
    outer loop
      vertex 1.65317 3.12991 15.5
      vertex 3.55722 4.59094 15.5
      vertex 3.15025 5.2 15.5
    endloop
  endfacet
  facet normal 0 0 1
    outer loop
      vertex 4.59094 3.55722 15.5
      vertex 3.12991 1.65317 15.5
      vertex 4 1.07179 15.5
    endloop
  endfacet
  facet normal 0 0 1
    outer loop
      vertex 1.07179 4 15.5
      vertex 3.15025 5.2 15.5
      vertex 2.82628 5.85698 15.5
    endloop
  endfacet
  facet normal 0 0 1
    outer loop
      vertex 0.608963 4.93854 15.5
      vertex 2.82628 5.85698 15.5
      vertex 2.59082 6.55061 15.5
    endloop
  endfacet
  facet normal 0 0 1
    outer loop
      vertex 0.272598 5.92944 15.5
      vertex 2.59082 6.55061 15.5
      vertex 2.44791 7.26906 15.5
    endloop
  endfacet
  facet normal 0 0 1
    outer loop
      vertex 4.04021 4.04021 15.5
      vertex 2.34314 2.34314 15.5
      vertex 3.12991 1.65317 15.5
    endloop
  endfacet
  facet normal 0 0 1
    outer loop
      vertex 0.0684357 6.9558 15.5
      vertex 2.44791 7.26906 15.5
      vertex 2.39999 8 15.5
    endloop
  endfacet
  facet normal 0 0 1
    outer loop
      vertex 2.39999 124 15.5
      vertex 0 124 15.5
      vertex 2.39999 8 15.5
    endloop
  endfacet
  facet normal -0 0 1
    outer loop
      vertex 0.272598 126.071 15.5
      vertex 2.59082 125.449 15.5
      vertex 0.608963 127.061 15.5
    endloop
  endfacet
  facet normal 0 0 1
    outer loop
      vertex 0 8 15.5
      vertex 2.39999 8 15.5
      vertex 0 124 15.5
    endloop
  endfacet
  facet normal 0 0 1
    outer loop
      vertex 2.59082 125.449 15.5
      vertex 0.272598 126.071 15.5
      vertex 2.44791 124.731 15.5
    endloop
  endfacet
  facet normal 0 -0 1
    outer loop
      vertex 0.0684357 6.9558 15.5
      vertex 2.39999 8 15.5
      vertex 0 8 15.5
    endloop
  endfacet
  facet normal -0 0 1
    outer loop
      vertex 0.0684357 125.044 15.5
      vertex 2.44791 124.731 15.5
      vertex 0.272598 126.071 15.5
    endloop
  endfacet
  facet normal 0 0 1
    outer loop
      vertex 3.55722 4.59094 15.5
      vertex 1.65317 3.12991 15.5
      vertex 2.34314 2.34314 15.5
    endloop
  endfacet
  facet normal 0 0 1
    outer loop
      vertex 2.44791 124.731 15.5
      vertex 0.0684357 125.044 15.5
      vertex 2.39999 124 15.5
    endloop
  endfacet
  facet normal 0 0 1
    outer loop
      vertex 3.15025 5.2 15.5
      vertex 1.07179 4 15.5
      vertex 1.65317 3.12991 15.5
    endloop
  endfacet
  facet normal 0 0 1
    outer loop
      vertex 2.39999 124 15.5
      vertex 0.0684357 125.044 15.5
      vertex 0 124 15.5
    endloop
  endfacet
  facet normal 0 0 1
    outer loop
      vertex 2.82628 5.85698 15.5
      vertex 0.608963 4.93854 15.5
      vertex 1.07179 4 15.5
    endloop
  endfacet
  facet normal 0 0 1
    outer loop
      vertex 2.59082 6.55061 15.5
      vertex 0.272598 5.92944 15.5
      vertex 0.608963 4.93854 15.5
    endloop
  endfacet
  facet normal 0 0 1
    outer loop
      vertex 2.44791 7.26906 15.5
      vertex 0.0684357 6.9558 15.5
      vertex 0.272598 5.92944 15.5
    endloop
  endfacet
  facet normal 0.997886 -0.064984 0
    outer loop
      vertex 107.932 6.9558 15.5
      vertex 108 8 0
      vertex 108 8 15.5
    endloop
  endfacet
  facet normal 0.997886 -0.064984 0
    outer loop
      vertex 108 8 0
      vertex 107.932 6.9558 15.5
      vertex 107.932 6.9558 0
    endloop
  endfacet
  facet normal 0.75183 -0.659357 0
    outer loop
      vertex 105.657 2.34314 15.5
      vertex 106.347 3.12991 0
      vertex 106.347 3.12991 15.5
    endloop
  endfacet
  facet normal 0.75183 -0.659357 0
    outer loop
      vertex 106.347 3.12991 0
      vertex 105.657 2.34314 15.5
      vertex 105.657 2.34314 0
    endloop
  endfacet
  facet normal -0.659357 0.75183 0
    outer loop
      vertex 3.12991 130.347 0
      vertex 2.34314 129.657 15.5
      vertex 3.12991 130.347 15.5
    endloop
  endfacet
  facet normal -0.659357 0.75183 0
    outer loop
      vertex 2.34314 129.657 15.5
      vertex 3.12991 130.347 0
      vertex 2.34314 129.657 0
    endloop
  endfacet
  facet normal 0.831635 -0.555322 0
    outer loop
      vertex 106.347 3.12991 15.5
      vertex 106.928 4 0
      vertex 106.928 4 15.5
    endloop
  endfacet
  facet normal 0.831635 -0.555322 0
    outer loop
      vertex 106.928 4 0
      vertex 106.347 3.12991 15.5
      vertex 106.347 3.12991 0
    endloop
  endfacet
  facet normal -0.997859 -0.0653986 0
    outer loop
      vertex 0.0684357 6.9558 0
      vertex 0 8 15.5
      vertex 0 8 0
    endloop
  endfacet
  facet normal -0.997859 -0.0653986 0
    outer loop
      vertex 0 8 15.5
      vertex 0.0684357 6.9558 0
      vertex 0.0684357 6.9558 15.5
    endloop
  endfacet
  facet normal 0.0649964 0.997886 -0
    outer loop
      vertex 101.044 131.932 0
      vertex 100 132 15.5
      vertex 101.044 131.932 15.5
    endloop
  endfacet
  facet normal 0.0649964 0.997886 0
    outer loop
      vertex 100 132 15.5
      vertex 101.044 131.932 0
      vertex 100 132 0
    endloop
  endfacet
  facet normal 0.195749 0.980654 -0
    outer loop
      vertex 102.071 131.727 0
      vertex 101.044 131.932 15.5
      vertex 102.071 131.727 15.5
    endloop
  endfacet
  facet normal 0.195749 0.980654 0
    outer loop
      vertex 101.044 131.932 15.5
      vertex 102.071 131.727 0
      vertex 101.044 131.932 0
    endloop
  endfacet
  facet normal 0 0 -1
    outer loop
      vertex 100 0 0
      vertex 108 8 0
      vertex 107.932 6.9558 0
    endloop
  endfacet
  facet normal 0 0 -1
    outer loop
      vertex 108 8 0
      vertex 0 8 0
      vertex 108 124 0
    endloop
  endfacet
  facet normal 0 0 -1
    outer loop
      vertex 100 0 0
      vertex 107.932 6.9558 0
      vertex 107.727 5.92944 0
    endloop
  endfacet
  facet normal -0 0 -1
    outer loop
      vertex 108 8 0
      vertex 100 0 0
      vertex 0 8 0
    endloop
  endfacet
  facet normal 0 0 -1
    outer loop
      vertex 100 0 0
      vertex 107.727 5.92944 0
      vertex 107.391 4.93854 0
    endloop
  endfacet
  facet normal 0 0 -1
    outer loop
      vertex 0 124 0
      vertex 108 124 0
      vertex 0 8 0
    endloop
  endfacet
  facet normal 0 0 -1
    outer loop
      vertex 100 0 0
      vertex 107.391 4.93854 0
      vertex 106.928 4 0
    endloop
  endfacet
  facet normal 0 0 -1
    outer loop
      vertex 107.932 125.044 0
      vertex 100 132 0
      vertex 107.727 126.071 0
    endloop
  endfacet
  facet normal 0 0 -1
    outer loop
      vertex 100 0 0
      vertex 106.928 4 0
      vertex 106.347 3.12991 0
    endloop
  endfacet
  facet normal 0 0 -1
    outer loop
      vertex 107.727 126.071 0
      vertex 100 132 0
      vertex 107.391 127.061 0
    endloop
  endfacet
  facet normal 0 0 -1
    outer loop
      vertex 100 0 0
      vertex 106.347 3.12991 0
      vertex 105.657 2.34314 0
    endloop
  endfacet
  facet normal 0 0 -1
    outer loop
      vertex 107.391 127.061 0
      vertex 100 132 0
      vertex 106.928 128 0
    endloop
  endfacet
  facet normal 0 0 -1
    outer loop
      vertex 100 0 0
      vertex 105.657 2.34314 0
      vertex 104.87 1.65317 0
    endloop
  endfacet
  facet normal 0 0 -1
    outer loop
      vertex 106.928 128 0
      vertex 100 132 0
      vertex 106.347 128.87 0
    endloop
  endfacet
  facet normal 0 0 -1
    outer loop
      vertex 100 0 0
      vertex 104.87 1.65317 0
      vertex 104 1.07179 0
    endloop
  endfacet
  facet normal 0 0 -1
    outer loop
      vertex 106.347 128.87 0
      vertex 100 132 0
      vertex 105.657 129.657 0
    endloop
  endfacet
  facet normal 0 0 -1
    outer loop
      vertex 100 0 0
      vertex 104 1.07179 0
      vertex 103.061 0.608963 0
    endloop
  endfacet
  facet normal 0 0 -1
    outer loop
      vertex 105.657 129.657 0
      vertex 100 132 0
      vertex 104.87 130.347 0
    endloop
  endfacet
  facet normal 0 0 -1
    outer loop
      vertex 100 0 0
      vertex 103.061 0.608963 0
      vertex 102.071 0.272598 0
    endloop
  endfacet
  facet normal 0 0 -1
    outer loop
      vertex 104.87 130.347 0
      vertex 100 132 0
      vertex 104 130.928 0
    endloop
  endfacet
  facet normal 0 0 -1
    outer loop
      vertex 100 0 0
      vertex 102.071 0.272598 0
      vertex 101.044 0.0684357 0
    endloop
  endfacet
  facet normal 0 0 -1
    outer loop
      vertex 104 130.928 0
      vertex 100 132 0
      vertex 103.061 131.391 0
    endloop
  endfacet
  facet normal 0 0 -1
    outer loop
      vertex 103.061 131.391 0
      vertex 100 132 0
      vertex 102.071 131.727 0
    endloop
  endfacet
  facet normal 0 0 -1
    outer loop
      vertex 102.071 131.727 0
      vertex 100 132 0
      vertex 101.044 131.932 0
    endloop
  endfacet
  facet normal 0 0 -1
    outer loop
      vertex 0 8 0
      vertex 100 0 0
      vertex 8 0 0
    endloop
  endfacet
  facet normal 0 -0 -1
    outer loop
      vertex 100 132 0
      vertex 108 124 0
      vertex 0 124 0
    endloop
  endfacet
  facet normal 0 0 -1
    outer loop
      vertex 0 8 0
      vertex 8 0 0
      vertex 6.9558 0.0684357 0
    endloop
  endfacet
  facet normal 0 0 -1
    outer loop
      vertex 108 124 0
      vertex 100 132 0
      vertex 107.932 125.044 0
    endloop
  endfacet
  facet normal 0 0 -1
    outer loop
      vertex 0 8 0
      vertex 6.9558 0.0684357 0
      vertex 5.92944 0.272598 0
    endloop
  endfacet
  facet normal -0 0 -1
    outer loop
      vertex 100 132 0
      vertex 0 124 0
      vertex 8 132 0
    endloop
  endfacet
  facet normal 0 0 -1
    outer loop
      vertex 0 8 0
      vertex 5.92944 0.272598 0
      vertex 4.93854 0.608963 0
    endloop
  endfacet
  facet normal 0 0 -1
    outer loop
      vertex 8 132 0
      vertex 0 124 0
      vertex 6.9558 131.932 0
    endloop
  endfacet
  facet normal 0 0 -1
    outer loop
      vertex 0 8 0
      vertex 4.93854 0.608963 0
      vertex 4 1.07179 0
    endloop
  endfacet
  facet normal 0 0 -1
    outer loop
      vertex 6.9558 131.932 0
      vertex 0 124 0
      vertex 5.92944 131.727 0
    endloop
  endfacet
  facet normal 0 0 -1
    outer loop
      vertex 0 8 0
      vertex 4 1.07179 0
      vertex 3.12991 1.65317 0
    endloop
  endfacet
  facet normal 0 0 -1
    outer loop
      vertex 5.92944 131.727 0
      vertex 0 124 0
      vertex 4.93854 131.391 0
    endloop
  endfacet
  facet normal 0 0 -1
    outer loop
      vertex 0 8 0
      vertex 3.12991 1.65317 0
      vertex 2.34314 2.34314 0
    endloop
  endfacet
  facet normal 0 0 -1
    outer loop
      vertex 4.93854 131.391 0
      vertex 0 124 0
      vertex 4 130.928 0
    endloop
  endfacet
  facet normal 0 0 -1
    outer loop
      vertex 0 8 0
      vertex 2.34314 2.34314 0
      vertex 1.65317 3.12991 0
    endloop
  endfacet
  facet normal 0 0 -1
    outer loop
      vertex 4 130.928 0
      vertex 0 124 0
      vertex 3.12991 130.347 0
    endloop
  endfacet
  facet normal 0 0 -1
    outer loop
      vertex 0 8 0
      vertex 1.65317 3.12991 0
      vertex 1.07179 4 0
    endloop
  endfacet
  facet normal 0 0 -1
    outer loop
      vertex 3.12991 130.347 0
      vertex 0 124 0
      vertex 2.34314 129.657 0
    endloop
  endfacet
  facet normal 0 0 -1
    outer loop
      vertex 0 8 0
      vertex 1.07179 4 0
      vertex 0.608963 4.93854 0
    endloop
  endfacet
  facet normal 0 0 -1
    outer loop
      vertex 2.34314 129.657 0
      vertex 0 124 0
      vertex 1.65317 128.87 0
    endloop
  endfacet
  facet normal 0 0 -1
    outer loop
      vertex 0 8 0
      vertex 0.608963 4.93854 0
      vertex 0.272598 5.92944 0
    endloop
  endfacet
  facet normal 0 0 -1
    outer loop
      vertex 1.65317 128.87 0
      vertex 0 124 0
      vertex 1.07179 128 0
    endloop
  endfacet
  facet normal 0 0 -1
    outer loop
      vertex 0 8 0
      vertex 0.272598 5.92944 0
      vertex 0.0684357 6.9558 0
    endloop
  endfacet
  facet normal 0 0 -1
    outer loop
      vertex 1.07179 128 0
      vertex 0 124 0
      vertex 0.608963 127.061 0
    endloop
  endfacet
  facet normal 0 0 -1
    outer loop
      vertex 0.608963 127.061 0
      vertex 0 124 0
      vertex 0.272598 126.071 0
    endloop
  endfacet
  facet normal 0 0 -1
    outer loop
      vertex 0.272598 126.071 0
      vertex 0 124 0
      vertex 0.0684357 125.044 0
    endloop
  endfacet
  facet normal -0.0654136 0.997858 0
    outer loop
      vertex 100.731 2.44791 2.4
      vertex 100 2.39999 15.5
      vertex 100.731 2.44791 15.5
    endloop
  endfacet
  facet normal -0.0654136 0.997858 0
    outer loop
      vertex 100 2.39999 15.5
      vertex 100.731 2.44791 2.4
      vertex 100 2.39999 2.4
    endloop
  endfacet
  facet normal 0.997858 -0.0654136 0
    outer loop
      vertex 2.39999 124 15.5
      vertex 2.44791 124.731 2.4
      vertex 2.44791 124.731 15.5
    endloop
  endfacet
  facet normal 0.997858 -0.0654136 0
    outer loop
      vertex 2.44791 124.731 2.4
      vertex 2.39999 124 15.5
      vertex 2.39999 124 2.4
    endloop
  endfacet
  facet normal -0.947119 0.320882 0
    outer loop
      vertex 105.174 5.85698 2.4
      vertex 105.409 6.55061 15.5
      vertex 105.409 6.55061 2.4
    endloop
  endfacet
  facet normal -0.947119 0.320882 0
    outer loop
      vertex 105.409 6.55061 15.5
      vertex 105.174 5.85698 2.4
      vertex 105.174 5.85698 15.5
    endloop
  endfacet
  facet normal 0.980785 0.195092 0
    outer loop
      vertex 2.59082 6.55061 15.5
      vertex 2.44791 7.26906 2.4
      vertex 2.44791 7.26906 15.5
    endloop
  endfacet
  facet normal 0.980785 0.195092 0
    outer loop
      vertex 2.44791 7.26906 2.4
      vertex 2.59082 6.55061 15.5
      vertex 2.59082 6.55061 2.4
    endloop
  endfacet
  facet normal 1 0 0
    outer loop
      vertex 2.39999 90 6.2
      vertex 2.39999 124 15.5
      vertex 2.39999 90 14.2
    endloop
  endfacet
  facet normal 1 0 0
    outer loop
      vertex 2.39999 124 15.5
      vertex 2.39999 65 14.2
      vertex 2.39999 90 14.2
    endloop
  endfacet
  facet normal 1 0 0
    outer loop
      vertex 2.39999 65 14.2
      vertex 2.39999 8 15.5
      vertex 2.39999 65 6.2
    endloop
  endfacet
  facet normal 1 -0 0
    outer loop
      vertex 2.39999 8 15.5
      vertex 2.39999 65 14.2
      vertex 2.39999 124 15.5
    endloop
  endfacet
  facet normal 1 0 0
    outer loop
      vertex 2.39999 124 15.5
      vertex 2.39999 90 6.2
      vertex 2.39999 124 2.4
    endloop
  endfacet
  facet normal 1 -0 0
    outer loop
      vertex 2.39999 65 6.2
      vertex 2.39999 124 2.4
      vertex 2.39999 90 6.2
    endloop
  endfacet
  facet normal 1 0 0
    outer loop
      vertex 2.39999 65 6.2
      vertex 2.39999 8 2.4
      vertex 2.39999 124 2.4
    endloop
  endfacet
  facet normal 1 0 0
    outer loop
      vertex 2.39999 8 2.4
      vertex 2.39999 65 6.2
      vertex 2.39999 8 15.5
    endloop
  endfacet
  facet normal 0.44227 0.896882 -0
    outer loop
      vertex 5.85698 2.82628 2.4
      vertex 5.2 3.15025 15.5
      vertex 5.85698 2.82628 15.5
    endloop
  endfacet
  facet normal 0.44227 0.896882 0
    outer loop
      vertex 5.2 3.15025 15.5
      vertex 5.85698 2.82628 2.4
      vertex 5.2 3.15025 2.4
    endloop
  endfacet
  facet normal 0.997858 0.065419 0
    outer loop
      vertex 2.44791 7.26906 15.5
      vertex 2.39999 8 2.4
      vertex 2.39999 8 15.5
    endloop
  endfacet
  facet normal 0.997858 0.065419 0
    outer loop
      vertex 2.39999 8 2.4
      vertex 2.44791 7.26906 15.5
      vertex 2.44791 7.26906 2.4
    endloop
  endfacet
  facet normal -0.195328 -0.980738 0
    outer loop
      vertex 100.731 129.552 2.4
      vertex 101.449 129.409 15.5
      vertex 100.731 129.552 15.5
    endloop
  endfacet
  facet normal -0.195328 -0.980738 -0
    outer loop
      vertex 101.449 129.409 15.5
      vertex 100.731 129.552 2.4
      vertex 101.449 129.409 2.4
    endloop
  endfacet
  facet normal 0.751831 0.659356 0
    outer loop
      vertex 4.04021 4.04021 15.5
      vertex 3.55722 4.59094 2.4
      vertex 3.55722 4.59094 15.5
    endloop
  endfacet
  facet normal 0.751831 0.659356 0
    outer loop
      vertex 3.55722 4.59094 2.4
      vertex 4.04021 4.04021 15.5
      vertex 4.04021 4.04021 2.4
    endloop
  endfacet
  facet normal 0.831464 0.555579 0
    outer loop
      vertex 3.55722 4.59094 15.5
      vertex 3.15025 5.2 2.4
      vertex 3.15025 5.2 15.5
    endloop
  endfacet
  facet normal 0.831464 0.555579 0
    outer loop
      vertex 3.15025 5.2 2.4
      vertex 3.55722 4.59094 15.5
      vertex 3.55722 4.59094 2.4
    endloop
  endfacet
  facet normal 0 1 -0
    outer loop
      vertex 100 2.39999 2.4
      vertex 8 2.39999 15.5
      vertex 100 2.39999 15.5
    endloop
  endfacet
  facet normal 0 1 0
    outer loop
      vertex 8 2.39999 15.5
      vertex 100 2.39999 2.4
      vertex 8 2.39999 2.4
    endloop
  endfacet
  facet normal 0.896887 -0.44226 0
    outer loop
      vertex 2.82628 126.143 15.5
      vertex 3.15025 126.8 2.4
      vertex 3.15025 126.8 15.5
    endloop
  endfacet
  facet normal 0.896887 -0.44226 0
    outer loop
      vertex 3.15025 126.8 2.4
      vertex 2.82628 126.143 15.5
      vertex 2.82628 126.143 2.4
    endloop
  endfacet
  facet normal 0.896882 0.44227 0
    outer loop
      vertex 3.15025 5.2 15.5
      vertex 2.82628 5.85698 2.4
      vertex 2.82628 5.85698 15.5
    endloop
  endfacet
  facet normal 0.896882 0.44227 0
    outer loop
      vertex 2.82628 5.85698 2.4
      vertex 3.15025 5.2 15.5
      vertex 3.15025 5.2 2.4
    endloop
  endfacet
  facet normal 0.946928 0.321445 0
    outer loop
      vertex 2.82628 5.85698 15.5
      vertex 2.59082 6.55061 2.4
      vertex 2.59082 6.55061 15.5
    endloop
  endfacet
  facet normal 0.946928 0.321445 0
    outer loop
      vertex 2.59082 6.55061 2.4
      vertex 2.82628 5.85698 15.5
      vertex 2.82628 5.85698 2.4
    endloop
  endfacet
  facet normal -0.997851 0.0655277 0
    outer loop
      vertex 105.552 7.26906 2.4
      vertex 105.6 8 15.5
      vertex 105.6 8 2.4
    endloop
  endfacet
  facet normal -0.997851 0.0655277 0
    outer loop
      vertex 105.6 8 15.5
      vertex 105.552 7.26906 2.4
      vertex 105.552 7.26906 15.5
    endloop
  endfacet
  facet normal 0 -1 0
    outer loop
      vertex 8 129.6 2.4
      vertex 100 129.6 15.5
      vertex 8 129.6 15.5
    endloop
  endfacet
  facet normal 0 -1 -0
    outer loop
      vertex 100 129.6 15.5
      vertex 8 129.6 2.4
      vertex 100 129.6 2.4
    endloop
  endfacet
  facet normal 0.442303 -0.896866 0
    outer loop
      vertex 5.2 128.85 2.4
      vertex 5.85698 129.174 15.5
      vertex 5.2 128.85 15.5
    endloop
  endfacet
  facet normal 0.442303 -0.896866 0
    outer loop
      vertex 5.85698 129.174 15.5
      vertex 5.2 128.85 2.4
      vertex 5.85698 129.174 2.4
    endloop
  endfacet
  facet normal -0.659181 -0.751985 0
    outer loop
      vertex 103.409 128.443 2.4
      vertex 103.96 127.96 15.5
      vertex 103.409 128.443 15.5
    endloop
  endfacet
  facet normal -0.659181 -0.751985 -0
    outer loop
      vertex 103.96 127.96 15.5
      vertex 103.409 128.443 2.4
      vertex 103.96 127.96 2.4
    endloop
  endfacet
  facet normal 0.555579 0.831464 -0
    outer loop
      vertex 5.2 3.15025 2.4
      vertex 4.59094 3.55722 15.5
      vertex 5.2 3.15025 15.5
    endloop
  endfacet
  facet normal 0.555579 0.831464 0
    outer loop
      vertex 4.59094 3.55722 15.5
      vertex 5.2 3.15025 2.4
      vertex 4.59094 3.55722 2.4
    endloop
  endfacet
  facet normal -0.442292 -0.896871 0
    outer loop
      vertex 102.143 129.174 2.4
      vertex 102.8 128.85 15.5
      vertex 102.143 129.174 15.5
    endloop
  endfacet
  facet normal -0.442292 -0.896871 -0
    outer loop
      vertex 102.8 128.85 15.5
      vertex 102.143 129.174 2.4
      vertex 102.8 128.85 2.4
    endloop
  endfacet
  facet normal 0.0655277 -0.997851 0
    outer loop
      vertex 7.26906 129.552 2.4
      vertex 8 129.6 15.5
      vertex 7.26906 129.552 15.5
    endloop
  endfacet
  facet normal 0.0655277 -0.997851 0
    outer loop
      vertex 8 129.6 15.5
      vertex 7.26906 129.552 2.4
      vertex 8 129.6 2.4
    endloop
  endfacet
  facet normal -0.555617 0.831439 0
    outer loop
      vertex 103.409 3.55722 2.4
      vertex 102.8 3.15025 15.5
      vertex 103.409 3.55722 15.5
    endloop
  endfacet
  facet normal -0.555617 0.831439 0
    outer loop
      vertex 102.8 3.15025 15.5
      vertex 103.409 3.55722 2.4
      vertex 102.8 3.15025 2.4
    endloop
  endfacet
  facet normal 0.659363 -0.751824 0
    outer loop
      vertex 4.04021 127.96 2.4
      vertex 4.59094 128.443 15.5
      vertex 4.04021 127.96 15.5
    endloop
  endfacet
  facet normal 0.659363 -0.751824 0
    outer loop
      vertex 4.59094 128.443 15.5
      vertex 4.04021 127.96 2.4
      vertex 4.59094 128.443 2.4
    endloop
  endfacet
  facet normal -0.555645 -0.83142 0
    outer loop
      vertex 102.8 128.85 2.4
      vertex 103.409 128.443 15.5
      vertex 102.8 128.85 15.5
    endloop
  endfacet
  facet normal -0.555645 -0.83142 -0
    outer loop
      vertex 103.409 128.443 15.5
      vertex 102.8 128.85 2.4
      vertex 103.409 128.443 2.4
    endloop
  endfacet
  facet normal 0.94698 -0.321291 0
    outer loop
      vertex 2.59082 125.449 15.5
      vertex 2.82628 126.143 2.4
      vertex 2.82628 126.143 15.5
    endloop
  endfacet
  facet normal 0.94698 -0.321291 0
    outer loop
      vertex 2.82628 126.143 2.4
      vertex 2.59082 125.449 15.5
      vertex 2.59082 125.449 2.4
    endloop
  endfacet
  facet normal -1 0 0
    outer loop
      vertex 105.6 8 2.4
      vertex 105.6 124 15.5
      vertex 105.6 124 2.4
    endloop
  endfacet
  facet normal -1 -0 0
    outer loop
      vertex 105.6 124 15.5
      vertex 105.6 8 2.4
      vertex 105.6 8 15.5
    endloop
  endfacet
  facet normal 0.831439 -0.555617 0
    outer loop
      vertex 3.15025 126.8 15.5
      vertex 3.55722 127.409 2.4
      vertex 3.55722 127.409 15.5
    endloop
  endfacet
  facet normal 0.831439 -0.555617 0
    outer loop
      vertex 3.55722 127.409 2.4
      vertex 3.15025 126.8 15.5
      vertex 3.15025 126.8 2.4
    endloop
  endfacet
  facet normal -0.997851 -0.0655224 0
    outer loop
      vertex 105.6 124 2.4
      vertex 105.552 124.731 15.5
      vertex 105.552 124.731 2.4
    endloop
  endfacet
  facet normal -0.997851 -0.0655224 0
    outer loop
      vertex 105.552 124.731 15.5
      vertex 105.6 124 2.4
      vertex 105.6 124 15.5
    endloop
  endfacet
  facet normal 0.555607 -0.831445 0
    outer loop
      vertex 4.59094 128.443 2.4
      vertex 5.2 128.85 15.5
      vertex 4.59094 128.443 15.5
    endloop
  endfacet
  facet normal 0.555607 -0.831445 0
    outer loop
      vertex 5.2 128.85 15.5
      vertex 4.59094 128.443 2.4
      vertex 5.2 128.85 2.4
    endloop
  endfacet
  facet normal 0.195092 0.980785 -0
    outer loop
      vertex 7.26906 2.44791 2.4
      vertex 6.55061 2.59082 15.5
      vertex 7.26906 2.44791 15.5
    endloop
  endfacet
  facet normal 0.195092 0.980785 0
    outer loop
      vertex 6.55061 2.59082 15.5
      vertex 7.26906 2.44791 2.4
      vertex 6.55061 2.59082 2.4
    endloop
  endfacet
  facet normal 0.19521 -0.980761 0
    outer loop
      vertex 6.55061 129.409 2.4
      vertex 7.26906 129.552 15.5
      vertex 6.55061 129.409 15.5
    endloop
  endfacet
  facet normal 0.19521 -0.980761 0
    outer loop
      vertex 7.26906 129.552 15.5
      vertex 6.55061 129.409 2.4
      vertex 7.26906 129.552 2.4
    endloop
  endfacet
  facet normal 0.659356 0.751831 -0
    outer loop
      vertex 4.59094 3.55722 2.4
      vertex 4.04021 4.04021 15.5
      vertex 4.59094 3.55722 15.5
    endloop
  endfacet
  facet normal 0.659356 0.751831 0
    outer loop
      vertex 4.04021 4.04021 15.5
      vertex 4.59094 3.55722 2.4
      vertex 4.04021 4.04021 2.4
    endloop
  endfacet
  facet normal 0.751991 -0.659173 0
    outer loop
      vertex 3.55722 127.409 15.5
      vertex 4.04021 127.96 2.4
      vertex 4.04021 127.96 15.5
    endloop
  endfacet
  facet normal 0.751991 -0.659173 0
    outer loop
      vertex 4.04021 127.96 2.4
      vertex 3.55722 127.409 15.5
      vertex 3.55722 127.409 2.4
    endloop
  endfacet
  facet normal -0.980738 -0.195328 0
    outer loop
      vertex 105.552 124.731 2.4
      vertex 105.409 125.449 15.5
      vertex 105.409 125.449 2.4
    endloop
  endfacet
  facet normal -0.980738 -0.195328 0
    outer loop
      vertex 105.409 125.449 15.5
      vertex 105.552 124.731 2.4
      vertex 105.552 124.731 15.5
    endloop
  endfacet
  facet normal 0.980762 -0.19521 0
    outer loop
      vertex 2.44791 124.731 15.5
      vertex 2.59082 125.449 2.4
      vertex 2.59082 125.449 15.5
    endloop
  endfacet
  facet normal 0.980762 -0.19521 0
    outer loop
      vertex 2.59082 125.449 2.4
      vertex 2.44791 124.731 15.5
      vertex 2.44791 124.731 2.4
    endloop
  endfacet
  facet normal 0.321445 0.946928 -0
    outer loop
      vertex 6.55061 2.59082 2.4
      vertex 5.85698 2.82628 15.5
      vertex 6.55061 2.59082 15.5
    endloop
  endfacet
  facet normal 0.321445 0.946928 0
    outer loop
      vertex 5.85698 2.82628 15.5
      vertex 6.55061 2.59082 2.4
      vertex 5.85698 2.82628 2.4
    endloop
  endfacet
  facet normal 0.065419 0.997858 -0
    outer loop
      vertex 8 2.39999 2.4
      vertex 7.26906 2.44791 15.5
      vertex 8 2.39999 15.5
    endloop
  endfacet
  facet normal 0.065419 0.997858 0
    outer loop
      vertex 7.26906 2.44791 15.5
      vertex 8 2.39999 2.4
      vertex 7.26906 2.44791 2.4
    endloop
  endfacet
  facet normal -0.751985 -0.659181 0
    outer loop
      vertex 104.443 127.409 2.4
      vertex 103.96 127.96 15.5
      vertex 103.96 127.96 2.4
    endloop
  endfacet
  facet normal -0.751985 -0.659181 0
    outer loop
      vertex 103.96 127.96 15.5
      vertex 104.443 127.409 2.4
      vertex 104.443 127.409 15.5
    endloop
  endfacet
  facet normal -0.896871 -0.442292 0
    outer loop
      vertex 105.174 126.143 2.4
      vertex 104.85 126.8 15.5
      vertex 104.85 126.8 2.4
    endloop
  endfacet
  facet normal -0.896871 -0.442292 0
    outer loop
      vertex 104.85 126.8 15.5
      vertex 105.174 126.143 2.4
      vertex 105.174 126.143 15.5
    endloop
  endfacet
  facet normal -0.19521 0.980762 0
    outer loop
      vertex 101.449 2.59082 2.4
      vertex 100.731 2.44791 15.5
      vertex 101.449 2.59082 15.5
    endloop
  endfacet
  facet normal -0.19521 0.980762 0
    outer loop
      vertex 100.731 2.44791 15.5
      vertex 101.449 2.59082 2.4
      vertex 100.731 2.44791 2.4
    endloop
  endfacet
  facet normal -0.320728 -0.947171 0
    outer loop
      vertex 101.449 129.409 2.4
      vertex 102.143 129.174 15.5
      vertex 101.449 129.409 15.5
    endloop
  endfacet
  facet normal -0.320728 -0.947171 -0
    outer loop
      vertex 102.143 129.174 15.5
      vertex 101.449 129.409 2.4
      vertex 102.143 129.174 2.4
    endloop
  endfacet
  facet normal 0.320882 -0.947119 0
    outer loop
      vertex 5.85698 129.174 2.4
      vertex 6.55061 129.409 15.5
      vertex 5.85698 129.174 15.5
    endloop
  endfacet
  facet normal 0.320882 -0.947119 0
    outer loop
      vertex 6.55061 129.409 15.5
      vertex 5.85698 129.174 2.4
      vertex 6.55061 129.409 2.4
    endloop
  endfacet
  facet normal -0.947171 -0.320728 0
    outer loop
      vertex 105.409 125.449 2.4
      vertex 105.174 126.143 15.5
      vertex 105.174 126.143 2.4
    endloop
  endfacet
  facet normal -0.947171 -0.320728 0
    outer loop
      vertex 105.174 126.143 15.5
      vertex 105.409 125.449 2.4
      vertex 105.409 125.449 15.5
    endloop
  endfacet
  facet normal -0.0655224 -0.997851 0
    outer loop
      vertex 100 129.6 2.4
      vertex 100.731 129.552 15.5
      vertex 100 129.6 15.5
    endloop
  endfacet
  facet normal -0.0655224 -0.997851 -0
    outer loop
      vertex 100.731 129.552 15.5
      vertex 100 129.6 2.4
      vertex 100.731 129.552 2.4
    endloop
  endfacet
  facet normal -0.751824 0.659363 0
    outer loop
      vertex 103.96 4.04021 2.4
      vertex 104.443 4.59094 15.5
      vertex 104.443 4.59094 2.4
    endloop
  endfacet
  facet normal -0.751824 0.659363 0
    outer loop
      vertex 104.443 4.59094 15.5
      vertex 103.96 4.04021 2.4
      vertex 103.96 4.04021 15.5
    endloop
  endfacet
  facet normal -0.44226 0.896887 0
    outer loop
      vertex 102.8 3.15025 2.4
      vertex 102.143 2.82628 15.5
      vertex 102.8 3.15025 15.5
    endloop
  endfacet
  facet normal -0.44226 0.896887 0
    outer loop
      vertex 102.143 2.82628 15.5
      vertex 102.8 3.15025 2.4
      vertex 102.143 2.82628 2.4
    endloop
  endfacet
  facet normal -0.83142 -0.555645 0
    outer loop
      vertex 104.85 126.8 2.4
      vertex 104.443 127.409 15.5
      vertex 104.443 127.409 2.4
    endloop
  endfacet
  facet normal -0.83142 -0.555645 0
    outer loop
      vertex 104.443 127.409 15.5
      vertex 104.85 126.8 2.4
      vertex 104.85 126.8 15.5
    endloop
  endfacet
  facet normal 0 0 1
    outer loop
      vertex 100 129.6 2.4
      vertex 105.6 124 2.4
      vertex 105.552 124.731 2.4
    endloop
  endfacet
  facet normal 0 0 1
    outer loop
      vertex 105.6 124 2.4
      vertex 2.39999 124 2.4
      vertex 105.6 8 2.4
    endloop
  endfacet
  facet normal 0 0 1
    outer loop
      vertex 100 129.6 2.4
      vertex 105.552 124.731 2.4
      vertex 105.409 125.449 2.4
    endloop
  endfacet
  facet normal 0 0 1
    outer loop
      vertex 105.6 124 2.4
      vertex 100 129.6 2.4
      vertex 2.39999 124 2.4
    endloop
  endfacet
  facet normal 0 0 1
    outer loop
      vertex 100 129.6 2.4
      vertex 105.409 125.449 2.4
      vertex 105.174 126.143 2.4
    endloop
  endfacet
  facet normal 0 0 1
    outer loop
      vertex 2.39999 8 2.4
      vertex 105.6 8 2.4
      vertex 2.39999 124 2.4
    endloop
  endfacet
  facet normal 0 0 1
    outer loop
      vertex 100 129.6 2.4
      vertex 105.174 126.143 2.4
      vertex 104.85 126.8 2.4
    endloop
  endfacet
  facet normal 0 0 1
    outer loop
      vertex 105.552 7.26906 2.4
      vertex 100 2.39999 2.4
      vertex 105.409 6.55061 2.4
    endloop
  endfacet
  facet normal 0 0 1
    outer loop
      vertex 100 129.6 2.4
      vertex 104.85 126.8 2.4
      vertex 104.443 127.409 2.4
    endloop
  endfacet
  facet normal 0 0 1
    outer loop
      vertex 105.409 6.55061 2.4
      vertex 100 2.39999 2.4
      vertex 105.174 5.85698 2.4
    endloop
  endfacet
  facet normal 0 0 1
    outer loop
      vertex 100 129.6 2.4
      vertex 104.443 127.409 2.4
      vertex 103.96 127.96 2.4
    endloop
  endfacet
  facet normal 0 0 1
    outer loop
      vertex 105.174 5.85698 2.4
      vertex 100 2.39999 2.4
      vertex 104.85 5.2 2.4
    endloop
  endfacet
  facet normal 0 0 1
    outer loop
      vertex 100 129.6 2.4
      vertex 103.96 127.96 2.4
      vertex 103.409 128.443 2.4
    endloop
  endfacet
  facet normal 0 0 1
    outer loop
      vertex 104.85 5.2 2.4
      vertex 100 2.39999 2.4
      vertex 104.443 4.59094 2.4
    endloop
  endfacet
  facet normal 0 0 1
    outer loop
      vertex 100 129.6 2.4
      vertex 103.409 128.443 2.4
      vertex 102.8 128.85 2.4
    endloop
  endfacet
  facet normal 0 0 1
    outer loop
      vertex 104.443 4.59094 2.4
      vertex 100 2.39999 2.4
      vertex 103.96 4.04021 2.4
    endloop
  endfacet
  facet normal 0 0 1
    outer loop
      vertex 100 129.6 2.4
      vertex 102.8 128.85 2.4
      vertex 102.143 129.174 2.4
    endloop
  endfacet
  facet normal 0 0 1
    outer loop
      vertex 103.96 4.04021 2.4
      vertex 100 2.39999 2.4
      vertex 103.409 3.55722 2.4
    endloop
  endfacet
  facet normal 0 0 1
    outer loop
      vertex 100 129.6 2.4
      vertex 102.143 129.174 2.4
      vertex 101.449 129.409 2.4
    endloop
  endfacet
  facet normal 0 0 1
    outer loop
      vertex 103.409 3.55722 2.4
      vertex 100 2.39999 2.4
      vertex 102.8 3.15025 2.4
    endloop
  endfacet
  facet normal 0 0 1
    outer loop
      vertex 100 129.6 2.4
      vertex 101.449 129.409 2.4
      vertex 100.731 129.552 2.4
    endloop
  endfacet
  facet normal 0 0 1
    outer loop
      vertex 102.8 3.15025 2.4
      vertex 100 2.39999 2.4
      vertex 102.143 2.82628 2.4
    endloop
  endfacet
  facet normal 0 0 1
    outer loop
      vertex 102.143 2.82628 2.4
      vertex 100 2.39999 2.4
      vertex 101.449 2.59082 2.4
    endloop
  endfacet
  facet normal 0 0 1
    outer loop
      vertex 101.449 2.59082 2.4
      vertex 100 2.39999 2.4
      vertex 100.731 2.44791 2.4
    endloop
  endfacet
  facet normal 0 0 1
    outer loop
      vertex 2.39999 124 2.4
      vertex 100 129.6 2.4
      vertex 8 129.6 2.4
    endloop
  endfacet
  facet normal 0 -0 1
    outer loop
      vertex 100 2.39999 2.4
      vertex 105.6 8 2.4
      vertex 2.39999 8 2.4
    endloop
  endfacet
  facet normal 0 0 1
    outer loop
      vertex 2.39999 124 2.4
      vertex 8 129.6 2.4
      vertex 7.26906 129.552 2.4
    endloop
  endfacet
  facet normal 0 0 1
    outer loop
      vertex 105.6 8 2.4
      vertex 100 2.39999 2.4
      vertex 105.552 7.26906 2.4
    endloop
  endfacet
  facet normal 0 0 1
    outer loop
      vertex 2.39999 124 2.4
      vertex 7.26906 129.552 2.4
      vertex 6.55061 129.409 2.4
    endloop
  endfacet
  facet normal 0 0 1
    outer loop
      vertex 100 2.39999 2.4
      vertex 2.39999 8 2.4
      vertex 8 2.39999 2.4
    endloop
  endfacet
  facet normal 0 0 1
    outer loop
      vertex 2.39999 124 2.4
      vertex 6.55061 129.409 2.4
      vertex 5.85698 129.174 2.4
    endloop
  endfacet
  facet normal 0 0 1
    outer loop
      vertex 8 2.39999 2.4
      vertex 2.39999 8 2.4
      vertex 7.26906 2.44791 2.4
    endloop
  endfacet
  facet normal 0 0 1
    outer loop
      vertex 2.39999 124 2.4
      vertex 5.85698 129.174 2.4
      vertex 5.2 128.85 2.4
    endloop
  endfacet
  facet normal 0 0 1
    outer loop
      vertex 7.26906 2.44791 2.4
      vertex 2.39999 8 2.4
      vertex 6.55061 2.59082 2.4
    endloop
  endfacet
  facet normal 0 0 1
    outer loop
      vertex 2.39999 124 2.4
      vertex 5.2 128.85 2.4
      vertex 4.59094 128.443 2.4
    endloop
  endfacet
  facet normal 0 0 1
    outer loop
      vertex 6.55061 2.59082 2.4
      vertex 2.39999 8 2.4
      vertex 5.85698 2.82628 2.4
    endloop
  endfacet
  facet normal 0 0 1
    outer loop
      vertex 2.39999 124 2.4
      vertex 4.59094 128.443 2.4
      vertex 4.04021 127.96 2.4
    endloop
  endfacet
  facet normal 0 0 1
    outer loop
      vertex 5.85698 2.82628 2.4
      vertex 2.39999 8 2.4
      vertex 5.2 3.15025 2.4
    endloop
  endfacet
  facet normal 0 0 1
    outer loop
      vertex 2.39999 124 2.4
      vertex 4.04021 127.96 2.4
      vertex 3.55722 127.409 2.4
    endloop
  endfacet
  facet normal 0 0 1
    outer loop
      vertex 5.2 3.15025 2.4
      vertex 2.39999 8 2.4
      vertex 4.59094 3.55722 2.4
    endloop
  endfacet
  facet normal 0 0 1
    outer loop
      vertex 2.39999 124 2.4
      vertex 3.55722 127.409 2.4
      vertex 3.15025 126.8 2.4
    endloop
  endfacet
  facet normal 0 0 1
    outer loop
      vertex 4.59094 3.55722 2.4
      vertex 2.39999 8 2.4
      vertex 4.04021 4.04021 2.4
    endloop
  endfacet
  facet normal 0 0 1
    outer loop
      vertex 2.39999 124 2.4
      vertex 3.15025 126.8 2.4
      vertex 2.82628 126.143 2.4
    endloop
  endfacet
  facet normal 0 0 1
    outer loop
      vertex 4.04021 4.04021 2.4
      vertex 2.39999 8 2.4
      vertex 3.55722 4.59094 2.4
    endloop
  endfacet
  facet normal 0 0 1
    outer loop
      vertex 2.39999 124 2.4
      vertex 2.82628 126.143 2.4
      vertex 2.59082 125.449 2.4
    endloop
  endfacet
  facet normal 0 0 1
    outer loop
      vertex 3.55722 4.59094 2.4
      vertex 2.39999 8 2.4
      vertex 3.15025 5.2 2.4
    endloop
  endfacet
  facet normal 0 0 1
    outer loop
      vertex 2.39999 124 2.4
      vertex 2.59082 125.449 2.4
      vertex 2.44791 124.731 2.4
    endloop
  endfacet
  facet normal 0 0 1
    outer loop
      vertex 3.15025 5.2 2.4
      vertex 2.39999 8 2.4
      vertex 2.82628 5.85698 2.4
    endloop
  endfacet
  facet normal 0 0 1
    outer loop
      vertex 2.82628 5.85698 2.4
      vertex 2.39999 8 2.4
      vertex 2.59082 6.55061 2.4
    endloop
  endfacet
  facet normal 0 0 1
    outer loop
      vertex 2.59082 6.55061 2.4
      vertex 2.39999 8 2.4
      vertex 2.44791 7.26906 2.4
    endloop
  endfacet
  facet normal -0.659173 0.751991 0
    outer loop
      vertex 103.96 4.04021 2.4
      vertex 103.409 3.55722 15.5
      vertex 103.96 4.04021 15.5
    endloop
  endfacet
  facet normal -0.659173 0.751991 0
    outer loop
      vertex 103.409 3.55722 15.5
      vertex 103.96 4.04021 2.4
      vertex 103.409 3.55722 2.4
    endloop
  endfacet
  facet normal -0.980761 0.19521 0
    outer loop
      vertex 105.409 6.55061 2.4
      vertex 105.552 7.26906 15.5
      vertex 105.552 7.26906 2.4
    endloop
  endfacet
  facet normal -0.980761 0.19521 0
    outer loop
      vertex 105.552 7.26906 15.5
      vertex 105.409 6.55061 2.4
      vertex 105.409 6.55061 15.5
    endloop
  endfacet
  facet normal -0.896866 0.442303 0
    outer loop
      vertex 104.85 5.2 2.4
      vertex 105.174 5.85698 15.5
      vertex 105.174 5.85698 2.4
    endloop
  endfacet
  facet normal -0.896866 0.442303 0
    outer loop
      vertex 105.174 5.85698 15.5
      vertex 104.85 5.2 2.4
      vertex 104.85 5.2 15.5
    endloop
  endfacet
  facet normal -0.831445 0.555607 0
    outer loop
      vertex 104.443 4.59094 2.4
      vertex 104.85 5.2 15.5
      vertex 104.85 5.2 2.4
    endloop
  endfacet
  facet normal -0.831445 0.555607 0
    outer loop
      vertex 104.85 5.2 15.5
      vertex 104.443 4.59094 2.4
      vertex 104.443 4.59094 15.5
    endloop
  endfacet
  facet normal -0.321291 0.94698 0
    outer loop
      vertex 102.143 2.82628 2.4
      vertex 101.449 2.59082 15.5
      vertex 102.143 2.82628 15.5
    endloop
  endfacet
  facet normal -0.321291 0.94698 0
    outer loop
      vertex 101.449 2.59082 15.5
      vertex 102.143 2.82628 2.4
      vertex 101.449 2.59082 2.4
    endloop
  endfacet
  facet normal 0 0 -1
    outer loop
      vertex 0 65 14.2
      vertex 2.39999 90 14.2
      vertex 2.39999 65 14.2
    endloop
  endfacet
  facet normal -0 0 -1
    outer loop
      vertex 2.39999 90 14.2
      vertex 0 65 14.2
      vertex 0 90 14.2
    endloop
  endfacet
  facet normal -0 0 1
    outer loop
      vertex 0 90 6.2
      vertex 2.39999 65 6.2
      vertex 2.39999 90 6.2
    endloop
  endfacet
  facet normal 0 0 1
    outer loop
      vertex 2.39999 65 6.2
      vertex 0 90 6.2
      vertex 0 65 6.2
    endloop
  endfacet
  facet normal 0 -1 0
    outer loop
      vertex 0 90 6.2
      vertex 2.39999 90 14.2
      vertex 0 90 14.2
    endloop
  endfacet
  facet normal 0 -1 -0
    outer loop
      vertex 2.39999 90 14.2
      vertex 0 90 6.2
      vertex 2.39999 90 6.2
    endloop
  endfacet
  facet normal 0 1 -0
    outer loop
      vertex 2.39999 65 6.2
      vertex 0 65 14.2
      vertex 2.39999 65 14.2
    endloop
  endfacet
  facet normal 0 1 0
    outer loop
      vertex 0 65 14.2
      vertex 2.39999 65 6.2
      vertex 0 65 6.2
    endloop
  endfacet
  facet normal 0 0 -1
    outer loop
      vertex 107 71 11.5
      vertex 108 81 11.5
      vertex 108 71 11.5
    endloop
  endfacet
  facet normal -0 0 -1
    outer loop
      vertex 108 81 11.5
      vertex 107 71 11.5
      vertex 107 81 11.5
    endloop
  endfacet
  facet normal -0 0 1
    outer loop
      vertex 107 81 5.5
      vertex 108 71 5.5
      vertex 108 81 5.5
    endloop
  endfacet
  facet normal 0 0 1
    outer loop
      vertex 108 71 5.5
      vertex 107 81 5.5
      vertex 107 71 5.5
    endloop
  endfacet
  facet normal 1 -0 0
    outer loop
      vertex 107 71 11.5
      vertex 107 81 5.5
      vertex 107 81 11.5
    endloop
  endfacet
  facet normal 1 0 0
    outer loop
      vertex 107 81 5.5
      vertex 107 71 11.5
      vertex 107 71 5.5
    endloop
  endfacet
  facet normal 0 -1 0
    outer loop
      vertex 107 81 5.5
      vertex 108 81 11.5
      vertex 107 81 11.5
    endloop
  endfacet
  facet normal 0 -1 -0
    outer loop
      vertex 108 81 11.5
      vertex 107 81 5.5
      vertex 108 81 5.5
    endloop
  endfacet
  facet normal 0 1 -0
    outer loop
      vertex 108 71 5.5
      vertex 107 71 11.5
      vertex 108 71 11.5
    endloop
  endfacet
  facet normal 0 1 0
    outer loop
      vertex 107 71 11.5
      vertex 108 71 5.5
      vertex 107 71 5.5
    endloop
  endfacet
  facet normal 0.980796 0.195038 0
    outer loop
      vertex 15.9615 13.0874 7.8
      vertex 15.8467 13.6647 2.4
      vertex 15.8467 13.6647 7.8
    endloop
  endfacet
  facet normal 0.980796 0.195038 0
    outer loop
      vertex 15.8467 13.6647 2.4
      vertex 15.9615 13.0874 7.8
      vertex 15.9615 13.0874 2.4
    endloop
  endfacet
  facet normal 0.997859 0.0654027 0
    outer loop
      vertex 16 12.5 7.8
      vertex 15.9615 13.0874 2.4
      vertex 15.9615 13.0874 7.8
    endloop
  endfacet
  facet normal 0.997859 0.0654027 0
    outer loop
      vertex 15.9615 13.0874 2.4
      vertex 16 12.5 7.8
      vertex 16 12.5 2.4
    endloop
  endfacet
  facet normal 0.980796 -0.195038 0
    outer loop
      vertex 15.8467 11.3353 7.8
      vertex 15.9615 11.9126 2.4
      vertex 15.9615 11.9126 7.8
    endloop
  endfacet
  facet normal 0.980796 -0.195038 0
    outer loop
      vertex 15.9615 11.9126 2.4
      vertex 15.8467 11.3353 7.8
      vertex 15.8467 11.3353 2.4
    endloop
  endfacet
  facet normal 0 0 1
    outer loop
      vertex 13.8 12.5 7.8
      vertex 16 12.5 7.8
      vertex 15.9615 13.0874 7.8
    endloop
  endfacet
  facet normal 0 0 1
    outer loop
      vertex 13.7803 12.8002 7.8
      vertex 15.9615 13.0874 7.8
      vertex 15.8467 13.6647 7.8
    endloop
  endfacet
  facet normal 0 0 1
    outer loop
      vertex 16 12.5 7.8
      vertex 13.8 12.5 7.8
      vertex 15.9615 11.9126 7.8
    endloop
  endfacet
  facet normal 0 0 1
    outer loop
      vertex 13.7216 13.0953 7.8
      vertex 15.8467 13.6647 7.8
      vertex 15.6575 14.2221 7.8
    endloop
  endfacet
  facet normal -0 0 1
    outer loop
      vertex 13.7803 12.1998 7.8
      vertex 15.9615 11.9126 7.8
      vertex 13.8 12.5 7.8
    endloop
  endfacet
  facet normal 0 0 1
    outer loop
      vertex 13.6249 13.3802 7.8
      vertex 15.6575 14.2221 7.8
      vertex 15.3971 14.75 7.8
    endloop
  endfacet
  facet normal 0 0 1
    outer loop
      vertex 15.9615 11.9126 7.8
      vertex 13.7803 12.1998 7.8
      vertex 15.8467 11.3353 7.8
    endloop
  endfacet
  facet normal 0 0 1
    outer loop
      vertex 13.4919 13.65 7.8
      vertex 15.3971 14.75 7.8
      vertex 15.0701 15.2394 7.8
    endloop
  endfacet
  facet normal -0 0 1
    outer loop
      vertex 13.7216 11.9047 7.8
      vertex 15.8467 11.3353 7.8
      vertex 13.7803 12.1998 7.8
    endloop
  endfacet
  facet normal 0 0 1
    outer loop
      vertex 13.3247 13.9002 7.8
      vertex 15.0701 15.2394 7.8
      vertex 14.682 15.682 7.8
    endloop
  endfacet
  facet normal 0 0 1
    outer loop
      vertex 15.8467 11.3353 7.8
      vertex 13.7216 11.9047 7.8
      vertex 15.6575 10.7779 7.8
    endloop
  endfacet
  facet normal 0 0 1
    outer loop
      vertex 13.1263 14.1263 7.8
      vertex 14.682 15.682 7.8
      vertex 14.2394 16.0701 7.8
    endloop
  endfacet
  facet normal -0 0 1
    outer loop
      vertex 13.6249 11.6198 7.8
      vertex 15.6575 10.7779 7.8
      vertex 13.7216 11.9047 7.8
    endloop
  endfacet
  facet normal 0 0 1
    outer loop
      vertex 15.6575 10.7779 7.8
      vertex 13.6249 11.6198 7.8
      vertex 15.3971 10.25 7.8
    endloop
  endfacet
  facet normal 0 0 1
    outer loop
      vertex 15.9615 13.0874 7.8
      vertex 13.7803 12.8002 7.8
      vertex 13.8 12.5 7.8
    endloop
  endfacet
  facet normal 0 0 1
    outer loop
      vertex 12.9002 14.3247 7.8
      vertex 14.2394 16.0701 7.8
      vertex 13.75 16.3971 7.8
    endloop
  endfacet
  facet normal 0 0 1
    outer loop
      vertex 15.8467 13.6647 7.8
      vertex 13.7216 13.0953 7.8
      vertex 13.7803 12.8002 7.8
    endloop
  endfacet
  facet normal 0 0 1
    outer loop
      vertex 15.6575 14.2221 7.8
      vertex 13.6249 13.3802 7.8
      vertex 13.7216 13.0953 7.8
    endloop
  endfacet
  facet normal 0 0 1
    outer loop
      vertex 15.3971 14.75 7.8
      vertex 13.4919 13.65 7.8
      vertex 13.6249 13.3802 7.8
    endloop
  endfacet
  facet normal 0 0 1
    outer loop
      vertex 15.0701 15.2394 7.8
      vertex 13.3247 13.9002 7.8
      vertex 13.4919 13.65 7.8
    endloop
  endfacet
  facet normal 0 0 1
    outer loop
      vertex 12.65 14.4919 7.8
      vertex 13.75 16.3971 7.8
      vertex 13.2221 16.6575 7.8
    endloop
  endfacet
  facet normal 0 0 1
    outer loop
      vertex 14.682 15.682 7.8
      vertex 13.1263 14.1263 7.8
      vertex 13.3247 13.9002 7.8
    endloop
  endfacet
  facet normal 0 0 1
    outer loop
      vertex 14.2394 16.0701 7.8
      vertex 12.9002 14.3247 7.8
      vertex 13.1263 14.1263 7.8
    endloop
  endfacet
  facet normal 0 0 1
    outer loop
      vertex 12.3802 14.6249 7.8
      vertex 13.2221 16.6575 7.8
      vertex 12.6647 16.8467 7.8
    endloop
  endfacet
  facet normal 0 0 1
    outer loop
      vertex 13.75 16.3971 7.8
      vertex 12.65 14.4919 7.8
      vertex 12.9002 14.3247 7.8
    endloop
  endfacet
  facet normal 0 0 1
    outer loop
      vertex 13.2221 16.6575 7.8
      vertex 12.3802 14.6249 7.8
      vertex 12.65 14.4919 7.8
    endloop
  endfacet
  facet normal 0 0 1
    outer loop
      vertex 12.6647 16.8467 7.8
      vertex 12.0953 14.7216 7.8
      vertex 12.3802 14.6249 7.8
    endloop
  endfacet
  facet normal 0 0 1
    outer loop
      vertex 12.0874 16.9615 7.8
      vertex 12.0953 14.7216 7.8
      vertex 12.6647 16.8467 7.8
    endloop
  endfacet
  facet normal 0 0 1
    outer loop
      vertex 12.0874 16.9615 7.8
      vertex 11.8002 14.7803 7.8
      vertex 12.0953 14.7216 7.8
    endloop
  endfacet
  facet normal 0 0 1
    outer loop
      vertex 11.5 17 7.8
      vertex 11.8002 14.7803 7.8
      vertex 12.0874 16.9615 7.8
    endloop
  endfacet
  facet normal 0 0 1
    outer loop
      vertex 11.5 17 7.8
      vertex 11.5 14.8 7.8
      vertex 11.8002 14.7803 7.8
    endloop
  endfacet
  facet normal 0 0 1
    outer loop
      vertex 11.5 17 7.8
      vertex 11.1998 14.7803 7.8
      vertex 11.5 14.8 7.8
    endloop
  endfacet
  facet normal -0 0 1
    outer loop
      vertex 10.9126 16.9615 7.8
      vertex 11.1998 14.7803 7.8
      vertex 11.5 17 7.8
    endloop
  endfacet
  facet normal 0 0 1
    outer loop
      vertex 10.9126 16.9615 7.8
      vertex 10.9047 14.7216 7.8
      vertex 11.1998 14.7803 7.8
    endloop
  endfacet
  facet normal -0 0 1
    outer loop
      vertex 10.3353 16.8467 7.8
      vertex 10.9047 14.7216 7.8
      vertex 10.9126 16.9615 7.8
    endloop
  endfacet
  facet normal 0 0 1
    outer loop
      vertex 10.9047 14.7216 7.8
      vertex 10.3353 16.8467 7.8
      vertex 10.6198 14.6249 7.8
    endloop
  endfacet
  facet normal -0 0 1
    outer loop
      vertex 9.77793 16.6575 7.8
      vertex 10.6198 14.6249 7.8
      vertex 10.3353 16.8467 7.8
    endloop
  endfacet
  facet normal 0 0 1
    outer loop
      vertex 10.6198 14.6249 7.8
      vertex 9.77793 16.6575 7.8
      vertex 10.35 14.4919 7.8
    endloop
  endfacet
  facet normal -0 0 1
    outer loop
      vertex 9.25 16.3971 7.8
      vertex 10.35 14.4919 7.8
      vertex 9.77793 16.6575 7.8
    endloop
  endfacet
  facet normal 0 0 1
    outer loop
      vertex 10.35 14.4919 7.8
      vertex 9.25 16.3971 7.8
      vertex 10.0998 14.3247 7.8
    endloop
  endfacet
  facet normal -0 0 1
    outer loop
      vertex 8.76057 16.0701 7.8
      vertex 10.0998 14.3247 7.8
      vertex 9.25 16.3971 7.8
    endloop
  endfacet
  facet normal 0 0 1
    outer loop
      vertex 10.0998 14.3247 7.8
      vertex 8.76057 16.0701 7.8
      vertex 9.87366 14.1263 7.8
    endloop
  endfacet
  facet normal -0 0 1
    outer loop
      vertex 8.31802 15.682 7.8
      vertex 9.87366 14.1263 7.8
      vertex 8.76057 16.0701 7.8
    endloop
  endfacet
  facet normal 0 0 1
    outer loop
      vertex 9.87366 14.1263 7.8
      vertex 8.31802 15.682 7.8
      vertex 9.67529 13.9002 7.8
    endloop
  endfacet
  facet normal -0 0 1
    outer loop
      vertex 7.92991 15.2394 7.8
      vertex 9.67529 13.9002 7.8
      vertex 8.31802 15.682 7.8
    endloop
  endfacet
  facet normal 0 0 1
    outer loop
      vertex 9.67529 13.9002 7.8
      vertex 7.92991 15.2394 7.8
      vertex 9.50814 13.65 7.8
    endloop
  endfacet
  facet normal -0 0 1
    outer loop
      vertex 7.60289 14.75 7.8
      vertex 9.50814 13.65 7.8
      vertex 7.92991 15.2394 7.8
    endloop
  endfacet
  facet normal 0 0 1
    outer loop
      vertex 9.50814 13.65 7.8
      vertex 7.60289 14.75 7.8
      vertex 9.37508 13.3802 7.8
    endloop
  endfacet
  facet normal -0 0 1
    outer loop
      vertex 13.4919 11.35 7.8
      vertex 15.3971 10.25 7.8
      vertex 13.6249 11.6198 7.8
    endloop
  endfacet
  facet normal 0 0 1
    outer loop
      vertex 15.3971 10.25 7.8
      vertex 13.4919 11.35 7.8
      vertex 15.0701 9.76057 7.8
    endloop
  endfacet
  facet normal -0 0 1
    outer loop
      vertex 13.3247 11.0998 7.8
      vertex 15.0701 9.76057 7.8
      vertex 13.4919 11.35 7.8
    endloop
  endfacet
  facet normal 0 0 1
    outer loop
      vertex 15.0701 9.76057 7.8
      vertex 13.3247 11.0998 7.8
      vertex 14.682 9.31802 7.8
    endloop
  endfacet
  facet normal -0 0 1
    outer loop
      vertex 13.1263 10.8737 7.8
      vertex 14.682 9.31802 7.8
      vertex 13.3247 11.0998 7.8
    endloop
  endfacet
  facet normal 0 0 1
    outer loop
      vertex 14.682 9.31802 7.8
      vertex 13.1263 10.8737 7.8
      vertex 14.2394 8.92991 7.8
    endloop
  endfacet
  facet normal -0 0 1
    outer loop
      vertex 12.9002 10.6753 7.8
      vertex 14.2394 8.92991 7.8
      vertex 13.1263 10.8737 7.8
    endloop
  endfacet
  facet normal 0 0 1
    outer loop
      vertex 14.2394 8.92991 7.8
      vertex 12.9002 10.6753 7.8
      vertex 13.75 8.60289 7.8
    endloop
  endfacet
  facet normal -0 0 1
    outer loop
      vertex 12.65 10.5081 7.8
      vertex 13.75 8.60289 7.8
      vertex 12.9002 10.6753 7.8
    endloop
  endfacet
  facet normal 0 0 1
    outer loop
      vertex 13.75 8.60289 7.8
      vertex 12.65 10.5081 7.8
      vertex 13.2221 8.34254 7.8
    endloop
  endfacet
  facet normal -0 0 1
    outer loop
      vertex 12.3802 10.3751 7.8
      vertex 13.2221 8.34254 7.8
      vertex 12.65 10.5081 7.8
    endloop
  endfacet
  facet normal 0 0 1
    outer loop
      vertex 13.2221 8.34254 7.8
      vertex 12.3802 10.3751 7.8
      vertex 12.6647 8.15333 7.8
    endloop
  endfacet
  facet normal -0 0 1
    outer loop
      vertex 12.0953 10.2784 7.8
      vertex 12.6647 8.15333 7.8
      vertex 12.3802 10.3751 7.8
    endloop
  endfacet
  facet normal 0 0 1
    outer loop
      vertex 12.0953 10.2784 7.8
      vertex 12.0874 8.0385 7.8
      vertex 12.6647 8.15333 7.8
    endloop
  endfacet
  facet normal -0 0 1
    outer loop
      vertex 11.8002 10.2197 7.8
      vertex 12.0874 8.0385 7.8
      vertex 12.0953 10.2784 7.8
    endloop
  endfacet
  facet normal -0 0 1
    outer loop
      vertex 11.5 10.2 7.8
      vertex 12.0874 8.0385 7.8
      vertex 11.8002 10.2197 7.8
    endloop
  endfacet
  facet normal 0 0 1
    outer loop
      vertex 11.5 10.2 7.8
      vertex 11.5 8 7.8
      vertex 12.0874 8.0385 7.8
    endloop
  endfacet
  facet normal 0 0 1
    outer loop
      vertex 11.1998 10.2197 7.8
      vertex 11.5 8 7.8
      vertex 11.5 10.2 7.8
    endloop
  endfacet
  facet normal 0 0 1
    outer loop
      vertex 11.1998 10.2197 7.8
      vertex 10.9126 8.0385 7.8
      vertex 11.5 8 7.8
    endloop
  endfacet
  facet normal 0 0 1
    outer loop
      vertex 10.9047 10.2784 7.8
      vertex 10.9126 8.0385 7.8
      vertex 11.1998 10.2197 7.8
    endloop
  endfacet
  facet normal 0 0 1
    outer loop
      vertex 10.3353 8.15333 7.8
      vertex 10.9047 10.2784 7.8
      vertex 10.6198 10.3751 7.8
    endloop
  endfacet
  facet normal 0 0 1
    outer loop
      vertex 9.77793 8.34254 7.8
      vertex 10.6198 10.3751 7.8
      vertex 10.35 10.5081 7.8
    endloop
  endfacet
  facet normal 0 0 1
    outer loop
      vertex 10.9047 10.2784 7.8
      vertex 10.3353 8.15333 7.8
      vertex 10.9126 8.0385 7.8
    endloop
  endfacet
  facet normal 0 0 1
    outer loop
      vertex 9.25 8.60289 7.8
      vertex 10.35 10.5081 7.8
      vertex 10.0998 10.6753 7.8
    endloop
  endfacet
  facet normal 0 0 1
    outer loop
      vertex 8.76057 8.92991 7.8
      vertex 10.0998 10.6753 7.8
      vertex 9.87366 10.8737 7.8
    endloop
  endfacet
  facet normal 0 0 1
    outer loop
      vertex 10.6198 10.3751 7.8
      vertex 9.77793 8.34254 7.8
      vertex 10.3353 8.15333 7.8
    endloop
  endfacet
  facet normal 0 0 1
    outer loop
      vertex 8.31802 9.31802 7.8
      vertex 9.87366 10.8737 7.8
      vertex 9.67529 11.0998 7.8
    endloop
  endfacet
  facet normal 0 0 1
    outer loop
      vertex 7.92991 9.76057 7.8
      vertex 9.67529 11.0998 7.8
      vertex 9.50814 11.35 7.8
    endloop
  endfacet
  facet normal 0 0 1
    outer loop
      vertex 7.60289 10.25 7.8
      vertex 9.50814 11.35 7.8
      vertex 9.37508 11.6198 7.8
    endloop
  endfacet
  facet normal 0 0 1
    outer loop
      vertex 7.34254 10.7779 7.8
      vertex 9.37508 11.6198 7.8
      vertex 9.27837 11.9047 7.8
    endloop
  endfacet
  facet normal 0 0 1
    outer loop
      vertex 10.35 10.5081 7.8
      vertex 9.25 8.60289 7.8
      vertex 9.77793 8.34254 7.8
    endloop
  endfacet
  facet normal 0 0 1
    outer loop
      vertex 7.15333 11.3353 7.8
      vertex 9.27837 11.9047 7.8
      vertex 9.21968 12.1998 7.8
    endloop
  endfacet
  facet normal 0 0 1
    outer loop
      vertex 7.0385 11.9126 7.8
      vertex 9.21968 12.1998 7.8
      vertex 9.2 12.5 7.8
    endloop
  endfacet
  facet normal -0 0 1
    outer loop
      vertex 7.34254 14.2221 7.8
      vertex 9.37508 13.3802 7.8
      vertex 7.60289 14.75 7.8
    endloop
  endfacet
  facet normal 0 0 1
    outer loop
      vertex 10.0998 10.6753 7.8
      vertex 8.76057 8.92991 7.8
      vertex 9.25 8.60289 7.8
    endloop
  endfacet
  facet normal 0 0 1
    outer loop
      vertex 9.37508 13.3802 7.8
      vertex 7.34254 14.2221 7.8
      vertex 9.27837 13.0953 7.8
    endloop
  endfacet
  facet normal 0 0 1
    outer loop
      vertex 9.87366 10.8737 7.8
      vertex 8.31802 9.31802 7.8
      vertex 8.76057 8.92991 7.8
    endloop
  endfacet
  facet normal -0 0 1
    outer loop
      vertex 7.15333 13.6647 7.8
      vertex 9.27837 13.0953 7.8
      vertex 7.34254 14.2221 7.8
    endloop
  endfacet
  facet normal 0 0 1
    outer loop
      vertex 9.67529 11.0998 7.8
      vertex 7.92991 9.76057 7.8
      vertex 8.31802 9.31802 7.8
    endloop
  endfacet
  facet normal 0 0 1
    outer loop
      vertex 9.27837 13.0953 7.8
      vertex 7.15333 13.6647 7.8
      vertex 9.21968 12.8002 7.8
    endloop
  endfacet
  facet normal 0 0 1
    outer loop
      vertex 9.50814 11.35 7.8
      vertex 7.60289 10.25 7.8
      vertex 7.92991 9.76057 7.8
    endloop
  endfacet
  facet normal -0 0 1
    outer loop
      vertex 7.0385 13.0874 7.8
      vertex 9.21968 12.8002 7.8
      vertex 7.15333 13.6647 7.8
    endloop
  endfacet
  facet normal 0 0 1
    outer loop
      vertex 9.37508 11.6198 7.8
      vertex 7.34254 10.7779 7.8
      vertex 7.60289 10.25 7.8
    endloop
  endfacet
  facet normal 0 0 1
    outer loop
      vertex 9.21968 12.8002 7.8
      vertex 7.0385 13.0874 7.8
      vertex 9.2 12.5 7.8
    endloop
  endfacet
  facet normal 0 0 1
    outer loop
      vertex 9.27837 11.9047 7.8
      vertex 7.15333 11.3353 7.8
      vertex 7.34254 10.7779 7.8
    endloop
  endfacet
  facet normal 0 0 1
    outer loop
      vertex 7 12.5 7.8
      vertex 9.2 12.5 7.8
      vertex 7.0385 13.0874 7.8
    endloop
  endfacet
  facet normal 0 0 1
    outer loop
      vertex 9.21968 12.1998 7.8
      vertex 7.0385 11.9126 7.8
      vertex 7.15333 11.3353 7.8
    endloop
  endfacet
  facet normal 0 0 1
    outer loop
      vertex 9.2 12.5 7.8
      vertex 7 12.5 7.8
      vertex 7.0385 11.9126 7.8
    endloop
  endfacet
  facet normal 0.831475 0.555562 0
    outer loop
      vertex 15.3971 14.75 7.8
      vertex 15.0701 15.2394 2.4
      vertex 15.0701 15.2394 7.8
    endloop
  endfacet
  facet normal 0.831475 0.555562 0
    outer loop
      vertex 15.0701 15.2394 2.4
      vertex 15.3971 14.75 7.8
      vertex 15.3971 14.75 2.4
    endloop
  endfacet
  facet normal 0.555562 0.831475 -0
    outer loop
      vertex 14.2394 16.0701 2.4
      vertex 13.75 16.3971 7.8
      vertex 14.2394 16.0701 7.8
    endloop
  endfacet
  facet normal 0.555562 0.831475 0
    outer loop
      vertex 13.75 16.3971 7.8
      vertex 14.2394 16.0701 2.4
      vertex 13.75 16.3971 2.4
    endloop
  endfacet
  facet normal 0.896827 -0.442382 0
    outer loop
      vertex 15.3971 10.25 7.8
      vertex 15.6575 10.7779 2.4
      vertex 15.6575 10.7779 7.8
    endloop
  endfacet
  facet normal 0.896827 -0.442382 0
    outer loop
      vertex 15.6575 10.7779 2.4
      vertex 15.3971 10.25 7.8
      vertex 15.3971 10.25 2.4
    endloop
  endfacet
  facet normal 0.997859 -0.0654027 0
    outer loop
      vertex 15.9615 11.9126 7.8
      vertex 16 12.5 2.4
      vertex 16 12.5 7.8
    endloop
  endfacet
  facet normal 0.997859 -0.0654027 0
    outer loop
      vertex 16 12.5 2.4
      vertex 15.9615 11.9126 7.8
      vertex 15.9615 11.9126 2.4
    endloop
  endfacet
  facet normal 0.321421 0.946936 -0
    outer loop
      vertex 13.2221 16.6575 2.4
      vertex 12.6647 16.8467 7.8
      vertex 13.2221 16.6575 7.8
    endloop
  endfacet
  facet normal 0.321421 0.946936 0
    outer loop
      vertex 12.6647 16.8467 7.8
      vertex 13.2221 16.6575 2.4
      vertex 12.6647 16.8467 2.4
    endloop
  endfacet
  facet normal -0.89686 0.442314 0
    outer loop
      vertex 7.34254 14.2221 2.4
      vertex 7.60289 14.75 7.8
      vertex 7.60289 14.75 2.4
    endloop
  endfacet
  facet normal -0.89686 0.442314 0
    outer loop
      vertex 7.60289 14.75 7.8
      vertex 7.34254 14.2221 2.4
      vertex 7.34254 14.2221 7.8
    endloop
  endfacet
  facet normal -0.65934 0.751845 0
    outer loop
      vertex 8.76057 16.0701 2.4
      vertex 8.31802 15.682 7.8
      vertex 8.76057 16.0701 7.8
    endloop
  endfacet
  facet normal -0.65934 0.751845 0
    outer loop
      vertex 8.31802 15.682 7.8
      vertex 8.76057 16.0701 2.4
      vertex 8.31802 15.682 2.4
    endloop
  endfacet
  facet normal 0.321437 -0.946931 0
    outer loop
      vertex 12.6647 8.15333 2.4
      vertex 13.2221 8.34254 7.8
      vertex 12.6647 8.15333 7.8
    endloop
  endfacet
  facet normal 0.321437 -0.946931 0
    outer loop
      vertex 13.2221 8.34254 7.8
      vertex 12.6647 8.15333 2.4
      vertex 13.2221 8.34254 2.4
    endloop
  endfacet
  facet normal -0.997859 -0.0654027 0
    outer loop
      vertex 7.0385 11.9126 2.4
      vertex 7 12.5 7.8
      vertex 7 12.5 2.4
    endloop
  endfacet
  facet normal -0.997859 -0.0654027 0
    outer loop
      vertex 7 12.5 7.8
      vertex 7.0385 11.9126 2.4
      vertex 7.0385 11.9126 7.8
    endloop
  endfacet
  facet normal -0.65935 -0.751836 0
    outer loop
      vertex 8.31802 9.31802 2.4
      vertex 8.76057 8.92991 7.8
      vertex 8.31802 9.31802 7.8
    endloop
  endfacet
  facet normal -0.65935 -0.751836 -0
    outer loop
      vertex 8.76057 8.92991 7.8
      vertex 8.31802 9.31802 2.4
      vertex 8.76057 8.92991 2.4
    endloop
  endfacet
  facet normal -0.321437 0.946931 0
    outer loop
      vertex 10.3353 16.8467 2.4
      vertex 9.77793 16.6575 7.8
      vertex 10.3353 16.8467 7.8
    endloop
  endfacet
  facet normal -0.321437 0.946931 0
    outer loop
      vertex 9.77793 16.6575 7.8
      vertex 10.3353 16.8467 2.4
      vertex 9.77793 16.6575 2.4
    endloop
  endfacet
  facet normal -0.831475 -0.555562 0
    outer loop
      vertex 7.92991 9.76057 2.4
      vertex 7.60289 10.25 7.8
      vertex 7.60289 10.25 2.4
    endloop
  endfacet
  facet normal -0.831475 -0.555562 0
    outer loop
      vertex 7.60289 10.25 7.8
      vertex 7.92991 9.76057 2.4
      vertex 7.92991 9.76057 7.8
    endloop
  endfacet
  facet normal -0.555539 0.831491 0
    outer loop
      vertex 9.25 16.3971 2.4
      vertex 8.76057 16.0701 7.8
      vertex 9.25 16.3971 7.8
    endloop
  endfacet
  facet normal -0.555539 0.831491 0
    outer loop
      vertex 8.76057 16.0701 7.8
      vertex 9.25 16.3971 2.4
      vertex 8.76057 16.0701 2.4
    endloop
  endfacet
  facet normal -0.997859 0.0654027 0
    outer loop
      vertex 7 12.5 2.4
      vertex 7.0385 13.0874 7.8
      vertex 7.0385 13.0874 2.4
    endloop
  endfacet
  facet normal -0.997859 0.0654027 0
    outer loop
      vertex 7.0385 13.0874 7.8
      vertex 7 12.5 2.4
      vertex 7 12.5 7.8
    endloop
  endfacet
  facet normal 0.195038 0.980796 -0
    outer loop
      vertex 12.6647 16.8467 2.4
      vertex 12.0874 16.9615 7.8
      vertex 12.6647 16.8467 7.8
    endloop
  endfacet
  facet normal 0.195038 0.980796 0
    outer loop
      vertex 12.0874 16.9615 7.8
      vertex 12.6647 16.8467 2.4
      vertex 12.0874 16.9615 2.4
    endloop
  endfacet
  facet normal -0.442362 0.896837 0
    outer loop
      vertex 9.77793 16.6575 2.4
      vertex 9.25 16.3971 7.8
      vertex 9.77793 16.6575 7.8
    endloop
  endfacet
  facet normal -0.442362 0.896837 0
    outer loop
      vertex 9.25 16.3971 7.8
      vertex 9.77793 16.6575 2.4
      vertex 9.25 16.3971 2.4
    endloop
  endfacet
  facet normal 0.0654027 -0.997859 0
    outer loop
      vertex 11.5 8 2.4
      vertex 12.0874 8.0385 7.8
      vertex 11.5 8 7.8
    endloop
  endfacet
  facet normal 0.0654027 -0.997859 0
    outer loop
      vertex 12.0874 8.0385 7.8
      vertex 11.5 8 2.4
      vertex 12.0874 8.0385 2.4
    endloop
  endfacet
  facet normal 0.659308 -0.751873 0
    outer loop
      vertex 14.2394 8.92991 2.4
      vertex 14.682 9.31802 7.8
      vertex 14.2394 8.92991 7.8
    endloop
  endfacet
  facet normal 0.659308 -0.751873 0
    outer loop
      vertex 14.682 9.31802 7.8
      vertex 14.2394 8.92991 2.4
      vertex 14.682 9.31802 2.4
    endloop
  endfacet
  facet normal -0.946931 -0.321437 0
    outer loop
      vertex 7.34254 10.7779 2.4
      vertex 7.15333 11.3353 7.8
      vertex 7.15333 11.3353 2.4
    endloop
  endfacet
  facet normal -0.946931 -0.321437 0
    outer loop
      vertex 7.15333 11.3353 7.8
      vertex 7.34254 10.7779 2.4
      vertex 7.34254 10.7779 7.8
    endloop
  endfacet
  facet normal 0.946936 -0.321421 0
    outer loop
      vertex 15.6575 10.7779 7.8
      vertex 15.8467 11.3353 2.4
      vertex 15.8467 11.3353 7.8
    endloop
  endfacet
  facet normal 0.946936 -0.321421 0
    outer loop
      vertex 15.8467 11.3353 2.4
      vertex 15.6575 10.7779 7.8
      vertex 15.6575 10.7779 2.4
    endloop
  endfacet
  facet normal 0.442382 0.896827 -0
    outer loop
      vertex 13.75 16.3971 2.4
      vertex 13.2221 16.6575 7.8
      vertex 13.75 16.3971 7.8
    endloop
  endfacet
  facet normal 0.442382 0.896827 0
    outer loop
      vertex 13.2221 16.6575 7.8
      vertex 13.75 16.3971 2.4
      vertex 13.2221 16.6575 2.4
    endloop
  endfacet
  facet normal -0.195038 0.980796 0
    outer loop
      vertex 10.9126 16.9615 2.4
      vertex 10.3353 16.8467 7.8
      vertex 10.9126 16.9615 7.8
    endloop
  endfacet
  facet normal -0.195038 0.980796 0
    outer loop
      vertex 10.3353 16.8467 7.8
      vertex 10.9126 16.9615 2.4
      vertex 10.3353 16.8467 2.4
    endloop
  endfacet
  facet normal 0.751882 0.659298 0
    outer loop
      vertex 15.0701 15.2394 7.8
      vertex 14.682 15.682 2.4
      vertex 14.682 15.682 7.8
    endloop
  endfacet
  facet normal 0.751882 0.659298 0
    outer loop
      vertex 14.682 15.682 2.4
      vertex 15.0701 15.2394 7.8
      vertex 15.0701 15.2394 2.4
    endloop
  endfacet
  facet normal 0.751845 -0.65934 0
    outer loop
      vertex 14.682 9.31802 7.8
      vertex 15.0701 9.76057 2.4
      vertex 15.0701 9.76057 7.8
    endloop
  endfacet
  facet normal 0.751845 -0.65934 0
    outer loop
      vertex 15.0701 9.76057 2.4
      vertex 14.682 9.31802 7.8
      vertex 14.682 9.31802 2.4
    endloop
  endfacet
  facet normal -0.442294 -0.89687 0
    outer loop
      vertex 9.25 8.60289 2.4
      vertex 9.77793 8.34254 7.8
      vertex 9.25 8.60289 7.8
    endloop
  endfacet
  facet normal -0.442294 -0.89687 -0
    outer loop
      vertex 9.77793 8.34254 7.8
      vertex 9.25 8.60289 2.4
      vertex 9.77793 8.34254 2.4
    endloop
  endfacet
  facet normal -0.946931 0.321437 0
    outer loop
      vertex 7.15333 13.6647 2.4
      vertex 7.34254 14.2221 7.8
      vertex 7.34254 14.2221 2.4
    endloop
  endfacet
  facet normal -0.946931 0.321437 0
    outer loop
      vertex 7.34254 14.2221 7.8
      vertex 7.15333 13.6647 2.4
      vertex 7.15333 13.6647 7.8
    endloop
  endfacet
  facet normal 0.195087 -0.980786 0
    outer loop
      vertex 12.0874 8.0385 2.4
      vertex 12.6647 8.15333 7.8
      vertex 12.0874 8.0385 7.8
    endloop
  endfacet
  facet normal 0.195087 -0.980786 0
    outer loop
      vertex 12.6647 8.15333 7.8
      vertex 12.0874 8.0385 2.4
      vertex 12.6647 8.15333 2.4
    endloop
  endfacet
  facet normal 0.442314 -0.89686 0
    outer loop
      vertex 13.2221 8.34254 2.4
      vertex 13.75 8.60289 7.8
      vertex 13.2221 8.34254 7.8
    endloop
  endfacet
  facet normal 0.442314 -0.89686 0
    outer loop
      vertex 13.75 8.60289 7.8
      vertex 13.2221 8.34254 2.4
      vertex 13.75 8.60289 2.4
    endloop
  endfacet
  facet normal 0 0 -1
    outer loop
      vertex 15.9615 11.9126 2.4
      vertex 15.9615 13.0874 2.4
      vertex 16 12.5 2.4
    endloop
  endfacet
  facet normal 0 0 -1
    outer loop
      vertex 15.8467 11.3353 2.4
      vertex 15.9615 13.0874 2.4
      vertex 15.9615 11.9126 2.4
    endloop
  endfacet
  facet normal 0 0 -1
    outer loop
      vertex 15.8467 11.3353 2.4
      vertex 15.8467 13.6647 2.4
      vertex 15.9615 13.0874 2.4
    endloop
  endfacet
  facet normal 0 0 -1
    outer loop
      vertex 15.6575 10.7779 2.4
      vertex 15.8467 13.6647 2.4
      vertex 15.8467 11.3353 2.4
    endloop
  endfacet
  facet normal 0 0 -1
    outer loop
      vertex 15.6575 10.7779 2.4
      vertex 15.6575 14.2221 2.4
      vertex 15.8467 13.6647 2.4
    endloop
  endfacet
  facet normal 0 0 -1
    outer loop
      vertex 15.3971 10.25 2.4
      vertex 15.6575 14.2221 2.4
      vertex 15.6575 10.7779 2.4
    endloop
  endfacet
  facet normal 0 0 -1
    outer loop
      vertex 15.3971 10.25 2.4
      vertex 15.3971 14.75 2.4
      vertex 15.6575 14.2221 2.4
    endloop
  endfacet
  facet normal 0 0 -1
    outer loop
      vertex 15.0701 9.76057 2.4
      vertex 15.3971 14.75 2.4
      vertex 15.3971 10.25 2.4
    endloop
  endfacet
  facet normal 0 0 -1
    outer loop
      vertex 15.0701 9.76057 2.4
      vertex 15.0701 15.2394 2.4
      vertex 15.3971 14.75 2.4
    endloop
  endfacet
  facet normal 0 0 -1
    outer loop
      vertex 14.682 9.31802 2.4
      vertex 15.0701 15.2394 2.4
      vertex 15.0701 9.76057 2.4
    endloop
  endfacet
  facet normal 0 0 -1
    outer loop
      vertex 14.682 9.31802 2.4
      vertex 14.682 15.682 2.4
      vertex 15.0701 15.2394 2.4
    endloop
  endfacet
  facet normal 0 0 -1
    outer loop
      vertex 14.2394 8.92991 2.4
      vertex 14.682 15.682 2.4
      vertex 14.682 9.31802 2.4
    endloop
  endfacet
  facet normal 0 0 -1
    outer loop
      vertex 14.2394 8.92991 2.4
      vertex 14.2394 16.0701 2.4
      vertex 14.682 15.682 2.4
    endloop
  endfacet
  facet normal 0 0 -1
    outer loop
      vertex 13.75 8.60289 2.4
      vertex 14.2394 16.0701 2.4
      vertex 14.2394 8.92991 2.4
    endloop
  endfacet
  facet normal 0 0 -1
    outer loop
      vertex 13.75 8.60289 2.4
      vertex 13.75 16.3971 2.4
      vertex 14.2394 16.0701 2.4
    endloop
  endfacet
  facet normal 0 0 -1
    outer loop
      vertex 13.2221 8.34254 2.4
      vertex 13.75 16.3971 2.4
      vertex 13.75 8.60289 2.4
    endloop
  endfacet
  facet normal 0 0 -1
    outer loop
      vertex 13.2221 8.34254 2.4
      vertex 13.2221 16.6575 2.4
      vertex 13.75 16.3971 2.4
    endloop
  endfacet
  facet normal 0 0 -1
    outer loop
      vertex 12.6647 8.15333 2.4
      vertex 13.2221 16.6575 2.4
      vertex 13.2221 8.34254 2.4
    endloop
  endfacet
  facet normal 0 0 -1
    outer loop
      vertex 12.6647 8.15333 2.4
      vertex 12.6647 16.8467 2.4
      vertex 13.2221 16.6575 2.4
    endloop
  endfacet
  facet normal 0 0 -1
    outer loop
      vertex 12.0874 8.0385 2.4
      vertex 12.6647 16.8467 2.4
      vertex 12.6647 8.15333 2.4
    endloop
  endfacet
  facet normal 0 0 -1
    outer loop
      vertex 12.0874 8.0385 2.4
      vertex 12.0874 16.9615 2.4
      vertex 12.6647 16.8467 2.4
    endloop
  endfacet
  facet normal 0 0 -1
    outer loop
      vertex 11.5 8 2.4
      vertex 12.0874 16.9615 2.4
      vertex 12.0874 8.0385 2.4
    endloop
  endfacet
  facet normal 0 0 -1
    outer loop
      vertex 11.5 8 2.4
      vertex 11.5 17 2.4
      vertex 12.0874 16.9615 2.4
    endloop
  endfacet
  facet normal 0 0 -1
    outer loop
      vertex 10.9126 8.0385 2.4
      vertex 11.5 17 2.4
      vertex 11.5 8 2.4
    endloop
  endfacet
  facet normal 0 0 -1
    outer loop
      vertex 10.9126 8.0385 2.4
      vertex 10.9126 16.9615 2.4
      vertex 11.5 17 2.4
    endloop
  endfacet
  facet normal 0 0 -1
    outer loop
      vertex 10.3353 8.15333 2.4
      vertex 10.9126 16.9615 2.4
      vertex 10.9126 8.0385 2.4
    endloop
  endfacet
  facet normal 0 0 -1
    outer loop
      vertex 10.3353 8.15333 2.4
      vertex 10.3353 16.8467 2.4
      vertex 10.9126 16.9615 2.4
    endloop
  endfacet
  facet normal 0 0 -1
    outer loop
      vertex 9.77793 8.34254 2.4
      vertex 10.3353 16.8467 2.4
      vertex 10.3353 8.15333 2.4
    endloop
  endfacet
  facet normal 0 0 -1
    outer loop
      vertex 9.77793 8.34254 2.4
      vertex 9.77793 16.6575 2.4
      vertex 10.3353 16.8467 2.4
    endloop
  endfacet
  facet normal 0 0 -1
    outer loop
      vertex 9.25 8.60289 2.4
      vertex 9.77793 16.6575 2.4
      vertex 9.77793 8.34254 2.4
    endloop
  endfacet
  facet normal 0 0 -1
    outer loop
      vertex 9.25 8.60289 2.4
      vertex 9.25 16.3971 2.4
      vertex 9.77793 16.6575 2.4
    endloop
  endfacet
  facet normal 0 0 -1
    outer loop
      vertex 8.76057 8.92991 2.4
      vertex 9.25 16.3971 2.4
      vertex 9.25 8.60289 2.4
    endloop
  endfacet
  facet normal 0 0 -1
    outer loop
      vertex 8.76057 8.92991 2.4
      vertex 8.76057 16.0701 2.4
      vertex 9.25 16.3971 2.4
    endloop
  endfacet
  facet normal 0 0 -1
    outer loop
      vertex 8.31802 9.31802 2.4
      vertex 8.76057 16.0701 2.4
      vertex 8.76057 8.92991 2.4
    endloop
  endfacet
  facet normal 0 0 -1
    outer loop
      vertex 8.31802 9.31802 2.4
      vertex 8.31802 15.682 2.4
      vertex 8.76057 16.0701 2.4
    endloop
  endfacet
  facet normal 0 0 -1
    outer loop
      vertex 7.92991 9.76057 2.4
      vertex 8.31802 15.682 2.4
      vertex 8.31802 9.31802 2.4
    endloop
  endfacet
  facet normal 0 0 -1
    outer loop
      vertex 7.92991 9.76057 2.4
      vertex 7.92991 15.2394 2.4
      vertex 8.31802 15.682 2.4
    endloop
  endfacet
  facet normal 0 0 -1
    outer loop
      vertex 7.60289 10.25 2.4
      vertex 7.92991 15.2394 2.4
      vertex 7.92991 9.76057 2.4
    endloop
  endfacet
  facet normal 0 0 -1
    outer loop
      vertex 7.60289 10.25 2.4
      vertex 7.60289 14.75 2.4
      vertex 7.92991 15.2394 2.4
    endloop
  endfacet
  facet normal 0 0 -1
    outer loop
      vertex 7.34254 10.7779 2.4
      vertex 7.60289 14.75 2.4
      vertex 7.60289 10.25 2.4
    endloop
  endfacet
  facet normal 0 0 -1
    outer loop
      vertex 7.34254 10.7779 2.4
      vertex 7.34254 14.2221 2.4
      vertex 7.60289 14.75 2.4
    endloop
  endfacet
  facet normal 0 0 -1
    outer loop
      vertex 7.15333 11.3353 2.4
      vertex 7.34254 14.2221 2.4
      vertex 7.34254 10.7779 2.4
    endloop
  endfacet
  facet normal 0 0 -1
    outer loop
      vertex 7.15333 11.3353 2.4
      vertex 7.15333 13.6647 2.4
      vertex 7.34254 14.2221 2.4
    endloop
  endfacet
  facet normal 0 0 -1
    outer loop
      vertex 7.0385 11.9126 2.4
      vertex 7.15333 13.6647 2.4
      vertex 7.15333 11.3353 2.4
    endloop
  endfacet
  facet normal 0 0 -1
    outer loop
      vertex 7.0385 11.9126 2.4
      vertex 7.0385 13.0874 2.4
      vertex 7.15333 13.6647 2.4
    endloop
  endfacet
  facet normal 0 -0 -1
    outer loop
      vertex 7.0385 13.0874 2.4
      vertex 7.0385 11.9126 2.4
      vertex 7 12.5 2.4
    endloop
  endfacet
  facet normal -0.751873 0.659308 0
    outer loop
      vertex 7.92991 15.2394 2.4
      vertex 8.31802 15.682 7.8
      vertex 8.31802 15.682 2.4
    endloop
  endfacet
  facet normal -0.751873 0.659308 0
    outer loop
      vertex 8.31802 15.682 7.8
      vertex 7.92991 15.2394 2.4
      vertex 7.92991 15.2394 7.8
    endloop
  endfacet
  facet normal 0.659298 0.751882 -0
    outer loop
      vertex 14.682 15.682 2.4
      vertex 14.2394 16.0701 7.8
      vertex 14.682 15.682 7.8
    endloop
  endfacet
  facet normal 0.659298 0.751882 0
    outer loop
      vertex 14.2394 16.0701 7.8
      vertex 14.682 15.682 2.4
      vertex 14.2394 16.0701 2.4
    endloop
  endfacet
  facet normal -0.89686 -0.442314 0
    outer loop
      vertex 7.60289 10.25 2.4
      vertex 7.34254 10.7779 7.8
      vertex 7.34254 10.7779 2.4
    endloop
  endfacet
  facet normal -0.89686 -0.442314 0
    outer loop
      vertex 7.34254 10.7779 7.8
      vertex 7.60289 10.25 2.4
      vertex 7.60289 10.25 7.8
    endloop
  endfacet
  facet normal 0.831491 -0.555539 0
    outer loop
      vertex 15.0701 9.76057 7.8
      vertex 15.3971 10.25 2.4
      vertex 15.3971 10.25 7.8
    endloop
  endfacet
  facet normal 0.831491 -0.555539 0
    outer loop
      vertex 15.3971 10.25 2.4
      vertex 15.0701 9.76057 7.8
      vertex 15.0701 9.76057 2.4
    endloop
  endfacet
  facet normal 0.896827 0.442382 0
    outer loop
      vertex 15.6575 14.2221 7.8
      vertex 15.3971 14.75 2.4
      vertex 15.3971 14.75 7.8
    endloop
  endfacet
  facet normal 0.896827 0.442382 0
    outer loop
      vertex 15.3971 14.75 2.4
      vertex 15.6575 14.2221 7.8
      vertex 15.6575 14.2221 2.4
    endloop
  endfacet
  facet normal -0.0654027 -0.997859 0
    outer loop
      vertex 10.9126 8.0385 2.4
      vertex 11.5 8 7.8
      vertex 10.9126 8.0385 7.8
    endloop
  endfacet
  facet normal -0.0654027 -0.997859 -0
    outer loop
      vertex 11.5 8 7.8
      vertex 10.9126 8.0385 2.4
      vertex 11.5 8 2.4
    endloop
  endfacet
  facet normal 0.0654027 0.997859 -0
    outer loop
      vertex 12.0874 16.9615 2.4
      vertex 11.5 17 7.8
      vertex 12.0874 16.9615 7.8
    endloop
  endfacet
  facet normal 0.0654027 0.997859 0
    outer loop
      vertex 11.5 17 7.8
      vertex 12.0874 16.9615 2.4
      vertex 11.5 17 2.4
    endloop
  endfacet
  facet normal -0.555562 -0.831475 0
    outer loop
      vertex 8.76057 8.92991 2.4
      vertex 9.25 8.60289 7.8
      vertex 8.76057 8.92991 7.8
    endloop
  endfacet
  facet normal -0.555562 -0.831475 -0
    outer loop
      vertex 9.25 8.60289 7.8
      vertex 8.76057 8.92991 2.4
      vertex 9.25 8.60289 2.4
    endloop
  endfacet
  facet normal 0.555586 -0.831459 0
    outer loop
      vertex 13.75 8.60289 2.4
      vertex 14.2394 8.92991 7.8
      vertex 13.75 8.60289 7.8
    endloop
  endfacet
  facet normal 0.555586 -0.831459 0
    outer loop
      vertex 14.2394 8.92991 7.8
      vertex 13.75 8.60289 2.4
      vertex 14.2394 8.92991 2.4
    endloop
  endfacet
  facet normal 0.946936 0.321421 0
    outer loop
      vertex 15.8467 13.6647 7.8
      vertex 15.6575 14.2221 2.4
      vertex 15.6575 14.2221 7.8
    endloop
  endfacet
  facet normal 0.946936 0.321421 0
    outer loop
      vertex 15.6575 14.2221 2.4
      vertex 15.8467 13.6647 7.8
      vertex 15.8467 13.6647 2.4
    endloop
  endfacet
  facet normal -0.980786 0.195087 0
    outer loop
      vertex 7.0385 13.0874 2.4
      vertex 7.15333 13.6647 7.8
      vertex 7.15333 13.6647 2.4
    endloop
  endfacet
  facet normal -0.980786 0.195087 0
    outer loop
      vertex 7.15333 13.6647 7.8
      vertex 7.0385 13.0874 2.4
      vertex 7.0385 13.0874 7.8
    endloop
  endfacet
  facet normal -0.0654027 0.997859 0
    outer loop
      vertex 11.5 17 2.4
      vertex 10.9126 16.9615 7.8
      vertex 11.5 17 7.8
    endloop
  endfacet
  facet normal -0.0654027 0.997859 0
    outer loop
      vertex 10.9126 16.9615 7.8
      vertex 11.5 17 2.4
      vertex 10.9126 16.9615 2.4
    endloop
  endfacet
  facet normal -0.321452 -0.946926 0
    outer loop
      vertex 9.77793 8.34254 2.4
      vertex 10.3353 8.15333 7.8
      vertex 9.77793 8.34254 7.8
    endloop
  endfacet
  facet normal -0.321452 -0.946926 -0
    outer loop
      vertex 10.3353 8.15333 7.8
      vertex 9.77793 8.34254 2.4
      vertex 10.3353 8.15333 2.4
    endloop
  endfacet
  facet normal -0.980786 -0.195087 0
    outer loop
      vertex 7.15333 11.3353 2.4
      vertex 7.0385 11.9126 7.8
      vertex 7.0385 11.9126 2.4
    endloop
  endfacet
  facet normal -0.980786 -0.195087 0
    outer loop
      vertex 7.0385 11.9126 7.8
      vertex 7.15333 11.3353 2.4
      vertex 7.15333 11.3353 7.8
    endloop
  endfacet
  facet normal -0.751836 -0.65935 0
    outer loop
      vertex 8.31802 9.31802 2.4
      vertex 7.92991 9.76057 7.8
      vertex 7.92991 9.76057 2.4
    endloop
  endfacet
  facet normal -0.751836 -0.65935 0
    outer loop
      vertex 7.92991 9.76057 7.8
      vertex 8.31802 9.31802 2.4
      vertex 8.31802 9.31802 7.8
    endloop
  endfacet
  facet normal -0.195087 -0.980786 0
    outer loop
      vertex 10.3353 8.15333 2.4
      vertex 10.9126 8.0385 7.8
      vertex 10.3353 8.15333 7.8
    endloop
  endfacet
  facet normal -0.195087 -0.980786 -0
    outer loop
      vertex 10.9126 8.0385 7.8
      vertex 10.3353 8.15333 2.4
      vertex 10.9126 8.0385 2.4
    endloop
  endfacet
  facet normal -0.831459 0.555586 0
    outer loop
      vertex 7.60289 14.75 2.4
      vertex 7.92991 15.2394 7.8
      vertex 7.92991 15.2394 2.4
    endloop
  endfacet
  facet normal -0.831459 0.555586 0
    outer loop
      vertex 7.92991 15.2394 7.8
      vertex 7.60289 14.75 2.4
      vertex 7.60289 14.75 7.8
    endloop
  endfacet
  facet normal -0.195093 -0.980785 0
    outer loop
      vertex 11.8002 14.7803 3
      vertex 12.0953 14.7216 7.8
      vertex 11.8002 14.7803 7.8
    endloop
  endfacet
  facet normal -0.195093 -0.980785 -0
    outer loop
      vertex 12.0953 14.7216 7.8
      vertex 11.8002 14.7803 3
      vertex 12.0953 14.7216 3
    endloop
  endfacet
  facet normal -0.980785 -0.195093 0
    outer loop
      vertex 13.7803 12.8002 3
      vertex 13.7216 13.0953 7.8
      vertex 13.7216 13.0953 3
    endloop
  endfacet
  facet normal -0.980785 -0.195093 0
    outer loop
      vertex 13.7216 13.0953 7.8
      vertex 13.7803 12.8002 3
      vertex 13.7803 12.8002 7.8
    endloop
  endfacet
  facet normal -0.997854 -0.0654821 0
    outer loop
      vertex 13.8 12.5 3
      vertex 13.7803 12.8002 7.8
      vertex 13.7803 12.8002 3
    endloop
  endfacet
  facet normal -0.997854 -0.0654821 0
    outer loop
      vertex 13.7803 12.8002 7.8
      vertex 13.8 12.5 3
      vertex 13.8 12.5 7.8
    endloop
  endfacet
  facet normal -0.946941 -0.321408 0
    outer loop
      vertex 13.7216 13.0953 3
      vertex 13.6249 13.3802 7.8
      vertex 13.6249 13.3802 3
    endloop
  endfacet
  facet normal -0.946941 -0.321408 0
    outer loop
      vertex 13.6249 13.3802 7.8
      vertex 13.7216 13.0953 3
      vertex 13.7216 13.0953 7.8
    endloop
  endfacet
  facet normal -0.831436 -0.55562 0
    outer loop
      vertex 13.4919 13.65 3
      vertex 13.3247 13.9002 7.8
      vertex 13.3247 13.9002 3
    endloop
  endfacet
  facet normal -0.831436 -0.55562 0
    outer loop
      vertex 13.3247 13.9002 7.8
      vertex 13.4919 13.65 3
      vertex 13.4919 13.65 7.8
    endloop
  endfacet
  facet normal -0.321408 -0.946941 0
    outer loop
      vertex 12.0953 14.7216 3
      vertex 12.3802 14.6249 7.8
      vertex 12.0953 14.7216 7.8
    endloop
  endfacet
  facet normal -0.321408 -0.946941 -0
    outer loop
      vertex 12.3802 14.6249 7.8
      vertex 12.0953 14.7216 3
      vertex 12.3802 14.6249 3
    endloop
  endfacet
  facet normal 0.980791 0.195061 0
    outer loop
      vertex 9.27837 11.9047 7.8
      vertex 9.21968 12.1998 3
      vertex 9.21968 12.1998 7.8
    endloop
  endfacet
  facet normal 0.980791 0.195061 0
    outer loop
      vertex 9.21968 12.1998 3
      vertex 9.27837 11.9047 7.8
      vertex 9.27837 11.9047 3
    endloop
  endfacet
  facet normal -0.997854 0.0654821 0
    outer loop
      vertex 13.7803 12.1998 3
      vertex 13.8 12.5 7.8
      vertex 13.8 12.5 3
    endloop
  endfacet
  facet normal -0.997854 0.0654821 0
    outer loop
      vertex 13.8 12.5 7.8
      vertex 13.7803 12.1998 3
      vertex 13.7803 12.1998 7.8
    endloop
  endfacet
  facet normal 0.55562 0.831436 -0
    outer loop
      vertex 10.35 10.5081 3
      vertex 10.0998 10.6753 7.8
      vertex 10.35 10.5081 7.8
    endloop
  endfacet
  facet normal 0.55562 0.831436 0
    outer loop
      vertex 10.0998 10.6753 7.8
      vertex 10.35 10.5081 3
      vertex 10.0998 10.6753 3
    endloop
  endfacet
  facet normal 0.997858 0.0654159 0
    outer loop
      vertex 9.21968 12.1998 7.8
      vertex 9.2 12.5 3
      vertex 9.2 12.5 7.8
    endloop
  endfacet
  facet normal 0.997858 0.0654159 0
    outer loop
      vertex 9.2 12.5 3
      vertex 9.21968 12.1998 7.8
      vertex 9.21968 12.1998 3
    endloop
  endfacet
  facet normal 0.321408 0.946941 -0
    outer loop
      vertex 10.9047 10.2784 3
      vertex 10.6198 10.3751 7.8
      vertex 10.9047 10.2784 7.8
    endloop
  endfacet
  facet normal 0.321408 0.946941 0
    outer loop
      vertex 10.6198 10.3751 7.8
      vertex 10.9047 10.2784 3
      vertex 10.6198 10.3751 3
    endloop
  endfacet
  facet normal -0.89694 -0.442153 0
    outer loop
      vertex 13.6249 13.3802 3
      vertex 13.4919 13.65 7.8
      vertex 13.4919 13.65 3
    endloop
  endfacet
  facet normal -0.89694 -0.442153 0
    outer loop
      vertex 13.4919 13.65 7.8
      vertex 13.6249 13.3802 3
      vertex 13.6249 13.3802 7.8
    endloop
  endfacet
  facet normal -0.751649 -0.659563 0
    outer loop
      vertex 13.3247 13.9002 3
      vertex 13.1263 14.1263 7.8
      vertex 13.1263 14.1263 3
    endloop
  endfacet
  facet normal -0.751649 -0.659563 0
    outer loop
      vertex 13.1263 14.1263 7.8
      vertex 13.3247 13.9002 3
      vertex 13.3247 13.9002 7.8
    endloop
  endfacet
  facet normal -0.946941 0.321408 0
    outer loop
      vertex 13.6249 11.6198 3
      vertex 13.7216 11.9047 7.8
      vertex 13.7216 11.9047 3
    endloop
  endfacet
  facet normal -0.946941 0.321408 0
    outer loop
      vertex 13.7216 11.9047 7.8
      vertex 13.6249 11.6198 3
      vertex 13.6249 11.6198 7.8
    endloop
  endfacet
  facet normal 0.751699 0.659507 0
    outer loop
      vertex 9.87366 10.8737 7.8
      vertex 9.67529 11.0998 3
      vertex 9.67529 11.0998 7.8
    endloop
  endfacet
  facet normal 0.751699 0.659507 0
    outer loop
      vertex 9.67529 11.0998 3
      vertex 9.87366 10.8737 7.8
      vertex 9.87366 10.8737 3
    endloop
  endfacet
  facet normal -0.980785 0.195093 0
    outer loop
      vertex 13.7216 11.9047 3
      vertex 13.7803 12.1998 7.8
      vertex 13.7803 12.1998 3
    endloop
  endfacet
  facet normal -0.980785 0.195093 0
    outer loop
      vertex 13.7803 12.1998 7.8
      vertex 13.7216 11.9047 3
      vertex 13.7216 11.9047 7.8
    endloop
  endfacet
  facet normal -0.0654821 0.997854 0
    outer loop
      vertex 11.8002 10.2197 3
      vertex 11.5 10.2 7.8
      vertex 11.8002 10.2197 7.8
    endloop
  endfacet
  facet normal -0.0654821 0.997854 0
    outer loop
      vertex 11.5 10.2 7.8
      vertex 11.8002 10.2197 3
      vertex 11.5 10.2 3
    endloop
  endfacet
  facet normal 0.946931 0.321438 0
    outer loop
      vertex 9.37508 11.6198 7.8
      vertex 9.27837 11.9047 3
      vertex 9.27837 11.9047 7.8
    endloop
  endfacet
  facet normal 0.946931 0.321438 0
    outer loop
      vertex 9.27837 11.9047 3
      vertex 9.37508 11.6198 7.8
      vertex 9.37508 11.6198 3
    endloop
  endfacet
  facet normal -0.831436 0.55562 0
    outer loop
      vertex 13.3247 11.0998 3
      vertex 13.4919 11.35 7.8
      vertex 13.4919 11.35 3
    endloop
  endfacet
  facet normal -0.831436 0.55562 0
    outer loop
      vertex 13.4919 11.35 7.8
      vertex 13.3247 11.0998 3
      vertex 13.3247 11.0998 7.8
    endloop
  endfacet
  facet normal -0.442153 -0.89694 0
    outer loop
      vertex 12.3802 14.6249 3
      vertex 12.65 14.4919 7.8
      vertex 12.3802 14.6249 7.8
    endloop
  endfacet
  facet normal -0.442153 -0.89694 -0
    outer loop
      vertex 12.65 14.4919 7.8
      vertex 12.3802 14.6249 3
      vertex 12.65 14.4919 3
    endloop
  endfacet
  facet normal 0.442153 -0.89694 0
    outer loop
      vertex 10.35 14.4919 3
      vertex 10.6198 14.6249 7.8
      vertex 10.35 14.4919 7.8
    endloop
  endfacet
  facet normal 0.442153 -0.89694 0
    outer loop
      vertex 10.6198 14.6249 7.8
      vertex 10.35 14.4919 3
      vertex 10.6198 14.6249 3
    endloop
  endfacet
  facet normal -0.442153 0.89694 0
    outer loop
      vertex 12.65 10.5081 3
      vertex 12.3802 10.3751 7.8
      vertex 12.65 10.5081 7.8
    endloop
  endfacet
  facet normal -0.442153 0.89694 0
    outer loop
      vertex 12.3802 10.3751 7.8
      vertex 12.65 10.5081 3
      vertex 12.3802 10.3751 3
    endloop
  endfacet
  facet normal -0.321408 0.946941 0
    outer loop
      vertex 12.3802 10.3751 3
      vertex 12.0953 10.2784 7.8
      vertex 12.3802 10.3751 7.8
    endloop
  endfacet
  facet normal -0.321408 0.946941 0
    outer loop
      vertex 12.0953 10.2784 7.8
      vertex 12.3802 10.3751 3
      vertex 12.0953 10.2784 3
    endloop
  endfacet
  facet normal 0.195093 0.980785 -0
    outer loop
      vertex 11.1998 10.2197 3
      vertex 10.9047 10.2784 7.8
      vertex 11.1998 10.2197 7.8
    endloop
  endfacet
  facet normal 0.195093 0.980785 0
    outer loop
      vertex 10.9047 10.2784 7.8
      vertex 11.1998 10.2197 3
      vertex 10.9047 10.2784 3
    endloop
  endfacet
  facet normal 0.946931 -0.321438 0
    outer loop
      vertex 9.27837 13.0953 7.8
      vertex 9.37508 13.3802 3
      vertex 9.37508 13.3802 7.8
    endloop
  endfacet
  facet normal 0.946931 -0.321438 0
    outer loop
      vertex 9.37508 13.3802 3
      vertex 9.27837 13.0953 7.8
      vertex 9.27837 13.0953 3
    endloop
  endfacet
  facet normal 0.195093 -0.980785 0
    outer loop
      vertex 10.9047 14.7216 3
      vertex 11.1998 14.7803 7.8
      vertex 10.9047 14.7216 7.8
    endloop
  endfacet
  facet normal 0.195093 -0.980785 0
    outer loop
      vertex 11.1998 14.7803 7.8
      vertex 10.9047 14.7216 3
      vertex 11.1998 14.7803 3
    endloop
  endfacet
  facet normal 0.55562 -0.831436 0
    outer loop
      vertex 10.0998 14.3247 3
      vertex 10.35 14.4919 7.8
      vertex 10.0998 14.3247 7.8
    endloop
  endfacet
  facet normal 0.55562 -0.831436 0
    outer loop
      vertex 10.35 14.4919 7.8
      vertex 10.0998 14.3247 3
      vertex 10.35 14.4919 3
    endloop
  endfacet
  facet normal -0.55562 0.831436 0
    outer loop
      vertex 12.9002 10.6753 3
      vertex 12.65 10.5081 7.8
      vertex 12.9002 10.6753 7.8
    endloop
  endfacet
  facet normal -0.55562 0.831436 0
    outer loop
      vertex 12.65 10.5081 7.8
      vertex 12.9002 10.6753 3
      vertex 12.65 10.5081 3
    endloop
  endfacet
  facet normal -0.195093 0.980785 0
    outer loop
      vertex 12.0953 10.2784 3
      vertex 11.8002 10.2197 7.8
      vertex 12.0953 10.2784 7.8
    endloop
  endfacet
  facet normal -0.195093 0.980785 0
    outer loop
      vertex 11.8002 10.2197 7.8
      vertex 12.0953 10.2784 3
      vertex 11.8002 10.2197 3
    endloop
  endfacet
  facet normal 0.89686 -0.442314 0
    outer loop
      vertex 9.37508 13.3802 7.8
      vertex 9.50814 13.65 3
      vertex 9.50814 13.65 7.8
    endloop
  endfacet
  facet normal 0.89686 -0.442314 0
    outer loop
      vertex 9.50814 13.65 3
      vertex 9.37508 13.3802 7.8
      vertex 9.37508 13.3802 3
    endloop
  endfacet
  facet normal -0.659563 -0.751649 0
    outer loop
      vertex 12.9002 14.3247 3
      vertex 13.1263 14.1263 7.8
      vertex 12.9002 14.3247 7.8
    endloop
  endfacet
  facet normal -0.659563 -0.751649 -0
    outer loop
      vertex 13.1263 14.1263 7.8
      vertex 12.9002 14.3247 3
      vertex 13.1263 14.1263 3
    endloop
  endfacet
  facet normal 0.831513 -0.555505 0
    outer loop
      vertex 9.50814 13.65 7.8
      vertex 9.67529 13.9002 3
      vertex 9.67529 13.9002 7.8
    endloop
  endfacet
  facet normal 0.831513 -0.555505 0
    outer loop
      vertex 9.67529 13.9002 3
      vertex 9.50814 13.65 7.8
      vertex 9.50814 13.65 3
    endloop
  endfacet
  facet normal 0.0654821 0.997854 -0
    outer loop
      vertex 11.5 10.2 3
      vertex 11.1998 10.2197 7.8
      vertex 11.5 10.2 7.8
    endloop
  endfacet
  facet normal 0.0654821 0.997854 0
    outer loop
      vertex 11.1998 10.2197 7.8
      vertex 11.5 10.2 3
      vertex 11.1998 10.2197 3
    endloop
  endfacet
  facet normal 0.0654821 -0.997854 0
    outer loop
      vertex 11.1998 14.7803 3
      vertex 11.5 14.8 7.8
      vertex 11.1998 14.7803 7.8
    endloop
  endfacet
  facet normal 0.0654821 -0.997854 0
    outer loop
      vertex 11.5 14.8 7.8
      vertex 11.1998 14.7803 3
      vertex 11.5 14.8 3
    endloop
  endfacet
  facet normal 0.659497 -0.751707 0
    outer loop
      vertex 9.87366 14.1263 3
      vertex 10.0998 14.3247 7.8
      vertex 9.87366 14.1263 7.8
    endloop
  endfacet
  facet normal 0.659497 -0.751707 0
    outer loop
      vertex 10.0998 14.3247 7.8
      vertex 9.87366 14.1263 3
      vertex 10.0998 14.3247 3
    endloop
  endfacet
  facet normal 0.659497 0.751707 -0
    outer loop
      vertex 10.0998 10.6753 3
      vertex 9.87366 10.8737 7.8
      vertex 10.0998 10.6753 7.8
    endloop
  endfacet
  facet normal 0.659497 0.751707 0
    outer loop
      vertex 9.87366 10.8737 7.8
      vertex 10.0998 10.6753 3
      vertex 9.87366 10.8737 3
    endloop
  endfacet
  facet normal 0 0 1
    outer loop
      vertex 13.7803 12.8002 3
      vertex 13.7803 12.1998 3
      vertex 13.8 12.5 3
    endloop
  endfacet
  facet normal 0 0 1
    outer loop
      vertex 13.7216 13.0953 3
      vertex 13.7803 12.1998 3
      vertex 13.7803 12.8002 3
    endloop
  endfacet
  facet normal 0 0 1
    outer loop
      vertex 13.7216 13.0953 3
      vertex 13.7216 11.9047 3
      vertex 13.7803 12.1998 3
    endloop
  endfacet
  facet normal 0 0 1
    outer loop
      vertex 13.6249 13.3802 3
      vertex 13.7216 11.9047 3
      vertex 13.7216 13.0953 3
    endloop
  endfacet
  facet normal 0 0 1
    outer loop
      vertex 13.6249 13.3802 3
      vertex 13.6249 11.6198 3
      vertex 13.7216 11.9047 3
    endloop
  endfacet
  facet normal 0 0 1
    outer loop
      vertex 13.4919 13.65 3
      vertex 13.6249 11.6198 3
      vertex 13.6249 13.3802 3
    endloop
  endfacet
  facet normal 0 0 1
    outer loop
      vertex 13.4919 13.65 3
      vertex 13.4919 11.35 3
      vertex 13.6249 11.6198 3
    endloop
  endfacet
  facet normal 0 0 1
    outer loop
      vertex 13.3247 13.9002 3
      vertex 13.4919 11.35 3
      vertex 13.4919 13.65 3
    endloop
  endfacet
  facet normal 0 0 1
    outer loop
      vertex 13.3247 13.9002 3
      vertex 13.3247 11.0998 3
      vertex 13.4919 11.35 3
    endloop
  endfacet
  facet normal 0 0 1
    outer loop
      vertex 13.1263 14.1263 3
      vertex 13.3247 11.0998 3
      vertex 13.3247 13.9002 3
    endloop
  endfacet
  facet normal 0 0 1
    outer loop
      vertex 13.1263 14.1263 3
      vertex 13.1263 10.8737 3
      vertex 13.3247 11.0998 3
    endloop
  endfacet
  facet normal 0 0 1
    outer loop
      vertex 12.9002 14.3247 3
      vertex 13.1263 10.8737 3
      vertex 13.1263 14.1263 3
    endloop
  endfacet
  facet normal 0 0 1
    outer loop
      vertex 12.9002 14.3247 3
      vertex 12.9002 10.6753 3
      vertex 13.1263 10.8737 3
    endloop
  endfacet
  facet normal 0 0 1
    outer loop
      vertex 12.65 14.4919 3
      vertex 12.9002 10.6753 3
      vertex 12.9002 14.3247 3
    endloop
  endfacet
  facet normal 0 0 1
    outer loop
      vertex 12.65 14.4919 3
      vertex 12.65 10.5081 3
      vertex 12.9002 10.6753 3
    endloop
  endfacet
  facet normal 0 0 1
    outer loop
      vertex 12.3802 14.6249 3
      vertex 12.65 10.5081 3
      vertex 12.65 14.4919 3
    endloop
  endfacet
  facet normal 0 0 1
    outer loop
      vertex 12.3802 14.6249 3
      vertex 12.3802 10.3751 3
      vertex 12.65 10.5081 3
    endloop
  endfacet
  facet normal 0 0 1
    outer loop
      vertex 12.0953 14.7216 3
      vertex 12.3802 10.3751 3
      vertex 12.3802 14.6249 3
    endloop
  endfacet
  facet normal 0 0 1
    outer loop
      vertex 12.0953 14.7216 3
      vertex 12.0953 10.2784 3
      vertex 12.3802 10.3751 3
    endloop
  endfacet
  facet normal 0 0 1
    outer loop
      vertex 11.8002 14.7803 3
      vertex 12.0953 10.2784 3
      vertex 12.0953 14.7216 3
    endloop
  endfacet
  facet normal 0 0 1
    outer loop
      vertex 11.8002 14.7803 3
      vertex 11.8002 10.2197 3
      vertex 12.0953 10.2784 3
    endloop
  endfacet
  facet normal 0 0 1
    outer loop
      vertex 11.5 14.8 3
      vertex 11.8002 10.2197 3
      vertex 11.8002 14.7803 3
    endloop
  endfacet
  facet normal 0 0 1
    outer loop
      vertex 11.5 14.8 3
      vertex 11.5 10.2 3
      vertex 11.8002 10.2197 3
    endloop
  endfacet
  facet normal -0 0 1
    outer loop
      vertex 11.1998 14.7803 3
      vertex 11.5 10.2 3
      vertex 11.5 14.8 3
    endloop
  endfacet
  facet normal 0 0 1
    outer loop
      vertex 11.1998 14.7803 3
      vertex 11.1998 10.2197 3
      vertex 11.5 10.2 3
    endloop
  endfacet
  facet normal -0 0 1
    outer loop
      vertex 10.9047 14.7216 3
      vertex 11.1998 10.2197 3
      vertex 11.1998 14.7803 3
    endloop
  endfacet
  facet normal 0 0 1
    outer loop
      vertex 10.9047 14.7216 3
      vertex 10.9047 10.2784 3
      vertex 11.1998 10.2197 3
    endloop
  endfacet
  facet normal -0 0 1
    outer loop
      vertex 10.6198 14.6249 3
      vertex 10.9047 10.2784 3
      vertex 10.9047 14.7216 3
    endloop
  endfacet
  facet normal 0 0 1
    outer loop
      vertex 10.6198 14.6249 3
      vertex 10.6198 10.3751 3
      vertex 10.9047 10.2784 3
    endloop
  endfacet
  facet normal -0 0 1
    outer loop
      vertex 10.35 14.4919 3
      vertex 10.6198 10.3751 3
      vertex 10.6198 14.6249 3
    endloop
  endfacet
  facet normal 0 0 1
    outer loop
      vertex 10.35 14.4919 3
      vertex 10.35 10.5081 3
      vertex 10.6198 10.3751 3
    endloop
  endfacet
  facet normal -0 0 1
    outer loop
      vertex 10.0998 14.3247 3
      vertex 10.35 10.5081 3
      vertex 10.35 14.4919 3
    endloop
  endfacet
  facet normal 0 0 1
    outer loop
      vertex 10.0998 14.3247 3
      vertex 10.0998 10.6753 3
      vertex 10.35 10.5081 3
    endloop
  endfacet
  facet normal -0 0 1
    outer loop
      vertex 9.87366 14.1263 3
      vertex 10.0998 10.6753 3
      vertex 10.0998 14.3247 3
    endloop
  endfacet
  facet normal 0 0 1
    outer loop
      vertex 9.87366 14.1263 3
      vertex 9.87366 10.8737 3
      vertex 10.0998 10.6753 3
    endloop
  endfacet
  facet normal -0 0 1
    outer loop
      vertex 9.67529 13.9002 3
      vertex 9.87366 10.8737 3
      vertex 9.87366 14.1263 3
    endloop
  endfacet
  facet normal 0 0 1
    outer loop
      vertex 9.67529 13.9002 3
      vertex 9.67529 11.0998 3
      vertex 9.87366 10.8737 3
    endloop
  endfacet
  facet normal -0 0 1
    outer loop
      vertex 9.50814 13.65 3
      vertex 9.67529 11.0998 3
      vertex 9.67529 13.9002 3
    endloop
  endfacet
  facet normal 0 0 1
    outer loop
      vertex 9.50814 13.65 3
      vertex 9.50814 11.35 3
      vertex 9.67529 11.0998 3
    endloop
  endfacet
  facet normal -0 0 1
    outer loop
      vertex 9.37508 13.3802 3
      vertex 9.50814 11.35 3
      vertex 9.50814 13.65 3
    endloop
  endfacet
  facet normal 0 0 1
    outer loop
      vertex 9.37508 13.3802 3
      vertex 9.37508 11.6198 3
      vertex 9.50814 11.35 3
    endloop
  endfacet
  facet normal -0 0 1
    outer loop
      vertex 9.27837 13.0953 3
      vertex 9.37508 11.6198 3
      vertex 9.37508 13.3802 3
    endloop
  endfacet
  facet normal 0 0 1
    outer loop
      vertex 9.27837 13.0953 3
      vertex 9.27837 11.9047 3
      vertex 9.37508 11.6198 3
    endloop
  endfacet
  facet normal -0 0 1
    outer loop
      vertex 9.21968 12.8002 3
      vertex 9.27837 11.9047 3
      vertex 9.27837 13.0953 3
    endloop
  endfacet
  facet normal 0 0 1
    outer loop
      vertex 9.21968 12.8002 3
      vertex 9.21968 12.1998 3
      vertex 9.27837 11.9047 3
    endloop
  endfacet
  facet normal 0 -0 1
    outer loop
      vertex 9.21968 12.1998 3
      vertex 9.21968 12.8002 3
      vertex 9.2 12.5 3
    endloop
  endfacet
  facet normal 0.751699 -0.659507 0
    outer loop
      vertex 9.67529 13.9002 7.8
      vertex 9.87366 14.1263 3
      vertex 9.87366 14.1263 7.8
    endloop
  endfacet
  facet normal 0.751699 -0.659507 0
    outer loop
      vertex 9.87366 14.1263 3
      vertex 9.67529 13.9002 7.8
      vertex 9.67529 13.9002 3
    endloop
  endfacet
  facet normal -0.751649 0.659563 0
    outer loop
      vertex 13.1263 10.8737 3
      vertex 13.3247 11.0998 7.8
      vertex 13.3247 11.0998 3
    endloop
  endfacet
  facet normal -0.751649 0.659563 0
    outer loop
      vertex 13.3247 11.0998 7.8
      vertex 13.1263 10.8737 3
      vertex 13.1263 10.8737 7.8
    endloop
  endfacet
  facet normal -0.89694 0.442153 0
    outer loop
      vertex 13.4919 11.35 3
      vertex 13.6249 11.6198 7.8
      vertex 13.6249 11.6198 3
    endloop
  endfacet
  facet normal -0.89694 0.442153 0
    outer loop
      vertex 13.6249 11.6198 7.8
      vertex 13.4919 11.35 3
      vertex 13.4919 11.35 7.8
    endloop
  endfacet
  facet normal 0.980791 -0.195061 0
    outer loop
      vertex 9.21968 12.8002 7.8
      vertex 9.27837 13.0953 3
      vertex 9.27837 13.0953 7.8
    endloop
  endfacet
  facet normal 0.980791 -0.195061 0
    outer loop
      vertex 9.27837 13.0953 3
      vertex 9.21968 12.8002 7.8
      vertex 9.21968 12.8002 3
    endloop
  endfacet
  facet normal -0.0654821 -0.997854 0
    outer loop
      vertex 11.5 14.8 3
      vertex 11.8002 14.7803 7.8
      vertex 11.5 14.8 7.8
    endloop
  endfacet
  facet normal -0.0654821 -0.997854 -0
    outer loop
      vertex 11.8002 14.7803 7.8
      vertex 11.5 14.8 3
      vertex 11.8002 14.7803 3
    endloop
  endfacet
  facet normal -0.55562 -0.831436 0
    outer loop
      vertex 12.65 14.4919 3
      vertex 12.9002 14.3247 7.8
      vertex 12.65 14.4919 7.8
    endloop
  endfacet
  facet normal -0.55562 -0.831436 -0
    outer loop
      vertex 12.9002 14.3247 7.8
      vertex 12.65 14.4919 3
      vertex 12.9002 14.3247 3
    endloop
  endfacet
  facet normal 0.321408 -0.946941 0
    outer loop
      vertex 10.6198 14.6249 3
      vertex 10.9047 14.7216 7.8
      vertex 10.6198 14.6249 7.8
    endloop
  endfacet
  facet normal 0.321408 -0.946941 0
    outer loop
      vertex 10.9047 14.7216 7.8
      vertex 10.6198 14.6249 3
      vertex 10.9047 14.7216 3
    endloop
  endfacet
  facet normal 0.997858 -0.0654159 0
    outer loop
      vertex 9.2 12.5 7.8
      vertex 9.21968 12.8002 3
      vertex 9.21968 12.8002 7.8
    endloop
  endfacet
  facet normal 0.997858 -0.0654159 0
    outer loop
      vertex 9.21968 12.8002 3
      vertex 9.2 12.5 7.8
      vertex 9.2 12.5 3
    endloop
  endfacet
  facet normal 0.89686 0.442314 0
    outer loop
      vertex 9.50814 11.35 7.8
      vertex 9.37508 11.6198 3
      vertex 9.37508 11.6198 7.8
    endloop
  endfacet
  facet normal 0.89686 0.442314 0
    outer loop
      vertex 9.37508 11.6198 3
      vertex 9.50814 11.35 7.8
      vertex 9.50814 11.35 3
    endloop
  endfacet
  facet normal 0.442153 0.89694 -0
    outer loop
      vertex 10.6198 10.3751 3
      vertex 10.35 10.5081 7.8
      vertex 10.6198 10.3751 7.8
    endloop
  endfacet
  facet normal 0.442153 0.89694 0
    outer loop
      vertex 10.35 10.5081 7.8
      vertex 10.6198 10.3751 3
      vertex 10.35 10.5081 3
    endloop
  endfacet
  facet normal -0.659563 0.751649 0
    outer loop
      vertex 13.1263 10.8737 3
      vertex 12.9002 10.6753 7.8
      vertex 13.1263 10.8737 7.8
    endloop
  endfacet
  facet normal -0.659563 0.751649 0
    outer loop
      vertex 12.9002 10.6753 7.8
      vertex 13.1263 10.8737 3
      vertex 12.9002 10.6753 3
    endloop
  endfacet
  facet normal 0.831513 0.555505 0
    outer loop
      vertex 9.67529 11.0998 7.8
      vertex 9.50814 11.35 3
      vertex 9.50814 11.35 7.8
    endloop
  endfacet
  facet normal 0.831513 0.555505 0
    outer loop
      vertex 9.50814 11.35 3
      vertex 9.67529 11.0998 7.8
      vertex 9.67529 11.0998 3
    endloop
  endfacet
  facet normal 0.980731 0.195365 0
    outer loop
      vertex 100.962 13.0874 7.8
      vertex 100.847 13.6647 2.4
      vertex 100.847 13.6647 7.8
    endloop
  endfacet
  facet normal 0.980731 0.195365 0
    outer loop
      vertex 100.847 13.6647 2.4
      vertex 100.962 13.0874 7.8
      vertex 100.962 13.0874 2.4
    endloop
  endfacet
  facet normal 0.997914 0.0645569 0
    outer loop
      vertex 101 12.5 7.8
      vertex 100.962 13.0874 2.4
      vertex 100.962 13.0874 7.8
    endloop
  endfacet
  facet normal 0.997914 0.0645569 0
    outer loop
      vertex 100.962 13.0874 2.4
      vertex 101 12.5 7.8
      vertex 101 12.5 2.4
    endloop
  endfacet
  facet normal 0.980731 -0.195365 0
    outer loop
      vertex 100.847 11.3353 7.8
      vertex 100.962 11.9126 2.4
      vertex 100.962 11.9126 7.8
    endloop
  endfacet
  facet normal 0.980731 -0.195365 0
    outer loop
      vertex 100.962 11.9126 2.4
      vertex 100.847 11.3353 7.8
      vertex 100.847 11.3353 2.4
    endloop
  endfacet
  facet normal 0 0 1
    outer loop
      vertex 98.8 12.5 7.8
      vertex 101 12.5 7.8
      vertex 100.962 13.0874 7.8
    endloop
  endfacet
  facet normal 0 0 1
    outer loop
      vertex 98.7803 12.8002 7.8
      vertex 100.962 13.0874 7.8
      vertex 100.847 13.6647 7.8
    endloop
  endfacet
  facet normal 0 0 1
    outer loop
      vertex 101 12.5 7.8
      vertex 98.8 12.5 7.8
      vertex 100.962 11.9126 7.8
    endloop
  endfacet
  facet normal 0 0 1
    outer loop
      vertex 98.7216 13.0953 7.8
      vertex 100.847 13.6647 7.8
      vertex 100.657 14.2221 7.8
    endloop
  endfacet
  facet normal -0 0 1
    outer loop
      vertex 98.7803 12.1998 7.8
      vertex 100.962 11.9126 7.8
      vertex 98.8 12.5 7.8
    endloop
  endfacet
  facet normal 0 0 1
    outer loop
      vertex 98.6249 13.3802 7.8
      vertex 100.657 14.2221 7.8
      vertex 100.397 14.75 7.8
    endloop
  endfacet
  facet normal 0 0 1
    outer loop
      vertex 100.962 11.9126 7.8
      vertex 98.7803 12.1998 7.8
      vertex 100.847 11.3353 7.8
    endloop
  endfacet
  facet normal 0 0 1
    outer loop
      vertex 98.4919 13.65 7.8
      vertex 100.397 14.75 7.8
      vertex 100.07 15.2394 7.8
    endloop
  endfacet
  facet normal -0 0 1
    outer loop
      vertex 98.7216 11.9047 7.8
      vertex 100.847 11.3353 7.8
      vertex 98.7803 12.1998 7.8
    endloop
  endfacet
  facet normal 0 0 1
    outer loop
      vertex 98.3247 13.9002 7.8
      vertex 100.07 15.2394 7.8
      vertex 99.682 15.682 7.8
    endloop
  endfacet
  facet normal 0 0 1
    outer loop
      vertex 100.847 11.3353 7.8
      vertex 98.7216 11.9047 7.8
      vertex 100.657 10.7779 7.8
    endloop
  endfacet
  facet normal 0 0 1
    outer loop
      vertex 98.1263 14.1263 7.8
      vertex 99.682 15.682 7.8
      vertex 99.2394 16.0701 7.8
    endloop
  endfacet
  facet normal -0 0 1
    outer loop
      vertex 98.6249 11.6198 7.8
      vertex 100.657 10.7779 7.8
      vertex 98.7216 11.9047 7.8
    endloop
  endfacet
  facet normal 0 0 1
    outer loop
      vertex 100.657 10.7779 7.8
      vertex 98.6249 11.6198 7.8
      vertex 100.397 10.25 7.8
    endloop
  endfacet
  facet normal 0 0 1
    outer loop
      vertex 100.962 13.0874 7.8
      vertex 98.7803 12.8002 7.8
      vertex 98.8 12.5 7.8
    endloop
  endfacet
  facet normal 0 0 1
    outer loop
      vertex 97.9002 14.3247 7.8
      vertex 99.2394 16.0701 7.8
      vertex 98.75 16.3971 7.8
    endloop
  endfacet
  facet normal 0 0 1
    outer loop
      vertex 100.847 13.6647 7.8
      vertex 98.7216 13.0953 7.8
      vertex 98.7803 12.8002 7.8
    endloop
  endfacet
  facet normal 0 0 1
    outer loop
      vertex 100.657 14.2221 7.8
      vertex 98.6249 13.3802 7.8
      vertex 98.7216 13.0953 7.8
    endloop
  endfacet
  facet normal 0 0 1
    outer loop
      vertex 100.397 14.75 7.8
      vertex 98.4919 13.65 7.8
      vertex 98.6249 13.3802 7.8
    endloop
  endfacet
  facet normal 0 0 1
    outer loop
      vertex 100.07 15.2394 7.8
      vertex 98.3247 13.9002 7.8
      vertex 98.4919 13.65 7.8
    endloop
  endfacet
  facet normal 0 0 1
    outer loop
      vertex 97.65 14.4919 7.8
      vertex 98.75 16.3971 7.8
      vertex 98.2221 16.6575 7.8
    endloop
  endfacet
  facet normal 0 0 1
    outer loop
      vertex 99.682 15.682 7.8
      vertex 98.1263 14.1263 7.8
      vertex 98.3247 13.9002 7.8
    endloop
  endfacet
  facet normal 0 0 1
    outer loop
      vertex 99.2394 16.0701 7.8
      vertex 97.9002 14.3247 7.8
      vertex 98.1263 14.1263 7.8
    endloop
  endfacet
  facet normal 0 0 1
    outer loop
      vertex 97.3802 14.6249 7.8
      vertex 98.2221 16.6575 7.8
      vertex 97.6647 16.8467 7.8
    endloop
  endfacet
  facet normal 0 0 1
    outer loop
      vertex 98.75 16.3971 7.8
      vertex 97.65 14.4919 7.8
      vertex 97.9002 14.3247 7.8
    endloop
  endfacet
  facet normal 0 0 1
    outer loop
      vertex 98.2221 16.6575 7.8
      vertex 97.3802 14.6249 7.8
      vertex 97.65 14.4919 7.8
    endloop
  endfacet
  facet normal 0 0 1
    outer loop
      vertex 97.6647 16.8467 7.8
      vertex 97.0953 14.7216 7.8
      vertex 97.3802 14.6249 7.8
    endloop
  endfacet
  facet normal 0 0 1
    outer loop
      vertex 97.0874 16.9615 7.8
      vertex 97.0953 14.7216 7.8
      vertex 97.6647 16.8467 7.8
    endloop
  endfacet
  facet normal 0 0 1
    outer loop
      vertex 97.0874 16.9615 7.8
      vertex 96.8002 14.7803 7.8
      vertex 97.0953 14.7216 7.8
    endloop
  endfacet
  facet normal 0 0 1
    outer loop
      vertex 96.5 17 7.8
      vertex 96.8002 14.7803 7.8
      vertex 97.0874 16.9615 7.8
    endloop
  endfacet
  facet normal 0 0 1
    outer loop
      vertex 96.5 17 7.8
      vertex 96.5 14.8 7.8
      vertex 96.8002 14.7803 7.8
    endloop
  endfacet
  facet normal 0 0 1
    outer loop
      vertex 96.5 17 7.8
      vertex 96.1998 14.7803 7.8
      vertex 96.5 14.8 7.8
    endloop
  endfacet
  facet normal -0 0 1
    outer loop
      vertex 95.9126 16.9615 7.8
      vertex 96.1998 14.7803 7.8
      vertex 96.5 17 7.8
    endloop
  endfacet
  facet normal 0 0 1
    outer loop
      vertex 95.9126 16.9615 7.8
      vertex 95.9047 14.7216 7.8
      vertex 96.1998 14.7803 7.8
    endloop
  endfacet
  facet normal -0 0 1
    outer loop
      vertex 95.3353 16.8467 7.8
      vertex 95.9047 14.7216 7.8
      vertex 95.9126 16.9615 7.8
    endloop
  endfacet
  facet normal 0 0 1
    outer loop
      vertex 95.9047 14.7216 7.8
      vertex 95.3353 16.8467 7.8
      vertex 95.6198 14.6249 7.8
    endloop
  endfacet
  facet normal -0 0 1
    outer loop
      vertex 94.7779 16.6575 7.8
      vertex 95.6198 14.6249 7.8
      vertex 95.3353 16.8467 7.8
    endloop
  endfacet
  facet normal 0 0 1
    outer loop
      vertex 95.6198 14.6249 7.8
      vertex 94.7779 16.6575 7.8
      vertex 95.35 14.4919 7.8
    endloop
  endfacet
  facet normal -0 0 1
    outer loop
      vertex 94.25 16.3971 7.8
      vertex 95.35 14.4919 7.8
      vertex 94.7779 16.6575 7.8
    endloop
  endfacet
  facet normal 0 0 1
    outer loop
      vertex 95.35 14.4919 7.8
      vertex 94.25 16.3971 7.8
      vertex 95.0998 14.3247 7.8
    endloop
  endfacet
  facet normal -0 0 1
    outer loop
      vertex 93.7606 16.0701 7.8
      vertex 95.0998 14.3247 7.8
      vertex 94.25 16.3971 7.8
    endloop
  endfacet
  facet normal 0 0 1
    outer loop
      vertex 95.0998 14.3247 7.8
      vertex 93.7606 16.0701 7.8
      vertex 94.8737 14.1263 7.8
    endloop
  endfacet
  facet normal -0 0 1
    outer loop
      vertex 93.318 15.682 7.8
      vertex 94.8737 14.1263 7.8
      vertex 93.7606 16.0701 7.8
    endloop
  endfacet
  facet normal 0 0 1
    outer loop
      vertex 94.8737 14.1263 7.8
      vertex 93.318 15.682 7.8
      vertex 94.6753 13.9002 7.8
    endloop
  endfacet
  facet normal -0 0 1
    outer loop
      vertex 92.9299 15.2394 7.8
      vertex 94.6753 13.9002 7.8
      vertex 93.318 15.682 7.8
    endloop
  endfacet
  facet normal 0 0 1
    outer loop
      vertex 94.6753 13.9002 7.8
      vertex 92.9299 15.2394 7.8
      vertex 94.5081 13.65 7.8
    endloop
  endfacet
  facet normal -0 0 1
    outer loop
      vertex 92.6029 14.75 7.8
      vertex 94.5081 13.65 7.8
      vertex 92.9299 15.2394 7.8
    endloop
  endfacet
  facet normal 0 0 1
    outer loop
      vertex 94.5081 13.65 7.8
      vertex 92.6029 14.75 7.8
      vertex 94.3751 13.3802 7.8
    endloop
  endfacet
  facet normal -0 0 1
    outer loop
      vertex 98.4919 11.35 7.8
      vertex 100.397 10.25 7.8
      vertex 98.6249 11.6198 7.8
    endloop
  endfacet
  facet normal 0 0 1
    outer loop
      vertex 100.397 10.25 7.8
      vertex 98.4919 11.35 7.8
      vertex 100.07 9.76057 7.8
    endloop
  endfacet
  facet normal -0 0 1
    outer loop
      vertex 98.3247 11.0998 7.8
      vertex 100.07 9.76057 7.8
      vertex 98.4919 11.35 7.8
    endloop
  endfacet
  facet normal 0 0 1
    outer loop
      vertex 100.07 9.76057 7.8
      vertex 98.3247 11.0998 7.8
      vertex 99.682 9.31802 7.8
    endloop
  endfacet
  facet normal -0 0 1
    outer loop
      vertex 98.1263 10.8737 7.8
      vertex 99.682 9.31802 7.8
      vertex 98.3247 11.0998 7.8
    endloop
  endfacet
  facet normal 0 0 1
    outer loop
      vertex 99.682 9.31802 7.8
      vertex 98.1263 10.8737 7.8
      vertex 99.2394 8.92991 7.8
    endloop
  endfacet
  facet normal -0 0 1
    outer loop
      vertex 97.9002 10.6753 7.8
      vertex 99.2394 8.92991 7.8
      vertex 98.1263 10.8737 7.8
    endloop
  endfacet
  facet normal 0 0 1
    outer loop
      vertex 99.2394 8.92991 7.8
      vertex 97.9002 10.6753 7.8
      vertex 98.75 8.60289 7.8
    endloop
  endfacet
  facet normal -0 0 1
    outer loop
      vertex 97.65 10.5081 7.8
      vertex 98.75 8.60289 7.8
      vertex 97.9002 10.6753 7.8
    endloop
  endfacet
  facet normal 0 0 1
    outer loop
      vertex 98.75 8.60289 7.8
      vertex 97.65 10.5081 7.8
      vertex 98.2221 8.34254 7.8
    endloop
  endfacet
  facet normal -0 0 1
    outer loop
      vertex 97.3802 10.3751 7.8
      vertex 98.2221 8.34254 7.8
      vertex 97.65 10.5081 7.8
    endloop
  endfacet
  facet normal 0 0 1
    outer loop
      vertex 98.2221 8.34254 7.8
      vertex 97.3802 10.3751 7.8
      vertex 97.6647 8.15333 7.8
    endloop
  endfacet
  facet normal -0 0 1
    outer loop
      vertex 97.0953 10.2784 7.8
      vertex 97.6647 8.15333 7.8
      vertex 97.3802 10.3751 7.8
    endloop
  endfacet
  facet normal 0 0 1
    outer loop
      vertex 97.0953 10.2784 7.8
      vertex 97.0874 8.0385 7.8
      vertex 97.6647 8.15333 7.8
    endloop
  endfacet
  facet normal -0 0 1
    outer loop
      vertex 96.8002 10.2197 7.8
      vertex 97.0874 8.0385 7.8
      vertex 97.0953 10.2784 7.8
    endloop
  endfacet
  facet normal -0 0 1
    outer loop
      vertex 96.5 10.2 7.8
      vertex 97.0874 8.0385 7.8
      vertex 96.8002 10.2197 7.8
    endloop
  endfacet
  facet normal 0 0 1
    outer loop
      vertex 96.5 10.2 7.8
      vertex 96.5 8 7.8
      vertex 97.0874 8.0385 7.8
    endloop
  endfacet
  facet normal 0 0 1
    outer loop
      vertex 96.1998 10.2197 7.8
      vertex 96.5 8 7.8
      vertex 96.5 10.2 7.8
    endloop
  endfacet
  facet normal 0 0 1
    outer loop
      vertex 96.1998 10.2197 7.8
      vertex 95.9126 8.0385 7.8
      vertex 96.5 8 7.8
    endloop
  endfacet
  facet normal 0 0 1
    outer loop
      vertex 95.9047 10.2784 7.8
      vertex 95.9126 8.0385 7.8
      vertex 96.1998 10.2197 7.8
    endloop
  endfacet
  facet normal 0 0 1
    outer loop
      vertex 95.3353 8.15333 7.8
      vertex 95.9047 10.2784 7.8
      vertex 95.6198 10.3751 7.8
    endloop
  endfacet
  facet normal 0 0 1
    outer loop
      vertex 94.7779 8.34254 7.8
      vertex 95.6198 10.3751 7.8
      vertex 95.35 10.5081 7.8
    endloop
  endfacet
  facet normal 0 0 1
    outer loop
      vertex 95.9047 10.2784 7.8
      vertex 95.3353 8.15333 7.8
      vertex 95.9126 8.0385 7.8
    endloop
  endfacet
  facet normal 0 0 1
    outer loop
      vertex 94.25 8.60289 7.8
      vertex 95.35 10.5081 7.8
      vertex 95.0998 10.6753 7.8
    endloop
  endfacet
  facet normal 0 0 1
    outer loop
      vertex 93.7606 8.92991 7.8
      vertex 95.0998 10.6753 7.8
      vertex 94.8737 10.8737 7.8
    endloop
  endfacet
  facet normal 0 0 1
    outer loop
      vertex 95.6198 10.3751 7.8
      vertex 94.7779 8.34254 7.8
      vertex 95.3353 8.15333 7.8
    endloop
  endfacet
  facet normal 0 0 1
    outer loop
      vertex 93.318 9.31802 7.8
      vertex 94.8737 10.8737 7.8
      vertex 94.6753 11.0998 7.8
    endloop
  endfacet
  facet normal 0 0 1
    outer loop
      vertex 92.9299 9.76057 7.8
      vertex 94.6753 11.0998 7.8
      vertex 94.5081 11.35 7.8
    endloop
  endfacet
  facet normal 0 0 1
    outer loop
      vertex 92.6029 10.25 7.8
      vertex 94.5081 11.35 7.8
      vertex 94.3751 11.6198 7.8
    endloop
  endfacet
  facet normal 0 0 1
    outer loop
      vertex 92.3425 10.7779 7.8
      vertex 94.3751 11.6198 7.8
      vertex 94.2784 11.9047 7.8
    endloop
  endfacet
  facet normal 0 0 1
    outer loop
      vertex 95.35 10.5081 7.8
      vertex 94.25 8.60289 7.8
      vertex 94.7779 8.34254 7.8
    endloop
  endfacet
  facet normal 0 0 1
    outer loop
      vertex 92.1533 11.3353 7.8
      vertex 94.2784 11.9047 7.8
      vertex 94.2197 12.1998 7.8
    endloop
  endfacet
  facet normal 0 0 1
    outer loop
      vertex 92.0385 11.9126 7.8
      vertex 94.2197 12.1998 7.8
      vertex 94.2 12.5 7.8
    endloop
  endfacet
  facet normal -0 0 1
    outer loop
      vertex 92.3425 14.2221 7.8
      vertex 94.3751 13.3802 7.8
      vertex 92.6029 14.75 7.8
    endloop
  endfacet
  facet normal 0 0 1
    outer loop
      vertex 95.0998 10.6753 7.8
      vertex 93.7606 8.92991 7.8
      vertex 94.25 8.60289 7.8
    endloop
  endfacet
  facet normal 0 0 1
    outer loop
      vertex 94.3751 13.3802 7.8
      vertex 92.3425 14.2221 7.8
      vertex 94.2784 13.0953 7.8
    endloop
  endfacet
  facet normal 0 0 1
    outer loop
      vertex 94.8737 10.8737 7.8
      vertex 93.318 9.31802 7.8
      vertex 93.7606 8.92991 7.8
    endloop
  endfacet
  facet normal -0 0 1
    outer loop
      vertex 92.1533 13.6647 7.8
      vertex 94.2784 13.0953 7.8
      vertex 92.3425 14.2221 7.8
    endloop
  endfacet
  facet normal 0 0 1
    outer loop
      vertex 94.6753 11.0998 7.8
      vertex 92.9299 9.76057 7.8
      vertex 93.318 9.31802 7.8
    endloop
  endfacet
  facet normal 0 0 1
    outer loop
      vertex 94.2784 13.0953 7.8
      vertex 92.1533 13.6647 7.8
      vertex 94.2197 12.8002 7.8
    endloop
  endfacet
  facet normal 0 0 1
    outer loop
      vertex 94.5081 11.35 7.8
      vertex 92.6029 10.25 7.8
      vertex 92.9299 9.76057 7.8
    endloop
  endfacet
  facet normal -0 0 1
    outer loop
      vertex 92.0385 13.0874 7.8
      vertex 94.2197 12.8002 7.8
      vertex 92.1533 13.6647 7.8
    endloop
  endfacet
  facet normal 0 0 1
    outer loop
      vertex 94.3751 11.6198 7.8
      vertex 92.3425 10.7779 7.8
      vertex 92.6029 10.25 7.8
    endloop
  endfacet
  facet normal 0 0 1
    outer loop
      vertex 94.2197 12.8002 7.8
      vertex 92.0385 13.0874 7.8
      vertex 94.2 12.5 7.8
    endloop
  endfacet
  facet normal 0 0 1
    outer loop
      vertex 94.2784 11.9047 7.8
      vertex 92.1533 11.3353 7.8
      vertex 92.3425 10.7779 7.8
    endloop
  endfacet
  facet normal 0 0 1
    outer loop
      vertex 92 12.5 7.8
      vertex 94.2 12.5 7.8
      vertex 92.0385 13.0874 7.8
    endloop
  endfacet
  facet normal 0 0 1
    outer loop
      vertex 94.2197 12.1998 7.8
      vertex 92.0385 11.9126 7.8
      vertex 92.1533 11.3353 7.8
    endloop
  endfacet
  facet normal 0 0 1
    outer loop
      vertex 94.2 12.5 7.8
      vertex 92 12.5 7.8
      vertex 92.0385 11.9126 7.8
    endloop
  endfacet
  facet normal 0.831475 0.555562 0
    outer loop
      vertex 100.397 14.75 7.8
      vertex 100.07 15.2394 2.4
      vertex 100.07 15.2394 7.8
    endloop
  endfacet
  facet normal 0.831475 0.555562 0
    outer loop
      vertex 100.07 15.2394 2.4
      vertex 100.397 14.75 7.8
      vertex 100.397 14.75 2.4
    endloop
  endfacet
  facet normal 0.555562 0.831475 -0
    outer loop
      vertex 99.2394 16.0701 2.4
      vertex 98.75 16.3971 7.8
      vertex 99.2394 16.0701 7.8
    endloop
  endfacet
  facet normal 0.555562 0.831475 0
    outer loop
      vertex 98.75 16.3971 7.8
      vertex 99.2394 16.0701 2.4
      vertex 98.75 16.3971 2.4
    endloop
  endfacet
  facet normal 0.897096 -0.441836 0
    outer loop
      vertex 100.397 10.25 7.8
      vertex 100.657 10.7779 2.4
      vertex 100.657 10.7779 7.8
    endloop
  endfacet
  facet normal 0.897096 -0.441836 0
    outer loop
      vertex 100.657 10.7779 2.4
      vertex 100.397 10.25 7.8
      vertex 100.397 10.25 2.4
    endloop
  endfacet
  facet normal 0.997914 -0.0645569 0
    outer loop
      vertex 100.962 11.9126 7.8
      vertex 101 12.5 2.4
      vertex 101 12.5 7.8
    endloop
  endfacet
  facet normal 0.997914 -0.0645569 0
    outer loop
      vertex 101 12.5 2.4
      vertex 100.962 11.9126 7.8
      vertex 100.962 11.9126 2.4
    endloop
  endfacet
  facet normal 0.321421 0.946936 -0
    outer loop
      vertex 98.2221 16.6575 2.4
      vertex 97.6647 16.8467 7.8
      vertex 98.2221 16.6575 7.8
    endloop
  endfacet
  facet normal 0.321421 0.946936 0
    outer loop
      vertex 97.6647 16.8467 7.8
      vertex 98.2221 16.6575 2.4
      vertex 97.6647 16.8467 2.4
    endloop
  endfacet
  facet normal -0.896827 0.442382 0
    outer loop
      vertex 92.3425 14.2221 2.4
      vertex 92.6029 14.75 7.8
      vertex 92.6029 14.75 2.4
    endloop
  endfacet
  facet normal -0.896827 0.442382 0
    outer loop
      vertex 92.6029 14.75 7.8
      vertex 92.3425 14.2221 2.4
      vertex 92.3425 14.2221 7.8
    endloop
  endfacet
  facet normal -0.659298 0.751882 0
    outer loop
      vertex 93.7606 16.0701 2.4
      vertex 93.318 15.682 7.8
      vertex 93.7606 16.0701 7.8
    endloop
  endfacet
  facet normal -0.659298 0.751882 0
    outer loop
      vertex 93.318 15.682 7.8
      vertex 93.7606 16.0701 2.4
      vertex 93.318 15.682 2.4
    endloop
  endfacet
  facet normal 0.321437 -0.946931 0
    outer loop
      vertex 97.6647 8.15333 2.4
      vertex 98.2221 8.34254 7.8
      vertex 97.6647 8.15333 7.8
    endloop
  endfacet
  facet normal 0.321437 -0.946931 0
    outer loop
      vertex 98.2221 8.34254 7.8
      vertex 97.6647 8.15333 2.4
      vertex 98.2221 8.34254 2.4
    endloop
  endfacet
  facet normal -0.997859 -0.0654027 0
    outer loop
      vertex 92.0385 11.9126 2.4
      vertex 92 12.5 7.8
      vertex 92 12.5 2.4
    endloop
  endfacet
  facet normal -0.997859 -0.0654027 0
    outer loop
      vertex 92 12.5 7.8
      vertex 92.0385 11.9126 2.4
      vertex 92.0385 11.9126 7.8
    endloop
  endfacet
  facet normal -0.659308 -0.751873 0
    outer loop
      vertex 93.318 9.31802 2.4
      vertex 93.7606 8.92991 7.8
      vertex 93.318 9.31802 7.8
    endloop
  endfacet
  facet normal -0.659308 -0.751873 -0
    outer loop
      vertex 93.7606 8.92991 7.8
      vertex 93.318 9.31802 2.4
      vertex 93.7606 8.92991 2.4
    endloop
  endfacet
  facet normal -0.321421 0.946936 0
    outer loop
      vertex 95.3353 16.8467 2.4
      vertex 94.7779 16.6575 7.8
      vertex 95.3353 16.8467 7.8
    endloop
  endfacet
  facet normal -0.321421 0.946936 0
    outer loop
      vertex 94.7779 16.6575 7.8
      vertex 95.3353 16.8467 2.4
      vertex 94.7779 16.6575 2.4
    endloop
  endfacet
  facet normal -0.831491 -0.555539 0
    outer loop
      vertex 92.9299 9.76057 2.4
      vertex 92.6029 10.25 7.8
      vertex 92.6029 10.25 2.4
    endloop
  endfacet
  facet normal -0.831491 -0.555539 0
    outer loop
      vertex 92.6029 10.25 7.8
      vertex 92.9299 9.76057 2.4
      vertex 92.9299 9.76057 7.8
    endloop
  endfacet
  facet normal -0.555562 0.831475 0
    outer loop
      vertex 94.25 16.3971 2.4
      vertex 93.7606 16.0701 7.8
      vertex 94.25 16.3971 7.8
    endloop
  endfacet
  facet normal -0.555562 0.831475 0
    outer loop
      vertex 93.7606 16.0701 7.8
      vertex 94.25 16.3971 2.4
      vertex 93.7606 16.0701 2.4
    endloop
  endfacet
  facet normal -0.997859 0.0654027 0
    outer loop
      vertex 92 12.5 2.4
      vertex 92.0385 13.0874 7.8
      vertex 92.0385 13.0874 2.4
    endloop
  endfacet
  facet normal -0.997859 0.0654027 0
    outer loop
      vertex 92.0385 13.0874 7.8
      vertex 92 12.5 2.4
      vertex 92 12.5 7.8
    endloop
  endfacet
  facet normal 0.195038 0.980796 -0
    outer loop
      vertex 97.6647 16.8467 2.4
      vertex 97.0874 16.9615 7.8
      vertex 97.6647 16.8467 7.8
    endloop
  endfacet
  facet normal 0.195038 0.980796 0
    outer loop
      vertex 97.0874 16.9615 7.8
      vertex 97.6647 16.8467 2.4
      vertex 97.0874 16.9615 2.4
    endloop
  endfacet
  facet normal -0.442382 0.896827 0
    outer loop
      vertex 94.7779 16.6575 2.4
      vertex 94.25 16.3971 7.8
      vertex 94.7779 16.6575 7.8
    endloop
  endfacet
  facet normal -0.442382 0.896827 0
    outer loop
      vertex 94.25 16.3971 7.8
      vertex 94.7779 16.6575 2.4
      vertex 94.25 16.3971 2.4
    endloop
  endfacet
  facet normal 0.0654027 -0.997859 0
    outer loop
      vertex 96.5 8 2.4
      vertex 97.0874 8.0385 7.8
      vertex 96.5 8 7.8
    endloop
  endfacet
  facet normal 0.0654027 -0.997859 0
    outer loop
      vertex 97.0874 8.0385 7.8
      vertex 96.5 8 2.4
      vertex 97.0874 8.0385 2.4
    endloop
  endfacet
  facet normal 0.659308 -0.751873 0
    outer loop
      vertex 99.2394 8.92991 2.4
      vertex 99.682 9.31802 7.8
      vertex 99.2394 8.92991 7.8
    endloop
  endfacet
  facet normal 0.659308 -0.751873 0
    outer loop
      vertex 99.682 9.31802 7.8
      vertex 99.2394 8.92991 2.4
      vertex 99.682 9.31802 2.4
    endloop
  endfacet
  facet normal -0.946936 -0.321421 0
    outer loop
      vertex 92.3425 10.7779 2.4
      vertex 92.1533 11.3353 7.8
      vertex 92.1533 11.3353 2.4
    endloop
  endfacet
  facet normal -0.946936 -0.321421 0
    outer loop
      vertex 92.1533 11.3353 7.8
      vertex 92.3425 10.7779 2.4
      vertex 92.3425 10.7779 7.8
    endloop
  endfacet
  facet normal 0.946522 -0.322639 0
    outer loop
      vertex 100.657 10.7779 7.8
      vertex 100.847 11.3353 2.4
      vertex 100.847 11.3353 7.8
    endloop
  endfacet
  facet normal 0.946522 -0.322639 0
    outer loop
      vertex 100.847 11.3353 2.4
      vertex 100.657 10.7779 7.8
      vertex 100.657 10.7779 2.4
    endloop
  endfacet
  facet normal 0.442382 0.896827 -0
    outer loop
      vertex 98.75 16.3971 2.4
      vertex 98.2221 16.6575 7.8
      vertex 98.75 16.3971 7.8
    endloop
  endfacet
  facet normal 0.442382 0.896827 0
    outer loop
      vertex 98.2221 16.6575 7.8
      vertex 98.75 16.3971 2.4
      vertex 98.2221 16.6575 2.4
    endloop
  endfacet
  facet normal -0.195038 0.980796 0
    outer loop
      vertex 95.9126 16.9615 2.4
      vertex 95.3353 16.8467 7.8
      vertex 95.9126 16.9615 7.8
    endloop
  endfacet
  facet normal -0.195038 0.980796 0
    outer loop
      vertex 95.3353 16.8467 7.8
      vertex 95.9126 16.9615 2.4
      vertex 95.3353 16.8467 2.4
    endloop
  endfacet
  facet normal 0.751966 0.659202 0
    outer loop
      vertex 100.07 15.2394 7.8
      vertex 99.682 15.682 2.4
      vertex 99.682 15.682 7.8
    endloop
  endfacet
  facet normal 0.751966 0.659202 0
    outer loop
      vertex 99.682 15.682 2.4
      vertex 100.07 15.2394 7.8
      vertex 100.07 15.2394 2.4
    endloop
  endfacet
  facet normal 0.751929 -0.659244 0
    outer loop
      vertex 99.682 9.31802 7.8
      vertex 100.07 9.76057 2.4
      vertex 100.07 9.76057 7.8
    endloop
  endfacet
  facet normal 0.751929 -0.659244 0
    outer loop
      vertex 100.07 9.76057 2.4
      vertex 99.682 9.31802 7.8
      vertex 99.682 9.31802 2.4
    endloop
  endfacet
  facet normal -0.442314 -0.89686 0
    outer loop
      vertex 94.25 8.60289 2.4
      vertex 94.7779 8.34254 7.8
      vertex 94.25 8.60289 7.8
    endloop
  endfacet
  facet normal -0.442314 -0.89686 -0
    outer loop
      vertex 94.7779 8.34254 7.8
      vertex 94.25 8.60289 2.4
      vertex 94.7779 8.34254 2.4
    endloop
  endfacet
  facet normal -0.946936 0.321421 0
    outer loop
      vertex 92.1533 13.6647 2.4
      vertex 92.3425 14.2221 7.8
      vertex 92.3425 14.2221 2.4
    endloop
  endfacet
  facet normal -0.946936 0.321421 0
    outer loop
      vertex 92.3425 14.2221 7.8
      vertex 92.1533 13.6647 2.4
      vertex 92.1533 13.6647 7.8
    endloop
  endfacet
  facet normal 0.195087 -0.980786 0
    outer loop
      vertex 97.0874 8.0385 2.4
      vertex 97.6647 8.15333 7.8
      vertex 97.0874 8.0385 7.8
    endloop
  endfacet
  facet normal 0.195087 -0.980786 0
    outer loop
      vertex 97.6647 8.15333 7.8
      vertex 97.0874 8.0385 2.4
      vertex 97.6647 8.15333 2.4
    endloop
  endfacet
  facet normal 0.442314 -0.89686 0
    outer loop
      vertex 98.2221 8.34254 2.4
      vertex 98.75 8.60289 7.8
      vertex 98.2221 8.34254 7.8
    endloop
  endfacet
  facet normal 0.442314 -0.89686 0
    outer loop
      vertex 98.75 8.60289 7.8
      vertex 98.2221 8.34254 2.4
      vertex 98.75 8.60289 2.4
    endloop
  endfacet
  facet normal 0 0 -1
    outer loop
      vertex 100.962 11.9126 2.4
      vertex 100.962 13.0874 2.4
      vertex 101 12.5 2.4
    endloop
  endfacet
  facet normal 0 0 -1
    outer loop
      vertex 100.847 11.3353 2.4
      vertex 100.962 13.0874 2.4
      vertex 100.962 11.9126 2.4
    endloop
  endfacet
  facet normal 0 0 -1
    outer loop
      vertex 100.847 11.3353 2.4
      vertex 100.847 13.6647 2.4
      vertex 100.962 13.0874 2.4
    endloop
  endfacet
  facet normal 0 0 -1
    outer loop
      vertex 100.657 10.7779 2.4
      vertex 100.847 13.6647 2.4
      vertex 100.847 11.3353 2.4
    endloop
  endfacet
  facet normal 0 0 -1
    outer loop
      vertex 100.657 10.7779 2.4
      vertex 100.657 14.2221 2.4
      vertex 100.847 13.6647 2.4
    endloop
  endfacet
  facet normal 0 0 -1
    outer loop
      vertex 100.397 10.25 2.4
      vertex 100.657 14.2221 2.4
      vertex 100.657 10.7779 2.4
    endloop
  endfacet
  facet normal 0 0 -1
    outer loop
      vertex 100.397 10.25 2.4
      vertex 100.397 14.75 2.4
      vertex 100.657 14.2221 2.4
    endloop
  endfacet
  facet normal 0 0 -1
    outer loop
      vertex 100.07 9.76057 2.4
      vertex 100.397 14.75 2.4
      vertex 100.397 10.25 2.4
    endloop
  endfacet
  facet normal 0 0 -1
    outer loop
      vertex 100.07 9.76057 2.4
      vertex 100.07 15.2394 2.4
      vertex 100.397 14.75 2.4
    endloop
  endfacet
  facet normal 0 0 -1
    outer loop
      vertex 99.682 9.31802 2.4
      vertex 100.07 15.2394 2.4
      vertex 100.07 9.76057 2.4
    endloop
  endfacet
  facet normal 0 0 -1
    outer loop
      vertex 99.682 9.31802 2.4
      vertex 99.682 15.682 2.4
      vertex 100.07 15.2394 2.4
    endloop
  endfacet
  facet normal 0 0 -1
    outer loop
      vertex 99.2394 8.92991 2.4
      vertex 99.682 15.682 2.4
      vertex 99.682 9.31802 2.4
    endloop
  endfacet
  facet normal 0 0 -1
    outer loop
      vertex 99.2394 8.92991 2.4
      vertex 99.2394 16.0701 2.4
      vertex 99.682 15.682 2.4
    endloop
  endfacet
  facet normal 0 0 -1
    outer loop
      vertex 98.75 8.60289 2.4
      vertex 99.2394 16.0701 2.4
      vertex 99.2394 8.92991 2.4
    endloop
  endfacet
  facet normal 0 0 -1
    outer loop
      vertex 98.75 8.60289 2.4
      vertex 98.75 16.3971 2.4
      vertex 99.2394 16.0701 2.4
    endloop
  endfacet
  facet normal 0 0 -1
    outer loop
      vertex 98.2221 8.34254 2.4
      vertex 98.75 16.3971 2.4
      vertex 98.75 8.60289 2.4
    endloop
  endfacet
  facet normal 0 0 -1
    outer loop
      vertex 98.2221 8.34254 2.4
      vertex 98.2221 16.6575 2.4
      vertex 98.75 16.3971 2.4
    endloop
  endfacet
  facet normal 0 0 -1
    outer loop
      vertex 97.6647 8.15333 2.4
      vertex 98.2221 16.6575 2.4
      vertex 98.2221 8.34254 2.4
    endloop
  endfacet
  facet normal 0 0 -1
    outer loop
      vertex 97.6647 8.15333 2.4
      vertex 97.6647 16.8467 2.4
      vertex 98.2221 16.6575 2.4
    endloop
  endfacet
  facet normal 0 0 -1
    outer loop
      vertex 97.0874 8.0385 2.4
      vertex 97.6647 16.8467 2.4
      vertex 97.6647 8.15333 2.4
    endloop
  endfacet
  facet normal 0 0 -1
    outer loop
      vertex 97.0874 8.0385 2.4
      vertex 97.0874 16.9615 2.4
      vertex 97.6647 16.8467 2.4
    endloop
  endfacet
  facet normal 0 0 -1
    outer loop
      vertex 96.5 8 2.4
      vertex 97.0874 16.9615 2.4
      vertex 97.0874 8.0385 2.4
    endloop
  endfacet
  facet normal 0 0 -1
    outer loop
      vertex 96.5 8 2.4
      vertex 96.5 17 2.4
      vertex 97.0874 16.9615 2.4
    endloop
  endfacet
  facet normal 0 0 -1
    outer loop
      vertex 95.9126 8.0385 2.4
      vertex 96.5 17 2.4
      vertex 96.5 8 2.4
    endloop
  endfacet
  facet normal 0 0 -1
    outer loop
      vertex 95.9126 8.0385 2.4
      vertex 95.9126 16.9615 2.4
      vertex 96.5 17 2.4
    endloop
  endfacet
  facet normal 0 0 -1
    outer loop
      vertex 95.3353 8.15333 2.4
      vertex 95.9126 16.9615 2.4
      vertex 95.9126 8.0385 2.4
    endloop
  endfacet
  facet normal 0 0 -1
    outer loop
      vertex 95.3353 8.15333 2.4
      vertex 95.3353 16.8467 2.4
      vertex 95.9126 16.9615 2.4
    endloop
  endfacet
  facet normal 0 0 -1
    outer loop
      vertex 94.7779 8.34254 2.4
      vertex 95.3353 16.8467 2.4
      vertex 95.3353 8.15333 2.4
    endloop
  endfacet
  facet normal 0 0 -1
    outer loop
      vertex 94.7779 8.34254 2.4
      vertex 94.7779 16.6575 2.4
      vertex 95.3353 16.8467 2.4
    endloop
  endfacet
  facet normal 0 0 -1
    outer loop
      vertex 94.25 8.60289 2.4
      vertex 94.7779 16.6575 2.4
      vertex 94.7779 8.34254 2.4
    endloop
  endfacet
  facet normal 0 0 -1
    outer loop
      vertex 94.25 8.60289 2.4
      vertex 94.25 16.3971 2.4
      vertex 94.7779 16.6575 2.4
    endloop
  endfacet
  facet normal 0 0 -1
    outer loop
      vertex 93.7606 8.92991 2.4
      vertex 94.25 16.3971 2.4
      vertex 94.25 8.60289 2.4
    endloop
  endfacet
  facet normal 0 0 -1
    outer loop
      vertex 93.7606 8.92991 2.4
      vertex 93.7606 16.0701 2.4
      vertex 94.25 16.3971 2.4
    endloop
  endfacet
  facet normal 0 0 -1
    outer loop
      vertex 93.318 9.31802 2.4
      vertex 93.7606 16.0701 2.4
      vertex 93.7606 8.92991 2.4
    endloop
  endfacet
  facet normal 0 0 -1
    outer loop
      vertex 93.318 9.31802 2.4
      vertex 93.318 15.682 2.4
      vertex 93.7606 16.0701 2.4
    endloop
  endfacet
  facet normal 0 0 -1
    outer loop
      vertex 92.9299 9.76057 2.4
      vertex 93.318 15.682 2.4
      vertex 93.318 9.31802 2.4
    endloop
  endfacet
  facet normal 0 0 -1
    outer loop
      vertex 92.9299 9.76057 2.4
      vertex 92.9299 15.2394 2.4
      vertex 93.318 15.682 2.4
    endloop
  endfacet
  facet normal 0 0 -1
    outer loop
      vertex 92.6029 10.25 2.4
      vertex 92.9299 15.2394 2.4
      vertex 92.9299 9.76057 2.4
    endloop
  endfacet
  facet normal 0 0 -1
    outer loop
      vertex 92.6029 10.25 2.4
      vertex 92.6029 14.75 2.4
      vertex 92.9299 15.2394 2.4
    endloop
  endfacet
  facet normal 0 0 -1
    outer loop
      vertex 92.3425 10.7779 2.4
      vertex 92.6029 14.75 2.4
      vertex 92.6029 10.25 2.4
    endloop
  endfacet
  facet normal 0 0 -1
    outer loop
      vertex 92.3425 10.7779 2.4
      vertex 92.3425 14.2221 2.4
      vertex 92.6029 14.75 2.4
    endloop
  endfacet
  facet normal 0 0 -1
    outer loop
      vertex 92.1533 11.3353 2.4
      vertex 92.3425 14.2221 2.4
      vertex 92.3425 10.7779 2.4
    endloop
  endfacet
  facet normal 0 0 -1
    outer loop
      vertex 92.1533 11.3353 2.4
      vertex 92.1533 13.6647 2.4
      vertex 92.3425 14.2221 2.4
    endloop
  endfacet
  facet normal 0 0 -1
    outer loop
      vertex 92.0385 11.9126 2.4
      vertex 92.1533 13.6647 2.4
      vertex 92.1533 11.3353 2.4
    endloop
  endfacet
  facet normal 0 0 -1
    outer loop
      vertex 92.0385 11.9126 2.4
      vertex 92.0385 13.0874 2.4
      vertex 92.1533 13.6647 2.4
    endloop
  endfacet
  facet normal 0 -0 -1
    outer loop
      vertex 92.0385 13.0874 2.4
      vertex 92.0385 11.9126 2.4
      vertex 92 12.5 2.4
    endloop
  endfacet
  facet normal -0.751882 0.659298 0
    outer loop
      vertex 92.9299 15.2394 2.4
      vertex 93.318 15.682 7.8
      vertex 93.318 15.682 2.4
    endloop
  endfacet
  facet normal -0.751882 0.659298 0
    outer loop
      vertex 93.318 15.682 7.8
      vertex 92.9299 15.2394 2.4
      vertex 92.9299 15.2394 7.8
    endloop
  endfacet
  facet normal 0.659298 0.751882 -0
    outer loop
      vertex 99.682 15.682 2.4
      vertex 99.2394 16.0701 7.8
      vertex 99.682 15.682 7.8
    endloop
  endfacet
  facet normal 0.659298 0.751882 0
    outer loop
      vertex 99.2394 16.0701 7.8
      vertex 99.682 15.682 2.4
      vertex 99.2394 16.0701 2.4
    endloop
  endfacet
  facet normal -0.896827 -0.442382 0
    outer loop
      vertex 92.6029 10.25 2.4
      vertex 92.3425 10.7779 7.8
      vertex 92.3425 10.7779 2.4
    endloop
  endfacet
  facet normal -0.896827 -0.442382 0
    outer loop
      vertex 92.3425 10.7779 7.8
      vertex 92.6029 10.25 2.4
      vertex 92.6029 10.25 7.8
    endloop
  endfacet
  facet normal 0.831491 -0.555539 0
    outer loop
      vertex 100.07 9.76057 7.8
      vertex 100.397 10.25 2.4
      vertex 100.397 10.25 7.8
    endloop
  endfacet
  facet normal 0.831491 -0.555539 0
    outer loop
      vertex 100.397 10.25 2.4
      vertex 100.07 9.76057 7.8
      vertex 100.07 9.76057 2.4
    endloop
  endfacet
  facet normal 0.897096 0.441836 0
    outer loop
      vertex 100.657 14.2221 7.8
      vertex 100.397 14.75 2.4
      vertex 100.397 14.75 7.8
    endloop
  endfacet
  facet normal 0.897096 0.441836 0
    outer loop
      vertex 100.397 14.75 2.4
      vertex 100.657 14.2221 7.8
      vertex 100.657 14.2221 2.4
    endloop
  endfacet
  facet normal -0.0654027 -0.997859 0
    outer loop
      vertex 95.9126 8.0385 2.4
      vertex 96.5 8 7.8
      vertex 95.9126 8.0385 7.8
    endloop
  endfacet
  facet normal -0.0654027 -0.997859 -0
    outer loop
      vertex 96.5 8 7.8
      vertex 95.9126 8.0385 2.4
      vertex 96.5 8 2.4
    endloop
  endfacet
  facet normal 0.0654027 0.997859 -0
    outer loop
      vertex 97.0874 16.9615 2.4
      vertex 96.5 17 7.8
      vertex 97.0874 16.9615 7.8
    endloop
  endfacet
  facet normal 0.0654027 0.997859 0
    outer loop
      vertex 96.5 17 7.8
      vertex 97.0874 16.9615 2.4
      vertex 96.5 17 2.4
    endloop
  endfacet
  facet normal -0.555586 -0.831459 0
    outer loop
      vertex 93.7606 8.92991 2.4
      vertex 94.25 8.60289 7.8
      vertex 93.7606 8.92991 7.8
    endloop
  endfacet
  facet normal -0.555586 -0.831459 -0
    outer loop
      vertex 94.25 8.60289 7.8
      vertex 93.7606 8.92991 2.4
      vertex 94.25 8.60289 2.4
    endloop
  endfacet
  facet normal 0.555586 -0.831459 0
    outer loop
      vertex 98.75 8.60289 2.4
      vertex 99.2394 8.92991 7.8
      vertex 98.75 8.60289 7.8
    endloop
  endfacet
  facet normal 0.555586 -0.831459 0
    outer loop
      vertex 99.2394 8.92991 7.8
      vertex 98.75 8.60289 2.4
      vertex 99.2394 8.92991 2.4
    endloop
  endfacet
  facet normal 0.946522 0.322639 0
    outer loop
      vertex 100.847 13.6647 7.8
      vertex 100.657 14.2221 2.4
      vertex 100.657 14.2221 7.8
    endloop
  endfacet
  facet normal 0.946522 0.322639 0
    outer loop
      vertex 100.657 14.2221 2.4
      vertex 100.847 13.6647 7.8
      vertex 100.847 13.6647 2.4
    endloop
  endfacet
  facet normal -0.980796 0.195038 0
    outer loop
      vertex 92.0385 13.0874 2.4
      vertex 92.1533 13.6647 7.8
      vertex 92.1533 13.6647 2.4
    endloop
  endfacet
  facet normal -0.980796 0.195038 0
    outer loop
      vertex 92.1533 13.6647 7.8
      vertex 92.0385 13.0874 2.4
      vertex 92.0385 13.0874 7.8
    endloop
  endfacet
  facet normal -0.0654027 0.997859 0
    outer loop
      vertex 96.5 17 2.4
      vertex 95.9126 16.9615 7.8
      vertex 96.5 17 7.8
    endloop
  endfacet
  facet normal -0.0654027 0.997859 0
    outer loop
      vertex 95.9126 16.9615 7.8
      vertex 96.5 17 2.4
      vertex 95.9126 16.9615 2.4
    endloop
  endfacet
  facet normal -0.321437 -0.946931 0
    outer loop
      vertex 94.7779 8.34254 2.4
      vertex 95.3353 8.15333 7.8
      vertex 94.7779 8.34254 7.8
    endloop
  endfacet
  facet normal -0.321437 -0.946931 -0
    outer loop
      vertex 95.3353 8.15333 7.8
      vertex 94.7779 8.34254 2.4
      vertex 95.3353 8.15333 2.4
    endloop
  endfacet
  facet normal -0.980796 -0.195038 0
    outer loop
      vertex 92.1533 11.3353 2.4
      vertex 92.0385 11.9126 7.8
      vertex 92.0385 11.9126 2.4
    endloop
  endfacet
  facet normal -0.980796 -0.195038 0
    outer loop
      vertex 92.0385 11.9126 7.8
      vertex 92.1533 11.3353 2.4
      vertex 92.1533 11.3353 7.8
    endloop
  endfacet
  facet normal -0.751845 -0.65934 0
    outer loop
      vertex 93.318 9.31802 2.4
      vertex 92.9299 9.76057 7.8
      vertex 92.9299 9.76057 2.4
    endloop
  endfacet
  facet normal -0.751845 -0.65934 0
    outer loop
      vertex 92.9299 9.76057 7.8
      vertex 93.318 9.31802 2.4
      vertex 93.318 9.31802 7.8
    endloop
  endfacet
  facet normal -0.195087 -0.980786 0
    outer loop
      vertex 95.3353 8.15333 2.4
      vertex 95.9126 8.0385 7.8
      vertex 95.3353 8.15333 7.8
    endloop
  endfacet
  facet normal -0.195087 -0.980786 -0
    outer loop
      vertex 95.9126 8.0385 7.8
      vertex 95.3353 8.15333 2.4
      vertex 95.9126 8.0385 2.4
    endloop
  endfacet
  facet normal -0.831475 0.555562 0
    outer loop
      vertex 92.6029 14.75 2.4
      vertex 92.9299 15.2394 7.8
      vertex 92.9299 15.2394 2.4
    endloop
  endfacet
  facet normal -0.831475 0.555562 0
    outer loop
      vertex 92.9299 15.2394 7.8
      vertex 92.6029 14.75 2.4
      vertex 92.6029 14.75 7.8
    endloop
  endfacet
  facet normal -0.195093 -0.980785 0
    outer loop
      vertex 96.8002 14.7803 3
      vertex 97.0953 14.7216 7.8
      vertex 96.8002 14.7803 7.8
    endloop
  endfacet
  facet normal -0.195093 -0.980785 -0
    outer loop
      vertex 97.0953 14.7216 7.8
      vertex 96.8002 14.7803 3
      vertex 97.0953 14.7216 3
    endloop
  endfacet
  facet normal -0.980785 -0.195093 0
    outer loop
      vertex 98.7803 12.8002 3
      vertex 98.7216 13.0953 7.8
      vertex 98.7216 13.0953 3
    endloop
  endfacet
  facet normal -0.980785 -0.195093 0
    outer loop
      vertex 98.7216 13.0953 7.8
      vertex 98.7803 12.8002 3
      vertex 98.7803 12.8002 7.8
    endloop
  endfacet
  facet normal -0.997854 -0.0654821 0
    outer loop
      vertex 98.8 12.5 3
      vertex 98.7803 12.8002 7.8
      vertex 98.7803 12.8002 3
    endloop
  endfacet
  facet normal -0.997854 -0.0654821 0
    outer loop
      vertex 98.7803 12.8002 7.8
      vertex 98.8 12.5 3
      vertex 98.8 12.5 7.8
    endloop
  endfacet
  facet normal -0.946941 -0.321408 0
    outer loop
      vertex 98.7216 13.0953 3
      vertex 98.6249 13.3802 7.8
      vertex 98.6249 13.3802 3
    endloop
  endfacet
  facet normal -0.946941 -0.321408 0
    outer loop
      vertex 98.6249 13.3802 7.8
      vertex 98.7216 13.0953 3
      vertex 98.7216 13.0953 7.8
    endloop
  endfacet
  facet normal -0.831436 -0.55562 0
    outer loop
      vertex 98.4919 13.65 3
      vertex 98.3247 13.9002 7.8
      vertex 98.3247 13.9002 3
    endloop
  endfacet
  facet normal -0.831436 -0.55562 0
    outer loop
      vertex 98.3247 13.9002 7.8
      vertex 98.4919 13.65 3
      vertex 98.4919 13.65 7.8
    endloop
  endfacet
  facet normal -0.321408 -0.946941 0
    outer loop
      vertex 97.0953 14.7216 3
      vertex 97.3802 14.6249 7.8
      vertex 97.0953 14.7216 7.8
    endloop
  endfacet
  facet normal -0.321408 -0.946941 -0
    outer loop
      vertex 97.3802 14.6249 7.8
      vertex 97.0953 14.7216 3
      vertex 97.3802 14.6249 3
    endloop
  endfacet
  facet normal 0.980785 0.195093 0
    outer loop
      vertex 94.2784 11.9047 7.8
      vertex 94.2197 12.1998 3
      vertex 94.2197 12.1998 7.8
    endloop
  endfacet
  facet normal 0.980785 0.195093 0
    outer loop
      vertex 94.2197 12.1998 3
      vertex 94.2784 11.9047 7.8
      vertex 94.2784 11.9047 3
    endloop
  endfacet
  facet normal -0.997854 0.0654821 0
    outer loop
      vertex 98.7803 12.1998 3
      vertex 98.8 12.5 7.8
      vertex 98.8 12.5 3
    endloop
  endfacet
  facet normal -0.997854 0.0654821 0
    outer loop
      vertex 98.8 12.5 7.8
      vertex 98.7803 12.1998 3
      vertex 98.7803 12.1998 7.8
    endloop
  endfacet
  facet normal 0.55562 0.831436 -0
    outer loop
      vertex 95.35 10.5081 3
      vertex 95.0998 10.6753 7.8
      vertex 95.35 10.5081 7.8
    endloop
  endfacet
  facet normal 0.55562 0.831436 0
    outer loop
      vertex 95.0998 10.6753 7.8
      vertex 95.35 10.5081 3
      vertex 95.0998 10.6753 3
    endloop
  endfacet
  facet normal 0.997854 0.0654821 0
    outer loop
      vertex 94.2197 12.1998 7.8
      vertex 94.2 12.5 3
      vertex 94.2 12.5 7.8
    endloop
  endfacet
  facet normal 0.997854 0.0654821 0
    outer loop
      vertex 94.2 12.5 3
      vertex 94.2197 12.1998 7.8
      vertex 94.2197 12.1998 3
    endloop
  endfacet
  facet normal 0.321408 0.946941 -0
    outer loop
      vertex 95.9047 10.2784 3
      vertex 95.6198 10.3751 7.8
      vertex 95.9047 10.2784 7.8
    endloop
  endfacet
  facet normal 0.321408 0.946941 0
    outer loop
      vertex 95.6198 10.3751 7.8
      vertex 95.9047 10.2784 3
      vertex 95.6198 10.3751 3
    endloop
  endfacet
  facet normal -0.89694 -0.442153 0
    outer loop
      vertex 98.6249 13.3802 3
      vertex 98.4919 13.65 7.8
      vertex 98.4919 13.65 3
    endloop
  endfacet
  facet normal -0.89694 -0.442153 0
    outer loop
      vertex 98.4919 13.65 7.8
      vertex 98.6249 13.3802 3
      vertex 98.6249 13.3802 7.8
    endloop
  endfacet
  facet normal -0.751649 -0.659563 0
    outer loop
      vertex 98.3247 13.9002 3
      vertex 98.1263 14.1263 7.8
      vertex 98.1263 14.1263 3
    endloop
  endfacet
  facet normal -0.751649 -0.659563 0
    outer loop
      vertex 98.1263 14.1263 7.8
      vertex 98.3247 13.9002 3
      vertex 98.3247 13.9002 7.8
    endloop
  endfacet
  facet normal -0.946941 0.321408 0
    outer loop
      vertex 98.6249 11.6198 3
      vertex 98.7216 11.9047 7.8
      vertex 98.7216 11.9047 3
    endloop
  endfacet
  facet normal -0.946941 0.321408 0
    outer loop
      vertex 98.7216 11.9047 7.8
      vertex 98.6249 11.6198 3
      vertex 98.6249 11.6198 7.8
    endloop
  endfacet
  facet normal 0.751649 0.659563 0
    outer loop
      vertex 94.8737 10.8737 7.8
      vertex 94.6753 11.0998 3
      vertex 94.6753 11.0998 7.8
    endloop
  endfacet
  facet normal 0.751649 0.659563 0
    outer loop
      vertex 94.6753 11.0998 3
      vertex 94.8737 10.8737 7.8
      vertex 94.8737 10.8737 3
    endloop
  endfacet
  facet normal -0.980785 0.195093 0
    outer loop
      vertex 98.7216 11.9047 3
      vertex 98.7803 12.1998 7.8
      vertex 98.7803 12.1998 3
    endloop
  endfacet
  facet normal -0.980785 0.195093 0
    outer loop
      vertex 98.7803 12.1998 7.8
      vertex 98.7216 11.9047 3
      vertex 98.7216 11.9047 7.8
    endloop
  endfacet
  facet normal -0.0654821 0.997854 0
    outer loop
      vertex 96.8002 10.2197 3
      vertex 96.5 10.2 7.8
      vertex 96.8002 10.2197 7.8
    endloop
  endfacet
  facet normal -0.0654821 0.997854 0
    outer loop
      vertex 96.5 10.2 7.8
      vertex 96.8002 10.2197 3
      vertex 96.5 10.2 3
    endloop
  endfacet
  facet normal 0.946941 0.321408 0
    outer loop
      vertex 94.3751 11.6198 7.8
      vertex 94.2784 11.9047 3
      vertex 94.2784 11.9047 7.8
    endloop
  endfacet
  facet normal 0.946941 0.321408 0
    outer loop
      vertex 94.2784 11.9047 3
      vertex 94.3751 11.6198 7.8
      vertex 94.3751 11.6198 3
    endloop
  endfacet
  facet normal -0.831436 0.55562 0
    outer loop
      vertex 98.3247 11.0998 3
      vertex 98.4919 11.35 7.8
      vertex 98.4919 11.35 3
    endloop
  endfacet
  facet normal -0.831436 0.55562 0
    outer loop
      vertex 98.4919 11.35 7.8
      vertex 98.3247 11.0998 3
      vertex 98.3247 11.0998 7.8
    endloop
  endfacet
  facet normal -0.442153 -0.89694 0
    outer loop
      vertex 97.3802 14.6249 3
      vertex 97.65 14.4919 7.8
      vertex 97.3802 14.6249 7.8
    endloop
  endfacet
  facet normal -0.442153 -0.89694 -0
    outer loop
      vertex 97.65 14.4919 7.8
      vertex 97.3802 14.6249 3
      vertex 97.65 14.4919 3
    endloop
  endfacet
  facet normal 0.442153 -0.89694 0
    outer loop
      vertex 95.35 14.4919 3
      vertex 95.6198 14.6249 7.8
      vertex 95.35 14.4919 7.8
    endloop
  endfacet
  facet normal 0.442153 -0.89694 0
    outer loop
      vertex 95.6198 14.6249 7.8
      vertex 95.35 14.4919 3
      vertex 95.6198 14.6249 3
    endloop
  endfacet
  facet normal -0.442153 0.89694 0
    outer loop
      vertex 97.65 10.5081 3
      vertex 97.3802 10.3751 7.8
      vertex 97.65 10.5081 7.8
    endloop
  endfacet
  facet normal -0.442153 0.89694 0
    outer loop
      vertex 97.3802 10.3751 7.8
      vertex 97.65 10.5081 3
      vertex 97.3802 10.3751 3
    endloop
  endfacet
  facet normal -0.321408 0.946941 0
    outer loop
      vertex 97.3802 10.3751 3
      vertex 97.0953 10.2784 7.8
      vertex 97.3802 10.3751 7.8
    endloop
  endfacet
  facet normal -0.321408 0.946941 0
    outer loop
      vertex 97.0953 10.2784 7.8
      vertex 97.3802 10.3751 3
      vertex 97.0953 10.2784 3
    endloop
  endfacet
  facet normal 0.195093 0.980785 -0
    outer loop
      vertex 96.1998 10.2197 3
      vertex 95.9047 10.2784 7.8
      vertex 96.1998 10.2197 7.8
    endloop
  endfacet
  facet normal 0.195093 0.980785 0
    outer loop
      vertex 95.9047 10.2784 7.8
      vertex 96.1998 10.2197 3
      vertex 95.9047 10.2784 3
    endloop
  endfacet
  facet normal 0.946941 -0.321408 0
    outer loop
      vertex 94.2784 13.0953 7.8
      vertex 94.3751 13.3802 3
      vertex 94.3751 13.3802 7.8
    endloop
  endfacet
  facet normal 0.946941 -0.321408 0
    outer loop
      vertex 94.3751 13.3802 3
      vertex 94.2784 13.0953 7.8
      vertex 94.2784 13.0953 3
    endloop
  endfacet
  facet normal 0.195093 -0.980785 0
    outer loop
      vertex 95.9047 14.7216 3
      vertex 96.1998 14.7803 7.8
      vertex 95.9047 14.7216 7.8
    endloop
  endfacet
  facet normal 0.195093 -0.980785 0
    outer loop
      vertex 96.1998 14.7803 7.8
      vertex 95.9047 14.7216 3
      vertex 96.1998 14.7803 3
    endloop
  endfacet
  facet normal 0.55562 -0.831436 0
    outer loop
      vertex 95.0998 14.3247 3
      vertex 95.35 14.4919 7.8
      vertex 95.0998 14.3247 7.8
    endloop
  endfacet
  facet normal 0.55562 -0.831436 0
    outer loop
      vertex 95.35 14.4919 7.8
      vertex 95.0998 14.3247 3
      vertex 95.35 14.4919 3
    endloop
  endfacet
  facet normal -0.55562 0.831436 0
    outer loop
      vertex 97.9002 10.6753 3
      vertex 97.65 10.5081 7.8
      vertex 97.9002 10.6753 7.8
    endloop
  endfacet
  facet normal -0.55562 0.831436 0
    outer loop
      vertex 97.65 10.5081 7.8
      vertex 97.9002 10.6753 3
      vertex 97.65 10.5081 3
    endloop
  endfacet
  facet normal -0.195093 0.980785 0
    outer loop
      vertex 97.0953 10.2784 3
      vertex 96.8002 10.2197 7.8
      vertex 97.0953 10.2784 7.8
    endloop
  endfacet
  facet normal -0.195093 0.980785 0
    outer loop
      vertex 96.8002 10.2197 7.8
      vertex 97.0953 10.2784 3
      vertex 96.8002 10.2197 3
    endloop
  endfacet
  facet normal 0.89694 -0.442153 0
    outer loop
      vertex 94.3751 13.3802 7.8
      vertex 94.5081 13.65 3
      vertex 94.5081 13.65 7.8
    endloop
  endfacet
  facet normal 0.89694 -0.442153 0
    outer loop
      vertex 94.5081 13.65 3
      vertex 94.3751 13.3802 7.8
      vertex 94.3751 13.3802 3
    endloop
  endfacet
  facet normal -0.659563 -0.751649 0
    outer loop
      vertex 97.9002 14.3247 3
      vertex 98.1263 14.1263 7.8
      vertex 97.9002 14.3247 7.8
    endloop
  endfacet
  facet normal -0.659563 -0.751649 -0
    outer loop
      vertex 98.1263 14.1263 7.8
      vertex 97.9002 14.3247 3
      vertex 98.1263 14.1263 3
    endloop
  endfacet
  facet normal 0.831436 -0.55562 0
    outer loop
      vertex 94.5081 13.65 7.8
      vertex 94.6753 13.9002 3
      vertex 94.6753 13.9002 7.8
    endloop
  endfacet
  facet normal 0.831436 -0.55562 0
    outer loop
      vertex 94.6753 13.9002 3
      vertex 94.5081 13.65 7.8
      vertex 94.5081 13.65 3
    endloop
  endfacet
  facet normal 0.0654821 0.997854 -0
    outer loop
      vertex 96.5 10.2 3
      vertex 96.1998 10.2197 7.8
      vertex 96.5 10.2 7.8
    endloop
  endfacet
  facet normal 0.0654821 0.997854 0
    outer loop
      vertex 96.1998 10.2197 7.8
      vertex 96.5 10.2 3
      vertex 96.1998 10.2197 3
    endloop
  endfacet
  facet normal 0.0654821 -0.997854 0
    outer loop
      vertex 96.1998 14.7803 3
      vertex 96.5 14.8 7.8
      vertex 96.1998 14.7803 7.8
    endloop
  endfacet
  facet normal 0.0654821 -0.997854 0
    outer loop
      vertex 96.5 14.8 7.8
      vertex 96.1998 14.7803 3
      vertex 96.5 14.8 3
    endloop
  endfacet
  facet normal 0.659563 -0.751649 0
    outer loop
      vertex 94.8737 14.1263 3
      vertex 95.0998 14.3247 7.8
      vertex 94.8737 14.1263 7.8
    endloop
  endfacet
  facet normal 0.659563 -0.751649 0
    outer loop
      vertex 95.0998 14.3247 7.8
      vertex 94.8737 14.1263 3
      vertex 95.0998 14.3247 3
    endloop
  endfacet
  facet normal 0.659563 0.751649 -0
    outer loop
      vertex 95.0998 10.6753 3
      vertex 94.8737 10.8737 7.8
      vertex 95.0998 10.6753 7.8
    endloop
  endfacet
  facet normal 0.659563 0.751649 0
    outer loop
      vertex 94.8737 10.8737 7.8
      vertex 95.0998 10.6753 3
      vertex 94.8737 10.8737 3
    endloop
  endfacet
  facet normal 0 0 1
    outer loop
      vertex 98.7803 12.8002 3
      vertex 98.7803 12.1998 3
      vertex 98.8 12.5 3
    endloop
  endfacet
  facet normal 0 0 1
    outer loop
      vertex 98.7216 13.0953 3
      vertex 98.7803 12.1998 3
      vertex 98.7803 12.8002 3
    endloop
  endfacet
  facet normal 0 0 1
    outer loop
      vertex 98.7216 13.0953 3
      vertex 98.7216 11.9047 3
      vertex 98.7803 12.1998 3
    endloop
  endfacet
  facet normal 0 0 1
    outer loop
      vertex 98.6249 13.3802 3
      vertex 98.7216 11.9047 3
      vertex 98.7216 13.0953 3
    endloop
  endfacet
  facet normal 0 0 1
    outer loop
      vertex 98.6249 13.3802 3
      vertex 98.6249 11.6198 3
      vertex 98.7216 11.9047 3
    endloop
  endfacet
  facet normal 0 0 1
    outer loop
      vertex 98.4919 13.65 3
      vertex 98.6249 11.6198 3
      vertex 98.6249 13.3802 3
    endloop
  endfacet
  facet normal 0 0 1
    outer loop
      vertex 98.4919 13.65 3
      vertex 98.4919 11.35 3
      vertex 98.6249 11.6198 3
    endloop
  endfacet
  facet normal 0 0 1
    outer loop
      vertex 98.3247 13.9002 3
      vertex 98.4919 11.35 3
      vertex 98.4919 13.65 3
    endloop
  endfacet
  facet normal 0 0 1
    outer loop
      vertex 98.3247 13.9002 3
      vertex 98.3247 11.0998 3
      vertex 98.4919 11.35 3
    endloop
  endfacet
  facet normal 0 0 1
    outer loop
      vertex 98.1263 14.1263 3
      vertex 98.3247 11.0998 3
      vertex 98.3247 13.9002 3
    endloop
  endfacet
  facet normal 0 0 1
    outer loop
      vertex 98.1263 14.1263 3
      vertex 98.1263 10.8737 3
      vertex 98.3247 11.0998 3
    endloop
  endfacet
  facet normal 0 0 1
    outer loop
      vertex 97.9002 14.3247 3
      vertex 98.1263 10.8737 3
      vertex 98.1263 14.1263 3
    endloop
  endfacet
  facet normal 0 0 1
    outer loop
      vertex 97.9002 14.3247 3
      vertex 97.9002 10.6753 3
      vertex 98.1263 10.8737 3
    endloop
  endfacet
  facet normal 0 0 1
    outer loop
      vertex 97.65 14.4919 3
      vertex 97.9002 10.6753 3
      vertex 97.9002 14.3247 3
    endloop
  endfacet
  facet normal 0 0 1
    outer loop
      vertex 97.65 14.4919 3
      vertex 97.65 10.5081 3
      vertex 97.9002 10.6753 3
    endloop
  endfacet
  facet normal 0 0 1
    outer loop
      vertex 97.3802 14.6249 3
      vertex 97.65 10.5081 3
      vertex 97.65 14.4919 3
    endloop
  endfacet
  facet normal 0 0 1
    outer loop
      vertex 97.3802 14.6249 3
      vertex 97.3802 10.3751 3
      vertex 97.65 10.5081 3
    endloop
  endfacet
  facet normal 0 0 1
    outer loop
      vertex 97.0953 14.7216 3
      vertex 97.3802 10.3751 3
      vertex 97.3802 14.6249 3
    endloop
  endfacet
  facet normal 0 0 1
    outer loop
      vertex 97.0953 14.7216 3
      vertex 97.0953 10.2784 3
      vertex 97.3802 10.3751 3
    endloop
  endfacet
  facet normal 0 0 1
    outer loop
      vertex 96.8002 14.7803 3
      vertex 97.0953 10.2784 3
      vertex 97.0953 14.7216 3
    endloop
  endfacet
  facet normal 0 0 1
    outer loop
      vertex 96.8002 14.7803 3
      vertex 96.8002 10.2197 3
      vertex 97.0953 10.2784 3
    endloop
  endfacet
  facet normal 0 0 1
    outer loop
      vertex 96.5 14.8 3
      vertex 96.8002 10.2197 3
      vertex 96.8002 14.7803 3
    endloop
  endfacet
  facet normal 0 0 1
    outer loop
      vertex 96.5 14.8 3
      vertex 96.5 10.2 3
      vertex 96.8002 10.2197 3
    endloop
  endfacet
  facet normal -0 0 1
    outer loop
      vertex 96.1998 14.7803 3
      vertex 96.5 10.2 3
      vertex 96.5 14.8 3
    endloop
  endfacet
  facet normal 0 0 1
    outer loop
      vertex 96.1998 14.7803 3
      vertex 96.1998 10.2197 3
      vertex 96.5 10.2 3
    endloop
  endfacet
  facet normal -0 0 1
    outer loop
      vertex 95.9047 14.7216 3
      vertex 96.1998 10.2197 3
      vertex 96.1998 14.7803 3
    endloop
  endfacet
  facet normal 0 0 1
    outer loop
      vertex 95.9047 14.7216 3
      vertex 95.9047 10.2784 3
      vertex 96.1998 10.2197 3
    endloop
  endfacet
  facet normal -0 0 1
    outer loop
      vertex 95.6198 14.6249 3
      vertex 95.9047 10.2784 3
      vertex 95.9047 14.7216 3
    endloop
  endfacet
  facet normal 0 0 1
    outer loop
      vertex 95.6198 14.6249 3
      vertex 95.6198 10.3751 3
      vertex 95.9047 10.2784 3
    endloop
  endfacet
  facet normal -0 0 1
    outer loop
      vertex 95.35 14.4919 3
      vertex 95.6198 10.3751 3
      vertex 95.6198 14.6249 3
    endloop
  endfacet
  facet normal 0 0 1
    outer loop
      vertex 95.35 14.4919 3
      vertex 95.35 10.5081 3
      vertex 95.6198 10.3751 3
    endloop
  endfacet
  facet normal -0 0 1
    outer loop
      vertex 95.0998 14.3247 3
      vertex 95.35 10.5081 3
      vertex 95.35 14.4919 3
    endloop
  endfacet
  facet normal 0 0 1
    outer loop
      vertex 95.0998 14.3247 3
      vertex 95.0998 10.6753 3
      vertex 95.35 10.5081 3
    endloop
  endfacet
  facet normal -0 0 1
    outer loop
      vertex 94.8737 14.1263 3
      vertex 95.0998 10.6753 3
      vertex 95.0998 14.3247 3
    endloop
  endfacet
  facet normal 0 0 1
    outer loop
      vertex 94.8737 14.1263 3
      vertex 94.8737 10.8737 3
      vertex 95.0998 10.6753 3
    endloop
  endfacet
  facet normal -0 0 1
    outer loop
      vertex 94.6753 13.9002 3
      vertex 94.8737 10.8737 3
      vertex 94.8737 14.1263 3
    endloop
  endfacet
  facet normal 0 0 1
    outer loop
      vertex 94.6753 13.9002 3
      vertex 94.6753 11.0998 3
      vertex 94.8737 10.8737 3
    endloop
  endfacet
  facet normal -0 0 1
    outer loop
      vertex 94.5081 13.65 3
      vertex 94.6753 11.0998 3
      vertex 94.6753 13.9002 3
    endloop
  endfacet
  facet normal 0 0 1
    outer loop
      vertex 94.5081 13.65 3
      vertex 94.5081 11.35 3
      vertex 94.6753 11.0998 3
    endloop
  endfacet
  facet normal -0 0 1
    outer loop
      vertex 94.3751 13.3802 3
      vertex 94.5081 11.35 3
      vertex 94.5081 13.65 3
    endloop
  endfacet
  facet normal 0 0 1
    outer loop
      vertex 94.3751 13.3802 3
      vertex 94.3751 11.6198 3
      vertex 94.5081 11.35 3
    endloop
  endfacet
  facet normal -0 0 1
    outer loop
      vertex 94.2784 13.0953 3
      vertex 94.3751 11.6198 3
      vertex 94.3751 13.3802 3
    endloop
  endfacet
  facet normal 0 0 1
    outer loop
      vertex 94.2784 13.0953 3
      vertex 94.2784 11.9047 3
      vertex 94.3751 11.6198 3
    endloop
  endfacet
  facet normal -0 0 1
    outer loop
      vertex 94.2197 12.8002 3
      vertex 94.2784 11.9047 3
      vertex 94.2784 13.0953 3
    endloop
  endfacet
  facet normal 0 0 1
    outer loop
      vertex 94.2197 12.8002 3
      vertex 94.2197 12.1998 3
      vertex 94.2784 11.9047 3
    endloop
  endfacet
  facet normal 0 -0 1
    outer loop
      vertex 94.2197 12.1998 3
      vertex 94.2197 12.8002 3
      vertex 94.2 12.5 3
    endloop
  endfacet
  facet normal 0.751649 -0.659563 0
    outer loop
      vertex 94.6753 13.9002 7.8
      vertex 94.8737 14.1263 3
      vertex 94.8737 14.1263 7.8
    endloop
  endfacet
  facet normal 0.751649 -0.659563 0
    outer loop
      vertex 94.8737 14.1263 3
      vertex 94.6753 13.9002 7.8
      vertex 94.6753 13.9002 3
    endloop
  endfacet
  facet normal -0.751649 0.659563 0
    outer loop
      vertex 98.1263 10.8737 3
      vertex 98.3247 11.0998 7.8
      vertex 98.3247 11.0998 3
    endloop
  endfacet
  facet normal -0.751649 0.659563 0
    outer loop
      vertex 98.3247 11.0998 7.8
      vertex 98.1263 10.8737 3
      vertex 98.1263 10.8737 7.8
    endloop
  endfacet
  facet normal -0.89694 0.442153 0
    outer loop
      vertex 98.4919 11.35 3
      vertex 98.6249 11.6198 7.8
      vertex 98.6249 11.6198 3
    endloop
  endfacet
  facet normal -0.89694 0.442153 0
    outer loop
      vertex 98.6249 11.6198 7.8
      vertex 98.4919 11.35 3
      vertex 98.4919 11.35 7.8
    endloop
  endfacet
  facet normal 0.980785 -0.195093 0
    outer loop
      vertex 94.2197 12.8002 7.8
      vertex 94.2784 13.0953 3
      vertex 94.2784 13.0953 7.8
    endloop
  endfacet
  facet normal 0.980785 -0.195093 0
    outer loop
      vertex 94.2784 13.0953 3
      vertex 94.2197 12.8002 7.8
      vertex 94.2197 12.8002 3
    endloop
  endfacet
  facet normal -0.0654821 -0.997854 0
    outer loop
      vertex 96.5 14.8 3
      vertex 96.8002 14.7803 7.8
      vertex 96.5 14.8 7.8
    endloop
  endfacet
  facet normal -0.0654821 -0.997854 -0
    outer loop
      vertex 96.8002 14.7803 7.8
      vertex 96.5 14.8 3
      vertex 96.8002 14.7803 3
    endloop
  endfacet
  facet normal -0.55562 -0.831436 0
    outer loop
      vertex 97.65 14.4919 3
      vertex 97.9002 14.3247 7.8
      vertex 97.65 14.4919 7.8
    endloop
  endfacet
  facet normal -0.55562 -0.831436 -0
    outer loop
      vertex 97.9002 14.3247 7.8
      vertex 97.65 14.4919 3
      vertex 97.9002 14.3247 3
    endloop
  endfacet
  facet normal 0.321408 -0.946941 0
    outer loop
      vertex 95.6198 14.6249 3
      vertex 95.9047 14.7216 7.8
      vertex 95.6198 14.6249 7.8
    endloop
  endfacet
  facet normal 0.321408 -0.946941 0
    outer loop
      vertex 95.9047 14.7216 7.8
      vertex 95.6198 14.6249 3
      vertex 95.9047 14.7216 3
    endloop
  endfacet
  facet normal 0.997854 -0.0654821 0
    outer loop
      vertex 94.2 12.5 7.8
      vertex 94.2197 12.8002 3
      vertex 94.2197 12.8002 7.8
    endloop
  endfacet
  facet normal 0.997854 -0.0654821 0
    outer loop
      vertex 94.2197 12.8002 3
      vertex 94.2 12.5 7.8
      vertex 94.2 12.5 3
    endloop
  endfacet
  facet normal 0.89694 0.442153 0
    outer loop
      vertex 94.5081 11.35 7.8
      vertex 94.3751 11.6198 3
      vertex 94.3751 11.6198 7.8
    endloop
  endfacet
  facet normal 0.89694 0.442153 0
    outer loop
      vertex 94.3751 11.6198 3
      vertex 94.5081 11.35 7.8
      vertex 94.5081 11.35 3
    endloop
  endfacet
  facet normal 0.442153 0.89694 -0
    outer loop
      vertex 95.6198 10.3751 3
      vertex 95.35 10.5081 7.8
      vertex 95.6198 10.3751 7.8
    endloop
  endfacet
  facet normal 0.442153 0.89694 0
    outer loop
      vertex 95.35 10.5081 7.8
      vertex 95.6198 10.3751 3
      vertex 95.35 10.5081 3
    endloop
  endfacet
  facet normal -0.659563 0.751649 0
    outer loop
      vertex 98.1263 10.8737 3
      vertex 97.9002 10.6753 7.8
      vertex 98.1263 10.8737 7.8
    endloop
  endfacet
  facet normal -0.659563 0.751649 0
    outer loop
      vertex 97.9002 10.6753 7.8
      vertex 98.1263 10.8737 3
      vertex 97.9002 10.6753 3
    endloop
  endfacet
  facet normal 0.831436 0.55562 0
    outer loop
      vertex 94.6753 11.0998 7.8
      vertex 94.5081 11.35 3
      vertex 94.5081 11.35 7.8
    endloop
  endfacet
  facet normal 0.831436 0.55562 0
    outer loop
      vertex 94.5081 11.35 3
      vertex 94.6753 11.0998 7.8
      vertex 94.6753 11.0998 3
    endloop
  endfacet
  facet normal 0.980796 0.195038 0
    outer loop
      vertex 15.9615 94.0874 7.8
      vertex 15.8467 94.6647 2.4
      vertex 15.8467 94.6647 7.8
    endloop
  endfacet
  facet normal 0.980796 0.195038 0
    outer loop
      vertex 15.8467 94.6647 2.4
      vertex 15.9615 94.0874 7.8
      vertex 15.9615 94.0874 2.4
    endloop
  endfacet
  facet normal 0.997859 0.0654027 0
    outer loop
      vertex 16 93.5 7.8
      vertex 15.9615 94.0874 2.4
      vertex 15.9615 94.0874 7.8
    endloop
  endfacet
  facet normal 0.997859 0.0654027 0
    outer loop
      vertex 15.9615 94.0874 2.4
      vertex 16 93.5 7.8
      vertex 16 93.5 2.4
    endloop
  endfacet
  facet normal 0.980796 -0.195038 0
    outer loop
      vertex 15.8467 92.3353 7.8
      vertex 15.9615 92.9126 2.4
      vertex 15.9615 92.9126 7.8
    endloop
  endfacet
  facet normal 0.980796 -0.195038 0
    outer loop
      vertex 15.9615 92.9126 2.4
      vertex 15.8467 92.3353 7.8
      vertex 15.8467 92.3353 2.4
    endloop
  endfacet
  facet normal 0 0 1
    outer loop
      vertex 13.8 93.5 7.8
      vertex 16 93.5 7.8
      vertex 15.9615 94.0874 7.8
    endloop
  endfacet
  facet normal 0 0 1
    outer loop
      vertex 13.7803 93.8002 7.8
      vertex 15.9615 94.0874 7.8
      vertex 15.8467 94.6647 7.8
    endloop
  endfacet
  facet normal 0 0 1
    outer loop
      vertex 16 93.5 7.8
      vertex 13.8 93.5 7.8
      vertex 15.9615 92.9126 7.8
    endloop
  endfacet
  facet normal 0 0 1
    outer loop
      vertex 13.7216 94.0953 7.8
      vertex 15.8467 94.6647 7.8
      vertex 15.6575 95.2221 7.8
    endloop
  endfacet
  facet normal -0 0 1
    outer loop
      vertex 13.7803 93.1998 7.8
      vertex 15.9615 92.9126 7.8
      vertex 13.8 93.5 7.8
    endloop
  endfacet
  facet normal 0 0 1
    outer loop
      vertex 13.6249 94.3802 7.8
      vertex 15.6575 95.2221 7.8
      vertex 15.3971 95.75 7.8
    endloop
  endfacet
  facet normal 0 0 1
    outer loop
      vertex 15.9615 92.9126 7.8
      vertex 13.7803 93.1998 7.8
      vertex 15.8467 92.3353 7.8
    endloop
  endfacet
  facet normal 0 0 1
    outer loop
      vertex 13.4919 94.65 7.8
      vertex 15.3971 95.75 7.8
      vertex 15.0701 96.2394 7.8
    endloop
  endfacet
  facet normal -0 0 1
    outer loop
      vertex 13.7216 92.9047 7.8
      vertex 15.8467 92.3353 7.8
      vertex 13.7803 93.1998 7.8
    endloop
  endfacet
  facet normal 0 0 1
    outer loop
      vertex 13.3247 94.9002 7.8
      vertex 15.0701 96.2394 7.8
      vertex 14.682 96.682 7.8
    endloop
  endfacet
  facet normal 0 0 1
    outer loop
      vertex 15.8467 92.3353 7.8
      vertex 13.7216 92.9047 7.8
      vertex 15.6575 91.7779 7.8
    endloop
  endfacet
  facet normal 0 0 1
    outer loop
      vertex 13.1263 95.1263 7.8
      vertex 14.682 96.682 7.8
      vertex 14.2394 97.0701 7.8
    endloop
  endfacet
  facet normal -0 0 1
    outer loop
      vertex 13.6249 92.6198 7.8
      vertex 15.6575 91.7779 7.8
      vertex 13.7216 92.9047 7.8
    endloop
  endfacet
  facet normal 0 0 1
    outer loop
      vertex 15.6575 91.7779 7.8
      vertex 13.6249 92.6198 7.8
      vertex 15.3971 91.25 7.8
    endloop
  endfacet
  facet normal 0 0 1
    outer loop
      vertex 15.9615 94.0874 7.8
      vertex 13.7803 93.8002 7.8
      vertex 13.8 93.5 7.8
    endloop
  endfacet
  facet normal 0 0 1
    outer loop
      vertex 12.9002 95.3247 7.8
      vertex 14.2394 97.0701 7.8
      vertex 13.75 97.3971 7.8
    endloop
  endfacet
  facet normal 0 0 1
    outer loop
      vertex 15.8467 94.6647 7.8
      vertex 13.7216 94.0953 7.8
      vertex 13.7803 93.8002 7.8
    endloop
  endfacet
  facet normal 0 0 1
    outer loop
      vertex 15.6575 95.2221 7.8
      vertex 13.6249 94.3802 7.8
      vertex 13.7216 94.0953 7.8
    endloop
  endfacet
  facet normal 0 0 1
    outer loop
      vertex 15.3971 95.75 7.8
      vertex 13.4919 94.65 7.8
      vertex 13.6249 94.3802 7.8
    endloop
  endfacet
  facet normal 0 0 1
    outer loop
      vertex 15.0701 96.2394 7.8
      vertex 13.3247 94.9002 7.8
      vertex 13.4919 94.65 7.8
    endloop
  endfacet
  facet normal 0 0 1
    outer loop
      vertex 12.65 95.4919 7.8
      vertex 13.75 97.3971 7.8
      vertex 13.2221 97.6575 7.8
    endloop
  endfacet
  facet normal 0 0 1
    outer loop
      vertex 14.682 96.682 7.8
      vertex 13.1263 95.1263 7.8
      vertex 13.3247 94.9002 7.8
    endloop
  endfacet
  facet normal 0 0 1
    outer loop
      vertex 14.2394 97.0701 7.8
      vertex 12.9002 95.3247 7.8
      vertex 13.1263 95.1263 7.8
    endloop
  endfacet
  facet normal 0 0 1
    outer loop
      vertex 12.3802 95.6249 7.8
      vertex 13.2221 97.6575 7.8
      vertex 12.6647 97.8467 7.8
    endloop
  endfacet
  facet normal 0 0 1
    outer loop
      vertex 13.75 97.3971 7.8
      vertex 12.65 95.4919 7.8
      vertex 12.9002 95.3247 7.8
    endloop
  endfacet
  facet normal 0 0 1
    outer loop
      vertex 13.2221 97.6575 7.8
      vertex 12.3802 95.6249 7.8
      vertex 12.65 95.4919 7.8
    endloop
  endfacet
  facet normal 0 0 1
    outer loop
      vertex 12.6647 97.8467 7.8
      vertex 12.0953 95.7216 7.8
      vertex 12.3802 95.6249 7.8
    endloop
  endfacet
  facet normal 0 0 1
    outer loop
      vertex 12.0874 97.9615 7.8
      vertex 12.0953 95.7216 7.8
      vertex 12.6647 97.8467 7.8
    endloop
  endfacet
  facet normal 0 0 1
    outer loop
      vertex 12.0874 97.9615 7.8
      vertex 11.8002 95.7803 7.8
      vertex 12.0953 95.7216 7.8
    endloop
  endfacet
  facet normal 0 0 1
    outer loop
      vertex 11.5 98 7.8
      vertex 11.8002 95.7803 7.8
      vertex 12.0874 97.9615 7.8
    endloop
  endfacet
  facet normal 0 0 1
    outer loop
      vertex 11.5 98 7.8
      vertex 11.5 95.8 7.8
      vertex 11.8002 95.7803 7.8
    endloop
  endfacet
  facet normal 0 0 1
    outer loop
      vertex 11.5 98 7.8
      vertex 11.1998 95.7803 7.8
      vertex 11.5 95.8 7.8
    endloop
  endfacet
  facet normal -0 0 1
    outer loop
      vertex 10.9126 97.9615 7.8
      vertex 11.1998 95.7803 7.8
      vertex 11.5 98 7.8
    endloop
  endfacet
  facet normal 0 0 1
    outer loop
      vertex 10.9126 97.9615 7.8
      vertex 10.9047 95.7216 7.8
      vertex 11.1998 95.7803 7.8
    endloop
  endfacet
  facet normal -0 0 1
    outer loop
      vertex 10.3353 97.8467 7.8
      vertex 10.9047 95.7216 7.8
      vertex 10.9126 97.9615 7.8
    endloop
  endfacet
  facet normal 0 0 1
    outer loop
      vertex 10.9047 95.7216 7.8
      vertex 10.3353 97.8467 7.8
      vertex 10.6198 95.6249 7.8
    endloop
  endfacet
  facet normal -0 0 1
    outer loop
      vertex 9.77793 97.6575 7.8
      vertex 10.6198 95.6249 7.8
      vertex 10.3353 97.8467 7.8
    endloop
  endfacet
  facet normal 0 0 1
    outer loop
      vertex 10.6198 95.6249 7.8
      vertex 9.77793 97.6575 7.8
      vertex 10.35 95.4919 7.8
    endloop
  endfacet
  facet normal -0 0 1
    outer loop
      vertex 9.25 97.3971 7.8
      vertex 10.35 95.4919 7.8
      vertex 9.77793 97.6575 7.8
    endloop
  endfacet
  facet normal 0 0 1
    outer loop
      vertex 10.35 95.4919 7.8
      vertex 9.25 97.3971 7.8
      vertex 10.0998 95.3247 7.8
    endloop
  endfacet
  facet normal -0 0 1
    outer loop
      vertex 8.76057 97.0701 7.8
      vertex 10.0998 95.3247 7.8
      vertex 9.25 97.3971 7.8
    endloop
  endfacet
  facet normal 0 0 1
    outer loop
      vertex 10.0998 95.3247 7.8
      vertex 8.76057 97.0701 7.8
      vertex 9.87366 95.1263 7.8
    endloop
  endfacet
  facet normal -0 0 1
    outer loop
      vertex 8.31802 96.682 7.8
      vertex 9.87366 95.1263 7.8
      vertex 8.76057 97.0701 7.8
    endloop
  endfacet
  facet normal 0 0 1
    outer loop
      vertex 9.87366 95.1263 7.8
      vertex 8.31802 96.682 7.8
      vertex 9.67529 94.9002 7.8
    endloop
  endfacet
  facet normal -0 0 1
    outer loop
      vertex 7.92991 96.2394 7.8
      vertex 9.67529 94.9002 7.8
      vertex 8.31802 96.682 7.8
    endloop
  endfacet
  facet normal 0 0 1
    outer loop
      vertex 9.67529 94.9002 7.8
      vertex 7.92991 96.2394 7.8
      vertex 9.50814 94.65 7.8
    endloop
  endfacet
  facet normal -0 0 1
    outer loop
      vertex 7.60289 95.75 7.8
      vertex 9.50814 94.65 7.8
      vertex 7.92991 96.2394 7.8
    endloop
  endfacet
  facet normal 0 0 1
    outer loop
      vertex 9.50814 94.65 7.8
      vertex 7.60289 95.75 7.8
      vertex 9.37508 94.3802 7.8
    endloop
  endfacet
  facet normal -0 0 1
    outer loop
      vertex 13.4919 92.35 7.8
      vertex 15.3971 91.25 7.8
      vertex 13.6249 92.6198 7.8
    endloop
  endfacet
  facet normal 0 0 1
    outer loop
      vertex 15.3971 91.25 7.8
      vertex 13.4919 92.35 7.8
      vertex 15.0701 90.7606 7.8
    endloop
  endfacet
  facet normal -0 0 1
    outer loop
      vertex 13.3247 92.0998 7.8
      vertex 15.0701 90.7606 7.8
      vertex 13.4919 92.35 7.8
    endloop
  endfacet
  facet normal 0 0 1
    outer loop
      vertex 15.0701 90.7606 7.8
      vertex 13.3247 92.0998 7.8
      vertex 14.682 90.318 7.8
    endloop
  endfacet
  facet normal -0 0 1
    outer loop
      vertex 13.1263 91.8737 7.8
      vertex 14.682 90.318 7.8
      vertex 13.3247 92.0998 7.8
    endloop
  endfacet
  facet normal 0 0 1
    outer loop
      vertex 14.682 90.318 7.8
      vertex 13.1263 91.8737 7.8
      vertex 14.2394 89.9299 7.8
    endloop
  endfacet
  facet normal -0 0 1
    outer loop
      vertex 12.9002 91.6753 7.8
      vertex 14.2394 89.9299 7.8
      vertex 13.1263 91.8737 7.8
    endloop
  endfacet
  facet normal 0 0 1
    outer loop
      vertex 14.2394 89.9299 7.8
      vertex 12.9002 91.6753 7.8
      vertex 13.75 89.6029 7.8
    endloop
  endfacet
  facet normal -0 0 1
    outer loop
      vertex 12.65 91.5081 7.8
      vertex 13.75 89.6029 7.8
      vertex 12.9002 91.6753 7.8
    endloop
  endfacet
  facet normal 0 0 1
    outer loop
      vertex 13.75 89.6029 7.8
      vertex 12.65 91.5081 7.8
      vertex 13.2221 89.3425 7.8
    endloop
  endfacet
  facet normal -0 0 1
    outer loop
      vertex 12.3802 91.3751 7.8
      vertex 13.2221 89.3425 7.8
      vertex 12.65 91.5081 7.8
    endloop
  endfacet
  facet normal 0 0 1
    outer loop
      vertex 13.2221 89.3425 7.8
      vertex 12.3802 91.3751 7.8
      vertex 12.6647 89.1533 7.8
    endloop
  endfacet
  facet normal -0 0 1
    outer loop
      vertex 12.0953 91.2784 7.8
      vertex 12.6647 89.1533 7.8
      vertex 12.3802 91.3751 7.8
    endloop
  endfacet
  facet normal 0 0 1
    outer loop
      vertex 12.0953 91.2784 7.8
      vertex 12.0874 89.0385 7.8
      vertex 12.6647 89.1533 7.8
    endloop
  endfacet
  facet normal -0 0 1
    outer loop
      vertex 11.8002 91.2197 7.8
      vertex 12.0874 89.0385 7.8
      vertex 12.0953 91.2784 7.8
    endloop
  endfacet
  facet normal -0 0 1
    outer loop
      vertex 11.5 91.2 7.8
      vertex 12.0874 89.0385 7.8
      vertex 11.8002 91.2197 7.8
    endloop
  endfacet
  facet normal 0 0 1
    outer loop
      vertex 11.5 91.2 7.8
      vertex 11.5 89 7.8
      vertex 12.0874 89.0385 7.8
    endloop
  endfacet
  facet normal 0 0 1
    outer loop
      vertex 11.1998 91.2197 7.8
      vertex 11.5 89 7.8
      vertex 11.5 91.2 7.8
    endloop
  endfacet
  facet normal 0 0 1
    outer loop
      vertex 11.1998 91.2197 7.8
      vertex 10.9126 89.0385 7.8
      vertex 11.5 89 7.8
    endloop
  endfacet
  facet normal 0 0 1
    outer loop
      vertex 10.9047 91.2784 7.8
      vertex 10.9126 89.0385 7.8
      vertex 11.1998 91.2197 7.8
    endloop
  endfacet
  facet normal 0 0 1
    outer loop
      vertex 10.3353 89.1533 7.8
      vertex 10.9047 91.2784 7.8
      vertex 10.6198 91.3751 7.8
    endloop
  endfacet
  facet normal 0 0 1
    outer loop
      vertex 9.77793 89.3425 7.8
      vertex 10.6198 91.3751 7.8
      vertex 10.35 91.5081 7.8
    endloop
  endfacet
  facet normal 0 0 1
    outer loop
      vertex 10.9047 91.2784 7.8
      vertex 10.3353 89.1533 7.8
      vertex 10.9126 89.0385 7.8
    endloop
  endfacet
  facet normal 0 0 1
    outer loop
      vertex 9.25 89.6029 7.8
      vertex 10.35 91.5081 7.8
      vertex 10.0998 91.6753 7.8
    endloop
  endfacet
  facet normal 0 0 1
    outer loop
      vertex 8.76057 89.9299 7.8
      vertex 10.0998 91.6753 7.8
      vertex 9.87366 91.8737 7.8
    endloop
  endfacet
  facet normal 0 0 1
    outer loop
      vertex 10.6198 91.3751 7.8
      vertex 9.77793 89.3425 7.8
      vertex 10.3353 89.1533 7.8
    endloop
  endfacet
  facet normal 0 0 1
    outer loop
      vertex 8.31802 90.318 7.8
      vertex 9.87366 91.8737 7.8
      vertex 9.67529 92.0998 7.8
    endloop
  endfacet
  facet normal 0 0 1
    outer loop
      vertex 7.92991 90.7606 7.8
      vertex 9.67529 92.0998 7.8
      vertex 9.50814 92.35 7.8
    endloop
  endfacet
  facet normal 0 0 1
    outer loop
      vertex 7.60289 91.25 7.8
      vertex 9.50814 92.35 7.8
      vertex 9.37508 92.6198 7.8
    endloop
  endfacet
  facet normal 0 0 1
    outer loop
      vertex 7.34254 91.7779 7.8
      vertex 9.37508 92.6198 7.8
      vertex 9.27837 92.9047 7.8
    endloop
  endfacet
  facet normal 0 0 1
    outer loop
      vertex 10.35 91.5081 7.8
      vertex 9.25 89.6029 7.8
      vertex 9.77793 89.3425 7.8
    endloop
  endfacet
  facet normal 0 0 1
    outer loop
      vertex 7.15333 92.3353 7.8
      vertex 9.27837 92.9047 7.8
      vertex 9.21968 93.1998 7.8
    endloop
  endfacet
  facet normal 0 0 1
    outer loop
      vertex 7.0385 92.9126 7.8
      vertex 9.21968 93.1998 7.8
      vertex 9.2 93.5 7.8
    endloop
  endfacet
  facet normal -0 0 1
    outer loop
      vertex 7.34254 95.2221 7.8
      vertex 9.37508 94.3802 7.8
      vertex 7.60289 95.75 7.8
    endloop
  endfacet
  facet normal 0 0 1
    outer loop
      vertex 10.0998 91.6753 7.8
      vertex 8.76057 89.9299 7.8
      vertex 9.25 89.6029 7.8
    endloop
  endfacet
  facet normal 0 0 1
    outer loop
      vertex 9.37508 94.3802 7.8
      vertex 7.34254 95.2221 7.8
      vertex 9.27837 94.0953 7.8
    endloop
  endfacet
  facet normal 0 0 1
    outer loop
      vertex 9.87366 91.8737 7.8
      vertex 8.31802 90.318 7.8
      vertex 8.76057 89.9299 7.8
    endloop
  endfacet
  facet normal -0 0 1
    outer loop
      vertex 7.15333 94.6647 7.8
      vertex 9.27837 94.0953 7.8
      vertex 7.34254 95.2221 7.8
    endloop
  endfacet
  facet normal 0 0 1
    outer loop
      vertex 9.67529 92.0998 7.8
      vertex 7.92991 90.7606 7.8
      vertex 8.31802 90.318 7.8
    endloop
  endfacet
  facet normal 0 0 1
    outer loop
      vertex 9.27837 94.0953 7.8
      vertex 7.15333 94.6647 7.8
      vertex 9.21968 93.8002 7.8
    endloop
  endfacet
  facet normal 0 0 1
    outer loop
      vertex 9.50814 92.35 7.8
      vertex 7.60289 91.25 7.8
      vertex 7.92991 90.7606 7.8
    endloop
  endfacet
  facet normal -0 0 1
    outer loop
      vertex 7.0385 94.0874 7.8
      vertex 9.21968 93.8002 7.8
      vertex 7.15333 94.6647 7.8
    endloop
  endfacet
  facet normal 0 0 1
    outer loop
      vertex 9.37508 92.6198 7.8
      vertex 7.34254 91.7779 7.8
      vertex 7.60289 91.25 7.8
    endloop
  endfacet
  facet normal 0 0 1
    outer loop
      vertex 9.21968 93.8002 7.8
      vertex 7.0385 94.0874 7.8
      vertex 9.2 93.5 7.8
    endloop
  endfacet
  facet normal 0 0 1
    outer loop
      vertex 9.27837 92.9047 7.8
      vertex 7.15333 92.3353 7.8
      vertex 7.34254 91.7779 7.8
    endloop
  endfacet
  facet normal 0 0 1
    outer loop
      vertex 7 93.5 7.8
      vertex 9.2 93.5 7.8
      vertex 7.0385 94.0874 7.8
    endloop
  endfacet
  facet normal 0 0 1
    outer loop
      vertex 9.21968 93.1998 7.8
      vertex 7.0385 92.9126 7.8
      vertex 7.15333 92.3353 7.8
    endloop
  endfacet
  facet normal 0 0 1
    outer loop
      vertex 9.2 93.5 7.8
      vertex 7 93.5 7.8
      vertex 7.0385 92.9126 7.8
    endloop
  endfacet
  facet normal 0.831475 0.555562 0
    outer loop
      vertex 15.3971 95.75 7.8
      vertex 15.0701 96.2394 2.4
      vertex 15.0701 96.2394 7.8
    endloop
  endfacet
  facet normal 0.831475 0.555562 0
    outer loop
      vertex 15.0701 96.2394 2.4
      vertex 15.3971 95.75 7.8
      vertex 15.3971 95.75 2.4
    endloop
  endfacet
  facet normal 0.555562 0.831475 -0
    outer loop
      vertex 14.2394 97.0701 2.4
      vertex 13.75 97.3971 7.8
      vertex 14.2394 97.0701 7.8
    endloop
  endfacet
  facet normal 0.555562 0.831475 0
    outer loop
      vertex 13.75 97.3971 7.8
      vertex 14.2394 97.0701 2.4
      vertex 13.75 97.3971 2.4
    endloop
  endfacet
  facet normal 0.896827 -0.442382 0
    outer loop
      vertex 15.3971 91.25 7.8
      vertex 15.6575 91.7779 2.4
      vertex 15.6575 91.7779 7.8
    endloop
  endfacet
  facet normal 0.896827 -0.442382 0
    outer loop
      vertex 15.6575 91.7779 2.4
      vertex 15.3971 91.25 7.8
      vertex 15.3971 91.25 2.4
    endloop
  endfacet
  facet normal 0.997859 -0.0654027 0
    outer loop
      vertex 15.9615 92.9126 7.8
      vertex 16 93.5 2.4
      vertex 16 93.5 7.8
    endloop
  endfacet
  facet normal 0.997859 -0.0654027 0
    outer loop
      vertex 16 93.5 2.4
      vertex 15.9615 92.9126 7.8
      vertex 15.9615 92.9126 2.4
    endloop
  endfacet
  facet normal 0.321421 0.946936 -0
    outer loop
      vertex 13.2221 97.6575 2.4
      vertex 12.6647 97.8467 7.8
      vertex 13.2221 97.6575 7.8
    endloop
  endfacet
  facet normal 0.321421 0.946936 0
    outer loop
      vertex 12.6647 97.8467 7.8
      vertex 13.2221 97.6575 2.4
      vertex 12.6647 97.8467 2.4
    endloop
  endfacet
  facet normal -0.89686 0.442314 0
    outer loop
      vertex 7.34254 95.2221 2.4
      vertex 7.60289 95.75 7.8
      vertex 7.60289 95.75 2.4
    endloop
  endfacet
  facet normal -0.89686 0.442314 0
    outer loop
      vertex 7.60289 95.75 7.8
      vertex 7.34254 95.2221 2.4
      vertex 7.34254 95.2221 7.8
    endloop
  endfacet
  facet normal -0.65934 0.751845 0
    outer loop
      vertex 8.76057 97.0701 2.4
      vertex 8.31802 96.682 7.8
      vertex 8.76057 97.0701 7.8
    endloop
  endfacet
  facet normal -0.65934 0.751845 0
    outer loop
      vertex 8.31802 96.682 7.8
      vertex 8.76057 97.0701 2.4
      vertex 8.31802 96.682 2.4
    endloop
  endfacet
  facet normal 0.321421 -0.946936 0
    outer loop
      vertex 12.6647 89.1533 2.4
      vertex 13.2221 89.3425 7.8
      vertex 12.6647 89.1533 7.8
    endloop
  endfacet
  facet normal 0.321421 -0.946936 0
    outer loop
      vertex 13.2221 89.3425 7.8
      vertex 12.6647 89.1533 2.4
      vertex 13.2221 89.3425 2.4
    endloop
  endfacet
  facet normal -0.997859 -0.0654027 0
    outer loop
      vertex 7.0385 92.9126 2.4
      vertex 7 93.5 7.8
      vertex 7 93.5 2.4
    endloop
  endfacet
  facet normal -0.997859 -0.0654027 0
    outer loop
      vertex 7 93.5 7.8
      vertex 7.0385 92.9126 2.4
      vertex 7.0385 92.9126 7.8
    endloop
  endfacet
  facet normal -0.65934 -0.751845 0
    outer loop
      vertex 8.31802 90.318 2.4
      vertex 8.76057 89.9299 7.8
      vertex 8.31802 90.318 7.8
    endloop
  endfacet
  facet normal -0.65934 -0.751845 -0
    outer loop
      vertex 8.76057 89.9299 7.8
      vertex 8.31802 90.318 2.4
      vertex 8.76057 89.9299 2.4
    endloop
  endfacet
  facet normal -0.321437 0.946931 0
    outer loop
      vertex 10.3353 97.8467 2.4
      vertex 9.77793 97.6575 7.8
      vertex 10.3353 97.8467 7.8
    endloop
  endfacet
  facet normal -0.321437 0.946931 0
    outer loop
      vertex 9.77793 97.6575 7.8
      vertex 10.3353 97.8467 2.4
      vertex 9.77793 97.6575 2.4
    endloop
  endfacet
  facet normal -0.831459 -0.555586 0
    outer loop
      vertex 7.92991 90.7606 2.4
      vertex 7.60289 91.25 7.8
      vertex 7.60289 91.25 2.4
    endloop
  endfacet
  facet normal -0.831459 -0.555586 0
    outer loop
      vertex 7.60289 91.25 7.8
      vertex 7.92991 90.7606 2.4
      vertex 7.92991 90.7606 7.8
    endloop
  endfacet
  facet normal -0.555539 0.831491 0
    outer loop
      vertex 9.25 97.3971 2.4
      vertex 8.76057 97.0701 7.8
      vertex 9.25 97.3971 7.8
    endloop
  endfacet
  facet normal -0.555539 0.831491 0
    outer loop
      vertex 8.76057 97.0701 7.8
      vertex 9.25 97.3971 2.4
      vertex 8.76057 97.0701 2.4
    endloop
  endfacet
  facet normal -0.997859 0.0654027 0
    outer loop
      vertex 7 93.5 2.4
      vertex 7.0385 94.0874 7.8
      vertex 7.0385 94.0874 2.4
    endloop
  endfacet
  facet normal -0.997859 0.0654027 0
    outer loop
      vertex 7.0385 94.0874 7.8
      vertex 7 93.5 2.4
      vertex 7 93.5 7.8
    endloop
  endfacet
  facet normal 0.195038 0.980796 -0
    outer loop
      vertex 12.6647 97.8467 2.4
      vertex 12.0874 97.9615 7.8
      vertex 12.6647 97.8467 7.8
    endloop
  endfacet
  facet normal 0.195038 0.980796 0
    outer loop
      vertex 12.0874 97.9615 7.8
      vertex 12.6647 97.8467 2.4
      vertex 12.0874 97.9615 2.4
    endloop
  endfacet
  facet normal -0.442362 0.896837 0
    outer loop
      vertex 9.77793 97.6575 2.4
      vertex 9.25 97.3971 7.8
      vertex 9.77793 97.6575 7.8
    endloop
  endfacet
  facet normal -0.442362 0.896837 0
    outer loop
      vertex 9.25 97.3971 7.8
      vertex 9.77793 97.6575 2.4
      vertex 9.25 97.3971 2.4
    endloop
  endfacet
  facet normal 0.0654027 -0.997859 0
    outer loop
      vertex 11.5 89 2.4
      vertex 12.0874 89.0385 7.8
      vertex 11.5 89 7.8
    endloop
  endfacet
  facet normal 0.0654027 -0.997859 0
    outer loop
      vertex 12.0874 89.0385 7.8
      vertex 11.5 89 2.4
      vertex 12.0874 89.0385 2.4
    endloop
  endfacet
  facet normal 0.659298 -0.751882 0
    outer loop
      vertex 14.2394 89.9299 2.4
      vertex 14.682 90.318 7.8
      vertex 14.2394 89.9299 7.8
    endloop
  endfacet
  facet normal 0.659298 -0.751882 0
    outer loop
      vertex 14.682 90.318 7.8
      vertex 14.2394 89.9299 2.4
      vertex 14.682 90.318 2.4
    endloop
  endfacet
  facet normal -0.946931 -0.321437 0
    outer loop
      vertex 7.34254 91.7779 2.4
      vertex 7.15333 92.3353 7.8
      vertex 7.15333 92.3353 2.4
    endloop
  endfacet
  facet normal -0.946931 -0.321437 0
    outer loop
      vertex 7.15333 92.3353 7.8
      vertex 7.34254 91.7779 2.4
      vertex 7.34254 91.7779 7.8
    endloop
  endfacet
  facet normal 0.946936 -0.321421 0
    outer loop
      vertex 15.6575 91.7779 7.8
      vertex 15.8467 92.3353 2.4
      vertex 15.8467 92.3353 7.8
    endloop
  endfacet
  facet normal 0.946936 -0.321421 0
    outer loop
      vertex 15.8467 92.3353 2.4
      vertex 15.6575 91.7779 7.8
      vertex 15.6575 91.7779 2.4
    endloop
  endfacet
  facet normal 0.442382 0.896827 -0
    outer loop
      vertex 13.75 97.3971 2.4
      vertex 13.2221 97.6575 7.8
      vertex 13.75 97.3971 7.8
    endloop
  endfacet
  facet normal 0.442382 0.896827 0
    outer loop
      vertex 13.2221 97.6575 7.8
      vertex 13.75 97.3971 2.4
      vertex 13.2221 97.6575 2.4
    endloop
  endfacet
  facet normal -0.195038 0.980796 0
    outer loop
      vertex 10.9126 97.9615 2.4
      vertex 10.3353 97.8467 7.8
      vertex 10.9126 97.9615 7.8
    endloop
  endfacet
  facet normal -0.195038 0.980796 0
    outer loop
      vertex 10.3353 97.8467 7.8
      vertex 10.9126 97.9615 2.4
      vertex 10.3353 97.8467 2.4
    endloop
  endfacet
  facet normal 0.751882 0.659298 0
    outer loop
      vertex 15.0701 96.2394 7.8
      vertex 14.682 96.682 2.4
      vertex 14.682 96.682 7.8
    endloop
  endfacet
  facet normal 0.751882 0.659298 0
    outer loop
      vertex 14.682 96.682 2.4
      vertex 15.0701 96.2394 7.8
      vertex 15.0701 96.2394 2.4
    endloop
  endfacet
  facet normal 0.751882 -0.659298 0
    outer loop
      vertex 14.682 90.318 7.8
      vertex 15.0701 90.7606 2.4
      vertex 15.0701 90.7606 7.8
    endloop
  endfacet
  facet normal 0.751882 -0.659298 0
    outer loop
      vertex 15.0701 90.7606 2.4
      vertex 14.682 90.318 7.8
      vertex 14.682 90.318 2.4
    endloop
  endfacet
  facet normal -0.442362 -0.896837 0
    outer loop
      vertex 9.25 89.6029 2.4
      vertex 9.77793 89.3425 7.8
      vertex 9.25 89.6029 7.8
    endloop
  endfacet
  facet normal -0.442362 -0.896837 -0
    outer loop
      vertex 9.77793 89.3425 7.8
      vertex 9.25 89.6029 2.4
      vertex 9.77793 89.3425 2.4
    endloop
  endfacet
  facet normal -0.946931 0.321437 0
    outer loop
      vertex 7.15333 94.6647 2.4
      vertex 7.34254 95.2221 7.8
      vertex 7.34254 95.2221 2.4
    endloop
  endfacet
  facet normal -0.946931 0.321437 0
    outer loop
      vertex 7.34254 95.2221 7.8
      vertex 7.15333 94.6647 2.4
      vertex 7.15333 94.6647 7.8
    endloop
  endfacet
  facet normal 0.195038 -0.980796 0
    outer loop
      vertex 12.0874 89.0385 2.4
      vertex 12.6647 89.1533 7.8
      vertex 12.0874 89.0385 7.8
    endloop
  endfacet
  facet normal 0.195038 -0.980796 0
    outer loop
      vertex 12.6647 89.1533 7.8
      vertex 12.0874 89.0385 2.4
      vertex 12.6647 89.1533 2.4
    endloop
  endfacet
  facet normal 0.442382 -0.896827 0
    outer loop
      vertex 13.2221 89.3425 2.4
      vertex 13.75 89.6029 7.8
      vertex 13.2221 89.3425 7.8
    endloop
  endfacet
  facet normal 0.442382 -0.896827 0
    outer loop
      vertex 13.75 89.6029 7.8
      vertex 13.2221 89.3425 2.4
      vertex 13.75 89.6029 2.4
    endloop
  endfacet
  facet normal 0 0 -1
    outer loop
      vertex 15.9615 92.9126 2.4
      vertex 15.9615 94.0874 2.4
      vertex 16 93.5 2.4
    endloop
  endfacet
  facet normal 0 0 -1
    outer loop
      vertex 15.8467 92.3353 2.4
      vertex 15.9615 94.0874 2.4
      vertex 15.9615 92.9126 2.4
    endloop
  endfacet
  facet normal 0 0 -1
    outer loop
      vertex 15.8467 92.3353 2.4
      vertex 15.8467 94.6647 2.4
      vertex 15.9615 94.0874 2.4
    endloop
  endfacet
  facet normal 0 0 -1
    outer loop
      vertex 15.6575 91.7779 2.4
      vertex 15.8467 94.6647 2.4
      vertex 15.8467 92.3353 2.4
    endloop
  endfacet
  facet normal 0 0 -1
    outer loop
      vertex 15.6575 91.7779 2.4
      vertex 15.6575 95.2221 2.4
      vertex 15.8467 94.6647 2.4
    endloop
  endfacet
  facet normal 0 0 -1
    outer loop
      vertex 15.3971 91.25 2.4
      vertex 15.6575 95.2221 2.4
      vertex 15.6575 91.7779 2.4
    endloop
  endfacet
  facet normal 0 0 -1
    outer loop
      vertex 15.3971 91.25 2.4
      vertex 15.3971 95.75 2.4
      vertex 15.6575 95.2221 2.4
    endloop
  endfacet
  facet normal 0 0 -1
    outer loop
      vertex 15.0701 90.7606 2.4
      vertex 15.3971 95.75 2.4
      vertex 15.3971 91.25 2.4
    endloop
  endfacet
  facet normal 0 0 -1
    outer loop
      vertex 15.0701 90.7606 2.4
      vertex 15.0701 96.2394 2.4
      vertex 15.3971 95.75 2.4
    endloop
  endfacet
  facet normal 0 0 -1
    outer loop
      vertex 14.682 90.318 2.4
      vertex 15.0701 96.2394 2.4
      vertex 15.0701 90.7606 2.4
    endloop
  endfacet
  facet normal 0 0 -1
    outer loop
      vertex 14.682 90.318 2.4
      vertex 14.682 96.682 2.4
      vertex 15.0701 96.2394 2.4
    endloop
  endfacet
  facet normal 0 0 -1
    outer loop
      vertex 14.2394 89.9299 2.4
      vertex 14.682 96.682 2.4
      vertex 14.682 90.318 2.4
    endloop
  endfacet
  facet normal 0 0 -1
    outer loop
      vertex 14.2394 89.9299 2.4
      vertex 14.2394 97.0701 2.4
      vertex 14.682 96.682 2.4
    endloop
  endfacet
  facet normal 0 0 -1
    outer loop
      vertex 13.75 89.6029 2.4
      vertex 14.2394 97.0701 2.4
      vertex 14.2394 89.9299 2.4
    endloop
  endfacet
  facet normal 0 0 -1
    outer loop
      vertex 13.75 89.6029 2.4
      vertex 13.75 97.3971 2.4
      vertex 14.2394 97.0701 2.4
    endloop
  endfacet
  facet normal 0 0 -1
    outer loop
      vertex 13.2221 89.3425 2.4
      vertex 13.75 97.3971 2.4
      vertex 13.75 89.6029 2.4
    endloop
  endfacet
  facet normal 0 0 -1
    outer loop
      vertex 13.2221 89.3425 2.4
      vertex 13.2221 97.6575 2.4
      vertex 13.75 97.3971 2.4
    endloop
  endfacet
  facet normal 0 0 -1
    outer loop
      vertex 12.6647 89.1533 2.4
      vertex 13.2221 97.6575 2.4
      vertex 13.2221 89.3425 2.4
    endloop
  endfacet
  facet normal 0 0 -1
    outer loop
      vertex 12.6647 89.1533 2.4
      vertex 12.6647 97.8467 2.4
      vertex 13.2221 97.6575 2.4
    endloop
  endfacet
  facet normal 0 0 -1
    outer loop
      vertex 12.0874 89.0385 2.4
      vertex 12.6647 97.8467 2.4
      vertex 12.6647 89.1533 2.4
    endloop
  endfacet
  facet normal 0 0 -1
    outer loop
      vertex 12.0874 89.0385 2.4
      vertex 12.0874 97.9615 2.4
      vertex 12.6647 97.8467 2.4
    endloop
  endfacet
  facet normal 0 0 -1
    outer loop
      vertex 11.5 89 2.4
      vertex 12.0874 97.9615 2.4
      vertex 12.0874 89.0385 2.4
    endloop
  endfacet
  facet normal 0 0 -1
    outer loop
      vertex 11.5 89 2.4
      vertex 11.5 98 2.4
      vertex 12.0874 97.9615 2.4
    endloop
  endfacet
  facet normal 0 0 -1
    outer loop
      vertex 10.9126 89.0385 2.4
      vertex 11.5 98 2.4
      vertex 11.5 89 2.4
    endloop
  endfacet
  facet normal 0 0 -1
    outer loop
      vertex 10.9126 89.0385 2.4
      vertex 10.9126 97.9615 2.4
      vertex 11.5 98 2.4
    endloop
  endfacet
  facet normal 0 0 -1
    outer loop
      vertex 10.3353 89.1533 2.4
      vertex 10.9126 97.9615 2.4
      vertex 10.9126 89.0385 2.4
    endloop
  endfacet
  facet normal 0 0 -1
    outer loop
      vertex 10.3353 89.1533 2.4
      vertex 10.3353 97.8467 2.4
      vertex 10.9126 97.9615 2.4
    endloop
  endfacet
  facet normal 0 0 -1
    outer loop
      vertex 9.77793 89.3425 2.4
      vertex 10.3353 97.8467 2.4
      vertex 10.3353 89.1533 2.4
    endloop
  endfacet
  facet normal 0 0 -1
    outer loop
      vertex 9.77793 89.3425 2.4
      vertex 9.77793 97.6575 2.4
      vertex 10.3353 97.8467 2.4
    endloop
  endfacet
  facet normal 0 0 -1
    outer loop
      vertex 9.25 89.6029 2.4
      vertex 9.77793 97.6575 2.4
      vertex 9.77793 89.3425 2.4
    endloop
  endfacet
  facet normal 0 0 -1
    outer loop
      vertex 9.25 89.6029 2.4
      vertex 9.25 97.3971 2.4
      vertex 9.77793 97.6575 2.4
    endloop
  endfacet
  facet normal 0 0 -1
    outer loop
      vertex 8.76057 89.9299 2.4
      vertex 9.25 97.3971 2.4
      vertex 9.25 89.6029 2.4
    endloop
  endfacet
  facet normal 0 0 -1
    outer loop
      vertex 8.76057 89.9299 2.4
      vertex 8.76057 97.0701 2.4
      vertex 9.25 97.3971 2.4
    endloop
  endfacet
  facet normal 0 0 -1
    outer loop
      vertex 8.31802 90.318 2.4
      vertex 8.76057 97.0701 2.4
      vertex 8.76057 89.9299 2.4
    endloop
  endfacet
  facet normal 0 0 -1
    outer loop
      vertex 8.31802 90.318 2.4
      vertex 8.31802 96.682 2.4
      vertex 8.76057 97.0701 2.4
    endloop
  endfacet
  facet normal 0 0 -1
    outer loop
      vertex 7.92991 90.7606 2.4
      vertex 8.31802 96.682 2.4
      vertex 8.31802 90.318 2.4
    endloop
  endfacet
  facet normal 0 0 -1
    outer loop
      vertex 7.92991 90.7606 2.4
      vertex 7.92991 96.2394 2.4
      vertex 8.31802 96.682 2.4
    endloop
  endfacet
  facet normal 0 0 -1
    outer loop
      vertex 7.60289 91.25 2.4
      vertex 7.92991 96.2394 2.4
      vertex 7.92991 90.7606 2.4
    endloop
  endfacet
  facet normal 0 0 -1
    outer loop
      vertex 7.60289 91.25 2.4
      vertex 7.60289 95.75 2.4
      vertex 7.92991 96.2394 2.4
    endloop
  endfacet
  facet normal 0 0 -1
    outer loop
      vertex 7.34254 91.7779 2.4
      vertex 7.60289 95.75 2.4
      vertex 7.60289 91.25 2.4
    endloop
  endfacet
  facet normal 0 0 -1
    outer loop
      vertex 7.34254 91.7779 2.4
      vertex 7.34254 95.2221 2.4
      vertex 7.60289 95.75 2.4
    endloop
  endfacet
  facet normal 0 0 -1
    outer loop
      vertex 7.15333 92.3353 2.4
      vertex 7.34254 95.2221 2.4
      vertex 7.34254 91.7779 2.4
    endloop
  endfacet
  facet normal 0 0 -1
    outer loop
      vertex 7.15333 92.3353 2.4
      vertex 7.15333 94.6647 2.4
      vertex 7.34254 95.2221 2.4
    endloop
  endfacet
  facet normal 0 0 -1
    outer loop
      vertex 7.0385 92.9126 2.4
      vertex 7.15333 94.6647 2.4
      vertex 7.15333 92.3353 2.4
    endloop
  endfacet
  facet normal 0 0 -1
    outer loop
      vertex 7.0385 92.9126 2.4
      vertex 7.0385 94.0874 2.4
      vertex 7.15333 94.6647 2.4
    endloop
  endfacet
  facet normal 0 -0 -1
    outer loop
      vertex 7.0385 94.0874 2.4
      vertex 7.0385 92.9126 2.4
      vertex 7 93.5 2.4
    endloop
  endfacet
  facet normal -0.751873 0.659308 0
    outer loop
      vertex 7.92991 96.2394 2.4
      vertex 8.31802 96.682 7.8
      vertex 8.31802 96.682 2.4
    endloop
  endfacet
  facet normal -0.751873 0.659308 0
    outer loop
      vertex 8.31802 96.682 7.8
      vertex 7.92991 96.2394 2.4
      vertex 7.92991 96.2394 7.8
    endloop
  endfacet
  facet normal 0.659298 0.751882 -0
    outer loop
      vertex 14.682 96.682 2.4
      vertex 14.2394 97.0701 7.8
      vertex 14.682 96.682 7.8
    endloop
  endfacet
  facet normal 0.659298 0.751882 0
    outer loop
      vertex 14.2394 97.0701 7.8
      vertex 14.682 96.682 2.4
      vertex 14.2394 97.0701 2.4
    endloop
  endfacet
  facet normal -0.89686 -0.442314 0
    outer loop
      vertex 7.60289 91.25 2.4
      vertex 7.34254 91.7779 7.8
      vertex 7.34254 91.7779 2.4
    endloop
  endfacet
  facet normal -0.89686 -0.442314 0
    outer loop
      vertex 7.34254 91.7779 7.8
      vertex 7.60289 91.25 2.4
      vertex 7.60289 91.25 7.8
    endloop
  endfacet
  facet normal 0.831475 -0.555562 0
    outer loop
      vertex 15.0701 90.7606 7.8
      vertex 15.3971 91.25 2.4
      vertex 15.3971 91.25 7.8
    endloop
  endfacet
  facet normal 0.831475 -0.555562 0
    outer loop
      vertex 15.3971 91.25 2.4
      vertex 15.0701 90.7606 7.8
      vertex 15.0701 90.7606 2.4
    endloop
  endfacet
  facet normal 0.896827 0.442382 0
    outer loop
      vertex 15.6575 95.2221 7.8
      vertex 15.3971 95.75 2.4
      vertex 15.3971 95.75 7.8
    endloop
  endfacet
  facet normal 0.896827 0.442382 0
    outer loop
      vertex 15.3971 95.75 2.4
      vertex 15.6575 95.2221 7.8
      vertex 15.6575 95.2221 2.4
    endloop
  endfacet
  facet normal -0.0654027 -0.997859 0
    outer loop
      vertex 10.9126 89.0385 2.4
      vertex 11.5 89 7.8
      vertex 10.9126 89.0385 7.8
    endloop
  endfacet
  facet normal -0.0654027 -0.997859 -0
    outer loop
      vertex 11.5 89 7.8
      vertex 10.9126 89.0385 2.4
      vertex 11.5 89 2.4
    endloop
  endfacet
  facet normal 0.0654027 0.997859 -0
    outer loop
      vertex 12.0874 97.9615 2.4
      vertex 11.5 98 7.8
      vertex 12.0874 97.9615 7.8
    endloop
  endfacet
  facet normal 0.0654027 0.997859 0
    outer loop
      vertex 11.5 98 7.8
      vertex 12.0874 97.9615 2.4
      vertex 11.5 98 2.4
    endloop
  endfacet
  facet normal -0.555539 -0.831491 0
    outer loop
      vertex 8.76057 89.9299 2.4
      vertex 9.25 89.6029 7.8
      vertex 8.76057 89.9299 7.8
    endloop
  endfacet
  facet normal -0.555539 -0.831491 -0
    outer loop
      vertex 9.25 89.6029 7.8
      vertex 8.76057 89.9299 2.4
      vertex 9.25 89.6029 2.4
    endloop
  endfacet
  facet normal 0.555562 -0.831475 0
    outer loop
      vertex 13.75 89.6029 2.4
      vertex 14.2394 89.9299 7.8
      vertex 13.75 89.6029 7.8
    endloop
  endfacet
  facet normal 0.555562 -0.831475 0
    outer loop
      vertex 14.2394 89.9299 7.8
      vertex 13.75 89.6029 2.4
      vertex 14.2394 89.9299 2.4
    endloop
  endfacet
  facet normal 0.946936 0.321421 0
    outer loop
      vertex 15.8467 94.6647 7.8
      vertex 15.6575 95.2221 2.4
      vertex 15.6575 95.2221 7.8
    endloop
  endfacet
  facet normal 0.946936 0.321421 0
    outer loop
      vertex 15.6575 95.2221 2.4
      vertex 15.8467 94.6647 7.8
      vertex 15.8467 94.6647 2.4
    endloop
  endfacet
  facet normal -0.980786 0.195087 0
    outer loop
      vertex 7.0385 94.0874 2.4
      vertex 7.15333 94.6647 7.8
      vertex 7.15333 94.6647 2.4
    endloop
  endfacet
  facet normal -0.980786 0.195087 0
    outer loop
      vertex 7.15333 94.6647 7.8
      vertex 7.0385 94.0874 2.4
      vertex 7.0385 94.0874 7.8
    endloop
  endfacet
  facet normal -0.0654027 0.997859 0
    outer loop
      vertex 11.5 98 2.4
      vertex 10.9126 97.9615 7.8
      vertex 11.5 98 7.8
    endloop
  endfacet
  facet normal -0.0654027 0.997859 0
    outer loop
      vertex 10.9126 97.9615 7.8
      vertex 11.5 98 2.4
      vertex 10.9126 97.9615 2.4
    endloop
  endfacet
  facet normal -0.321437 -0.946931 0
    outer loop
      vertex 9.77793 89.3425 2.4
      vertex 10.3353 89.1533 7.8
      vertex 9.77793 89.3425 7.8
    endloop
  endfacet
  facet normal -0.321437 -0.946931 -0
    outer loop
      vertex 10.3353 89.1533 7.8
      vertex 9.77793 89.3425 2.4
      vertex 10.3353 89.1533 2.4
    endloop
  endfacet
  facet normal -0.980786 -0.195087 0
    outer loop
      vertex 7.15333 92.3353 2.4
      vertex 7.0385 92.9126 7.8
      vertex 7.0385 92.9126 2.4
    endloop
  endfacet
  facet normal -0.980786 -0.195087 0
    outer loop
      vertex 7.0385 92.9126 7.8
      vertex 7.15333 92.3353 2.4
      vertex 7.15333 92.3353 7.8
    endloop
  endfacet
  facet normal -0.751873 -0.659308 0
    outer loop
      vertex 8.31802 90.318 2.4
      vertex 7.92991 90.7606 7.8
      vertex 7.92991 90.7606 2.4
    endloop
  endfacet
  facet normal -0.751873 -0.659308 0
    outer loop
      vertex 7.92991 90.7606 7.8
      vertex 8.31802 90.318 2.4
      vertex 8.31802 90.318 7.8
    endloop
  endfacet
  facet normal -0.195038 -0.980796 0
    outer loop
      vertex 10.3353 89.1533 2.4
      vertex 10.9126 89.0385 7.8
      vertex 10.3353 89.1533 7.8
    endloop
  endfacet
  facet normal -0.195038 -0.980796 -0
    outer loop
      vertex 10.9126 89.0385 7.8
      vertex 10.3353 89.1533 2.4
      vertex 10.9126 89.0385 2.4
    endloop
  endfacet
  facet normal -0.831459 0.555586 0
    outer loop
      vertex 7.60289 95.75 2.4
      vertex 7.92991 96.2394 7.8
      vertex 7.92991 96.2394 2.4
    endloop
  endfacet
  facet normal -0.831459 0.555586 0
    outer loop
      vertex 7.92991 96.2394 7.8
      vertex 7.60289 95.75 2.4
      vertex 7.60289 95.75 7.8
    endloop
  endfacet
  facet normal -0.195093 -0.980785 0
    outer loop
      vertex 11.8002 95.7803 3
      vertex 12.0953 95.7216 7.8
      vertex 11.8002 95.7803 7.8
    endloop
  endfacet
  facet normal -0.195093 -0.980785 -0
    outer loop
      vertex 12.0953 95.7216 7.8
      vertex 11.8002 95.7803 3
      vertex 12.0953 95.7216 3
    endloop
  endfacet
  facet normal -0.980785 -0.195093 0
    outer loop
      vertex 13.7803 93.8002 3
      vertex 13.7216 94.0953 7.8
      vertex 13.7216 94.0953 3
    endloop
  endfacet
  facet normal -0.980785 -0.195093 0
    outer loop
      vertex 13.7216 94.0953 7.8
      vertex 13.7803 93.8002 3
      vertex 13.7803 93.8002 7.8
    endloop
  endfacet
  facet normal -0.997854 -0.0654821 0
    outer loop
      vertex 13.8 93.5 3
      vertex 13.7803 93.8002 7.8
      vertex 13.7803 93.8002 3
    endloop
  endfacet
  facet normal -0.997854 -0.0654821 0
    outer loop
      vertex 13.7803 93.8002 7.8
      vertex 13.8 93.5 3
      vertex 13.8 93.5 7.8
    endloop
  endfacet
  facet normal -0.946941 -0.321408 0
    outer loop
      vertex 13.7216 94.0953 3
      vertex 13.6249 94.3802 7.8
      vertex 13.6249 94.3802 3
    endloop
  endfacet
  facet normal -0.946941 -0.321408 0
    outer loop
      vertex 13.6249 94.3802 7.8
      vertex 13.7216 94.0953 3
      vertex 13.7216 94.0953 7.8
    endloop
  endfacet
  facet normal -0.831436 -0.55562 0
    outer loop
      vertex 13.4919 94.65 3
      vertex 13.3247 94.9002 7.8
      vertex 13.3247 94.9002 3
    endloop
  endfacet
  facet normal -0.831436 -0.55562 0
    outer loop
      vertex 13.3247 94.9002 7.8
      vertex 13.4919 94.65 3
      vertex 13.4919 94.65 7.8
    endloop
  endfacet
  facet normal -0.321408 -0.946941 0
    outer loop
      vertex 12.0953 95.7216 3
      vertex 12.3802 95.6249 7.8
      vertex 12.0953 95.7216 7.8
    endloop
  endfacet
  facet normal -0.321408 -0.946941 -0
    outer loop
      vertex 12.3802 95.6249 7.8
      vertex 12.0953 95.7216 3
      vertex 12.3802 95.6249 3
    endloop
  endfacet
  facet normal 0.980791 0.195061 0
    outer loop
      vertex 9.27837 92.9047 7.8
      vertex 9.21968 93.1998 3
      vertex 9.21968 93.1998 7.8
    endloop
  endfacet
  facet normal 0.980791 0.195061 0
    outer loop
      vertex 9.21968 93.1998 3
      vertex 9.27837 92.9047 7.8
      vertex 9.27837 92.9047 3
    endloop
  endfacet
  facet normal -0.997854 0.0654821 0
    outer loop
      vertex 13.7803 93.1998 3
      vertex 13.8 93.5 7.8
      vertex 13.8 93.5 3
    endloop
  endfacet
  facet normal -0.997854 0.0654821 0
    outer loop
      vertex 13.8 93.5 7.8
      vertex 13.7803 93.1998 3
      vertex 13.7803 93.1998 7.8
    endloop
  endfacet
  facet normal 0.55562 0.831436 -0
    outer loop
      vertex 10.35 91.5081 3
      vertex 10.0998 91.6753 7.8
      vertex 10.35 91.5081 7.8
    endloop
  endfacet
  facet normal 0.55562 0.831436 0
    outer loop
      vertex 10.0998 91.6753 7.8
      vertex 10.35 91.5081 3
      vertex 10.0998 91.6753 3
    endloop
  endfacet
  facet normal 0.997858 0.0654159 0
    outer loop
      vertex 9.21968 93.1998 7.8
      vertex 9.2 93.5 3
      vertex 9.2 93.5 7.8
    endloop
  endfacet
  facet normal 0.997858 0.0654159 0
    outer loop
      vertex 9.2 93.5 3
      vertex 9.21968 93.1998 7.8
      vertex 9.21968 93.1998 3
    endloop
  endfacet
  facet normal 0.321408 0.946941 -0
    outer loop
      vertex 10.9047 91.2784 3
      vertex 10.6198 91.3751 7.8
      vertex 10.9047 91.2784 7.8
    endloop
  endfacet
  facet normal 0.321408 0.946941 0
    outer loop
      vertex 10.6198 91.3751 7.8
      vertex 10.9047 91.2784 3
      vertex 10.6198 91.3751 3
    endloop
  endfacet
  facet normal -0.89694 -0.442153 0
    outer loop
      vertex 13.6249 94.3802 3
      vertex 13.4919 94.65 7.8
      vertex 13.4919 94.65 3
    endloop
  endfacet
  facet normal -0.89694 -0.442153 0
    outer loop
      vertex 13.4919 94.65 7.8
      vertex 13.6249 94.3802 3
      vertex 13.6249 94.3802 7.8
    endloop
  endfacet
  facet normal -0.751649 -0.659563 0
    outer loop
      vertex 13.3247 94.9002 3
      vertex 13.1263 95.1263 7.8
      vertex 13.1263 95.1263 3
    endloop
  endfacet
  facet normal -0.751649 -0.659563 0
    outer loop
      vertex 13.1263 95.1263 7.8
      vertex 13.3247 94.9002 3
      vertex 13.3247 94.9002 7.8
    endloop
  endfacet
  facet normal -0.946941 0.321408 0
    outer loop
      vertex 13.6249 92.6198 3
      vertex 13.7216 92.9047 7.8
      vertex 13.7216 92.9047 3
    endloop
  endfacet
  facet normal -0.946941 0.321408 0
    outer loop
      vertex 13.7216 92.9047 7.8
      vertex 13.6249 92.6198 3
      vertex 13.6249 92.6198 7.8
    endloop
  endfacet
  facet normal 0.751699 0.659507 0
    outer loop
      vertex 9.87366 91.8737 7.8
      vertex 9.67529 92.0998 3
      vertex 9.67529 92.0998 7.8
    endloop
  endfacet
  facet normal 0.751699 0.659507 0
    outer loop
      vertex 9.67529 92.0998 3
      vertex 9.87366 91.8737 7.8
      vertex 9.87366 91.8737 3
    endloop
  endfacet
  facet normal -0.980785 0.195093 0
    outer loop
      vertex 13.7216 92.9047 3
      vertex 13.7803 93.1998 7.8
      vertex 13.7803 93.1998 3
    endloop
  endfacet
  facet normal -0.980785 0.195093 0
    outer loop
      vertex 13.7803 93.1998 7.8
      vertex 13.7216 92.9047 3
      vertex 13.7216 92.9047 7.8
    endloop
  endfacet
  facet normal -0.0654821 0.997854 0
    outer loop
      vertex 11.8002 91.2197 3
      vertex 11.5 91.2 7.8
      vertex 11.8002 91.2197 7.8
    endloop
  endfacet
  facet normal -0.0654821 0.997854 0
    outer loop
      vertex 11.5 91.2 7.8
      vertex 11.8002 91.2197 3
      vertex 11.5 91.2 3
    endloop
  endfacet
  facet normal 0.946931 0.321438 0
    outer loop
      vertex 9.37508 92.6198 7.8
      vertex 9.27837 92.9047 3
      vertex 9.27837 92.9047 7.8
    endloop
  endfacet
  facet normal 0.946931 0.321438 0
    outer loop
      vertex 9.27837 92.9047 3
      vertex 9.37508 92.6198 7.8
      vertex 9.37508 92.6198 3
    endloop
  endfacet
  facet normal -0.831436 0.55562 0
    outer loop
      vertex 13.3247 92.0998 3
      vertex 13.4919 92.35 7.8
      vertex 13.4919 92.35 3
    endloop
  endfacet
  facet normal -0.831436 0.55562 0
    outer loop
      vertex 13.4919 92.35 7.8
      vertex 13.3247 92.0998 3
      vertex 13.3247 92.0998 7.8
    endloop
  endfacet
  facet normal -0.442153 -0.89694 0
    outer loop
      vertex 12.3802 95.6249 3
      vertex 12.65 95.4919 7.8
      vertex 12.3802 95.6249 7.8
    endloop
  endfacet
  facet normal -0.442153 -0.89694 -0
    outer loop
      vertex 12.65 95.4919 7.8
      vertex 12.3802 95.6249 3
      vertex 12.65 95.4919 3
    endloop
  endfacet
  facet normal 0.442153 -0.89694 0
    outer loop
      vertex 10.35 95.4919 3
      vertex 10.6198 95.6249 7.8
      vertex 10.35 95.4919 7.8
    endloop
  endfacet
  facet normal 0.442153 -0.89694 0
    outer loop
      vertex 10.6198 95.6249 7.8
      vertex 10.35 95.4919 3
      vertex 10.6198 95.6249 3
    endloop
  endfacet
  facet normal -0.442153 0.89694 0
    outer loop
      vertex 12.65 91.5081 3
      vertex 12.3802 91.3751 7.8
      vertex 12.65 91.5081 7.8
    endloop
  endfacet
  facet normal -0.442153 0.89694 0
    outer loop
      vertex 12.3802 91.3751 7.8
      vertex 12.65 91.5081 3
      vertex 12.3802 91.3751 3
    endloop
  endfacet
  facet normal -0.321408 0.946941 0
    outer loop
      vertex 12.3802 91.3751 3
      vertex 12.0953 91.2784 7.8
      vertex 12.3802 91.3751 7.8
    endloop
  endfacet
  facet normal -0.321408 0.946941 0
    outer loop
      vertex 12.0953 91.2784 7.8
      vertex 12.3802 91.3751 3
      vertex 12.0953 91.2784 3
    endloop
  endfacet
  facet normal 0.195093 0.980785 -0
    outer loop
      vertex 11.1998 91.2197 3
      vertex 10.9047 91.2784 7.8
      vertex 11.1998 91.2197 7.8
    endloop
  endfacet
  facet normal 0.195093 0.980785 0
    outer loop
      vertex 10.9047 91.2784 7.8
      vertex 11.1998 91.2197 3
      vertex 10.9047 91.2784 3
    endloop
  endfacet
  facet normal 0.946931 -0.321438 0
    outer loop
      vertex 9.27837 94.0953 7.8
      vertex 9.37508 94.3802 3
      vertex 9.37508 94.3802 7.8
    endloop
  endfacet
  facet normal 0.946931 -0.321438 0
    outer loop
      vertex 9.37508 94.3802 3
      vertex 9.27837 94.0953 7.8
      vertex 9.27837 94.0953 3
    endloop
  endfacet
  facet normal 0.195093 -0.980785 0
    outer loop
      vertex 10.9047 95.7216 3
      vertex 11.1998 95.7803 7.8
      vertex 10.9047 95.7216 7.8
    endloop
  endfacet
  facet normal 0.195093 -0.980785 0
    outer loop
      vertex 11.1998 95.7803 7.8
      vertex 10.9047 95.7216 3
      vertex 11.1998 95.7803 3
    endloop
  endfacet
  facet normal 0.55562 -0.831436 0
    outer loop
      vertex 10.0998 95.3247 3
      vertex 10.35 95.4919 7.8
      vertex 10.0998 95.3247 7.8
    endloop
  endfacet
  facet normal 0.55562 -0.831436 0
    outer loop
      vertex 10.35 95.4919 7.8
      vertex 10.0998 95.3247 3
      vertex 10.35 95.4919 3
    endloop
  endfacet
  facet normal -0.55562 0.831436 0
    outer loop
      vertex 12.9002 91.6753 3
      vertex 12.65 91.5081 7.8
      vertex 12.9002 91.6753 7.8
    endloop
  endfacet
  facet normal -0.55562 0.831436 0
    outer loop
      vertex 12.65 91.5081 7.8
      vertex 12.9002 91.6753 3
      vertex 12.65 91.5081 3
    endloop
  endfacet
  facet normal -0.195093 0.980785 0
    outer loop
      vertex 12.0953 91.2784 3
      vertex 11.8002 91.2197 7.8
      vertex 12.0953 91.2784 7.8
    endloop
  endfacet
  facet normal -0.195093 0.980785 0
    outer loop
      vertex 11.8002 91.2197 7.8
      vertex 12.0953 91.2784 3
      vertex 11.8002 91.2197 3
    endloop
  endfacet
  facet normal 0.89686 -0.442314 0
    outer loop
      vertex 9.37508 94.3802 7.8
      vertex 9.50814 94.65 3
      vertex 9.50814 94.65 7.8
    endloop
  endfacet
  facet normal 0.89686 -0.442314 0
    outer loop
      vertex 9.50814 94.65 3
      vertex 9.37508 94.3802 7.8
      vertex 9.37508 94.3802 3
    endloop
  endfacet
  facet normal -0.659563 -0.751649 0
    outer loop
      vertex 12.9002 95.3247 3
      vertex 13.1263 95.1263 7.8
      vertex 12.9002 95.3247 7.8
    endloop
  endfacet
  facet normal -0.659563 -0.751649 -0
    outer loop
      vertex 13.1263 95.1263 7.8
      vertex 12.9002 95.3247 3
      vertex 13.1263 95.1263 3
    endloop
  endfacet
  facet normal 0.831513 -0.555505 0
    outer loop
      vertex 9.50814 94.65 7.8
      vertex 9.67529 94.9002 3
      vertex 9.67529 94.9002 7.8
    endloop
  endfacet
  facet normal 0.831513 -0.555505 0
    outer loop
      vertex 9.67529 94.9002 3
      vertex 9.50814 94.65 7.8
      vertex 9.50814 94.65 3
    endloop
  endfacet
  facet normal 0.0654821 0.997854 -0
    outer loop
      vertex 11.5 91.2 3
      vertex 11.1998 91.2197 7.8
      vertex 11.5 91.2 7.8
    endloop
  endfacet
  facet normal 0.0654821 0.997854 0
    outer loop
      vertex 11.1998 91.2197 7.8
      vertex 11.5 91.2 3
      vertex 11.1998 91.2197 3
    endloop
  endfacet
  facet normal 0.0654821 -0.997854 0
    outer loop
      vertex 11.1998 95.7803 3
      vertex 11.5 95.8 7.8
      vertex 11.1998 95.7803 7.8
    endloop
  endfacet
  facet normal 0.0654821 -0.997854 0
    outer loop
      vertex 11.5 95.8 7.8
      vertex 11.1998 95.7803 3
      vertex 11.5 95.8 3
    endloop
  endfacet
  facet normal 0.659497 -0.751707 0
    outer loop
      vertex 9.87366 95.1263 3
      vertex 10.0998 95.3247 7.8
      vertex 9.87366 95.1263 7.8
    endloop
  endfacet
  facet normal 0.659497 -0.751707 0
    outer loop
      vertex 10.0998 95.3247 7.8
      vertex 9.87366 95.1263 3
      vertex 10.0998 95.3247 3
    endloop
  endfacet
  facet normal 0.659497 0.751707 -0
    outer loop
      vertex 10.0998 91.6753 3
      vertex 9.87366 91.8737 7.8
      vertex 10.0998 91.6753 7.8
    endloop
  endfacet
  facet normal 0.659497 0.751707 0
    outer loop
      vertex 9.87366 91.8737 7.8
      vertex 10.0998 91.6753 3
      vertex 9.87366 91.8737 3
    endloop
  endfacet
  facet normal 0 0 1
    outer loop
      vertex 13.7803 93.8002 3
      vertex 13.7803 93.1998 3
      vertex 13.8 93.5 3
    endloop
  endfacet
  facet normal 0 0 1
    outer loop
      vertex 13.7216 94.0953 3
      vertex 13.7803 93.1998 3
      vertex 13.7803 93.8002 3
    endloop
  endfacet
  facet normal 0 0 1
    outer loop
      vertex 13.7216 94.0953 3
      vertex 13.7216 92.9047 3
      vertex 13.7803 93.1998 3
    endloop
  endfacet
  facet normal 0 0 1
    outer loop
      vertex 13.6249 94.3802 3
      vertex 13.7216 92.9047 3
      vertex 13.7216 94.0953 3
    endloop
  endfacet
  facet normal 0 0 1
    outer loop
      vertex 13.6249 94.3802 3
      vertex 13.6249 92.6198 3
      vertex 13.7216 92.9047 3
    endloop
  endfacet
  facet normal 0 0 1
    outer loop
      vertex 13.4919 94.65 3
      vertex 13.6249 92.6198 3
      vertex 13.6249 94.3802 3
    endloop
  endfacet
  facet normal 0 0 1
    outer loop
      vertex 13.4919 94.65 3
      vertex 13.4919 92.35 3
      vertex 13.6249 92.6198 3
    endloop
  endfacet
  facet normal 0 0 1
    outer loop
      vertex 13.3247 94.9002 3
      vertex 13.4919 92.35 3
      vertex 13.4919 94.65 3
    endloop
  endfacet
  facet normal 0 0 1
    outer loop
      vertex 13.3247 94.9002 3
      vertex 13.3247 92.0998 3
      vertex 13.4919 92.35 3
    endloop
  endfacet
  facet normal 0 0 1
    outer loop
      vertex 13.1263 95.1263 3
      vertex 13.3247 92.0998 3
      vertex 13.3247 94.9002 3
    endloop
  endfacet
  facet normal 0 0 1
    outer loop
      vertex 13.1263 95.1263 3
      vertex 13.1263 91.8737 3
      vertex 13.3247 92.0998 3
    endloop
  endfacet
  facet normal 0 0 1
    outer loop
      vertex 12.9002 95.3247 3
      vertex 13.1263 91.8737 3
      vertex 13.1263 95.1263 3
    endloop
  endfacet
  facet normal 0 0 1
    outer loop
      vertex 12.9002 95.3247 3
      vertex 12.9002 91.6753 3
      vertex 13.1263 91.8737 3
    endloop
  endfacet
  facet normal 0 0 1
    outer loop
      vertex 12.65 95.4919 3
      vertex 12.9002 91.6753 3
      vertex 12.9002 95.3247 3
    endloop
  endfacet
  facet normal 0 0 1
    outer loop
      vertex 12.65 95.4919 3
      vertex 12.65 91.5081 3
      vertex 12.9002 91.6753 3
    endloop
  endfacet
  facet normal 0 0 1
    outer loop
      vertex 12.3802 95.6249 3
      vertex 12.65 91.5081 3
      vertex 12.65 95.4919 3
    endloop
  endfacet
  facet normal 0 0 1
    outer loop
      vertex 12.3802 95.6249 3
      vertex 12.3802 91.3751 3
      vertex 12.65 91.5081 3
    endloop
  endfacet
  facet normal 0 0 1
    outer loop
      vertex 12.0953 95.7216 3
      vertex 12.3802 91.3751 3
      vertex 12.3802 95.6249 3
    endloop
  endfacet
  facet normal 0 0 1
    outer loop
      vertex 12.0953 95.7216 3
      vertex 12.0953 91.2784 3
      vertex 12.3802 91.3751 3
    endloop
  endfacet
  facet normal 0 0 1
    outer loop
      vertex 11.8002 95.7803 3
      vertex 12.0953 91.2784 3
      vertex 12.0953 95.7216 3
    endloop
  endfacet
  facet normal 0 0 1
    outer loop
      vertex 11.8002 95.7803 3
      vertex 11.8002 91.2197 3
      vertex 12.0953 91.2784 3
    endloop
  endfacet
  facet normal 0 0 1
    outer loop
      vertex 11.5 95.8 3
      vertex 11.8002 91.2197 3
      vertex 11.8002 95.7803 3
    endloop
  endfacet
  facet normal 0 0 1
    outer loop
      vertex 11.5 95.8 3
      vertex 11.5 91.2 3
      vertex 11.8002 91.2197 3
    endloop
  endfacet
  facet normal -0 0 1
    outer loop
      vertex 11.1998 95.7803 3
      vertex 11.5 91.2 3
      vertex 11.5 95.8 3
    endloop
  endfacet
  facet normal 0 0 1
    outer loop
      vertex 11.1998 95.7803 3
      vertex 11.1998 91.2197 3
      vertex 11.5 91.2 3
    endloop
  endfacet
  facet normal -0 0 1
    outer loop
      vertex 10.9047 95.7216 3
      vertex 11.1998 91.2197 3
      vertex 11.1998 95.7803 3
    endloop
  endfacet
  facet normal 0 0 1
    outer loop
      vertex 10.9047 95.7216 3
      vertex 10.9047 91.2784 3
      vertex 11.1998 91.2197 3
    endloop
  endfacet
  facet normal -0 0 1
    outer loop
      vertex 10.6198 95.6249 3
      vertex 10.9047 91.2784 3
      vertex 10.9047 95.7216 3
    endloop
  endfacet
  facet normal 0 0 1
    outer loop
      vertex 10.6198 95.6249 3
      vertex 10.6198 91.3751 3
      vertex 10.9047 91.2784 3
    endloop
  endfacet
  facet normal -0 0 1
    outer loop
      vertex 10.35 95.4919 3
      vertex 10.6198 91.3751 3
      vertex 10.6198 95.6249 3
    endloop
  endfacet
  facet normal 0 0 1
    outer loop
      vertex 10.35 95.4919 3
      vertex 10.35 91.5081 3
      vertex 10.6198 91.3751 3
    endloop
  endfacet
  facet normal -0 0 1
    outer loop
      vertex 10.0998 95.3247 3
      vertex 10.35 91.5081 3
      vertex 10.35 95.4919 3
    endloop
  endfacet
  facet normal 0 0 1
    outer loop
      vertex 10.0998 95.3247 3
      vertex 10.0998 91.6753 3
      vertex 10.35 91.5081 3
    endloop
  endfacet
  facet normal -0 0 1
    outer loop
      vertex 9.87366 95.1263 3
      vertex 10.0998 91.6753 3
      vertex 10.0998 95.3247 3
    endloop
  endfacet
  facet normal 0 0 1
    outer loop
      vertex 9.87366 95.1263 3
      vertex 9.87366 91.8737 3
      vertex 10.0998 91.6753 3
    endloop
  endfacet
  facet normal -0 0 1
    outer loop
      vertex 9.67529 94.9002 3
      vertex 9.87366 91.8737 3
      vertex 9.87366 95.1263 3
    endloop
  endfacet
  facet normal 0 0 1
    outer loop
      vertex 9.67529 94.9002 3
      vertex 9.67529 92.0998 3
      vertex 9.87366 91.8737 3
    endloop
  endfacet
  facet normal -0 0 1
    outer loop
      vertex 9.50814 94.65 3
      vertex 9.67529 92.0998 3
      vertex 9.67529 94.9002 3
    endloop
  endfacet
  facet normal 0 0 1
    outer loop
      vertex 9.50814 94.65 3
      vertex 9.50814 92.35 3
      vertex 9.67529 92.0998 3
    endloop
  endfacet
  facet normal -0 0 1
    outer loop
      vertex 9.37508 94.3802 3
      vertex 9.50814 92.35 3
      vertex 9.50814 94.65 3
    endloop
  endfacet
  facet normal 0 0 1
    outer loop
      vertex 9.37508 94.3802 3
      vertex 9.37508 92.6198 3
      vertex 9.50814 92.35 3
    endloop
  endfacet
  facet normal -0 0 1
    outer loop
      vertex 9.27837 94.0953 3
      vertex 9.37508 92.6198 3
      vertex 9.37508 94.3802 3
    endloop
  endfacet
  facet normal 0 0 1
    outer loop
      vertex 9.27837 94.0953 3
      vertex 9.27837 92.9047 3
      vertex 9.37508 92.6198 3
    endloop
  endfacet
  facet normal -0 0 1
    outer loop
      vertex 9.21968 93.8002 3
      vertex 9.27837 92.9047 3
      vertex 9.27837 94.0953 3
    endloop
  endfacet
  facet normal 0 0 1
    outer loop
      vertex 9.21968 93.8002 3
      vertex 9.21968 93.1998 3
      vertex 9.27837 92.9047 3
    endloop
  endfacet
  facet normal 0 -0 1
    outer loop
      vertex 9.21968 93.1998 3
      vertex 9.21968 93.8002 3
      vertex 9.2 93.5 3
    endloop
  endfacet
  facet normal 0.751699 -0.659507 0
    outer loop
      vertex 9.67529 94.9002 7.8
      vertex 9.87366 95.1263 3
      vertex 9.87366 95.1263 7.8
    endloop
  endfacet
  facet normal 0.751699 -0.659507 0
    outer loop
      vertex 9.87366 95.1263 3
      vertex 9.67529 94.9002 7.8
      vertex 9.67529 94.9002 3
    endloop
  endfacet
  facet normal -0.751649 0.659563 0
    outer loop
      vertex 13.1263 91.8737 3
      vertex 13.3247 92.0998 7.8
      vertex 13.3247 92.0998 3
    endloop
  endfacet
  facet normal -0.751649 0.659563 0
    outer loop
      vertex 13.3247 92.0998 7.8
      vertex 13.1263 91.8737 3
      vertex 13.1263 91.8737 7.8
    endloop
  endfacet
  facet normal -0.89694 0.442153 0
    outer loop
      vertex 13.4919 92.35 3
      vertex 13.6249 92.6198 7.8
      vertex 13.6249 92.6198 3
    endloop
  endfacet
  facet normal -0.89694 0.442153 0
    outer loop
      vertex 13.6249 92.6198 7.8
      vertex 13.4919 92.35 3
      vertex 13.4919 92.35 7.8
    endloop
  endfacet
  facet normal 0.980791 -0.195061 0
    outer loop
      vertex 9.21968 93.8002 7.8
      vertex 9.27837 94.0953 3
      vertex 9.27837 94.0953 7.8
    endloop
  endfacet
  facet normal 0.980791 -0.195061 0
    outer loop
      vertex 9.27837 94.0953 3
      vertex 9.21968 93.8002 7.8
      vertex 9.21968 93.8002 3
    endloop
  endfacet
  facet normal -0.0654821 -0.997854 0
    outer loop
      vertex 11.5 95.8 3
      vertex 11.8002 95.7803 7.8
      vertex 11.5 95.8 7.8
    endloop
  endfacet
  facet normal -0.0654821 -0.997854 -0
    outer loop
      vertex 11.8002 95.7803 7.8
      vertex 11.5 95.8 3
      vertex 11.8002 95.7803 3
    endloop
  endfacet
  facet normal -0.55562 -0.831436 0
    outer loop
      vertex 12.65 95.4919 3
      vertex 12.9002 95.3247 7.8
      vertex 12.65 95.4919 7.8
    endloop
  endfacet
  facet normal -0.55562 -0.831436 -0
    outer loop
      vertex 12.9002 95.3247 7.8
      vertex 12.65 95.4919 3
      vertex 12.9002 95.3247 3
    endloop
  endfacet
  facet normal 0.321408 -0.946941 0
    outer loop
      vertex 10.6198 95.6249 3
      vertex 10.9047 95.7216 7.8
      vertex 10.6198 95.6249 7.8
    endloop
  endfacet
  facet normal 0.321408 -0.946941 0
    outer loop
      vertex 10.9047 95.7216 7.8
      vertex 10.6198 95.6249 3
      vertex 10.9047 95.7216 3
    endloop
  endfacet
  facet normal 0.997858 -0.0654159 0
    outer loop
      vertex 9.2 93.5 7.8
      vertex 9.21968 93.8002 3
      vertex 9.21968 93.8002 7.8
    endloop
  endfacet
  facet normal 0.997858 -0.0654159 0
    outer loop
      vertex 9.21968 93.8002 3
      vertex 9.2 93.5 7.8
      vertex 9.2 93.5 3
    endloop
  endfacet
  facet normal 0.89686 0.442314 0
    outer loop
      vertex 9.50814 92.35 7.8
      vertex 9.37508 92.6198 3
      vertex 9.37508 92.6198 7.8
    endloop
  endfacet
  facet normal 0.89686 0.442314 0
    outer loop
      vertex 9.37508 92.6198 3
      vertex 9.50814 92.35 7.8
      vertex 9.50814 92.35 3
    endloop
  endfacet
  facet normal 0.442153 0.89694 -0
    outer loop
      vertex 10.6198 91.3751 3
      vertex 10.35 91.5081 7.8
      vertex 10.6198 91.3751 7.8
    endloop
  endfacet
  facet normal 0.442153 0.89694 0
    outer loop
      vertex 10.35 91.5081 7.8
      vertex 10.6198 91.3751 3
      vertex 10.35 91.5081 3
    endloop
  endfacet
  facet normal -0.659563 0.751649 0
    outer loop
      vertex 13.1263 91.8737 3
      vertex 12.9002 91.6753 7.8
      vertex 13.1263 91.8737 7.8
    endloop
  endfacet
  facet normal -0.659563 0.751649 0
    outer loop
      vertex 12.9002 91.6753 7.8
      vertex 13.1263 91.8737 3
      vertex 12.9002 91.6753 3
    endloop
  endfacet
  facet normal 0.831513 0.555505 0
    outer loop
      vertex 9.67529 92.0998 7.8
      vertex 9.50814 92.35 3
      vertex 9.50814 92.35 7.8
    endloop
  endfacet
  facet normal 0.831513 0.555505 0
    outer loop
      vertex 9.50814 92.35 3
      vertex 9.67529 92.0998 7.8
      vertex 9.67529 92.0998 3
    endloop
  endfacet
  facet normal 0.980731 0.195365 0
    outer loop
      vertex 100.962 94.0874 7.8
      vertex 100.847 94.6647 2.4
      vertex 100.847 94.6647 7.8
    endloop
  endfacet
  facet normal 0.980731 0.195365 0
    outer loop
      vertex 100.847 94.6647 2.4
      vertex 100.962 94.0874 7.8
      vertex 100.962 94.0874 2.4
    endloop
  endfacet
  facet normal 0.997914 0.0645569 0
    outer loop
      vertex 101 93.5 7.8
      vertex 100.962 94.0874 2.4
      vertex 100.962 94.0874 7.8
    endloop
  endfacet
  facet normal 0.997914 0.0645569 0
    outer loop
      vertex 100.962 94.0874 2.4
      vertex 101 93.5 7.8
      vertex 101 93.5 2.4
    endloop
  endfacet
  facet normal 0.980731 -0.195365 0
    outer loop
      vertex 100.847 92.3353 7.8
      vertex 100.962 92.9126 2.4
      vertex 100.962 92.9126 7.8
    endloop
  endfacet
  facet normal 0.980731 -0.195365 0
    outer loop
      vertex 100.962 92.9126 2.4
      vertex 100.847 92.3353 7.8
      vertex 100.847 92.3353 2.4
    endloop
  endfacet
  facet normal 0 0 1
    outer loop
      vertex 98.8 93.5 7.8
      vertex 101 93.5 7.8
      vertex 100.962 94.0874 7.8
    endloop
  endfacet
  facet normal 0 0 1
    outer loop
      vertex 98.7803 93.8002 7.8
      vertex 100.962 94.0874 7.8
      vertex 100.847 94.6647 7.8
    endloop
  endfacet
  facet normal 0 0 1
    outer loop
      vertex 101 93.5 7.8
      vertex 98.8 93.5 7.8
      vertex 100.962 92.9126 7.8
    endloop
  endfacet
  facet normal 0 0 1
    outer loop
      vertex 98.7216 94.0953 7.8
      vertex 100.847 94.6647 7.8
      vertex 100.657 95.2221 7.8
    endloop
  endfacet
  facet normal -0 0 1
    outer loop
      vertex 98.7803 93.1998 7.8
      vertex 100.962 92.9126 7.8
      vertex 98.8 93.5 7.8
    endloop
  endfacet
  facet normal 0 0 1
    outer loop
      vertex 98.6249 94.3802 7.8
      vertex 100.657 95.2221 7.8
      vertex 100.397 95.75 7.8
    endloop
  endfacet
  facet normal 0 0 1
    outer loop
      vertex 100.962 92.9126 7.8
      vertex 98.7803 93.1998 7.8
      vertex 100.847 92.3353 7.8
    endloop
  endfacet
  facet normal 0 0 1
    outer loop
      vertex 98.4919 94.65 7.8
      vertex 100.397 95.75 7.8
      vertex 100.07 96.2394 7.8
    endloop
  endfacet
  facet normal -0 0 1
    outer loop
      vertex 98.7216 92.9047 7.8
      vertex 100.847 92.3353 7.8
      vertex 98.7803 93.1998 7.8
    endloop
  endfacet
  facet normal 0 0 1
    outer loop
      vertex 98.3247 94.9002 7.8
      vertex 100.07 96.2394 7.8
      vertex 99.682 96.682 7.8
    endloop
  endfacet
  facet normal 0 0 1
    outer loop
      vertex 100.847 92.3353 7.8
      vertex 98.7216 92.9047 7.8
      vertex 100.657 91.7779 7.8
    endloop
  endfacet
  facet normal 0 0 1
    outer loop
      vertex 98.1263 95.1263 7.8
      vertex 99.682 96.682 7.8
      vertex 99.2394 97.0701 7.8
    endloop
  endfacet
  facet normal -0 0 1
    outer loop
      vertex 98.6249 92.6198 7.8
      vertex 100.657 91.7779 7.8
      vertex 98.7216 92.9047 7.8
    endloop
  endfacet
  facet normal 0 0 1
    outer loop
      vertex 100.657 91.7779 7.8
      vertex 98.6249 92.6198 7.8
      vertex 100.397 91.25 7.8
    endloop
  endfacet
  facet normal 0 0 1
    outer loop
      vertex 100.962 94.0874 7.8
      vertex 98.7803 93.8002 7.8
      vertex 98.8 93.5 7.8
    endloop
  endfacet
  facet normal 0 0 1
    outer loop
      vertex 97.9002 95.3247 7.8
      vertex 99.2394 97.0701 7.8
      vertex 98.75 97.3971 7.8
    endloop
  endfacet
  facet normal 0 0 1
    outer loop
      vertex 100.847 94.6647 7.8
      vertex 98.7216 94.0953 7.8
      vertex 98.7803 93.8002 7.8
    endloop
  endfacet
  facet normal 0 0 1
    outer loop
      vertex 100.657 95.2221 7.8
      vertex 98.6249 94.3802 7.8
      vertex 98.7216 94.0953 7.8
    endloop
  endfacet
  facet normal 0 0 1
    outer loop
      vertex 100.397 95.75 7.8
      vertex 98.4919 94.65 7.8
      vertex 98.6249 94.3802 7.8
    endloop
  endfacet
  facet normal 0 0 1
    outer loop
      vertex 100.07 96.2394 7.8
      vertex 98.3247 94.9002 7.8
      vertex 98.4919 94.65 7.8
    endloop
  endfacet
  facet normal 0 0 1
    outer loop
      vertex 97.65 95.4919 7.8
      vertex 98.75 97.3971 7.8
      vertex 98.2221 97.6575 7.8
    endloop
  endfacet
  facet normal 0 0 1
    outer loop
      vertex 99.682 96.682 7.8
      vertex 98.1263 95.1263 7.8
      vertex 98.3247 94.9002 7.8
    endloop
  endfacet
  facet normal 0 0 1
    outer loop
      vertex 99.2394 97.0701 7.8
      vertex 97.9002 95.3247 7.8
      vertex 98.1263 95.1263 7.8
    endloop
  endfacet
  facet normal 0 0 1
    outer loop
      vertex 97.3802 95.6249 7.8
      vertex 98.2221 97.6575 7.8
      vertex 97.6647 97.8467 7.8
    endloop
  endfacet
  facet normal 0 0 1
    outer loop
      vertex 98.75 97.3971 7.8
      vertex 97.65 95.4919 7.8
      vertex 97.9002 95.3247 7.8
    endloop
  endfacet
  facet normal 0 0 1
    outer loop
      vertex 98.2221 97.6575 7.8
      vertex 97.3802 95.6249 7.8
      vertex 97.65 95.4919 7.8
    endloop
  endfacet
  facet normal 0 0 1
    outer loop
      vertex 97.6647 97.8467 7.8
      vertex 97.0953 95.7216 7.8
      vertex 97.3802 95.6249 7.8
    endloop
  endfacet
  facet normal 0 0 1
    outer loop
      vertex 97.0874 97.9615 7.8
      vertex 97.0953 95.7216 7.8
      vertex 97.6647 97.8467 7.8
    endloop
  endfacet
  facet normal 0 0 1
    outer loop
      vertex 97.0874 97.9615 7.8
      vertex 96.8002 95.7803 7.8
      vertex 97.0953 95.7216 7.8
    endloop
  endfacet
  facet normal 0 0 1
    outer loop
      vertex 96.5 98 7.8
      vertex 96.8002 95.7803 7.8
      vertex 97.0874 97.9615 7.8
    endloop
  endfacet
  facet normal 0 0 1
    outer loop
      vertex 96.5 98 7.8
      vertex 96.5 95.8 7.8
      vertex 96.8002 95.7803 7.8
    endloop
  endfacet
  facet normal 0 0 1
    outer loop
      vertex 96.5 98 7.8
      vertex 96.1998 95.7803 7.8
      vertex 96.5 95.8 7.8
    endloop
  endfacet
  facet normal -0 0 1
    outer loop
      vertex 95.9126 97.9615 7.8
      vertex 96.1998 95.7803 7.8
      vertex 96.5 98 7.8
    endloop
  endfacet
  facet normal 0 0 1
    outer loop
      vertex 95.9126 97.9615 7.8
      vertex 95.9047 95.7216 7.8
      vertex 96.1998 95.7803 7.8
    endloop
  endfacet
  facet normal -0 0 1
    outer loop
      vertex 95.3353 97.8467 7.8
      vertex 95.9047 95.7216 7.8
      vertex 95.9126 97.9615 7.8
    endloop
  endfacet
  facet normal 0 0 1
    outer loop
      vertex 95.9047 95.7216 7.8
      vertex 95.3353 97.8467 7.8
      vertex 95.6198 95.6249 7.8
    endloop
  endfacet
  facet normal -0 0 1
    outer loop
      vertex 94.7779 97.6575 7.8
      vertex 95.6198 95.6249 7.8
      vertex 95.3353 97.8467 7.8
    endloop
  endfacet
  facet normal 0 0 1
    outer loop
      vertex 95.6198 95.6249 7.8
      vertex 94.7779 97.6575 7.8
      vertex 95.35 95.4919 7.8
    endloop
  endfacet
  facet normal -0 0 1
    outer loop
      vertex 94.25 97.3971 7.8
      vertex 95.35 95.4919 7.8
      vertex 94.7779 97.6575 7.8
    endloop
  endfacet
  facet normal 0 0 1
    outer loop
      vertex 95.35 95.4919 7.8
      vertex 94.25 97.3971 7.8
      vertex 95.0998 95.3247 7.8
    endloop
  endfacet
  facet normal -0 0 1
    outer loop
      vertex 93.7606 97.0701 7.8
      vertex 95.0998 95.3247 7.8
      vertex 94.25 97.3971 7.8
    endloop
  endfacet
  facet normal 0 0 1
    outer loop
      vertex 95.0998 95.3247 7.8
      vertex 93.7606 97.0701 7.8
      vertex 94.8737 95.1263 7.8
    endloop
  endfacet
  facet normal -0 0 1
    outer loop
      vertex 93.318 96.682 7.8
      vertex 94.8737 95.1263 7.8
      vertex 93.7606 97.0701 7.8
    endloop
  endfacet
  facet normal 0 0 1
    outer loop
      vertex 94.8737 95.1263 7.8
      vertex 93.318 96.682 7.8
      vertex 94.6753 94.9002 7.8
    endloop
  endfacet
  facet normal -0 0 1
    outer loop
      vertex 92.9299 96.2394 7.8
      vertex 94.6753 94.9002 7.8
      vertex 93.318 96.682 7.8
    endloop
  endfacet
  facet normal 0 0 1
    outer loop
      vertex 94.6753 94.9002 7.8
      vertex 92.9299 96.2394 7.8
      vertex 94.5081 94.65 7.8
    endloop
  endfacet
  facet normal -0 0 1
    outer loop
      vertex 92.6029 95.75 7.8
      vertex 94.5081 94.65 7.8
      vertex 92.9299 96.2394 7.8
    endloop
  endfacet
  facet normal 0 0 1
    outer loop
      vertex 94.5081 94.65 7.8
      vertex 92.6029 95.75 7.8
      vertex 94.3751 94.3802 7.8
    endloop
  endfacet
  facet normal -0 0 1
    outer loop
      vertex 98.4919 92.35 7.8
      vertex 100.397 91.25 7.8
      vertex 98.6249 92.6198 7.8
    endloop
  endfacet
  facet normal 0 0 1
    outer loop
      vertex 100.397 91.25 7.8
      vertex 98.4919 92.35 7.8
      vertex 100.07 90.7606 7.8
    endloop
  endfacet
  facet normal -0 0 1
    outer loop
      vertex 98.3247 92.0998 7.8
      vertex 100.07 90.7606 7.8
      vertex 98.4919 92.35 7.8
    endloop
  endfacet
  facet normal 0 0 1
    outer loop
      vertex 100.07 90.7606 7.8
      vertex 98.3247 92.0998 7.8
      vertex 99.682 90.318 7.8
    endloop
  endfacet
  facet normal -0 0 1
    outer loop
      vertex 98.1263 91.8737 7.8
      vertex 99.682 90.318 7.8
      vertex 98.3247 92.0998 7.8
    endloop
  endfacet
  facet normal 0 0 1
    outer loop
      vertex 99.682 90.318 7.8
      vertex 98.1263 91.8737 7.8
      vertex 99.2394 89.9299 7.8
    endloop
  endfacet
  facet normal -0 0 1
    outer loop
      vertex 97.9002 91.6753 7.8
      vertex 99.2394 89.9299 7.8
      vertex 98.1263 91.8737 7.8
    endloop
  endfacet
  facet normal 0 0 1
    outer loop
      vertex 99.2394 89.9299 7.8
      vertex 97.9002 91.6753 7.8
      vertex 98.75 89.6029 7.8
    endloop
  endfacet
  facet normal -0 0 1
    outer loop
      vertex 97.65 91.5081 7.8
      vertex 98.75 89.6029 7.8
      vertex 97.9002 91.6753 7.8
    endloop
  endfacet
  facet normal 0 0 1
    outer loop
      vertex 98.75 89.6029 7.8
      vertex 97.65 91.5081 7.8
      vertex 98.2221 89.3425 7.8
    endloop
  endfacet
  facet normal -0 0 1
    outer loop
      vertex 97.3802 91.3751 7.8
      vertex 98.2221 89.3425 7.8
      vertex 97.65 91.5081 7.8
    endloop
  endfacet
  facet normal 0 0 1
    outer loop
      vertex 98.2221 89.3425 7.8
      vertex 97.3802 91.3751 7.8
      vertex 97.6647 89.1533 7.8
    endloop
  endfacet
  facet normal -0 0 1
    outer loop
      vertex 97.0953 91.2784 7.8
      vertex 97.6647 89.1533 7.8
      vertex 97.3802 91.3751 7.8
    endloop
  endfacet
  facet normal 0 0 1
    outer loop
      vertex 97.0953 91.2784 7.8
      vertex 97.0874 89.0385 7.8
      vertex 97.6647 89.1533 7.8
    endloop
  endfacet
  facet normal -0 0 1
    outer loop
      vertex 96.8002 91.2197 7.8
      vertex 97.0874 89.0385 7.8
      vertex 97.0953 91.2784 7.8
    endloop
  endfacet
  facet normal -0 0 1
    outer loop
      vertex 96.5 91.2 7.8
      vertex 97.0874 89.0385 7.8
      vertex 96.8002 91.2197 7.8
    endloop
  endfacet
  facet normal 0 0 1
    outer loop
      vertex 96.5 91.2 7.8
      vertex 96.5 89 7.8
      vertex 97.0874 89.0385 7.8
    endloop
  endfacet
  facet normal 0 0 1
    outer loop
      vertex 96.1998 91.2197 7.8
      vertex 96.5 89 7.8
      vertex 96.5 91.2 7.8
    endloop
  endfacet
  facet normal 0 0 1
    outer loop
      vertex 96.1998 91.2197 7.8
      vertex 95.9126 89.0385 7.8
      vertex 96.5 89 7.8
    endloop
  endfacet
  facet normal 0 0 1
    outer loop
      vertex 95.9047 91.2784 7.8
      vertex 95.9126 89.0385 7.8
      vertex 96.1998 91.2197 7.8
    endloop
  endfacet
  facet normal 0 0 1
    outer loop
      vertex 95.3353 89.1533 7.8
      vertex 95.9047 91.2784 7.8
      vertex 95.6198 91.3751 7.8
    endloop
  endfacet
  facet normal 0 0 1
    outer loop
      vertex 94.7779 89.3425 7.8
      vertex 95.6198 91.3751 7.8
      vertex 95.35 91.5081 7.8
    endloop
  endfacet
  facet normal 0 0 1
    outer loop
      vertex 95.9047 91.2784 7.8
      vertex 95.3353 89.1533 7.8
      vertex 95.9126 89.0385 7.8
    endloop
  endfacet
  facet normal 0 0 1
    outer loop
      vertex 94.25 89.6029 7.8
      vertex 95.35 91.5081 7.8
      vertex 95.0998 91.6753 7.8
    endloop
  endfacet
  facet normal 0 0 1
    outer loop
      vertex 93.7606 89.9299 7.8
      vertex 95.0998 91.6753 7.8
      vertex 94.8737 91.8737 7.8
    endloop
  endfacet
  facet normal 0 0 1
    outer loop
      vertex 95.6198 91.3751 7.8
      vertex 94.7779 89.3425 7.8
      vertex 95.3353 89.1533 7.8
    endloop
  endfacet
  facet normal 0 0 1
    outer loop
      vertex 93.318 90.318 7.8
      vertex 94.8737 91.8737 7.8
      vertex 94.6753 92.0998 7.8
    endloop
  endfacet
  facet normal 0 0 1
    outer loop
      vertex 92.9299 90.7606 7.8
      vertex 94.6753 92.0998 7.8
      vertex 94.5081 92.35 7.8
    endloop
  endfacet
  facet normal 0 0 1
    outer loop
      vertex 92.6029 91.25 7.8
      vertex 94.5081 92.35 7.8
      vertex 94.3751 92.6198 7.8
    endloop
  endfacet
  facet normal 0 0 1
    outer loop
      vertex 92.3425 91.7779 7.8
      vertex 94.3751 92.6198 7.8
      vertex 94.2784 92.9047 7.8
    endloop
  endfacet
  facet normal 0 0 1
    outer loop
      vertex 95.35 91.5081 7.8
      vertex 94.25 89.6029 7.8
      vertex 94.7779 89.3425 7.8
    endloop
  endfacet
  facet normal 0 0 1
    outer loop
      vertex 92.1533 92.3353 7.8
      vertex 94.2784 92.9047 7.8
      vertex 94.2197 93.1998 7.8
    endloop
  endfacet
  facet normal 0 0 1
    outer loop
      vertex 92.0385 92.9126 7.8
      vertex 94.2197 93.1998 7.8
      vertex 94.2 93.5 7.8
    endloop
  endfacet
  facet normal -0 0 1
    outer loop
      vertex 92.3425 95.2221 7.8
      vertex 94.3751 94.3802 7.8
      vertex 92.6029 95.75 7.8
    endloop
  endfacet
  facet normal 0 0 1
    outer loop
      vertex 95.0998 91.6753 7.8
      vertex 93.7606 89.9299 7.8
      vertex 94.25 89.6029 7.8
    endloop
  endfacet
  facet normal 0 0 1
    outer loop
      vertex 94.3751 94.3802 7.8
      vertex 92.3425 95.2221 7.8
      vertex 94.2784 94.0953 7.8
    endloop
  endfacet
  facet normal 0 0 1
    outer loop
      vertex 94.8737 91.8737 7.8
      vertex 93.318 90.318 7.8
      vertex 93.7606 89.9299 7.8
    endloop
  endfacet
  facet normal -0 0 1
    outer loop
      vertex 92.1533 94.6647 7.8
      vertex 94.2784 94.0953 7.8
      vertex 92.3425 95.2221 7.8
    endloop
  endfacet
  facet normal 0 0 1
    outer loop
      vertex 94.6753 92.0998 7.8
      vertex 92.9299 90.7606 7.8
      vertex 93.318 90.318 7.8
    endloop
  endfacet
  facet normal 0 0 1
    outer loop
      vertex 94.2784 94.0953 7.8
      vertex 92.1533 94.6647 7.8
      vertex 94.2197 93.8002 7.8
    endloop
  endfacet
  facet normal 0 0 1
    outer loop
      vertex 94.5081 92.35 7.8
      vertex 92.6029 91.25 7.8
      vertex 92.9299 90.7606 7.8
    endloop
  endfacet
  facet normal -0 0 1
    outer loop
      vertex 92.0385 94.0874 7.8
      vertex 94.2197 93.8002 7.8
      vertex 92.1533 94.6647 7.8
    endloop
  endfacet
  facet normal 0 0 1
    outer loop
      vertex 94.3751 92.6198 7.8
      vertex 92.3425 91.7779 7.8
      vertex 92.6029 91.25 7.8
    endloop
  endfacet
  facet normal 0 0 1
    outer loop
      vertex 94.2197 93.8002 7.8
      vertex 92.0385 94.0874 7.8
      vertex 94.2 93.5 7.8
    endloop
  endfacet
  facet normal 0 0 1
    outer loop
      vertex 94.2784 92.9047 7.8
      vertex 92.1533 92.3353 7.8
      vertex 92.3425 91.7779 7.8
    endloop
  endfacet
  facet normal 0 0 1
    outer loop
      vertex 92 93.5 7.8
      vertex 94.2 93.5 7.8
      vertex 92.0385 94.0874 7.8
    endloop
  endfacet
  facet normal 0 0 1
    outer loop
      vertex 94.2197 93.1998 7.8
      vertex 92.0385 92.9126 7.8
      vertex 92.1533 92.3353 7.8
    endloop
  endfacet
  facet normal 0 0 1
    outer loop
      vertex 94.2 93.5 7.8
      vertex 92 93.5 7.8
      vertex 92.0385 92.9126 7.8
    endloop
  endfacet
  facet normal 0.831475 0.555562 0
    outer loop
      vertex 100.397 95.75 7.8
      vertex 100.07 96.2394 2.4
      vertex 100.07 96.2394 7.8
    endloop
  endfacet
  facet normal 0.831475 0.555562 0
    outer loop
      vertex 100.07 96.2394 2.4
      vertex 100.397 95.75 7.8
      vertex 100.397 95.75 2.4
    endloop
  endfacet
  facet normal 0.555562 0.831475 -0
    outer loop
      vertex 99.2394 97.0701 2.4
      vertex 98.75 97.3971 7.8
      vertex 99.2394 97.0701 7.8
    endloop
  endfacet
  facet normal 0.555562 0.831475 0
    outer loop
      vertex 98.75 97.3971 7.8
      vertex 99.2394 97.0701 2.4
      vertex 98.75 97.3971 2.4
    endloop
  endfacet
  facet normal 0.897096 -0.441836 0
    outer loop
      vertex 100.397 91.25 7.8
      vertex 100.657 91.7779 2.4
      vertex 100.657 91.7779 7.8
    endloop
  endfacet
  facet normal 0.897096 -0.441836 0
    outer loop
      vertex 100.657 91.7779 2.4
      vertex 100.397 91.25 7.8
      vertex 100.397 91.25 2.4
    endloop
  endfacet
  facet normal 0.997914 -0.0645569 0
    outer loop
      vertex 100.962 92.9126 7.8
      vertex 101 93.5 2.4
      vertex 101 93.5 7.8
    endloop
  endfacet
  facet normal 0.997914 -0.0645569 0
    outer loop
      vertex 101 93.5 2.4
      vertex 100.962 92.9126 7.8
      vertex 100.962 92.9126 2.4
    endloop
  endfacet
  facet normal 0.321421 0.946936 -0
    outer loop
      vertex 98.2221 97.6575 2.4
      vertex 97.6647 97.8467 7.8
      vertex 98.2221 97.6575 7.8
    endloop
  endfacet
  facet normal 0.321421 0.946936 0
    outer loop
      vertex 97.6647 97.8467 7.8
      vertex 98.2221 97.6575 2.4
      vertex 97.6647 97.8467 2.4
    endloop
  endfacet
  facet normal -0.896827 0.442382 0
    outer loop
      vertex 92.3425 95.2221 2.4
      vertex 92.6029 95.75 7.8
      vertex 92.6029 95.75 2.4
    endloop
  endfacet
  facet normal -0.896827 0.442382 0
    outer loop
      vertex 92.6029 95.75 7.8
      vertex 92.3425 95.2221 2.4
      vertex 92.3425 95.2221 7.8
    endloop
  endfacet
  facet normal -0.659298 0.751882 0
    outer loop
      vertex 93.7606 97.0701 2.4
      vertex 93.318 96.682 7.8
      vertex 93.7606 97.0701 7.8
    endloop
  endfacet
  facet normal -0.659298 0.751882 0
    outer loop
      vertex 93.318 96.682 7.8
      vertex 93.7606 97.0701 2.4
      vertex 93.318 96.682 2.4
    endloop
  endfacet
  facet normal 0.321421 -0.946936 0
    outer loop
      vertex 97.6647 89.1533 2.4
      vertex 98.2221 89.3425 7.8
      vertex 97.6647 89.1533 7.8
    endloop
  endfacet
  facet normal 0.321421 -0.946936 0
    outer loop
      vertex 98.2221 89.3425 7.8
      vertex 97.6647 89.1533 2.4
      vertex 98.2221 89.3425 2.4
    endloop
  endfacet
  facet normal -0.997859 -0.0654027 0
    outer loop
      vertex 92.0385 92.9126 2.4
      vertex 92 93.5 7.8
      vertex 92 93.5 2.4
    endloop
  endfacet
  facet normal -0.997859 -0.0654027 0
    outer loop
      vertex 92 93.5 7.8
      vertex 92.0385 92.9126 2.4
      vertex 92.0385 92.9126 7.8
    endloop
  endfacet
  facet normal -0.659298 -0.751882 0
    outer loop
      vertex 93.318 90.318 2.4
      vertex 93.7606 89.9299 7.8
      vertex 93.318 90.318 7.8
    endloop
  endfacet
  facet normal -0.659298 -0.751882 -0
    outer loop
      vertex 93.7606 89.9299 7.8
      vertex 93.318 90.318 2.4
      vertex 93.7606 89.9299 2.4
    endloop
  endfacet
  facet normal -0.321421 0.946936 0
    outer loop
      vertex 95.3353 97.8467 2.4
      vertex 94.7779 97.6575 7.8
      vertex 95.3353 97.8467 7.8
    endloop
  endfacet
  facet normal -0.321421 0.946936 0
    outer loop
      vertex 94.7779 97.6575 7.8
      vertex 95.3353 97.8467 2.4
      vertex 94.7779 97.6575 2.4
    endloop
  endfacet
  facet normal -0.831475 -0.555562 0
    outer loop
      vertex 92.9299 90.7606 2.4
      vertex 92.6029 91.25 7.8
      vertex 92.6029 91.25 2.4
    endloop
  endfacet
  facet normal -0.831475 -0.555562 0
    outer loop
      vertex 92.6029 91.25 7.8
      vertex 92.9299 90.7606 2.4
      vertex 92.9299 90.7606 7.8
    endloop
  endfacet
  facet normal -0.555562 0.831475 0
    outer loop
      vertex 94.25 97.3971 2.4
      vertex 93.7606 97.0701 7.8
      vertex 94.25 97.3971 7.8
    endloop
  endfacet
  facet normal -0.555562 0.831475 0
    outer loop
      vertex 93.7606 97.0701 7.8
      vertex 94.25 97.3971 2.4
      vertex 93.7606 97.0701 2.4
    endloop
  endfacet
  facet normal -0.997859 0.0654027 0
    outer loop
      vertex 92 93.5 2.4
      vertex 92.0385 94.0874 7.8
      vertex 92.0385 94.0874 2.4
    endloop
  endfacet
  facet normal -0.997859 0.0654027 0
    outer loop
      vertex 92.0385 94.0874 7.8
      vertex 92 93.5 2.4
      vertex 92 93.5 7.8
    endloop
  endfacet
  facet normal 0.195038 0.980796 -0
    outer loop
      vertex 97.6647 97.8467 2.4
      vertex 97.0874 97.9615 7.8
      vertex 97.6647 97.8467 7.8
    endloop
  endfacet
  facet normal 0.195038 0.980796 0
    outer loop
      vertex 97.0874 97.9615 7.8
      vertex 97.6647 97.8467 2.4
      vertex 97.0874 97.9615 2.4
    endloop
  endfacet
  facet normal -0.442382 0.896827 0
    outer loop
      vertex 94.7779 97.6575 2.4
      vertex 94.25 97.3971 7.8
      vertex 94.7779 97.6575 7.8
    endloop
  endfacet
  facet normal -0.442382 0.896827 0
    outer loop
      vertex 94.25 97.3971 7.8
      vertex 94.7779 97.6575 2.4
      vertex 94.25 97.3971 2.4
    endloop
  endfacet
  facet normal 0.0654027 -0.997859 0
    outer loop
      vertex 96.5 89 2.4
      vertex 97.0874 89.0385 7.8
      vertex 96.5 89 7.8
    endloop
  endfacet
  facet normal 0.0654027 -0.997859 0
    outer loop
      vertex 97.0874 89.0385 7.8
      vertex 96.5 89 2.4
      vertex 97.0874 89.0385 2.4
    endloop
  endfacet
  facet normal 0.659298 -0.751882 0
    outer loop
      vertex 99.2394 89.9299 2.4
      vertex 99.682 90.318 7.8
      vertex 99.2394 89.9299 7.8
    endloop
  endfacet
  facet normal 0.659298 -0.751882 0
    outer loop
      vertex 99.682 90.318 7.8
      vertex 99.2394 89.9299 2.4
      vertex 99.682 90.318 2.4
    endloop
  endfacet
  facet normal -0.946936 -0.321421 0
    outer loop
      vertex 92.3425 91.7779 2.4
      vertex 92.1533 92.3353 7.8
      vertex 92.1533 92.3353 2.4
    endloop
  endfacet
  facet normal -0.946936 -0.321421 0
    outer loop
      vertex 92.1533 92.3353 7.8
      vertex 92.3425 91.7779 2.4
      vertex 92.3425 91.7779 7.8
    endloop
  endfacet
  facet normal 0.946522 -0.322639 0
    outer loop
      vertex 100.657 91.7779 7.8
      vertex 100.847 92.3353 2.4
      vertex 100.847 92.3353 7.8
    endloop
  endfacet
  facet normal 0.946522 -0.322639 0
    outer loop
      vertex 100.847 92.3353 2.4
      vertex 100.657 91.7779 7.8
      vertex 100.657 91.7779 2.4
    endloop
  endfacet
  facet normal 0.442382 0.896827 -0
    outer loop
      vertex 98.75 97.3971 2.4
      vertex 98.2221 97.6575 7.8
      vertex 98.75 97.3971 7.8
    endloop
  endfacet
  facet normal 0.442382 0.896827 0
    outer loop
      vertex 98.2221 97.6575 7.8
      vertex 98.75 97.3971 2.4
      vertex 98.2221 97.6575 2.4
    endloop
  endfacet
  facet normal -0.195038 0.980796 0
    outer loop
      vertex 95.9126 97.9615 2.4
      vertex 95.3353 97.8467 7.8
      vertex 95.9126 97.9615 7.8
    endloop
  endfacet
  facet normal -0.195038 0.980796 0
    outer loop
      vertex 95.3353 97.8467 7.8
      vertex 95.9126 97.9615 2.4
      vertex 95.3353 97.8467 2.4
    endloop
  endfacet
  facet normal 0.751966 0.659202 0
    outer loop
      vertex 100.07 96.2394 7.8
      vertex 99.682 96.682 2.4
      vertex 99.682 96.682 7.8
    endloop
  endfacet
  facet normal 0.751966 0.659202 0
    outer loop
      vertex 99.682 96.682 2.4
      vertex 100.07 96.2394 7.8
      vertex 100.07 96.2394 2.4
    endloop
  endfacet
  facet normal 0.751966 -0.659202 0
    outer loop
      vertex 99.682 90.318 7.8
      vertex 100.07 90.7606 2.4
      vertex 100.07 90.7606 7.8
    endloop
  endfacet
  facet normal 0.751966 -0.659202 0
    outer loop
      vertex 100.07 90.7606 2.4
      vertex 99.682 90.318 7.8
      vertex 99.682 90.318 2.4
    endloop
  endfacet
  facet normal -0.442382 -0.896827 0
    outer loop
      vertex 94.25 89.6029 2.4
      vertex 94.7779 89.3425 7.8
      vertex 94.25 89.6029 7.8
    endloop
  endfacet
  facet normal -0.442382 -0.896827 -0
    outer loop
      vertex 94.7779 89.3425 7.8
      vertex 94.25 89.6029 2.4
      vertex 94.7779 89.3425 2.4
    endloop
  endfacet
  facet normal -0.946936 0.321421 0
    outer loop
      vertex 92.1533 94.6647 2.4
      vertex 92.3425 95.2221 7.8
      vertex 92.3425 95.2221 2.4
    endloop
  endfacet
  facet normal -0.946936 0.321421 0
    outer loop
      vertex 92.3425 95.2221 7.8
      vertex 92.1533 94.6647 2.4
      vertex 92.1533 94.6647 7.8
    endloop
  endfacet
  facet normal 0.195038 -0.980796 0
    outer loop
      vertex 97.0874 89.0385 2.4
      vertex 97.6647 89.1533 7.8
      vertex 97.0874 89.0385 7.8
    endloop
  endfacet
  facet normal 0.195038 -0.980796 0
    outer loop
      vertex 97.6647 89.1533 7.8
      vertex 97.0874 89.0385 2.4
      vertex 97.6647 89.1533 2.4
    endloop
  endfacet
  facet normal 0.442382 -0.896827 0
    outer loop
      vertex 98.2221 89.3425 2.4
      vertex 98.75 89.6029 7.8
      vertex 98.2221 89.3425 7.8
    endloop
  endfacet
  facet normal 0.442382 -0.896827 0
    outer loop
      vertex 98.75 89.6029 7.8
      vertex 98.2221 89.3425 2.4
      vertex 98.75 89.6029 2.4
    endloop
  endfacet
  facet normal 0 0 -1
    outer loop
      vertex 100.962 92.9126 2.4
      vertex 100.962 94.0874 2.4
      vertex 101 93.5 2.4
    endloop
  endfacet
  facet normal 0 0 -1
    outer loop
      vertex 100.847 92.3353 2.4
      vertex 100.962 94.0874 2.4
      vertex 100.962 92.9126 2.4
    endloop
  endfacet
  facet normal 0 0 -1
    outer loop
      vertex 100.847 92.3353 2.4
      vertex 100.847 94.6647 2.4
      vertex 100.962 94.0874 2.4
    endloop
  endfacet
  facet normal 0 0 -1
    outer loop
      vertex 100.657 91.7779 2.4
      vertex 100.847 94.6647 2.4
      vertex 100.847 92.3353 2.4
    endloop
  endfacet
  facet normal 0 0 -1
    outer loop
      vertex 100.657 91.7779 2.4
      vertex 100.657 95.2221 2.4
      vertex 100.847 94.6647 2.4
    endloop
  endfacet
  facet normal 0 0 -1
    outer loop
      vertex 100.397 91.25 2.4
      vertex 100.657 95.2221 2.4
      vertex 100.657 91.7779 2.4
    endloop
  endfacet
  facet normal 0 0 -1
    outer loop
      vertex 100.397 91.25 2.4
      vertex 100.397 95.75 2.4
      vertex 100.657 95.2221 2.4
    endloop
  endfacet
  facet normal 0 0 -1
    outer loop
      vertex 100.07 90.7606 2.4
      vertex 100.397 95.75 2.4
      vertex 100.397 91.25 2.4
    endloop
  endfacet
  facet normal 0 0 -1
    outer loop
      vertex 100.07 90.7606 2.4
      vertex 100.07 96.2394 2.4
      vertex 100.397 95.75 2.4
    endloop
  endfacet
  facet normal 0 0 -1
    outer loop
      vertex 99.682 90.318 2.4
      vertex 100.07 96.2394 2.4
      vertex 100.07 90.7606 2.4
    endloop
  endfacet
  facet normal 0 0 -1
    outer loop
      vertex 99.682 90.318 2.4
      vertex 99.682 96.682 2.4
      vertex 100.07 96.2394 2.4
    endloop
  endfacet
  facet normal 0 0 -1
    outer loop
      vertex 99.2394 89.9299 2.4
      vertex 99.682 96.682 2.4
      vertex 99.682 90.318 2.4
    endloop
  endfacet
  facet normal 0 0 -1
    outer loop
      vertex 99.2394 89.9299 2.4
      vertex 99.2394 97.0701 2.4
      vertex 99.682 96.682 2.4
    endloop
  endfacet
  facet normal 0 0 -1
    outer loop
      vertex 98.75 89.6029 2.4
      vertex 99.2394 97.0701 2.4
      vertex 99.2394 89.9299 2.4
    endloop
  endfacet
  facet normal 0 0 -1
    outer loop
      vertex 98.75 89.6029 2.4
      vertex 98.75 97.3971 2.4
      vertex 99.2394 97.0701 2.4
    endloop
  endfacet
  facet normal 0 0 -1
    outer loop
      vertex 98.2221 89.3425 2.4
      vertex 98.75 97.3971 2.4
      vertex 98.75 89.6029 2.4
    endloop
  endfacet
  facet normal 0 0 -1
    outer loop
      vertex 98.2221 89.3425 2.4
      vertex 98.2221 97.6575 2.4
      vertex 98.75 97.3971 2.4
    endloop
  endfacet
  facet normal 0 0 -1
    outer loop
      vertex 97.6647 89.1533 2.4
      vertex 98.2221 97.6575 2.4
      vertex 98.2221 89.3425 2.4
    endloop
  endfacet
  facet normal 0 0 -1
    outer loop
      vertex 97.6647 89.1533 2.4
      vertex 97.6647 97.8467 2.4
      vertex 98.2221 97.6575 2.4
    endloop
  endfacet
  facet normal 0 0 -1
    outer loop
      vertex 97.0874 89.0385 2.4
      vertex 97.6647 97.8467 2.4
      vertex 97.6647 89.1533 2.4
    endloop
  endfacet
  facet normal 0 0 -1
    outer loop
      vertex 97.0874 89.0385 2.4
      vertex 97.0874 97.9615 2.4
      vertex 97.6647 97.8467 2.4
    endloop
  endfacet
  facet normal 0 0 -1
    outer loop
      vertex 96.5 89 2.4
      vertex 97.0874 97.9615 2.4
      vertex 97.0874 89.0385 2.4
    endloop
  endfacet
  facet normal 0 0 -1
    outer loop
      vertex 96.5 89 2.4
      vertex 96.5 98 2.4
      vertex 97.0874 97.9615 2.4
    endloop
  endfacet
  facet normal 0 0 -1
    outer loop
      vertex 95.9126 89.0385 2.4
      vertex 96.5 98 2.4
      vertex 96.5 89 2.4
    endloop
  endfacet
  facet normal 0 0 -1
    outer loop
      vertex 95.9126 89.0385 2.4
      vertex 95.9126 97.9615 2.4
      vertex 96.5 98 2.4
    endloop
  endfacet
  facet normal 0 0 -1
    outer loop
      vertex 95.3353 89.1533 2.4
      vertex 95.9126 97.9615 2.4
      vertex 95.9126 89.0385 2.4
    endloop
  endfacet
  facet normal 0 0 -1
    outer loop
      vertex 95.3353 89.1533 2.4
      vertex 95.3353 97.8467 2.4
      vertex 95.9126 97.9615 2.4
    endloop
  endfacet
  facet normal 0 0 -1
    outer loop
      vertex 94.7779 89.3425 2.4
      vertex 95.3353 97.8467 2.4
      vertex 95.3353 89.1533 2.4
    endloop
  endfacet
  facet normal 0 0 -1
    outer loop
      vertex 94.7779 89.3425 2.4
      vertex 94.7779 97.6575 2.4
      vertex 95.3353 97.8467 2.4
    endloop
  endfacet
  facet normal 0 0 -1
    outer loop
      vertex 94.25 89.6029 2.4
      vertex 94.7779 97.6575 2.4
      vertex 94.7779 89.3425 2.4
    endloop
  endfacet
  facet normal 0 0 -1
    outer loop
      vertex 94.25 89.6029 2.4
      vertex 94.25 97.3971 2.4
      vertex 94.7779 97.6575 2.4
    endloop
  endfacet
  facet normal 0 0 -1
    outer loop
      vertex 93.7606 89.9299 2.4
      vertex 94.25 97.3971 2.4
      vertex 94.25 89.6029 2.4
    endloop
  endfacet
  facet normal 0 0 -1
    outer loop
      vertex 93.7606 89.9299 2.4
      vertex 93.7606 97.0701 2.4
      vertex 94.25 97.3971 2.4
    endloop
  endfacet
  facet normal 0 0 -1
    outer loop
      vertex 93.318 90.318 2.4
      vertex 93.7606 97.0701 2.4
      vertex 93.7606 89.9299 2.4
    endloop
  endfacet
  facet normal 0 0 -1
    outer loop
      vertex 93.318 90.318 2.4
      vertex 93.318 96.682 2.4
      vertex 93.7606 97.0701 2.4
    endloop
  endfacet
  facet normal 0 0 -1
    outer loop
      vertex 92.9299 90.7606 2.4
      vertex 93.318 96.682 2.4
      vertex 93.318 90.318 2.4
    endloop
  endfacet
  facet normal 0 0 -1
    outer loop
      vertex 92.9299 90.7606 2.4
      vertex 92.9299 96.2394 2.4
      vertex 93.318 96.682 2.4
    endloop
  endfacet
  facet normal 0 0 -1
    outer loop
      vertex 92.6029 91.25 2.4
      vertex 92.9299 96.2394 2.4
      vertex 92.9299 90.7606 2.4
    endloop
  endfacet
  facet normal 0 0 -1
    outer loop
      vertex 92.6029 91.25 2.4
      vertex 92.6029 95.75 2.4
      vertex 92.9299 96.2394 2.4
    endloop
  endfacet
  facet normal 0 0 -1
    outer loop
      vertex 92.3425 91.7779 2.4
      vertex 92.6029 95.75 2.4
      vertex 92.6029 91.25 2.4
    endloop
  endfacet
  facet normal 0 0 -1
    outer loop
      vertex 92.3425 91.7779 2.4
      vertex 92.3425 95.2221 2.4
      vertex 92.6029 95.75 2.4
    endloop
  endfacet
  facet normal 0 0 -1
    outer loop
      vertex 92.1533 92.3353 2.4
      vertex 92.3425 95.2221 2.4
      vertex 92.3425 91.7779 2.4
    endloop
  endfacet
  facet normal 0 0 -1
    outer loop
      vertex 92.1533 92.3353 2.4
      vertex 92.1533 94.6647 2.4
      vertex 92.3425 95.2221 2.4
    endloop
  endfacet
  facet normal 0 0 -1
    outer loop
      vertex 92.0385 92.9126 2.4
      vertex 92.1533 94.6647 2.4
      vertex 92.1533 92.3353 2.4
    endloop
  endfacet
  facet normal 0 0 -1
    outer loop
      vertex 92.0385 92.9126 2.4
      vertex 92.0385 94.0874 2.4
      vertex 92.1533 94.6647 2.4
    endloop
  endfacet
  facet normal 0 -0 -1
    outer loop
      vertex 92.0385 94.0874 2.4
      vertex 92.0385 92.9126 2.4
      vertex 92 93.5 2.4
    endloop
  endfacet
  facet normal -0.751882 0.659298 0
    outer loop
      vertex 92.9299 96.2394 2.4
      vertex 93.318 96.682 7.8
      vertex 93.318 96.682 2.4
    endloop
  endfacet
  facet normal -0.751882 0.659298 0
    outer loop
      vertex 93.318 96.682 7.8
      vertex 92.9299 96.2394 2.4
      vertex 92.9299 96.2394 7.8
    endloop
  endfacet
  facet normal 0.659298 0.751882 -0
    outer loop
      vertex 99.682 96.682 2.4
      vertex 99.2394 97.0701 7.8
      vertex 99.682 96.682 7.8
    endloop
  endfacet
  facet normal 0.659298 0.751882 0
    outer loop
      vertex 99.2394 97.0701 7.8
      vertex 99.682 96.682 2.4
      vertex 99.2394 97.0701 2.4
    endloop
  endfacet
  facet normal -0.896827 -0.442382 0
    outer loop
      vertex 92.6029 91.25 2.4
      vertex 92.3425 91.7779 7.8
      vertex 92.3425 91.7779 2.4
    endloop
  endfacet
  facet normal -0.896827 -0.442382 0
    outer loop
      vertex 92.3425 91.7779 7.8
      vertex 92.6029 91.25 2.4
      vertex 92.6029 91.25 7.8
    endloop
  endfacet
  facet normal 0.831475 -0.555562 0
    outer loop
      vertex 100.07 90.7606 7.8
      vertex 100.397 91.25 2.4
      vertex 100.397 91.25 7.8
    endloop
  endfacet
  facet normal 0.831475 -0.555562 0
    outer loop
      vertex 100.397 91.25 2.4
      vertex 100.07 90.7606 7.8
      vertex 100.07 90.7606 2.4
    endloop
  endfacet
  facet normal 0.897096 0.441836 0
    outer loop
      vertex 100.657 95.2221 7.8
      vertex 100.397 95.75 2.4
      vertex 100.397 95.75 7.8
    endloop
  endfacet
  facet normal 0.897096 0.441836 0
    outer loop
      vertex 100.397 95.75 2.4
      vertex 100.657 95.2221 7.8
      vertex 100.657 95.2221 2.4
    endloop
  endfacet
  facet normal -0.0654027 -0.997859 0
    outer loop
      vertex 95.9126 89.0385 2.4
      vertex 96.5 89 7.8
      vertex 95.9126 89.0385 7.8
    endloop
  endfacet
  facet normal -0.0654027 -0.997859 -0
    outer loop
      vertex 96.5 89 7.8
      vertex 95.9126 89.0385 2.4
      vertex 96.5 89 2.4
    endloop
  endfacet
  facet normal 0.0654027 0.997859 -0
    outer loop
      vertex 97.0874 97.9615 2.4
      vertex 96.5 98 7.8
      vertex 97.0874 97.9615 7.8
    endloop
  endfacet
  facet normal 0.0654027 0.997859 0
    outer loop
      vertex 96.5 98 7.8
      vertex 97.0874 97.9615 2.4
      vertex 96.5 98 2.4
    endloop
  endfacet
  facet normal -0.555562 -0.831475 0
    outer loop
      vertex 93.7606 89.9299 2.4
      vertex 94.25 89.6029 7.8
      vertex 93.7606 89.9299 7.8
    endloop
  endfacet
  facet normal -0.555562 -0.831475 -0
    outer loop
      vertex 94.25 89.6029 7.8
      vertex 93.7606 89.9299 2.4
      vertex 94.25 89.6029 2.4
    endloop
  endfacet
  facet normal 0.555562 -0.831475 0
    outer loop
      vertex 98.75 89.6029 2.4
      vertex 99.2394 89.9299 7.8
      vertex 98.75 89.6029 7.8
    endloop
  endfacet
  facet normal 0.555562 -0.831475 0
    outer loop
      vertex 99.2394 89.9299 7.8
      vertex 98.75 89.6029 2.4
      vertex 99.2394 89.9299 2.4
    endloop
  endfacet
  facet normal 0.946522 0.322639 0
    outer loop
      vertex 100.847 94.6647 7.8
      vertex 100.657 95.2221 2.4
      vertex 100.657 95.2221 7.8
    endloop
  endfacet
  facet normal 0.946522 0.322639 0
    outer loop
      vertex 100.657 95.2221 2.4
      vertex 100.847 94.6647 7.8
      vertex 100.847 94.6647 2.4
    endloop
  endfacet
  facet normal -0.980796 0.195038 0
    outer loop
      vertex 92.0385 94.0874 2.4
      vertex 92.1533 94.6647 7.8
      vertex 92.1533 94.6647 2.4
    endloop
  endfacet
  facet normal -0.980796 0.195038 0
    outer loop
      vertex 92.1533 94.6647 7.8
      vertex 92.0385 94.0874 2.4
      vertex 92.0385 94.0874 7.8
    endloop
  endfacet
  facet normal -0.0654027 0.997859 0
    outer loop
      vertex 96.5 98 2.4
      vertex 95.9126 97.9615 7.8
      vertex 96.5 98 7.8
    endloop
  endfacet
  facet normal -0.0654027 0.997859 0
    outer loop
      vertex 95.9126 97.9615 7.8
      vertex 96.5 98 2.4
      vertex 95.9126 97.9615 2.4
    endloop
  endfacet
  facet normal -0.321421 -0.946936 0
    outer loop
      vertex 94.7779 89.3425 2.4
      vertex 95.3353 89.1533 7.8
      vertex 94.7779 89.3425 7.8
    endloop
  endfacet
  facet normal -0.321421 -0.946936 -0
    outer loop
      vertex 95.3353 89.1533 7.8
      vertex 94.7779 89.3425 2.4
      vertex 95.3353 89.1533 2.4
    endloop
  endfacet
  facet normal -0.980796 -0.195038 0
    outer loop
      vertex 92.1533 92.3353 2.4
      vertex 92.0385 92.9126 7.8
      vertex 92.0385 92.9126 2.4
    endloop
  endfacet
  facet normal -0.980796 -0.195038 0
    outer loop
      vertex 92.0385 92.9126 7.8
      vertex 92.1533 92.3353 2.4
      vertex 92.1533 92.3353 7.8
    endloop
  endfacet
  facet normal -0.751882 -0.659298 0
    outer loop
      vertex 93.318 90.318 2.4
      vertex 92.9299 90.7606 7.8
      vertex 92.9299 90.7606 2.4
    endloop
  endfacet
  facet normal -0.751882 -0.659298 0
    outer loop
      vertex 92.9299 90.7606 7.8
      vertex 93.318 90.318 2.4
      vertex 93.318 90.318 7.8
    endloop
  endfacet
  facet normal -0.195038 -0.980796 0
    outer loop
      vertex 95.3353 89.1533 2.4
      vertex 95.9126 89.0385 7.8
      vertex 95.3353 89.1533 7.8
    endloop
  endfacet
  facet normal -0.195038 -0.980796 -0
    outer loop
      vertex 95.9126 89.0385 7.8
      vertex 95.3353 89.1533 2.4
      vertex 95.9126 89.0385 2.4
    endloop
  endfacet
  facet normal -0.831475 0.555562 0
    outer loop
      vertex 92.6029 95.75 2.4
      vertex 92.9299 96.2394 7.8
      vertex 92.9299 96.2394 2.4
    endloop
  endfacet
  facet normal -0.831475 0.555562 0
    outer loop
      vertex 92.9299 96.2394 7.8
      vertex 92.6029 95.75 2.4
      vertex 92.6029 95.75 7.8
    endloop
  endfacet
  facet normal -0.195093 -0.980785 0
    outer loop
      vertex 96.8002 95.7803 3
      vertex 97.0953 95.7216 7.8
      vertex 96.8002 95.7803 7.8
    endloop
  endfacet
  facet normal -0.195093 -0.980785 -0
    outer loop
      vertex 97.0953 95.7216 7.8
      vertex 96.8002 95.7803 3
      vertex 97.0953 95.7216 3
    endloop
  endfacet
  facet normal -0.980785 -0.195093 0
    outer loop
      vertex 98.7803 93.8002 3
      vertex 98.7216 94.0953 7.8
      vertex 98.7216 94.0953 3
    endloop
  endfacet
  facet normal -0.980785 -0.195093 0
    outer loop
      vertex 98.7216 94.0953 7.8
      vertex 98.7803 93.8002 3
      vertex 98.7803 93.8002 7.8
    endloop
  endfacet
  facet normal -0.997854 -0.0654821 0
    outer loop
      vertex 98.8 93.5 3
      vertex 98.7803 93.8002 7.8
      vertex 98.7803 93.8002 3
    endloop
  endfacet
  facet normal -0.997854 -0.0654821 0
    outer loop
      vertex 98.7803 93.8002 7.8
      vertex 98.8 93.5 3
      vertex 98.8 93.5 7.8
    endloop
  endfacet
  facet normal -0.946941 -0.321408 0
    outer loop
      vertex 98.7216 94.0953 3
      vertex 98.6249 94.3802 7.8
      vertex 98.6249 94.3802 3
    endloop
  endfacet
  facet normal -0.946941 -0.321408 0
    outer loop
      vertex 98.6249 94.3802 7.8
      vertex 98.7216 94.0953 3
      vertex 98.7216 94.0953 7.8
    endloop
  endfacet
  facet normal -0.831436 -0.55562 0
    outer loop
      vertex 98.4919 94.65 3
      vertex 98.3247 94.9002 7.8
      vertex 98.3247 94.9002 3
    endloop
  endfacet
  facet normal -0.831436 -0.55562 0
    outer loop
      vertex 98.3247 94.9002 7.8
      vertex 98.4919 94.65 3
      vertex 98.4919 94.65 7.8
    endloop
  endfacet
  facet normal -0.321408 -0.946941 0
    outer loop
      vertex 97.0953 95.7216 3
      vertex 97.3802 95.6249 7.8
      vertex 97.0953 95.7216 7.8
    endloop
  endfacet
  facet normal -0.321408 -0.946941 -0
    outer loop
      vertex 97.3802 95.6249 7.8
      vertex 97.0953 95.7216 3
      vertex 97.3802 95.6249 3
    endloop
  endfacet
  facet normal 0.980785 0.195093 0
    outer loop
      vertex 94.2784 92.9047 7.8
      vertex 94.2197 93.1998 3
      vertex 94.2197 93.1998 7.8
    endloop
  endfacet
  facet normal 0.980785 0.195093 0
    outer loop
      vertex 94.2197 93.1998 3
      vertex 94.2784 92.9047 7.8
      vertex 94.2784 92.9047 3
    endloop
  endfacet
  facet normal -0.997854 0.0654821 0
    outer loop
      vertex 98.7803 93.1998 3
      vertex 98.8 93.5 7.8
      vertex 98.8 93.5 3
    endloop
  endfacet
  facet normal -0.997854 0.0654821 0
    outer loop
      vertex 98.8 93.5 7.8
      vertex 98.7803 93.1998 3
      vertex 98.7803 93.1998 7.8
    endloop
  endfacet
  facet normal 0.55562 0.831436 -0
    outer loop
      vertex 95.35 91.5081 3
      vertex 95.0998 91.6753 7.8
      vertex 95.35 91.5081 7.8
    endloop
  endfacet
  facet normal 0.55562 0.831436 0
    outer loop
      vertex 95.0998 91.6753 7.8
      vertex 95.35 91.5081 3
      vertex 95.0998 91.6753 3
    endloop
  endfacet
  facet normal 0.997854 0.0654821 0
    outer loop
      vertex 94.2197 93.1998 7.8
      vertex 94.2 93.5 3
      vertex 94.2 93.5 7.8
    endloop
  endfacet
  facet normal 0.997854 0.0654821 0
    outer loop
      vertex 94.2 93.5 3
      vertex 94.2197 93.1998 7.8
      vertex 94.2197 93.1998 3
    endloop
  endfacet
  facet normal 0.321408 0.946941 -0
    outer loop
      vertex 95.9047 91.2784 3
      vertex 95.6198 91.3751 7.8
      vertex 95.9047 91.2784 7.8
    endloop
  endfacet
  facet normal 0.321408 0.946941 0
    outer loop
      vertex 95.6198 91.3751 7.8
      vertex 95.9047 91.2784 3
      vertex 95.6198 91.3751 3
    endloop
  endfacet
  facet normal -0.89694 -0.442153 0
    outer loop
      vertex 98.6249 94.3802 3
      vertex 98.4919 94.65 7.8
      vertex 98.4919 94.65 3
    endloop
  endfacet
  facet normal -0.89694 -0.442153 0
    outer loop
      vertex 98.4919 94.65 7.8
      vertex 98.6249 94.3802 3
      vertex 98.6249 94.3802 7.8
    endloop
  endfacet
  facet normal -0.751649 -0.659563 0
    outer loop
      vertex 98.3247 94.9002 3
      vertex 98.1263 95.1263 7.8
      vertex 98.1263 95.1263 3
    endloop
  endfacet
  facet normal -0.751649 -0.659563 0
    outer loop
      vertex 98.1263 95.1263 7.8
      vertex 98.3247 94.9002 3
      vertex 98.3247 94.9002 7.8
    endloop
  endfacet
  facet normal -0.946941 0.321408 0
    outer loop
      vertex 98.6249 92.6198 3
      vertex 98.7216 92.9047 7.8
      vertex 98.7216 92.9047 3
    endloop
  endfacet
  facet normal -0.946941 0.321408 0
    outer loop
      vertex 98.7216 92.9047 7.8
      vertex 98.6249 92.6198 3
      vertex 98.6249 92.6198 7.8
    endloop
  endfacet
  facet normal 0.751649 0.659563 0
    outer loop
      vertex 94.8737 91.8737 7.8
      vertex 94.6753 92.0998 3
      vertex 94.6753 92.0998 7.8
    endloop
  endfacet
  facet normal 0.751649 0.659563 0
    outer loop
      vertex 94.6753 92.0998 3
      vertex 94.8737 91.8737 7.8
      vertex 94.8737 91.8737 3
    endloop
  endfacet
  facet normal -0.980785 0.195093 0
    outer loop
      vertex 98.7216 92.9047 3
      vertex 98.7803 93.1998 7.8
      vertex 98.7803 93.1998 3
    endloop
  endfacet
  facet normal -0.980785 0.195093 0
    outer loop
      vertex 98.7803 93.1998 7.8
      vertex 98.7216 92.9047 3
      vertex 98.7216 92.9047 7.8
    endloop
  endfacet
  facet normal -0.0654821 0.997854 0
    outer loop
      vertex 96.8002 91.2197 3
      vertex 96.5 91.2 7.8
      vertex 96.8002 91.2197 7.8
    endloop
  endfacet
  facet normal -0.0654821 0.997854 0
    outer loop
      vertex 96.5 91.2 7.8
      vertex 96.8002 91.2197 3
      vertex 96.5 91.2 3
    endloop
  endfacet
  facet normal 0.946941 0.321408 0
    outer loop
      vertex 94.3751 92.6198 7.8
      vertex 94.2784 92.9047 3
      vertex 94.2784 92.9047 7.8
    endloop
  endfacet
  facet normal 0.946941 0.321408 0
    outer loop
      vertex 94.2784 92.9047 3
      vertex 94.3751 92.6198 7.8
      vertex 94.3751 92.6198 3
    endloop
  endfacet
  facet normal -0.831436 0.55562 0
    outer loop
      vertex 98.3247 92.0998 3
      vertex 98.4919 92.35 7.8
      vertex 98.4919 92.35 3
    endloop
  endfacet
  facet normal -0.831436 0.55562 0
    outer loop
      vertex 98.4919 92.35 7.8
      vertex 98.3247 92.0998 3
      vertex 98.3247 92.0998 7.8
    endloop
  endfacet
  facet normal -0.442153 -0.89694 0
    outer loop
      vertex 97.3802 95.6249 3
      vertex 97.65 95.4919 7.8
      vertex 97.3802 95.6249 7.8
    endloop
  endfacet
  facet normal -0.442153 -0.89694 -0
    outer loop
      vertex 97.65 95.4919 7.8
      vertex 97.3802 95.6249 3
      vertex 97.65 95.4919 3
    endloop
  endfacet
  facet normal 0.442153 -0.89694 0
    outer loop
      vertex 95.35 95.4919 3
      vertex 95.6198 95.6249 7.8
      vertex 95.35 95.4919 7.8
    endloop
  endfacet
  facet normal 0.442153 -0.89694 0
    outer loop
      vertex 95.6198 95.6249 7.8
      vertex 95.35 95.4919 3
      vertex 95.6198 95.6249 3
    endloop
  endfacet
  facet normal -0.442153 0.89694 0
    outer loop
      vertex 97.65 91.5081 3
      vertex 97.3802 91.3751 7.8
      vertex 97.65 91.5081 7.8
    endloop
  endfacet
  facet normal -0.442153 0.89694 0
    outer loop
      vertex 97.3802 91.3751 7.8
      vertex 97.65 91.5081 3
      vertex 97.3802 91.3751 3
    endloop
  endfacet
  facet normal -0.321408 0.946941 0
    outer loop
      vertex 97.3802 91.3751 3
      vertex 97.0953 91.2784 7.8
      vertex 97.3802 91.3751 7.8
    endloop
  endfacet
  facet normal -0.321408 0.946941 0
    outer loop
      vertex 97.0953 91.2784 7.8
      vertex 97.3802 91.3751 3
      vertex 97.0953 91.2784 3
    endloop
  endfacet
  facet normal 0.195093 0.980785 -0
    outer loop
      vertex 96.1998 91.2197 3
      vertex 95.9047 91.2784 7.8
      vertex 96.1998 91.2197 7.8
    endloop
  endfacet
  facet normal 0.195093 0.980785 0
    outer loop
      vertex 95.9047 91.2784 7.8
      vertex 96.1998 91.2197 3
      vertex 95.9047 91.2784 3
    endloop
  endfacet
  facet normal 0.946941 -0.321408 0
    outer loop
      vertex 94.2784 94.0953 7.8
      vertex 94.3751 94.3802 3
      vertex 94.3751 94.3802 7.8
    endloop
  endfacet
  facet normal 0.946941 -0.321408 0
    outer loop
      vertex 94.3751 94.3802 3
      vertex 94.2784 94.0953 7.8
      vertex 94.2784 94.0953 3
    endloop
  endfacet
  facet normal 0.195093 -0.980785 0
    outer loop
      vertex 95.9047 95.7216 3
      vertex 96.1998 95.7803 7.8
      vertex 95.9047 95.7216 7.8
    endloop
  endfacet
  facet normal 0.195093 -0.980785 0
    outer loop
      vertex 96.1998 95.7803 7.8
      vertex 95.9047 95.7216 3
      vertex 96.1998 95.7803 3
    endloop
  endfacet
  facet normal 0.55562 -0.831436 0
    outer loop
      vertex 95.0998 95.3247 3
      vertex 95.35 95.4919 7.8
      vertex 95.0998 95.3247 7.8
    endloop
  endfacet
  facet normal 0.55562 -0.831436 0
    outer loop
      vertex 95.35 95.4919 7.8
      vertex 95.0998 95.3247 3
      vertex 95.35 95.4919 3
    endloop
  endfacet
  facet normal -0.55562 0.831436 0
    outer loop
      vertex 97.9002 91.6753 3
      vertex 97.65 91.5081 7.8
      vertex 97.9002 91.6753 7.8
    endloop
  endfacet
  facet normal -0.55562 0.831436 0
    outer loop
      vertex 97.65 91.5081 7.8
      vertex 97.9002 91.6753 3
      vertex 97.65 91.5081 3
    endloop
  endfacet
  facet normal -0.195093 0.980785 0
    outer loop
      vertex 97.0953 91.2784 3
      vertex 96.8002 91.2197 7.8
      vertex 97.0953 91.2784 7.8
    endloop
  endfacet
  facet normal -0.195093 0.980785 0
    outer loop
      vertex 96.8002 91.2197 7.8
      vertex 97.0953 91.2784 3
      vertex 96.8002 91.2197 3
    endloop
  endfacet
  facet normal 0.89694 -0.442153 0
    outer loop
      vertex 94.3751 94.3802 7.8
      vertex 94.5081 94.65 3
      vertex 94.5081 94.65 7.8
    endloop
  endfacet
  facet normal 0.89694 -0.442153 0
    outer loop
      vertex 94.5081 94.65 3
      vertex 94.3751 94.3802 7.8
      vertex 94.3751 94.3802 3
    endloop
  endfacet
  facet normal -0.659563 -0.751649 0
    outer loop
      vertex 97.9002 95.3247 3
      vertex 98.1263 95.1263 7.8
      vertex 97.9002 95.3247 7.8
    endloop
  endfacet
  facet normal -0.659563 -0.751649 -0
    outer loop
      vertex 98.1263 95.1263 7.8
      vertex 97.9002 95.3247 3
      vertex 98.1263 95.1263 3
    endloop
  endfacet
  facet normal 0.831436 -0.55562 0
    outer loop
      vertex 94.5081 94.65 7.8
      vertex 94.6753 94.9002 3
      vertex 94.6753 94.9002 7.8
    endloop
  endfacet
  facet normal 0.831436 -0.55562 0
    outer loop
      vertex 94.6753 94.9002 3
      vertex 94.5081 94.65 7.8
      vertex 94.5081 94.65 3
    endloop
  endfacet
  facet normal 0.0654821 0.997854 -0
    outer loop
      vertex 96.5 91.2 3
      vertex 96.1998 91.2197 7.8
      vertex 96.5 91.2 7.8
    endloop
  endfacet
  facet normal 0.0654821 0.997854 0
    outer loop
      vertex 96.1998 91.2197 7.8
      vertex 96.5 91.2 3
      vertex 96.1998 91.2197 3
    endloop
  endfacet
  facet normal 0.0654821 -0.997854 0
    outer loop
      vertex 96.1998 95.7803 3
      vertex 96.5 95.8 7.8
      vertex 96.1998 95.7803 7.8
    endloop
  endfacet
  facet normal 0.0654821 -0.997854 0
    outer loop
      vertex 96.5 95.8 7.8
      vertex 96.1998 95.7803 3
      vertex 96.5 95.8 3
    endloop
  endfacet
  facet normal 0.659563 -0.751649 0
    outer loop
      vertex 94.8737 95.1263 3
      vertex 95.0998 95.3247 7.8
      vertex 94.8737 95.1263 7.8
    endloop
  endfacet
  facet normal 0.659563 -0.751649 0
    outer loop
      vertex 95.0998 95.3247 7.8
      vertex 94.8737 95.1263 3
      vertex 95.0998 95.3247 3
    endloop
  endfacet
  facet normal 0.659563 0.751649 -0
    outer loop
      vertex 95.0998 91.6753 3
      vertex 94.8737 91.8737 7.8
      vertex 95.0998 91.6753 7.8
    endloop
  endfacet
  facet normal 0.659563 0.751649 0
    outer loop
      vertex 94.8737 91.8737 7.8
      vertex 95.0998 91.6753 3
      vertex 94.8737 91.8737 3
    endloop
  endfacet
  facet normal 0 0 1
    outer loop
      vertex 98.7803 93.8002 3
      vertex 98.7803 93.1998 3
      vertex 98.8 93.5 3
    endloop
  endfacet
  facet normal 0 0 1
    outer loop
      vertex 98.7216 94.0953 3
      vertex 98.7803 93.1998 3
      vertex 98.7803 93.8002 3
    endloop
  endfacet
  facet normal 0 0 1
    outer loop
      vertex 98.7216 94.0953 3
      vertex 98.7216 92.9047 3
      vertex 98.7803 93.1998 3
    endloop
  endfacet
  facet normal 0 0 1
    outer loop
      vertex 98.6249 94.3802 3
      vertex 98.7216 92.9047 3
      vertex 98.7216 94.0953 3
    endloop
  endfacet
  facet normal 0 0 1
    outer loop
      vertex 98.6249 94.3802 3
      vertex 98.6249 92.6198 3
      vertex 98.7216 92.9047 3
    endloop
  endfacet
  facet normal 0 0 1
    outer loop
      vertex 98.4919 94.65 3
      vertex 98.6249 92.6198 3
      vertex 98.6249 94.3802 3
    endloop
  endfacet
  facet normal 0 0 1
    outer loop
      vertex 98.4919 94.65 3
      vertex 98.4919 92.35 3
      vertex 98.6249 92.6198 3
    endloop
  endfacet
  facet normal 0 0 1
    outer loop
      vertex 98.3247 94.9002 3
      vertex 98.4919 92.35 3
      vertex 98.4919 94.65 3
    endloop
  endfacet
  facet normal 0 0 1
    outer loop
      vertex 98.3247 94.9002 3
      vertex 98.3247 92.0998 3
      vertex 98.4919 92.35 3
    endloop
  endfacet
  facet normal 0 0 1
    outer loop
      vertex 98.1263 95.1263 3
      vertex 98.3247 92.0998 3
      vertex 98.3247 94.9002 3
    endloop
  endfacet
  facet normal 0 0 1
    outer loop
      vertex 98.1263 95.1263 3
      vertex 98.1263 91.8737 3
      vertex 98.3247 92.0998 3
    endloop
  endfacet
  facet normal 0 0 1
    outer loop
      vertex 97.9002 95.3247 3
      vertex 98.1263 91.8737 3
      vertex 98.1263 95.1263 3
    endloop
  endfacet
  facet normal 0 0 1
    outer loop
      vertex 97.9002 95.3247 3
      vertex 97.9002 91.6753 3
      vertex 98.1263 91.8737 3
    endloop
  endfacet
  facet normal 0 0 1
    outer loop
      vertex 97.65 95.4919 3
      vertex 97.9002 91.6753 3
      vertex 97.9002 95.3247 3
    endloop
  endfacet
  facet normal 0 0 1
    outer loop
      vertex 97.65 95.4919 3
      vertex 97.65 91.5081 3
      vertex 97.9002 91.6753 3
    endloop
  endfacet
  facet normal 0 0 1
    outer loop
      vertex 97.3802 95.6249 3
      vertex 97.65 91.5081 3
      vertex 97.65 95.4919 3
    endloop
  endfacet
  facet normal 0 0 1
    outer loop
      vertex 97.3802 95.6249 3
      vertex 97.3802 91.3751 3
      vertex 97.65 91.5081 3
    endloop
  endfacet
  facet normal 0 0 1
    outer loop
      vertex 97.0953 95.7216 3
      vertex 97.3802 91.3751 3
      vertex 97.3802 95.6249 3
    endloop
  endfacet
  facet normal 0 0 1
    outer loop
      vertex 97.0953 95.7216 3
      vertex 97.0953 91.2784 3
      vertex 97.3802 91.3751 3
    endloop
  endfacet
  facet normal 0 0 1
    outer loop
      vertex 96.8002 95.7803 3
      vertex 97.0953 91.2784 3
      vertex 97.0953 95.7216 3
    endloop
  endfacet
  facet normal 0 0 1
    outer loop
      vertex 96.8002 95.7803 3
      vertex 96.8002 91.2197 3
      vertex 97.0953 91.2784 3
    endloop
  endfacet
  facet normal 0 0 1
    outer loop
      vertex 96.5 95.8 3
      vertex 96.8002 91.2197 3
      vertex 96.8002 95.7803 3
    endloop
  endfacet
  facet normal 0 0 1
    outer loop
      vertex 96.5 95.8 3
      vertex 96.5 91.2 3
      vertex 96.8002 91.2197 3
    endloop
  endfacet
  facet normal -0 0 1
    outer loop
      vertex 96.1998 95.7803 3
      vertex 96.5 91.2 3
      vertex 96.5 95.8 3
    endloop
  endfacet
  facet normal 0 0 1
    outer loop
      vertex 96.1998 95.7803 3
      vertex 96.1998 91.2197 3
      vertex 96.5 91.2 3
    endloop
  endfacet
  facet normal -0 0 1
    outer loop
      vertex 95.9047 95.7216 3
      vertex 96.1998 91.2197 3
      vertex 96.1998 95.7803 3
    endloop
  endfacet
  facet normal 0 0 1
    outer loop
      vertex 95.9047 95.7216 3
      vertex 95.9047 91.2784 3
      vertex 96.1998 91.2197 3
    endloop
  endfacet
  facet normal -0 0 1
    outer loop
      vertex 95.6198 95.6249 3
      vertex 95.9047 91.2784 3
      vertex 95.9047 95.7216 3
    endloop
  endfacet
  facet normal 0 0 1
    outer loop
      vertex 95.6198 95.6249 3
      vertex 95.6198 91.3751 3
      vertex 95.9047 91.2784 3
    endloop
  endfacet
  facet normal -0 0 1
    outer loop
      vertex 95.35 95.4919 3
      vertex 95.6198 91.3751 3
      vertex 95.6198 95.6249 3
    endloop
  endfacet
  facet normal 0 0 1
    outer loop
      vertex 95.35 95.4919 3
      vertex 95.35 91.5081 3
      vertex 95.6198 91.3751 3
    endloop
  endfacet
  facet normal -0 0 1
    outer loop
      vertex 95.0998 95.3247 3
      vertex 95.35 91.5081 3
      vertex 95.35 95.4919 3
    endloop
  endfacet
  facet normal 0 0 1
    outer loop
      vertex 95.0998 95.3247 3
      vertex 95.0998 91.6753 3
      vertex 95.35 91.5081 3
    endloop
  endfacet
  facet normal -0 0 1
    outer loop
      vertex 94.8737 95.1263 3
      vertex 95.0998 91.6753 3
      vertex 95.0998 95.3247 3
    endloop
  endfacet
  facet normal 0 0 1
    outer loop
      vertex 94.8737 95.1263 3
      vertex 94.8737 91.8737 3
      vertex 95.0998 91.6753 3
    endloop
  endfacet
  facet normal -0 0 1
    outer loop
      vertex 94.6753 94.9002 3
      vertex 94.8737 91.8737 3
      vertex 94.8737 95.1263 3
    endloop
  endfacet
  facet normal 0 0 1
    outer loop
      vertex 94.6753 94.9002 3
      vertex 94.6753 92.0998 3
      vertex 94.8737 91.8737 3
    endloop
  endfacet
  facet normal -0 0 1
    outer loop
      vertex 94.5081 94.65 3
      vertex 94.6753 92.0998 3
      vertex 94.6753 94.9002 3
    endloop
  endfacet
  facet normal 0 0 1
    outer loop
      vertex 94.5081 94.65 3
      vertex 94.5081 92.35 3
      vertex 94.6753 92.0998 3
    endloop
  endfacet
  facet normal -0 0 1
    outer loop
      vertex 94.3751 94.3802 3
      vertex 94.5081 92.35 3
      vertex 94.5081 94.65 3
    endloop
  endfacet
  facet normal 0 0 1
    outer loop
      vertex 94.3751 94.3802 3
      vertex 94.3751 92.6198 3
      vertex 94.5081 92.35 3
    endloop
  endfacet
  facet normal -0 0 1
    outer loop
      vertex 94.2784 94.0953 3
      vertex 94.3751 92.6198 3
      vertex 94.3751 94.3802 3
    endloop
  endfacet
  facet normal 0 0 1
    outer loop
      vertex 94.2784 94.0953 3
      vertex 94.2784 92.9047 3
      vertex 94.3751 92.6198 3
    endloop
  endfacet
  facet normal -0 0 1
    outer loop
      vertex 94.2197 93.8002 3
      vertex 94.2784 92.9047 3
      vertex 94.2784 94.0953 3
    endloop
  endfacet
  facet normal 0 0 1
    outer loop
      vertex 94.2197 93.8002 3
      vertex 94.2197 93.1998 3
      vertex 94.2784 92.9047 3
    endloop
  endfacet
  facet normal 0 -0 1
    outer loop
      vertex 94.2197 93.1998 3
      vertex 94.2197 93.8002 3
      vertex 94.2 93.5 3
    endloop
  endfacet
  facet normal 0.751649 -0.659563 0
    outer loop
      vertex 94.6753 94.9002 7.8
      vertex 94.8737 95.1263 3
      vertex 94.8737 95.1263 7.8
    endloop
  endfacet
  facet normal 0.751649 -0.659563 0
    outer loop
      vertex 94.8737 95.1263 3
      vertex 94.6753 94.9002 7.8
      vertex 94.6753 94.9002 3
    endloop
  endfacet
  facet normal -0.751649 0.659563 0
    outer loop
      vertex 98.1263 91.8737 3
      vertex 98.3247 92.0998 7.8
      vertex 98.3247 92.0998 3
    endloop
  endfacet
  facet normal -0.751649 0.659563 0
    outer loop
      vertex 98.3247 92.0998 7.8
      vertex 98.1263 91.8737 3
      vertex 98.1263 91.8737 7.8
    endloop
  endfacet
  facet normal -0.89694 0.442153 0
    outer loop
      vertex 98.4919 92.35 3
      vertex 98.6249 92.6198 7.8
      vertex 98.6249 92.6198 3
    endloop
  endfacet
  facet normal -0.89694 0.442153 0
    outer loop
      vertex 98.6249 92.6198 7.8
      vertex 98.4919 92.35 3
      vertex 98.4919 92.35 7.8
    endloop
  endfacet
  facet normal 0.980785 -0.195093 0
    outer loop
      vertex 94.2197 93.8002 7.8
      vertex 94.2784 94.0953 3
      vertex 94.2784 94.0953 7.8
    endloop
  endfacet
  facet normal 0.980785 -0.195093 0
    outer loop
      vertex 94.2784 94.0953 3
      vertex 94.2197 93.8002 7.8
      vertex 94.2197 93.8002 3
    endloop
  endfacet
  facet normal -0.0654821 -0.997854 0
    outer loop
      vertex 96.5 95.8 3
      vertex 96.8002 95.7803 7.8
      vertex 96.5 95.8 7.8
    endloop
  endfacet
  facet normal -0.0654821 -0.997854 -0
    outer loop
      vertex 96.8002 95.7803 7.8
      vertex 96.5 95.8 3
      vertex 96.8002 95.7803 3
    endloop
  endfacet
  facet normal -0.55562 -0.831436 0
    outer loop
      vertex 97.65 95.4919 3
      vertex 97.9002 95.3247 7.8
      vertex 97.65 95.4919 7.8
    endloop
  endfacet
  facet normal -0.55562 -0.831436 -0
    outer loop
      vertex 97.9002 95.3247 7.8
      vertex 97.65 95.4919 3
      vertex 97.9002 95.3247 3
    endloop
  endfacet
  facet normal 0.321408 -0.946941 0
    outer loop
      vertex 95.6198 95.6249 3
      vertex 95.9047 95.7216 7.8
      vertex 95.6198 95.6249 7.8
    endloop
  endfacet
  facet normal 0.321408 -0.946941 0
    outer loop
      vertex 95.9047 95.7216 7.8
      vertex 95.6198 95.6249 3
      vertex 95.9047 95.7216 3
    endloop
  endfacet
  facet normal 0.997854 -0.0654821 0
    outer loop
      vertex 94.2 93.5 7.8
      vertex 94.2197 93.8002 3
      vertex 94.2197 93.8002 7.8
    endloop
  endfacet
  facet normal 0.997854 -0.0654821 0
    outer loop
      vertex 94.2197 93.8002 3
      vertex 94.2 93.5 7.8
      vertex 94.2 93.5 3
    endloop
  endfacet
  facet normal 0.89694 0.442153 0
    outer loop
      vertex 94.5081 92.35 7.8
      vertex 94.3751 92.6198 3
      vertex 94.3751 92.6198 7.8
    endloop
  endfacet
  facet normal 0.89694 0.442153 0
    outer loop
      vertex 94.3751 92.6198 3
      vertex 94.5081 92.35 7.8
      vertex 94.5081 92.35 3
    endloop
  endfacet
  facet normal 0.442153 0.89694 -0
    outer loop
      vertex 95.6198 91.3751 3
      vertex 95.35 91.5081 7.8
      vertex 95.6198 91.3751 7.8
    endloop
  endfacet
  facet normal 0.442153 0.89694 0
    outer loop
      vertex 95.35 91.5081 7.8
      vertex 95.6198 91.3751 3
      vertex 95.35 91.5081 3
    endloop
  endfacet
  facet normal -0.659563 0.751649 0
    outer loop
      vertex 98.1263 91.8737 3
      vertex 97.9002 91.6753 7.8
      vertex 98.1263 91.8737 7.8
    endloop
  endfacet
  facet normal -0.659563 0.751649 0
    outer loop
      vertex 97.9002 91.6753 7.8
      vertex 98.1263 91.8737 3
      vertex 97.9002 91.6753 3
    endloop
  endfacet
  facet normal 0.831436 0.55562 0
    outer loop
      vertex 94.6753 92.0998 7.8
      vertex 94.5081 92.35 3
      vertex 94.5081 92.35 7.8
    endloop
  endfacet
  facet normal 0.831436 0.55562 0
    outer loop
      vertex 94.5081 92.35 3
      vertex 94.6753 92.0998 7.8
      vertex 94.6753 92.0998 3
    endloop
  endfacet
  facet normal 1 -0 0
    outer loop
      vertex 19 98 13
      vertex 19 123 11
      vertex 19 123 13
    endloop
  endfacet
  facet normal 1 0 0
    outer loop
      vertex 19 123 11
      vertex 19 98 13
      vertex 19 98 11
    endloop
  endfacet
  facet normal -0 0 1
    outer loop
      vertex 15 123 13
      vertex 19 98 13
      vertex 19 123 13
    endloop
  endfacet
  facet normal 0 0 1
    outer loop
      vertex 19 98 13
      vertex 15 123 13
      vertex 15 98 13
    endloop
  endfacet
  facet normal 0 0 -1
    outer loop
      vertex 15 98 11
      vertex 19 123 11
      vertex 19 98 11
    endloop
  endfacet
  facet normal -0 0 -1
    outer loop
      vertex 19 123 11
      vertex 15 98 11
      vertex 15 123 11
    endloop
  endfacet
  facet normal -1 0 0
    outer loop
      vertex 15 98 11
      vertex 15 123 13
      vertex 15 123 11
    endloop
  endfacet
  facet normal -1 -0 0
    outer loop
      vertex 15 123 13
      vertex 15 98 11
      vertex 15 98 13
    endloop
  endfacet
  facet normal 0 1 -0
    outer loop
      vertex 19 123 11
      vertex 15 123 13
      vertex 19 123 13
    endloop
  endfacet
  facet normal 0 1 0
    outer loop
      vertex 15 123 13
      vertex 19 123 11
      vertex 15 123 11
    endloop
  endfacet
  facet normal 0 -1 0
    outer loop
      vertex 15 98 11
      vertex 19 98 13
      vertex 15 98 13
    endloop
  endfacet
  facet normal 0 -1 -0
    outer loop
      vertex 19 98 13
      vertex 15 98 11
      vertex 19 98 11
    endloop
  endfacet
  facet normal 1 -0 0
    outer loop
      vertex 93 98 13
      vertex 93 123 11
      vertex 93 123 13
    endloop
  endfacet
  facet normal 1 0 0
    outer loop
      vertex 93 123 11
      vertex 93 98 13
      vertex 93 98 11
    endloop
  endfacet
  facet normal -0 0 1
    outer loop
      vertex 89 123 13
      vertex 93 98 13
      vertex 93 123 13
    endloop
  endfacet
  facet normal 0 0 1
    outer loop
      vertex 93 98 13
      vertex 89 123 13
      vertex 89 98 13
    endloop
  endfacet
  facet normal 0 0 -1
    outer loop
      vertex 89 98 11
      vertex 93 123 11
      vertex 93 98 11
    endloop
  endfacet
  facet normal -0 0 -1
    outer loop
      vertex 93 123 11
      vertex 89 98 11
      vertex 89 123 11
    endloop
  endfacet
  facet normal -1 0 0
    outer loop
      vertex 89 98 11
      vertex 89 123 13
      vertex 89 123 11
    endloop
  endfacet
  facet normal -1 -0 0
    outer loop
      vertex 89 123 13
      vertex 89 98 11
      vertex 89 98 13
    endloop
  endfacet
  facet normal 0 1 -0
    outer loop
      vertex 93 123 11
      vertex 89 123 13
      vertex 93 123 13
    endloop
  endfacet
  facet normal 0 1 0
    outer loop
      vertex 89 123 13
      vertex 93 123 11
      vertex 89 123 11
    endloop
  endfacet
  facet normal 0 -1 0
    outer loop
      vertex 89 98 11
      vertex 93 98 13
      vertex 89 98 13
    endloop
  endfacet
  facet normal 0 -1 -0
    outer loop
      vertex 93 98 13
      vertex 89 98 11
      vertex 93 98 11
    endloop
  endfacet
endsolid OpenSCAD_Model
