solid OpenSCAD_Model
  facet normal -0.321692 0.946844 0
    outer loop
      vertex 117.497 59.799 1.3
      vertex 117.336 59.7443 2.2
      vertex 117.497 59.799 2.2
    endloop
  endfacet
  facet normal -0.321692 0.946844 0
    outer loop
      vertex 117.336 59.7443 2.2
      vertex 117.497 59.799 1.3
      vertex 117.336 59.7443 1.3
    endloop
  endfacet
  facet normal -0.980986 -0.19408 0
    outer loop
      vertex 118.289 61.1697 1.3
      vertex 118.256 61.3365 2.2
      vertex 118.256 61.3365 1.3
    endloop
  endfacet
  facet normal -0.980986 -0.19408 0
    outer loop
      vertex 118.256 61.3365 2.2
      vertex 118.289 61.1697 1.3
      vertex 118.289 61.1697 2.2
    endloop
  endfacet
  facet normal -0.997906 -0.0646845 0
    outer loop
      vertex 118.3 61 1.3
      vertex 118.289 61.1697 2.2
      vertex 118.289 61.1697 1.3
    endloop
  endfacet
  facet normal -0.997906 -0.0646845 0
    outer loop
      vertex 118.289 61.1697 2.2
      vertex 118.3 61 1.3
      vertex 118.3 61 2.2
    endloop
  endfacet
  facet normal -0.946306 -0.323272 0
    outer loop
      vertex 118.256 61.3365 1.3
      vertex 118.201 61.4975 2.2
      vertex 118.201 61.4975 1.3
    endloop
  endfacet
  facet normal -0.946306 -0.323272 0
    outer loop
      vertex 118.201 61.4975 2.2
      vertex 118.256 61.3365 1.3
      vertex 118.256 61.3365 2.2
    endloop
  endfacet
  facet normal -0.321692 -0.946844 0
    outer loop
      vertex 117.336 62.2557 1.3
      vertex 117.497 62.201 2.2
      vertex 117.336 62.2557 2.2
    endloop
  endfacet
  facet normal -0.321692 -0.946844 -0
    outer loop
      vertex 117.497 62.201 2.2
      vertex 117.336 62.2557 1.3
      vertex 117.497 62.201 1.3
    endloop
  endfacet
  facet normal 0.89735 -0.44132 0
    outer loop
      vertex 115.799 61.4975 2.2
      vertex 115.874 61.65 1.3
      vertex 115.874 61.65 2.2
    endloop
  endfacet
  facet normal 0.89735 -0.44132 0
    outer loop
      vertex 115.874 61.65 1.3
      vertex 115.799 61.4975 2.2
      vertex 115.799 61.4975 1.3
    endloop
  endfacet
  facet normal 0.752066 0.659088 0
    outer loop
      vertex 116.081 60.0808 2.2
      vertex 115.969 60.2086 1.3
      vertex 115.969 60.2086 2.2
    endloop
  endfacet
  facet normal 0.752066 0.659088 0
    outer loop
      vertex 115.969 60.2086 1.3
      vertex 116.081 60.0808 2.2
      vertex 116.081 60.0808 1.3
    endloop
  endfacet
  facet normal -0.830058 -0.557677 0
    outer loop
      vertex 118.126 61.65 1.3
      vertex 118.031 61.7914 2.2
      vertex 118.031 61.7914 1.3
    endloop
  endfacet
  facet normal -0.830058 -0.557677 0
    outer loop
      vertex 118.031 61.7914 2.2
      vertex 118.126 61.65 1.3
      vertex 118.126 61.65 2.2
    endloop
  endfacet
  facet normal -0.89735 -0.44132 0
    outer loop
      vertex 118.201 61.4975 1.3
      vertex 118.126 61.65 2.2
      vertex 118.126 61.65 1.3
    endloop
  endfacet
  facet normal -0.89735 -0.44132 0
    outer loop
      vertex 118.126 61.65 2.2
      vertex 118.201 61.4975 1.3
      vertex 118.201 61.4975 2.2
    endloop
  endfacet
  facet normal 0.65917 0.751994 -0
    outer loop
      vertex 116.209 59.9686 1.3
      vertex 116.081 60.0808 2.2
      vertex 116.209 59.9686 2.2
    endloop
  endfacet
  facet normal 0.65917 0.751994 0
    outer loop
      vertex 116.081 60.0808 2.2
      vertex 116.209 59.9686 1.3
      vertex 116.081 60.0808 1.3
    endloop
  endfacet
  facet normal 0.752066 -0.659088 0
    outer loop
      vertex 115.969 61.7914 2.2
      vertex 116.081 61.9192 1.3
      vertex 116.081 61.9192 2.2
    endloop
  endfacet
  facet normal 0.752066 -0.659088 0
    outer loop
      vertex 116.081 61.9192 1.3
      vertex 115.969 61.7914 2.2
      vertex 115.969 61.7914 1.3
    endloop
  endfacet
  facet normal 0.830058 -0.557677 0
    outer loop
      vertex 115.874 61.65 2.2
      vertex 115.969 61.7914 1.3
      vertex 115.969 61.7914 2.2
    endloop
  endfacet
  facet normal 0.830058 -0.557677 0
    outer loop
      vertex 115.969 61.7914 1.3
      vertex 115.874 61.65 2.2
      vertex 115.874 61.65 1.3
    endloop
  endfacet
  facet normal 0.196116 -0.980581 0
    outer loop
      vertex 116.664 62.2557 1.3
      vertex 116.83 62.2889 2.2
      vertex 116.664 62.2557 2.2
    endloop
  endfacet
  facet normal 0.196116 -0.980581 0
    outer loop
      vertex 116.83 62.2889 2.2
      vertex 116.664 62.2557 1.3
      vertex 116.83 62.2889 1.3
    endloop
  endfacet
  facet normal -0.441103 0.897457 0
    outer loop
      vertex 117.65 59.8742 1.3
      vertex 117.497 59.799 2.2
      vertex 117.65 59.8742 2.2
    endloop
  endfacet
  facet normal -0.441103 0.897457 0
    outer loop
      vertex 117.497 59.799 2.2
      vertex 117.65 59.8742 1.3
      vertex 117.497 59.799 1.3
    endloop
  endfacet
  facet normal 0.946306 -0.323272 0
    outer loop
      vertex 115.744 61.3365 2.2
      vertex 115.799 61.4975 1.3
      vertex 115.799 61.4975 2.2
    endloop
  endfacet
  facet normal 0.946306 -0.323272 0
    outer loop
      vertex 115.799 61.4975 1.3
      vertex 115.744 61.3365 2.2
      vertex 115.744 61.3365 1.3
    endloop
  endfacet
  facet normal 0.441103 -0.897457 0
    outer loop
      vertex 116.35 62.1258 1.3
      vertex 116.503 62.201 2.2
      vertex 116.35 62.1258 2.2
    endloop
  endfacet
  facet normal 0.441103 -0.897457 0
    outer loop
      vertex 116.503 62.201 2.2
      vertex 116.35 62.1258 1.3
      vertex 116.503 62.201 1.3
    endloop
  endfacet
  facet normal 0.321692 0.946844 -0
    outer loop
      vertex 116.664 59.7443 1.3
      vertex 116.503 59.799 2.2
      vertex 116.664 59.7443 2.2
    endloop
  endfacet
  facet normal 0.321692 0.946844 0
    outer loop
      vertex 116.503 59.799 2.2
      vertex 116.664 59.7443 1.3
      vertex 116.503 59.799 1.3
    endloop
  endfacet
  facet normal -0.830058 0.557677 0
    outer loop
      vertex 118.031 60.2086 1.3
      vertex 118.126 60.35 2.2
      vertex 118.126 60.35 1.3
    endloop
  endfacet
  facet normal -0.830058 0.557677 0
    outer loop
      vertex 118.126 60.35 2.2
      vertex 118.031 60.2086 1.3
      vertex 118.031 60.2086 2.2
    endloop
  endfacet
  facet normal -0.196116 0.980581 0
    outer loop
      vertex 117.336 59.7443 1.3
      vertex 117.17 59.7111 2.2
      vertex 117.336 59.7443 2.2
    endloop
  endfacet
  facet normal -0.196116 0.980581 0
    outer loop
      vertex 117.17 59.7111 2.2
      vertex 117.336 59.7443 1.3
      vertex 117.17 59.7111 1.3
    endloop
  endfacet
  facet normal -0.0651554 -0.997875 0
    outer loop
      vertex 117 62.3 1.3
      vertex 117.17 62.2889 2.2
      vertex 117 62.3 2.2
    endloop
  endfacet
  facet normal -0.0651554 -0.997875 -0
    outer loop
      vertex 117.17 62.2889 2.2
      vertex 117 62.3 1.3
      vertex 117.17 62.2889 1.3
    endloop
  endfacet
  facet normal -0.980986 0.19408 0
    outer loop
      vertex 118.256 60.6635 1.3
      vertex 118.289 60.8303 2.2
      vertex 118.289 60.8303 1.3
    endloop
  endfacet
  facet normal -0.980986 0.19408 0
    outer loop
      vertex 118.289 60.8303 2.2
      vertex 118.256 60.6635 1.3
      vertex 118.256 60.6635 2.2
    endloop
  endfacet
  facet normal -0.556331 0.830961 0
    outer loop
      vertex 117.791 59.9686 1.3
      vertex 117.65 59.8742 2.2
      vertex 117.791 59.9686 2.2
    endloop
  endfacet
  facet normal -0.556331 0.830961 0
    outer loop
      vertex 117.65 59.8742 2.2
      vertex 117.791 59.9686 1.3
      vertex 117.65 59.8742 1.3
    endloop
  endfacet
  facet normal -0.556331 -0.830961 0
    outer loop
      vertex 117.65 62.1258 1.3
      vertex 117.791 62.0314 2.2
      vertex 117.65 62.1258 2.2
    endloop
  endfacet
  facet normal -0.556331 -0.830961 -0
    outer loop
      vertex 117.791 62.0314 2.2
      vertex 117.65 62.1258 1.3
      vertex 117.791 62.0314 1.3
    endloop
  endfacet
  facet normal -0.89735 0.44132 0
    outer loop
      vertex 118.126 60.35 1.3
      vertex 118.201 60.5025 2.2
      vertex 118.201 60.5025 1.3
    endloop
  endfacet
  facet normal -0.89735 0.44132 0
    outer loop
      vertex 118.201 60.5025 2.2
      vertex 118.126 60.35 1.3
      vertex 118.126 60.35 2.2
    endloop
  endfacet
  facet normal 0.556331 -0.830961 0
    outer loop
      vertex 116.209 62.0314 1.3
      vertex 116.35 62.1258 2.2
      vertex 116.209 62.0314 2.2
    endloop
  endfacet
  facet normal 0.556331 -0.830961 0
    outer loop
      vertex 116.35 62.1258 2.2
      vertex 116.209 62.0314 1.3
      vertex 116.35 62.1258 1.3
    endloop
  endfacet
  facet normal -0.752066 0.659088 0
    outer loop
      vertex 117.919 60.0808 1.3
      vertex 118.031 60.2086 2.2
      vertex 118.031 60.2086 1.3
    endloop
  endfacet
  facet normal -0.752066 0.659088 0
    outer loop
      vertex 118.031 60.2086 2.2
      vertex 117.919 60.0808 1.3
      vertex 117.919 60.0808 2.2
    endloop
  endfacet
  facet normal -0.196116 -0.980581 0
    outer loop
      vertex 117.17 62.2889 1.3
      vertex 117.336 62.2557 2.2
      vertex 117.17 62.2889 2.2
    endloop
  endfacet
  facet normal -0.196116 -0.980581 -0
    outer loop
      vertex 117.336 62.2557 2.2
      vertex 117.17 62.2889 1.3
      vertex 117.336 62.2557 1.3
    endloop
  endfacet
  facet normal 0.659891 -0.751361 0
    outer loop
      vertex 116.081 61.9192 1.3
      vertex 116.173 62 2.2
      vertex 116.081 61.9192 2.2
    endloop
  endfacet
  facet normal 0.65917 -0.751994 0.000130555
    outer loop
      vertex 116.209 62.0314 1.3
      vertex 116.173 62 2.2
      vertex 116.081 61.9192 1.3
    endloop
  endfacet
  facet normal 0.657318 -0.753613 0
    outer loop
      vertex 116.173 62 2.2
      vertex 116.209 62.0314 1.3
      vertex 116.209 62.0314 2.2
    endloop
  endfacet
  facet normal 0.321692 -0.946844 0
    outer loop
      vertex 116.503 62.201 1.3
      vertex 116.664 62.2557 2.2
      vertex 116.503 62.201 2.2
    endloop
  endfacet
  facet normal 0.321692 -0.946844 0
    outer loop
      vertex 116.664 62.2557 2.2
      vertex 116.503 62.201 1.3
      vertex 116.664 62.2557 1.3
    endloop
  endfacet
  facet normal -0.997906 0.0646845 0
    outer loop
      vertex 118.289 60.8303 1.3
      vertex 118.3 61 2.2
      vertex 118.3 61 1.3
    endloop
  endfacet
  facet normal -0.997906 0.0646845 0
    outer loop
      vertex 118.3 61 2.2
      vertex 118.289 60.8303 1.3
      vertex 118.289 60.8303 2.2
    endloop
  endfacet
  facet normal 0.980986 0.19408 0
    outer loop
      vertex 115.744 60.6635 2.2
      vertex 115.711 60.8303 1.3
      vertex 115.711 60.8303 2.2
    endloop
  endfacet
  facet normal 0.980986 0.19408 0
    outer loop
      vertex 115.711 60.8303 1.3
      vertex 115.744 60.6635 2.2
      vertex 115.744 60.6635 1.3
    endloop
  endfacet
  facet normal -0.657318 -0.753613 0
    outer loop
      vertex 117.791 62.0314 1.3
      vertex 117.827 62 2.2
      vertex 117.791 62.0314 2.2
    endloop
  endfacet
  facet normal -0.65917 -0.751994 0.000130555
    outer loop
      vertex 117.919 61.9192 1.3
      vertex 117.827 62 2.2
      vertex 117.791 62.0314 1.3
    endloop
  endfacet
  facet normal -0.659891 -0.751361 0
    outer loop
      vertex 117.827 62 2.2
      vertex 117.919 61.9192 1.3
      vertex 117.919 61.9192 2.2
    endloop
  endfacet
  facet normal -0.0651554 0.997875 0
    outer loop
      vertex 117.17 59.7111 1.3
      vertex 117 59.7 2.2
      vertex 117.17 59.7111 2.2
    endloop
  endfacet
  facet normal -0.0651554 0.997875 0
    outer loop
      vertex 117 59.7 2.2
      vertex 117.17 59.7111 1.3
      vertex 117 59.7 1.3
    endloop
  endfacet
  facet normal 0.89735 0.44132 0
    outer loop
      vertex 115.874 60.35 2.2
      vertex 115.799 60.5025 1.3
      vertex 115.799 60.5025 2.2
    endloop
  endfacet
  facet normal 0.89735 0.44132 0
    outer loop
      vertex 115.799 60.5025 1.3
      vertex 115.874 60.35 2.2
      vertex 115.874 60.35 1.3
    endloop
  endfacet
  facet normal 0.441103 0.897457 -0
    outer loop
      vertex 116.503 59.799 1.3
      vertex 116.35 59.8742 2.2
      vertex 116.503 59.799 2.2
    endloop
  endfacet
  facet normal 0.441103 0.897457 0
    outer loop
      vertex 116.35 59.8742 2.2
      vertex 116.503 59.799 1.3
      vertex 116.35 59.8742 1.3
    endloop
  endfacet
  facet normal 0.830058 0.557677 0
    outer loop
      vertex 115.969 60.2086 2.2
      vertex 115.874 60.35 1.3
      vertex 115.874 60.35 2.2
    endloop
  endfacet
  facet normal 0.830058 0.557677 0
    outer loop
      vertex 115.874 60.35 1.3
      vertex 115.969 60.2086 2.2
      vertex 115.969 60.2086 1.3
    endloop
  endfacet
  facet normal -0.752066 -0.659088 0
    outer loop
      vertex 118.031 61.7914 1.3
      vertex 117.919 61.9192 2.2
      vertex 117.919 61.9192 1.3
    endloop
  endfacet
  facet normal -0.752066 -0.659088 0
    outer loop
      vertex 117.919 61.9192 2.2
      vertex 118.031 61.7914 1.3
      vertex 118.031 61.7914 2.2
    endloop
  endfacet
  facet normal -0.946306 0.323272 0
    outer loop
      vertex 118.201 60.5025 1.3
      vertex 118.256 60.6635 2.2
      vertex 118.256 60.6635 1.3
    endloop
  endfacet
  facet normal -0.946306 0.323272 0
    outer loop
      vertex 118.256 60.6635 2.2
      vertex 118.201 60.5025 1.3
      vertex 118.201 60.5025 2.2
    endloop
  endfacet
  facet normal 0.0651554 -0.997875 0
    outer loop
      vertex 116.83 62.2889 1.3
      vertex 117 62.3 2.2
      vertex 116.83 62.2889 2.2
    endloop
  endfacet
  facet normal 0.0651554 -0.997875 0
    outer loop
      vertex 117 62.3 2.2
      vertex 116.83 62.2889 1.3
      vertex 117 62.3 1.3
    endloop
  endfacet
  facet normal -0.441103 -0.897457 0
    outer loop
      vertex 117.497 62.201 1.3
      vertex 117.65 62.1258 2.2
      vertex 117.497 62.201 2.2
    endloop
  endfacet
  facet normal -0.441103 -0.897457 -0
    outer loop
      vertex 117.65 62.1258 2.2
      vertex 117.497 62.201 1.3
      vertex 117.65 62.1258 1.3
    endloop
  endfacet
  facet normal 0.980986 -0.19408 0
    outer loop
      vertex 115.711 61.1697 2.2
      vertex 115.744 61.3365 1.3
      vertex 115.744 61.3365 2.2
    endloop
  endfacet
  facet normal 0.980986 -0.19408 0
    outer loop
      vertex 115.744 61.3365 1.3
      vertex 115.711 61.1697 2.2
      vertex 115.711 61.1697 1.3
    endloop
  endfacet
  facet normal 0.946306 0.323272 0
    outer loop
      vertex 115.799 60.5025 2.2
      vertex 115.744 60.6635 1.3
      vertex 115.744 60.6635 2.2
    endloop
  endfacet
  facet normal 0.946306 0.323272 0
    outer loop
      vertex 115.744 60.6635 1.3
      vertex 115.799 60.5025 2.2
      vertex 115.799 60.5025 1.3
    endloop
  endfacet
  facet normal 0.997906 0.0646845 0
    outer loop
      vertex 115.711 60.8303 2.2
      vertex 115.7 61 1.3
      vertex 115.7 61 2.2
    endloop
  endfacet
  facet normal 0.997906 0.0646845 0
    outer loop
      vertex 115.7 61 1.3
      vertex 115.711 60.8303 2.2
      vertex 115.711 60.8303 1.3
    endloop
  endfacet
  facet normal 0.997906 -0.0646845 0
    outer loop
      vertex 115.7 61 2.2
      vertex 115.711 61.1697 1.3
      vertex 115.711 61.1697 2.2
    endloop
  endfacet
  facet normal 0.997906 -0.0646845 0
    outer loop
      vertex 115.711 61.1697 1.3
      vertex 115.7 61 2.2
      vertex 115.7 61 1.3
    endloop
  endfacet
  facet normal 0.556331 0.830961 -0
    outer loop
      vertex 116.35 59.8742 1.3
      vertex 116.209 59.9686 2.2
      vertex 116.35 59.8742 2.2
    endloop
  endfacet
  facet normal 0.556331 0.830961 0
    outer loop
      vertex 116.209 59.9686 2.2
      vertex 116.35 59.8742 1.3
      vertex 116.209 59.9686 1.3
    endloop
  endfacet
  facet normal 0.0651554 0.997875 -0
    outer loop
      vertex 117 59.7 1.3
      vertex 116.83 59.7111 2.2
      vertex 117 59.7 2.2
    endloop
  endfacet
  facet normal 0.0651554 0.997875 0
    outer loop
      vertex 116.83 59.7111 2.2
      vertex 117 59.7 1.3
      vertex 116.83 59.7111 1.3
    endloop
  endfacet
  facet normal 0.196116 0.980581 -0
    outer loop
      vertex 116.83 59.7111 1.3
      vertex 116.664 59.7443 2.2
      vertex 116.83 59.7111 2.2
    endloop
  endfacet
  facet normal 0.196116 0.980581 0
    outer loop
      vertex 116.664 59.7443 2.2
      vertex 116.83 59.7111 1.3
      vertex 116.664 59.7443 1.3
    endloop
  endfacet
  facet normal -0.65917 0.751994 0
    outer loop
      vertex 117.919 60.0808 1.3
      vertex 117.791 59.9686 2.2
      vertex 117.919 60.0808 2.2
    endloop
  endfacet
  facet normal -0.65917 0.751994 0
    outer loop
      vertex 117.791 59.9686 2.2
      vertex 117.919 60.0808 1.3
      vertex 117.791 59.9686 1.3
    endloop
  endfacet
  facet normal -0.321692 0.946844 0
    outer loop
      vertex 175.497 59.799 1.3
      vertex 175.336 59.7443 2.2
      vertex 175.497 59.799 2.2
    endloop
  endfacet
  facet normal -0.321692 0.946844 0
    outer loop
      vertex 175.336 59.7443 2.2
      vertex 175.497 59.799 1.3
      vertex 175.336 59.7443 1.3
    endloop
  endfacet
  facet normal -0.980986 -0.19408 0
    outer loop
      vertex 176.289 61.1697 1.3
      vertex 176.256 61.3365 2.2
      vertex 176.256 61.3365 1.3
    endloop
  endfacet
  facet normal -0.980986 -0.19408 0
    outer loop
      vertex 176.256 61.3365 2.2
      vertex 176.289 61.1697 1.3
      vertex 176.289 61.1697 2.2
    endloop
  endfacet
  facet normal -0.997906 -0.0646845 0
    outer loop
      vertex 176.3 61 1.3
      vertex 176.289 61.1697 2.2
      vertex 176.289 61.1697 1.3
    endloop
  endfacet
  facet normal -0.997906 -0.0646845 0
    outer loop
      vertex 176.289 61.1697 2.2
      vertex 176.3 61 1.3
      vertex 176.3 61 2.2
    endloop
  endfacet
  facet normal -0.946306 -0.323272 0
    outer loop
      vertex 176.256 61.3365 1.3
      vertex 176.201 61.4975 2.2
      vertex 176.201 61.4975 1.3
    endloop
  endfacet
  facet normal -0.946306 -0.323272 0
    outer loop
      vertex 176.201 61.4975 2.2
      vertex 176.256 61.3365 1.3
      vertex 176.256 61.3365 2.2
    endloop
  endfacet
  facet normal -0.321692 -0.946844 0
    outer loop
      vertex 175.336 62.2557 1.3
      vertex 175.497 62.201 2.2
      vertex 175.336 62.2557 2.2
    endloop
  endfacet
  facet normal -0.321692 -0.946844 -0
    outer loop
      vertex 175.497 62.201 2.2
      vertex 175.336 62.2557 1.3
      vertex 175.497 62.201 1.3
    endloop
  endfacet
  facet normal 0.89735 -0.44132 0
    outer loop
      vertex 173.799 61.4975 2.2
      vertex 173.874 61.65 1.3
      vertex 173.874 61.65 2.2
    endloop
  endfacet
  facet normal 0.89735 -0.44132 0
    outer loop
      vertex 173.874 61.65 1.3
      vertex 173.799 61.4975 2.2
      vertex 173.799 61.4975 1.3
    endloop
  endfacet
  facet normal 0.752066 0.659088 0
    outer loop
      vertex 174.081 60.0808 2.2
      vertex 173.969 60.2086 1.3
      vertex 173.969 60.2086 2.2
    endloop
  endfacet
  facet normal 0.752066 0.659088 0
    outer loop
      vertex 173.969 60.2086 1.3
      vertex 174.081 60.0808 2.2
      vertex 174.081 60.0808 1.3
    endloop
  endfacet
  facet normal -0.830058 -0.557677 0
    outer loop
      vertex 176.126 61.65 1.3
      vertex 176.031 61.7914 2.2
      vertex 176.031 61.7914 1.3
    endloop
  endfacet
  facet normal -0.830058 -0.557677 0
    outer loop
      vertex 176.031 61.7914 2.2
      vertex 176.126 61.65 1.3
      vertex 176.126 61.65 2.2
    endloop
  endfacet
  facet normal -0.89735 -0.44132 0
    outer loop
      vertex 176.201 61.4975 1.3
      vertex 176.126 61.65 2.2
      vertex 176.126 61.65 1.3
    endloop
  endfacet
  facet normal -0.89735 -0.44132 0
    outer loop
      vertex 176.126 61.65 2.2
      vertex 176.201 61.4975 1.3
      vertex 176.201 61.4975 2.2
    endloop
  endfacet
  facet normal 0.65917 0.751994 -0
    outer loop
      vertex 174.209 59.9686 1.3
      vertex 174.081 60.0808 2.2
      vertex 174.209 59.9686 2.2
    endloop
  endfacet
  facet normal 0.65917 0.751994 0
    outer loop
      vertex 174.081 60.0808 2.2
      vertex 174.209 59.9686 1.3
      vertex 174.081 60.0808 1.3
    endloop
  endfacet
  facet normal 0.752066 -0.659088 0
    outer loop
      vertex 173.969 61.7914 2.2
      vertex 174.081 61.9192 1.3
      vertex 174.081 61.9192 2.2
    endloop
  endfacet
  facet normal 0.752066 -0.659088 0
    outer loop
      vertex 174.081 61.9192 1.3
      vertex 173.969 61.7914 2.2
      vertex 173.969 61.7914 1.3
    endloop
  endfacet
  facet normal -0.946306 0.323272 0
    outer loop
      vertex 176.201 60.5025 1.3
      vertex 176.256 60.6635 2.2
      vertex 176.256 60.6635 1.3
    endloop
  endfacet
  facet normal -0.946306 0.323272 0
    outer loop
      vertex 176.256 60.6635 2.2
      vertex 176.201 60.5025 1.3
      vertex 176.201 60.5025 2.2
    endloop
  endfacet
  facet normal 0.830058 -0.557677 0
    outer loop
      vertex 173.874 61.65 2.2
      vertex 173.969 61.7914 1.3
      vertex 173.969 61.7914 2.2
    endloop
  endfacet
  facet normal 0.830058 -0.557677 0
    outer loop
      vertex 173.969 61.7914 1.3
      vertex 173.874 61.65 2.2
      vertex 173.874 61.65 1.3
    endloop
  endfacet
  facet normal 0.196116 -0.980581 0
    outer loop
      vertex 174.664 62.2557 1.3
      vertex 174.83 62.2889 2.2
      vertex 174.664 62.2557 2.2
    endloop
  endfacet
  facet normal 0.196116 -0.980581 0
    outer loop
      vertex 174.83 62.2889 2.2
      vertex 174.664 62.2557 1.3
      vertex 174.83 62.2889 1.3
    endloop
  endfacet
  facet normal -0.441103 0.897457 0
    outer loop
      vertex 175.65 59.8742 1.3
      vertex 175.497 59.799 2.2
      vertex 175.65 59.8742 2.2
    endloop
  endfacet
  facet normal -0.441103 0.897457 0
    outer loop
      vertex 175.497 59.799 2.2
      vertex 175.65 59.8742 1.3
      vertex 175.497 59.799 1.3
    endloop
  endfacet
  facet normal 0.946306 -0.323272 0
    outer loop
      vertex 173.744 61.3365 2.2
      vertex 173.799 61.4975 1.3
      vertex 173.799 61.4975 2.2
    endloop
  endfacet
  facet normal 0.946306 -0.323272 0
    outer loop
      vertex 173.799 61.4975 1.3
      vertex 173.744 61.3365 2.2
      vertex 173.744 61.3365 1.3
    endloop
  endfacet
  facet normal 0.441103 -0.897457 0
    outer loop
      vertex 174.35 62.1258 1.3
      vertex 174.503 62.201 2.2
      vertex 174.35 62.1258 2.2
    endloop
  endfacet
  facet normal 0.441103 -0.897457 0
    outer loop
      vertex 174.503 62.201 2.2
      vertex 174.35 62.1258 1.3
      vertex 174.503 62.201 1.3
    endloop
  endfacet
  facet normal 0.321692 0.946844 -0
    outer loop
      vertex 174.664 59.7443 1.3
      vertex 174.503 59.799 2.2
      vertex 174.664 59.7443 2.2
    endloop
  endfacet
  facet normal 0.321692 0.946844 0
    outer loop
      vertex 174.503 59.799 2.2
      vertex 174.664 59.7443 1.3
      vertex 174.503 59.799 1.3
    endloop
  endfacet
  facet normal -0.830058 0.557677 0
    outer loop
      vertex 176.031 60.2086 1.3
      vertex 176.126 60.35 2.2
      vertex 176.126 60.35 1.3
    endloop
  endfacet
  facet normal -0.830058 0.557677 0
    outer loop
      vertex 176.126 60.35 2.2
      vertex 176.031 60.2086 1.3
      vertex 176.031 60.2086 2.2
    endloop
  endfacet
  facet normal -0.196116 0.980581 0
    outer loop
      vertex 175.336 59.7443 1.3
      vertex 175.17 59.7111 2.2
      vertex 175.336 59.7443 2.2
    endloop
  endfacet
  facet normal -0.196116 0.980581 0
    outer loop
      vertex 175.17 59.7111 2.2
      vertex 175.336 59.7443 1.3
      vertex 175.17 59.7111 1.3
    endloop
  endfacet
  facet normal -0.0651554 -0.997875 0
    outer loop
      vertex 175 62.3 1.3
      vertex 175.17 62.2889 2.2
      vertex 175 62.3 2.2
    endloop
  endfacet
  facet normal -0.0651554 -0.997875 -0
    outer loop
      vertex 175.17 62.2889 2.2
      vertex 175 62.3 1.3
      vertex 175.17 62.2889 1.3
    endloop
  endfacet
  facet normal -0.980986 0.19408 0
    outer loop
      vertex 176.256 60.6635 1.3
      vertex 176.289 60.8303 2.2
      vertex 176.289 60.8303 1.3
    endloop
  endfacet
  facet normal -0.980986 0.19408 0
    outer loop
      vertex 176.289 60.8303 2.2
      vertex 176.256 60.6635 1.3
      vertex 176.256 60.6635 2.2
    endloop
  endfacet
  facet normal -0.556331 0.830961 0
    outer loop
      vertex 175.791 59.9686 1.3
      vertex 175.65 59.8742 2.2
      vertex 175.791 59.9686 2.2
    endloop
  endfacet
  facet normal -0.556331 0.830961 0
    outer loop
      vertex 175.65 59.8742 2.2
      vertex 175.791 59.9686 1.3
      vertex 175.65 59.8742 1.3
    endloop
  endfacet
  facet normal -0.556331 -0.830961 0
    outer loop
      vertex 175.65 62.1258 1.3
      vertex 175.791 62.0314 2.2
      vertex 175.65 62.1258 2.2
    endloop
  endfacet
  facet normal -0.556331 -0.830961 -0
    outer loop
      vertex 175.791 62.0314 2.2
      vertex 175.65 62.1258 1.3
      vertex 175.791 62.0314 1.3
    endloop
  endfacet
  facet normal -0.89735 0.44132 0
    outer loop
      vertex 176.126 60.35 1.3
      vertex 176.201 60.5025 2.2
      vertex 176.201 60.5025 1.3
    endloop
  endfacet
  facet normal -0.89735 0.44132 0
    outer loop
      vertex 176.201 60.5025 2.2
      vertex 176.126 60.35 1.3
      vertex 176.126 60.35 2.2
    endloop
  endfacet
  facet normal 0.556331 -0.830961 0
    outer loop
      vertex 174.209 62.0314 1.3
      vertex 174.35 62.1258 2.2
      vertex 174.209 62.0314 2.2
    endloop
  endfacet
  facet normal 0.556331 -0.830961 0
    outer loop
      vertex 174.35 62.1258 2.2
      vertex 174.209 62.0314 1.3
      vertex 174.35 62.1258 1.3
    endloop
  endfacet
  facet normal -0.752066 0.659088 0
    outer loop
      vertex 175.919 60.0808 1.3
      vertex 176.031 60.2086 2.2
      vertex 176.031 60.2086 1.3
    endloop
  endfacet
  facet normal -0.752066 0.659088 0
    outer loop
      vertex 176.031 60.2086 2.2
      vertex 175.919 60.0808 1.3
      vertex 175.919 60.0808 2.2
    endloop
  endfacet
  facet normal -0.196116 -0.980581 0
    outer loop
      vertex 175.17 62.2889 1.3
      vertex 175.336 62.2557 2.2
      vertex 175.17 62.2889 2.2
    endloop
  endfacet
  facet normal -0.196116 -0.980581 -0
    outer loop
      vertex 175.336 62.2557 2.2
      vertex 175.17 62.2889 1.3
      vertex 175.336 62.2557 1.3
    endloop
  endfacet
  facet normal 0.659891 -0.751361 0
    outer loop
      vertex 174.081 61.9192 1.3
      vertex 174.173 62 2.2
      vertex 174.081 61.9192 2.2
    endloop
  endfacet
  facet normal 0.65917 -0.751994 0.000130555
    outer loop
      vertex 174.209 62.0314 1.3
      vertex 174.173 62 2.2
      vertex 174.081 61.9192 1.3
    endloop
  endfacet
  facet normal 0.657318 -0.753613 0
    outer loop
      vertex 174.173 62 2.2
      vertex 174.209 62.0314 1.3
      vertex 174.209 62.0314 2.2
    endloop
  endfacet
  facet normal 0.321692 -0.946844 0
    outer loop
      vertex 174.503 62.201 1.3
      vertex 174.664 62.2557 2.2
      vertex 174.503 62.201 2.2
    endloop
  endfacet
  facet normal 0.321692 -0.946844 0
    outer loop
      vertex 174.664 62.2557 2.2
      vertex 174.503 62.201 1.3
      vertex 174.664 62.2557 1.3
    endloop
  endfacet
  facet normal -0.997906 0.0646845 0
    outer loop
      vertex 176.289 60.8303 1.3
      vertex 176.3 61 2.2
      vertex 176.3 61 1.3
    endloop
  endfacet
  facet normal -0.997906 0.0646845 0
    outer loop
      vertex 176.3 61 2.2
      vertex 176.289 60.8303 1.3
      vertex 176.289 60.8303 2.2
    endloop
  endfacet
  facet normal 0.980986 0.19408 0
    outer loop
      vertex 173.744 60.6635 2.2
      vertex 173.711 60.8303 1.3
      vertex 173.711 60.8303 2.2
    endloop
  endfacet
  facet normal 0.980986 0.19408 0
    outer loop
      vertex 173.711 60.8303 1.3
      vertex 173.744 60.6635 2.2
      vertex 173.744 60.6635 1.3
    endloop
  endfacet
  facet normal -0.657318 -0.753613 0
    outer loop
      vertex 175.791 62.0314 1.3
      vertex 175.827 62 2.2
      vertex 175.791 62.0314 2.2
    endloop
  endfacet
  facet normal -0.65917 -0.751994 0.000130555
    outer loop
      vertex 175.919 61.9192 1.3
      vertex 175.827 62 2.2
      vertex 175.791 62.0314 1.3
    endloop
  endfacet
  facet normal -0.659891 -0.751361 0
    outer loop
      vertex 175.827 62 2.2
      vertex 175.919 61.9192 1.3
      vertex 175.919 61.9192 2.2
    endloop
  endfacet
  facet normal -0.0651554 0.997875 0
    outer loop
      vertex 175.17 59.7111 1.3
      vertex 175 59.7 2.2
      vertex 175.17 59.7111 2.2
    endloop
  endfacet
  facet normal -0.0651554 0.997875 0
    outer loop
      vertex 175 59.7 2.2
      vertex 175.17 59.7111 1.3
      vertex 175 59.7 1.3
    endloop
  endfacet
  facet normal 0.89735 0.44132 0
    outer loop
      vertex 173.874 60.35 2.2
      vertex 173.799 60.5025 1.3
      vertex 173.799 60.5025 2.2
    endloop
  endfacet
  facet normal 0.89735 0.44132 0
    outer loop
      vertex 173.799 60.5025 1.3
      vertex 173.874 60.35 2.2
      vertex 173.874 60.35 1.3
    endloop
  endfacet
  facet normal 0.441103 0.897457 -0
    outer loop
      vertex 174.503 59.799 1.3
      vertex 174.35 59.8742 2.2
      vertex 174.503 59.799 2.2
    endloop
  endfacet
  facet normal 0.441103 0.897457 0
    outer loop
      vertex 174.35 59.8742 2.2
      vertex 174.503 59.799 1.3
      vertex 174.35 59.8742 1.3
    endloop
  endfacet
  facet normal 0.830058 0.557677 0
    outer loop
      vertex 173.969 60.2086 2.2
      vertex 173.874 60.35 1.3
      vertex 173.874 60.35 2.2
    endloop
  endfacet
  facet normal 0.830058 0.557677 0
    outer loop
      vertex 173.874 60.35 1.3
      vertex 173.969 60.2086 2.2
      vertex 173.969 60.2086 1.3
    endloop
  endfacet
  facet normal -0.752066 -0.659088 0
    outer loop
      vertex 176.031 61.7914 1.3
      vertex 175.919 61.9192 2.2
      vertex 175.919 61.9192 1.3
    endloop
  endfacet
  facet normal -0.752066 -0.659088 0
    outer loop
      vertex 175.919 61.9192 2.2
      vertex 176.031 61.7914 1.3
      vertex 176.031 61.7914 2.2
    endloop
  endfacet
  facet normal 0.0651554 -0.997875 0
    outer loop
      vertex 174.83 62.2889 1.3
      vertex 175 62.3 2.2
      vertex 174.83 62.2889 2.2
    endloop
  endfacet
  facet normal 0.0651554 -0.997875 0
    outer loop
      vertex 175 62.3 2.2
      vertex 174.83 62.2889 1.3
      vertex 175 62.3 1.3
    endloop
  endfacet
  facet normal -0.441103 -0.897457 0
    outer loop
      vertex 175.497 62.201 1.3
      vertex 175.65 62.1258 2.2
      vertex 175.497 62.201 2.2
    endloop
  endfacet
  facet normal -0.441103 -0.897457 -0
    outer loop
      vertex 175.65 62.1258 2.2
      vertex 175.497 62.201 1.3
      vertex 175.65 62.1258 1.3
    endloop
  endfacet
  facet normal 0.980986 -0.19408 0
    outer loop
      vertex 173.711 61.1697 2.2
      vertex 173.744 61.3365 1.3
      vertex 173.744 61.3365 2.2
    endloop
  endfacet
  facet normal 0.980986 -0.19408 0
    outer loop
      vertex 173.744 61.3365 1.3
      vertex 173.711 61.1697 2.2
      vertex 173.711 61.1697 1.3
    endloop
  endfacet
  facet normal 0.946306 0.323272 0
    outer loop
      vertex 173.799 60.5025 2.2
      vertex 173.744 60.6635 1.3
      vertex 173.744 60.6635 2.2
    endloop
  endfacet
  facet normal 0.946306 0.323272 0
    outer loop
      vertex 173.744 60.6635 1.3
      vertex 173.799 60.5025 2.2
      vertex 173.799 60.5025 1.3
    endloop
  endfacet
  facet normal 0.997906 0.0646845 0
    outer loop
      vertex 173.711 60.8303 2.2
      vertex 173.7 61 1.3
      vertex 173.7 61 2.2
    endloop
  endfacet
  facet normal 0.997906 0.0646845 0
    outer loop
      vertex 173.7 61 1.3
      vertex 173.711 60.8303 2.2
      vertex 173.711 60.8303 1.3
    endloop
  endfacet
  facet normal 0.997906 -0.0646845 0
    outer loop
      vertex 173.7 61 2.2
      vertex 173.711 61.1697 1.3
      vertex 173.711 61.1697 2.2
    endloop
  endfacet
  facet normal 0.997906 -0.0646845 0
    outer loop
      vertex 173.711 61.1697 1.3
      vertex 173.7 61 2.2
      vertex 173.7 61 1.3
    endloop
  endfacet
  facet normal 0.556331 0.830961 -0
    outer loop
      vertex 174.35 59.8742 1.3
      vertex 174.209 59.9686 2.2
      vertex 174.35 59.8742 2.2
    endloop
  endfacet
  facet normal 0.556331 0.830961 0
    outer loop
      vertex 174.209 59.9686 2.2
      vertex 174.35 59.8742 1.3
      vertex 174.209 59.9686 1.3
    endloop
  endfacet
  facet normal 0.0651554 0.997875 -0
    outer loop
      vertex 175 59.7 1.3
      vertex 174.83 59.7111 2.2
      vertex 175 59.7 2.2
    endloop
  endfacet
  facet normal 0.0651554 0.997875 0
    outer loop
      vertex 174.83 59.7111 2.2
      vertex 175 59.7 1.3
      vertex 174.83 59.7111 1.3
    endloop
  endfacet
  facet normal 0.196116 0.980581 -0
    outer loop
      vertex 174.83 59.7111 1.3
      vertex 174.664 59.7443 2.2
      vertex 174.83 59.7111 2.2
    endloop
  endfacet
  facet normal 0.196116 0.980581 0
    outer loop
      vertex 174.664 59.7443 2.2
      vertex 174.83 59.7111 1.3
      vertex 174.664 59.7443 1.3
    endloop
  endfacet
  facet normal -0.65917 0.751994 0
    outer loop
      vertex 175.919 60.0808 1.3
      vertex 175.791 59.9686 2.2
      vertex 175.919 60.0808 2.2
    endloop
  endfacet
  facet normal -0.65917 0.751994 0
    outer loop
      vertex 175.791 59.9686 2.2
      vertex 175.919 60.0808 1.3
      vertex 175.791 59.9686 1.3
    endloop
  endfacet
  facet normal -0.321692 0.946844 0
    outer loop
      vertex 117.497 90.799 1.3
      vertex 117.336 90.7443 2.2
      vertex 117.497 90.799 2.2
    endloop
  endfacet
  facet normal -0.321692 0.946844 0
    outer loop
      vertex 117.336 90.7443 2.2
      vertex 117.497 90.799 1.3
      vertex 117.336 90.7443 1.3
    endloop
  endfacet
  facet normal -0.980986 -0.19408 0
    outer loop
      vertex 118.289 92.1697 1.3
      vertex 118.256 92.3365 2.2
      vertex 118.256 92.3365 1.3
    endloop
  endfacet
  facet normal -0.980986 -0.19408 0
    outer loop
      vertex 118.256 92.3365 2.2
      vertex 118.289 92.1697 1.3
      vertex 118.289 92.1697 2.2
    endloop
  endfacet
  facet normal -0.997906 -0.0646845 0
    outer loop
      vertex 118.3 92 1.3
      vertex 118.289 92.1697 2.2
      vertex 118.289 92.1697 1.3
    endloop
  endfacet
  facet normal -0.997906 -0.0646845 0
    outer loop
      vertex 118.289 92.1697 2.2
      vertex 118.3 92 1.3
      vertex 118.3 92 2.2
    endloop
  endfacet
  facet normal -0.946306 -0.323272 0
    outer loop
      vertex 118.256 92.3365 1.3
      vertex 118.201 92.4975 2.2
      vertex 118.201 92.4975 1.3
    endloop
  endfacet
  facet normal -0.946306 -0.323272 0
    outer loop
      vertex 118.201 92.4975 2.2
      vertex 118.256 92.3365 1.3
      vertex 118.256 92.3365 2.2
    endloop
  endfacet
  facet normal -0.321692 -0.946844 0
    outer loop
      vertex 117.336 93.2557 1.3
      vertex 117.497 93.201 2.2
      vertex 117.336 93.2557 2.2
    endloop
  endfacet
  facet normal -0.321692 -0.946844 -0
    outer loop
      vertex 117.497 93.201 2.2
      vertex 117.336 93.2557 1.3
      vertex 117.497 93.201 1.3
    endloop
  endfacet
  facet normal 0.89735 -0.44132 0
    outer loop
      vertex 115.799 92.4975 2.2
      vertex 115.874 92.65 1.3
      vertex 115.874 92.65 2.2
    endloop
  endfacet
  facet normal 0.89735 -0.44132 0
    outer loop
      vertex 115.874 92.65 1.3
      vertex 115.799 92.4975 2.2
      vertex 115.799 92.4975 1.3
    endloop
  endfacet
  facet normal 0.752066 0.659088 0
    outer loop
      vertex 116.081 91.0808 2.2
      vertex 115.969 91.2086 1.3
      vertex 115.969 91.2086 2.2
    endloop
  endfacet
  facet normal 0.752066 0.659088 0
    outer loop
      vertex 115.969 91.2086 1.3
      vertex 116.081 91.0808 2.2
      vertex 116.081 91.0808 1.3
    endloop
  endfacet
  facet normal -0.830058 -0.557677 0
    outer loop
      vertex 118.126 92.65 1.3
      vertex 118.031 92.7914 2.2
      vertex 118.031 92.7914 1.3
    endloop
  endfacet
  facet normal -0.830058 -0.557677 0
    outer loop
      vertex 118.031 92.7914 2.2
      vertex 118.126 92.65 1.3
      vertex 118.126 92.65 2.2
    endloop
  endfacet
  facet normal -0.89735 -0.44132 0
    outer loop
      vertex 118.201 92.4975 1.3
      vertex 118.126 92.65 2.2
      vertex 118.126 92.65 1.3
    endloop
  endfacet
  facet normal -0.89735 -0.44132 0
    outer loop
      vertex 118.126 92.65 2.2
      vertex 118.201 92.4975 1.3
      vertex 118.201 92.4975 2.2
    endloop
  endfacet
  facet normal 0.657318 0.753613 -0
    outer loop
      vertex 116.209 90.9686 1.3
      vertex 116.173 91 2.2
      vertex 116.209 90.9686 2.2
    endloop
  endfacet
  facet normal 0.65917 0.751994 0.000130555
    outer loop
      vertex 116.081 91.0808 1.3
      vertex 116.173 91 2.2
      vertex 116.209 90.9686 1.3
    endloop
  endfacet
  facet normal 0.659891 0.751361 0
    outer loop
      vertex 116.173 91 2.2
      vertex 116.081 91.0808 1.3
      vertex 116.081 91.0808 2.2
    endloop
  endfacet
  facet normal 0.752066 -0.659088 0
    outer loop
      vertex 115.969 92.7914 2.2
      vertex 116.081 92.9192 1.3
      vertex 116.081 92.9192 2.2
    endloop
  endfacet
  facet normal 0.752066 -0.659088 0
    outer loop
      vertex 116.081 92.9192 1.3
      vertex 115.969 92.7914 2.2
      vertex 115.969 92.7914 1.3
    endloop
  endfacet
  facet normal -0.946306 0.323272 0
    outer loop
      vertex 118.201 91.5025 1.3
      vertex 118.256 91.6635 2.2
      vertex 118.256 91.6635 1.3
    endloop
  endfacet
  facet normal -0.946306 0.323272 0
    outer loop
      vertex 118.256 91.6635 2.2
      vertex 118.201 91.5025 1.3
      vertex 118.201 91.5025 2.2
    endloop
  endfacet
  facet normal 0.830058 -0.557677 0
    outer loop
      vertex 115.874 92.65 2.2
      vertex 115.969 92.7914 1.3
      vertex 115.969 92.7914 2.2
    endloop
  endfacet
  facet normal 0.830058 -0.557677 0
    outer loop
      vertex 115.969 92.7914 1.3
      vertex 115.874 92.65 2.2
      vertex 115.874 92.65 1.3
    endloop
  endfacet
  facet normal 0.196116 -0.980581 0
    outer loop
      vertex 116.664 93.2557 1.3
      vertex 116.83 93.2889 2.2
      vertex 116.664 93.2557 2.2
    endloop
  endfacet
  facet normal 0.196116 -0.980581 0
    outer loop
      vertex 116.83 93.2889 2.2
      vertex 116.664 93.2557 1.3
      vertex 116.83 93.2889 1.3
    endloop
  endfacet
  facet normal -0.441103 0.897457 0
    outer loop
      vertex 117.65 90.8742 1.3
      vertex 117.497 90.799 2.2
      vertex 117.65 90.8742 2.2
    endloop
  endfacet
  facet normal -0.441103 0.897457 0
    outer loop
      vertex 117.497 90.799 2.2
      vertex 117.65 90.8742 1.3
      vertex 117.497 90.799 1.3
    endloop
  endfacet
  facet normal 0.946306 -0.323272 0
    outer loop
      vertex 115.744 92.3365 2.2
      vertex 115.799 92.4975 1.3
      vertex 115.799 92.4975 2.2
    endloop
  endfacet
  facet normal 0.946306 -0.323272 0
    outer loop
      vertex 115.799 92.4975 1.3
      vertex 115.744 92.3365 2.2
      vertex 115.744 92.3365 1.3
    endloop
  endfacet
  facet normal 0.441103 -0.897457 0
    outer loop
      vertex 116.35 93.1258 1.3
      vertex 116.503 93.201 2.2
      vertex 116.35 93.1258 2.2
    endloop
  endfacet
  facet normal 0.441103 -0.897457 0
    outer loop
      vertex 116.503 93.201 2.2
      vertex 116.35 93.1258 1.3
      vertex 116.503 93.201 1.3
    endloop
  endfacet
  facet normal 0.321692 0.946844 -0
    outer loop
      vertex 116.664 90.7443 1.3
      vertex 116.503 90.799 2.2
      vertex 116.664 90.7443 2.2
    endloop
  endfacet
  facet normal 0.321692 0.946844 0
    outer loop
      vertex 116.503 90.799 2.2
      vertex 116.664 90.7443 1.3
      vertex 116.503 90.799 1.3
    endloop
  endfacet
  facet normal -0.830058 0.557677 0
    outer loop
      vertex 118.031 91.2086 1.3
      vertex 118.126 91.35 2.2
      vertex 118.126 91.35 1.3
    endloop
  endfacet
  facet normal -0.830058 0.557677 0
    outer loop
      vertex 118.126 91.35 2.2
      vertex 118.031 91.2086 1.3
      vertex 118.031 91.2086 2.2
    endloop
  endfacet
  facet normal -0.196116 0.980581 0
    outer loop
      vertex 117.336 90.7443 1.3
      vertex 117.17 90.7111 2.2
      vertex 117.336 90.7443 2.2
    endloop
  endfacet
  facet normal -0.196116 0.980581 0
    outer loop
      vertex 117.17 90.7111 2.2
      vertex 117.336 90.7443 1.3
      vertex 117.17 90.7111 1.3
    endloop
  endfacet
  facet normal -0.0651554 -0.997875 0
    outer loop
      vertex 117 93.3 1.3
      vertex 117.17 93.2889 2.2
      vertex 117 93.3 2.2
    endloop
  endfacet
  facet normal -0.0651554 -0.997875 -0
    outer loop
      vertex 117.17 93.2889 2.2
      vertex 117 93.3 1.3
      vertex 117.17 93.2889 1.3
    endloop
  endfacet
  facet normal -0.980986 0.19408 0
    outer loop
      vertex 118.256 91.6635 1.3
      vertex 118.289 91.8303 2.2
      vertex 118.289 91.8303 1.3
    endloop
  endfacet
  facet normal -0.980986 0.19408 0
    outer loop
      vertex 118.289 91.8303 2.2
      vertex 118.256 91.6635 1.3
      vertex 118.256 91.6635 2.2
    endloop
  endfacet
  facet normal -0.556331 0.830961 0
    outer loop
      vertex 117.791 90.9686 1.3
      vertex 117.65 90.8742 2.2
      vertex 117.791 90.9686 2.2
    endloop
  endfacet
  facet normal -0.556331 0.830961 0
    outer loop
      vertex 117.65 90.8742 2.2
      vertex 117.791 90.9686 1.3
      vertex 117.65 90.8742 1.3
    endloop
  endfacet
  facet normal -0.556331 -0.830961 0
    outer loop
      vertex 117.65 93.1258 1.3
      vertex 117.791 93.0314 2.2
      vertex 117.65 93.1258 2.2
    endloop
  endfacet
  facet normal -0.556331 -0.830961 -0
    outer loop
      vertex 117.791 93.0314 2.2
      vertex 117.65 93.1258 1.3
      vertex 117.791 93.0314 1.3
    endloop
  endfacet
  facet normal -0.89735 0.44132 0
    outer loop
      vertex 118.126 91.35 1.3
      vertex 118.201 91.5025 2.2
      vertex 118.201 91.5025 1.3
    endloop
  endfacet
  facet normal -0.89735 0.44132 0
    outer loop
      vertex 118.201 91.5025 2.2
      vertex 118.126 91.35 1.3
      vertex 118.126 91.35 2.2
    endloop
  endfacet
  facet normal 0.556331 -0.830961 0
    outer loop
      vertex 116.209 93.0314 1.3
      vertex 116.35 93.1258 2.2
      vertex 116.209 93.0314 2.2
    endloop
  endfacet
  facet normal 0.556331 -0.830961 0
    outer loop
      vertex 116.35 93.1258 2.2
      vertex 116.209 93.0314 1.3
      vertex 116.35 93.1258 1.3
    endloop
  endfacet
  facet normal -0.752066 0.659088 0
    outer loop
      vertex 117.919 91.0808 1.3
      vertex 118.031 91.2086 2.2
      vertex 118.031 91.2086 1.3
    endloop
  endfacet
  facet normal -0.752066 0.659088 0
    outer loop
      vertex 118.031 91.2086 2.2
      vertex 117.919 91.0808 1.3
      vertex 117.919 91.0808 2.2
    endloop
  endfacet
  facet normal -0.196116 -0.980581 0
    outer loop
      vertex 117.17 93.2889 1.3
      vertex 117.336 93.2557 2.2
      vertex 117.17 93.2889 2.2
    endloop
  endfacet
  facet normal -0.196116 -0.980581 -0
    outer loop
      vertex 117.336 93.2557 2.2
      vertex 117.17 93.2889 1.3
      vertex 117.336 93.2557 1.3
    endloop
  endfacet
  facet normal 0.65917 -0.751994 0
    outer loop
      vertex 116.081 92.9192 1.3
      vertex 116.209 93.0314 2.2
      vertex 116.081 92.9192 2.2
    endloop
  endfacet
  facet normal 0.65917 -0.751994 0
    outer loop
      vertex 116.209 93.0314 2.2
      vertex 116.081 92.9192 1.3
      vertex 116.209 93.0314 1.3
    endloop
  endfacet
  facet normal 0.321692 -0.946844 0
    outer loop
      vertex 116.503 93.201 1.3
      vertex 116.664 93.2557 2.2
      vertex 116.503 93.201 2.2
    endloop
  endfacet
  facet normal 0.321692 -0.946844 0
    outer loop
      vertex 116.664 93.2557 2.2
      vertex 116.503 93.201 1.3
      vertex 116.664 93.2557 1.3
    endloop
  endfacet
  facet normal -0.997906 0.0646845 0
    outer loop
      vertex 118.289 91.8303 1.3
      vertex 118.3 92 2.2
      vertex 118.3 92 1.3
    endloop
  endfacet
  facet normal -0.997906 0.0646845 0
    outer loop
      vertex 118.3 92 2.2
      vertex 118.289 91.8303 1.3
      vertex 118.289 91.8303 2.2
    endloop
  endfacet
  facet normal 0.980986 0.19408 0
    outer loop
      vertex 115.744 91.6635 2.2
      vertex 115.711 91.8303 1.3
      vertex 115.711 91.8303 2.2
    endloop
  endfacet
  facet normal 0.980986 0.19408 0
    outer loop
      vertex 115.711 91.8303 1.3
      vertex 115.744 91.6635 2.2
      vertex 115.744 91.6635 1.3
    endloop
  endfacet
  facet normal -0.65917 -0.751994 0
    outer loop
      vertex 117.791 93.0314 1.3
      vertex 117.919 92.9192 2.2
      vertex 117.791 93.0314 2.2
    endloop
  endfacet
  facet normal -0.65917 -0.751994 -0
    outer loop
      vertex 117.919 92.9192 2.2
      vertex 117.791 93.0314 1.3
      vertex 117.919 92.9192 1.3
    endloop
  endfacet
  facet normal -0.0651554 0.997875 0
    outer loop
      vertex 117.17 90.7111 1.3
      vertex 117 90.7 2.2
      vertex 117.17 90.7111 2.2
    endloop
  endfacet
  facet normal -0.0651554 0.997875 0
    outer loop
      vertex 117 90.7 2.2
      vertex 117.17 90.7111 1.3
      vertex 117 90.7 1.3
    endloop
  endfacet
  facet normal 0.89735 0.44132 0
    outer loop
      vertex 115.874 91.35 2.2
      vertex 115.799 91.5025 1.3
      vertex 115.799 91.5025 2.2
    endloop
  endfacet
  facet normal 0.89735 0.44132 0
    outer loop
      vertex 115.799 91.5025 1.3
      vertex 115.874 91.35 2.2
      vertex 115.874 91.35 1.3
    endloop
  endfacet
  facet normal 0.441103 0.897457 -0
    outer loop
      vertex 116.503 90.799 1.3
      vertex 116.35 90.8742 2.2
      vertex 116.503 90.799 2.2
    endloop
  endfacet
  facet normal 0.441103 0.897457 0
    outer loop
      vertex 116.35 90.8742 2.2
      vertex 116.503 90.799 1.3
      vertex 116.35 90.8742 1.3
    endloop
  endfacet
  facet normal 0.830058 0.557677 0
    outer loop
      vertex 115.969 91.2086 2.2
      vertex 115.874 91.35 1.3
      vertex 115.874 91.35 2.2
    endloop
  endfacet
  facet normal 0.830058 0.557677 0
    outer loop
      vertex 115.874 91.35 1.3
      vertex 115.969 91.2086 2.2
      vertex 115.969 91.2086 1.3
    endloop
  endfacet
  facet normal -0.752066 -0.659088 0
    outer loop
      vertex 118.031 92.7914 1.3
      vertex 117.919 92.9192 2.2
      vertex 117.919 92.9192 1.3
    endloop
  endfacet
  facet normal -0.752066 -0.659088 0
    outer loop
      vertex 117.919 92.9192 2.2
      vertex 118.031 92.7914 1.3
      vertex 118.031 92.7914 2.2
    endloop
  endfacet
  facet normal 0.0651554 -0.997875 0
    outer loop
      vertex 116.83 93.2889 1.3
      vertex 117 93.3 2.2
      vertex 116.83 93.2889 2.2
    endloop
  endfacet
  facet normal 0.0651554 -0.997875 0
    outer loop
      vertex 117 93.3 2.2
      vertex 116.83 93.2889 1.3
      vertex 117 93.3 1.3
    endloop
  endfacet
  facet normal -0.441103 -0.897457 0
    outer loop
      vertex 117.497 93.201 1.3
      vertex 117.65 93.1258 2.2
      vertex 117.497 93.201 2.2
    endloop
  endfacet
  facet normal -0.441103 -0.897457 -0
    outer loop
      vertex 117.65 93.1258 2.2
      vertex 117.497 93.201 1.3
      vertex 117.65 93.1258 1.3
    endloop
  endfacet
  facet normal 0.980986 -0.19408 0
    outer loop
      vertex 115.711 92.1697 2.2
      vertex 115.744 92.3365 1.3
      vertex 115.744 92.3365 2.2
    endloop
  endfacet
  facet normal 0.980986 -0.19408 0
    outer loop
      vertex 115.744 92.3365 1.3
      vertex 115.711 92.1697 2.2
      vertex 115.711 92.1697 1.3
    endloop
  endfacet
  facet normal 0.946306 0.323272 0
    outer loop
      vertex 115.799 91.5025 2.2
      vertex 115.744 91.6635 1.3
      vertex 115.744 91.6635 2.2
    endloop
  endfacet
  facet normal 0.946306 0.323272 0
    outer loop
      vertex 115.744 91.6635 1.3
      vertex 115.799 91.5025 2.2
      vertex 115.799 91.5025 1.3
    endloop
  endfacet
  facet normal 0.997906 0.0646845 0
    outer loop
      vertex 115.711 91.8303 2.2
      vertex 115.7 92 1.3
      vertex 115.7 92 2.2
    endloop
  endfacet
  facet normal 0.997906 0.0646845 0
    outer loop
      vertex 115.7 92 1.3
      vertex 115.711 91.8303 2.2
      vertex 115.711 91.8303 1.3
    endloop
  endfacet
  facet normal 0.997906 -0.0646845 0
    outer loop
      vertex 115.7 92 2.2
      vertex 115.711 92.1697 1.3
      vertex 115.711 92.1697 2.2
    endloop
  endfacet
  facet normal 0.997906 -0.0646845 0
    outer loop
      vertex 115.711 92.1697 1.3
      vertex 115.7 92 2.2
      vertex 115.7 92 1.3
    endloop
  endfacet
  facet normal 0.556331 0.830961 -0
    outer loop
      vertex 116.35 90.8742 1.3
      vertex 116.209 90.9686 2.2
      vertex 116.35 90.8742 2.2
    endloop
  endfacet
  facet normal 0.556331 0.830961 0
    outer loop
      vertex 116.209 90.9686 2.2
      vertex 116.35 90.8742 1.3
      vertex 116.209 90.9686 1.3
    endloop
  endfacet
  facet normal 0.0651554 0.997875 -0
    outer loop
      vertex 117 90.7 1.3
      vertex 116.83 90.7111 2.2
      vertex 117 90.7 2.2
    endloop
  endfacet
  facet normal 0.0651554 0.997875 0
    outer loop
      vertex 116.83 90.7111 2.2
      vertex 117 90.7 1.3
      vertex 116.83 90.7111 1.3
    endloop
  endfacet
  facet normal 0.196116 0.980581 -0
    outer loop
      vertex 116.83 90.7111 1.3
      vertex 116.664 90.7443 2.2
      vertex 116.83 90.7111 2.2
    endloop
  endfacet
  facet normal 0.196116 0.980581 0
    outer loop
      vertex 116.664 90.7443 2.2
      vertex 116.83 90.7111 1.3
      vertex 116.664 90.7443 1.3
    endloop
  endfacet
  facet normal -0.659891 0.751361 0
    outer loop
      vertex 117.919 91.0808 1.3
      vertex 117.827 91 2.2
      vertex 117.919 91.0808 2.2
    endloop
  endfacet
  facet normal -0.65917 0.751994 0.000130555
    outer loop
      vertex 117.791 90.9686 1.3
      vertex 117.827 91 2.2
      vertex 117.919 91.0808 1.3
    endloop
  endfacet
  facet normal -0.657318 0.753613 0
    outer loop
      vertex 117.827 91 2.2
      vertex 117.791 90.9686 1.3
      vertex 117.791 90.9686 2.2
    endloop
  endfacet
  facet normal -0.321692 0.946844 0
    outer loop
      vertex 175.497 90.799 1.3
      vertex 175.336 90.7443 2.2
      vertex 175.497 90.799 2.2
    endloop
  endfacet
  facet normal -0.321692 0.946844 0
    outer loop
      vertex 175.336 90.7443 2.2
      vertex 175.497 90.799 1.3
      vertex 175.336 90.7443 1.3
    endloop
  endfacet
  facet normal -0.980986 -0.19408 0
    outer loop
      vertex 176.289 92.1697 1.3
      vertex 176.256 92.3365 2.2
      vertex 176.256 92.3365 1.3
    endloop
  endfacet
  facet normal -0.980986 -0.19408 0
    outer loop
      vertex 176.256 92.3365 2.2
      vertex 176.289 92.1697 1.3
      vertex 176.289 92.1697 2.2
    endloop
  endfacet
  facet normal -0.997906 -0.0646845 0
    outer loop
      vertex 176.3 92 1.3
      vertex 176.289 92.1697 2.2
      vertex 176.289 92.1697 1.3
    endloop
  endfacet
  facet normal -0.997906 -0.0646845 0
    outer loop
      vertex 176.289 92.1697 2.2
      vertex 176.3 92 1.3
      vertex 176.3 92 2.2
    endloop
  endfacet
  facet normal -0.946306 -0.323272 0
    outer loop
      vertex 176.256 92.3365 1.3
      vertex 176.201 92.4975 2.2
      vertex 176.201 92.4975 1.3
    endloop
  endfacet
  facet normal -0.946306 -0.323272 0
    outer loop
      vertex 176.201 92.4975 2.2
      vertex 176.256 92.3365 1.3
      vertex 176.256 92.3365 2.2
    endloop
  endfacet
  facet normal -0.321692 -0.946844 0
    outer loop
      vertex 175.336 93.2557 1.3
      vertex 175.497 93.201 2.2
      vertex 175.336 93.2557 2.2
    endloop
  endfacet
  facet normal -0.321692 -0.946844 -0
    outer loop
      vertex 175.497 93.201 2.2
      vertex 175.336 93.2557 1.3
      vertex 175.497 93.201 1.3
    endloop
  endfacet
  facet normal 0.89735 -0.44132 0
    outer loop
      vertex 173.799 92.4975 2.2
      vertex 173.874 92.65 1.3
      vertex 173.874 92.65 2.2
    endloop
  endfacet
  facet normal 0.89735 -0.44132 0
    outer loop
      vertex 173.874 92.65 1.3
      vertex 173.799 92.4975 2.2
      vertex 173.799 92.4975 1.3
    endloop
  endfacet
  facet normal 0.752066 0.659088 0
    outer loop
      vertex 174.081 91.0808 2.2
      vertex 173.969 91.2086 1.3
      vertex 173.969 91.2086 2.2
    endloop
  endfacet
  facet normal 0.752066 0.659088 0
    outer loop
      vertex 173.969 91.2086 1.3
      vertex 174.081 91.0808 2.2
      vertex 174.081 91.0808 1.3
    endloop
  endfacet
  facet normal -0.830058 -0.557677 0
    outer loop
      vertex 176.126 92.65 1.3
      vertex 176.031 92.7914 2.2
      vertex 176.031 92.7914 1.3
    endloop
  endfacet
  facet normal -0.830058 -0.557677 0
    outer loop
      vertex 176.031 92.7914 2.2
      vertex 176.126 92.65 1.3
      vertex 176.126 92.65 2.2
    endloop
  endfacet
  facet normal -0.89735 -0.44132 0
    outer loop
      vertex 176.201 92.4975 1.3
      vertex 176.126 92.65 2.2
      vertex 176.126 92.65 1.3
    endloop
  endfacet
  facet normal -0.89735 -0.44132 0
    outer loop
      vertex 176.126 92.65 2.2
      vertex 176.201 92.4975 1.3
      vertex 176.201 92.4975 2.2
    endloop
  endfacet
  facet normal 0.657318 0.753613 -0
    outer loop
      vertex 174.209 90.9686 1.3
      vertex 174.173 91 2.2
      vertex 174.209 90.9686 2.2
    endloop
  endfacet
  facet normal 0.65917 0.751994 0.000130555
    outer loop
      vertex 174.081 91.0808 1.3
      vertex 174.173 91 2.2
      vertex 174.209 90.9686 1.3
    endloop
  endfacet
  facet normal 0.659891 0.751361 0
    outer loop
      vertex 174.173 91 2.2
      vertex 174.081 91.0808 1.3
      vertex 174.081 91.0808 2.2
    endloop
  endfacet
  facet normal 0.752066 -0.659088 0
    outer loop
      vertex 173.969 92.7914 2.2
      vertex 174.081 92.9192 1.3
      vertex 174.081 92.9192 2.2
    endloop
  endfacet
  facet normal 0.752066 -0.659088 0
    outer loop
      vertex 174.081 92.9192 1.3
      vertex 173.969 92.7914 2.2
      vertex 173.969 92.7914 1.3
    endloop
  endfacet
  facet normal -0.946306 0.323272 0
    outer loop
      vertex 176.201 91.5025 1.3
      vertex 176.256 91.6635 2.2
      vertex 176.256 91.6635 1.3
    endloop
  endfacet
  facet normal -0.946306 0.323272 0
    outer loop
      vertex 176.256 91.6635 2.2
      vertex 176.201 91.5025 1.3
      vertex 176.201 91.5025 2.2
    endloop
  endfacet
  facet normal 0.830058 -0.557677 0
    outer loop
      vertex 173.874 92.65 2.2
      vertex 173.969 92.7914 1.3
      vertex 173.969 92.7914 2.2
    endloop
  endfacet
  facet normal 0.830058 -0.557677 0
    outer loop
      vertex 173.969 92.7914 1.3
      vertex 173.874 92.65 2.2
      vertex 173.874 92.65 1.3
    endloop
  endfacet
  facet normal 0.196116 -0.980581 0
    outer loop
      vertex 174.664 93.2557 1.3
      vertex 174.83 93.2889 2.2
      vertex 174.664 93.2557 2.2
    endloop
  endfacet
  facet normal 0.196116 -0.980581 0
    outer loop
      vertex 174.83 93.2889 2.2
      vertex 174.664 93.2557 1.3
      vertex 174.83 93.2889 1.3
    endloop
  endfacet
  facet normal -0.441103 0.897457 0
    outer loop
      vertex 175.65 90.8742 1.3
      vertex 175.497 90.799 2.2
      vertex 175.65 90.8742 2.2
    endloop
  endfacet
  facet normal -0.441103 0.897457 0
    outer loop
      vertex 175.497 90.799 2.2
      vertex 175.65 90.8742 1.3
      vertex 175.497 90.799 1.3
    endloop
  endfacet
  facet normal 0.946306 -0.323272 0
    outer loop
      vertex 173.744 92.3365 2.2
      vertex 173.799 92.4975 1.3
      vertex 173.799 92.4975 2.2
    endloop
  endfacet
  facet normal 0.946306 -0.323272 0
    outer loop
      vertex 173.799 92.4975 1.3
      vertex 173.744 92.3365 2.2
      vertex 173.744 92.3365 1.3
    endloop
  endfacet
  facet normal 0.441103 -0.897457 0
    outer loop
      vertex 174.35 93.1258 1.3
      vertex 174.503 93.201 2.2
      vertex 174.35 93.1258 2.2
    endloop
  endfacet
  facet normal 0.441103 -0.897457 0
    outer loop
      vertex 174.503 93.201 2.2
      vertex 174.35 93.1258 1.3
      vertex 174.503 93.201 1.3
    endloop
  endfacet
  facet normal 0.321692 0.946844 -0
    outer loop
      vertex 174.664 90.7443 1.3
      vertex 174.503 90.799 2.2
      vertex 174.664 90.7443 2.2
    endloop
  endfacet
  facet normal 0.321692 0.946844 0
    outer loop
      vertex 174.503 90.799 2.2
      vertex 174.664 90.7443 1.3
      vertex 174.503 90.799 1.3
    endloop
  endfacet
  facet normal -0.830058 0.557677 0
    outer loop
      vertex 176.031 91.2086 1.3
      vertex 176.126 91.35 2.2
      vertex 176.126 91.35 1.3
    endloop
  endfacet
  facet normal -0.830058 0.557677 0
    outer loop
      vertex 176.126 91.35 2.2
      vertex 176.031 91.2086 1.3
      vertex 176.031 91.2086 2.2
    endloop
  endfacet
  facet normal -0.196116 0.980581 0
    outer loop
      vertex 175.336 90.7443 1.3
      vertex 175.17 90.7111 2.2
      vertex 175.336 90.7443 2.2
    endloop
  endfacet
  facet normal -0.196116 0.980581 0
    outer loop
      vertex 175.17 90.7111 2.2
      vertex 175.336 90.7443 1.3
      vertex 175.17 90.7111 1.3
    endloop
  endfacet
  facet normal -0.0651554 -0.997875 0
    outer loop
      vertex 175 93.3 1.3
      vertex 175.17 93.2889 2.2
      vertex 175 93.3 2.2
    endloop
  endfacet
  facet normal -0.0651554 -0.997875 -0
    outer loop
      vertex 175.17 93.2889 2.2
      vertex 175 93.3 1.3
      vertex 175.17 93.2889 1.3
    endloop
  endfacet
  facet normal -0.980986 0.19408 0
    outer loop
      vertex 176.256 91.6635 1.3
      vertex 176.289 91.8303 2.2
      vertex 176.289 91.8303 1.3
    endloop
  endfacet
  facet normal -0.980986 0.19408 0
    outer loop
      vertex 176.289 91.8303 2.2
      vertex 176.256 91.6635 1.3
      vertex 176.256 91.6635 2.2
    endloop
  endfacet
  facet normal -0.556331 0.830961 0
    outer loop
      vertex 175.791 90.9686 1.3
      vertex 175.65 90.8742 2.2
      vertex 175.791 90.9686 2.2
    endloop
  endfacet
  facet normal -0.556331 0.830961 0
    outer loop
      vertex 175.65 90.8742 2.2
      vertex 175.791 90.9686 1.3
      vertex 175.65 90.8742 1.3
    endloop
  endfacet
  facet normal -0.556331 -0.830961 0
    outer loop
      vertex 175.65 93.1258 1.3
      vertex 175.791 93.0314 2.2
      vertex 175.65 93.1258 2.2
    endloop
  endfacet
  facet normal -0.556331 -0.830961 -0
    outer loop
      vertex 175.791 93.0314 2.2
      vertex 175.65 93.1258 1.3
      vertex 175.791 93.0314 1.3
    endloop
  endfacet
  facet normal -0.89735 0.44132 0
    outer loop
      vertex 176.126 91.35 1.3
      vertex 176.201 91.5025 2.2
      vertex 176.201 91.5025 1.3
    endloop
  endfacet
  facet normal -0.89735 0.44132 0
    outer loop
      vertex 176.201 91.5025 2.2
      vertex 176.126 91.35 1.3
      vertex 176.126 91.35 2.2
    endloop
  endfacet
  facet normal 0.556331 -0.830961 0
    outer loop
      vertex 174.209 93.0314 1.3
      vertex 174.35 93.1258 2.2
      vertex 174.209 93.0314 2.2
    endloop
  endfacet
  facet normal 0.556331 -0.830961 0
    outer loop
      vertex 174.35 93.1258 2.2
      vertex 174.209 93.0314 1.3
      vertex 174.35 93.1258 1.3
    endloop
  endfacet
  facet normal -0.752066 0.659088 0
    outer loop
      vertex 175.919 91.0808 1.3
      vertex 176.031 91.2086 2.2
      vertex 176.031 91.2086 1.3
    endloop
  endfacet
  facet normal -0.752066 0.659088 0
    outer loop
      vertex 176.031 91.2086 2.2
      vertex 175.919 91.0808 1.3
      vertex 175.919 91.0808 2.2
    endloop
  endfacet
  facet normal -0.196116 -0.980581 0
    outer loop
      vertex 175.17 93.2889 1.3
      vertex 175.336 93.2557 2.2
      vertex 175.17 93.2889 2.2
    endloop
  endfacet
  facet normal -0.196116 -0.980581 -0
    outer loop
      vertex 175.336 93.2557 2.2
      vertex 175.17 93.2889 1.3
      vertex 175.336 93.2557 1.3
    endloop
  endfacet
  facet normal 0.65917 -0.751994 0
    outer loop
      vertex 174.081 92.9192 1.3
      vertex 174.209 93.0314 2.2
      vertex 174.081 92.9192 2.2
    endloop
  endfacet
  facet normal 0.65917 -0.751994 0
    outer loop
      vertex 174.209 93.0314 2.2
      vertex 174.081 92.9192 1.3
      vertex 174.209 93.0314 1.3
    endloop
  endfacet
  facet normal 0.321692 -0.946844 0
    outer loop
      vertex 174.503 93.201 1.3
      vertex 174.664 93.2557 2.2
      vertex 174.503 93.201 2.2
    endloop
  endfacet
  facet normal 0.321692 -0.946844 0
    outer loop
      vertex 174.664 93.2557 2.2
      vertex 174.503 93.201 1.3
      vertex 174.664 93.2557 1.3
    endloop
  endfacet
  facet normal -0.997906 0.0646845 0
    outer loop
      vertex 176.289 91.8303 1.3
      vertex 176.3 92 2.2
      vertex 176.3 92 1.3
    endloop
  endfacet
  facet normal -0.997906 0.0646845 0
    outer loop
      vertex 176.3 92 2.2
      vertex 176.289 91.8303 1.3
      vertex 176.289 91.8303 2.2
    endloop
  endfacet
  facet normal 0.980986 0.19408 0
    outer loop
      vertex 173.744 91.6635 2.2
      vertex 173.711 91.8303 1.3
      vertex 173.711 91.8303 2.2
    endloop
  endfacet
  facet normal 0.980986 0.19408 0
    outer loop
      vertex 173.711 91.8303 1.3
      vertex 173.744 91.6635 2.2
      vertex 173.744 91.6635 1.3
    endloop
  endfacet
  facet normal -0.65917 -0.751994 0
    outer loop
      vertex 175.791 93.0314 1.3
      vertex 175.919 92.9192 2.2
      vertex 175.791 93.0314 2.2
    endloop
  endfacet
  facet normal -0.65917 -0.751994 -0
    outer loop
      vertex 175.919 92.9192 2.2
      vertex 175.791 93.0314 1.3
      vertex 175.919 92.9192 1.3
    endloop
  endfacet
  facet normal -0.0651554 0.997875 0
    outer loop
      vertex 175.17 90.7111 1.3
      vertex 175 90.7 2.2
      vertex 175.17 90.7111 2.2
    endloop
  endfacet
  facet normal -0.0651554 0.997875 0
    outer loop
      vertex 175 90.7 2.2
      vertex 175.17 90.7111 1.3
      vertex 175 90.7 1.3
    endloop
  endfacet
  facet normal 0.89735 0.44132 0
    outer loop
      vertex 173.874 91.35 2.2
      vertex 173.799 91.5025 1.3
      vertex 173.799 91.5025 2.2
    endloop
  endfacet
  facet normal 0.89735 0.44132 0
    outer loop
      vertex 173.799 91.5025 1.3
      vertex 173.874 91.35 2.2
      vertex 173.874 91.35 1.3
    endloop
  endfacet
  facet normal 0.441103 0.897457 -0
    outer loop
      vertex 174.503 90.799 1.3
      vertex 174.35 90.8742 2.2
      vertex 174.503 90.799 2.2
    endloop
  endfacet
  facet normal 0.441103 0.897457 0
    outer loop
      vertex 174.35 90.8742 2.2
      vertex 174.503 90.799 1.3
      vertex 174.35 90.8742 1.3
    endloop
  endfacet
  facet normal 0.830058 0.557677 0
    outer loop
      vertex 173.969 91.2086 2.2
      vertex 173.874 91.35 1.3
      vertex 173.874 91.35 2.2
    endloop
  endfacet
  facet normal 0.830058 0.557677 0
    outer loop
      vertex 173.874 91.35 1.3
      vertex 173.969 91.2086 2.2
      vertex 173.969 91.2086 1.3
    endloop
  endfacet
  facet normal -0.752066 -0.659088 0
    outer loop
      vertex 176.031 92.7914 1.3
      vertex 175.919 92.9192 2.2
      vertex 175.919 92.9192 1.3
    endloop
  endfacet
  facet normal -0.752066 -0.659088 0
    outer loop
      vertex 175.919 92.9192 2.2
      vertex 176.031 92.7914 1.3
      vertex 176.031 92.7914 2.2
    endloop
  endfacet
  facet normal 0.0651554 -0.997875 0
    outer loop
      vertex 174.83 93.2889 1.3
      vertex 175 93.3 2.2
      vertex 174.83 93.2889 2.2
    endloop
  endfacet
  facet normal 0.0651554 -0.997875 0
    outer loop
      vertex 175 93.3 2.2
      vertex 174.83 93.2889 1.3
      vertex 175 93.3 1.3
    endloop
  endfacet
  facet normal -0.441103 -0.897457 0
    outer loop
      vertex 175.497 93.201 1.3
      vertex 175.65 93.1258 2.2
      vertex 175.497 93.201 2.2
    endloop
  endfacet
  facet normal -0.441103 -0.897457 -0
    outer loop
      vertex 175.65 93.1258 2.2
      vertex 175.497 93.201 1.3
      vertex 175.65 93.1258 1.3
    endloop
  endfacet
  facet normal 0.980986 -0.19408 0
    outer loop
      vertex 173.711 92.1697 2.2
      vertex 173.744 92.3365 1.3
      vertex 173.744 92.3365 2.2
    endloop
  endfacet
  facet normal 0.980986 -0.19408 0
    outer loop
      vertex 173.744 92.3365 1.3
      vertex 173.711 92.1697 2.2
      vertex 173.711 92.1697 1.3
    endloop
  endfacet
  facet normal 0.946306 0.323272 0
    outer loop
      vertex 173.799 91.5025 2.2
      vertex 173.744 91.6635 1.3
      vertex 173.744 91.6635 2.2
    endloop
  endfacet
  facet normal 0.946306 0.323272 0
    outer loop
      vertex 173.744 91.6635 1.3
      vertex 173.799 91.5025 2.2
      vertex 173.799 91.5025 1.3
    endloop
  endfacet
  facet normal 0.997906 0.0646845 0
    outer loop
      vertex 173.711 91.8303 2.2
      vertex 173.7 92 1.3
      vertex 173.7 92 2.2
    endloop
  endfacet
  facet normal 0.997906 0.0646845 0
    outer loop
      vertex 173.7 92 1.3
      vertex 173.711 91.8303 2.2
      vertex 173.711 91.8303 1.3
    endloop
  endfacet
  facet normal 0.997906 -0.0646845 0
    outer loop
      vertex 173.7 92 2.2
      vertex 173.711 92.1697 1.3
      vertex 173.711 92.1697 2.2
    endloop
  endfacet
  facet normal 0.997906 -0.0646845 0
    outer loop
      vertex 173.711 92.1697 1.3
      vertex 173.7 92 2.2
      vertex 173.7 92 1.3
    endloop
  endfacet
  facet normal 0.556331 0.830961 -0
    outer loop
      vertex 174.35 90.8742 1.3
      vertex 174.209 90.9686 2.2
      vertex 174.35 90.8742 2.2
    endloop
  endfacet
  facet normal 0.556331 0.830961 0
    outer loop
      vertex 174.209 90.9686 2.2
      vertex 174.35 90.8742 1.3
      vertex 174.209 90.9686 1.3
    endloop
  endfacet
  facet normal 0.0651554 0.997875 -0
    outer loop
      vertex 175 90.7 1.3
      vertex 174.83 90.7111 2.2
      vertex 175 90.7 2.2
    endloop
  endfacet
  facet normal 0.0651554 0.997875 0
    outer loop
      vertex 174.83 90.7111 2.2
      vertex 175 90.7 1.3
      vertex 174.83 90.7111 1.3
    endloop
  endfacet
  facet normal 0.196116 0.980581 -0
    outer loop
      vertex 174.83 90.7111 1.3
      vertex 174.664 90.7443 2.2
      vertex 174.83 90.7111 2.2
    endloop
  endfacet
  facet normal 0.196116 0.980581 0
    outer loop
      vertex 174.664 90.7443 2.2
      vertex 174.83 90.7111 1.3
      vertex 174.664 90.7443 1.3
    endloop
  endfacet
  facet normal -0.659891 0.751361 0
    outer loop
      vertex 175.919 91.0808 1.3
      vertex 175.827 91 2.2
      vertex 175.919 91.0808 2.2
    endloop
  endfacet
  facet normal -0.65917 0.751994 0.000130555
    outer loop
      vertex 175.791 90.9686 1.3
      vertex 175.827 91 2.2
      vertex 175.919 91.0808 1.3
    endloop
  endfacet
  facet normal -0.657318 0.753613 0
    outer loop
      vertex 175.827 91 2.2
      vertex 175.791 90.9686 1.3
      vertex 175.791 90.9686 2.2
    endloop
  endfacet
  facet normal 0.0653917 -0.99786 0
    outer loop
      vertex 173 54 0
      vertex 174.175 54.077 21
      vertex 173 54 21
    endloop
  endfacet
  facet normal 0.0653917 -0.99786 0
    outer loop
      vertex 174.175 54.077 21
      vertex 173 54 0
      vertex 174.175 54.077 0
    endloop
  endfacet
  facet normal -0.32137 -0.946954 0
    outer loop
      vertex 115.556 54.6851 0
      vertex 116.671 54.3067 21
      vertex 115.556 54.6851 21
    endloop
  endfacet
  facet normal -0.32137 -0.946954 -0
    outer loop
      vertex 116.671 54.3067 21
      vertex 115.556 54.6851 0
      vertex 116.671 54.3067 0
    endloop
  endfacet
  facet normal 0.0653917 0.99786 -0
    outer loop
      vertex 174.175 98.923 0
      vertex 173 99 21
      vertex 174.175 98.923 21
    endloop
  endfacet
  facet normal 0.0653917 0.99786 0
    outer loop
      vertex 173 99 21
      vertex 174.175 98.923 0
      vertex 173 99 0
    endloop
  endfacet
  facet normal -0.896759 0.442519 0
    outer loop
      vertex 110.685 93.4442 0
      vertex 111.206 94.5 21
      vertex 111.206 94.5 0
    endloop
  endfacet
  facet normal -0.896759 0.442519 0
    outer loop
      vertex 111.206 94.5 21
      vertex 110.685 93.4442 0
      vertex 110.685 93.4442 21
    endloop
  endfacet
  facet normal 0 1 -0
    outer loop
      vertex 173 99 0
      vertex 119 99 21
      vertex 173 99 21
    endloop
  endfacet
  facet normal 0 1 0
    outer loop
      vertex 119 99 21
      vertex 173 99 0
      vertex 119 99 0
    endloop
  endfacet
  facet normal -0.195217 -0.98076 0
    outer loop
      vertex 116.671 54.3067 0
      vertex 117.825 54.077 21
      vertex 116.671 54.3067 21
    endloop
  endfacet
  facet normal -0.195217 -0.98076 -0
    outer loop
      vertex 117.825 54.077 21
      vertex 116.671 54.3067 0
      vertex 117.825 54.077 0
    endloop
  endfacet
  facet normal -0.659382 -0.751808 0
    outer loop
      vertex 112.636 56.636 0
      vertex 113.521 55.8598 21
      vertex 112.636 56.636 21
    endloop
  endfacet
  facet normal -0.659382 -0.751808 -0
    outer loop
      vertex 113.521 55.8598 21
      vertex 112.636 56.636 0
      vertex 113.521 55.8598 0
    endloop
  endfacet
  facet normal 0.896759 -0.442519 0
    outer loop
      vertex 180.794 58.5 21
      vertex 181.315 59.5558 0
      vertex 181.315 59.5558 21
    endloop
  endfacet
  facet normal 0.896759 -0.442519 0
    outer loop
      vertex 181.315 59.5558 0
      vertex 180.794 58.5 21
      vertex 180.794 58.5 0
    endloop
  endfacet
  facet normal -0.0653917 0.99786 0
    outer loop
      vertex 119 99 0
      vertex 117.825 98.923 21
      vertex 119 99 21
    endloop
  endfacet
  facet normal -0.0653917 0.99786 0
    outer loop
      vertex 117.825 98.923 21
      vertex 119 99 0
      vertex 117.825 98.923 0
    endloop
  endfacet
  facet normal 0 -1 0
    outer loop
      vertex 119 54 0
      vertex 173 54 21
      vertex 119 54 21
    endloop
  endfacet
  facet normal 0 -1 -0
    outer loop
      vertex 173 54 21
      vertex 119 54 0
      vertex 173 54 0
    endloop
  endfacet
  facet normal -0.896759 -0.442519 0
    outer loop
      vertex 111.206 58.5 0
      vertex 110.685 59.5558 21
      vertex 110.685 59.5558 0
    endloop
  endfacet
  facet normal -0.896759 -0.442519 0
    outer loop
      vertex 110.685 59.5558 21
      vertex 111.206 58.5 0
      vertex 111.206 58.5 21
    endloop
  endfacet
  facet normal 0.831501 0.555523 0
    outer loop
      vertex 180.794 94.5 21
      vertex 180.14 95.4789 0
      vertex 180.14 95.4789 21
    endloop
  endfacet
  facet normal 0.831501 0.555523 0
    outer loop
      vertex 180.14 95.4789 0
      vertex 180.794 94.5 21
      vertex 180.794 94.5 0
    endloop
  endfacet
  facet normal -1 0 0
    outer loop
      vertex 110 86.5 11.5
      vertex 110 90 0
      vertex 110 86.5 5.5
    endloop
  endfacet
  facet normal -1 0 0
    outer loop
      vertex 110 90 0
      vertex 110 76.5 5.5
      vertex 110 86.5 5.5
    endloop
  endfacet
  facet normal -1 -0 0
    outer loop
      vertex 110 76.5 5.5
      vertex 110 63 0
      vertex 110 76.5 11.5
    endloop
  endfacet
  facet normal -1 0 0
    outer loop
      vertex 110 63 0
      vertex 110 76.5 5.5
      vertex 110 90 0
    endloop
  endfacet
  facet normal -1 0 0
    outer loop
      vertex 110 90 0
      vertex 110 86.5 11.5
      vertex 110 90 21
    endloop
  endfacet
  facet normal -1 0 0
    outer loop
      vertex 110 76.5 11.5
      vertex 110 90 21
      vertex 110 86.5 11.5
    endloop
  endfacet
  facet normal -1 0 0
    outer loop
      vertex 110 76.5 11.5
      vertex 110 63 21
      vertex 110 90 21
    endloop
  endfacet
  facet normal -1 0 0
    outer loop
      vertex 110 63 21
      vertex 110 76.5 11.5
      vertex 110 63 0
    endloop
  endfacet
  facet normal -0.0653917 -0.99786 0
    outer loop
      vertex 117.825 54.077 0
      vertex 119 54 21
      vertex 117.825 54.077 21
    endloop
  endfacet
  facet normal -0.0653917 -0.99786 -0
    outer loop
      vertex 119 54 21
      vertex 117.825 54.077 0
      vertex 119 54 0
    endloop
  endfacet
  facet normal 0.751929 0.659244 0
    outer loop
      vertex 180.14 95.4789 21
      vertex 179.364 96.364 0
      vertex 179.364 96.364 21
    endloop
  endfacet
  facet normal 0.751929 0.659244 0
    outer loop
      vertex 179.364 96.364 0
      vertex 180.14 95.4789 21
      vertex 180.14 95.4789 0
    endloop
  endfacet
  facet normal -0.997859 0.0654083 0
    outer loop
      vertex 110 90 0
      vertex 110.077 91.1747 21
      vertex 110.077 91.1747 0
    endloop
  endfacet
  facet normal -0.997859 0.0654083 0
    outer loop
      vertex 110.077 91.1747 21
      vertex 110 90 0
      vertex 110 90 21
    endloop
  endfacet
  facet normal -0.751929 0.659244 0
    outer loop
      vertex 111.86 95.4789 0
      vertex 112.636 96.364 21
      vertex 112.636 96.364 0
    endloop
  endfacet
  facet normal -0.751929 0.659244 0
    outer loop
      vertex 112.636 96.364 21
      vertex 111.86 95.4789 0
      vertex 111.86 95.4789 21
    endloop
  endfacet
  facet normal -0.32137 0.946954 0
    outer loop
      vertex 116.671 98.6933 0
      vertex 115.556 98.3149 21
      vertex 116.671 98.6933 21
    endloop
  endfacet
  facet normal -0.32137 0.946954 0
    outer loop
      vertex 115.556 98.3149 21
      vertex 116.671 98.6933 0
      vertex 115.556 98.3149 0
    endloop
  endfacet
  facet normal 0.980734 0.195348 0
    outer loop
      vertex 181.923 91.1747 21
      vertex 181.693 92.3294 0
      vertex 181.693 92.3294 21
    endloop
  endfacet
  facet normal 0.980734 0.195348 0
    outer loop
      vertex 181.693 92.3294 0
      vertex 181.923 91.1747 21
      vertex 181.923 91.1747 0
    endloop
  endfacet
  facet normal -0.442247 -0.896893 0
    outer loop
      vertex 114.5 55.2058 0
      vertex 115.556 54.6851 21
      vertex 114.5 55.2058 21
    endloop
  endfacet
  facet normal -0.442247 -0.896893 -0
    outer loop
      vertex 115.556 54.6851 21
      vertex 114.5 55.2058 0
      vertex 115.556 54.6851 0
    endloop
  endfacet
  facet normal 0.94704 0.321117 0
    outer loop
      vertex 181.693 92.3294 21
      vertex 181.315 93.4442 0
      vertex 181.315 93.4442 21
    endloop
  endfacet
  facet normal 0.94704 0.321117 0
    outer loop
      vertex 181.315 93.4442 0
      vertex 181.693 92.3294 21
      vertex 181.693 92.3294 0
    endloop
  endfacet
  facet normal -0.831501 0.555523 0
    outer loop
      vertex 111.206 94.5 0
      vertex 111.86 95.4789 21
      vertex 111.86 95.4789 0
    endloop
  endfacet
  facet normal -0.831501 0.555523 0
    outer loop
      vertex 111.86 95.4789 21
      vertex 111.206 94.5 0
      vertex 111.206 94.5 21
    endloop
  endfacet
  facet normal -0.195217 0.98076 0
    outer loop
      vertex 117.825 98.923 0
      vertex 116.671 98.6933 21
      vertex 117.825 98.923 21
    endloop
  endfacet
  facet normal -0.195217 0.98076 0
    outer loop
      vertex 116.671 98.6933 21
      vertex 117.825 98.923 0
      vertex 116.671 98.6933 0
    endloop
  endfacet
  facet normal -0.94704 0.321117 0
    outer loop
      vertex 110.307 92.3294 0
      vertex 110.685 93.4442 21
      vertex 110.685 93.4442 0
    endloop
  endfacet
  facet normal -0.94704 0.321117 0
    outer loop
      vertex 110.685 93.4442 21
      vertex 110.307 92.3294 0
      vertex 110.307 92.3294 21
    endloop
  endfacet
  facet normal -0.555484 -0.831527 0
    outer loop
      vertex 113.521 55.8598 0
      vertex 114.5 55.2058 21
      vertex 113.521 55.8598 21
    endloop
  endfacet
  facet normal -0.555484 -0.831527 -0
    outer loop
      vertex 114.5 55.2058 21
      vertex 113.521 55.8598 0
      vertex 114.5 55.2058 0
    endloop
  endfacet
  facet normal 0.195217 0.98076 -0
    outer loop
      vertex 175.329 98.6933 0
      vertex 174.175 98.923 21
      vertex 175.329 98.6933 21
    endloop
  endfacet
  facet normal 0.195217 0.98076 0
    outer loop
      vertex 174.175 98.923 21
      vertex 175.329 98.6933 0
      vertex 174.175 98.923 0
    endloop
  endfacet
  facet normal -0.997859 -0.0654083 0
    outer loop
      vertex 110.077 61.8253 0
      vertex 110 63 21
      vertex 110 63 0
    endloop
  endfacet
  facet normal -0.997859 -0.0654083 0
    outer loop
      vertex 110 63 21
      vertex 110.077 61.8253 0
      vertex 110.077 61.8253 21
    endloop
  endfacet
  facet normal 0.555484 0.831527 -0
    outer loop
      vertex 178.479 97.1402 0
      vertex 177.5 97.7942 21
      vertex 178.479 97.1402 21
    endloop
  endfacet
  facet normal 0.555484 0.831527 0
    outer loop
      vertex 177.5 97.7942 21
      vertex 178.479 97.1402 0
      vertex 177.5 97.7942 0
    endloop
  endfacet
  facet normal -0.980734 -0.195348 0
    outer loop
      vertex 110.307 60.6706 0
      vertex 110.077 61.8253 21
      vertex 110.077 61.8253 0
    endloop
  endfacet
  facet normal -0.980734 -0.195348 0
    outer loop
      vertex 110.077 61.8253 21
      vertex 110.307 60.6706 0
      vertex 110.307 60.6706 21
    endloop
  endfacet
  facet normal -0.751929 -0.659244 0
    outer loop
      vertex 112.636 56.636 0
      vertex 111.86 57.5211 21
      vertex 111.86 57.5211 0
    endloop
  endfacet
  facet normal -0.751929 -0.659244 0
    outer loop
      vertex 111.86 57.5211 21
      vertex 112.636 56.636 0
      vertex 112.636 56.636 21
    endloop
  endfacet
  facet normal -0.980734 0.195348 0
    outer loop
      vertex 110.077 91.1747 0
      vertex 110.307 92.3294 21
      vertex 110.307 92.3294 0
    endloop
  endfacet
  facet normal -0.980734 0.195348 0
    outer loop
      vertex 110.307 92.3294 21
      vertex 110.077 91.1747 0
      vertex 110.077 91.1747 21
    endloop
  endfacet
  facet normal -0.831501 -0.555523 0
    outer loop
      vertex 111.86 57.5211 0
      vertex 111.206 58.5 21
      vertex 111.206 58.5 0
    endloop
  endfacet
  facet normal -0.831501 -0.555523 0
    outer loop
      vertex 111.206 58.5 21
      vertex 111.86 57.5211 0
      vertex 111.86 57.5211 21
    endloop
  endfacet
  facet normal -0.659382 0.751808 0
    outer loop
      vertex 113.521 97.1402 0
      vertex 112.636 96.364 21
      vertex 113.521 97.1402 21
    endloop
  endfacet
  facet normal -0.659382 0.751808 0
    outer loop
      vertex 112.636 96.364 21
      vertex 113.521 97.1402 0
      vertex 112.636 96.364 0
    endloop
  endfacet
  facet normal 0.32137 0.946954 -0
    outer loop
      vertex 176.444 98.3149 0
      vertex 175.329 98.6933 21
      vertex 176.444 98.3149 21
    endloop
  endfacet
  facet normal 0.32137 0.946954 0
    outer loop
      vertex 175.329 98.6933 21
      vertex 176.444 98.3149 0
      vertex 175.329 98.6933 0
    endloop
  endfacet
  facet normal 0.442247 0.896893 -0
    outer loop
      vertex 177.5 97.7942 0
      vertex 176.444 98.3149 21
      vertex 177.5 97.7942 21
    endloop
  endfacet
  facet normal 0.442247 0.896893 0
    outer loop
      vertex 176.444 98.3149 21
      vertex 177.5 97.7942 0
      vertex 176.444 98.3149 0
    endloop
  endfacet
  facet normal -0.555484 0.831527 0
    outer loop
      vertex 114.5 97.7942 0
      vertex 113.521 97.1402 21
      vertex 114.5 97.7942 21
    endloop
  endfacet
  facet normal -0.555484 0.831527 0
    outer loop
      vertex 113.521 97.1402 21
      vertex 114.5 97.7942 0
      vertex 113.521 97.1402 0
    endloop
  endfacet
  facet normal 0.555484 -0.831527 0
    outer loop
      vertex 177.5 55.2058 0
      vertex 178.479 55.8598 21
      vertex 177.5 55.2058 21
    endloop
  endfacet
  facet normal 0.555484 -0.831527 0
    outer loop
      vertex 178.479 55.8598 21
      vertex 177.5 55.2058 0
      vertex 178.479 55.8598 0
    endloop
  endfacet
  facet normal 0.195217 -0.98076 0
    outer loop
      vertex 174.175 54.077 0
      vertex 175.329 54.3067 21
      vertex 174.175 54.077 21
    endloop
  endfacet
  facet normal 0.195217 -0.98076 0
    outer loop
      vertex 175.329 54.3067 21
      vertex 174.175 54.077 0
      vertex 175.329 54.3067 0
    endloop
  endfacet
  facet normal 0.997859 -0.0654083 0
    outer loop
      vertex 181.923 61.8253 21
      vertex 182 63 0
      vertex 182 63 21
    endloop
  endfacet
  facet normal 0.997859 -0.0654083 0
    outer loop
      vertex 182 63 0
      vertex 181.923 61.8253 21
      vertex 181.923 61.8253 0
    endloop
  endfacet
  facet normal -0.442247 0.896893 0
    outer loop
      vertex 115.556 98.3149 0
      vertex 114.5 97.7942 21
      vertex 115.556 98.3149 21
    endloop
  endfacet
  facet normal -0.442247 0.896893 0
    outer loop
      vertex 114.5 97.7942 21
      vertex 115.556 98.3149 0
      vertex 114.5 97.7942 0
    endloop
  endfacet
  facet normal 0.997859 0.0654083 0
    outer loop
      vertex 182 90 21
      vertex 181.923 91.1747 0
      vertex 181.923 91.1747 21
    endloop
  endfacet
  facet normal 0.997859 0.0654083 0
    outer loop
      vertex 181.923 91.1747 0
      vertex 182 90 21
      vertex 182 90 0
    endloop
  endfacet
  facet normal 0.442247 -0.896893 0
    outer loop
      vertex 176.444 54.6851 0
      vertex 177.5 55.2058 21
      vertex 176.444 54.6851 21
    endloop
  endfacet
  facet normal 0.442247 -0.896893 0
    outer loop
      vertex 177.5 55.2058 21
      vertex 176.444 54.6851 0
      vertex 177.5 55.2058 0
    endloop
  endfacet
  facet normal 0.659382 -0.751808 0
    outer loop
      vertex 178.479 55.8598 0
      vertex 179.364 56.636 21
      vertex 178.479 55.8598 21
    endloop
  endfacet
  facet normal 0.659382 -0.751808 0
    outer loop
      vertex 179.364 56.636 21
      vertex 178.479 55.8598 0
      vertex 179.364 56.636 0
    endloop
  endfacet
  facet normal 0 0 -1
    outer loop
      vertex 179 57 0
      vertex 182 63 0
      vertex 181.923 61.8253 0
    endloop
  endfacet
  facet normal -0 0 -1
    outer loop
      vertex 182 63 0
      vertex 179 57 0
      vertex 182 90 0
    endloop
  endfacet
  facet normal 0 0 -1
    outer loop
      vertex 179 57 0
      vertex 181.923 61.8253 0
      vertex 181.693 60.6706 0
    endloop
  endfacet
  facet normal 0 0 -1
    outer loop
      vertex 179 96 0
      vertex 182 90 0
      vertex 179 57 0
    endloop
  endfacet
  facet normal 0 0 -1
    outer loop
      vertex 179 57 0
      vertex 181.693 60.6706 0
      vertex 181.315 59.5558 0
    endloop
  endfacet
  facet normal 0 0 -1
    outer loop
      vertex 182 90 0
      vertex 179 96 0
      vertex 181.923 91.1747 0
    endloop
  endfacet
  facet normal 0 0 -1
    outer loop
      vertex 179 57 0
      vertex 181.315 59.5558 0
      vertex 180.794 58.5 0
    endloop
  endfacet
  facet normal 0 0 -1
    outer loop
      vertex 181.923 91.1747 0
      vertex 179 96 0
      vertex 181.693 92.3294 0
    endloop
  endfacet
  facet normal 0 0 -1
    outer loop
      vertex 179 57 0
      vertex 180.794 58.5 0
      vertex 180.14 57.5211 0
    endloop
  endfacet
  facet normal 0 0 -1
    outer loop
      vertex 181.693 92.3294 0
      vertex 179 96 0
      vertex 181.315 93.4442 0
    endloop
  endfacet
  facet normal 0 0 -1
    outer loop
      vertex 179 57 0
      vertex 180.14 57.5211 0
      vertex 179.364 56.636 0
    endloop
  endfacet
  facet normal 0 0 -1
    outer loop
      vertex 181.315 93.4442 0
      vertex 179 96 0
      vertex 180.794 94.5 0
    endloop
  endfacet
  facet normal 0 0 -1
    outer loop
      vertex 180.794 94.5 0
      vertex 179 96 0
      vertex 180.14 95.4789 0
    endloop
  endfacet
  facet normal 0 0 -1
    outer loop
      vertex 178.479 55.8598 0
      vertex 179 57 0
      vertex 179.364 56.636 0
    endloop
  endfacet
  facet normal 0 0 -1
    outer loop
      vertex 177.5 55.2058 0
      vertex 179 57 0
      vertex 178.479 55.8598 0
    endloop
  endfacet
  facet normal 0 0 -1
    outer loop
      vertex 176.444 54.6851 0
      vertex 179 57 0
      vertex 177.5 55.2058 0
    endloop
  endfacet
  facet normal 0 0 -1
    outer loop
      vertex 175.329 54.3067 0
      vertex 179 57 0
      vertex 176.444 54.6851 0
    endloop
  endfacet
  facet normal 0 0 -1
    outer loop
      vertex 174.175 54.077 0
      vertex 179 57 0
      vertex 175.329 54.3067 0
    endloop
  endfacet
  facet normal 0 0 -1
    outer loop
      vertex 173 54 0
      vertex 179 57 0
      vertex 174.175 54.077 0
    endloop
  endfacet
  facet normal 0 0 -1
    outer loop
      vertex 119 54 0
      vertex 179 57 0
      vertex 173 54 0
    endloop
  endfacet
  facet normal 0 0 -1
    outer loop
      vertex 113 57 0
      vertex 119 54 0
      vertex 117.825 54.077 0
    endloop
  endfacet
  facet normal 0 0 -1
    outer loop
      vertex 113 57 0
      vertex 117.825 54.077 0
      vertex 116.671 54.3067 0
    endloop
  endfacet
  facet normal 0 0 -1
    outer loop
      vertex 113 57 0
      vertex 116.671 54.3067 0
      vertex 115.556 54.6851 0
    endloop
  endfacet
  facet normal 0 0 -1
    outer loop
      vertex 113 57 0
      vertex 115.556 54.6851 0
      vertex 114.5 55.2058 0
    endloop
  endfacet
  facet normal 0 0 -1
    outer loop
      vertex 113 57 0
      vertex 114.5 55.2058 0
      vertex 113.521 55.8598 0
    endloop
  endfacet
  facet normal 0 0 -1
    outer loop
      vertex 119 54 0
      vertex 113 57 0
      vertex 179 57 0
    endloop
  endfacet
  facet normal 0 0 -1
    outer loop
      vertex 111.86 57.5211 0
      vertex 113 57 0
      vertex 112.636 56.636 0
    endloop
  endfacet
  facet normal 0 0 -1
    outer loop
      vertex 112.636 56.636 0
      vertex 113 57 0
      vertex 113.521 55.8598 0
    endloop
  endfacet
  facet normal 0 0 -1
    outer loop
      vertex 180.14 95.4789 0
      vertex 179 96 0
      vertex 179.364 96.364 0
    endloop
  endfacet
  facet normal 0 0 -1
    outer loop
      vertex 179 96 0
      vertex 178.479 97.1402 0
      vertex 179.364 96.364 0
    endloop
  endfacet
  facet normal 0 0 -1
    outer loop
      vertex 179 96 0
      vertex 177.5 97.7942 0
      vertex 178.479 97.1402 0
    endloop
  endfacet
  facet normal 0 0 -1
    outer loop
      vertex 179 96 0
      vertex 176.444 98.3149 0
      vertex 177.5 97.7942 0
    endloop
  endfacet
  facet normal 0 0 -1
    outer loop
      vertex 179 96 0
      vertex 175.329 98.6933 0
      vertex 176.444 98.3149 0
    endloop
  endfacet
  facet normal 0 0 -1
    outer loop
      vertex 179 96 0
      vertex 174.175 98.923 0
      vertex 175.329 98.6933 0
    endloop
  endfacet
  facet normal 0 0 -1
    outer loop
      vertex 179 96 0
      vertex 173 99 0
      vertex 174.175 98.923 0
    endloop
  endfacet
  facet normal 0 0 -1
    outer loop
      vertex 179 96 0
      vertex 119 99 0
      vertex 173 99 0
    endloop
  endfacet
  facet normal 0 0 -1
    outer loop
      vertex 113 96 0
      vertex 119 99 0
      vertex 179 96 0
    endloop
  endfacet
  facet normal 0 0 -1
    outer loop
      vertex 119 99 0
      vertex 113 96 0
      vertex 117.825 98.923 0
    endloop
  endfacet
  facet normal 0 0 -1
    outer loop
      vertex 117.825 98.923 0
      vertex 113 96 0
      vertex 116.671 98.6933 0
    endloop
  endfacet
  facet normal 0 0 -1
    outer loop
      vertex 116.671 98.6933 0
      vertex 113 96 0
      vertex 115.556 98.3149 0
    endloop
  endfacet
  facet normal 0 0 -1
    outer loop
      vertex 115.556 98.3149 0
      vertex 113 96 0
      vertex 114.5 97.7942 0
    endloop
  endfacet
  facet normal 0 0 -1
    outer loop
      vertex 114.5 97.7942 0
      vertex 113 96 0
      vertex 113.521 97.1402 0
    endloop
  endfacet
  facet normal 0 0 -1
    outer loop
      vertex 113 96 0
      vertex 112.636 96.364 0
      vertex 113.521 97.1402 0
    endloop
  endfacet
  facet normal 0 0 -1
    outer loop
      vertex 113 57 0
      vertex 110 63 0
      vertex 113 96 0
    endloop
  endfacet
  facet normal 0 0 -1
    outer loop
      vertex 111.206 58.5 0
      vertex 113 57 0
      vertex 111.86 57.5211 0
    endloop
  endfacet
  facet normal 0 0 -1
    outer loop
      vertex 110 90 0
      vertex 113 96 0
      vertex 110 63 0
    endloop
  endfacet
  facet normal 0 0 -1
    outer loop
      vertex 110.685 59.5558 0
      vertex 113 57 0
      vertex 111.206 58.5 0
    endloop
  endfacet
  facet normal 0 -0 -1
    outer loop
      vertex 110.077 91.1747 0
      vertex 113 96 0
      vertex 110 90 0
    endloop
  endfacet
  facet normal 0 0 -1
    outer loop
      vertex 110.307 60.6706 0
      vertex 113 57 0
      vertex 110.685 59.5558 0
    endloop
  endfacet
  facet normal -0 0 -1
    outer loop
      vertex 113 96 0
      vertex 111.86 95.4789 0
      vertex 112.636 96.364 0
    endloop
  endfacet
  facet normal 0 0 -1
    outer loop
      vertex 110.077 61.8253 0
      vertex 113 57 0
      vertex 110.307 60.6706 0
    endloop
  endfacet
  facet normal 0 0 -1
    outer loop
      vertex 113 96 0
      vertex 111.206 94.5 0
      vertex 111.86 95.4789 0
    endloop
  endfacet
  facet normal 0 0 -1
    outer loop
      vertex 113 57 0
      vertex 110.077 61.8253 0
      vertex 110 63 0
    endloop
  endfacet
  facet normal 0 0 -1
    outer loop
      vertex 113 96 0
      vertex 110.685 93.4442 0
      vertex 111.206 94.5 0
    endloop
  endfacet
  facet normal 0 0 -1
    outer loop
      vertex 113 96 0
      vertex 110.307 92.3294 0
      vertex 110.685 93.4442 0
    endloop
  endfacet
  facet normal 0 0 -1
    outer loop
      vertex 113 96 0
      vertex 110.077 91.1747 0
      vertex 110.307 92.3294 0
    endloop
  endfacet
  facet normal 0.94704 -0.321117 0
    outer loop
      vertex 181.315 59.5558 21
      vertex 181.693 60.6706 0
      vertex 181.693 60.6706 21
    endloop
  endfacet
  facet normal 0.94704 -0.321117 0
    outer loop
      vertex 181.693 60.6706 0
      vertex 181.315 59.5558 21
      vertex 181.315 59.5558 0
    endloop
  endfacet
  facet normal 0.659382 0.751808 -0
    outer loop
      vertex 179.364 96.364 0
      vertex 178.479 97.1402 21
      vertex 179.364 96.364 21
    endloop
  endfacet
  facet normal 0.659382 0.751808 0
    outer loop
      vertex 178.479 97.1402 21
      vertex 179.364 96.364 0
      vertex 178.479 97.1402 0
    endloop
  endfacet
  facet normal -0.94704 -0.321117 0
    outer loop
      vertex 110.685 59.5558 0
      vertex 110.307 60.6706 21
      vertex 110.307 60.6706 0
    endloop
  endfacet
  facet normal -0.94704 -0.321117 0
    outer loop
      vertex 110.307 60.6706 21
      vertex 110.685 59.5558 0
      vertex 110.685 59.5558 21
    endloop
  endfacet
  facet normal 0.751929 -0.659244 0
    outer loop
      vertex 179.364 56.636 21
      vertex 180.14 57.5211 0
      vertex 180.14 57.5211 21
    endloop
  endfacet
  facet normal 0.751929 -0.659244 0
    outer loop
      vertex 180.14 57.5211 0
      vertex 179.364 56.636 21
      vertex 179.364 56.636 0
    endloop
  endfacet
  facet normal 0.831501 -0.555523 0
    outer loop
      vertex 180.14 57.5211 21
      vertex 180.794 58.5 0
      vertex 180.794 58.5 21
    endloop
  endfacet
  facet normal 0.831501 -0.555523 0
    outer loop
      vertex 180.794 58.5 0
      vertex 180.14 57.5211 21
      vertex 180.14 57.5211 0
    endloop
  endfacet
  facet normal 1 0 0
    outer loop
      vertex 182 90 21
      vertex 182 82.5 11.1
      vertex 182 90 0
    endloop
  endfacet
  facet normal 1 0 0
    outer loop
      vertex 182 90 21
      vertex 182 70.5 11.1
      vertex 182 82.5 11.1
    endloop
  endfacet
  facet normal 1 0 0
    outer loop
      vertex 182 63 0
      vertex 182 70.5 11.1
      vertex 182 63 21
    endloop
  endfacet
  facet normal 1 -0 0
    outer loop
      vertex 182 63 21
      vertex 182 70.5 11.1
      vertex 182 90 21
    endloop
  endfacet
  facet normal 1 -0 0
    outer loop
      vertex 182 82.5 6.9
      vertex 182 90 0
      vertex 182 82.5 11.1
    endloop
  endfacet
  facet normal 1 -0 0
    outer loop
      vertex 182 70.5 6.9
      vertex 182 90 0
      vertex 182 82.5 6.9
    endloop
  endfacet
  facet normal 1 0 0
    outer loop
      vertex 182 70.5 6.9
      vertex 182 63 0
      vertex 182 90 0
    endloop
  endfacet
  facet normal 1 0 0
    outer loop
      vertex 182 70.5 11.1
      vertex 182 63 0
      vertex 182 70.5 6.9
    endloop
  endfacet
  facet normal 0.980734 -0.195348 0
    outer loop
      vertex 181.693 60.6706 21
      vertex 181.923 61.8253 0
      vertex 181.923 61.8253 21
    endloop
  endfacet
  facet normal 0.980734 -0.195348 0
    outer loop
      vertex 181.923 61.8253 0
      vertex 181.693 60.6706 21
      vertex 181.693 60.6706 0
    endloop
  endfacet
  facet normal 0.32137 -0.946954 0
    outer loop
      vertex 175.329 54.3067 0
      vertex 176.444 54.6851 21
      vertex 175.329 54.3067 21
    endloop
  endfacet
  facet normal 0.32137 -0.946954 0
    outer loop
      vertex 176.444 54.6851 21
      vertex 175.329 54.3067 0
      vertex 176.444 54.6851 0
    endloop
  endfacet
  facet normal -0 0 1
    outer loop
      vertex 179.6 90.2 21
      vertex 182 90 21
      vertex 181.923 91.1747 21
    endloop
  endfacet
  facet normal 0 0 1
    outer loop
      vertex 182 90 21
      vertex 179.6 90.2 21
      vertex 182 63 21
    endloop
  endfacet
  facet normal 0 0 1
    outer loop
      vertex 179.545 91.0354 21
      vertex 181.923 91.1747 21
      vertex 181.693 92.3294 21
    endloop
  endfacet
  facet normal 0 0 1
    outer loop
      vertex 179.6 62.8 21
      vertex 182 63 21
      vertex 179.6 90.2 21
    endloop
  endfacet
  facet normal 0 0 1
    outer loop
      vertex 179.382 91.8564 21
      vertex 181.693 92.3294 21
      vertex 181.315 93.4442 21
    endloop
  endfacet
  facet normal 0 0 1
    outer loop
      vertex 182 63 21
      vertex 179.6 62.8 21
      vertex 181.923 61.8253 21
    endloop
  endfacet
  facet normal 0 0 1
    outer loop
      vertex 179.113 92.6492 21
      vertex 181.315 93.4442 21
      vertex 180.794 94.5 21
    endloop
  endfacet
  facet normal -0 0 1
    outer loop
      vertex 179.545 61.9646 21
      vertex 181.923 61.8253 21
      vertex 179.6 62.8 21
    endloop
  endfacet
  facet normal 0 0 1
    outer loop
      vertex 178.743 93.4 21
      vertex 180.794 94.5 21
      vertex 180.14 95.4789 21
    endloop
  endfacet
  facet normal 0 0 1
    outer loop
      vertex 181.923 61.8253 21
      vertex 179.545 61.9646 21
      vertex 181.693 60.6706 21
    endloop
  endfacet
  facet normal -0 0 1
    outer loop
      vertex 179.382 61.1436 21
      vertex 181.693 60.6706 21
      vertex 179.545 61.9646 21
    endloop
  endfacet
  facet normal 0 0 1
    outer loop
      vertex 181.923 91.1747 21
      vertex 179.545 91.0354 21
      vertex 179.6 90.2 21
    endloop
  endfacet
  facet normal 0 0 1
    outer loop
      vertex 181.693 92.3294 21
      vertex 179.382 91.8564 21
      vertex 179.545 91.0354 21
    endloop
  endfacet
  facet normal 0 0 1
    outer loop
      vertex 178.277 94.0961 21
      vertex 180.14 95.4789 21
      vertex 179.364 96.364 21
    endloop
  endfacet
  facet normal 0 0 1
    outer loop
      vertex 181.315 93.4442 21
      vertex 179.113 92.6492 21
      vertex 179.382 91.8564 21
    endloop
  endfacet
  facet normal 0 0 1
    outer loop
      vertex 180.794 94.5 21
      vertex 178.743 93.4 21
      vertex 179.113 92.6492 21
    endloop
  endfacet
  facet normal 0 0 1
    outer loop
      vertex 177.096 95.2775 21
      vertex 179.364 96.364 21
      vertex 178.479 97.1402 21
    endloop
  endfacet
  facet normal 0 0 1
    outer loop
      vertex 180.14 95.4789 21
      vertex 178.277 94.0961 21
      vertex 178.743 93.4 21
    endloop
  endfacet
  facet normal 0 0 1
    outer loop
      vertex 179.364 96.364 21
      vertex 177.725 94.7255 21
      vertex 178.277 94.0961 21
    endloop
  endfacet
  facet normal 0 0 1
    outer loop
      vertex 176.4 95.7426 21
      vertex 178.479 97.1402 21
      vertex 177.5 97.7942 21
    endloop
  endfacet
  facet normal 0 0 1
    outer loop
      vertex 179.364 96.364 21
      vertex 177.096 95.2775 21
      vertex 177.725 94.7255 21
    endloop
  endfacet
  facet normal 0 0 1
    outer loop
      vertex 175.649 96.1128 21
      vertex 177.5 97.7942 21
      vertex 176.444 98.3149 21
    endloop
  endfacet
  facet normal 0 0 1
    outer loop
      vertex 178.479 97.1402 21
      vertex 176.4 95.7426 21
      vertex 177.096 95.2775 21
    endloop
  endfacet
  facet normal 0 0 1
    outer loop
      vertex 177.5 97.7942 21
      vertex 175.649 96.1128 21
      vertex 176.4 95.7426 21
    endloop
  endfacet
  facet normal 0 0 1
    outer loop
      vertex 174.856 96.3819 21
      vertex 176.444 98.3149 21
      vertex 175.329 98.6933 21
    endloop
  endfacet
  facet normal 0 0 1
    outer loop
      vertex 176.444 98.3149 21
      vertex 174.856 96.3819 21
      vertex 175.649 96.1128 21
    endloop
  endfacet
  facet normal 0 0 1
    outer loop
      vertex 174.035 96.5452 21
      vertex 175.329 98.6933 21
      vertex 174.175 98.923 21
    endloop
  endfacet
  facet normal 0 0 1
    outer loop
      vertex 175.329 98.6933 21
      vertex 174.035 96.5452 21
      vertex 174.856 96.3819 21
    endloop
  endfacet
  facet normal 0 0 1
    outer loop
      vertex 174.175 98.923 21
      vertex 173.2 96.6 21
      vertex 174.035 96.5452 21
    endloop
  endfacet
  facet normal 0 0 1
    outer loop
      vertex 173 99 21
      vertex 173.2 96.6 21
      vertex 174.175 98.923 21
    endloop
  endfacet
  facet normal -0 0 1
    outer loop
      vertex 119 99 21
      vertex 173.2 96.6 21
      vertex 173 99 21
    endloop
  endfacet
  facet normal 0 0 1
    outer loop
      vertex 119 99 21
      vertex 118.8 96.6 21
      vertex 173.2 96.6 21
    endloop
  endfacet
  facet normal -0 0 1
    outer loop
      vertex 117.825 98.923 21
      vertex 118.8 96.6 21
      vertex 119 99 21
    endloop
  endfacet
  facet normal 0 0 1
    outer loop
      vertex 118.8 96.6 21
      vertex 117.825 98.923 21
      vertex 117.965 96.5452 21
    endloop
  endfacet
  facet normal -0 0 1
    outer loop
      vertex 116.671 98.6933 21
      vertex 117.965 96.5452 21
      vertex 117.825 98.923 21
    endloop
  endfacet
  facet normal 0 0 1
    outer loop
      vertex 117.965 96.5452 21
      vertex 116.671 98.6933 21
      vertex 117.144 96.3819 21
    endloop
  endfacet
  facet normal -0 0 1
    outer loop
      vertex 115.556 98.3149 21
      vertex 117.144 96.3819 21
      vertex 116.671 98.6933 21
    endloop
  endfacet
  facet normal 0 0 1
    outer loop
      vertex 117.144 96.3819 21
      vertex 115.556 98.3149 21
      vertex 116.351 96.1128 21
    endloop
  endfacet
  facet normal -0 0 1
    outer loop
      vertex 114.5 97.7942 21
      vertex 116.351 96.1128 21
      vertex 115.556 98.3149 21
    endloop
  endfacet
  facet normal 0 0 1
    outer loop
      vertex 116.351 96.1128 21
      vertex 114.5 97.7942 21
      vertex 115.6 95.7426 21
    endloop
  endfacet
  facet normal -0 0 1
    outer loop
      vertex 113.521 97.1402 21
      vertex 115.6 95.7426 21
      vertex 114.5 97.7942 21
    endloop
  endfacet
  facet normal 0 0 1
    outer loop
      vertex 115.6 95.7426 21
      vertex 113.521 97.1402 21
      vertex 114.904 95.2775 21
    endloop
  endfacet
  facet normal -0 0 1
    outer loop
      vertex 112.636 96.364 21
      vertex 114.904 95.2775 21
      vertex 113.521 97.1402 21
    endloop
  endfacet
  facet normal 0 0 1
    outer loop
      vertex 114.904 95.2775 21
      vertex 112.636 96.364 21
      vertex 114.275 94.7255 21
    endloop
  endfacet
  facet normal 0 0 1
    outer loop
      vertex 114.275 94.7255 21
      vertex 112.636 96.364 21
      vertex 113.723 94.0961 21
    endloop
  endfacet
  facet normal -0 0 1
    outer loop
      vertex 111.86 95.4789 21
      vertex 113.723 94.0961 21
      vertex 112.636 96.364 21
    endloop
  endfacet
  facet normal 0 0 1
    outer loop
      vertex 113.723 94.0961 21
      vertex 111.86 95.4789 21
      vertex 113.257 93.4 21
    endloop
  endfacet
  facet normal -0 0 1
    outer loop
      vertex 111.206 94.5 21
      vertex 113.257 93.4 21
      vertex 111.86 95.4789 21
    endloop
  endfacet
  facet normal 0 0 1
    outer loop
      vertex 113.257 93.4 21
      vertex 111.206 94.5 21
      vertex 112.887 92.6492 21
    endloop
  endfacet
  facet normal -0 0 1
    outer loop
      vertex 110.685 93.4442 21
      vertex 112.887 92.6492 21
      vertex 111.206 94.5 21
    endloop
  endfacet
  facet normal -0 0 1
    outer loop
      vertex 110.307 92.3294 21
      vertex 112.618 91.8564 21
      vertex 110.685 93.4442 21
    endloop
  endfacet
  facet normal 0 0 1
    outer loop
      vertex 112.887 92.6492 21
      vertex 110.685 93.4442 21
      vertex 112.618 91.8564 21
    endloop
  endfacet
  facet normal 0 0 1
    outer loop
      vertex 181.693 60.6706 21
      vertex 179.382 61.1436 21
      vertex 181.315 59.5558 21
    endloop
  endfacet
  facet normal -0 0 1
    outer loop
      vertex 179.113 60.3508 21
      vertex 181.315 59.5558 21
      vertex 179.382 61.1436 21
    endloop
  endfacet
  facet normal 0 0 1
    outer loop
      vertex 181.315 59.5558 21
      vertex 179.113 60.3508 21
      vertex 180.794 58.5 21
    endloop
  endfacet
  facet normal -0 0 1
    outer loop
      vertex 178.743 59.6 21
      vertex 180.794 58.5 21
      vertex 179.113 60.3508 21
    endloop
  endfacet
  facet normal 0 0 1
    outer loop
      vertex 180.794 58.5 21
      vertex 178.743 59.6 21
      vertex 180.14 57.5211 21
    endloop
  endfacet
  facet normal -0 0 1
    outer loop
      vertex 178.277 58.9039 21
      vertex 180.14 57.5211 21
      vertex 178.743 59.6 21
    endloop
  endfacet
  facet normal 0 0 1
    outer loop
      vertex 180.14 57.5211 21
      vertex 178.277 58.9039 21
      vertex 179.364 56.636 21
    endloop
  endfacet
  facet normal -0 0 1
    outer loop
      vertex 177.725 58.2745 21
      vertex 179.364 56.636 21
      vertex 178.277 58.9039 21
    endloop
  endfacet
  facet normal -0 0 1
    outer loop
      vertex 177.096 57.7225 21
      vertex 179.364 56.636 21
      vertex 177.725 58.2745 21
    endloop
  endfacet
  facet normal 0 0 1
    outer loop
      vertex 179.364 56.636 21
      vertex 177.096 57.7225 21
      vertex 178.479 55.8598 21
    endloop
  endfacet
  facet normal -0 0 1
    outer loop
      vertex 176.4 57.2574 21
      vertex 178.479 55.8598 21
      vertex 177.096 57.7225 21
    endloop
  endfacet
  facet normal 0 0 1
    outer loop
      vertex 178.479 55.8598 21
      vertex 176.4 57.2574 21
      vertex 177.5 55.2058 21
    endloop
  endfacet
  facet normal -0 0 1
    outer loop
      vertex 175.649 56.8872 21
      vertex 177.5 55.2058 21
      vertex 176.4 57.2574 21
    endloop
  endfacet
  facet normal 0 0 1
    outer loop
      vertex 177.5 55.2058 21
      vertex 175.649 56.8872 21
      vertex 176.444 54.6851 21
    endloop
  endfacet
  facet normal -0 0 1
    outer loop
      vertex 174.856 56.6181 21
      vertex 176.444 54.6851 21
      vertex 175.649 56.8872 21
    endloop
  endfacet
  facet normal 0 0 1
    outer loop
      vertex 176.444 54.6851 21
      vertex 174.856 56.6181 21
      vertex 175.329 54.3067 21
    endloop
  endfacet
  facet normal -0 0 1
    outer loop
      vertex 174.035 56.4548 21
      vertex 175.329 54.3067 21
      vertex 174.856 56.6181 21
    endloop
  endfacet
  facet normal 0 0 1
    outer loop
      vertex 175.329 54.3067 21
      vertex 174.035 56.4548 21
      vertex 174.175 54.077 21
    endloop
  endfacet
  facet normal -0 0 1
    outer loop
      vertex 173.2 56.4 21
      vertex 174.175 54.077 21
      vertex 174.035 56.4548 21
    endloop
  endfacet
  facet normal 0 0 1
    outer loop
      vertex 173.2 56.4 21
      vertex 173 54 21
      vertex 174.175 54.077 21
    endloop
  endfacet
  facet normal 0 0 1
    outer loop
      vertex 173.2 56.4 21
      vertex 119 54 21
      vertex 173 54 21
    endloop
  endfacet
  facet normal -0 0 1
    outer loop
      vertex 118.8 56.4 21
      vertex 119 54 21
      vertex 173.2 56.4 21
    endloop
  endfacet
  facet normal 0 0 1
    outer loop
      vertex 117.825 54.077 21
      vertex 118.8 56.4 21
      vertex 117.965 56.4548 21
    endloop
  endfacet
  facet normal 0 0 1
    outer loop
      vertex 118.8 56.4 21
      vertex 117.825 54.077 21
      vertex 119 54 21
    endloop
  endfacet
  facet normal 0 0 1
    outer loop
      vertex 116.671 54.3067 21
      vertex 117.965 56.4548 21
      vertex 117.144 56.6181 21
    endloop
  endfacet
  facet normal 0 0 1
    outer loop
      vertex 117.965 56.4548 21
      vertex 116.671 54.3067 21
      vertex 117.825 54.077 21
    endloop
  endfacet
  facet normal 0 0 1
    outer loop
      vertex 115.556 54.6851 21
      vertex 117.144 56.6181 21
      vertex 116.351 56.8872 21
    endloop
  endfacet
  facet normal 0 0 1
    outer loop
      vertex 114.5 55.2058 21
      vertex 116.351 56.8872 21
      vertex 115.6 57.2574 21
    endloop
  endfacet
  facet normal 0 0 1
    outer loop
      vertex 117.144 56.6181 21
      vertex 115.556 54.6851 21
      vertex 116.671 54.3067 21
    endloop
  endfacet
  facet normal 0 0 1
    outer loop
      vertex 113.521 55.8598 21
      vertex 115.6 57.2574 21
      vertex 114.904 57.7225 21
    endloop
  endfacet
  facet normal 0 0 1
    outer loop
      vertex 116.351 56.8872 21
      vertex 114.5 55.2058 21
      vertex 115.556 54.6851 21
    endloop
  endfacet
  facet normal 0 0 1
    outer loop
      vertex 112.636 56.636 21
      vertex 114.904 57.7225 21
      vertex 114.275 58.2745 21
    endloop
  endfacet
  facet normal 0 0 1
    outer loop
      vertex 112.636 56.636 21
      vertex 114.275 58.2745 21
      vertex 113.723 58.9039 21
    endloop
  endfacet
  facet normal 0 0 1
    outer loop
      vertex 115.6 57.2574 21
      vertex 113.521 55.8598 21
      vertex 114.5 55.2058 21
    endloop
  endfacet
  facet normal 0 0 1
    outer loop
      vertex 111.86 57.5211 21
      vertex 113.723 58.9039 21
      vertex 113.257 59.6 21
    endloop
  endfacet
  facet normal 0 0 1
    outer loop
      vertex 111.206 58.5 21
      vertex 113.257 59.6 21
      vertex 112.887 60.3508 21
    endloop
  endfacet
  facet normal 0 0 1
    outer loop
      vertex 114.904 57.7225 21
      vertex 112.636 56.636 21
      vertex 113.521 55.8598 21
    endloop
  endfacet
  facet normal 0 0 1
    outer loop
      vertex 110.685 59.5558 21
      vertex 112.887 60.3508 21
      vertex 112.618 61.1436 21
    endloop
  endfacet
  facet normal 0 0 1
    outer loop
      vertex 110.307 60.6706 21
      vertex 112.618 61.1436 21
      vertex 112.455 61.9646 21
    endloop
  endfacet
  facet normal 0 0 1
    outer loop
      vertex 110.077 61.8253 21
      vertex 112.455 61.9646 21
      vertex 112.4 62.8 21
    endloop
  endfacet
  facet normal 0 0 1
    outer loop
      vertex 113.723 58.9039 21
      vertex 111.86 57.5211 21
      vertex 112.636 56.636 21
    endloop
  endfacet
  facet normal 0 0 1
    outer loop
      vertex 112.4 90.2 21
      vertex 110 90 21
      vertex 112.4 62.8 21
    endloop
  endfacet
  facet normal 0 0 1
    outer loop
      vertex 112.618 91.8564 21
      vertex 110.307 92.3294 21
      vertex 112.455 91.0354 21
    endloop
  endfacet
  facet normal -0 0 1
    outer loop
      vertex 110 63 21
      vertex 112.4 62.8 21
      vertex 110 90 21
    endloop
  endfacet
  facet normal -0 0 1
    outer loop
      vertex 110.077 91.1747 21
      vertex 112.455 91.0354 21
      vertex 110.307 92.3294 21
    endloop
  endfacet
  facet normal 0 -0 1
    outer loop
      vertex 110.077 61.8253 21
      vertex 112.4 62.8 21
      vertex 110 63 21
    endloop
  endfacet
  facet normal 0 0 1
    outer loop
      vertex 112.455 91.0354 21
      vertex 110.077 91.1747 21
      vertex 112.4 90.2 21
    endloop
  endfacet
  facet normal 0 0 1
    outer loop
      vertex 113.257 59.6 21
      vertex 111.206 58.5 21
      vertex 111.86 57.5211 21
    endloop
  endfacet
  facet normal 0 0 1
    outer loop
      vertex 112.4 90.2 21
      vertex 110.077 91.1747 21
      vertex 110 90 21
    endloop
  endfacet
  facet normal 0 0 1
    outer loop
      vertex 112.887 60.3508 21
      vertex 110.685 59.5558 21
      vertex 111.206 58.5 21
    endloop
  endfacet
  facet normal 0 0 1
    outer loop
      vertex 112.618 61.1436 21
      vertex 110.307 60.6706 21
      vertex 110.685 59.5558 21
    endloop
  endfacet
  facet normal 0 0 1
    outer loop
      vertex 112.455 61.9646 21
      vertex 110.077 61.8253 21
      vertex 110.307 60.6706 21
    endloop
  endfacet
  facet normal 0.896759 0.442519 0
    outer loop
      vertex 181.315 93.4442 21
      vertex 180.794 94.5 0
      vertex 180.794 94.5 21
    endloop
  endfacet
  facet normal 0.896759 0.442519 0
    outer loop
      vertex 180.794 94.5 0
      vertex 181.315 93.4442 21
      vertex 181.315 93.4442 0
    endloop
  endfacet
  facet normal -0.321346 0.946962 0
    outer loop
      vertex 175.649 56.8872 2.2
      vertex 174.856 56.6181 21
      vertex 175.649 56.8872 21
    endloop
  endfacet
  facet normal -0.321346 0.946962 0
    outer loop
      vertex 174.856 56.6181 21
      vertex 175.649 56.8872 2.2
      vertex 174.856 56.6181 2.2
    endloop
  endfacet
  facet normal 0 1 -0
    outer loop
      vertex 173.2 56.4 2.2
      vertex 118.8 56.4 21
      vertex 173.2 56.4 21
    endloop
  endfacet
  facet normal 0 1 0
    outer loop
      vertex 118.8 56.4 21
      vertex 173.2 56.4 2.2
      vertex 118.8 56.4 2.2
    endloop
  endfacet
  facet normal -0.195082 0.980787 0
    outer loop
      vertex 174.856 56.6181 2.2
      vertex 174.035 56.4548 21
      vertex 174.856 56.6181 21
    endloop
  endfacet
  facet normal -0.195082 0.980787 0
    outer loop
      vertex 174.035 56.4548 21
      vertex 174.856 56.6181 2.2
      vertex 174.035 56.4548 2.2
    endloop
  endfacet
  facet normal -0.980855 0.194737 0
    outer loop
      vertex 179.382 61.1436 2.2
      vertex 179.545 61.9646 21
      vertex 179.545 61.9646 2.2
    endloop
  endfacet
  facet normal -0.980855 0.194737 0
    outer loop
      vertex 179.545 61.9646 21
      vertex 179.382 61.1436 2.2
      vertex 179.382 61.1436 21
    endloop
  endfacet
  facet normal -0.0654879 0.997853 0
    outer loop
      vertex 174.035 56.4548 2.2
      vertex 173.2 56.4 21
      vertex 174.035 56.4548 21
    endloop
  endfacet
  facet normal -0.0654879 0.997853 0
    outer loop
      vertex 173.2 56.4 21
      vertex 174.035 56.4548 2.2
      vertex 173.2 56.4 2.2
    endloop
  endfacet
  facet normal 0.321346 0.946962 -0
    outer loop
      vertex 117.144 56.6181 2.2
      vertex 116.351 56.8872 21
      vertex 117.144 56.6181 21
    endloop
  endfacet
  facet normal 0.321346 0.946962 0
    outer loop
      vertex 116.351 56.8872 21
      vertex 117.144 56.6181 2.2
      vertex 116.351 56.8872 2.2
    endloop
  endfacet
  facet normal 0.55561 -0.831443 0
    outer loop
      vertex 114.904 95.2775 2.2
      vertex 115.6 95.7426 21
      vertex 114.904 95.2775 21
    endloop
  endfacet
  facet normal 0.55561 -0.831443 0
    outer loop
      vertex 115.6 95.7426 21
      vertex 114.904 95.2775 2.2
      vertex 115.6 95.7426 2.2
    endloop
  endfacet
  facet normal 0.442142 -0.896945 0
    outer loop
      vertex 115.6 95.7426 2.2
      vertex 116.351 96.1128 21
      vertex 115.6 95.7426 21
    endloop
  endfacet
  facet normal 0.442142 -0.896945 0
    outer loop
      vertex 116.351 96.1128 21
      vertex 115.6 95.7426 2.2
      vertex 116.351 96.1128 2.2
    endloop
  endfacet
  facet normal -0.55561 0.831443 0
    outer loop
      vertex 177.096 57.7225 2.2
      vertex 176.4 57.2574 21
      vertex 177.096 57.7225 21
    endloop
  endfacet
  facet normal -0.55561 0.831443 0
    outer loop
      vertex 176.4 57.2574 21
      vertex 177.096 57.7225 2.2
      vertex 176.4 57.2574 2.2
    endloop
  endfacet
  facet normal -0.195082 -0.980787 0
    outer loop
      vertex 174.035 96.5452 2.2
      vertex 174.856 96.3819 21
      vertex 174.035 96.5452 21
    endloop
  endfacet
  facet normal -0.195082 -0.980787 -0
    outer loop
      vertex 174.856 96.3819 21
      vertex 174.035 96.5452 2.2
      vertex 174.856 96.3819 2.2
    endloop
  endfacet
  facet normal -0.55561 -0.831443 0
    outer loop
      vertex 176.4 95.7426 2.2
      vertex 177.096 95.2775 21
      vertex 176.4 95.7426 21
    endloop
  endfacet
  facet normal -0.55561 -0.831443 -0
    outer loop
      vertex 177.096 95.2775 21
      vertex 176.4 95.7426 2.2
      vertex 177.096 95.2775 2.2
    endloop
  endfacet
  facet normal -0.442142 -0.896945 0
    outer loop
      vertex 175.649 96.1128 2.2
      vertex 176.4 95.7426 21
      vertex 175.649 96.1128 21
    endloop
  endfacet
  facet normal -0.442142 -0.896945 -0
    outer loop
      vertex 176.4 95.7426 21
      vertex 175.649 96.1128 2.2
      vertex 176.4 95.7426 2.2
    endloop
  endfacet
  facet normal 0.442142 0.896945 -0
    outer loop
      vertex 116.351 56.8872 2.2
      vertex 115.6 57.2574 21
      vertex 116.351 56.8872 21
    endloop
  endfacet
  facet normal 0.442142 0.896945 0
    outer loop
      vertex 115.6 57.2574 21
      vertex 116.351 56.8872 2.2
      vertex 115.6 57.2574 2.2
    endloop
  endfacet
  facet normal 0.896993 0.442045 0
    outer loop
      vertex 113.257 59.6 21
      vertex 112.887 60.3508 2.2
      vertex 112.887 60.3508 21
    endloop
  endfacet
  facet normal 0.896993 0.442045 0
    outer loop
      vertex 112.887 60.3508 2.2
      vertex 113.257 59.6 21
      vertex 113.257 59.6 2.2
    endloop
  endfacet
  facet normal 0.751821 0.659367 0
    outer loop
      vertex 114.275 58.2745 21
      vertex 113.723 58.9039 2.2
      vertex 113.723 58.9039 21
    endloop
  endfacet
  facet normal 0.751821 0.659367 0
    outer loop
      vertex 113.723 58.9039 2.2
      vertex 114.275 58.2745 21
      vertex 114.275 58.2745 2.2
    endloop
  endfacet
  facet normal 0.751821 -0.659367 0
    outer loop
      vertex 113.723 94.0961 21
      vertex 114.275 94.7255 2.2
      vertex 114.275 94.7255 21
    endloop
  endfacet
  facet normal 0.751821 -0.659367 0
    outer loop
      vertex 114.275 94.7255 2.2
      vertex 113.723 94.0961 21
      vertex 113.723 94.0961 2.2
    endloop
  endfacet
  facet normal -0.99784 -0.0656945 0
    outer loop
      vertex 179.6 90.2 2.2
      vertex 179.545 91.0354 21
      vertex 179.545 91.0354 2.2
    endloop
  endfacet
  facet normal -0.99784 -0.0656945 0
    outer loop
      vertex 179.545 91.0354 21
      vertex 179.6 90.2 2.2
      vertex 179.6 90.2 21
    endloop
  endfacet
  facet normal 0.99784 0.0656945 0
    outer loop
      vertex 112.455 61.9646 21
      vertex 112.4 62.8 2.2
      vertex 112.4 62.8 21
    endloop
  endfacet
  facet normal 0.99784 0.0656945 0
    outer loop
      vertex 112.4 62.8 2.2
      vertex 112.455 61.9646 21
      vertex 112.455 61.9646 2.2
    endloop
  endfacet
  facet normal 0 -1 0
    outer loop
      vertex 118.8 96.6 2.2
      vertex 173.2 96.6 21
      vertex 118.8 96.6 21
    endloop
  endfacet
  facet normal 0 -1 -0
    outer loop
      vertex 173.2 96.6 21
      vertex 118.8 96.6 2.2
      vertex 173.2 96.6 2.2
    endloop
  endfacet
  facet normal -0.0654879 -0.997853 0
    outer loop
      vertex 173.2 96.6 2.2
      vertex 174.035 96.5452 21
      vertex 173.2 96.6 21
    endloop
  endfacet
  facet normal -0.0654879 -0.997853 -0
    outer loop
      vertex 174.035 96.5452 21
      vertex 173.2 96.6 2.2
      vertex 174.035 96.5452 2.2
    endloop
  endfacet
  facet normal 0.0654879 -0.997853 0
    outer loop
      vertex 117.965 96.5452 2.2
      vertex 118.8 96.6 21
      vertex 117.965 96.5452 21
    endloop
  endfacet
  facet normal 0.0654879 -0.997853 0
    outer loop
      vertex 118.8 96.6 21
      vertex 117.965 96.5452 2.2
      vertex 118.8 96.6 2.2
    endloop
  endfacet
  facet normal -1 0 0
    outer loop
      vertex 179.6 62.8 2.2
      vertex 179.6 90.2 21
      vertex 179.6 90.2 2.2
    endloop
  endfacet
  facet normal -1 -0 0
    outer loop
      vertex 179.6 90.2 21
      vertex 179.6 62.8 2.2
      vertex 179.6 62.8 21
    endloop
  endfacet
  facet normal 0.99784 -0.0656945 0
    outer loop
      vertex 112.4 90.2 21
      vertex 112.455 91.0354 2.2
      vertex 112.455 91.0354 21
    endloop
  endfacet
  facet normal 0.99784 -0.0656945 0
    outer loop
      vertex 112.455 91.0354 2.2
      vertex 112.4 90.2 21
      vertex 112.4 90.2 2.2
    endloop
  endfacet
  facet normal 0.321346 -0.946962 0
    outer loop
      vertex 116.351 96.1128 2.2
      vertex 117.144 96.3819 21
      vertex 116.351 96.1128 21
    endloop
  endfacet
  facet normal 0.321346 -0.946962 0
    outer loop
      vertex 117.144 96.3819 21
      vertex 116.351 96.1128 2.2
      vertex 117.144 96.3819 2.2
    endloop
  endfacet
  facet normal 1 0 0
    outer loop
      vertex 112.4 90.2 21
      vertex 112.4 86.5 11.5
      vertex 112.4 90.2 2.2
    endloop
  endfacet
  facet normal 1 0 0
    outer loop
      vertex 112.4 90.2 21
      vertex 112.4 76.5 11.5
      vertex 112.4 86.5 11.5
    endloop
  endfacet
  facet normal 1 0 0
    outer loop
      vertex 112.4 62.8 2.2
      vertex 112.4 76.5 11.5
      vertex 112.4 62.8 21
    endloop
  endfacet
  facet normal 1 -0 0
    outer loop
      vertex 112.4 62.8 21
      vertex 112.4 76.5 11.5
      vertex 112.4 90.2 21
    endloop
  endfacet
  facet normal 1 -0 0
    outer loop
      vertex 112.4 86.5 5.5
      vertex 112.4 90.2 2.2
      vertex 112.4 86.5 11.5
    endloop
  endfacet
  facet normal 1 -0 0
    outer loop
      vertex 112.4 76.5 5.5
      vertex 112.4 90.2 2.2
      vertex 112.4 86.5 5.5
    endloop
  endfacet
  facet normal 1 0 0
    outer loop
      vertex 112.4 76.5 5.5
      vertex 112.4 62.8 2.2
      vertex 112.4 90.2 2.2
    endloop
  endfacet
  facet normal 1 0 0
    outer loop
      vertex 112.4 76.5 11.5
      vertex 112.4 62.8 2.2
      vertex 112.4 76.5 5.5
    endloop
  endfacet
  facet normal 0.946974 -0.321312 0
    outer loop
      vertex 112.618 91.8564 21
      vertex 112.887 92.6492 2.2
      vertex 112.887 92.6492 21
    endloop
  endfacet
  facet normal 0.946974 -0.321312 0
    outer loop
      vertex 112.887 92.6492 2.2
      vertex 112.618 91.8564 21
      vertex 112.618 91.8564 2.2
    endloop
  endfacet
  facet normal 0.980855 -0.194737 0
    outer loop
      vertex 112.455 91.0354 21
      vertex 112.618 91.8564 2.2
      vertex 112.618 91.8564 21
    endloop
  endfacet
  facet normal 0.980855 -0.194737 0
    outer loop
      vertex 112.618 91.8564 2.2
      vertex 112.455 91.0354 21
      vertex 112.455 91.0354 2.2
    endloop
  endfacet
  facet normal 0.659604 0.751614 -0
    outer loop
      vertex 114.904 57.7225 2.2
      vertex 114.275 58.2745 21
      vertex 114.904 57.7225 21
    endloop
  endfacet
  facet normal 0.659604 0.751614 0
    outer loop
      vertex 114.275 58.2745 21
      vertex 114.904 57.7225 2.2
      vertex 114.275 58.2745 2.2
    endloop
  endfacet
  facet normal -0.751821 0.659367 0
    outer loop
      vertex 177.725 58.2745 2.2
      vertex 178.277 58.9039 21
      vertex 178.277 58.9039 2.2
    endloop
  endfacet
  facet normal -0.751821 0.659367 0
    outer loop
      vertex 178.277 58.9039 21
      vertex 177.725 58.2745 2.2
      vertex 177.725 58.2745 21
    endloop
  endfacet
  facet normal 0.55561 0.831443 -0
    outer loop
      vertex 115.6 57.2574 2.2
      vertex 114.904 57.7225 21
      vertex 115.6 57.2574 21
    endloop
  endfacet
  facet normal 0.55561 0.831443 0
    outer loop
      vertex 114.904 57.7225 21
      vertex 115.6 57.2574 2.2
      vertex 114.904 57.7225 2.2
    endloop
  endfacet
  facet normal 0.195082 0.980787 -0
    outer loop
      vertex 117.965 56.4548 2.2
      vertex 117.144 56.6181 21
      vertex 117.965 56.4548 21
    endloop
  endfacet
  facet normal 0.195082 0.980787 0
    outer loop
      vertex 117.144 56.6181 21
      vertex 117.965 56.4548 2.2
      vertex 117.144 56.6181 2.2
    endloop
  endfacet
  facet normal 0.0654879 0.997853 -0
    outer loop
      vertex 118.8 56.4 2.2
      vertex 117.965 56.4548 21
      vertex 118.8 56.4 21
    endloop
  endfacet
  facet normal 0.0654879 0.997853 0
    outer loop
      vertex 117.965 56.4548 21
      vertex 118.8 56.4 2.2
      vertex 117.965 56.4548 2.2
    endloop
  endfacet
  facet normal 0.659604 -0.751614 0
    outer loop
      vertex 114.275 94.7255 2.2
      vertex 114.904 95.2775 21
      vertex 114.275 94.7255 21
    endloop
  endfacet
  facet normal 0.659604 -0.751614 0
    outer loop
      vertex 114.904 95.2775 21
      vertex 114.275 94.7255 2.2
      vertex 114.904 95.2775 2.2
    endloop
  endfacet
  facet normal 0.195082 -0.980787 0
    outer loop
      vertex 117.144 96.3819 2.2
      vertex 117.965 96.5452 21
      vertex 117.144 96.3819 21
    endloop
  endfacet
  facet normal 0.195082 -0.980787 0
    outer loop
      vertex 117.965 96.5452 21
      vertex 117.144 96.3819 2.2
      vertex 117.965 96.5452 2.2
    endloop
  endfacet
  facet normal -0.980855 -0.194737 0
    outer loop
      vertex 179.545 91.0354 2.2
      vertex 179.382 91.8564 21
      vertex 179.382 91.8564 2.2
    endloop
  endfacet
  facet normal -0.980855 -0.194737 0
    outer loop
      vertex 179.382 91.8564 21
      vertex 179.545 91.0354 2.2
      vertex 179.545 91.0354 21
    endloop
  endfacet
  facet normal 0.830984 0.556297 0
    outer loop
      vertex 113.723 58.9039 21
      vertex 113.257 59.6 2.2
      vertex 113.257 59.6 21
    endloop
  endfacet
  facet normal 0.830984 0.556297 0
    outer loop
      vertex 113.257 59.6 2.2
      vertex 113.723 58.9039 21
      vertex 113.723 58.9039 2.2
    endloop
  endfacet
  facet normal 0.946974 0.321312 0
    outer loop
      vertex 112.887 60.3508 21
      vertex 112.618 61.1436 2.2
      vertex 112.618 61.1436 21
    endloop
  endfacet
  facet normal 0.946974 0.321312 0
    outer loop
      vertex 112.618 61.1436 2.2
      vertex 112.887 60.3508 21
      vertex 112.887 60.3508 2.2
    endloop
  endfacet
  facet normal -0.946974 -0.321312 0
    outer loop
      vertex 179.382 91.8564 2.2
      vertex 179.113 92.6492 21
      vertex 179.113 92.6492 2.2
    endloop
  endfacet
  facet normal -0.946974 -0.321312 0
    outer loop
      vertex 179.113 92.6492 21
      vertex 179.382 91.8564 2.2
      vertex 179.382 91.8564 21
    endloop
  endfacet
  facet normal -0.830984 -0.556297 0
    outer loop
      vertex 178.743 93.4 2.2
      vertex 178.277 94.0961 21
      vertex 178.277 94.0961 2.2
    endloop
  endfacet
  facet normal -0.830984 -0.556297 0
    outer loop
      vertex 178.277 94.0961 21
      vertex 178.743 93.4 2.2
      vertex 178.743 93.4 21
    endloop
  endfacet
  facet normal -0.321346 -0.946962 0
    outer loop
      vertex 174.856 96.3819 2.2
      vertex 175.649 96.1128 21
      vertex 174.856 96.3819 21
    endloop
  endfacet
  facet normal -0.321346 -0.946962 -0
    outer loop
      vertex 175.649 96.1128 21
      vertex 174.856 96.3819 2.2
      vertex 175.649 96.1128 2.2
    endloop
  endfacet
  facet normal 0.896993 -0.442045 0
    outer loop
      vertex 112.887 92.6492 21
      vertex 113.257 93.4 2.2
      vertex 113.257 93.4 21
    endloop
  endfacet
  facet normal 0.896993 -0.442045 0
    outer loop
      vertex 113.257 93.4 2.2
      vertex 112.887 92.6492 21
      vertex 112.887 92.6492 2.2
    endloop
  endfacet
  facet normal 0.830984 -0.556297 0
    outer loop
      vertex 113.257 93.4 21
      vertex 113.723 94.0961 2.2
      vertex 113.723 94.0961 21
    endloop
  endfacet
  facet normal 0.830984 -0.556297 0
    outer loop
      vertex 113.723 94.0961 2.2
      vertex 113.257 93.4 21
      vertex 113.257 93.4 2.2
    endloop
  endfacet
  facet normal -0.751821 -0.659367 0
    outer loop
      vertex 178.277 94.0961 2.2
      vertex 177.725 94.7255 21
      vertex 177.725 94.7255 2.2
    endloop
  endfacet
  facet normal -0.751821 -0.659367 0
    outer loop
      vertex 177.725 94.7255 21
      vertex 178.277 94.0961 2.2
      vertex 178.277 94.0961 21
    endloop
  endfacet
  facet normal 0.980855 0.194737 0
    outer loop
      vertex 112.618 61.1436 21
      vertex 112.455 61.9646 2.2
      vertex 112.455 61.9646 21
    endloop
  endfacet
  facet normal 0.980855 0.194737 0
    outer loop
      vertex 112.455 61.9646 2.2
      vertex 112.618 61.1436 21
      vertex 112.618 61.1436 2.2
    endloop
  endfacet
  facet normal -0.659604 0.751614 0
    outer loop
      vertex 177.725 58.2745 2.2
      vertex 177.096 57.7225 21
      vertex 177.725 58.2745 21
    endloop
  endfacet
  facet normal -0.659604 0.751614 0
    outer loop
      vertex 177.096 57.7225 21
      vertex 177.725 58.2745 2.2
      vertex 177.096 57.7225 2.2
    endloop
  endfacet
  facet normal -0.896993 0.442045 0
    outer loop
      vertex 178.743 59.6 2.2
      vertex 179.113 60.3508 21
      vertex 179.113 60.3508 2.2
    endloop
  endfacet
  facet normal -0.896993 0.442045 0
    outer loop
      vertex 179.113 60.3508 21
      vertex 178.743 59.6 2.2
      vertex 178.743 59.6 21
    endloop
  endfacet
  facet normal 0 0 1
    outer loop
      vertex 116.081 91.0808 2.2
      vertex 116 91 2.2
      vertex 116.173 91 2.2
    endloop
  endfacet
  facet normal 0 0 1
    outer loop
      vertex 115.799 91.5025 2.2
      vertex 116 89 2.2
      vertex 116 91 2.2
    endloop
  endfacet
  facet normal 0 0 1
    outer loop
      vertex 115.744 91.6635 2.2
      vertex 116 89 2.2
      vertex 115.799 91.5025 2.2
    endloop
  endfacet
  facet normal 0 0 1
    outer loop
      vertex 115.874 91.35 2.2
      vertex 116 91 2.2
      vertex 115.969 91.2086 2.2
    endloop
  endfacet
  facet normal 0 0 1
    outer loop
      vertex 115.969 91.2086 2.2
      vertex 116 91 2.2
      vertex 116.081 91.0808 2.2
    endloop
  endfacet
  facet normal 0 0 1
    outer loop
      vertex 118.8 96.6 2.2
      vertex 118.289 92.1697 2.2
      vertex 118.3 92 2.2
    endloop
  endfacet
  facet normal 0 0 1
    outer loop
      vertex 118.8 96.6 2.2
      vertex 118.256 92.3365 2.2
      vertex 118.289 92.1697 2.2
    endloop
  endfacet
  facet normal 0 0 1
    outer loop
      vertex 118.8 96.6 2.2
      vertex 118.201 92.4975 2.2
      vertex 118.256 92.3365 2.2
    endloop
  endfacet
  facet normal 0 0 1
    outer loop
      vertex 118.8 96.6 2.2
      vertex 118.126 92.65 2.2
      vertex 118.201 92.4975 2.2
    endloop
  endfacet
  facet normal 0 0 1
    outer loop
      vertex 118.8 96.6 2.2
      vertex 118.031 92.7914 2.2
      vertex 118.126 92.65 2.2
    endloop
  endfacet
  facet normal 0 0 1
    outer loop
      vertex 117.65 93.1258 2.2
      vertex 118.8 96.6 2.2
      vertex 117.965 96.5452 2.2
    endloop
  endfacet
  facet normal 0 0 1
    outer loop
      vertex 118.8 96.6 2.2
      vertex 117.919 92.9192 2.2
      vertex 118.031 92.7914 2.2
    endloop
  endfacet
  facet normal 0 0 1
    outer loop
      vertex 118.8 96.6 2.2
      vertex 117.791 93.0314 2.2
      vertex 117.919 92.9192 2.2
    endloop
  endfacet
  facet normal 0 0 1
    outer loop
      vertex 118.8 96.6 2.2
      vertex 117.65 93.1258 2.2
      vertex 117.791 93.0314 2.2
    endloop
  endfacet
  facet normal 0 0 1
    outer loop
      vertex 117.965 96.5452 2.2
      vertex 117.497 93.201 2.2
      vertex 117.65 93.1258 2.2
    endloop
  endfacet
  facet normal 0 0 1
    outer loop
      vertex 117.965 96.5452 2.2
      vertex 117.336 93.2557 2.2
      vertex 117.497 93.201 2.2
    endloop
  endfacet
  facet normal -0 0 1
    outer loop
      vertex 117.144 96.3819 2.2
      vertex 117.336 93.2557 2.2
      vertex 117.965 96.5452 2.2
    endloop
  endfacet
  facet normal 0 0 1
    outer loop
      vertex 117.336 93.2557 2.2
      vertex 117.144 96.3819 2.2
      vertex 117.17 93.2889 2.2
    endloop
  endfacet
  facet normal -0 0 1
    outer loop
      vertex 116.351 96.1128 2.2
      vertex 117.17 93.2889 2.2
      vertex 117.144 96.3819 2.2
    endloop
  endfacet
  facet normal 0 0 1
    outer loop
      vertex 117.17 93.2889 2.2
      vertex 116.351 96.1128 2.2
      vertex 117 93.3 2.2
    endloop
  endfacet
  facet normal 0 0 1
    outer loop
      vertex 117 93.3 2.2
      vertex 116.351 96.1128 2.2
      vertex 116.83 93.2889 2.2
    endloop
  endfacet
  facet normal -0 0 1
    outer loop
      vertex 115.6 95.7426 2.2
      vertex 116.83 93.2889 2.2
      vertex 116.351 96.1128 2.2
    endloop
  endfacet
  facet normal 0 0 1
    outer loop
      vertex 116.83 93.2889 2.2
      vertex 115.6 95.7426 2.2
      vertex 116.664 93.2557 2.2
    endloop
  endfacet
  facet normal 0 0 1
    outer loop
      vertex 116.664 93.2557 2.2
      vertex 115.6 95.7426 2.2
      vertex 116.503 93.201 2.2
    endloop
  endfacet
  facet normal -0 0 1
    outer loop
      vertex 114.904 95.2775 2.2
      vertex 116.503 93.201 2.2
      vertex 115.6 95.7426 2.2
    endloop
  endfacet
  facet normal 0 0 1
    outer loop
      vertex 116.503 93.201 2.2
      vertex 114.904 95.2775 2.2
      vertex 116.35 93.1258 2.2
    endloop
  endfacet
  facet normal 0 0 1
    outer loop
      vertex 116.35 93.1258 2.2
      vertex 114.904 95.2775 2.2
      vertex 116.209 93.0314 2.2
    endloop
  endfacet
  facet normal -0 0 1
    outer loop
      vertex 114.275 94.7255 2.2
      vertex 116.209 93.0314 2.2
      vertex 114.904 95.2775 2.2
    endloop
  endfacet
  facet normal 0 0 1
    outer loop
      vertex 116.209 93.0314 2.2
      vertex 114.275 94.7255 2.2
      vertex 116.081 92.9192 2.2
    endloop
  endfacet
  facet normal 0 0 1
    outer loop
      vertex 116.081 92.9192 2.2
      vertex 114.275 94.7255 2.2
      vertex 115.969 92.7914 2.2
    endloop
  endfacet
  facet normal -0 0 1
    outer loop
      vertex 113.723 94.0961 2.2
      vertex 115.969 92.7914 2.2
      vertex 114.275 94.7255 2.2
    endloop
  endfacet
  facet normal -0 0 1
    outer loop
      vertex 113.257 93.4 2.2
      vertex 115.799 92.4975 2.2
      vertex 113.723 94.0961 2.2
    endloop
  endfacet
  facet normal 0 0 1
    outer loop
      vertex 115.874 92.65 2.2
      vertex 113.723 94.0961 2.2
      vertex 115.799 92.4975 2.2
    endloop
  endfacet
  facet normal 0 0 1
    outer loop
      vertex 115.969 92.7914 2.2
      vertex 113.723 94.0961 2.2
      vertex 115.874 92.65 2.2
    endloop
  endfacet
  facet normal 0 0 1
    outer loop
      vertex 118.3 61 2.2
      vertex 173.7 61 2.2
      vertex 173.711 61.1697 2.2
    endloop
  endfacet
  facet normal 0 0 1
    outer loop
      vertex 173.7 61 2.2
      vertex 118.8 56.4 2.2
      vertex 173.2 56.4 2.2
    endloop
  endfacet
  facet normal 0 0 1
    outer loop
      vertex 118.289 61.1697 2.2
      vertex 173.711 61.1697 2.2
      vertex 173.744 61.3365 2.2
    endloop
  endfacet
  facet normal 0 0 1
    outer loop
      vertex 118.256 61.3365 2.2
      vertex 173.744 61.3365 2.2
      vertex 173.799 61.4975 2.2
    endloop
  endfacet
  facet normal 0 0 1
    outer loop
      vertex 118.201 61.4975 2.2
      vertex 173.799 61.4975 2.2
      vertex 173.874 61.65 2.2
    endloop
  endfacet
  facet normal 0 0 1
    outer loop
      vertex 118.126 61.65 2.2
      vertex 173.874 61.65 2.2
      vertex 173.969 61.7914 2.2
    endloop
  endfacet
  facet normal 0 0 1
    outer loop
      vertex 118.031 61.7914 2.2
      vertex 173.969 61.7914 2.2
      vertex 174.081 61.9192 2.2
    endloop
  endfacet
  facet normal 0 0 1
    outer loop
      vertex 117.919 61.9192 2.2
      vertex 174.081 61.9192 2.2
      vertex 174.173 62 2.2
    endloop
  endfacet
  facet normal 0 0 1
    outer loop
      vertex 173.7 61 2.2
      vertex 118.3 61 2.2
      vertex 118.8 56.4 2.2
    endloop
  endfacet
  facet normal 0 0 1
    outer loop
      vertex 173.711 61.1697 2.2
      vertex 118.289 61.1697 2.2
      vertex 118.3 61 2.2
    endloop
  endfacet
  facet normal 0 0 1
    outer loop
      vertex 173.744 61.3365 2.2
      vertex 118.256 61.3365 2.2
      vertex 118.289 61.1697 2.2
    endloop
  endfacet
  facet normal 0 0 1
    outer loop
      vertex 173.799 61.4975 2.2
      vertex 118.201 61.4975 2.2
      vertex 118.256 61.3365 2.2
    endloop
  endfacet
  facet normal 0 0 1
    outer loop
      vertex 173.874 61.65 2.2
      vertex 118.126 61.65 2.2
      vertex 118.201 61.4975 2.2
    endloop
  endfacet
  facet normal 0 0 1
    outer loop
      vertex 173.969 61.7914 2.2
      vertex 118.031 61.7914 2.2
      vertex 118.126 61.65 2.2
    endloop
  endfacet
  facet normal 0 0 1
    outer loop
      vertex 174.081 61.9192 2.2
      vertex 117.919 61.9192 2.2
      vertex 118.031 61.7914 2.2
    endloop
  endfacet
  facet normal 0 -0 1
    outer loop
      vertex 117.919 61.9192 2.2
      vertex 174.173 62 2.2
      vertex 117.827 62 2.2
    endloop
  endfacet
  facet normal -0 0 1
    outer loop
      vertex 118.289 60.8303 2.2
      vertex 118.8 56.4 2.2
      vertex 118.3 61 2.2
    endloop
  endfacet
  facet normal -0 0 1
    outer loop
      vertex 118.256 60.6635 2.2
      vertex 118.8 56.4 2.2
      vertex 118.289 60.8303 2.2
    endloop
  endfacet
  facet normal -0 0 1
    outer loop
      vertex 118.201 60.5025 2.2
      vertex 118.8 56.4 2.2
      vertex 118.256 60.6635 2.2
    endloop
  endfacet
  facet normal -0 0 1
    outer loop
      vertex 118.126 60.35 2.2
      vertex 118.8 56.4 2.2
      vertex 118.201 60.5025 2.2
    endloop
  endfacet
  facet normal -0 0 1
    outer loop
      vertex 118.031 60.2086 2.2
      vertex 118.8 56.4 2.2
      vertex 118.126 60.35 2.2
    endloop
  endfacet
  facet normal -0 0 1
    outer loop
      vertex 117.919 60.0808 2.2
      vertex 118.8 56.4 2.2
      vertex 118.031 60.2086 2.2
    endloop
  endfacet
  facet normal -0 0 1
    outer loop
      vertex 117.791 59.9686 2.2
      vertex 118.8 56.4 2.2
      vertex 117.919 60.0808 2.2
    endloop
  endfacet
  facet normal -0 0 1
    outer loop
      vertex 117.65 59.8742 2.2
      vertex 118.8 56.4 2.2
      vertex 117.791 59.9686 2.2
    endloop
  endfacet
  facet normal 0 0 1
    outer loop
      vertex 118.8 56.4 2.2
      vertex 117.65 59.8742 2.2
      vertex 117.965 56.4548 2.2
    endloop
  endfacet
  facet normal -0 0 1
    outer loop
      vertex 117.497 59.799 2.2
      vertex 117.965 56.4548 2.2
      vertex 117.65 59.8742 2.2
    endloop
  endfacet
  facet normal -0 0 1
    outer loop
      vertex 117.336 59.7443 2.2
      vertex 117.965 56.4548 2.2
      vertex 117.497 59.799 2.2
    endloop
  endfacet
  facet normal 0 0 1
    outer loop
      vertex 117.144 56.6181 2.2
      vertex 117.336 59.7443 2.2
      vertex 117.17 59.7111 2.2
    endloop
  endfacet
  facet normal 0 0 1
    outer loop
      vertex 117.336 59.7443 2.2
      vertex 117.144 56.6181 2.2
      vertex 117.965 56.4548 2.2
    endloop
  endfacet
  facet normal 0 0 1
    outer loop
      vertex 116.351 56.8872 2.2
      vertex 117.17 59.7111 2.2
      vertex 117 59.7 2.2
    endloop
  endfacet
  facet normal 0 0 1
    outer loop
      vertex 116.351 56.8872 2.2
      vertex 117 59.7 2.2
      vertex 116.83 59.7111 2.2
    endloop
  endfacet
  facet normal 0 0 1
    outer loop
      vertex 115.6 57.2574 2.2
      vertex 116.83 59.7111 2.2
      vertex 116.664 59.7443 2.2
    endloop
  endfacet
  facet normal 0 0 1
    outer loop
      vertex 115.6 57.2574 2.2
      vertex 116.664 59.7443 2.2
      vertex 116.503 59.799 2.2
    endloop
  endfacet
  facet normal 0 0 1
    outer loop
      vertex 117.17 59.7111 2.2
      vertex 116.351 56.8872 2.2
      vertex 117.144 56.6181 2.2
    endloop
  endfacet
  facet normal 0 0 1
    outer loop
      vertex 114.904 57.7225 2.2
      vertex 116.503 59.799 2.2
      vertex 116.35 59.8742 2.2
    endloop
  endfacet
  facet normal 0 0 1
    outer loop
      vertex 114.904 57.7225 2.2
      vertex 116.35 59.8742 2.2
      vertex 116.209 59.9686 2.2
    endloop
  endfacet
  facet normal 0 0 1
    outer loop
      vertex 114.275 58.2745 2.2
      vertex 116.209 59.9686 2.2
      vertex 116.081 60.0808 2.2
    endloop
  endfacet
  facet normal 0 0 1
    outer loop
      vertex 114.275 58.2745 2.2
      vertex 116.081 60.0808 2.2
      vertex 115.969 60.2086 2.2
    endloop
  endfacet
  facet normal 0 0 1
    outer loop
      vertex 113.723 58.9039 2.2
      vertex 115.969 60.2086 2.2
      vertex 115.874 60.35 2.2
    endloop
  endfacet
  facet normal 0 0 1
    outer loop
      vertex 113.723 58.9039 2.2
      vertex 115.874 60.35 2.2
      vertex 115.799 60.5025 2.2
    endloop
  endfacet
  facet normal 0 0 1
    outer loop
      vertex 113.257 59.6 2.2
      vertex 115.799 60.5025 2.2
      vertex 115.744 60.6635 2.2
    endloop
  endfacet
  facet normal 0 0 1
    outer loop
      vertex 113.257 59.6 2.2
      vertex 115.744 60.6635 2.2
      vertex 115.711 60.8303 2.2
    endloop
  endfacet
  facet normal 0 0 1
    outer loop
      vertex 116.83 59.7111 2.2
      vertex 115.6 57.2574 2.2
      vertex 116.351 56.8872 2.2
    endloop
  endfacet
  facet normal 0 0 1
    outer loop
      vertex 112.887 60.3508 2.2
      vertex 115.711 60.8303 2.2
      vertex 115.7 61 2.2
    endloop
  endfacet
  facet normal 0 0 1
    outer loop
      vertex 115.7 92 2.2
      vertex 112.4 90.2 2.2
      vertex 115.7 61 2.2
    endloop
  endfacet
  facet normal 0 0 1
    outer loop
      vertex 115.799 92.4975 2.2
      vertex 113.257 93.4 2.2
      vertex 115.744 92.3365 2.2
    endloop
  endfacet
  facet normal -0 0 1
    outer loop
      vertex 112.4 62.8 2.2
      vertex 115.7 61 2.2
      vertex 112.4 90.2 2.2
    endloop
  endfacet
  facet normal 0 0 1
    outer loop
      vertex 115.744 92.3365 2.2
      vertex 113.257 93.4 2.2
      vertex 115.711 92.1697 2.2
    endloop
  endfacet
  facet normal -0 -0 1
    outer loop
      vertex 112.455 61.9646 2.2
      vertex 115.7 61 2.2
      vertex 112.4 62.8 2.2
    endloop
  endfacet
  facet normal -0 0 1
    outer loop
      vertex 112.887 92.6492 2.2
      vertex 115.711 92.1697 2.2
      vertex 113.257 93.4 2.2
    endloop
  endfacet
  facet normal 0 0 1
    outer loop
      vertex 116.503 59.799 2.2
      vertex 114.904 57.7225 2.2
      vertex 115.6 57.2574 2.2
    endloop
  endfacet
  facet normal 0 0 1
    outer loop
      vertex 115.711 92.1697 2.2
      vertex 112.887 92.6492 2.2
      vertex 115.7 92 2.2
    endloop
  endfacet
  facet normal 0 0 1
    outer loop
      vertex 116.209 59.9686 2.2
      vertex 114.275 58.2745 2.2
      vertex 114.904 57.7225 2.2
    endloop
  endfacet
  facet normal 0 0 1
    outer loop
      vertex 112.618 91.8564 2.2
      vertex 115.7 92 2.2
      vertex 112.887 92.6492 2.2
    endloop
  endfacet
  facet normal 0 0 1
    outer loop
      vertex 115.969 60.2086 2.2
      vertex 113.723 58.9039 2.2
      vertex 114.275 58.2745 2.2
    endloop
  endfacet
  facet normal 0 0 1
    outer loop
      vertex 112.455 91.0354 2.2
      vertex 115.7 92 2.2
      vertex 112.618 91.8564 2.2
    endloop
  endfacet
  facet normal 0 0 1
    outer loop
      vertex 115.799 60.5025 2.2
      vertex 113.257 59.6 2.2
      vertex 113.723 58.9039 2.2
    endloop
  endfacet
  facet normal 0 0 1
    outer loop
      vertex 115.7 92 2.2
      vertex 112.455 91.0354 2.2
      vertex 112.4 90.2 2.2
    endloop
  endfacet
  facet normal 0 0 1
    outer loop
      vertex 115.711 60.8303 2.2
      vertex 112.887 60.3508 2.2
      vertex 113.257 59.6 2.2
    endloop
  endfacet
  facet normal 0 0 1
    outer loop
      vertex 115.7 61 2.2
      vertex 112.618 61.1436 2.2
      vertex 112.887 60.3508 2.2
    endloop
  endfacet
  facet normal 0 0 1
    outer loop
      vertex 115.7 61 2.2
      vertex 112.455 61.9646 2.2
      vertex 112.618 61.1436 2.2
    endloop
  endfacet
  facet normal -0 0 1
    outer loop
      vertex 116 62 2.2
      vertex 116.081 61.9192 2.2
      vertex 116.173 62 2.2
    endloop
  endfacet
  facet normal 0 0 1
    outer loop
      vertex 116 62 2.2
      vertex 115.969 61.7914 2.2
      vertex 116.081 61.9192 2.2
    endloop
  endfacet
  facet normal 0 0 1
    outer loop
      vertex 115.799 91.5025 2.2
      vertex 116 91 2.2
      vertex 115.874 91.35 2.2
    endloop
  endfacet
  facet normal 0 0 1
    outer loop
      vertex 115.711 91.8303 2.2
      vertex 116 89 2.2
      vertex 115.744 91.6635 2.2
    endloop
  endfacet
  facet normal 0 0 1
    outer loop
      vertex 116 62 2.2
      vertex 115.874 61.65 2.2
      vertex 115.969 61.7914 2.2
    endloop
  endfacet
  facet normal 0 0 1
    outer loop
      vertex 116 64 2.2
      vertex 115.799 61.4975 2.2
      vertex 116 62 2.2
    endloop
  endfacet
  facet normal 0 0 1
    outer loop
      vertex 116 62 2.2
      vertex 115.799 61.4975 2.2
      vertex 115.874 61.65 2.2
    endloop
  endfacet
  facet normal 0 0 1
    outer loop
      vertex 116 89 2.2
      vertex 115.711 91.8303 2.2
      vertex 116 64 2.2
    endloop
  endfacet
  facet normal 0 0 1
    outer loop
      vertex 116 64 2.2
      vertex 115.744 61.3365 2.2
      vertex 115.799 61.4975 2.2
    endloop
  endfacet
  facet normal 0 0 1
    outer loop
      vertex 115.711 61.1697 2.2
      vertex 116 64 2.2
      vertex 115.711 91.8303 2.2
    endloop
  endfacet
  facet normal 0 0 1
    outer loop
      vertex 116 64 2.2
      vertex 115.711 61.1697 2.2
      vertex 115.744 61.3365 2.2
    endloop
  endfacet
  facet normal 0 0 1
    outer loop
      vertex 115.7 92 2.2
      vertex 115.711 61.1697 2.2
      vertex 115.711 91.8303 2.2
    endloop
  endfacet
  facet normal 0 0 1
    outer loop
      vertex 115.711 61.1697 2.2
      vertex 115.7 92 2.2
      vertex 115.7 61 2.2
    endloop
  endfacet
  facet normal -0 0 1
    outer loop
      vertex 116 89 2.2
      vertex 176 64 2.2
      vertex 176 89 2.2
    endloop
  endfacet
  facet normal 0 0 1
    outer loop
      vertex 176 64 2.2
      vertex 116 89 2.2
      vertex 116 64 2.2
    endloop
  endfacet
  facet normal 0 0 1
    outer loop
      vertex 179.6 90.2 2.2
      vertex 176 89 2.2
      vertex 179.6 62.8 2.2
    endloop
  endfacet
  facet normal 0 0 1
    outer loop
      vertex 179.6 62.8 2.2
      vertex 176.289 61.1697 2.2
      vertex 176.3 61 2.2
    endloop
  endfacet
  facet normal 0 0 1
    outer loop
      vertex 176 89 2.2
      vertex 176.289 91.8303 2.2
      vertex 176.256 91.6635 2.2
    endloop
  endfacet
  facet normal -0 0 1
    outer loop
      vertex 176 64 2.2
      vertex 179.6 62.8 2.2
      vertex 176 89 2.2
    endloop
  endfacet
  facet normal 0 0 1
    outer loop
      vertex 176 89 2.2
      vertex 176.256 91.6635 2.2
      vertex 176.201 91.5025 2.2
    endloop
  endfacet
  facet normal 0 0 1
    outer loop
      vertex 176 62 2.2
      vertex 179.6 62.8 2.2
      vertex 176 64 2.2
    endloop
  endfacet
  facet normal 0 0 1
    outer loop
      vertex 176 91 2.2
      vertex 176.201 91.5025 2.2
      vertex 176.126 91.35 2.2
    endloop
  endfacet
  facet normal 0 0 1
    outer loop
      vertex 179.6 62.8 2.2
      vertex 176.256 61.3365 2.2
      vertex 176.289 61.1697 2.2
    endloop
  endfacet
  facet normal 0 0 1
    outer loop
      vertex 176 91 2.2
      vertex 176.126 91.35 2.2
      vertex 176.031 91.2086 2.2
    endloop
  endfacet
  facet normal 0 0 1
    outer loop
      vertex 179.6 62.8 2.2
      vertex 176.201 61.4975 2.2
      vertex 176.256 61.3365 2.2
    endloop
  endfacet
  facet normal 0 0 1
    outer loop
      vertex 176.201 91.5025 2.2
      vertex 176 91 2.2
      vertex 176 89 2.2
    endloop
  endfacet
  facet normal -0 0 1
    outer loop
      vertex 175.919 91.0808 2.2
      vertex 176 91 2.2
      vertex 176.031 91.2086 2.2
    endloop
  endfacet
  facet normal 0 0 1
    outer loop
      vertex 176 91 2.2
      vertex 175.919 91.0808 2.2
      vertex 175.827 91 2.2
    endloop
  endfacet
  facet normal 0 0 1
    outer loop
      vertex 179.382 91.8564 2.2
      vertex 176.289 91.8303 2.2
      vertex 179.545 91.0354 2.2
    endloop
  endfacet
  facet normal 0 0 1
    outer loop
      vertex 179.545 91.0354 2.2
      vertex 176.289 91.8303 2.2
      vertex 179.6 90.2 2.2
    endloop
  endfacet
  facet normal 0 0 1
    outer loop
      vertex 179.113 92.6492 2.2
      vertex 176.289 91.8303 2.2
      vertex 179.382 91.8564 2.2
    endloop
  endfacet
  facet normal 0 0 1
    outer loop
      vertex 176 89 2.2
      vertex 179.6 90.2 2.2
      vertex 176.289 91.8303 2.2
    endloop
  endfacet
  facet normal 0 0 1
    outer loop
      vertex 176.289 91.8303 2.2
      vertex 179.113 92.6492 2.2
      vertex 176.3 92 2.2
    endloop
  endfacet
  facet normal 0 0 1
    outer loop
      vertex 179.6 62.8 2.2
      vertex 176.3 61 2.2
      vertex 179.545 61.9646 2.2
    endloop
  endfacet
  facet normal 0 0 1
    outer loop
      vertex 176.289 92.1697 2.2
      vertex 179.113 92.6492 2.2
      vertex 178.743 93.4 2.2
    endloop
  endfacet
  facet normal 0 0 1
    outer loop
      vertex 179.545 61.9646 2.2
      vertex 176.3 61 2.2
      vertex 179.382 61.1436 2.2
    endloop
  endfacet
  facet normal 0 0 1
    outer loop
      vertex 176.201 92.4975 2.2
      vertex 178.743 93.4 2.2
      vertex 178.277 94.0961 2.2
    endloop
  endfacet
  facet normal 0 0 1
    outer loop
      vertex 179.382 61.1436 2.2
      vertex 176.3 61 2.2
      vertex 179.113 60.3508 2.2
    endloop
  endfacet
  facet normal 0 0 1
    outer loop
      vertex 176.031 92.7914 2.2
      vertex 178.277 94.0961 2.2
      vertex 177.725 94.7255 2.2
    endloop
  endfacet
  facet normal -0 0 1
    outer loop
      vertex 176.289 60.8303 2.2
      vertex 179.113 60.3508 2.2
      vertex 176.3 61 2.2
    endloop
  endfacet
  facet normal 0 0 1
    outer loop
      vertex 175.791 93.0314 2.2
      vertex 177.725 94.7255 2.2
      vertex 177.096 95.2775 2.2
    endloop
  endfacet
  facet normal 0 0 1
    outer loop
      vertex 179.113 60.3508 2.2
      vertex 176.289 60.8303 2.2
      vertex 178.743 59.6 2.2
    endloop
  endfacet
  facet normal 0 0 1
    outer loop
      vertex 175.497 93.201 2.2
      vertex 177.096 95.2775 2.2
      vertex 176.4 95.7426 2.2
    endloop
  endfacet
  facet normal -0 0 1
    outer loop
      vertex 176.256 60.6635 2.2
      vertex 178.743 59.6 2.2
      vertex 176.289 60.8303 2.2
    endloop
  endfacet
  facet normal -0 0 1
    outer loop
      vertex 176.201 60.5025 2.2
      vertex 178.743 59.6 2.2
      vertex 176.256 60.6635 2.2
    endloop
  endfacet
  facet normal 0 0 1
    outer loop
      vertex 179.113 92.6492 2.2
      vertex 176.289 92.1697 2.2
      vertex 176.3 92 2.2
    endloop
  endfacet
  facet normal 0 0 1
    outer loop
      vertex 178.743 93.4 2.2
      vertex 176.256 92.3365 2.2
      vertex 176.289 92.1697 2.2
    endloop
  endfacet
  facet normal 0 0 1
    outer loop
      vertex 178.743 93.4 2.2
      vertex 176.201 92.4975 2.2
      vertex 176.256 92.3365 2.2
    endloop
  endfacet
  facet normal 0 0 1
    outer loop
      vertex 178.277 94.0961 2.2
      vertex 176.126 92.65 2.2
      vertex 176.201 92.4975 2.2
    endloop
  endfacet
  facet normal 0 0 1
    outer loop
      vertex 178.277 94.0961 2.2
      vertex 176.031 92.7914 2.2
      vertex 176.126 92.65 2.2
    endloop
  endfacet
  facet normal 0 0 1
    outer loop
      vertex 177.725 94.7255 2.2
      vertex 175.919 92.9192 2.2
      vertex 176.031 92.7914 2.2
    endloop
  endfacet
  facet normal 0 0 1
    outer loop
      vertex 177.725 94.7255 2.2
      vertex 175.791 93.0314 2.2
      vertex 175.919 92.9192 2.2
    endloop
  endfacet
  facet normal 0 0 1
    outer loop
      vertex 177.096 95.2775 2.2
      vertex 175.65 93.1258 2.2
      vertex 175.791 93.0314 2.2
    endloop
  endfacet
  facet normal 0 0 1
    outer loop
      vertex 175.17 93.2889 2.2
      vertex 176.4 95.7426 2.2
      vertex 175.649 96.1128 2.2
    endloop
  endfacet
  facet normal 0 0 1
    outer loop
      vertex 177.096 95.2775 2.2
      vertex 175.497 93.201 2.2
      vertex 175.65 93.1258 2.2
    endloop
  endfacet
  facet normal 0 0 1
    outer loop
      vertex 176.4 95.7426 2.2
      vertex 175.336 93.2557 2.2
      vertex 175.497 93.201 2.2
    endloop
  endfacet
  facet normal 0 0 1
    outer loop
      vertex 176.4 95.7426 2.2
      vertex 175.17 93.2889 2.2
      vertex 175.336 93.2557 2.2
    endloop
  endfacet
  facet normal 0 0 1
    outer loop
      vertex 175.649 96.1128 2.2
      vertex 175 93.3 2.2
      vertex 175.17 93.2889 2.2
    endloop
  endfacet
  facet normal 0 0 1
    outer loop
      vertex 174.83 93.2889 2.2
      vertex 175.649 96.1128 2.2
      vertex 174.856 96.3819 2.2
    endloop
  endfacet
  facet normal 0 0 1
    outer loop
      vertex 175.649 96.1128 2.2
      vertex 174.83 93.2889 2.2
      vertex 175 93.3 2.2
    endloop
  endfacet
  facet normal 0 0 1
    outer loop
      vertex 174.856 96.3819 2.2
      vertex 174.664 93.2557 2.2
      vertex 174.83 93.2889 2.2
    endloop
  endfacet
  facet normal 0 0 1
    outer loop
      vertex 174.035 96.5452 2.2
      vertex 174.664 93.2557 2.2
      vertex 174.856 96.3819 2.2
    endloop
  endfacet
  facet normal 0 0 1
    outer loop
      vertex 174.664 93.2557 2.2
      vertex 174.035 96.5452 2.2
      vertex 174.503 93.201 2.2
    endloop
  endfacet
  facet normal 0 0 1
    outer loop
      vertex 174.503 93.201 2.2
      vertex 174.035 96.5452 2.2
      vertex 174.35 93.1258 2.2
    endloop
  endfacet
  facet normal 0 0 1
    outer loop
      vertex 173.2 96.6 2.2
      vertex 174.35 93.1258 2.2
      vertex 174.035 96.5452 2.2
    endloop
  endfacet
  facet normal 0 0 1
    outer loop
      vertex 174.35 93.1258 2.2
      vertex 173.2 96.6 2.2
      vertex 174.209 93.0314 2.2
    endloop
  endfacet
  facet normal 0 0 1
    outer loop
      vertex 174.209 93.0314 2.2
      vertex 173.2 96.6 2.2
      vertex 174.081 92.9192 2.2
    endloop
  endfacet
  facet normal 0 0 1
    outer loop
      vertex 174.081 92.9192 2.2
      vertex 173.2 96.6 2.2
      vertex 173.969 92.7914 2.2
    endloop
  endfacet
  facet normal 0 0 1
    outer loop
      vertex 173.969 92.7914 2.2
      vertex 173.2 96.6 2.2
      vertex 173.874 92.65 2.2
    endloop
  endfacet
  facet normal 0 0 1
    outer loop
      vertex 173.874 92.65 2.2
      vertex 173.2 96.6 2.2
      vertex 173.799 92.4975 2.2
    endloop
  endfacet
  facet normal 0 0 1
    outer loop
      vertex 173.799 92.4975 2.2
      vertex 173.2 96.6 2.2
      vertex 173.744 92.3365 2.2
    endloop
  endfacet
  facet normal 0 0 1
    outer loop
      vertex 173.711 92.1697 2.2
      vertex 173.2 96.6 2.2
      vertex 173.7 92 2.2
    endloop
  endfacet
  facet normal 0 0 1
    outer loop
      vertex 173.744 92.3365 2.2
      vertex 173.2 96.6 2.2
      vertex 173.711 92.1697 2.2
    endloop
  endfacet
  facet normal 0 0 1
    outer loop
      vertex 178.743 59.6 2.2
      vertex 176.201 60.5025 2.2
      vertex 178.277 58.9039 2.2
    endloop
  endfacet
  facet normal -0 0 1
    outer loop
      vertex 176.126 60.35 2.2
      vertex 178.277 58.9039 2.2
      vertex 176.201 60.5025 2.2
    endloop
  endfacet
  facet normal -0 0 1
    outer loop
      vertex 176.031 60.2086 2.2
      vertex 178.277 58.9039 2.2
      vertex 176.126 60.35 2.2
    endloop
  endfacet
  facet normal 0 0 1
    outer loop
      vertex 178.277 58.9039 2.2
      vertex 176.031 60.2086 2.2
      vertex 177.725 58.2745 2.2
    endloop
  endfacet
  facet normal -0 0 1
    outer loop
      vertex 175.919 60.0808 2.2
      vertex 177.725 58.2745 2.2
      vertex 176.031 60.2086 2.2
    endloop
  endfacet
  facet normal -0 0 1
    outer loop
      vertex 175.791 59.9686 2.2
      vertex 177.725 58.2745 2.2
      vertex 175.919 60.0808 2.2
    endloop
  endfacet
  facet normal 0 0 1
    outer loop
      vertex 177.725 58.2745 2.2
      vertex 175.791 59.9686 2.2
      vertex 177.096 57.7225 2.2
    endloop
  endfacet
  facet normal -0 0 1
    outer loop
      vertex 175.65 59.8742 2.2
      vertex 177.096 57.7225 2.2
      vertex 175.791 59.9686 2.2
    endloop
  endfacet
  facet normal -0 0 1
    outer loop
      vertex 175.497 59.799 2.2
      vertex 177.096 57.7225 2.2
      vertex 175.65 59.8742 2.2
    endloop
  endfacet
  facet normal 0 0 1
    outer loop
      vertex 177.096 57.7225 2.2
      vertex 175.497 59.799 2.2
      vertex 176.4 57.2574 2.2
    endloop
  endfacet
  facet normal -0 0 1
    outer loop
      vertex 175.336 59.7443 2.2
      vertex 176.4 57.2574 2.2
      vertex 175.497 59.799 2.2
    endloop
  endfacet
  facet normal -0 0 1
    outer loop
      vertex 175.17 59.7111 2.2
      vertex 176.4 57.2574 2.2
      vertex 175.336 59.7443 2.2
    endloop
  endfacet
  facet normal 0 0 1
    outer loop
      vertex 176.4 57.2574 2.2
      vertex 175.17 59.7111 2.2
      vertex 175.649 56.8872 2.2
    endloop
  endfacet
  facet normal -0 0 1
    outer loop
      vertex 175 59.7 2.2
      vertex 175.649 56.8872 2.2
      vertex 175.17 59.7111 2.2
    endloop
  endfacet
  facet normal 0 0 1
    outer loop
      vertex 174.83 59.7111 2.2
      vertex 175.649 56.8872 2.2
      vertex 175 59.7 2.2
    endloop
  endfacet
  facet normal 0 0 1
    outer loop
      vertex 175.649 56.8872 2.2
      vertex 174.83 59.7111 2.2
      vertex 174.856 56.6181 2.2
    endloop
  endfacet
  facet normal 0 0 1
    outer loop
      vertex 174.664 59.7443 2.2
      vertex 174.856 56.6181 2.2
      vertex 174.83 59.7111 2.2
    endloop
  endfacet
  facet normal 0 0 1
    outer loop
      vertex 174.035 56.4548 2.2
      vertex 174.664 59.7443 2.2
      vertex 174.503 59.799 2.2
    endloop
  endfacet
  facet normal 0 0 1
    outer loop
      vertex 174.035 56.4548 2.2
      vertex 174.503 59.799 2.2
      vertex 174.35 59.8742 2.2
    endloop
  endfacet
  facet normal 0 0 1
    outer loop
      vertex 173.2 56.4 2.2
      vertex 174.35 59.8742 2.2
      vertex 174.209 59.9686 2.2
    endloop
  endfacet
  facet normal 0 0 1
    outer loop
      vertex 173.2 56.4 2.2
      vertex 174.209 59.9686 2.2
      vertex 174.081 60.0808 2.2
    endloop
  endfacet
  facet normal 0 0 1
    outer loop
      vertex 174.664 59.7443 2.2
      vertex 174.035 56.4548 2.2
      vertex 174.856 56.6181 2.2
    endloop
  endfacet
  facet normal 0 0 1
    outer loop
      vertex 173.2 56.4 2.2
      vertex 174.081 60.0808 2.2
      vertex 173.969 60.2086 2.2
    endloop
  endfacet
  facet normal 0 0 1
    outer loop
      vertex 173.2 56.4 2.2
      vertex 173.969 60.2086 2.2
      vertex 173.874 60.35 2.2
    endloop
  endfacet
  facet normal 0 0 1
    outer loop
      vertex 173.2 56.4 2.2
      vertex 173.874 60.35 2.2
      vertex 173.799 60.5025 2.2
    endloop
  endfacet
  facet normal 0 0 1
    outer loop
      vertex 173.2 56.4 2.2
      vertex 173.799 60.5025 2.2
      vertex 173.744 60.6635 2.2
    endloop
  endfacet
  facet normal 0 0 1
    outer loop
      vertex 173.2 56.4 2.2
      vertex 173.744 60.6635 2.2
      vertex 173.711 60.8303 2.2
    endloop
  endfacet
  facet normal 0 0 1
    outer loop
      vertex 174.35 59.8742 2.2
      vertex 173.2 56.4 2.2
      vertex 174.035 56.4548 2.2
    endloop
  endfacet
  facet normal 0 0 1
    outer loop
      vertex 173.2 56.4 2.2
      vertex 173.711 60.8303 2.2
      vertex 173.7 61 2.2
    endloop
  endfacet
  facet normal 0 -0 1
    outer loop
      vertex 176.126 61.65 2.2
      vertex 179.6 62.8 2.2
      vertex 176 62 2.2
    endloop
  endfacet
  facet normal 0 0 1
    outer loop
      vertex 179.6 62.8 2.2
      vertex 176.126 61.65 2.2
      vertex 176.201 61.4975 2.2
    endloop
  endfacet
  facet normal 0 0 1
    outer loop
      vertex 176.126 61.65 2.2
      vertex 176 62 2.2
      vertex 176.031 61.7914 2.2
    endloop
  endfacet
  facet normal 0 0 1
    outer loop
      vertex 176 62 2.2
      vertex 175.919 61.9192 2.2
      vertex 176.031 61.7914 2.2
    endloop
  endfacet
  facet normal 0 -0 1
    outer loop
      vertex 175.919 61.9192 2.2
      vertex 176 62 2.2
      vertex 175.827 62 2.2
    endloop
  endfacet
  facet normal -0 0 1
    outer loop
      vertex 118.8 96.6 2.2
      vertex 173.7 92 2.2
      vertex 173.2 96.6 2.2
    endloop
  endfacet
  facet normal 0 0 1
    outer loop
      vertex 118.3 92 2.2
      vertex 173.7 92 2.2
      vertex 118.8 96.6 2.2
    endloop
  endfacet
  facet normal 0 0 1
    outer loop
      vertex 173.7 92 2.2
      vertex 118.3 92 2.2
      vertex 173.711 91.8303 2.2
    endloop
  endfacet
  facet normal 0 0 1
    outer loop
      vertex 118.289 91.8303 2.2
      vertex 173.711 91.8303 2.2
      vertex 118.3 92 2.2
    endloop
  endfacet
  facet normal 0 0 1
    outer loop
      vertex 173.711 91.8303 2.2
      vertex 118.289 91.8303 2.2
      vertex 173.744 91.6635 2.2
    endloop
  endfacet
  facet normal 0 0 1
    outer loop
      vertex 118.256 91.6635 2.2
      vertex 173.744 91.6635 2.2
      vertex 118.289 91.8303 2.2
    endloop
  endfacet
  facet normal 0 0 1
    outer loop
      vertex 173.744 91.6635 2.2
      vertex 118.256 91.6635 2.2
      vertex 173.799 91.5025 2.2
    endloop
  endfacet
  facet normal 0 0 1
    outer loop
      vertex 118.201 91.5025 2.2
      vertex 173.799 91.5025 2.2
      vertex 118.256 91.6635 2.2
    endloop
  endfacet
  facet normal 0 0 1
    outer loop
      vertex 173.799 91.5025 2.2
      vertex 118.201 91.5025 2.2
      vertex 173.874 91.35 2.2
    endloop
  endfacet
  facet normal 0 0 1
    outer loop
      vertex 118.126 91.35 2.2
      vertex 173.874 91.35 2.2
      vertex 118.201 91.5025 2.2
    endloop
  endfacet
  facet normal 0 0 1
    outer loop
      vertex 173.874 91.35 2.2
      vertex 118.126 91.35 2.2
      vertex 173.969 91.2086 2.2
    endloop
  endfacet
  facet normal 0 0 1
    outer loop
      vertex 118.031 91.2086 2.2
      vertex 173.969 91.2086 2.2
      vertex 118.126 91.35 2.2
    endloop
  endfacet
  facet normal 0 0 1
    outer loop
      vertex 173.969 91.2086 2.2
      vertex 118.031 91.2086 2.2
      vertex 174.081 91.0808 2.2
    endloop
  endfacet
  facet normal 0 0 1
    outer loop
      vertex 117.919 91.0808 2.2
      vertex 174.081 91.0808 2.2
      vertex 118.031 91.2086 2.2
    endloop
  endfacet
  facet normal 0 0 1
    outer loop
      vertex 174.081 91.0808 2.2
      vertex 117.919 91.0808 2.2
      vertex 174.173 91 2.2
    endloop
  endfacet
  facet normal 0 0 1
    outer loop
      vertex 174.173 91 2.2
      vertex 117.919 91.0808 2.2
      vertex 117.827 91 2.2
    endloop
  endfacet
  facet normal 0 0 -1
    outer loop
      vertex 117.827 62 2.2
      vertex 117.65 62.1258 2.2
      vertex 117.791 62.0314 2.2
    endloop
  endfacet
  facet normal 0 0 -1
    outer loop
      vertex 117.827 62 2.2
      vertex 117.497 62.201 2.2
      vertex 117.65 62.1258 2.2
    endloop
  endfacet
  facet normal 0 0 -1
    outer loop
      vertex 117.827 62 2.2
      vertex 117.336 62.2557 2.2
      vertex 117.497 62.201 2.2
    endloop
  endfacet
  facet normal 0 0 -1
    outer loop
      vertex 117.827 62 2.2
      vertex 117.17 62.2889 2.2
      vertex 117.336 62.2557 2.2
    endloop
  endfacet
  facet normal 0 0 -1
    outer loop
      vertex 117.827 62 2.2
      vertex 117 62.3 2.2
      vertex 117.17 62.2889 2.2
    endloop
  endfacet
  facet normal 0 0 -1
    outer loop
      vertex 117.827 62 2.2
      vertex 116.83 62.2889 2.2
      vertex 117 62.3 2.2
    endloop
  endfacet
  facet normal 0 0 -1
    outer loop
      vertex 117.827 62 2.2
      vertex 116.664 62.2557 2.2
      vertex 116.83 62.2889 2.2
    endloop
  endfacet
  facet normal 0 0 -1
    outer loop
      vertex 117.827 62 2.2
      vertex 116.503 62.201 2.2
      vertex 116.664 62.2557 2.2
    endloop
  endfacet
  facet normal 0 0 -1
    outer loop
      vertex 117.827 62 2.2
      vertex 116.35 62.1258 2.2
      vertex 116.503 62.201 2.2
    endloop
  endfacet
  facet normal 0 0 -1
    outer loop
      vertex 116.173 62 2.2
      vertex 116.35 62.1258 2.2
      vertex 117.827 62 2.2
    endloop
  endfacet
  facet normal 0 0 -1
    outer loop
      vertex 116.35 62.1258 2.2
      vertex 116.173 62 2.2
      vertex 116.209 62.0314 2.2
    endloop
  endfacet
  facet normal 0 0 -1
    outer loop
      vertex 117.65 90.8742 2.2
      vertex 117.827 91 2.2
      vertex 117.791 90.9686 2.2
    endloop
  endfacet
  facet normal 0 0 -1
    outer loop
      vertex 117.497 90.799 2.2
      vertex 117.827 91 2.2
      vertex 117.65 90.8742 2.2
    endloop
  endfacet
  facet normal 0 0 -1
    outer loop
      vertex 117.336 90.7443 2.2
      vertex 117.827 91 2.2
      vertex 117.497 90.799 2.2
    endloop
  endfacet
  facet normal 0 0 -1
    outer loop
      vertex 117.17 90.7111 2.2
      vertex 117.827 91 2.2
      vertex 117.336 90.7443 2.2
    endloop
  endfacet
  facet normal 0 0 -1
    outer loop
      vertex 117 90.7 2.2
      vertex 117.827 91 2.2
      vertex 117.17 90.7111 2.2
    endloop
  endfacet
  facet normal 0 0 -1
    outer loop
      vertex 116.83 90.7111 2.2
      vertex 117.827 91 2.2
      vertex 117 90.7 2.2
    endloop
  endfacet
  facet normal 0 0 -1
    outer loop
      vertex 116.664 90.7443 2.2
      vertex 117.827 91 2.2
      vertex 116.83 90.7111 2.2
    endloop
  endfacet
  facet normal 0 0 -1
    outer loop
      vertex 116.503 90.799 2.2
      vertex 117.827 91 2.2
      vertex 116.664 90.7443 2.2
    endloop
  endfacet
  facet normal 0 0 -1
    outer loop
      vertex 116.35 90.8742 2.2
      vertex 117.827 91 2.2
      vertex 116.503 90.799 2.2
    endloop
  endfacet
  facet normal 0 0 -1
    outer loop
      vertex 116.173 91 2.2
      vertex 116.35 90.8742 2.2
      vertex 116.209 90.9686 2.2
    endloop
  endfacet
  facet normal 0 0 -1
    outer loop
      vertex 116.35 90.8742 2.2
      vertex 116.173 91 2.2
      vertex 117.827 91 2.2
    endloop
  endfacet
  facet normal 0 0 -1
    outer loop
      vertex 175.827 62 2.2
      vertex 175.65 62.1258 2.2
      vertex 175.791 62.0314 2.2
    endloop
  endfacet
  facet normal 0 0 -1
    outer loop
      vertex 175.827 62 2.2
      vertex 175.497 62.201 2.2
      vertex 175.65 62.1258 2.2
    endloop
  endfacet
  facet normal 0 0 -1
    outer loop
      vertex 175.827 62 2.2
      vertex 175.336 62.2557 2.2
      vertex 175.497 62.201 2.2
    endloop
  endfacet
  facet normal 0 0 -1
    outer loop
      vertex 175.827 62 2.2
      vertex 175.17 62.2889 2.2
      vertex 175.336 62.2557 2.2
    endloop
  endfacet
  facet normal 0 0 -1
    outer loop
      vertex 175.827 62 2.2
      vertex 175 62.3 2.2
      vertex 175.17 62.2889 2.2
    endloop
  endfacet
  facet normal 0 0 -1
    outer loop
      vertex 175.827 62 2.2
      vertex 174.83 62.2889 2.2
      vertex 175 62.3 2.2
    endloop
  endfacet
  facet normal 0 0 -1
    outer loop
      vertex 175.827 62 2.2
      vertex 174.664 62.2557 2.2
      vertex 174.83 62.2889 2.2
    endloop
  endfacet
  facet normal 0 0 -1
    outer loop
      vertex 175.827 62 2.2
      vertex 174.503 62.201 2.2
      vertex 174.664 62.2557 2.2
    endloop
  endfacet
  facet normal 0 0 -1
    outer loop
      vertex 175.827 62 2.2
      vertex 174.35 62.1258 2.2
      vertex 174.503 62.201 2.2
    endloop
  endfacet
  facet normal 0 0 -1
    outer loop
      vertex 174.173 62 2.2
      vertex 174.35 62.1258 2.2
      vertex 175.827 62 2.2
    endloop
  endfacet
  facet normal 0 0 -1
    outer loop
      vertex 174.35 62.1258 2.2
      vertex 174.173 62 2.2
      vertex 174.209 62.0314 2.2
    endloop
  endfacet
  facet normal 0 0 -1
    outer loop
      vertex 175.65 90.8742 2.2
      vertex 175.827 91 2.2
      vertex 175.791 90.9686 2.2
    endloop
  endfacet
  facet normal 0 0 -1
    outer loop
      vertex 175.497 90.799 2.2
      vertex 175.827 91 2.2
      vertex 175.65 90.8742 2.2
    endloop
  endfacet
  facet normal 0 0 -1
    outer loop
      vertex 175.336 90.7443 2.2
      vertex 175.827 91 2.2
      vertex 175.497 90.799 2.2
    endloop
  endfacet
  facet normal 0 0 -1
    outer loop
      vertex 175.17 90.7111 2.2
      vertex 175.827 91 2.2
      vertex 175.336 90.7443 2.2
    endloop
  endfacet
  facet normal 0 0 -1
    outer loop
      vertex 175 90.7 2.2
      vertex 175.827 91 2.2
      vertex 175.17 90.7111 2.2
    endloop
  endfacet
  facet normal 0 0 -1
    outer loop
      vertex 174.83 90.7111 2.2
      vertex 175.827 91 2.2
      vertex 175 90.7 2.2
    endloop
  endfacet
  facet normal 0 0 -1
    outer loop
      vertex 174.664 90.7443 2.2
      vertex 175.827 91 2.2
      vertex 174.83 90.7111 2.2
    endloop
  endfacet
  facet normal 0 0 -1
    outer loop
      vertex 174.503 90.799 2.2
      vertex 175.827 91 2.2
      vertex 174.664 90.7443 2.2
    endloop
  endfacet
  facet normal 0 0 -1
    outer loop
      vertex 174.35 90.8742 2.2
      vertex 175.827 91 2.2
      vertex 174.503 90.799 2.2
    endloop
  endfacet
  facet normal 0 0 -1
    outer loop
      vertex 174.173 91 2.2
      vertex 174.35 90.8742 2.2
      vertex 174.209 90.9686 2.2
    endloop
  endfacet
  facet normal 0 0 -1
    outer loop
      vertex 174.35 90.8742 2.2
      vertex 174.173 91 2.2
      vertex 175.827 91 2.2
    endloop
  endfacet
  facet normal -0.659604 -0.751614 0
    outer loop
      vertex 177.096 95.2775 2.2
      vertex 177.725 94.7255 21
      vertex 177.096 95.2775 21
    endloop
  endfacet
  facet normal -0.659604 -0.751614 -0
    outer loop
      vertex 177.725 94.7255 21
      vertex 177.096 95.2775 2.2
      vertex 177.725 94.7255 2.2
    endloop
  endfacet
  facet normal -0.896993 -0.442045 0
    outer loop
      vertex 179.113 92.6492 2.2
      vertex 178.743 93.4 21
      vertex 178.743 93.4 2.2
    endloop
  endfacet
  facet normal -0.896993 -0.442045 0
    outer loop
      vertex 178.743 93.4 21
      vertex 179.113 92.6492 2.2
      vertex 179.113 92.6492 21
    endloop
  endfacet
  facet normal -0.946974 0.321312 0
    outer loop
      vertex 179.113 60.3508 2.2
      vertex 179.382 61.1436 21
      vertex 179.382 61.1436 2.2
    endloop
  endfacet
  facet normal -0.946974 0.321312 0
    outer loop
      vertex 179.382 61.1436 21
      vertex 179.113 60.3508 2.2
      vertex 179.113 60.3508 21
    endloop
  endfacet
  facet normal -0.99784 0.0656945 0
    outer loop
      vertex 179.545 61.9646 2.2
      vertex 179.6 62.8 21
      vertex 179.6 62.8 2.2
    endloop
  endfacet
  facet normal -0.99784 0.0656945 0
    outer loop
      vertex 179.6 62.8 21
      vertex 179.545 61.9646 2.2
      vertex 179.545 61.9646 21
    endloop
  endfacet
  facet normal -0.830984 0.556297 0
    outer loop
      vertex 178.277 58.9039 2.2
      vertex 178.743 59.6 21
      vertex 178.743 59.6 2.2
    endloop
  endfacet
  facet normal -0.830984 0.556297 0
    outer loop
      vertex 178.743 59.6 21
      vertex 178.277 58.9039 2.2
      vertex 178.277 58.9039 21
    endloop
  endfacet
  facet normal -0.442142 0.896945 0
    outer loop
      vertex 176.4 57.2574 2.2
      vertex 175.649 56.8872 21
      vertex 176.4 57.2574 21
    endloop
  endfacet
  facet normal -0.442142 0.896945 0
    outer loop
      vertex 175.649 56.8872 21
      vertex 176.4 57.2574 2.2
      vertex 175.649 56.8872 2.2
    endloop
  endfacet
  facet normal -1 0 0
    outer loop
      vertex 179 57 0
      vertex 179 96 1.3
      vertex 179 96 0
    endloop
  endfacet
  facet normal -1 -0 0
    outer loop
      vertex 179 96 1.3
      vertex 179 57 0
      vertex 179 57 1.3
    endloop
  endfacet
  facet normal 0 0 -1
    outer loop
      vertex 173.799 61.4975 1.3
      vertex 118.201 61.4975 1.3
      vertex 173.874 61.65 1.3
    endloop
  endfacet
  facet normal 0 0 -1
    outer loop
      vertex 173.874 91.35 1.3
      vertex 118.289 91.8303 1.3
      vertex 118.3 92 1.3
    endloop
  endfacet
  facet normal 0 0 -1
    outer loop
      vertex 118.126 61.65 1.3
      vertex 173.874 61.65 1.3
      vertex 118.201 61.4975 1.3
    endloop
  endfacet
  facet normal 0 0 -1
    outer loop
      vertex 173.874 91.35 1.3
      vertex 118.256 91.6635 1.3
      vertex 118.289 91.8303 1.3
    endloop
  endfacet
  facet normal 0 0 -1
    outer loop
      vertex 173.874 61.65 1.3
      vertex 118.126 61.65 1.3
      vertex 173.874 91.35 1.3
    endloop
  endfacet
  facet normal 0 0 -1
    outer loop
      vertex 173.874 91.35 1.3
      vertex 118.201 91.5025 1.3
      vertex 118.256 91.6635 1.3
    endloop
  endfacet
  facet normal 0 0 -1
    outer loop
      vertex 118.126 91.35 1.3
      vertex 173.874 91.35 1.3
      vertex 118.126 61.65 1.3
    endloop
  endfacet
  facet normal 0 0 -1
    outer loop
      vertex 173.874 91.35 1.3
      vertex 118.126 91.35 1.3
      vertex 118.201 91.5025 1.3
    endloop
  endfacet
  facet normal 0 0 -1
    outer loop
      vertex 118.031 61.7914 1.3
      vertex 118.126 91.35 1.3
      vertex 118.126 61.65 1.3
    endloop
  endfacet
  facet normal 0 0 -1
    outer loop
      vertex 118.031 61.7914 1.3
      vertex 118.031 91.2086 1.3
      vertex 118.126 91.35 1.3
    endloop
  endfacet
  facet normal 0 0 -1
    outer loop
      vertex 117.919 61.9192 1.3
      vertex 118.031 91.2086 1.3
      vertex 118.031 61.7914 1.3
    endloop
  endfacet
  facet normal 0 0 -1
    outer loop
      vertex 117.919 61.9192 1.3
      vertex 117.919 91.0808 1.3
      vertex 118.031 91.2086 1.3
    endloop
  endfacet
  facet normal 0 0 -1
    outer loop
      vertex 117.791 62.0314 1.3
      vertex 117.919 91.0808 1.3
      vertex 117.919 61.9192 1.3
    endloop
  endfacet
  facet normal 0 0 -1
    outer loop
      vertex 117.791 62.0314 1.3
      vertex 117.791 90.9686 1.3
      vertex 117.919 91.0808 1.3
    endloop
  endfacet
  facet normal 0 0 -1
    outer loop
      vertex 117.65 62.1258 1.3
      vertex 117.791 90.9686 1.3
      vertex 117.791 62.0314 1.3
    endloop
  endfacet
  facet normal 0 0 -1
    outer loop
      vertex 117.65 62.1258 1.3
      vertex 117.65 90.8742 1.3
      vertex 117.791 90.9686 1.3
    endloop
  endfacet
  facet normal 0 0 -1
    outer loop
      vertex 117.497 62.201 1.3
      vertex 117.65 90.8742 1.3
      vertex 117.65 62.1258 1.3
    endloop
  endfacet
  facet normal 0 0 -1
    outer loop
      vertex 117.497 62.201 1.3
      vertex 117.497 90.799 1.3
      vertex 117.65 90.8742 1.3
    endloop
  endfacet
  facet normal 0 0 -1
    outer loop
      vertex 117.336 62.2557 1.3
      vertex 117.497 90.799 1.3
      vertex 117.497 62.201 1.3
    endloop
  endfacet
  facet normal 0 0 -1
    outer loop
      vertex 117.336 62.2557 1.3
      vertex 117.336 90.7443 1.3
      vertex 117.497 90.799 1.3
    endloop
  endfacet
  facet normal 0 0 -1
    outer loop
      vertex 117.17 62.2889 1.3
      vertex 117.336 90.7443 1.3
      vertex 117.336 62.2557 1.3
    endloop
  endfacet
  facet normal 0 0 -1
    outer loop
      vertex 117.17 62.2889 1.3
      vertex 117.17 90.7111 1.3
      vertex 117.336 90.7443 1.3
    endloop
  endfacet
  facet normal 0 0 -1
    outer loop
      vertex 117 62.3 1.3
      vertex 117.17 90.7111 1.3
      vertex 117.17 62.2889 1.3
    endloop
  endfacet
  facet normal 0 0 -1
    outer loop
      vertex 117 62.3 1.3
      vertex 117 90.7 1.3
      vertex 117.17 90.7111 1.3
    endloop
  endfacet
  facet normal 0 0 -1
    outer loop
      vertex 116.83 62.2889 1.3
      vertex 117 90.7 1.3
      vertex 117 62.3 1.3
    endloop
  endfacet
  facet normal 0 0 -1
    outer loop
      vertex 116.83 62.2889 1.3
      vertex 116.83 90.7111 1.3
      vertex 117 90.7 1.3
    endloop
  endfacet
  facet normal 0 0 -1
    outer loop
      vertex 116.664 62.2557 1.3
      vertex 116.83 90.7111 1.3
      vertex 116.83 62.2889 1.3
    endloop
  endfacet
  facet normal 0 0 -1
    outer loop
      vertex 116.664 62.2557 1.3
      vertex 116.664 90.7443 1.3
      vertex 116.83 90.7111 1.3
    endloop
  endfacet
  facet normal 0 0 -1
    outer loop
      vertex 116.503 62.201 1.3
      vertex 116.664 90.7443 1.3
      vertex 116.664 62.2557 1.3
    endloop
  endfacet
  facet normal 0 0 -1
    outer loop
      vertex 116.503 62.201 1.3
      vertex 116.503 90.799 1.3
      vertex 116.664 90.7443 1.3
    endloop
  endfacet
  facet normal 0 0 -1
    outer loop
      vertex 116.35 62.1258 1.3
      vertex 116.503 90.799 1.3
      vertex 116.503 62.201 1.3
    endloop
  endfacet
  facet normal 0 0 -1
    outer loop
      vertex 116.35 62.1258 1.3
      vertex 116.35 90.8742 1.3
      vertex 116.503 90.799 1.3
    endloop
  endfacet
  facet normal 0 0 -1
    outer loop
      vertex 116.209 62.0314 1.3
      vertex 116.35 90.8742 1.3
      vertex 116.35 62.1258 1.3
    endloop
  endfacet
  facet normal 0 0 -1
    outer loop
      vertex 116.209 62.0314 1.3
      vertex 116.209 90.9686 1.3
      vertex 116.35 90.8742 1.3
    endloop
  endfacet
  facet normal 0 0 -1
    outer loop
      vertex 116.081 61.9192 1.3
      vertex 116.209 90.9686 1.3
      vertex 116.209 62.0314 1.3
    endloop
  endfacet
  facet normal 0 0 -1
    outer loop
      vertex 116.081 61.9192 1.3
      vertex 116.081 91.0808 1.3
      vertex 116.209 90.9686 1.3
    endloop
  endfacet
  facet normal 0 0 -1
    outer loop
      vertex 115.969 61.7914 1.3
      vertex 116.081 91.0808 1.3
      vertex 116.081 61.9192 1.3
    endloop
  endfacet
  facet normal 0 0 -1
    outer loop
      vertex 115.969 61.7914 1.3
      vertex 115.969 91.2086 1.3
      vertex 116.081 91.0808 1.3
    endloop
  endfacet
  facet normal 0 0 -1
    outer loop
      vertex 115.874 61.65 1.3
      vertex 115.969 91.2086 1.3
      vertex 115.969 61.7914 1.3
    endloop
  endfacet
  facet normal 0 0 -1
    outer loop
      vertex 115.874 61.65 1.3
      vertex 115.874 91.35 1.3
      vertex 115.969 91.2086 1.3
    endloop
  endfacet
  facet normal 0 0 -1
    outer loop
      vertex 113 57 1.3
      vertex 115.874 61.65 1.3
      vertex 115.799 61.4975 1.3
    endloop
  endfacet
  facet normal -0 0 -1
    outer loop
      vertex 115.874 61.65 1.3
      vertex 113 57 1.3
      vertex 115.874 91.35 1.3
    endloop
  endfacet
  facet normal 0 0 -1
    outer loop
      vertex 113 57 1.3
      vertex 115.799 61.4975 1.3
      vertex 115.744 61.3365 1.3
    endloop
  endfacet
  facet normal 0 0 -1
    outer loop
      vertex 113 96 1.3
      vertex 115.874 91.35 1.3
      vertex 113 57 1.3
    endloop
  endfacet
  facet normal 0 0 -1
    outer loop
      vertex 113 57 1.3
      vertex 115.744 61.3365 1.3
      vertex 115.711 61.1697 1.3
    endloop
  endfacet
  facet normal 0 0 -1
    outer loop
      vertex 115.874 91.35 1.3
      vertex 113 96 1.3
      vertex 115.799 91.5025 1.3
    endloop
  endfacet
  facet normal 0 0 -1
    outer loop
      vertex 113 57 1.3
      vertex 115.711 61.1697 1.3
      vertex 115.7 61 1.3
    endloop
  endfacet
  facet normal 0 0 -1
    outer loop
      vertex 115.799 91.5025 1.3
      vertex 113 96 1.3
      vertex 115.744 91.6635 1.3
    endloop
  endfacet
  facet normal 0 0 -1
    outer loop
      vertex 176.201 61.4975 1.3
      vertex 179 57 1.3
      vertex 176.256 61.3365 1.3
    endloop
  endfacet
  facet normal 0 0 -1
    outer loop
      vertex 179 96 1.3
      vertex 176.289 91.8303 1.3
      vertex 176.3 92 1.3
    endloop
  endfacet
  facet normal 0 0 -1
    outer loop
      vertex 176.126 61.65 1.3
      vertex 179 57 1.3
      vertex 176.201 61.4975 1.3
    endloop
  endfacet
  facet normal 0 0 -1
    outer loop
      vertex 179 96 1.3
      vertex 176.256 91.6635 1.3
      vertex 176.289 91.8303 1.3
    endloop
  endfacet
  facet normal 0 0 -1
    outer loop
      vertex 179 57 1.3
      vertex 176.126 61.65 1.3
      vertex 179 96 1.3
    endloop
  endfacet
  facet normal 0 0 -1
    outer loop
      vertex 179 96 1.3
      vertex 176.201 91.5025 1.3
      vertex 176.256 91.6635 1.3
    endloop
  endfacet
  facet normal 0 0 -1
    outer loop
      vertex 176.126 91.35 1.3
      vertex 179 96 1.3
      vertex 176.126 61.65 1.3
    endloop
  endfacet
  facet normal 0 0 -1
    outer loop
      vertex 179 96 1.3
      vertex 176.126 91.35 1.3
      vertex 176.201 91.5025 1.3
    endloop
  endfacet
  facet normal 0 0 -1
    outer loop
      vertex 176.031 61.7914 1.3
      vertex 176.126 91.35 1.3
      vertex 176.126 61.65 1.3
    endloop
  endfacet
  facet normal 0 0 -1
    outer loop
      vertex 176.031 61.7914 1.3
      vertex 176.031 91.2086 1.3
      vertex 176.126 91.35 1.3
    endloop
  endfacet
  facet normal 0 0 -1
    outer loop
      vertex 175.919 61.9192 1.3
      vertex 176.031 91.2086 1.3
      vertex 176.031 61.7914 1.3
    endloop
  endfacet
  facet normal 0 0 -1
    outer loop
      vertex 175.919 61.9192 1.3
      vertex 175.919 91.0808 1.3
      vertex 176.031 91.2086 1.3
    endloop
  endfacet
  facet normal 0 0 -1
    outer loop
      vertex 175.791 62.0314 1.3
      vertex 175.919 91.0808 1.3
      vertex 175.919 61.9192 1.3
    endloop
  endfacet
  facet normal 0 0 -1
    outer loop
      vertex 175.791 62.0314 1.3
      vertex 175.791 90.9686 1.3
      vertex 175.919 91.0808 1.3
    endloop
  endfacet
  facet normal 0 0 -1
    outer loop
      vertex 175.65 62.1258 1.3
      vertex 175.791 90.9686 1.3
      vertex 175.791 62.0314 1.3
    endloop
  endfacet
  facet normal 0 0 -1
    outer loop
      vertex 175.65 62.1258 1.3
      vertex 175.65 90.8742 1.3
      vertex 175.791 90.9686 1.3
    endloop
  endfacet
  facet normal 0 0 -1
    outer loop
      vertex 175.497 62.201 1.3
      vertex 175.65 90.8742 1.3
      vertex 175.65 62.1258 1.3
    endloop
  endfacet
  facet normal 0 0 -1
    outer loop
      vertex 175.497 62.201 1.3
      vertex 175.497 90.799 1.3
      vertex 175.65 90.8742 1.3
    endloop
  endfacet
  facet normal 0 0 -1
    outer loop
      vertex 175.336 62.2557 1.3
      vertex 175.497 90.799 1.3
      vertex 175.497 62.201 1.3
    endloop
  endfacet
  facet normal 0 0 -1
    outer loop
      vertex 175.336 62.2557 1.3
      vertex 175.336 90.7443 1.3
      vertex 175.497 90.799 1.3
    endloop
  endfacet
  facet normal 0 0 -1
    outer loop
      vertex 175.17 62.2889 1.3
      vertex 175.336 90.7443 1.3
      vertex 175.336 62.2557 1.3
    endloop
  endfacet
  facet normal 0 0 -1
    outer loop
      vertex 175.17 62.2889 1.3
      vertex 175.17 90.7111 1.3
      vertex 175.336 90.7443 1.3
    endloop
  endfacet
  facet normal 0 0 -1
    outer loop
      vertex 175 62.3 1.3
      vertex 175.17 90.7111 1.3
      vertex 175.17 62.2889 1.3
    endloop
  endfacet
  facet normal 0 0 -1
    outer loop
      vertex 175 62.3 1.3
      vertex 175 90.7 1.3
      vertex 175.17 90.7111 1.3
    endloop
  endfacet
  facet normal 0 0 -1
    outer loop
      vertex 174.83 62.2889 1.3
      vertex 175 90.7 1.3
      vertex 175 62.3 1.3
    endloop
  endfacet
  facet normal 0 0 -1
    outer loop
      vertex 174.83 62.2889 1.3
      vertex 174.83 90.7111 1.3
      vertex 175 90.7 1.3
    endloop
  endfacet
  facet normal 0 0 -1
    outer loop
      vertex 174.664 62.2557 1.3
      vertex 174.83 90.7111 1.3
      vertex 174.83 62.2889 1.3
    endloop
  endfacet
  facet normal 0 0 -1
    outer loop
      vertex 174.664 62.2557 1.3
      vertex 174.664 90.7443 1.3
      vertex 174.83 90.7111 1.3
    endloop
  endfacet
  facet normal 0 0 -1
    outer loop
      vertex 174.503 62.201 1.3
      vertex 174.664 90.7443 1.3
      vertex 174.664 62.2557 1.3
    endloop
  endfacet
  facet normal 0 0 -1
    outer loop
      vertex 174.503 62.201 1.3
      vertex 174.503 90.799 1.3
      vertex 174.664 90.7443 1.3
    endloop
  endfacet
  facet normal 0 0 -1
    outer loop
      vertex 174.35 62.1258 1.3
      vertex 174.503 90.799 1.3
      vertex 174.503 62.201 1.3
    endloop
  endfacet
  facet normal 0 0 -1
    outer loop
      vertex 174.35 62.1258 1.3
      vertex 174.35 90.8742 1.3
      vertex 174.503 90.799 1.3
    endloop
  endfacet
  facet normal 0 0 -1
    outer loop
      vertex 174.209 62.0314 1.3
      vertex 174.35 90.8742 1.3
      vertex 174.35 62.1258 1.3
    endloop
  endfacet
  facet normal 0 0 -1
    outer loop
      vertex 174.209 62.0314 1.3
      vertex 174.209 90.9686 1.3
      vertex 174.35 90.8742 1.3
    endloop
  endfacet
  facet normal 0 0 -1
    outer loop
      vertex 174.081 61.9192 1.3
      vertex 174.209 90.9686 1.3
      vertex 174.209 62.0314 1.3
    endloop
  endfacet
  facet normal 0 0 -1
    outer loop
      vertex 174.081 61.9192 1.3
      vertex 174.081 91.0808 1.3
      vertex 174.209 90.9686 1.3
    endloop
  endfacet
  facet normal 0 0 -1
    outer loop
      vertex 173.969 61.7914 1.3
      vertex 174.081 91.0808 1.3
      vertex 174.081 61.9192 1.3
    endloop
  endfacet
  facet normal 0 0 -1
    outer loop
      vertex 173.969 61.7914 1.3
      vertex 173.969 91.2086 1.3
      vertex 174.081 91.0808 1.3
    endloop
  endfacet
  facet normal 0 0 -1
    outer loop
      vertex 173.874 61.65 1.3
      vertex 173.969 91.2086 1.3
      vertex 173.969 61.7914 1.3
    endloop
  endfacet
  facet normal 0 0 -1
    outer loop
      vertex 173.874 61.65 1.3
      vertex 173.874 91.35 1.3
      vertex 173.969 91.2086 1.3
    endloop
  endfacet
  facet normal 0 0 -1
    outer loop
      vertex 118.256 61.3365 1.3
      vertex 173.744 61.3365 1.3
      vertex 118.289 61.1697 1.3
    endloop
  endfacet
  facet normal 0 0 -1
    outer loop
      vertex 173.744 61.3365 1.3
      vertex 118.256 61.3365 1.3
      vertex 173.799 61.4975 1.3
    endloop
  endfacet
  facet normal 0 0 -1
    outer loop
      vertex 173.711 61.1697 1.3
      vertex 118.289 61.1697 1.3
      vertex 173.744 61.3365 1.3
    endloop
  endfacet
  facet normal 0 0 -1
    outer loop
      vertex 118.201 61.4975 1.3
      vertex 173.799 61.4975 1.3
      vertex 118.256 61.3365 1.3
    endloop
  endfacet
  facet normal 0 0 -1
    outer loop
      vertex 118.289 61.1697 1.3
      vertex 173.711 61.1697 1.3
      vertex 118.3 61 1.3
    endloop
  endfacet
  facet normal 0 0 -1
    outer loop
      vertex 173.874 91.35 1.3
      vertex 118.3 92 1.3
      vertex 173.799 91.5025 1.3
    endloop
  endfacet
  facet normal 0 0 -1
    outer loop
      vertex 118.3 61 1.3
      vertex 173.711 61.1697 1.3
      vertex 173.7 61 1.3
    endloop
  endfacet
  facet normal 0 0 -1
    outer loop
      vertex 173.799 91.5025 1.3
      vertex 118.3 92 1.3
      vertex 173.744 91.6635 1.3
    endloop
  endfacet
  facet normal 0 0 -1
    outer loop
      vertex 176.289 61.1697 1.3
      vertex 179 57 1.3
      vertex 176.3 61 1.3
    endloop
  endfacet
  facet normal 0 0 -1
    outer loop
      vertex 179 57 1.3
      vertex 176.289 60.8303 1.3
      vertex 176.3 61 1.3
    endloop
  endfacet
  facet normal 0 0 -1
    outer loop
      vertex 179 57 1.3
      vertex 176.256 60.6635 1.3
      vertex 176.289 60.8303 1.3
    endloop
  endfacet
  facet normal 0 0 -1
    outer loop
      vertex 179 57 1.3
      vertex 176.201 60.5025 1.3
      vertex 176.256 60.6635 1.3
    endloop
  endfacet
  facet normal 0 0 -1
    outer loop
      vertex 179 57 1.3
      vertex 176.126 60.35 1.3
      vertex 176.201 60.5025 1.3
    endloop
  endfacet
  facet normal 0 0 -1
    outer loop
      vertex 179 57 1.3
      vertex 176.031 60.2086 1.3
      vertex 176.126 60.35 1.3
    endloop
  endfacet
  facet normal 0 0 -1
    outer loop
      vertex 179 57 1.3
      vertex 175.919 60.0808 1.3
      vertex 176.031 60.2086 1.3
    endloop
  endfacet
  facet normal 0 0 -1
    outer loop
      vertex 179 57 1.3
      vertex 175.791 59.9686 1.3
      vertex 175.919 60.0808 1.3
    endloop
  endfacet
  facet normal 0 0 -1
    outer loop
      vertex 179 57 1.3
      vertex 175.65 59.8742 1.3
      vertex 175.791 59.9686 1.3
    endloop
  endfacet
  facet normal 0 0 -1
    outer loop
      vertex 179 57 1.3
      vertex 175.497 59.799 1.3
      vertex 175.65 59.8742 1.3
    endloop
  endfacet
  facet normal 0 0 -1
    outer loop
      vertex 179 57 1.3
      vertex 175.336 59.7443 1.3
      vertex 175.497 59.799 1.3
    endloop
  endfacet
  facet normal 0 0 -1
    outer loop
      vertex 179 57 1.3
      vertex 175.17 59.7111 1.3
      vertex 175.336 59.7443 1.3
    endloop
  endfacet
  facet normal 0 0 -1
    outer loop
      vertex 179 57 1.3
      vertex 175 59.7 1.3
      vertex 175.17 59.7111 1.3
    endloop
  endfacet
  facet normal 0 0 -1
    outer loop
      vertex 179 57 1.3
      vertex 174.83 59.7111 1.3
      vertex 175 59.7 1.3
    endloop
  endfacet
  facet normal 0 0 -1
    outer loop
      vertex 179 57 1.3
      vertex 174.664 59.7443 1.3
      vertex 174.83 59.7111 1.3
    endloop
  endfacet
  facet normal 0 0 -1
    outer loop
      vertex 179 57 1.3
      vertex 174.503 59.799 1.3
      vertex 174.664 59.7443 1.3
    endloop
  endfacet
  facet normal 0 0 -1
    outer loop
      vertex 179 57 1.3
      vertex 174.35 59.8742 1.3
      vertex 174.503 59.799 1.3
    endloop
  endfacet
  facet normal 0 0 -1
    outer loop
      vertex 173.744 91.6635 1.3
      vertex 118.3 92 1.3
      vertex 173.711 91.8303 1.3
    endloop
  endfacet
  facet normal 0 0 -1
    outer loop
      vertex 173.711 60.8303 1.3
      vertex 118.3 61 1.3
      vertex 173.7 61 1.3
    endloop
  endfacet
  facet normal 0 0 -1
    outer loop
      vertex 118.289 60.8303 1.3
      vertex 173.711 60.8303 1.3
      vertex 173.744 60.6635 1.3
    endloop
  endfacet
  facet normal 0 0 -1
    outer loop
      vertex 118.256 60.6635 1.3
      vertex 173.744 60.6635 1.3
      vertex 173.799 60.5025 1.3
    endloop
  endfacet
  facet normal 0 0 -1
    outer loop
      vertex 118.201 60.5025 1.3
      vertex 173.799 60.5025 1.3
      vertex 173.874 60.35 1.3
    endloop
  endfacet
  facet normal 0 0 -1
    outer loop
      vertex 118.126 60.35 1.3
      vertex 173.874 60.35 1.3
      vertex 173.969 60.2086 1.3
    endloop
  endfacet
  facet normal 0 0 -1
    outer loop
      vertex 118.031 60.2086 1.3
      vertex 173.969 60.2086 1.3
      vertex 174.081 60.0808 1.3
    endloop
  endfacet
  facet normal 0 0 -1
    outer loop
      vertex 117.919 60.0808 1.3
      vertex 174.081 60.0808 1.3
      vertex 174.209 59.9686 1.3
    endloop
  endfacet
  facet normal 0 0 -1
    outer loop
      vertex 117.791 59.9686 1.3
      vertex 174.209 59.9686 1.3
      vertex 174.35 59.8742 1.3
    endloop
  endfacet
  facet normal 0 0 -1
    outer loop
      vertex 117.65 59.8742 1.3
      vertex 174.35 59.8742 1.3
      vertex 179 57 1.3
    endloop
  endfacet
  facet normal 0 0 -1
    outer loop
      vertex 173.711 60.8303 1.3
      vertex 118.289 60.8303 1.3
      vertex 118.3 61 1.3
    endloop
  endfacet
  facet normal 0 0 -1
    outer loop
      vertex 173.744 60.6635 1.3
      vertex 118.256 60.6635 1.3
      vertex 118.289 60.8303 1.3
    endloop
  endfacet
  facet normal 0 0 -1
    outer loop
      vertex 173.799 60.5025 1.3
      vertex 118.201 60.5025 1.3
      vertex 118.256 60.6635 1.3
    endloop
  endfacet
  facet normal 0 0 -1
    outer loop
      vertex 173.874 60.35 1.3
      vertex 118.126 60.35 1.3
      vertex 118.201 60.5025 1.3
    endloop
  endfacet
  facet normal 0 0 -1
    outer loop
      vertex 173.969 60.2086 1.3
      vertex 118.031 60.2086 1.3
      vertex 118.126 60.35 1.3
    endloop
  endfacet
  facet normal 0 0 -1
    outer loop
      vertex 174.081 60.0808 1.3
      vertex 117.919 60.0808 1.3
      vertex 118.031 60.2086 1.3
    endloop
  endfacet
  facet normal 0 0 -1
    outer loop
      vertex 174.209 59.9686 1.3
      vertex 117.791 59.9686 1.3
      vertex 117.919 60.0808 1.3
    endloop
  endfacet
  facet normal 0 0 -1
    outer loop
      vertex 174.35 59.8742 1.3
      vertex 117.65 59.8742 1.3
      vertex 117.791 59.9686 1.3
    endloop
  endfacet
  facet normal 0 0 -1
    outer loop
      vertex 113 57 1.3
      vertex 117.65 59.8742 1.3
      vertex 179 57 1.3
    endloop
  endfacet
  facet normal 0 0 -1
    outer loop
      vertex 117.65 59.8742 1.3
      vertex 113 57 1.3
      vertex 117.497 59.799 1.3
    endloop
  endfacet
  facet normal 0 0 -1
    outer loop
      vertex 117.497 59.799 1.3
      vertex 113 57 1.3
      vertex 117.336 59.7443 1.3
    endloop
  endfacet
  facet normal 0 0 -1
    outer loop
      vertex 117.336 59.7443 1.3
      vertex 113 57 1.3
      vertex 117.17 59.7111 1.3
    endloop
  endfacet
  facet normal 0 0 -1
    outer loop
      vertex 115.744 91.6635 1.3
      vertex 113 96 1.3
      vertex 115.711 91.8303 1.3
    endloop
  endfacet
  facet normal -0 0 -1
    outer loop
      vertex 115.711 60.8303 1.3
      vertex 113 57 1.3
      vertex 115.7 61 1.3
    endloop
  endfacet
  facet normal -0 0 -1
    outer loop
      vertex 115.744 60.6635 1.3
      vertex 113 57 1.3
      vertex 115.711 60.8303 1.3
    endloop
  endfacet
  facet normal -0 0 -1
    outer loop
      vertex 115.799 60.5025 1.3
      vertex 113 57 1.3
      vertex 115.744 60.6635 1.3
    endloop
  endfacet
  facet normal -0 0 -1
    outer loop
      vertex 115.874 60.35 1.3
      vertex 113 57 1.3
      vertex 115.799 60.5025 1.3
    endloop
  endfacet
  facet normal -0 0 -1
    outer loop
      vertex 115.969 60.2086 1.3
      vertex 113 57 1.3
      vertex 115.874 60.35 1.3
    endloop
  endfacet
  facet normal -0 0 -1
    outer loop
      vertex 116.081 60.0808 1.3
      vertex 113 57 1.3
      vertex 115.969 60.2086 1.3
    endloop
  endfacet
  facet normal -0 0 -1
    outer loop
      vertex 116.209 59.9686 1.3
      vertex 113 57 1.3
      vertex 116.081 60.0808 1.3
    endloop
  endfacet
  facet normal -0 0 -1
    outer loop
      vertex 116.35 59.8742 1.3
      vertex 113 57 1.3
      vertex 116.209 59.9686 1.3
    endloop
  endfacet
  facet normal -0 0 -1
    outer loop
      vertex 116.503 59.799 1.3
      vertex 113 57 1.3
      vertex 116.35 59.8742 1.3
    endloop
  endfacet
  facet normal -0 0 -1
    outer loop
      vertex 116.664 59.7443 1.3
      vertex 113 57 1.3
      vertex 116.503 59.799 1.3
    endloop
  endfacet
  facet normal -0 0 -1
    outer loop
      vertex 116.83 59.7111 1.3
      vertex 113 57 1.3
      vertex 116.664 59.7443 1.3
    endloop
  endfacet
  facet normal -0 0 -1
    outer loop
      vertex 117 59.7 1.3
      vertex 113 57 1.3
      vertex 116.83 59.7111 1.3
    endloop
  endfacet
  facet normal 0 0 -1
    outer loop
      vertex 117.17 59.7111 1.3
      vertex 113 57 1.3
      vertex 117 59.7 1.3
    endloop
  endfacet
  facet normal 0 0 -1
    outer loop
      vertex 176.256 61.3365 1.3
      vertex 179 57 1.3
      vertex 176.289 61.1697 1.3
    endloop
  endfacet
  facet normal 0 0 -1
    outer loop
      vertex 176.289 92.1697 1.3
      vertex 179 96 1.3
      vertex 176.3 92 1.3
    endloop
  endfacet
  facet normal 0 0 -1
    outer loop
      vertex 176.256 92.3365 1.3
      vertex 179 96 1.3
      vertex 176.289 92.1697 1.3
    endloop
  endfacet
  facet normal 0 0 -1
    outer loop
      vertex 176.201 92.4975 1.3
      vertex 179 96 1.3
      vertex 176.256 92.3365 1.3
    endloop
  endfacet
  facet normal 0 0 -1
    outer loop
      vertex 176.126 92.65 1.3
      vertex 179 96 1.3
      vertex 176.201 92.4975 1.3
    endloop
  endfacet
  facet normal 0 0 -1
    outer loop
      vertex 176.031 92.7914 1.3
      vertex 179 96 1.3
      vertex 176.126 92.65 1.3
    endloop
  endfacet
  facet normal 0 0 -1
    outer loop
      vertex 175.919 92.9192 1.3
      vertex 179 96 1.3
      vertex 176.031 92.7914 1.3
    endloop
  endfacet
  facet normal 0 0 -1
    outer loop
      vertex 175.791 93.0314 1.3
      vertex 179 96 1.3
      vertex 175.919 92.9192 1.3
    endloop
  endfacet
  facet normal 0 0 -1
    outer loop
      vertex 175.65 93.1258 1.3
      vertex 179 96 1.3
      vertex 175.791 93.0314 1.3
    endloop
  endfacet
  facet normal 0 0 -1
    outer loop
      vertex 175.497 93.201 1.3
      vertex 179 96 1.3
      vertex 175.65 93.1258 1.3
    endloop
  endfacet
  facet normal 0 0 -1
    outer loop
      vertex 175.336 93.2557 1.3
      vertex 179 96 1.3
      vertex 175.497 93.201 1.3
    endloop
  endfacet
  facet normal 0 0 -1
    outer loop
      vertex 175.17 93.2889 1.3
      vertex 179 96 1.3
      vertex 175.336 93.2557 1.3
    endloop
  endfacet
  facet normal 0 0 -1
    outer loop
      vertex 175 93.3 1.3
      vertex 179 96 1.3
      vertex 175.17 93.2889 1.3
    endloop
  endfacet
  facet normal 0 0 -1
    outer loop
      vertex 174.83 93.2889 1.3
      vertex 179 96 1.3
      vertex 175 93.3 1.3
    endloop
  endfacet
  facet normal 0 0 -1
    outer loop
      vertex 174.664 93.2557 1.3
      vertex 179 96 1.3
      vertex 174.83 93.2889 1.3
    endloop
  endfacet
  facet normal 0 0 -1
    outer loop
      vertex 174.503 93.201 1.3
      vertex 179 96 1.3
      vertex 174.664 93.2557 1.3
    endloop
  endfacet
  facet normal 0 0 -1
    outer loop
      vertex 174.35 93.1258 1.3
      vertex 179 96 1.3
      vertex 174.503 93.201 1.3
    endloop
  endfacet
  facet normal 0 0 -1
    outer loop
      vertex 173.711 91.8303 1.3
      vertex 118.3 92 1.3
      vertex 173.7 92 1.3
    endloop
  endfacet
  facet normal 0 0 -1
    outer loop
      vertex 173.7 92 1.3
      vertex 118.3 92 1.3
      vertex 173.711 92.1697 1.3
    endloop
  endfacet
  facet normal 0 0 -1
    outer loop
      vertex 118.289 92.1697 1.3
      vertex 173.711 92.1697 1.3
      vertex 118.3 92 1.3
    endloop
  endfacet
  facet normal 0 0 -1
    outer loop
      vertex 173.711 92.1697 1.3
      vertex 118.289 92.1697 1.3
      vertex 173.744 92.3365 1.3
    endloop
  endfacet
  facet normal 0 0 -1
    outer loop
      vertex 118.256 92.3365 1.3
      vertex 173.744 92.3365 1.3
      vertex 118.289 92.1697 1.3
    endloop
  endfacet
  facet normal 0 0 -1
    outer loop
      vertex 173.744 92.3365 1.3
      vertex 118.256 92.3365 1.3
      vertex 173.799 92.4975 1.3
    endloop
  endfacet
  facet normal 0 0 -1
    outer loop
      vertex 118.201 92.4975 1.3
      vertex 173.799 92.4975 1.3
      vertex 118.256 92.3365 1.3
    endloop
  endfacet
  facet normal 0 0 -1
    outer loop
      vertex 173.799 92.4975 1.3
      vertex 118.201 92.4975 1.3
      vertex 173.874 92.65 1.3
    endloop
  endfacet
  facet normal 0 0 -1
    outer loop
      vertex 118.126 92.65 1.3
      vertex 173.874 92.65 1.3
      vertex 118.201 92.4975 1.3
    endloop
  endfacet
  facet normal 0 0 -1
    outer loop
      vertex 173.874 92.65 1.3
      vertex 118.126 92.65 1.3
      vertex 173.969 92.7914 1.3
    endloop
  endfacet
  facet normal 0 0 -1
    outer loop
      vertex 118.031 92.7914 1.3
      vertex 173.969 92.7914 1.3
      vertex 118.126 92.65 1.3
    endloop
  endfacet
  facet normal 0 0 -1
    outer loop
      vertex 173.969 92.7914 1.3
      vertex 118.031 92.7914 1.3
      vertex 174.081 92.9192 1.3
    endloop
  endfacet
  facet normal 0 0 -1
    outer loop
      vertex 117.919 92.9192 1.3
      vertex 174.081 92.9192 1.3
      vertex 118.031 92.7914 1.3
    endloop
  endfacet
  facet normal 0 0 -1
    outer loop
      vertex 174.081 92.9192 1.3
      vertex 117.919 92.9192 1.3
      vertex 174.209 93.0314 1.3
    endloop
  endfacet
  facet normal 0 0 -1
    outer loop
      vertex 117.791 93.0314 1.3
      vertex 174.209 93.0314 1.3
      vertex 117.919 92.9192 1.3
    endloop
  endfacet
  facet normal 0 0 -1
    outer loop
      vertex 174.209 93.0314 1.3
      vertex 117.791 93.0314 1.3
      vertex 174.35 93.1258 1.3
    endloop
  endfacet
  facet normal 0 0 -1
    outer loop
      vertex 117.65 93.1258 1.3
      vertex 174.35 93.1258 1.3
      vertex 117.791 93.0314 1.3
    endloop
  endfacet
  facet normal 0 0 -1
    outer loop
      vertex 174.35 93.1258 1.3
      vertex 117.65 93.1258 1.3
      vertex 179 96 1.3
    endloop
  endfacet
  facet normal 0 0 -1
    outer loop
      vertex 113 96 1.3
      vertex 117.65 93.1258 1.3
      vertex 117.497 93.201 1.3
    endloop
  endfacet
  facet normal 0 0 -1
    outer loop
      vertex 113 96 1.3
      vertex 117.497 93.201 1.3
      vertex 117.336 93.2557 1.3
    endloop
  endfacet
  facet normal 0 0 -1
    outer loop
      vertex 113 96 1.3
      vertex 117.336 93.2557 1.3
      vertex 117.17 93.2889 1.3
    endloop
  endfacet
  facet normal 0 0 -1
    outer loop
      vertex 113 96 1.3
      vertex 117.17 93.2889 1.3
      vertex 117 93.3 1.3
    endloop
  endfacet
  facet normal 0 0 -1
    outer loop
      vertex 115.711 91.8303 1.3
      vertex 113 96 1.3
      vertex 115.7 92 1.3
    endloop
  endfacet
  facet normal 0 0 -1
    outer loop
      vertex 117.65 93.1258 1.3
      vertex 113 96 1.3
      vertex 179 96 1.3
    endloop
  endfacet
  facet normal 0 0 -1
    outer loop
      vertex 116.83 93.2889 1.3
      vertex 113 96 1.3
      vertex 117 93.3 1.3
    endloop
  endfacet
  facet normal 0 0 -1
    outer loop
      vertex 116.664 93.2557 1.3
      vertex 113 96 1.3
      vertex 116.83 93.2889 1.3
    endloop
  endfacet
  facet normal 0 0 -1
    outer loop
      vertex 116.503 93.201 1.3
      vertex 113 96 1.3
      vertex 116.664 93.2557 1.3
    endloop
  endfacet
  facet normal 0 0 -1
    outer loop
      vertex 116.35 93.1258 1.3
      vertex 113 96 1.3
      vertex 116.503 93.201 1.3
    endloop
  endfacet
  facet normal 0 0 -1
    outer loop
      vertex 116.209 93.0314 1.3
      vertex 113 96 1.3
      vertex 116.35 93.1258 1.3
    endloop
  endfacet
  facet normal 0 0 -1
    outer loop
      vertex 116.081 92.9192 1.3
      vertex 113 96 1.3
      vertex 116.209 93.0314 1.3
    endloop
  endfacet
  facet normal 0 0 -1
    outer loop
      vertex 115.969 92.7914 1.3
      vertex 113 96 1.3
      vertex 116.081 92.9192 1.3
    endloop
  endfacet
  facet normal 0 0 -1
    outer loop
      vertex 115.874 92.65 1.3
      vertex 113 96 1.3
      vertex 115.969 92.7914 1.3
    endloop
  endfacet
  facet normal 0 0 -1
    outer loop
      vertex 115.799 92.4975 1.3
      vertex 113 96 1.3
      vertex 115.874 92.65 1.3
    endloop
  endfacet
  facet normal 0 0 -1
    outer loop
      vertex 115.744 92.3365 1.3
      vertex 113 96 1.3
      vertex 115.799 92.4975 1.3
    endloop
  endfacet
  facet normal 0 0 -1
    outer loop
      vertex 115.711 92.1697 1.3
      vertex 113 96 1.3
      vertex 115.744 92.3365 1.3
    endloop
  endfacet
  facet normal 0 0 -1
    outer loop
      vertex 115.7 92 1.3
      vertex 113 96 1.3
      vertex 115.711 92.1697 1.3
    endloop
  endfacet
  facet normal 1 -0 0
    outer loop
      vertex 113 57 1.3
      vertex 113 96 0
      vertex 113 96 1.3
    endloop
  endfacet
  facet normal 1 0 0
    outer loop
      vertex 113 96 0
      vertex 113 57 1.3
      vertex 113 57 0
    endloop
  endfacet
  facet normal 0 -1 0
    outer loop
      vertex 113 96 0
      vertex 179 96 1.3
      vertex 113 96 1.3
    endloop
  endfacet
  facet normal 0 -1 -0
    outer loop
      vertex 179 96 1.3
      vertex 113 96 0
      vertex 179 96 0
    endloop
  endfacet
  facet normal 0 1 -0
    outer loop
      vertex 179 57 0
      vertex 113 57 1.3
      vertex 179 57 1.3
    endloop
  endfacet
  facet normal 0 1 0
    outer loop
      vertex 113 57 1.3
      vertex 179 57 0
      vertex 113 57 0
    endloop
  endfacet
  facet normal 0 0 -1
    outer loop
      vertex 180 70.5 11.1
      vertex 182 82.5 11.1
      vertex 182 70.5 11.1
    endloop
  endfacet
  facet normal -0 0 -1
    outer loop
      vertex 182 82.5 11.1
      vertex 180 70.5 11.1
      vertex 180 82.5 11.1
    endloop
  endfacet
  facet normal -0 0 1
    outer loop
      vertex 180 82.5 6.9
      vertex 182 70.5 6.9
      vertex 182 82.5 6.9
    endloop
  endfacet
  facet normal 0 0 1
    outer loop
      vertex 182 70.5 6.9
      vertex 180 82.5 6.9
      vertex 180 70.5 6.9
    endloop
  endfacet
  facet normal 1 -0 0
    outer loop
      vertex 180 70.5 11.1
      vertex 180 82.5 6.9
      vertex 180 82.5 11.1
    endloop
  endfacet
  facet normal 1 0 0
    outer loop
      vertex 180 82.5 6.9
      vertex 180 70.5 11.1
      vertex 180 70.5 6.9
    endloop
  endfacet
  facet normal 0 -1 0
    outer loop
      vertex 180 82.5 6.9
      vertex 182 82.5 11.1
      vertex 180 82.5 11.1
    endloop
  endfacet
  facet normal 0 -1 -0
    outer loop
      vertex 182 82.5 11.1
      vertex 180 82.5 6.9
      vertex 182 82.5 6.9
    endloop
  endfacet
  facet normal 0 1 -0
    outer loop
      vertex 182 70.5 6.9
      vertex 180 70.5 11.1
      vertex 182 70.5 11.1
    endloop
  endfacet
  facet normal 0 1 0
    outer loop
      vertex 180 70.5 11.1
      vertex 182 70.5 6.9
      vertex 180 70.5 6.9
    endloop
  endfacet
  facet normal 0 0 -1
    outer loop
      vertex 110 76.5 11.5
      vertex 112.4 86.5 11.5
      vertex 112.4 76.5 11.5
    endloop
  endfacet
  facet normal -0 0 -1
    outer loop
      vertex 112.4 86.5 11.5
      vertex 110 76.5 11.5
      vertex 110 86.5 11.5
    endloop
  endfacet
  facet normal -0 0 1
    outer loop
      vertex 110 86.5 5.5
      vertex 112.4 76.5 5.5
      vertex 112.4 86.5 5.5
    endloop
  endfacet
  facet normal 0 0 1
    outer loop
      vertex 112.4 76.5 5.5
      vertex 110 86.5 5.5
      vertex 110 76.5 5.5
    endloop
  endfacet
  facet normal 0 -1 0
    outer loop
      vertex 110 86.5 5.5
      vertex 112.4 86.5 11.5
      vertex 110 86.5 11.5
    endloop
  endfacet
  facet normal 0 -1 -0
    outer loop
      vertex 112.4 86.5 11.5
      vertex 110 86.5 5.5
      vertex 112.4 86.5 5.5
    endloop
  endfacet
  facet normal 0 1 -0
    outer loop
      vertex 112.4 76.5 5.5
      vertex 110 76.5 11.5
      vertex 112.4 76.5 11.5
    endloop
  endfacet
  facet normal 0 1 0
    outer loop
      vertex 110 76.5 11.5
      vertex 112.4 76.5 5.5
      vertex 110 76.5 5.5
    endloop
  endfacet
  facet normal 1 -0 0
    outer loop
      vertex 176 62 6.2
      vertex 176 64 2.2
      vertex 176 64 6.2
    endloop
  endfacet
  facet normal 1 0 0
    outer loop
      vertex 176 64 2.2
      vertex 176 62 6.2
      vertex 176 62 2.2
    endloop
  endfacet
  facet normal -0 0 1
    outer loop
      vertex 116 64 6.2
      vertex 176 62 6.2
      vertex 176 64 6.2
    endloop
  endfacet
  facet normal 0 0 1
    outer loop
      vertex 176 62 6.2
      vertex 116 64 6.2
      vertex 116 62 6.2
    endloop
  endfacet
  facet normal -1 0 0
    outer loop
      vertex 116 62 2.2
      vertex 116 64 6.2
      vertex 116 64 2.2
    endloop
  endfacet
  facet normal -1 -0 0
    outer loop
      vertex 116 64 6.2
      vertex 116 62 2.2
      vertex 116 62 6.2
    endloop
  endfacet
  facet normal 0 1 -0
    outer loop
      vertex 176 64 2.2
      vertex 116 64 6.2
      vertex 176 64 6.2
    endloop
  endfacet
  facet normal 0 1 0
    outer loop
      vertex 116 64 6.2
      vertex 176 64 2.2
      vertex 116 64 2.2
    endloop
  endfacet
  facet normal 0 -1 0
    outer loop
      vertex 116.173 62 2.2
      vertex 116 62 6.2
      vertex 116 62 2.2
    endloop
  endfacet
  facet normal 0 -1 0
    outer loop
      vertex 117.827 62 2.2
      vertex 116 62 6.2
      vertex 116.173 62 2.2
    endloop
  endfacet
  facet normal 0 -1 0
    outer loop
      vertex 116 62 6.2
      vertex 117.827 62 2.2
      vertex 176 62 6.2
    endloop
  endfacet
  facet normal 0 -1 0
    outer loop
      vertex 174.173 62 2.2
      vertex 176 62 6.2
      vertex 117.827 62 2.2
    endloop
  endfacet
  facet normal 0 -1 0
    outer loop
      vertex 175.827 62 2.2
      vertex 176 62 6.2
      vertex 174.173 62 2.2
    endloop
  endfacet
  facet normal 0 -1 -0
    outer loop
      vertex 176 62 6.2
      vertex 175.827 62 2.2
      vertex 176 62 2.2
    endloop
  endfacet
  facet normal 1 -0 0
    outer loop
      vertex 176 89 6.2
      vertex 176 91 2.2
      vertex 176 91 6.2
    endloop
  endfacet
  facet normal 1 0 0
    outer loop
      vertex 176 91 2.2
      vertex 176 89 6.2
      vertex 176 89 2.2
    endloop
  endfacet
  facet normal -0 0 1
    outer loop
      vertex 116 91 6.2
      vertex 176 89 6.2
      vertex 176 91 6.2
    endloop
  endfacet
  facet normal 0 0 1
    outer loop
      vertex 176 89 6.2
      vertex 116 91 6.2
      vertex 116 89 6.2
    endloop
  endfacet
  facet normal -1 0 0
    outer loop
      vertex 116 89 2.2
      vertex 116 91 6.2
      vertex 116 91 2.2
    endloop
  endfacet
  facet normal -1 -0 0
    outer loop
      vertex 116 91 6.2
      vertex 116 89 2.2
      vertex 116 89 6.2
    endloop
  endfacet
  facet normal 0 1 0
    outer loop
      vertex 175.827 91 2.2
      vertex 176 91 6.2
      vertex 176 91 2.2
    endloop
  endfacet
  facet normal 0 1 0
    outer loop
      vertex 174.173 91 2.2
      vertex 176 91 6.2
      vertex 175.827 91 2.2
    endloop
  endfacet
  facet normal 0 1 0
    outer loop
      vertex 176 91 6.2
      vertex 174.173 91 2.2
      vertex 116 91 6.2
    endloop
  endfacet
  facet normal 0 1 -0
    outer loop
      vertex 117.827 91 2.2
      vertex 116 91 6.2
      vertex 174.173 91 2.2
    endloop
  endfacet
  facet normal 0 1 -0
    outer loop
      vertex 116.173 91 2.2
      vertex 116 91 6.2
      vertex 117.827 91 2.2
    endloop
  endfacet
  facet normal 0 1 0
    outer loop
      vertex 116 91 6.2
      vertex 116.173 91 2.2
      vertex 116 91 2.2
    endloop
  endfacet
  facet normal 0 -1 0
    outer loop
      vertex 116 89 2.2
      vertex 176 89 6.2
      vertex 116 89 6.2
    endloop
  endfacet
  facet normal 0 -1 -0
    outer loop
      vertex 176 89 6.2
      vertex 116 89 2.2
      vertex 176 89 2.2
    endloop
  endfacet
endsolid OpenSCAD_Model
