solid OpenSCAD_Model
  facet normal 0 0 -1
    outer loop
      vertex 24.7013 58.018 22.92
      vertex 23.9635 58.5955 22.92
      vertex 24.7013 58.5955 22.92
    endloop
  endfacet
  facet normal 0 0 -1
    outer loop
      vertex 23.1736 60.6886 22.92
      vertex 23.9635 58.5955 22.92
      vertex 23.1736 58.5955 22.92
    endloop
  endfacet
  facet normal 0 0 -1
    outer loop
      vertex 24.7013 58.018 22.92
      vertex 23.1736 58.5955 22.92
      vertex 23.9635 58.5955 22.92
    endloop
  endfacet
  facet normal 0 0 -1
    outer loop
      vertex 22.4358 58.018 22.92
      vertex 23.1736 58.5955 22.92
      vertex 24.7013 58.018 22.92
    endloop
  endfacet
  facet normal -0 0 -1
    outer loop
      vertex 23.1736 58.5955 22.92
      vertex 22.4358 58.018 22.92
      vertex 22.4358 58.5955 22.92
    endloop
  endfacet
  facet normal 0 0 -1
    outer loop
      vertex 23.9635 58.5955 22.92
      vertex 23.1736 60.6886 22.92
      vertex 23.9635 61.2579 22.92
    endloop
  endfacet
  facet normal 0 0 -1
    outer loop
      vertex 23.1736 60.6886 22.92
      vertex 23.1693 61.2579 22.92
      vertex 23.9635 61.2579 22.92
    endloop
  endfacet
  facet normal 0 0 -1
    outer loop
      vertex 22.4163 61.1023 22.92
      vertex 23.1736 60.6886 22.92
      vertex 22.4163 60.5329 22.92
    endloop
  endfacet
  facet normal 0 0 -1
    outer loop
      vertex 23.1736 60.6886 22.92
      vertex 22.4163 61.1023 22.92
      vertex 23.1693 61.2579 22.92
    endloop
  endfacet
  facet normal 0 0 1
    outer loop
      vertex 23.9635 61.2579 23.3
      vertex 23.1736 60.6886 23.3
      vertex 23.9635 58.5955 23.3
    endloop
  endfacet
  facet normal -0 0 1
    outer loop
      vertex 23.1693 61.2579 23.3
      vertex 23.1736 60.6886 23.3
      vertex 23.9635 61.2579 23.3
    endloop
  endfacet
  facet normal -0 0 1
    outer loop
      vertex 22.4163 61.1023 23.3
      vertex 23.1736 60.6886 23.3
      vertex 23.1693 61.2579 23.3
    endloop
  endfacet
  facet normal 0 0 1
    outer loop
      vertex 23.1736 60.6886 23.3
      vertex 22.4163 61.1023 23.3
      vertex 22.4163 60.5329 23.3
    endloop
  endfacet
  facet normal -0 0 1
    outer loop
      vertex 23.9635 58.5955 23.3
      vertex 24.7013 58.018 23.3
      vertex 24.7013 58.5955 23.3
    endloop
  endfacet
  facet normal 0 0 1
    outer loop
      vertex 23.1736 58.5955 23.3
      vertex 23.9635 58.5955 23.3
      vertex 23.1736 60.6886 23.3
    endloop
  endfacet
  facet normal -0 0 1
    outer loop
      vertex 23.1736 58.5955 23.3
      vertex 24.7013 58.018 23.3
      vertex 23.9635 58.5955 23.3
    endloop
  endfacet
  facet normal 0 0 1
    outer loop
      vertex 22.4358 58.018 23.3
      vertex 23.1736 58.5955 23.3
      vertex 22.4358 58.5955 23.3
    endloop
  endfacet
  facet normal 0 0 1
    outer loop
      vertex 23.1736 58.5955 23.3
      vertex 22.4358 58.018 23.3
      vertex 24.7013 58.018 23.3
    endloop
  endfacet
  facet normal 0 1 -0
    outer loop
      vertex 24.7013 58.5955 22.92
      vertex 23.9635 58.5955 23.3
      vertex 24.7013 58.5955 23.3
    endloop
  endfacet
  facet normal 0 1 0
    outer loop
      vertex 23.9635 58.5955 23.3
      vertex 24.7013 58.5955 22.92
      vertex 23.9635 58.5955 22.92
    endloop
  endfacet
  facet normal 1 -0 0
    outer loop
      vertex 23.9635 58.5955 23.3
      vertex 23.9635 61.2579 22.92
      vertex 23.9635 61.2579 23.3
    endloop
  endfacet
  facet normal 1 0 0
    outer loop
      vertex 23.9635 61.2579 22.92
      vertex 23.9635 58.5955 23.3
      vertex 23.9635 58.5955 22.92
    endloop
  endfacet
  facet normal 0 1 -0
    outer loop
      vertex 23.9635 61.2579 22.92
      vertex 23.1693 61.2579 23.3
      vertex 23.9635 61.2579 23.3
    endloop
  endfacet
  facet normal 0 1 0
    outer loop
      vertex 23.1693 61.2579 23.3
      vertex 23.9635 61.2579 22.92
      vertex 23.1693 61.2579 22.92
    endloop
  endfacet
  facet normal -0.202365 0.97931 0
    outer loop
      vertex 23.1693 61.2579 22.92
      vertex 22.4163 61.1023 23.3
      vertex 23.1693 61.2579 23.3
    endloop
  endfacet
  facet normal -0.202365 0.97931 0
    outer loop
      vertex 22.4163 61.1023 23.3
      vertex 23.1693 61.2579 22.92
      vertex 22.4163 61.1023 22.92
    endloop
  endfacet
  facet normal -1 0 0
    outer loop
      vertex 22.4163 60.5329 22.92
      vertex 22.4163 61.1023 23.3
      vertex 22.4163 61.1023 22.92
    endloop
  endfacet
  facet normal -1 -0 0
    outer loop
      vertex 22.4163 61.1023 23.3
      vertex 22.4163 60.5329 22.92
      vertex 22.4163 60.5329 23.3
    endloop
  endfacet
  facet normal 0.201386 -0.979512 0
    outer loop
      vertex 22.4163 60.5329 22.92
      vertex 23.1736 60.6886 23.3
      vertex 22.4163 60.5329 23.3
    endloop
  endfacet
  facet normal 0.201386 -0.979512 0
    outer loop
      vertex 23.1736 60.6886 23.3
      vertex 22.4163 60.5329 22.92
      vertex 23.1736 60.6886 22.92
    endloop
  endfacet
  facet normal -1 0 0
    outer loop
      vertex 23.1736 58.5955 22.92
      vertex 23.1736 60.6886 23.3
      vertex 23.1736 60.6886 22.92
    endloop
  endfacet
  facet normal -1 -0 0
    outer loop
      vertex 23.1736 60.6886 23.3
      vertex 23.1736 58.5955 22.92
      vertex 23.1736 58.5955 23.3
    endloop
  endfacet
  facet normal 0 1 -0
    outer loop
      vertex 23.1736 58.5955 22.92
      vertex 22.4358 58.5955 23.3
      vertex 23.1736 58.5955 23.3
    endloop
  endfacet
  facet normal 0 1 0
    outer loop
      vertex 22.4358 58.5955 23.3
      vertex 23.1736 58.5955 22.92
      vertex 22.4358 58.5955 22.92
    endloop
  endfacet
  facet normal -1 0 0
    outer loop
      vertex 22.4358 58.018 22.92
      vertex 22.4358 58.5955 23.3
      vertex 22.4358 58.5955 22.92
    endloop
  endfacet
  facet normal -1 -0 0
    outer loop
      vertex 22.4358 58.5955 23.3
      vertex 22.4358 58.018 22.92
      vertex 22.4358 58.018 23.3
    endloop
  endfacet
  facet normal 0 -1 0
    outer loop
      vertex 22.4358 58.018 22.92
      vertex 24.7013 58.018 23.3
      vertex 22.4358 58.018 23.3
    endloop
  endfacet
  facet normal 0 -1 -0
    outer loop
      vertex 24.7013 58.018 23.3
      vertex 22.4358 58.018 22.92
      vertex 24.7013 58.018 22.92
    endloop
  endfacet
  facet normal 1 -0 0
    outer loop
      vertex 24.7013 58.018 23.3
      vertex 24.7013 58.5955 22.92
      vertex 24.7013 58.5955 23.3
    endloop
  endfacet
  facet normal 1 0 0
    outer loop
      vertex 24.7013 58.5955 22.92
      vertex 24.7013 58.018 23.3
      vertex 24.7013 58.018 22.92
    endloop
  endfacet
  facet normal 0 0 -1
    outer loop
      vertex 43.671 57.989 22.92
      vertex 42.2453 58.6034 22.92
      vertex 43.671 58.6034 22.92
    endloop
  endfacet
  facet normal 0 -0 -1
    outer loop
      vertex 42.2453 58.6034 22.92
      vertex 43.671 57.989 22.92
      vertex 41.3166 57.989 22.92
    endloop
  endfacet
  facet normal 0 0 -1
    outer loop
      vertex 42.8064 60.2747 22.92
      vertex 43.6493 60.3181 22.92
      vertex 43.6465 60.2431 22.92
    endloop
  endfacet
  facet normal 0 0 -1
    outer loop
      vertex 42.8095 60.2114 22.92
      vertex 43.6465 60.2431 22.92
      vertex 43.6381 60.1697 22.92
    endloop
  endfacet
  facet normal 0 0 -1
    outer loop
      vertex 42.8095 60.2114 22.92
      vertex 43.6381 60.1697 22.92
      vertex 43.6242 60.0977 22.92
    endloop
  endfacet
  facet normal -0 0 -1
    outer loop
      vertex 43.6493 60.3181 22.92
      vertex 42.8064 60.2747 22.92
      vertex 43.6427 60.4448 22.92
    endloop
  endfacet
  facet normal 0 0 -1
    outer loop
      vertex 42.8095 60.2114 22.92
      vertex 43.6242 60.0977 22.92
      vertex 43.6047 60.0271 22.92
    endloop
  endfacet
  facet normal 0 0 -1
    outer loop
      vertex 42.797 60.3343 22.92
      vertex 43.6427 60.4448 22.92
      vertex 42.8064 60.2747 22.92
    endloop
  endfacet
  facet normal 0 0 -1
    outer loop
      vertex 42.808 60.1695 22.92
      vertex 43.6047 60.0271 22.92
      vertex 43.5796 59.958 22.92
    endloop
  endfacet
  facet normal 0 0 -1
    outer loop
      vertex 42.8033 60.128 22.92
      vertex 43.5796 59.958 22.92
      vertex 43.5489 59.8904 22.92
    endloop
  endfacet
  facet normal -0 0 -1
    outer loop
      vertex 43.6427 60.4448 22.92
      vertex 42.797 60.3343 22.92
      vertex 43.623 60.5633 22.92
    endloop
  endfacet
  facet normal 0 0 -1
    outer loop
      vertex 42.8033 60.128 22.92
      vertex 43.5489 59.8904 22.92
      vertex 43.5126 59.8243 22.92
    endloop
  endfacet
  facet normal 0 0 -1
    outer loop
      vertex 42.7814 60.3903 22.92
      vertex 43.623 60.5633 22.92
      vertex 42.797 60.3343 22.92
    endloop
  endfacet
  facet normal 0 0 -1
    outer loop
      vertex 42.7956 60.0869 22.92
      vertex 43.5126 59.8243 22.92
      vertex 43.4674 59.7557 22.92
    endloop
  endfacet
  facet normal -0 0 -1
    outer loop
      vertex 43.623 60.5633 22.92
      vertex 42.7814 60.3903 22.92
      vertex 43.5901 60.6736 22.92
    endloop
  endfacet
  facet normal 0 0 -1
    outer loop
      vertex 42.7847 60.0463 22.92
      vertex 43.4674 59.7557 22.92
      vertex 43.4098 59.6807 22.92
    endloop
  endfacet
  facet normal 0 0 -1
    outer loop
      vertex 42.7708 60.0061 22.92
      vertex 43.4098 59.6807 22.92
      vertex 43.34 59.5995 22.92
    endloop
  endfacet
  facet normal -0 0 -1
    outer loop
      vertex 43.5901 60.6736 22.92
      vertex 42.7814 60.3903 22.92
      vertex 43.5441 60.7756 22.92
    endloop
  endfacet
  facet normal 0 0 -1
    outer loop
      vertex 42.7537 59.9664 22.92
      vertex 43.34 59.5995 22.92
      vertex 43.2579 59.5119 22.92
    endloop
  endfacet
  facet normal -0 0 -1
    outer loop
      vertex 43.6465 60.2431 22.92
      vertex 42.8095 60.2114 22.92
      vertex 42.8064 60.2747 22.92
    endloop
  endfacet
  facet normal 0 0 -1
    outer loop
      vertex 42.7102 59.8879 22.92
      vertex 43.2579 59.5119 22.92
      vertex 43.1634 59.418 22.92
    endloop
  endfacet
  facet normal 0 0 -1
    outer loop
      vertex 42.7596 60.4427 22.92
      vertex 43.5441 60.7756 22.92
      vertex 42.7814 60.3903 22.92
    endloop
  endfacet
  facet normal 0 0 -1
    outer loop
      vertex 42.6533 59.8088 22.92
      vertex 43.1634 59.418 22.92
      vertex 43.0566 59.3177 22.92
    endloop
  endfacet
  facet normal -0 0 -1
    outer loop
      vertex 43.5441 60.7756 22.92
      vertex 42.7596 60.4427 22.92
      vertex 43.4849 60.8693 22.92
    endloop
  endfacet
  facet normal 0 0 -1
    outer loop
      vertex 42.583 59.7286 22.92
      vertex 43.0566 59.3177 22.92
      vertex 42.9376 59.2111 22.92
    endloop
  endfacet
  facet normal -0 0 -1
    outer loop
      vertex 43.4849 60.8693 22.92
      vertex 42.7596 60.4427 22.92
      vertex 43.4125 60.9549 22.92
    endloop
  endfacet
  facet normal 0 0 -1
    outer loop
      vertex 42.7315 60.4914 22.92
      vertex 43.4125 60.9549 22.92
      vertex 42.7596 60.4427 22.92
    endloop
  endfacet
  facet normal 0 0 -1
    outer loop
      vertex 43.6047 60.0271 22.92
      vertex 42.808 60.1695 22.92
      vertex 42.8095 60.2114 22.92
    endloop
  endfacet
  facet normal 0 0 -1
    outer loop
      vertex 43.5796 59.958 22.92
      vertex 42.8033 60.128 22.92
      vertex 42.808 60.1695 22.92
    endloop
  endfacet
  facet normal 0 0 -1
    outer loop
      vertex 43.5126 59.8243 22.92
      vertex 42.7956 60.0869 22.92
      vertex 42.8033 60.128 22.92
    endloop
  endfacet
  facet normal 0 0 -1
    outer loop
      vertex 43.4674 59.7557 22.92
      vertex 42.7847 60.0463 22.92
      vertex 42.7956 60.0869 22.92
    endloop
  endfacet
  facet normal 0 0 -1
    outer loop
      vertex 43.4098 59.6807 22.92
      vertex 42.7708 60.0061 22.92
      vertex 42.7847 60.0463 22.92
    endloop
  endfacet
  facet normal 0 0 -1
    outer loop
      vertex 43.34 59.5995 22.92
      vertex 42.7537 59.9664 22.92
      vertex 42.7708 60.0061 22.92
    endloop
  endfacet
  facet normal 0 0 -1
    outer loop
      vertex 43.2579 59.5119 22.92
      vertex 42.7335 59.9271 22.92
      vertex 42.7537 59.9664 22.92
    endloop
  endfacet
  facet normal 0 0 -1
    outer loop
      vertex 43.2579 59.5119 22.92
      vertex 42.7102 59.8879 22.92
      vertex 42.7335 59.9271 22.92
    endloop
  endfacet
  facet normal 0 0 -1
    outer loop
      vertex 43.1634 59.418 22.92
      vertex 42.6834 59.8485 22.92
      vertex 42.7102 59.8879 22.92
    endloop
  endfacet
  facet normal 0 0 -1
    outer loop
      vertex 43.1634 59.418 22.92
      vertex 42.6533 59.8088 22.92
      vertex 42.6834 59.8485 22.92
    endloop
  endfacet
  facet normal 0 0 -1
    outer loop
      vertex 43.0566 59.3177 22.92
      vertex 42.6198 59.7688 22.92
      vertex 42.6533 59.8088 22.92
    endloop
  endfacet
  facet normal 0 0 -1
    outer loop
      vertex 43.0566 59.3177 22.92
      vertex 42.583 59.7286 22.92
      vertex 42.6198 59.7688 22.92
    endloop
  endfacet
  facet normal 0 0 -1
    outer loop
      vertex 42.9376 59.2111 22.92
      vertex 42.5428 59.688 22.92
      vertex 42.583 59.7286 22.92
    endloop
  endfacet
  facet normal 0 0 -1
    outer loop
      vertex 42.9376 59.2111 22.92
      vertex 42.4992 59.6473 22.92
      vertex 42.5428 59.688 22.92
    endloop
  endfacet
  facet normal 0 0 -1
    outer loop
      vertex 42.2453 58.6034 22.92
      vertex 42.4992 59.6473 22.92
      vertex 42.9376 59.2111 22.92
    endloop
  endfacet
  facet normal 0 0 -1
    outer loop
      vertex 41.3166 58.6034 22.92
      vertex 42.2453 58.6034 22.92
      vertex 41.3166 57.989 22.92
    endloop
  endfacet
  facet normal 0 0 -1
    outer loop
      vertex 42.2453 58.6034 22.92
      vertex 41.3166 58.6034 22.92
      vertex 42.4992 59.6473 22.92
    endloop
  endfacet
  facet normal -0 0 -1
    outer loop
      vertex 43.4125 60.9549 22.92
      vertex 42.7315 60.4914 22.92
      vertex 43.327 61.0322 22.92
    endloop
  endfacet
  facet normal -0 0 -1
    outer loop
      vertex 43.327 61.0322 22.92
      vertex 42.7315 60.4914 22.92
      vertex 43.2297 61.1001 22.92
    endloop
  endfacet
  facet normal 0 0 -1
    outer loop
      vertex 42.6971 60.5366 22.92
      vertex 43.2297 61.1001 22.92
      vertex 42.7315 60.4914 22.92
    endloop
  endfacet
  facet normal -0 0 -1
    outer loop
      vertex 43.2297 61.1001 22.92
      vertex 42.6971 60.5366 22.92
      vertex 43.1217 61.1576 22.92
    endloop
  endfacet
  facet normal 0 0 -1
    outer loop
      vertex 42.6565 60.578 22.92
      vertex 43.1217 61.1576 22.92
      vertex 42.6971 60.5366 22.92
    endloop
  endfacet
  facet normal -0 0 -1
    outer loop
      vertex 43.1217 61.1576 22.92
      vertex 42.6565 60.578 22.92
      vertex 43.0032 61.2047 22.92
    endloop
  endfacet
  facet normal 0 0 -1
    outer loop
      vertex 42.6108 60.6149 22.92
      vertex 43.0032 61.2047 22.92
      vertex 42.6565 60.578 22.92
    endloop
  endfacet
  facet normal -0 0 -1
    outer loop
      vertex 43.0032 61.2047 22.92
      vertex 42.6108 60.6149 22.92
      vertex 42.8741 61.2413 22.92
    endloop
  endfacet
  facet normal 0 0 -1
    outer loop
      vertex 42.5609 60.6461 22.92
      vertex 42.8741 61.2413 22.92
      vertex 42.6108 60.6149 22.92
    endloop
  endfacet
  facet normal -0 0 -1
    outer loop
      vertex 42.8741 61.2413 22.92
      vertex 42.5609 60.6461 22.92
      vertex 42.7344 61.2674 22.92
    endloop
  endfacet
  facet normal 0 0 -1
    outer loop
      vertex 42.5069 60.6716 22.92
      vertex 42.7344 61.2674 22.92
      vertex 42.5609 60.6461 22.92
    endloop
  endfacet
  facet normal -0 0 -1
    outer loop
      vertex 42.7344 61.2674 22.92
      vertex 42.5069 60.6716 22.92
      vertex 42.5841 61.2831 22.92
    endloop
  endfacet
  facet normal 0 0 -1
    outer loop
      vertex 42.4488 60.6914 22.92
      vertex 42.5841 61.2831 22.92
      vertex 42.5069 60.6716 22.92
    endloop
  endfacet
  facet normal 0 0 -1
    outer loop
      vertex 42.4488 60.6914 22.92
      vertex 42.4233 61.2883 22.92
      vertex 42.5841 61.2831 22.92
    endloop
  endfacet
  facet normal 0 0 -1
    outer loop
      vertex 42.3865 60.7056 22.92
      vertex 42.4233 61.2883 22.92
      vertex 42.4488 60.6914 22.92
    endloop
  endfacet
  facet normal 0 0 -1
    outer loop
      vertex 42.3865 60.7056 22.92
      vertex 42.3474 61.2873 22.92
      vertex 42.4233 61.2883 22.92
    endloop
  endfacet
  facet normal 0 0 -1
    outer loop
      vertex 42.3201 60.7141 22.92
      vertex 42.3474 61.2873 22.92
      vertex 42.3865 60.7056 22.92
    endloop
  endfacet
  facet normal 0 0 -1
    outer loop
      vertex 42.3201 60.7141 22.92
      vertex 42.2711 61.2843 22.92
      vertex 42.3474 61.2873 22.92
    endloop
  endfacet
  facet normal 0 0 -1
    outer loop
      vertex 42.2497 60.7169 22.92
      vertex 42.2711 61.2843 22.92
      vertex 42.3201 60.7141 22.92
    endloop
  endfacet
  facet normal 0 0 -1
    outer loop
      vertex 42.2497 60.7169 22.92
      vertex 42.1944 61.2794 22.92
      vertex 42.2711 61.2843 22.92
    endloop
  endfacet
  facet normal 0 0 -1
    outer loop
      vertex 42.1931 60.7152 22.92
      vertex 42.1944 61.2794 22.92
      vertex 42.2497 60.7169 22.92
    endloop
  endfacet
  facet normal 0 0 -1
    outer loop
      vertex 42.1172 61.2724 22.92
      vertex 42.1931 60.7152 22.92
      vertex 42.135 60.7101 22.92
    endloop
  endfacet
  facet normal 0 0 -1
    outer loop
      vertex 42.1931 60.7152 22.92
      vertex 42.1172 61.2724 22.92
      vertex 42.1944 61.2794 22.92
    endloop
  endfacet
  facet normal 0 0 -1
    outer loop
      vertex 42.0395 61.2635 22.92
      vertex 42.135 60.7101 22.92
      vertex 42.0755 60.7016 22.92
    endloop
  endfacet
  facet normal 0 0 -1
    outer loop
      vertex 42.135 60.7101 22.92
      vertex 42.0395 61.2635 22.92
      vertex 42.1172 61.2724 22.92
    endloop
  endfacet
  facet normal 0 0 -1
    outer loop
      vertex 41.9615 61.2525 22.92
      vertex 42.0755 60.7016 22.92
      vertex 42.0144 60.6897 22.92
    endloop
  endfacet
  facet normal 0 0 -1
    outer loop
      vertex 42.0755 60.7016 22.92
      vertex 41.9615 61.2525 22.92
      vertex 42.0395 61.2635 22.92
    endloop
  endfacet
  facet normal 0 0 -1
    outer loop
      vertex 41.8829 61.2396 22.92
      vertex 42.0144 60.6897 22.92
      vertex 41.9518 60.6743 22.92
    endloop
  endfacet
  facet normal 0 0 -1
    outer loop
      vertex 41.8041 61.2248 22.92
      vertex 41.9518 60.6743 22.92
      vertex 41.8878 60.6556 22.92
    endloop
  endfacet
  facet normal 0 0 -1
    outer loop
      vertex 42.0144 60.6897 22.92
      vertex 41.8829 61.2396 22.92
      vertex 41.9615 61.2525 22.92
    endloop
  endfacet
  facet normal 0 0 -1
    outer loop
      vertex 41.7249 61.2082 22.92
      vertex 41.8878 60.6556 22.92
      vertex 41.8222 60.6334 22.92
    endloop
  endfacet
  facet normal 0 0 -1
    outer loop
      vertex 41.9518 60.6743 22.92
      vertex 41.8041 61.2248 22.92
      vertex 41.8829 61.2396 22.92
    endloop
  endfacet
  facet normal 0 0 -1
    outer loop
      vertex 41.6455 61.1897 22.92
      vertex 41.8222 60.6334 22.92
      vertex 41.7552 60.6079 22.92
    endloop
  endfacet
  facet normal 0 0 -1
    outer loop
      vertex 41.8878 60.6556 22.92
      vertex 41.7249 61.2082 22.92
      vertex 41.8041 61.2248 22.92
    endloop
  endfacet
  facet normal 0 0 -1
    outer loop
      vertex 41.5659 61.1695 22.92
      vertex 41.7552 60.6079 22.92
      vertex 41.6868 60.5791 22.92
    endloop
  endfacet
  facet normal 0 0 -1
    outer loop
      vertex 41.8222 60.6334 22.92
      vertex 41.6455 61.1897 22.92
      vertex 41.7249 61.2082 22.92
    endloop
  endfacet
  facet normal 0 0 -1
    outer loop
      vertex 41.4057 61.1235 22.92
      vertex 41.6868 60.5791 22.92
      vertex 41.6172 60.5469 22.92
    endloop
  endfacet
  facet normal 0 0 -1
    outer loop
      vertex 41.7552 60.6079 22.92
      vertex 41.5659 61.1695 22.92
      vertex 41.6455 61.1897 22.92
    endloop
  endfacet
  facet normal 0 0 -1
    outer loop
      vertex 41.3252 61.0979 22.92
      vertex 41.6172 60.5469 22.92
      vertex 41.5462 60.5115 22.92
    endloop
  endfacet
  facet normal 0 0 -1
    outer loop
      vertex 41.6868 60.5791 22.92
      vertex 41.4859 61.1474 22.92
      vertex 41.5659 61.1695 22.92
    endloop
  endfacet
  facet normal 0 0 -1
    outer loop
      vertex 41.3252 61.0979 22.92
      vertex 41.5462 60.5115 22.92
      vertex 41.4739 60.4727 22.92
    endloop
  endfacet
  facet normal 0 0 -1
    outer loop
      vertex 41.6868 60.5791 22.92
      vertex 41.4057 61.1235 22.92
      vertex 41.4859 61.1474 22.92
    endloop
  endfacet
  facet normal 0 0 -1
    outer loop
      vertex 41.3252 61.0979 22.92
      vertex 41.4739 60.4727 22.92
      vertex 41.4002 60.4306 22.92
    endloop
  endfacet
  facet normal 0 0 -1
    outer loop
      vertex 41.3252 61.0979 22.92
      vertex 41.4002 60.4306 22.92
      vertex 41.3252 60.3852 22.92
    endloop
  endfacet
  facet normal 0 0 -1
    outer loop
      vertex 41.6172 60.5469 22.92
      vertex 41.3252 61.0979 22.92
      vertex 41.4057 61.1235 22.92
    endloop
  endfacet
  facet normal 0 0 1
    outer loop
      vertex 43.6465 60.2431 23.3
      vertex 42.8064 60.2747 23.3
      vertex 42.8095 60.2114 23.3
    endloop
  endfacet
  facet normal 0 0 1
    outer loop
      vertex 43.0032 61.2047 23.3
      vertex 42.797 60.3343 23.3
      vertex 42.8064 60.2747 23.3
    endloop
  endfacet
  facet normal 0 0 1
    outer loop
      vertex 43.0032 61.2047 23.3
      vertex 42.7814 60.3903 23.3
      vertex 42.797 60.3343 23.3
    endloop
  endfacet
  facet normal 0 0 1
    outer loop
      vertex 43.0032 61.2047 23.3
      vertex 42.7596 60.4427 23.3
      vertex 42.7814 60.3903 23.3
    endloop
  endfacet
  facet normal 0 0 1
    outer loop
      vertex 42.5609 60.6461 23.3
      vertex 42.8741 61.2413 23.3
      vertex 42.7344 61.2674 23.3
    endloop
  endfacet
  facet normal 0 0 1
    outer loop
      vertex 43.0032 61.2047 23.3
      vertex 42.7315 60.4914 23.3
      vertex 42.7596 60.4427 23.3
    endloop
  endfacet
  facet normal 0 0 1
    outer loop
      vertex 43.0032 61.2047 23.3
      vertex 42.6971 60.5366 23.3
      vertex 42.7315 60.4914 23.3
    endloop
  endfacet
  facet normal 0 0 1
    outer loop
      vertex 43.0032 61.2047 23.3
      vertex 42.6565 60.578 23.3
      vertex 42.6971 60.5366 23.3
    endloop
  endfacet
  facet normal 0 0 1
    outer loop
      vertex 43.0032 61.2047 23.3
      vertex 42.6108 60.6149 23.3
      vertex 42.6565 60.578 23.3
    endloop
  endfacet
  facet normal 0 0 1
    outer loop
      vertex 42.5069 60.6716 23.3
      vertex 42.7344 61.2674 23.3
      vertex 42.5841 61.2831 23.3
    endloop
  endfacet
  facet normal 0 0 1
    outer loop
      vertex 42.8741 61.2413 23.3
      vertex 42.5609 60.6461 23.3
      vertex 42.6108 60.6149 23.3
    endloop
  endfacet
  facet normal 0 0 1
    outer loop
      vertex 42.7344 61.2674 23.3
      vertex 42.5069 60.6716 23.3
      vertex 42.5609 60.6461 23.3
    endloop
  endfacet
  facet normal 0 0 1
    outer loop
      vertex 42.5841 61.2831 23.3
      vertex 42.4488 60.6914 23.3
      vertex 42.5069 60.6716 23.3
    endloop
  endfacet
  facet normal 0 0 1
    outer loop
      vertex 42.4233 61.2883 23.3
      vertex 42.4488 60.6914 23.3
      vertex 42.5841 61.2831 23.3
    endloop
  endfacet
  facet normal 0 0 1
    outer loop
      vertex 42.4233 61.2883 23.3
      vertex 42.3865 60.7056 23.3
      vertex 42.4488 60.6914 23.3
    endloop
  endfacet
  facet normal -0 0 1
    outer loop
      vertex 42.3474 61.2873 23.3
      vertex 42.3865 60.7056 23.3
      vertex 42.4233 61.2883 23.3
    endloop
  endfacet
  facet normal 0 0 1
    outer loop
      vertex 42.3474 61.2873 23.3
      vertex 42.3201 60.7141 23.3
      vertex 42.3865 60.7056 23.3
    endloop
  endfacet
  facet normal -0 0 1
    outer loop
      vertex 42.2711 61.2843 23.3
      vertex 42.3201 60.7141 23.3
      vertex 42.3474 61.2873 23.3
    endloop
  endfacet
  facet normal 0 0 1
    outer loop
      vertex 42.2711 61.2843 23.3
      vertex 42.2497 60.7169 23.3
      vertex 42.3201 60.7141 23.3
    endloop
  endfacet
  facet normal -0 0 1
    outer loop
      vertex 42.1944 61.2794 23.3
      vertex 42.2497 60.7169 23.3
      vertex 42.2711 61.2843 23.3
    endloop
  endfacet
  facet normal 0 0 1
    outer loop
      vertex 42.1944 61.2794 23.3
      vertex 42.1931 60.7152 23.3
      vertex 42.2497 60.7169 23.3
    endloop
  endfacet
  facet normal -0 0 1
    outer loop
      vertex 42.1172 61.2724 23.3
      vertex 42.1931 60.7152 23.3
      vertex 42.1944 61.2794 23.3
    endloop
  endfacet
  facet normal 0 0 1
    outer loop
      vertex 42.1931 60.7152 23.3
      vertex 42.1172 61.2724 23.3
      vertex 42.135 60.7101 23.3
    endloop
  endfacet
  facet normal -0 0 1
    outer loop
      vertex 42.0395 61.2635 23.3
      vertex 42.135 60.7101 23.3
      vertex 42.1172 61.2724 23.3
    endloop
  endfacet
  facet normal 0 0 1
    outer loop
      vertex 42.135 60.7101 23.3
      vertex 42.0395 61.2635 23.3
      vertex 42.0755 60.7016 23.3
    endloop
  endfacet
  facet normal -0 0 1
    outer loop
      vertex 41.9615 61.2525 23.3
      vertex 42.0755 60.7016 23.3
      vertex 42.0395 61.2635 23.3
    endloop
  endfacet
  facet normal 0 0 1
    outer loop
      vertex 42.0755 60.7016 23.3
      vertex 41.9615 61.2525 23.3
      vertex 42.0144 60.6897 23.3
    endloop
  endfacet
  facet normal -0 0 1
    outer loop
      vertex 41.8829 61.2396 23.3
      vertex 42.0144 60.6897 23.3
      vertex 41.9615 61.2525 23.3
    endloop
  endfacet
  facet normal 0 0 1
    outer loop
      vertex 42.0144 60.6897 23.3
      vertex 41.8829 61.2396 23.3
      vertex 41.9518 60.6743 23.3
    endloop
  endfacet
  facet normal -0 0 1
    outer loop
      vertex 41.8041 61.2248 23.3
      vertex 41.9518 60.6743 23.3
      vertex 41.8829 61.2396 23.3
    endloop
  endfacet
  facet normal 0 0 1
    outer loop
      vertex 41.9518 60.6743 23.3
      vertex 41.8041 61.2248 23.3
      vertex 41.8878 60.6556 23.3
    endloop
  endfacet
  facet normal -0 0 1
    outer loop
      vertex 41.7249 61.2082 23.3
      vertex 41.8878 60.6556 23.3
      vertex 41.8041 61.2248 23.3
    endloop
  endfacet
  facet normal 0 0 1
    outer loop
      vertex 41.8878 60.6556 23.3
      vertex 41.7249 61.2082 23.3
      vertex 41.8222 60.6334 23.3
    endloop
  endfacet
  facet normal -0 0 1
    outer loop
      vertex 41.6455 61.1897 23.3
      vertex 41.8222 60.6334 23.3
      vertex 41.7249 61.2082 23.3
    endloop
  endfacet
  facet normal 0 0 1
    outer loop
      vertex 41.8222 60.6334 23.3
      vertex 41.6455 61.1897 23.3
      vertex 41.7552 60.6079 23.3
    endloop
  endfacet
  facet normal -0 0 1
    outer loop
      vertex 41.5659 61.1695 23.3
      vertex 41.7552 60.6079 23.3
      vertex 41.6455 61.1897 23.3
    endloop
  endfacet
  facet normal 0 0 1
    outer loop
      vertex 41.7552 60.6079 23.3
      vertex 41.5659 61.1695 23.3
      vertex 41.6868 60.5791 23.3
    endloop
  endfacet
  facet normal -0 0 1
    outer loop
      vertex 41.4859 61.1474 23.3
      vertex 41.6868 60.5791 23.3
      vertex 41.5659 61.1695 23.3
    endloop
  endfacet
  facet normal -0 0 1
    outer loop
      vertex 41.4057 61.1235 23.3
      vertex 41.6868 60.5791 23.3
      vertex 41.4859 61.1474 23.3
    endloop
  endfacet
  facet normal 0 0 1
    outer loop
      vertex 41.6868 60.5791 23.3
      vertex 41.4057 61.1235 23.3
      vertex 41.6172 60.5469 23.3
    endloop
  endfacet
  facet normal -0 0 1
    outer loop
      vertex 41.3252 61.0979 23.3
      vertex 41.6172 60.5469 23.3
      vertex 41.4057 61.1235 23.3
    endloop
  endfacet
  facet normal 0 0 1
    outer loop
      vertex 41.6172 60.5469 23.3
      vertex 41.3252 61.0979 23.3
      vertex 41.5462 60.5115 23.3
    endloop
  endfacet
  facet normal 0 0 1
    outer loop
      vertex 41.5462 60.5115 23.3
      vertex 41.3252 61.0979 23.3
      vertex 41.4739 60.4727 23.3
    endloop
  endfacet
  facet normal 0 0 1
    outer loop
      vertex 41.4739 60.4727 23.3
      vertex 41.3252 61.0979 23.3
      vertex 41.4002 60.4306 23.3
    endloop
  endfacet
  facet normal 0 0 1
    outer loop
      vertex 41.4002 60.4306 23.3
      vertex 41.3252 61.0979 23.3
      vertex 41.3252 60.3852 23.3
    endloop
  endfacet
  facet normal 0 0 1
    outer loop
      vertex 42.8064 60.2747 23.3
      vertex 43.6493 60.3181 23.3
      vertex 43.6427 60.4448 23.3
    endloop
  endfacet
  facet normal -0 0 1
    outer loop
      vertex 42.8064 60.2747 23.3
      vertex 43.6465 60.2431 23.3
      vertex 43.6493 60.3181 23.3
    endloop
  endfacet
  facet normal 0 0 1
    outer loop
      vertex 43.6465 60.2431 23.3
      vertex 42.8095 60.2114 23.3
      vertex 43.6381 60.1697 23.3
    endloop
  endfacet
  facet normal 0 0 1
    outer loop
      vertex 42.8064 60.2747 23.3
      vertex 43.6427 60.4448 23.3
      vertex 43.623 60.5633 23.3
    endloop
  endfacet
  facet normal 0 0 1
    outer loop
      vertex 43.6381 60.1697 23.3
      vertex 42.8095 60.2114 23.3
      vertex 43.6242 60.0977 23.3
    endloop
  endfacet
  facet normal 0 0 1
    outer loop
      vertex 42.8064 60.2747 23.3
      vertex 43.623 60.5633 23.3
      vertex 43.5901 60.6736 23.3
    endloop
  endfacet
  facet normal 0 0 1
    outer loop
      vertex 43.6242 60.0977 23.3
      vertex 42.8095 60.2114 23.3
      vertex 43.6047 60.0271 23.3
    endloop
  endfacet
  facet normal -0 0 1
    outer loop
      vertex 42.808 60.1695 23.3
      vertex 43.6047 60.0271 23.3
      vertex 42.8095 60.2114 23.3
    endloop
  endfacet
  facet normal 0 0 1
    outer loop
      vertex 42.8064 60.2747 23.3
      vertex 43.5901 60.6736 23.3
      vertex 43.5441 60.7756 23.3
    endloop
  endfacet
  facet normal 0 0 1
    outer loop
      vertex 43.6047 60.0271 23.3
      vertex 42.808 60.1695 23.3
      vertex 43.5796 59.958 23.3
    endloop
  endfacet
  facet normal 0 0 1
    outer loop
      vertex 42.8064 60.2747 23.3
      vertex 43.5441 60.7756 23.3
      vertex 43.4849 60.8693 23.3
    endloop
  endfacet
  facet normal -0 0 1
    outer loop
      vertex 42.8033 60.128 23.3
      vertex 43.5796 59.958 23.3
      vertex 42.808 60.1695 23.3
    endloop
  endfacet
  facet normal 0 0 1
    outer loop
      vertex 42.8064 60.2747 23.3
      vertex 43.4849 60.8693 23.3
      vertex 43.4125 60.9549 23.3
    endloop
  endfacet
  facet normal 0 0 1
    outer loop
      vertex 43.5796 59.958 23.3
      vertex 42.8033 60.128 23.3
      vertex 43.5489 59.8904 23.3
    endloop
  endfacet
  facet normal 0 0 1
    outer loop
      vertex 43.5489 59.8904 23.3
      vertex 42.8033 60.128 23.3
      vertex 43.5126 59.8243 23.3
    endloop
  endfacet
  facet normal 0 0 1
    outer loop
      vertex 42.8064 60.2747 23.3
      vertex 43.4125 60.9549 23.3
      vertex 43.327 61.0322 23.3
    endloop
  endfacet
  facet normal -0 0 1
    outer loop
      vertex 42.7956 60.0869 23.3
      vertex 43.5126 59.8243 23.3
      vertex 42.8033 60.128 23.3
    endloop
  endfacet
  facet normal 0 0 1
    outer loop
      vertex 42.8064 60.2747 23.3
      vertex 43.327 61.0322 23.3
      vertex 43.2297 61.1001 23.3
    endloop
  endfacet
  facet normal 0 0 1
    outer loop
      vertex 43.5126 59.8243 23.3
      vertex 42.7956 60.0869 23.3
      vertex 43.4674 59.7557 23.3
    endloop
  endfacet
  facet normal 0 0 1
    outer loop
      vertex 42.8064 60.2747 23.3
      vertex 43.2297 61.1001 23.3
      vertex 43.1217 61.1576 23.3
    endloop
  endfacet
  facet normal -0 0 1
    outer loop
      vertex 42.7847 60.0463 23.3
      vertex 43.4674 59.7557 23.3
      vertex 42.7956 60.0869 23.3
    endloop
  endfacet
  facet normal 0 0 1
    outer loop
      vertex 42.8064 60.2747 23.3
      vertex 43.1217 61.1576 23.3
      vertex 43.0032 61.2047 23.3
    endloop
  endfacet
  facet normal 0 0 1
    outer loop
      vertex 43.4674 59.7557 23.3
      vertex 42.7847 60.0463 23.3
      vertex 43.4098 59.6807 23.3
    endloop
  endfacet
  facet normal 0 0 1
    outer loop
      vertex 42.6108 60.6149 23.3
      vertex 43.0032 61.2047 23.3
      vertex 42.8741 61.2413 23.3
    endloop
  endfacet
  facet normal -0 0 1
    outer loop
      vertex 42.7708 60.0061 23.3
      vertex 43.4098 59.6807 23.3
      vertex 42.7847 60.0463 23.3
    endloop
  endfacet
  facet normal 0 0 1
    outer loop
      vertex 43.4098 59.6807 23.3
      vertex 42.7708 60.0061 23.3
      vertex 43.34 59.5995 23.3
    endloop
  endfacet
  facet normal -0 0 1
    outer loop
      vertex 42.7537 59.9664 23.3
      vertex 43.34 59.5995 23.3
      vertex 42.7708 60.0061 23.3
    endloop
  endfacet
  facet normal 0 0 1
    outer loop
      vertex 43.34 59.5995 23.3
      vertex 42.7537 59.9664 23.3
      vertex 43.2579 59.5119 23.3
    endloop
  endfacet
  facet normal -0 0 1
    outer loop
      vertex 42.7335 59.9271 23.3
      vertex 43.2579 59.5119 23.3
      vertex 42.7537 59.9664 23.3
    endloop
  endfacet
  facet normal -0 0 1
    outer loop
      vertex 42.7102 59.8879 23.3
      vertex 43.2579 59.5119 23.3
      vertex 42.7335 59.9271 23.3
    endloop
  endfacet
  facet normal 0 0 1
    outer loop
      vertex 43.2579 59.5119 23.3
      vertex 42.7102 59.8879 23.3
      vertex 43.1634 59.418 23.3
    endloop
  endfacet
  facet normal -0 0 1
    outer loop
      vertex 42.6834 59.8485 23.3
      vertex 43.1634 59.418 23.3
      vertex 42.7102 59.8879 23.3
    endloop
  endfacet
  facet normal -0 0 1
    outer loop
      vertex 42.6533 59.8088 23.3
      vertex 43.1634 59.418 23.3
      vertex 42.6834 59.8485 23.3
    endloop
  endfacet
  facet normal 0 0 1
    outer loop
      vertex 43.1634 59.418 23.3
      vertex 42.6533 59.8088 23.3
      vertex 43.0566 59.3177 23.3
    endloop
  endfacet
  facet normal -0 0 1
    outer loop
      vertex 42.6198 59.7688 23.3
      vertex 43.0566 59.3177 23.3
      vertex 42.6533 59.8088 23.3
    endloop
  endfacet
  facet normal -0 0 1
    outer loop
      vertex 42.583 59.7286 23.3
      vertex 43.0566 59.3177 23.3
      vertex 42.6198 59.7688 23.3
    endloop
  endfacet
  facet normal 0 0 1
    outer loop
      vertex 43.0566 59.3177 23.3
      vertex 42.583 59.7286 23.3
      vertex 42.9376 59.2111 23.3
    endloop
  endfacet
  facet normal -0 0 1
    outer loop
      vertex 42.5428 59.688 23.3
      vertex 42.9376 59.2111 23.3
      vertex 42.583 59.7286 23.3
    endloop
  endfacet
  facet normal -0 0 1
    outer loop
      vertex 42.4992 59.6473 23.3
      vertex 42.9376 59.2111 23.3
      vertex 42.5428 59.688 23.3
    endloop
  endfacet
  facet normal 0 0 1
    outer loop
      vertex 42.4992 59.6473 23.3
      vertex 42.2453 58.6034 23.3
      vertex 42.9376 59.2111 23.3
    endloop
  endfacet
  facet normal 0 -0 1
    outer loop
      vertex 42.2453 58.6034 23.3
      vertex 42.4992 59.6473 23.3
      vertex 41.3166 58.6034 23.3
    endloop
  endfacet
  facet normal -0 0 1
    outer loop
      vertex 42.2453 58.6034 23.3
      vertex 43.671 57.989 23.3
      vertex 43.671 58.6034 23.3
    endloop
  endfacet
  facet normal 0 0 1
    outer loop
      vertex 41.3166 57.989 23.3
      vertex 42.2453 58.6034 23.3
      vertex 41.3166 58.6034 23.3
    endloop
  endfacet
  facet normal 0 0 1
    outer loop
      vertex 42.2453 58.6034 23.3
      vertex 41.3166 57.989 23.3
      vertex 43.671 57.989 23.3
    endloop
  endfacet
  facet normal 0 1 -0
    outer loop
      vertex 43.671 58.6034 22.92
      vertex 42.2453 58.6034 23.3
      vertex 43.671 58.6034 23.3
    endloop
  endfacet
  facet normal 0 1 0
    outer loop
      vertex 42.2453 58.6034 23.3
      vertex 43.671 58.6034 22.92
      vertex 42.2453 58.6034 22.92
    endloop
  endfacet
  facet normal 0.659695 -0.751533 0
    outer loop
      vertex 42.2453 58.6034 22.92
      vertex 42.9376 59.2111 23.3
      vertex 42.2453 58.6034 23.3
    endloop
  endfacet
  facet normal 0.659695 -0.751533 0
    outer loop
      vertex 42.9376 59.2111 23.3
      vertex 42.2453 58.6034 22.92
      vertex 42.9376 59.2111 22.92
    endloop
  endfacet
  facet normal 0.667234 -0.744848 0
    outer loop
      vertex 42.9376 59.2111 22.92
      vertex 43.0566 59.3177 23.3
      vertex 42.9376 59.2111 23.3
    endloop
  endfacet
  facet normal 0.667234 -0.744848 0
    outer loop
      vertex 43.0566 59.3177 23.3
      vertex 42.9376 59.2111 22.92
      vertex 43.0566 59.3177 22.92
    endloop
  endfacet
  facet normal 0.684577 -0.728941 0
    outer loop
      vertex 43.0566 59.3177 22.92
      vertex 43.1634 59.418 23.3
      vertex 43.0566 59.3177 23.3
    endloop
  endfacet
  facet normal 0.684577 -0.728941 0
    outer loop
      vertex 43.1634 59.418 23.3
      vertex 43.0566 59.3177 22.92
      vertex 43.1634 59.418 22.92
    endloop
  endfacet
  facet normal 0.704851 -0.709355 0
    outer loop
      vertex 43.1634 59.418 22.92
      vertex 43.2579 59.5119 23.3
      vertex 43.1634 59.418 23.3
    endloop
  endfacet
  facet normal 0.704851 -0.709355 0
    outer loop
      vertex 43.2579 59.5119 23.3
      vertex 43.1634 59.418 22.92
      vertex 43.2579 59.5119 22.92
    endloop
  endfacet
  facet normal 0.729641 -0.68383 0
    outer loop
      vertex 43.2579 59.5119 23.3
      vertex 43.34 59.5995 22.92
      vertex 43.34 59.5995 23.3
    endloop
  endfacet
  facet normal 0.729641 -0.68383 0
    outer loop
      vertex 43.34 59.5995 22.92
      vertex 43.2579 59.5119 23.3
      vertex 43.2579 59.5119 22.92
    endloop
  endfacet
  facet normal 0.758333 -0.651867 0
    outer loop
      vertex 43.34 59.5995 23.3
      vertex 43.4098 59.6807 22.92
      vertex 43.4098 59.6807 23.3
    endloop
  endfacet
  facet normal 0.758333 -0.651867 0
    outer loop
      vertex 43.4098 59.6807 22.92
      vertex 43.34 59.5995 23.3
      vertex 43.34 59.5995 22.92
    endloop
  endfacet
  facet normal 0.793095 -0.609097 0
    outer loop
      vertex 43.4098 59.6807 23.3
      vertex 43.4674 59.7557 22.92
      vertex 43.4674 59.7557 23.3
    endloop
  endfacet
  facet normal 0.793095 -0.609097 0
    outer loop
      vertex 43.4674 59.7557 22.92
      vertex 43.4098 59.6807 23.3
      vertex 43.4098 59.6807 22.92
    endloop
  endfacet
  facet normal 0.835034 -0.550198 0
    outer loop
      vertex 43.4674 59.7557 23.3
      vertex 43.5126 59.8243 22.92
      vertex 43.5126 59.8243 23.3
    endloop
  endfacet
  facet normal 0.835034 -0.550198 0
    outer loop
      vertex 43.5126 59.8243 22.92
      vertex 43.4674 59.7557 23.3
      vertex 43.4674 59.7557 22.92
    endloop
  endfacet
  facet normal 0.876524 -0.481359 0
    outer loop
      vertex 43.5126 59.8243 23.3
      vertex 43.5489 59.8904 22.92
      vertex 43.5489 59.8904 23.3
    endloop
  endfacet
  facet normal 0.876524 -0.481359 0
    outer loop
      vertex 43.5489 59.8904 22.92
      vertex 43.5126 59.8243 23.3
      vertex 43.5126 59.8243 22.92
    endloop
  endfacet
  facet normal 0.910505 -0.413498 0
    outer loop
      vertex 43.5489 59.8904 23.3
      vertex 43.5796 59.958 22.92
      vertex 43.5796 59.958 23.3
    endloop
  endfacet
  facet normal 0.910505 -0.413498 0
    outer loop
      vertex 43.5796 59.958 22.92
      vertex 43.5489 59.8904 23.3
      vertex 43.5489 59.8904 22.92
    endloop
  endfacet
  facet normal 0.939913 -0.341415 0
    outer loop
      vertex 43.5796 59.958 23.3
      vertex 43.6047 60.0271 22.92
      vertex 43.6047 60.0271 23.3
    endloop
  endfacet
  facet normal 0.939913 -0.341415 0
    outer loop
      vertex 43.6047 60.0271 22.92
      vertex 43.5796 59.958 23.3
      vertex 43.5796 59.958 22.92
    endloop
  endfacet
  facet normal 0.963908 -0.266235 0
    outer loop
      vertex 43.6047 60.0271 23.3
      vertex 43.6242 60.0977 22.92
      vertex 43.6242 60.0977 23.3
    endloop
  endfacet
  facet normal 0.963908 -0.266235 0
    outer loop
      vertex 43.6242 60.0977 22.92
      vertex 43.6047 60.0271 23.3
      vertex 43.6047 60.0271 22.92
    endloop
  endfacet
  facet normal 0.98187 -0.189555 0
    outer loop
      vertex 43.6242 60.0977 23.3
      vertex 43.6381 60.1697 22.92
      vertex 43.6381 60.1697 23.3
    endloop
  endfacet
  facet normal 0.98187 -0.189555 0
    outer loop
      vertex 43.6381 60.1697 22.92
      vertex 43.6242 60.0977 23.3
      vertex 43.6242 60.0977 22.92
    endloop
  endfacet
  facet normal 0.993515 -0.113699 0
    outer loop
      vertex 43.6381 60.1697 23.3
      vertex 43.6465 60.2431 22.92
      vertex 43.6465 60.2431 23.3
    endloop
  endfacet
  facet normal 0.993515 -0.113699 0
    outer loop
      vertex 43.6465 60.2431 22.92
      vertex 43.6381 60.1697 23.3
      vertex 43.6381 60.1697 22.92
    endloop
  endfacet
  facet normal 0.999304 -0.0373073 0
    outer loop
      vertex 43.6465 60.2431 23.3
      vertex 43.6493 60.3181 22.92
      vertex 43.6493 60.3181 23.3
    endloop
  endfacet
  facet normal 0.999304 -0.0373073 0
    outer loop
      vertex 43.6493 60.3181 22.92
      vertex 43.6465 60.2431 23.3
      vertex 43.6465 60.2431 22.92
    endloop
  endfacet
  facet normal 0.998646 0.052021 0
    outer loop
      vertex 43.6493 60.3181 23.3
      vertex 43.6427 60.4448 22.92
      vertex 43.6427 60.4448 23.3
    endloop
  endfacet
  facet normal 0.998646 0.052021 0
    outer loop
      vertex 43.6427 60.4448 22.92
      vertex 43.6493 60.3181 23.3
      vertex 43.6493 60.3181 22.92
    endloop
  endfacet
  facet normal 0.986461 0.163994 0
    outer loop
      vertex 43.6427 60.4448 23.3
      vertex 43.623 60.5633 22.92
      vertex 43.623 60.5633 23.3
    endloop
  endfacet
  facet normal 0.986461 0.163994 0
    outer loop
      vertex 43.623 60.5633 22.92
      vertex 43.6427 60.4448 23.3
      vertex 43.6427 60.4448 22.92
    endloop
  endfacet
  facet normal 0.958279 0.285833 0
    outer loop
      vertex 43.623 60.5633 23.3
      vertex 43.5901 60.6736 22.92
      vertex 43.5901 60.6736 23.3
    endloop
  endfacet
  facet normal 0.958279 0.285833 0
    outer loop
      vertex 43.5901 60.6736 22.92
      vertex 43.623 60.5633 23.3
      vertex 43.623 60.5633 22.92
    endloop
  endfacet
  facet normal 0.911587 0.411108 0
    outer loop
      vertex 43.5901 60.6736 23.3
      vertex 43.5441 60.7756 22.92
      vertex 43.5441 60.7756 23.3
    endloop
  endfacet
  facet normal 0.911587 0.411108 0
    outer loop
      vertex 43.5441 60.7756 22.92
      vertex 43.5901 60.6736 23.3
      vertex 43.5901 60.6736 22.92
    endloop
  endfacet
  facet normal 0.845403 0.534129 0
    outer loop
      vertex 43.5441 60.7756 23.3
      vertex 43.4849 60.8693 22.92
      vertex 43.4849 60.8693 23.3
    endloop
  endfacet
  facet normal 0.845403 0.534129 0
    outer loop
      vertex 43.4849 60.8693 22.92
      vertex 43.5441 60.7756 23.3
      vertex 43.5441 60.7756 22.92
    endloop
  endfacet
  facet normal 0.763522 0.645782 0
    outer loop
      vertex 43.4849 60.8693 23.3
      vertex 43.4125 60.9549 22.92
      vertex 43.4125 60.9549 23.3
    endloop
  endfacet
  facet normal 0.763522 0.645782 0
    outer loop
      vertex 43.4125 60.9549 22.92
      vertex 43.4849 60.8693 23.3
      vertex 43.4849 60.8693 22.92
    endloop
  endfacet
  facet normal 0.670641 0.741782 -0
    outer loop
      vertex 43.4125 60.9549 22.92
      vertex 43.327 61.0322 23.3
      vertex 43.4125 60.9549 23.3
    endloop
  endfacet
  facet normal 0.670641 0.741782 0
    outer loop
      vertex 43.327 61.0322 23.3
      vertex 43.4125 60.9549 22.92
      vertex 43.327 61.0322 22.92
    endloop
  endfacet
  facet normal 0.572274 0.820063 -0
    outer loop
      vertex 43.327 61.0322 22.92
      vertex 43.2297 61.1001 23.3
      vertex 43.327 61.0322 23.3
    endloop
  endfacet
  facet normal 0.572274 0.820063 0
    outer loop
      vertex 43.2297 61.1001 23.3
      vertex 43.327 61.0322 22.92
      vertex 43.2297 61.1001 22.92
    endloop
  endfacet
  facet normal 0.469952 0.882692 -0
    outer loop
      vertex 43.2297 61.1001 22.92
      vertex 43.1217 61.1576 23.3
      vertex 43.2297 61.1001 23.3
    endloop
  endfacet
  facet normal 0.469952 0.882692 0
    outer loop
      vertex 43.1217 61.1576 23.3
      vertex 43.2297 61.1001 22.92
      vertex 43.1217 61.1576 22.92
    endloop
  endfacet
  facet normal 0.369362 0.929286 -0
    outer loop
      vertex 43.1217 61.1576 22.92
      vertex 43.0032 61.2047 23.3
      vertex 43.1217 61.1576 23.3
    endloop
  endfacet
  facet normal 0.369362 0.929286 0
    outer loop
      vertex 43.0032 61.2047 23.3
      vertex 43.1217 61.1576 22.92
      vertex 43.0032 61.2047 22.92
    endloop
  endfacet
  facet normal 0.272752 0.962084 -0
    outer loop
      vertex 43.0032 61.2047 22.92
      vertex 42.8741 61.2413 23.3
      vertex 43.0032 61.2047 23.3
    endloop
  endfacet
  facet normal 0.272752 0.962084 0
    outer loop
      vertex 42.8741 61.2413 23.3
      vertex 43.0032 61.2047 22.92
      vertex 42.8741 61.2413 22.92
    endloop
  endfacet
  facet normal 0.183651 0.982991 -0
    outer loop
      vertex 42.8741 61.2413 22.92
      vertex 42.7344 61.2674 23.3
      vertex 42.8741 61.2413 23.3
    endloop
  endfacet
  facet normal 0.183651 0.982991 0
    outer loop
      vertex 42.7344 61.2674 23.3
      vertex 42.8741 61.2413 22.92
      vertex 42.7344 61.2674 22.92
    endloop
  endfacet
  facet normal 0.103892 0.994589 -0
    outer loop
      vertex 42.7344 61.2674 22.92
      vertex 42.5841 61.2831 23.3
      vertex 42.7344 61.2674 23.3
    endloop
  endfacet
  facet normal 0.103892 0.994589 0
    outer loop
      vertex 42.5841 61.2831 23.3
      vertex 42.7344 61.2674 22.92
      vertex 42.5841 61.2831 22.92
    endloop
  endfacet
  facet normal 0.0323214 0.999478 -0
    outer loop
      vertex 42.5841 61.2831 22.92
      vertex 42.4233 61.2883 23.3
      vertex 42.5841 61.2831 23.3
    endloop
  endfacet
  facet normal 0.0323214 0.999478 0
    outer loop
      vertex 42.4233 61.2883 23.3
      vertex 42.5841 61.2831 22.92
      vertex 42.4233 61.2883 22.92
    endloop
  endfacet
  facet normal -0.0131741 0.999913 0
    outer loop
      vertex 42.4233 61.2883 22.92
      vertex 42.3474 61.2873 23.3
      vertex 42.4233 61.2883 23.3
    endloop
  endfacet
  facet normal -0.0131741 0.999913 0
    outer loop
      vertex 42.3474 61.2873 23.3
      vertex 42.4233 61.2883 22.92
      vertex 42.3474 61.2873 22.92
    endloop
  endfacet
  facet normal -0.0392881 0.999228 0
    outer loop
      vertex 42.3474 61.2873 22.92
      vertex 42.2711 61.2843 23.3
      vertex 42.3474 61.2873 23.3
    endloop
  endfacet
  facet normal -0.0392881 0.999228 0
    outer loop
      vertex 42.2711 61.2843 23.3
      vertex 42.3474 61.2873 22.92
      vertex 42.2711 61.2843 22.92
    endloop
  endfacet
  facet normal -0.0637553 0.997966 0
    outer loop
      vertex 42.2711 61.2843 22.92
      vertex 42.1944 61.2794 23.3
      vertex 42.2711 61.2843 23.3
    endloop
  endfacet
  facet normal -0.0637553 0.997966 0
    outer loop
      vertex 42.1944 61.2794 23.3
      vertex 42.2711 61.2843 22.92
      vertex 42.1944 61.2794 22.92
    endloop
  endfacet
  facet normal -0.0903031 0.995914 0
    outer loop
      vertex 42.1944 61.2794 22.92
      vertex 42.1172 61.2724 23.3
      vertex 42.1944 61.2794 23.3
    endloop
  endfacet
  facet normal -0.0903031 0.995914 0
    outer loop
      vertex 42.1172 61.2724 23.3
      vertex 42.1944 61.2794 22.92
      vertex 42.1172 61.2724 22.92
    endloop
  endfacet
  facet normal -0.113799 0.993504 0
    outer loop
      vertex 42.1172 61.2724 22.92
      vertex 42.0395 61.2635 23.3
      vertex 42.1172 61.2724 23.3
    endloop
  endfacet
  facet normal -0.113799 0.993504 0
    outer loop
      vertex 42.0395 61.2635 23.3
      vertex 42.1172 61.2724 22.92
      vertex 42.0395 61.2635 22.92
    endloop
  endfacet
  facet normal -0.139644 0.990202 0
    outer loop
      vertex 42.0395 61.2635 22.92
      vertex 41.9615 61.2525 23.3
      vertex 42.0395 61.2635 23.3
    endloop
  endfacet
  facet normal -0.139644 0.990202 0
    outer loop
      vertex 41.9615 61.2525 23.3
      vertex 42.0395 61.2635 22.92
      vertex 41.9615 61.2525 22.92
    endloop
  endfacet
  facet normal -0.161955 0.986798 0
    outer loop
      vertex 41.9615 61.2525 22.92
      vertex 41.8829 61.2396 23.3
      vertex 41.9615 61.2525 23.3
    endloop
  endfacet
  facet normal -0.161955 0.986798 0
    outer loop
      vertex 41.8829 61.2396 23.3
      vertex 41.9615 61.2525 22.92
      vertex 41.8829 61.2396 22.92
    endloop
  endfacet
  facet normal -0.18459 0.982816 0
    outer loop
      vertex 41.8829 61.2396 22.92
      vertex 41.8041 61.2248 23.3
      vertex 41.8829 61.2396 23.3
    endloop
  endfacet
  facet normal -0.18459 0.982816 0
    outer loop
      vertex 41.8041 61.2248 23.3
      vertex 41.8829 61.2396 22.92
      vertex 41.8041 61.2248 22.92
    endloop
  endfacet
  facet normal -0.205138 0.978733 0
    outer loop
      vertex 41.8041 61.2248 22.92
      vertex 41.7249 61.2082 23.3
      vertex 41.8041 61.2248 23.3
    endloop
  endfacet
  facet normal -0.205138 0.978733 0
    outer loop
      vertex 41.7249 61.2082 23.3
      vertex 41.8041 61.2248 22.92
      vertex 41.7249 61.2082 22.92
    endloop
  endfacet
  facet normal -0.226919 0.973914 0
    outer loop
      vertex 41.7249 61.2082 22.92
      vertex 41.6455 61.1897 23.3
      vertex 41.7249 61.2082 23.3
    endloop
  endfacet
  facet normal -0.226919 0.973914 0
    outer loop
      vertex 41.6455 61.1897 23.3
      vertex 41.7249 61.2082 22.92
      vertex 41.6455 61.1897 22.92
    endloop
  endfacet
  facet normal -0.245972 0.969277 0
    outer loop
      vertex 41.6455 61.1897 22.92
      vertex 41.5659 61.1695 23.3
      vertex 41.6455 61.1897 23.3
    endloop
  endfacet
  facet normal -0.245972 0.969277 0
    outer loop
      vertex 41.5659 61.1695 23.3
      vertex 41.6455 61.1897 22.92
      vertex 41.5659 61.1695 22.92
    endloop
  endfacet
  facet normal -0.266276 0.963897 0
    outer loop
      vertex 41.5659 61.1695 22.92
      vertex 41.4859 61.1474 23.3
      vertex 41.5659 61.1695 23.3
    endloop
  endfacet
  facet normal -0.266276 0.963897 0
    outer loop
      vertex 41.4859 61.1474 23.3
      vertex 41.5659 61.1695 22.92
      vertex 41.4859 61.1474 22.92
    endloop
  endfacet
  facet normal -0.285593 0.958351 0
    outer loop
      vertex 41.4859 61.1474 22.92
      vertex 41.4057 61.1235 23.3
      vertex 41.4859 61.1474 23.3
    endloop
  endfacet
  facet normal -0.285593 0.958351 0
    outer loop
      vertex 41.4057 61.1235 23.3
      vertex 41.4859 61.1474 22.92
      vertex 41.4057 61.1235 22.92
    endloop
  endfacet
  facet normal -0.303057 0.952972 0
    outer loop
      vertex 41.4057 61.1235 22.92
      vertex 41.3252 61.0979 23.3
      vertex 41.4057 61.1235 23.3
    endloop
  endfacet
  facet normal -0.303057 0.952972 0
    outer loop
      vertex 41.3252 61.0979 23.3
      vertex 41.4057 61.1235 22.92
      vertex 41.3252 61.0979 22.92
    endloop
  endfacet
  facet normal -1 0 0
    outer loop
      vertex 41.3252 60.3852 22.92
      vertex 41.3252 61.0979 23.3
      vertex 41.3252 61.0979 22.92
    endloop
  endfacet
  facet normal -1 -0 0
    outer loop
      vertex 41.3252 61.0979 23.3
      vertex 41.3252 60.3852 22.92
      vertex 41.3252 60.3852 23.3
    endloop
  endfacet
  facet normal 0.517847 -0.855473 0
    outer loop
      vertex 41.3252 60.3852 22.92
      vertex 41.4002 60.4306 23.3
      vertex 41.3252 60.3852 23.3
    endloop
  endfacet
  facet normal 0.517847 -0.855473 0
    outer loop
      vertex 41.4002 60.4306 23.3
      vertex 41.3252 60.3852 22.92
      vertex 41.4002 60.4306 22.92
    endloop
  endfacet
  facet normal 0.496012 -0.868316 0
    outer loop
      vertex 41.4002 60.4306 22.92
      vertex 41.4739 60.4727 23.3
      vertex 41.4002 60.4306 23.3
    endloop
  endfacet
  facet normal 0.496012 -0.868316 0
    outer loop
      vertex 41.4739 60.4727 23.3
      vertex 41.4002 60.4306 22.92
      vertex 41.4739 60.4727 22.92
    endloop
  endfacet
  facet normal 0.472864 -0.881135 0
    outer loop
      vertex 41.4739 60.4727 22.92
      vertex 41.5462 60.5115 23.3
      vertex 41.4739 60.4727 23.3
    endloop
  endfacet
  facet normal 0.472864 -0.881135 0
    outer loop
      vertex 41.5462 60.5115 23.3
      vertex 41.4739 60.4727 22.92
      vertex 41.5462 60.5115 22.92
    endloop
  endfacet
  facet normal 0.446205 -0.894931 0
    outer loop
      vertex 41.5462 60.5115 22.92
      vertex 41.6172 60.5469 23.3
      vertex 41.5462 60.5115 23.3
    endloop
  endfacet
  facet normal 0.446205 -0.894931 0
    outer loop
      vertex 41.6172 60.5469 23.3
      vertex 41.5462 60.5115 22.92
      vertex 41.6172 60.5469 22.92
    endloop
  endfacet
  facet normal 0.419885 -0.907577 0
    outer loop
      vertex 41.6172 60.5469 22.92
      vertex 41.6868 60.5791 23.3
      vertex 41.6172 60.5469 23.3
    endloop
  endfacet
  facet normal 0.419885 -0.907577 0
    outer loop
      vertex 41.6868 60.5791 23.3
      vertex 41.6172 60.5469 22.92
      vertex 41.6868 60.5791 22.92
    endloop
  endfacet
  facet normal 0.388057 -0.921635 0
    outer loop
      vertex 41.6868 60.5791 22.92
      vertex 41.7552 60.6079 23.3
      vertex 41.6868 60.5791 23.3
    endloop
  endfacet
  facet normal 0.388057 -0.921635 0
    outer loop
      vertex 41.7552 60.6079 23.3
      vertex 41.6868 60.5791 22.92
      vertex 41.7552 60.6079 22.92
    endloop
  endfacet
  facet normal 0.355705 -0.934598 0
    outer loop
      vertex 41.7552 60.6079 22.92
      vertex 41.8222 60.6334 23.3
      vertex 41.7552 60.6079 23.3
    endloop
  endfacet
  facet normal 0.355705 -0.934598 0
    outer loop
      vertex 41.8222 60.6334 23.3
      vertex 41.7552 60.6079 22.92
      vertex 41.8222 60.6334 22.92
    endloop
  endfacet
  facet normal 0.320556 -0.947229 0
    outer loop
      vertex 41.8222 60.6334 22.92
      vertex 41.8878 60.6556 23.3
      vertex 41.8222 60.6334 23.3
    endloop
  endfacet
  facet normal 0.320556 -0.947229 0
    outer loop
      vertex 41.8878 60.6556 23.3
      vertex 41.8222 60.6334 22.92
      vertex 41.8878 60.6556 22.92
    endloop
  endfacet
  facet normal 0.280461 -0.959866 0
    outer loop
      vertex 41.8878 60.6556 22.92
      vertex 41.9518 60.6743 23.3
      vertex 41.8878 60.6556 23.3
    endloop
  endfacet
  facet normal 0.280461 -0.959866 0
    outer loop
      vertex 41.9518 60.6743 23.3
      vertex 41.8878 60.6556 22.92
      vertex 41.9518 60.6743 22.92
    endloop
  endfacet
  facet normal 0.238884 -0.971048 0
    outer loop
      vertex 41.9518 60.6743 22.92
      vertex 42.0144 60.6897 23.3
      vertex 41.9518 60.6743 23.3
    endloop
  endfacet
  facet normal 0.238884 -0.971048 0
    outer loop
      vertex 42.0144 60.6897 23.3
      vertex 41.9518 60.6743 22.92
      vertex 42.0144 60.6897 22.92
    endloop
  endfacet
  facet normal 0.191171 -0.981557 0
    outer loop
      vertex 42.0144 60.6897 22.92
      vertex 42.0755 60.7016 23.3
      vertex 42.0144 60.6897 23.3
    endloop
  endfacet
  facet normal 0.191171 -0.981557 0
    outer loop
      vertex 42.0755 60.7016 23.3
      vertex 42.0144 60.6897 22.92
      vertex 42.0755 60.7016 22.92
    endloop
  endfacet
  facet normal 0.141421 -0.989949 0
    outer loop
      vertex 42.0755 60.7016 22.92
      vertex 42.135 60.7101 23.3
      vertex 42.0755 60.7016 23.3
    endloop
  endfacet
  facet normal 0.141421 -0.989949 0
    outer loop
      vertex 42.135 60.7101 23.3
      vertex 42.0755 60.7016 22.92
      vertex 42.135 60.7101 22.92
    endloop
  endfacet
  facet normal 0.0874434 -0.996169 0
    outer loop
      vertex 42.135 60.7101 22.92
      vertex 42.1931 60.7152 23.3
      vertex 42.135 60.7101 23.3
    endloop
  endfacet
  facet normal 0.0874434 -0.996169 0
    outer loop
      vertex 42.1931 60.7152 23.3
      vertex 42.135 60.7101 22.92
      vertex 42.1931 60.7152 22.92
    endloop
  endfacet
  facet normal 0.0300218 -0.999549 0
    outer loop
      vertex 42.1931 60.7152 22.92
      vertex 42.2497 60.7169 23.3
      vertex 42.1931 60.7152 23.3
    endloop
  endfacet
  facet normal 0.0300218 -0.999549 0
    outer loop
      vertex 42.2497 60.7169 23.3
      vertex 42.1931 60.7152 22.92
      vertex 42.2497 60.7169 22.92
    endloop
  endfacet
  facet normal -0.0397413 -0.99921 0
    outer loop
      vertex 42.2497 60.7169 22.92
      vertex 42.3201 60.7141 23.3
      vertex 42.2497 60.7169 23.3
    endloop
  endfacet
  facet normal -0.0397413 -0.99921 -0
    outer loop
      vertex 42.3201 60.7141 23.3
      vertex 42.2497 60.7169 22.92
      vertex 42.3201 60.7141 22.92
    endloop
  endfacet
  facet normal -0.126976 -0.991906 0
    outer loop
      vertex 42.3201 60.7141 22.92
      vertex 42.3865 60.7056 23.3
      vertex 42.3201 60.7141 23.3
    endloop
  endfacet
  facet normal -0.126976 -0.991906 -0
    outer loop
      vertex 42.3865 60.7056 23.3
      vertex 42.3201 60.7141 22.92
      vertex 42.3865 60.7056 22.92
    endloop
  endfacet
  facet normal -0.22223 -0.974994 0
    outer loop
      vertex 42.3865 60.7056 22.92
      vertex 42.4488 60.6914 23.3
      vertex 42.3865 60.7056 23.3
    endloop
  endfacet
  facet normal -0.22223 -0.974994 -0
    outer loop
      vertex 42.4488 60.6914 23.3
      vertex 42.3865 60.7056 22.92
      vertex 42.4488 60.6914 22.92
    endloop
  endfacet
  facet normal -0.322574 -0.946544 0
    outer loop
      vertex 42.4488 60.6914 22.92
      vertex 42.5069 60.6716 23.3
      vertex 42.4488 60.6914 23.3
    endloop
  endfacet
  facet normal -0.322574 -0.946544 -0
    outer loop
      vertex 42.5069 60.6716 23.3
      vertex 42.4488 60.6914 22.92
      vertex 42.5069 60.6716 22.92
    endloop
  endfacet
  facet normal -0.427006 -0.904249 0
    outer loop
      vertex 42.5069 60.6716 22.92
      vertex 42.5609 60.6461 23.3
      vertex 42.5069 60.6716 23.3
    endloop
  endfacet
  facet normal -0.427006 -0.904249 -0
    outer loop
      vertex 42.5609 60.6461 23.3
      vertex 42.5069 60.6716 22.92
      vertex 42.5609 60.6461 22.92
    endloop
  endfacet
  facet normal -0.530152 -0.847903 0
    outer loop
      vertex 42.5609 60.6461 22.92
      vertex 42.6108 60.6149 23.3
      vertex 42.5609 60.6461 23.3
    endloop
  endfacet
  facet normal -0.530152 -0.847903 -0
    outer loop
      vertex 42.6108 60.6149 23.3
      vertex 42.5609 60.6461 22.92
      vertex 42.6108 60.6149 22.92
    endloop
  endfacet
  facet normal -0.628218 -0.778037 0
    outer loop
      vertex 42.6108 60.6149 22.92
      vertex 42.6565 60.578 23.3
      vertex 42.6108 60.6149 23.3
    endloop
  endfacet
  facet normal -0.628218 -0.778037 -0
    outer loop
      vertex 42.6565 60.578 23.3
      vertex 42.6108 60.6149 22.92
      vertex 42.6565 60.578 22.92
    endloop
  endfacet
  facet normal -0.713971 -0.700175 0
    outer loop
      vertex 42.6971 60.5366 22.92
      vertex 42.6565 60.578 23.3
      vertex 42.6565 60.578 22.92
    endloop
  endfacet
  facet normal -0.713971 -0.700175 0
    outer loop
      vertex 42.6565 60.578 23.3
      vertex 42.6971 60.5366 22.92
      vertex 42.6971 60.5366 23.3
    endloop
  endfacet
  facet normal -0.795755 -0.605619 0
    outer loop
      vertex 42.7315 60.4914 22.92
      vertex 42.6971 60.5366 23.3
      vertex 42.6971 60.5366 22.92
    endloop
  endfacet
  facet normal -0.795755 -0.605619 0
    outer loop
      vertex 42.6971 60.5366 23.3
      vertex 42.7315 60.4914 22.92
      vertex 42.7315 60.4914 23.3
    endloop
  endfacet
  facet normal -0.866156 -0.499774 0
    outer loop
      vertex 42.7596 60.4427 22.92
      vertex 42.7315 60.4914 23.3
      vertex 42.7315 60.4914 22.92
    endloop
  endfacet
  facet normal -0.866156 -0.499774 0
    outer loop
      vertex 42.7315 60.4914 23.3
      vertex 42.7596 60.4427 22.92
      vertex 42.7596 60.4427 23.3
    endloop
  endfacet
  facet normal -0.923285 -0.384115 0
    outer loop
      vertex 42.7814 60.3903 22.92
      vertex 42.7596 60.4427 23.3
      vertex 42.7596 60.4427 22.92
    endloop
  endfacet
  facet normal -0.923285 -0.384115 0
    outer loop
      vertex 42.7596 60.4427 23.3
      vertex 42.7814 60.3903 22.92
      vertex 42.7814 60.3903 23.3
    endloop
  endfacet
  facet normal -0.96332 -0.268354 0
    outer loop
      vertex 42.797 60.3343 22.92
      vertex 42.7814 60.3903 23.3
      vertex 42.7814 60.3903 22.92
    endloop
  endfacet
  facet normal -0.96332 -0.268354 0
    outer loop
      vertex 42.7814 60.3903 23.3
      vertex 42.797 60.3343 22.92
      vertex 42.797 60.3343 23.3
    endloop
  endfacet
  facet normal -0.98779 -0.155792 0
    outer loop
      vertex 42.8064 60.2747 22.92
      vertex 42.797 60.3343 23.3
      vertex 42.797 60.3343 22.92
    endloop
  endfacet
  facet normal -0.98779 -0.155792 0
    outer loop
      vertex 42.797 60.3343 23.3
      vertex 42.8064 60.2747 22.92
      vertex 42.8064 60.2747 23.3
    endloop
  endfacet
  facet normal -0.998803 -0.0489145 0
    outer loop
      vertex 42.8095 60.2114 22.92
      vertex 42.8064 60.2747 23.3
      vertex 42.8064 60.2747 22.92
    endloop
  endfacet
  facet normal -0.998803 -0.0489145 0
    outer loop
      vertex 42.8064 60.2747 23.3
      vertex 42.8095 60.2114 22.92
      vertex 42.8095 60.2114 23.3
    endloop
  endfacet
  facet normal -0.99936 0.0357766 0
    outer loop
      vertex 42.808 60.1695 22.92
      vertex 42.8095 60.2114 23.3
      vertex 42.8095 60.2114 22.92
    endloop
  endfacet
  facet normal -0.99936 0.0357766 0
    outer loop
      vertex 42.8095 60.2114 23.3
      vertex 42.808 60.1695 22.92
      vertex 42.808 60.1695 23.3
    endloop
  endfacet
  facet normal -0.993648 0.112534 0
    outer loop
      vertex 42.8033 60.128 22.92
      vertex 42.808 60.1695 23.3
      vertex 42.808 60.1695 22.92
    endloop
  endfacet
  facet normal -0.993648 0.112534 0
    outer loop
      vertex 42.808 60.1695 23.3
      vertex 42.8033 60.128 22.92
      vertex 42.8033 60.128 23.3
    endloop
  endfacet
  facet normal -0.982899 0.184144 0
    outer loop
      vertex 42.7956 60.0869 22.92
      vertex 42.8033 60.128 23.3
      vertex 42.8033 60.128 22.92
    endloop
  endfacet
  facet normal -0.982899 0.184144 0
    outer loop
      vertex 42.8033 60.128 23.3
      vertex 42.7956 60.0869 22.92
      vertex 42.7956 60.0869 23.3
    endloop
  endfacet
  facet normal -0.965799 0.259291 0
    outer loop
      vertex 42.7847 60.0463 22.92
      vertex 42.7956 60.0869 23.3
      vertex 42.7956 60.0869 22.92
    endloop
  endfacet
  facet normal -0.965799 0.259291 0
    outer loop
      vertex 42.7956 60.0869 23.3
      vertex 42.7847 60.0463 22.92
      vertex 42.7847 60.0463 23.3
    endloop
  endfacet
  facet normal -0.945098 0.326788 0
    outer loop
      vertex 42.7708 60.0061 22.92
      vertex 42.7847 60.0463 23.3
      vertex 42.7847 60.0463 22.92
    endloop
  endfacet
  facet normal -0.945098 0.326788 0
    outer loop
      vertex 42.7847 60.0463 23.3
      vertex 42.7708 60.0061 22.92
      vertex 42.7708 60.0061 23.3
    endloop
  endfacet
  facet normal -0.918426 0.395594 0
    outer loop
      vertex 42.7537 59.9664 22.92
      vertex 42.7708 60.0061 23.3
      vertex 42.7708 60.0061 22.92
    endloop
  endfacet
  facet normal -0.918426 0.395594 0
    outer loop
      vertex 42.7708 60.0061 23.3
      vertex 42.7537 59.9664 22.92
      vertex 42.7537 59.9664 23.3
    endloop
  endfacet
  facet normal -0.889393 0.457143 0
    outer loop
      vertex 42.7335 59.9271 22.92
      vertex 42.7537 59.9664 23.3
      vertex 42.7537 59.9664 22.92
    endloop
  endfacet
  facet normal -0.889393 0.457143 0
    outer loop
      vertex 42.7537 59.9664 23.3
      vertex 42.7335 59.9271 22.92
      vertex 42.7335 59.9271 23.3
    endloop
  endfacet
  facet normal -0.859614 0.510944 0
    outer loop
      vertex 42.7102 59.8879 22.92
      vertex 42.7335 59.9271 23.3
      vertex 42.7335 59.9271 22.92
    endloop
  endfacet
  facet normal -0.859614 0.510944 0
    outer loop
      vertex 42.7335 59.9271 23.3
      vertex 42.7102 59.8879 22.92
      vertex 42.7102 59.8879 23.3
    endloop
  endfacet
  facet normal -0.826848 0.562425 0
    outer loop
      vertex 42.6834 59.8485 22.92
      vertex 42.7102 59.8879 23.3
      vertex 42.7102 59.8879 22.92
    endloop
  endfacet
  facet normal -0.826848 0.562425 0
    outer loop
      vertex 42.7102 59.8879 23.3
      vertex 42.6834 59.8485 22.92
      vertex 42.6834 59.8485 23.3
    endloop
  endfacet
  facet normal -0.796858 0.604167 0
    outer loop
      vertex 42.6533 59.8088 22.92
      vertex 42.6834 59.8485 23.3
      vertex 42.6834 59.8485 22.92
    endloop
  endfacet
  facet normal -0.796858 0.604167 0
    outer loop
      vertex 42.6834 59.8485 23.3
      vertex 42.6533 59.8088 22.92
      vertex 42.6533 59.8088 23.3
    endloop
  endfacet
  facet normal -0.766648 0.642068 0
    outer loop
      vertex 42.6198 59.7688 22.92
      vertex 42.6533 59.8088 23.3
      vertex 42.6533 59.8088 22.92
    endloop
  endfacet
  facet normal -0.766648 0.642068 0
    outer loop
      vertex 42.6533 59.8088 23.3
      vertex 42.6198 59.7688 22.92
      vertex 42.6198 59.7688 23.3
    endloop
  endfacet
  facet normal -0.737611 0.675226 0
    outer loop
      vertex 42.583 59.7286 22.92
      vertex 42.6198 59.7688 23.3
      vertex 42.6198 59.7688 22.92
    endloop
  endfacet
  facet normal -0.737611 0.675226 0
    outer loop
      vertex 42.6198 59.7688 23.3
      vertex 42.583 59.7286 22.92
      vertex 42.583 59.7286 23.3
    endloop
  endfacet
  facet normal -0.710599 0.703598 0
    outer loop
      vertex 42.5428 59.688 22.92
      vertex 42.583 59.7286 23.3
      vertex 42.583 59.7286 22.92
    endloop
  endfacet
  facet normal -0.710599 0.703598 0
    outer loop
      vertex 42.583 59.7286 23.3
      vertex 42.5428 59.688 22.92
      vertex 42.5428 59.688 23.3
    endloop
  endfacet
  facet normal -0.682378 0.731 0
    outer loop
      vertex 42.5428 59.688 22.92
      vertex 42.4992 59.6473 23.3
      vertex 42.5428 59.688 23.3
    endloop
  endfacet
  facet normal -0.682378 0.731 0
    outer loop
      vertex 42.4992 59.6473 23.3
      vertex 42.5428 59.688 22.92
      vertex 42.4992 59.6473 22.92
    endloop
  endfacet
  facet normal -0.661775 0.749703 0
    outer loop
      vertex 42.4992 59.6473 22.92
      vertex 41.3166 58.6034 23.3
      vertex 42.4992 59.6473 23.3
    endloop
  endfacet
  facet normal -0.661775 0.749703 0
    outer loop
      vertex 41.3166 58.6034 23.3
      vertex 42.4992 59.6473 22.92
      vertex 41.3166 58.6034 22.92
    endloop
  endfacet
  facet normal -1 0 0
    outer loop
      vertex 41.3166 57.989 22.92
      vertex 41.3166 58.6034 23.3
      vertex 41.3166 58.6034 22.92
    endloop
  endfacet
  facet normal -1 -0 0
    outer loop
      vertex 41.3166 58.6034 23.3
      vertex 41.3166 57.989 22.92
      vertex 41.3166 57.989 23.3
    endloop
  endfacet
  facet normal 0 -1 0
    outer loop
      vertex 41.3166 57.989 22.92
      vertex 43.671 57.989 23.3
      vertex 41.3166 57.989 23.3
    endloop
  endfacet
  facet normal 0 -1 -0
    outer loop
      vertex 43.671 57.989 23.3
      vertex 41.3166 57.989 22.92
      vertex 43.671 57.989 22.92
    endloop
  endfacet
  facet normal 1 -0 0
    outer loop
      vertex 43.671 57.989 23.3
      vertex 43.671 58.6034 22.92
      vertex 43.671 58.6034 23.3
    endloop
  endfacet
  facet normal 1 0 0
    outer loop
      vertex 43.671 58.6034 22.92
      vertex 43.671 57.989 23.3
      vertex 43.671 57.989 22.92
    endloop
  endfacet
  facet normal 0 0 -1
    outer loop
      vertex 62.0852 59.7683 22.92
      vertex 61.839 60.3026 22.92
      vertex 61.8421 60.358 22.92
    endloop
  endfacet
  facet normal 0 0 -1
    outer loop
      vertex 62.0852 59.7683 22.92
      vertex 61.8296 60.2513 22.92
      vertex 61.839 60.3026 22.92
    endloop
  endfacet
  facet normal 0 0 -1
    outer loop
      vertex 61.785 59.272 22.92
      vertex 62.0852 59.7683 22.92
      vertex 61.8257 59.2328 22.92
    endloop
  endfacet
  facet normal 0 0 -1
    outer loop
      vertex 62.0852 59.7683 22.92
      vertex 61.8139 60.2042 22.92
      vertex 61.8296 60.2513 22.92
    endloop
  endfacet
  facet normal 0 0 -1
    outer loop
      vertex 62.0852 59.7683 22.92
      vertex 61.7918 60.1614 22.92
      vertex 61.8139 60.2042 22.92
    endloop
  endfacet
  facet normal 0 0 -1
    outer loop
      vertex 61.7369 59.3068 22.92
      vertex 62.0852 59.7683 22.92
      vertex 61.785 59.272 22.92
    endloop
  endfacet
  facet normal 0 0 -1
    outer loop
      vertex 62.0852 59.7683 22.92
      vertex 61.7635 60.1227 22.92
      vertex 61.7918 60.1614 22.92
    endloop
  endfacet
  facet normal 0 0 -1
    outer loop
      vertex 61.6816 59.337 22.92
      vertex 62.0852 59.7683 22.92
      vertex 61.7369 59.3068 22.92
    endloop
  endfacet
  facet normal 0 0 -1
    outer loop
      vertex 62.0852 59.7683 22.92
      vertex 61.729 60.0883 22.92
      vertex 61.7635 60.1227 22.92
    endloop
  endfacet
  facet normal 0 0 -1
    outer loop
      vertex 62.0852 59.7683 22.92
      vertex 61.6881 60.058 22.92
      vertex 61.729 60.0883 22.92
    endloop
  endfacet
  facet normal 0 0 -1
    outer loop
      vertex 61.6193 59.3626 22.92
      vertex 62.0852 59.7683 22.92
      vertex 61.6816 59.337 22.92
    endloop
  endfacet
  facet normal 0 0 -1
    outer loop
      vertex 62.0852 59.7683 22.92
      vertex 61.6408 60.0319 22.92
      vertex 61.6881 60.058 22.92
    endloop
  endfacet
  facet normal 0 0 -1
    outer loop
      vertex 61.5869 60.0097 22.92
      vertex 62.0852 59.7683 22.92
      vertex 61.6193 59.3626 22.92
    endloop
  endfacet
  facet normal 0 0 -1
    outer loop
      vertex 62.0852 59.7683 22.92
      vertex 61.5869 60.0097 22.92
      vertex 61.6408 60.0319 22.92
    endloop
  endfacet
  facet normal 0 0 -1
    outer loop
      vertex 61.5499 59.3836 22.92
      vertex 61.5869 60.0097 22.92
      vertex 61.6193 59.3626 22.92
    endloop
  endfacet
  facet normal 0 0 -1
    outer loop
      vertex 61.5499 59.3836 22.92
      vertex 61.5265 59.9916 22.92
      vertex 61.5869 60.0097 22.92
    endloop
  endfacet
  facet normal 0 0 -1
    outer loop
      vertex 61.4735 59.3999 22.92
      vertex 61.5265 59.9916 22.92
      vertex 61.5499 59.3836 22.92
    endloop
  endfacet
  facet normal 0 0 -1
    outer loop
      vertex 61.4735 59.3999 22.92
      vertex 61.4596 59.9775 22.92
      vertex 61.5265 59.9916 22.92
    endloop
  endfacet
  facet normal 0 0 -1
    outer loop
      vertex 61.3901 59.4115 22.92
      vertex 61.4596 59.9775 22.92
      vertex 61.4735 59.3999 22.92
    endloop
  endfacet
  facet normal 0 0 -1
    outer loop
      vertex 61.3901 59.4115 22.92
      vertex 61.3861 59.9675 22.92
      vertex 61.4596 59.9775 22.92
    endloop
  endfacet
  facet normal 0 0 -1
    outer loop
      vertex 61.3901 59.4115 22.92
      vertex 61.306 59.9615 22.92
      vertex 61.3861 59.9675 22.92
    endloop
  endfacet
  facet normal 0 0 -1
    outer loop
      vertex 61.2995 59.4185 22.92
      vertex 61.306 59.9615 22.92
      vertex 61.3901 59.4115 22.92
    endloop
  endfacet
  facet normal 0 0 -1
    outer loop
      vertex 61.2995 59.4185 22.92
      vertex 61.2194 59.9594 22.92
      vertex 61.306 59.9615 22.92
    endloop
  endfacet
  facet normal 0 0 -1
    outer loop
      vertex 61.202 59.4208 22.92
      vertex 61.2194 59.9594 22.92
      vertex 61.2995 59.4185 22.92
    endloop
  endfacet
  facet normal 0 0 -1
    outer loop
      vertex 60.8678 59.9594 22.92
      vertex 61.202 59.4208 22.92
      vertex 60.8678 59.4208 22.92
    endloop
  endfacet
  facet normal 0 0 -1
    outer loop
      vertex 61.202 59.4208 22.92
      vertex 60.8678 59.9594 22.92
      vertex 61.2194 59.9594 22.92
    endloop
  endfacet
  facet normal -0 0 -1
    outer loop
      vertex 62.7535 58.9406 22.92
      vertex 61.9145 58.9118 22.92
      vertex 61.9181 58.9712 22.92
    endloop
  endfacet
  facet normal 0 0 -1
    outer loop
      vertex 62.1462 58.0845 22.92
      vertex 61.9037 58.8565 22.92
      vertex 61.9145 58.9118 22.92
    endloop
  endfacet
  facet normal 0 0 -1
    outer loop
      vertex 62.1462 58.0845 22.92
      vertex 61.8856 58.8052 22.92
      vertex 61.9037 58.8565 22.92
    endloop
  endfacet
  facet normal 0 0 -1
    outer loop
      vertex 62.1462 58.0845 22.92
      vertex 61.8604 58.758 22.92
      vertex 61.8856 58.8052 22.92
    endloop
  endfacet
  facet normal 0 0 -1
    outer loop
      vertex 61.6876 58.6105 22.92
      vertex 62.0063 58.0384 22.92
      vertex 61.8525 58.0026 22.92
    endloop
  endfacet
  facet normal 0 0 -1
    outer loop
      vertex 62.1462 58.0845 22.92
      vertex 61.8279 58.7149 22.92
      vertex 61.8604 58.758 22.92
    endloop
  endfacet
  facet normal 0 0 -1
    outer loop
      vertex 62.1462 58.0845 22.92
      vertex 61.7882 58.6759 22.92
      vertex 61.8279 58.7149 22.92
    endloop
  endfacet
  facet normal 0 0 -1
    outer loop
      vertex 62.0063 58.0384 22.92
      vertex 61.7412 58.641 22.92
      vertex 61.7882 58.6759 22.92
    endloop
  endfacet
  facet normal 0 0 -1
    outer loop
      vertex 62.0063 58.0384 22.92
      vertex 61.6876 58.6105 22.92
      vertex 61.7412 58.641 22.92
    endloop
  endfacet
  facet normal 0 0 -1
    outer loop
      vertex 61.6275 58.5846 22.92
      vertex 61.8525 58.0026 22.92
      vertex 61.6849 57.977 22.92
    endloop
  endfacet
  facet normal 0 0 -1
    outer loop
      vertex 61.8525 58.0026 22.92
      vertex 61.6275 58.5846 22.92
      vertex 61.6876 58.6105 22.92
    endloop
  endfacet
  facet normal 0 0 -1
    outer loop
      vertex 61.6849 57.977 22.92
      vertex 61.5612 58.5635 22.92
      vertex 61.6275 58.5846 22.92
    endloop
  endfacet
  facet normal 0 0 -1
    outer loop
      vertex 61.4885 58.547 22.92
      vertex 61.6849 57.977 22.92
      vertex 61.5035 57.9616 22.92
    endloop
  endfacet
  facet normal 0 0 -1
    outer loop
      vertex 61.6849 57.977 22.92
      vertex 61.4885 58.547 22.92
      vertex 61.5612 58.5635 22.92
    endloop
  endfacet
  facet normal 0 0 -1
    outer loop
      vertex 61.5035 57.9616 22.92
      vertex 61.4094 58.5353 22.92
      vertex 61.4885 58.547 22.92
    endloop
  endfacet
  facet normal 0 0 -1
    outer loop
      vertex 61.3083 57.9565 22.92
      vertex 61.4094 58.5353 22.92
      vertex 61.5035 57.9616 22.92
    endloop
  endfacet
  facet normal 0 0 -1
    outer loop
      vertex 61.4094 58.5353 22.92
      vertex 61.3083 57.9565 22.92
      vertex 61.3241 58.5282 22.92
    endloop
  endfacet
  facet normal 0 0 -1
    outer loop
      vertex 61.2324 58.5259 22.92
      vertex 61.3083 57.9565 22.92
      vertex 61.237 57.9573 22.92
    endloop
  endfacet
  facet normal 0 0 -1
    outer loop
      vertex 61.3083 57.9565 22.92
      vertex 61.2324 58.5259 22.92
      vertex 61.3241 58.5282 22.92
    endloop
  endfacet
  facet normal 0 0 -1
    outer loop
      vertex 61.1656 57.9598 22.92
      vertex 61.2324 58.5259 22.92
      vertex 61.237 57.9573 22.92
    endloop
  endfacet
  facet normal -0 0 -1
    outer loop
      vertex 61.2324 58.5259 22.92
      vertex 61.1656 57.9598 22.92
      vertex 61.1684 58.5271 22.92
    endloop
  endfacet
  facet normal 0 0 -1
    outer loop
      vertex 61.0942 57.964 22.92
      vertex 61.1684 58.5271 22.92
      vertex 61.1656 57.9598 22.92
    endloop
  endfacet
  facet normal -0 0 -1
    outer loop
      vertex 61.1684 58.5271 22.92
      vertex 61.0942 57.964 22.92
      vertex 61.1041 58.5308 22.92
    endloop
  endfacet
  facet normal 0 0 -1
    outer loop
      vertex 61.0228 57.9697 22.92
      vertex 61.1041 58.5308 22.92
      vertex 61.0942 57.964 22.92
    endloop
  endfacet
  facet normal -0 0 -1
    outer loop
      vertex 61.1041 58.5308 22.92
      vertex 61.0228 57.9697 22.92
      vertex 61.0394 58.5369 22.92
    endloop
  endfacet
  facet normal 0 0 -1
    outer loop
      vertex 60.9513 57.9771 22.92
      vertex 61.0394 58.5369 22.92
      vertex 61.0228 57.9697 22.92
    endloop
  endfacet
  facet normal -0 0 -1
    outer loop
      vertex 61.0394 58.5369 22.92
      vertex 60.9513 57.9771 22.92
      vertex 60.9745 58.5454 22.92
    endloop
  endfacet
  facet normal 0 0 -1
    outer loop
      vertex 60.8797 57.9862 22.92
      vertex 60.9745 58.5454 22.92
      vertex 60.9513 57.9771 22.92
    endloop
  endfacet
  facet normal -0 0 -1
    outer loop
      vertex 60.9745 58.5454 22.92
      vertex 60.8797 57.9862 22.92
      vertex 60.9092 58.5564 22.92
    endloop
  endfacet
  facet normal 0 0 -1
    outer loop
      vertex 60.8081 57.997 22.92
      vertex 60.9092 58.5564 22.92
      vertex 60.8797 57.9862 22.92
    endloop
  endfacet
  facet normal -0 0 -1
    outer loop
      vertex 60.9092 58.5564 22.92
      vertex 60.8081 57.997 22.92
      vertex 60.8437 58.5699 22.92
    endloop
  endfacet
  facet normal 0 0 -1
    outer loop
      vertex 60.7366 58.0093 22.92
      vertex 60.8437 58.5699 22.92
      vertex 60.8081 57.997 22.92
    endloop
  endfacet
  facet normal 0 0 -1
    outer loop
      vertex 60.6654 58.0234 22.92
      vertex 60.8437 58.5699 22.92
      vertex 60.7366 58.0093 22.92
    endloop
  endfacet
  facet normal -0 0 -1
    outer loop
      vertex 60.8437 58.5699 22.92
      vertex 60.6654 58.0234 22.92
      vertex 60.7778 58.5858 22.92
    endloop
  endfacet
  facet normal 0 0 -1
    outer loop
      vertex 60.5943 58.0391 22.92
      vertex 60.7778 58.5858 22.92
      vertex 60.6654 58.0234 22.92
    endloop
  endfacet
  facet normal -0 0 -1
    outer loop
      vertex 60.7778 58.5858 22.92
      vertex 60.5943 58.0391 22.92
      vertex 60.7117 58.6041 22.92
    endloop
  endfacet
  facet normal 0 0 -1
    outer loop
      vertex 60.5235 58.0564 22.92
      vertex 60.7117 58.6041 22.92
      vertex 60.5943 58.0391 22.92
    endloop
  endfacet
  facet normal -0 0 -1
    outer loop
      vertex 60.7117 58.6041 22.92
      vertex 60.5235 58.0564 22.92
      vertex 60.6455 58.6248 22.92
    endloop
  endfacet
  facet normal 0 0 -1
    outer loop
      vertex 60.4529 58.0754 22.92
      vertex 60.6455 58.6248 22.92
      vertex 60.5235 58.0564 22.92
    endloop
  endfacet
  facet normal -0 0 -1
    outer loop
      vertex 60.6455 58.6248 22.92
      vertex 60.4529 58.0754 22.92
      vertex 60.5791 58.6478 22.92
    endloop
  endfacet
  facet normal 0 0 -1
    outer loop
      vertex 60.3825 58.096 22.92
      vertex 60.5791 58.6478 22.92
      vertex 60.4529 58.0754 22.92
    endloop
  endfacet
  facet normal -0 0 -1
    outer loop
      vertex 60.5791 58.6478 22.92
      vertex 60.3825 58.096 22.92
      vertex 60.5126 58.6732 22.92
    endloop
  endfacet
  facet normal 0 0 -1
    outer loop
      vertex 60.3123 58.1183 22.92
      vertex 60.5126 58.6732 22.92
      vertex 60.3825 58.096 22.92
    endloop
  endfacet
  facet normal -0 0 -1
    outer loop
      vertex 60.5126 58.6732 22.92
      vertex 60.3123 58.1183 22.92
      vertex 60.446 58.7009 22.92
    endloop
  endfacet
  facet normal -0 0 -1
    outer loop
      vertex 60.446 58.7009 22.92
      vertex 60.3123 58.1183 22.92
      vertex 60.3792 58.731 22.92
    endloop
  endfacet
  facet normal -0 0 -1
    outer loop
      vertex 60.3792 58.731 22.92
      vertex 60.3123 58.1183 22.92
      vertex 60.3123 58.7634 22.92
    endloop
  endfacet
  facet normal 0 0 -1
    outer loop
      vertex 61.9145 58.9118 22.92
      vertex 62.7535 58.9406 22.92
      vertex 62.746 58.8075 22.92
    endloop
  endfacet
  facet normal 0 0 -1
    outer loop
      vertex 62.7535 58.9406 22.92
      vertex 61.9181 58.9712 22.92
      vertex 62.7501 59.0308 22.92
    endloop
  endfacet
  facet normal 0 0 -1
    outer loop
      vertex 61.9145 58.9118 22.92
      vertex 62.746 58.8075 22.92
      vertex 62.7234 58.6839 22.92
    endloop
  endfacet
  facet normal -0 0 -1
    outer loop
      vertex 62.7501 59.0308 22.92
      vertex 61.9181 58.9712 22.92
      vertex 62.7396 59.1163 22.92
    endloop
  endfacet
  facet normal 0 0 -1
    outer loop
      vertex 61.9144 59.0323 22.92
      vertex 62.7396 59.1163 22.92
      vertex 61.9181 58.9712 22.92
    endloop
  endfacet
  facet normal 0 0 -1
    outer loop
      vertex 61.9145 58.9118 22.92
      vertex 62.7234 58.6839 22.92
      vertex 62.6858 58.5697 22.92
    endloop
  endfacet
  facet normal -0 0 -1
    outer loop
      vertex 62.7396 59.1163 22.92
      vertex 61.9144 59.0323 22.92
      vertex 62.7223 59.1971 22.92
    endloop
  endfacet
  facet normal 0 0 -1
    outer loop
      vertex 61.9145 58.9118 22.92
      vertex 62.6858 58.5697 22.92
      vertex 62.6331 58.465 22.92
    endloop
  endfacet
  facet normal -0 0 -1
    outer loop
      vertex 62.7223 59.1971 22.92
      vertex 61.9144 59.0323 22.92
      vertex 62.6979 59.2733 22.92
    endloop
  endfacet
  facet normal 0 0 -1
    outer loop
      vertex 61.9033 59.089 22.92
      vertex 62.6979 59.2733 22.92
      vertex 61.9144 59.0323 22.92
    endloop
  endfacet
  facet normal 0 0 -1
    outer loop
      vertex 61.9145 58.9118 22.92
      vertex 62.6331 58.465 22.92
      vertex 62.5653 58.3697 22.92
    endloop
  endfacet
  facet normal -0 0 -1
    outer loop
      vertex 62.6979 59.2733 22.92
      vertex 61.9033 59.089 22.92
      vertex 62.6666 59.3449 22.92
    endloop
  endfacet
  facet normal 0 0 -1
    outer loop
      vertex 61.9145 58.9118 22.92
      vertex 62.5653 58.3697 22.92
      vertex 62.4825 58.2838 22.92
    endloop
  endfacet
  facet normal -0 0 -1
    outer loop
      vertex 62.6666 59.3449 22.92
      vertex 61.9033 59.089 22.92
      vertex 62.6284 59.4117 22.92
    endloop
  endfacet
  facet normal -0 0 -1
    outer loop
      vertex 62.6284 59.4117 22.92
      vertex 61.9033 59.089 22.92
      vertex 62.5832 59.474 22.92
    endloop
  endfacet
  facet normal 0 0 -1
    outer loop
      vertex 61.9145 58.9118 22.92
      vertex 62.4825 58.2838 22.92
      vertex 62.3846 58.2074 22.92
    endloop
  endfacet
  facet normal -0 0 -1
    outer loop
      vertex 62.5832 59.474 22.92
      vertex 61.9033 59.089 22.92
      vertex 62.5313 59.5313 22.92
    endloop
  endfacet
  facet normal 0 0 -1
    outer loop
      vertex 61.9145 58.9118 22.92
      vertex 62.3846 58.2074 22.92
      vertex 62.2723 58.1409 22.92
    endloop
  endfacet
  facet normal 0 0 -1
    outer loop
      vertex 61.8848 59.1413 22.92
      vertex 62.5313 59.5313 22.92
      vertex 61.9033 59.089 22.92
    endloop
  endfacet
  facet normal -0 0 -1
    outer loop
      vertex 62.5313 59.5313 22.92
      vertex 61.8848 59.1413 22.92
      vertex 62.473 59.5835 22.92
    endloop
  endfacet
  facet normal 0 0 -1
    outer loop
      vertex 61.9145 58.9118 22.92
      vertex 62.2723 58.1409 22.92
      vertex 62.1462 58.0845 22.92
    endloop
  endfacet
  facet normal -0 0 -1
    outer loop
      vertex 62.473 59.5835 22.92
      vertex 61.8848 59.1413 22.92
      vertex 62.4083 59.6307 22.92
    endloop
  endfacet
  facet normal 0 0 -1
    outer loop
      vertex 61.7882 58.6759 22.92
      vertex 62.1462 58.0845 22.92
      vertex 62.0063 58.0384 22.92
    endloop
  endfacet
  facet normal 0 0 -1
    outer loop
      vertex 61.8589 59.1893 22.92
      vertex 62.4083 59.6307 22.92
      vertex 61.8848 59.1413 22.92
    endloop
  endfacet
  facet normal -0 0 -1
    outer loop
      vertex 62.4083 59.6307 22.92
      vertex 61.8589 59.1893 22.92
      vertex 62.3372 59.6727 22.92
    endloop
  endfacet
  facet normal -0 0 -1
    outer loop
      vertex 62.3372 59.6727 22.92
      vertex 61.8589 59.1893 22.92
      vertex 62.2596 59.7097 22.92
    endloop
  endfacet
  facet normal 0 0 -1
    outer loop
      vertex 61.8257 59.2328 22.92
      vertex 62.2596 59.7097 22.92
      vertex 61.8589 59.1893 22.92
    endloop
  endfacet
  facet normal 0 0 -1
    outer loop
      vertex 61.8391 60.4095 22.92
      vertex 62.0852 59.7683 22.92
      vertex 61.8421 60.358 22.92
    endloop
  endfacet
  facet normal -0 0 -1
    outer loop
      vertex 62.2596 59.7097 22.92
      vertex 61.8257 59.2328 22.92
      vertex 62.1756 59.7416 22.92
    endloop
  endfacet
  facet normal -0 0 -1
    outer loop
      vertex 62.1756 59.7416 22.92
      vertex 61.8257 59.2328 22.92
      vertex 62.0852 59.7683 22.92
    endloop
  endfacet
  facet normal 0 0 -1
    outer loop
      vertex 62.0852 59.7683 22.92
      vertex 61.8391 60.4095 22.92
      vertex 62.0369 61.2517 22.92
    endloop
  endfacet
  facet normal 0 0 -1
    outer loop
      vertex 61.8299 60.4576 22.92
      vertex 62.0369 61.2517 22.92
      vertex 61.8391 60.4095 22.92
    endloop
  endfacet
  facet normal 0 0 -1
    outer loop
      vertex 61.8146 60.5022 22.92
      vertex 62.0369 61.2517 22.92
      vertex 61.8299 60.4576 22.92
    endloop
  endfacet
  facet normal 0 0 -1
    outer loop
      vertex 61.7933 60.5433 22.92
      vertex 62.0369 61.2517 22.92
      vertex 61.8146 60.5022 22.92
    endloop
  endfacet
  facet normal 0 0 -1
    outer loop
      vertex 61.7658 60.581 22.92
      vertex 62.0369 61.2517 22.92
      vertex 61.7933 60.5433 22.92
    endloop
  endfacet
  facet normal 0 0 -1
    outer loop
      vertex 61.7321 60.6153 22.92
      vertex 62.0369 61.2517 22.92
      vertex 61.7658 60.581 22.92
    endloop
  endfacet
  facet normal 0 0 -1
    outer loop
      vertex 61.6924 60.6461 22.92
      vertex 62.0369 61.2517 22.92
      vertex 61.7321 60.6153 22.92
    endloop
  endfacet
  facet normal -0 0 -1
    outer loop
      vertex 62.0369 61.2517 22.92
      vertex 61.6924 60.6461 22.92
      vertex 61.9019 61.2813 22.92
    endloop
  endfacet
  facet normal 0 0 -1
    outer loop
      vertex 61.6471 60.6731 22.92
      vertex 61.9019 61.2813 22.92
      vertex 61.6924 60.6461 22.92
    endloop
  endfacet
  facet normal -0 0 -1
    outer loop
      vertex 61.9019 61.2813 22.92
      vertex 61.6471 60.6731 22.92
      vertex 61.7539 61.3024 22.92
    endloop
  endfacet
  facet normal 0 0 -1
    outer loop
      vertex 61.5968 60.696 22.92
      vertex 61.7539 61.3024 22.92
      vertex 61.6471 60.6731 22.92
    endloop
  endfacet
  facet normal 0 0 -1
    outer loop
      vertex 61.5414 60.7147 22.92
      vertex 61.7539 61.3024 22.92
      vertex 61.5968 60.696 22.92
    endloop
  endfacet
  facet normal -0 0 -1
    outer loop
      vertex 61.7539 61.3024 22.92
      vertex 61.5414 60.7147 22.92
      vertex 61.5929 61.3151 22.92
    endloop
  endfacet
  facet normal 0 0 -1
    outer loop
      vertex 61.4809 60.7292 22.92
      vertex 61.5929 61.3151 22.92
      vertex 61.5414 60.7147 22.92
    endloop
  endfacet
  facet normal 0 0 -1
    outer loop
      vertex 61.4809 60.7292 22.92
      vertex 61.419 61.3193 22.92
      vertex 61.5929 61.3151 22.92
    endloop
  endfacet
  facet normal 0 0 -1
    outer loop
      vertex 61.4154 60.7396 22.92
      vertex 61.419 61.3193 22.92
      vertex 61.4809 60.7292 22.92
    endloop
  endfacet
  facet normal 0 0 -1
    outer loop
      vertex 61.3449 60.7458 22.92
      vertex 61.419 61.3193 22.92
      vertex 61.4154 60.7396 22.92
    endloop
  endfacet
  facet normal 0 0 -1
    outer loop
      vertex 61.419 61.3193 22.92
      vertex 61.3449 60.7458 22.92
      vertex 61.3519 61.3186 22.92
    endloop
  endfacet
  facet normal 0 0 -1
    outer loop
      vertex 61.3449 60.7458 22.92
      vertex 61.2844 61.3165 22.92
      vertex 61.3519 61.3186 22.92
    endloop
  endfacet
  facet normal 0 0 -1
    outer loop
      vertex 61.2693 60.7479 22.92
      vertex 61.2844 61.3165 22.92
      vertex 61.3449 60.7458 22.92
    endloop
  endfacet
  facet normal 0 0 -1
    outer loop
      vertex 61.2693 60.7479 22.92
      vertex 61.2165 61.3129 22.92
      vertex 61.2844 61.3165 22.92
    endloop
  endfacet
  facet normal 0 0 -1
    outer loop
      vertex 61.2115 60.747 22.92
      vertex 61.2165 61.3129 22.92
      vertex 61.2693 60.7479 22.92
    endloop
  endfacet
  facet normal 0 0 -1
    outer loop
      vertex 61.1483 61.3079 22.92
      vertex 61.2115 60.747 22.92
      vertex 61.1536 60.7442 22.92
    endloop
  endfacet
  facet normal 0 0 -1
    outer loop
      vertex 61.2115 60.747 22.92
      vertex 61.1483 61.3079 22.92
      vertex 61.2165 61.3129 22.92
    endloop
  endfacet
  facet normal 0 0 -1
    outer loop
      vertex 61.0798 61.3016 22.92
      vertex 61.1536 60.7442 22.92
      vertex 61.0955 60.7396 22.92
    endloop
  endfacet
  facet normal 0 0 -1
    outer loop
      vertex 61.1536 60.7442 22.92
      vertex 61.0798 61.3016 22.92
      vertex 61.1483 61.3079 22.92
    endloop
  endfacet
  facet normal 0 0 -1
    outer loop
      vertex 61.0109 61.2937 22.92
      vertex 61.0955 60.7396 22.92
      vertex 61.0372 60.733 22.92
    endloop
  endfacet
  facet normal 0 0 -1
    outer loop
      vertex 61.0955 60.7396 22.92
      vertex 61.0109 61.2937 22.92
      vertex 61.0798 61.3016 22.92
    endloop
  endfacet
  facet normal 0 0 -1
    outer loop
      vertex 60.9416 61.2845 22.92
      vertex 61.0372 60.733 22.92
      vertex 60.9788 60.7247 22.92
    endloop
  endfacet
  facet normal 0 0 -1
    outer loop
      vertex 61.0372 60.733 22.92
      vertex 60.9416 61.2845 22.92
      vertex 61.0109 61.2937 22.92
    endloop
  endfacet
  facet normal 0 0 -1
    outer loop
      vertex 60.8721 61.2738 22.92
      vertex 60.9788 60.7247 22.92
      vertex 60.9201 60.7144 22.92
    endloop
  endfacet
  facet normal 0 0 -1
    outer loop
      vertex 60.9788 60.7247 22.92
      vertex 60.8721 61.2738 22.92
      vertex 60.9416 61.2845 22.92
    endloop
  endfacet
  facet normal 0 0 -1
    outer loop
      vertex 60.8024 61.2618 22.92
      vertex 60.9201 60.7144 22.92
      vertex 60.8613 60.7023 22.92
    endloop
  endfacet
  facet normal 0 0 -1
    outer loop
      vertex 60.7325 61.2483 22.92
      vertex 60.8613 60.7023 22.92
      vertex 60.8024 60.6884 22.92
    endloop
  endfacet
  facet normal 0 0 -1
    outer loop
      vertex 60.9201 60.7144 22.92
      vertex 60.8024 61.2618 22.92
      vertex 60.8721 61.2738 22.92
    endloop
  endfacet
  facet normal 0 0 -1
    outer loop
      vertex 60.6624 61.2333 22.92
      vertex 60.8024 60.6884 22.92
      vertex 60.7437 60.6727 22.92
    endloop
  endfacet
  facet normal 0 0 -1
    outer loop
      vertex 60.8613 60.7023 22.92
      vertex 60.7325 61.2483 22.92
      vertex 60.8024 61.2618 22.92
    endloop
  endfacet
  facet normal 0 0 -1
    outer loop
      vertex 60.5922 61.217 22.92
      vertex 60.7437 60.6727 22.92
      vertex 60.685 60.6553 22.92
    endloop
  endfacet
  facet normal 0 0 -1
    outer loop
      vertex 60.8024 60.6884 22.92
      vertex 60.6624 61.2333 22.92
      vertex 60.7325 61.2483 22.92
    endloop
  endfacet
  facet normal 0 0 -1
    outer loop
      vertex 60.5218 61.1992 22.92
      vertex 60.685 60.6553 22.92
      vertex 60.6264 60.636 22.92
    endloop
  endfacet
  facet normal 0 0 -1
    outer loop
      vertex 60.7437 60.6727 22.92
      vertex 60.5922 61.217 22.92
      vertex 60.6624 61.2333 22.92
    endloop
  endfacet
  facet normal 0 0 -1
    outer loop
      vertex 60.4512 61.1801 22.92
      vertex 60.6264 60.636 22.92
      vertex 60.5679 60.615 22.92
    endloop
  endfacet
  facet normal 0 0 -1
    outer loop
      vertex 60.685 60.6553 22.92
      vertex 60.5218 61.1992 22.92
      vertex 60.5922 61.217 22.92
    endloop
  endfacet
  facet normal 0 0 -1
    outer loop
      vertex 60.4512 61.1801 22.92
      vertex 60.5679 60.615 22.92
      vertex 60.5095 60.5922 22.92
    endloop
  endfacet
  facet normal 0 0 -1
    outer loop
      vertex 60.4512 61.1801 22.92
      vertex 60.5095 60.5922 22.92
      vertex 60.4512 60.5677 22.92
    endloop
  endfacet
  facet normal 0 0 -1
    outer loop
      vertex 60.6264 60.636 22.92
      vertex 60.4512 61.1801 22.92
      vertex 60.5218 61.1992 22.92
    endloop
  endfacet
  facet normal 0 0 -1
    outer loop
      vertex 62.2409 59.8192 22.92
      vertex 62.6776 60.4885 22.92
      vertex 62.6746 60.4094 22.92
    endloop
  endfacet
  facet normal 0 0 -1
    outer loop
      vertex 62.2409 59.8192 22.92
      vertex 62.6746 60.4094 22.92
      vertex 62.6654 60.3345 22.92
    endloop
  endfacet
  facet normal 0 0 -1
    outer loop
      vertex 62.166 59.7916 22.92
      vertex 62.6776 60.4885 22.92
      vertex 62.2409 59.8192 22.92
    endloop
  endfacet
  facet normal 0 0 -1
    outer loop
      vertex 62.31 59.8512 22.92
      vertex 62.6654 60.3345 22.92
      vertex 62.6501 60.2639 22.92
    endloop
  endfacet
  facet normal 0 0 -1
    outer loop
      vertex 62.3732 59.8877 22.92
      vertex 62.6501 60.2639 22.92
      vertex 62.6287 60.1974 22.92
    endloop
  endfacet
  facet normal -0 0 -1
    outer loop
      vertex 62.6776 60.4885 22.92
      vertex 62.166 59.7916 22.92
      vertex 62.6712 60.6032 22.92
    endloop
  endfacet
  facet normal 0 0 -1
    outer loop
      vertex 62.3732 59.8877 22.92
      vertex 62.6287 60.1974 22.92
      vertex 62.6012 60.1351 22.92
    endloop
  endfacet
  facet normal 0 0 -1
    outer loop
      vertex 62.6654 60.3345 22.92
      vertex 62.31 59.8512 22.92
      vertex 62.2409 59.8192 22.92
    endloop
  endfacet
  facet normal 0 0 -1
    outer loop
      vertex 62.3732 59.8877 22.92
      vertex 62.6012 60.1351 22.92
      vertex 62.5676 60.077 22.92
    endloop
  endfacet
  facet normal 0 0 -1
    outer loop
      vertex 62.3732 59.8877 22.92
      vertex 62.5676 60.077 22.92
      vertex 62.5279 60.0232 22.92
    endloop
  endfacet
  facet normal 0 0 -1
    outer loop
      vertex 62.6501 60.2639 22.92
      vertex 62.3732 59.8877 22.92
      vertex 62.31 59.8512 22.92
    endloop
  endfacet
  facet normal 0 0 -1
    outer loop
      vertex 62.4306 59.9285 22.92
      vertex 62.5279 60.0232 22.92
      vertex 62.4822 59.9736 22.92
    endloop
  endfacet
  facet normal 0 0 -1
    outer loop
      vertex 62.3732 59.8877 22.92
      vertex 62.5279 60.0232 22.92
      vertex 62.4306 59.9285 22.92
    endloop
  endfacet
  facet normal 0 -0 -1
    outer loop
      vertex 62.268 61.1671 22.92
      vertex 62.6712 60.6032 22.92
      vertex 62.166 59.7916 22.92
    endloop
  endfacet
  facet normal 0 0 -1
    outer loop
      vertex 62.652 60.7094 22.92
      vertex 62.364 61.1121 22.92
      vertex 62.62 60.807 22.92
    endloop
  endfacet
  facet normal 0 0 -1
    outer loop
      vertex 62.5752 60.8961 22.92
      vertex 62.4472 61.0487 22.92
      vertex 62.5176 60.9767 22.92
    endloop
  endfacet
  facet normal 0 0 -1
    outer loop
      vertex 62.62 60.807 22.92
      vertex 62.4472 61.0487 22.92
      vertex 62.5752 60.8961 22.92
    endloop
  endfacet
  facet normal -0 -0 -1
    outer loop
      vertex 62.4472 61.0487 22.92
      vertex 62.62 60.807 22.92
      vertex 62.364 61.1121 22.92
    endloop
  endfacet
  facet normal 0 0 -1
    outer loop
      vertex 62.6712 60.6032 22.92
      vertex 62.364 61.1121 22.92
      vertex 62.652 60.7094 22.92
    endloop
  endfacet
  facet normal -0 -0 -1
    outer loop
      vertex 62.364 61.1121 22.92
      vertex 62.6712 60.6032 22.92
      vertex 62.268 61.1671 22.92
    endloop
  endfacet
  facet normal 0 0 -1
    outer loop
      vertex 62.166 59.7916 22.92
      vertex 62.1589 61.2136 22.92
      vertex 62.268 61.1671 22.92
    endloop
  endfacet
  facet normal 0 0 -1
    outer loop
      vertex 62.0852 59.7683 22.92
      vertex 62.1589 61.2136 22.92
      vertex 62.166 59.7916 22.92
    endloop
  endfacet
  facet normal -0 0 -1
    outer loop
      vertex 62.1589 61.2136 22.92
      vertex 62.0852 59.7683 22.92
      vertex 62.0369 61.2517 22.92
    endloop
  endfacet
  facet normal 0 0 1
    outer loop
      vertex 61.8299 60.4576 23.3
      vertex 62.6776 60.4885 23.3
      vertex 62.6712 60.6032 23.3
    endloop
  endfacet
  facet normal 0 0 1
    outer loop
      vertex 62.6776 60.4885 23.3
      vertex 61.8391 60.4095 23.3
      vertex 62.6746 60.4094 23.3
    endloop
  endfacet
  facet normal 0 0 1
    outer loop
      vertex 61.8299 60.4576 23.3
      vertex 62.6712 60.6032 23.3
      vertex 62.652 60.7094 23.3
    endloop
  endfacet
  facet normal 0 0 1
    outer loop
      vertex 62.6746 60.4094 23.3
      vertex 61.8391 60.4095 23.3
      vertex 62.6654 60.3345 23.3
    endloop
  endfacet
  facet normal -0 -0 1
    outer loop
      vertex 61.8421 60.358 23.3
      vertex 62.6654 60.3345 23.3
      vertex 61.8391 60.4095 23.3
    endloop
  endfacet
  facet normal 0 0 1
    outer loop
      vertex 61.8146 60.5022 23.3
      vertex 62.652 60.7094 23.3
      vertex 62.62 60.807 23.3
    endloop
  endfacet
  facet normal 0 0 1
    outer loop
      vertex 62.6654 60.3345 23.3
      vertex 61.8421 60.358 23.3
      vertex 62.6501 60.2639 23.3
    endloop
  endfacet
  facet normal 0 0 1
    outer loop
      vertex 61.8146 60.5022 23.3
      vertex 62.62 60.807 23.3
      vertex 62.5752 60.8961 23.3
    endloop
  endfacet
  facet normal 0 0 1
    outer loop
      vertex 62.6501 60.2639 23.3
      vertex 61.8421 60.358 23.3
      vertex 62.6287 60.1974 23.3
    endloop
  endfacet
  facet normal 0 0 1
    outer loop
      vertex 62.6287 60.1974 23.3
      vertex 61.8421 60.358 23.3
      vertex 62.6012 60.1351 23.3
    endloop
  endfacet
  facet normal 0 0 1
    outer loop
      vertex 61.8146 60.5022 23.3
      vertex 62.5752 60.8961 23.3
      vertex 62.5176 60.9767 23.3
    endloop
  endfacet
  facet normal 0 0 1
    outer loop
      vertex 62.6012 60.1351 23.3
      vertex 61.8421 60.358 23.3
      vertex 62.5676 60.077 23.3
    endloop
  endfacet
  facet normal 0 0 1
    outer loop
      vertex 61.8146 60.5022 23.3
      vertex 62.5176 60.9767 23.3
      vertex 62.4472 61.0487 23.3
    endloop
  endfacet
  facet normal -0 0 1
    outer loop
      vertex 61.839 60.3026 23.3
      vertex 62.5676 60.077 23.3
      vertex 61.8421 60.358 23.3
    endloop
  endfacet
  facet normal 0 0 1
    outer loop
      vertex 62.5676 60.077 23.3
      vertex 61.839 60.3026 23.3
      vertex 62.5279 60.0232 23.3
    endloop
  endfacet
  facet normal 0 0 1
    outer loop
      vertex 61.7933 60.5433 23.3
      vertex 62.4472 61.0487 23.3
      vertex 62.364 61.1121 23.3
    endloop
  endfacet
  facet normal 0 0 1
    outer loop
      vertex 62.5279 60.0232 23.3
      vertex 61.839 60.3026 23.3
      vertex 62.4822 59.9736 23.3
    endloop
  endfacet
  facet normal 0 0 1
    outer loop
      vertex 61.7933 60.5433 23.3
      vertex 62.364 61.1121 23.3
      vertex 62.268 61.1671 23.3
    endloop
  endfacet
  facet normal 0 0 1
    outer loop
      vertex 62.4822 59.9736 23.3
      vertex 61.839 60.3026 23.3
      vertex 62.4306 59.9285 23.3
    endloop
  endfacet
  facet normal -0 0 1
    outer loop
      vertex 61.8296 60.2513 23.3
      vertex 62.4306 59.9285 23.3
      vertex 61.839 60.3026 23.3
    endloop
  endfacet
  facet normal 0 0 1
    outer loop
      vertex 61.7658 60.581 23.3
      vertex 62.268 61.1671 23.3
      vertex 62.1589 61.2136 23.3
    endloop
  endfacet
  facet normal 0 0 1
    outer loop
      vertex 62.4306 59.9285 23.3
      vertex 61.8296 60.2513 23.3
      vertex 62.3732 59.8877 23.3
    endloop
  endfacet
  facet normal 0 0 1
    outer loop
      vertex 61.7321 60.6153 23.3
      vertex 62.1589 61.2136 23.3
      vertex 62.0369 61.2517 23.3
    endloop
  endfacet
  facet normal -0 0 1
    outer loop
      vertex 61.9181 58.9712 23.3
      vertex 62.7535 58.9406 23.3
      vertex 62.7501 59.0308 23.3
    endloop
  endfacet
  facet normal 0 0 1
    outer loop
      vertex 61.9181 58.9712 23.3
      vertex 62.7501 59.0308 23.3
      vertex 62.7396 59.1163 23.3
    endloop
  endfacet
  facet normal 0 0 1
    outer loop
      vertex 61.9145 58.9118 23.3
      vertex 62.7535 58.9406 23.3
      vertex 61.9181 58.9712 23.3
    endloop
  endfacet
  facet normal 0 0 1
    outer loop
      vertex 61.9144 59.0323 23.3
      vertex 62.7396 59.1163 23.3
      vertex 62.7223 59.1971 23.3
    endloop
  endfacet
  facet normal 0 0 1
    outer loop
      vertex 61.9144 59.0323 23.3
      vertex 62.7223 59.1971 23.3
      vertex 62.6979 59.2733 23.3
    endloop
  endfacet
  facet normal 0 0 1
    outer loop
      vertex 62.7535 58.9406 23.3
      vertex 61.9145 58.9118 23.3
      vertex 62.746 58.8075 23.3
    endloop
  endfacet
  facet normal 0 0 1
    outer loop
      vertex 61.9033 59.089 23.3
      vertex 62.6979 59.2733 23.3
      vertex 62.6666 59.3449 23.3
    endloop
  endfacet
  facet normal 0 0 1
    outer loop
      vertex 62.746 58.8075 23.3
      vertex 61.9145 58.9118 23.3
      vertex 62.7234 58.6839 23.3
    endloop
  endfacet
  facet normal 0 0 1
    outer loop
      vertex 61.9033 59.089 23.3
      vertex 62.6666 59.3449 23.3
      vertex 62.6284 59.4117 23.3
    endloop
  endfacet
  facet normal 0 0 1
    outer loop
      vertex 61.9033 59.089 23.3
      vertex 62.6284 59.4117 23.3
      vertex 62.5832 59.474 23.3
    endloop
  endfacet
  facet normal -0 0 1
    outer loop
      vertex 61.9037 58.8565 23.3
      vertex 62.7234 58.6839 23.3
      vertex 61.9145 58.9118 23.3
    endloop
  endfacet
  facet normal 0 0 1
    outer loop
      vertex 61.9033 59.089 23.3
      vertex 62.5832 59.474 23.3
      vertex 62.5313 59.5313 23.3
    endloop
  endfacet
  facet normal 0 0 1
    outer loop
      vertex 62.7234 58.6839 23.3
      vertex 61.9037 58.8565 23.3
      vertex 62.6858 58.5697 23.3
    endloop
  endfacet
  facet normal 0 0 1
    outer loop
      vertex 61.8848 59.1413 23.3
      vertex 62.5313 59.5313 23.3
      vertex 62.473 59.5835 23.3
    endloop
  endfacet
  facet normal 0 0 1
    outer loop
      vertex 61.8848 59.1413 23.3
      vertex 62.473 59.5835 23.3
      vertex 62.4083 59.6307 23.3
    endloop
  endfacet
  facet normal 0 0 1
    outer loop
      vertex 62.6858 58.5697 23.3
      vertex 61.9037 58.8565 23.3
      vertex 62.6331 58.465 23.3
    endloop
  endfacet
  facet normal 0 0 1
    outer loop
      vertex 61.8589 59.1893 23.3
      vertex 62.4083 59.6307 23.3
      vertex 62.3372 59.6727 23.3
    endloop
  endfacet
  facet normal -0 0 1
    outer loop
      vertex 61.8856 58.8052 23.3
      vertex 62.6331 58.465 23.3
      vertex 61.9037 58.8565 23.3
    endloop
  endfacet
  facet normal 0 0 1
    outer loop
      vertex 61.8589 59.1893 23.3
      vertex 62.3372 59.6727 23.3
      vertex 62.2596 59.7097 23.3
    endloop
  endfacet
  facet normal 0 0 1
    outer loop
      vertex 61.8257 59.2328 23.3
      vertex 62.2596 59.7097 23.3
      vertex 62.1756 59.7416 23.3
    endloop
  endfacet
  facet normal 0 0 1
    outer loop
      vertex 62.6331 58.465 23.3
      vertex 61.8856 58.8052 23.3
      vertex 62.5653 58.3697 23.3
    endloop
  endfacet
  facet normal 0 0 1
    outer loop
      vertex 61.8257 59.2328 23.3
      vertex 62.1756 59.7416 23.3
      vertex 62.0852 59.7683 23.3
    endloop
  endfacet
  facet normal 0 0 1
    outer loop
      vertex 62.5653 58.3697 23.3
      vertex 61.8856 58.8052 23.3
      vertex 62.4825 58.2838 23.3
    endloop
  endfacet
  facet normal 0 0 1
    outer loop
      vertex 62.3732 59.8877 23.3
      vertex 61.8296 60.2513 23.3
      vertex 62.31 59.8512 23.3
    endloop
  endfacet
  facet normal -0 0 1
    outer loop
      vertex 61.8604 58.758 23.3
      vertex 62.4825 58.2838 23.3
      vertex 61.8856 58.8052 23.3
    endloop
  endfacet
  facet normal 0 0 1
    outer loop
      vertex 62.7396 59.1163 23.3
      vertex 61.9144 59.0323 23.3
      vertex 61.9181 58.9712 23.3
    endloop
  endfacet
  facet normal 0 0 1
    outer loop
      vertex 62.6979 59.2733 23.3
      vertex 61.9033 59.089 23.3
      vertex 61.9144 59.0323 23.3
    endloop
  endfacet
  facet normal 0 0 1
    outer loop
      vertex 61.6924 60.6461 23.3
      vertex 62.0369 61.2517 23.3
      vertex 61.9019 61.2813 23.3
    endloop
  endfacet
  facet normal -0 0 1
    outer loop
      vertex 61.8139 60.2042 23.3
      vertex 62.2409 59.8192 23.3
      vertex 61.8296 60.2513 23.3
    endloop
  endfacet
  facet normal 0 0 1
    outer loop
      vertex 62.2409 59.8192 23.3
      vertex 61.8139 60.2042 23.3
      vertex 62.166 59.7916 23.3
    endloop
  endfacet
  facet normal -0 0 1
    outer loop
      vertex 61.7918 60.1614 23.3
      vertex 62.166 59.7916 23.3
      vertex 61.8139 60.2042 23.3
    endloop
  endfacet
  facet normal 0 0 1
    outer loop
      vertex 62.31 59.8512 23.3
      vertex 61.8296 60.2513 23.3
      vertex 62.2409 59.8192 23.3
    endloop
  endfacet
  facet normal 0 0 1
    outer loop
      vertex 62.6776 60.4885 23.3
      vertex 61.8299 60.4576 23.3
      vertex 61.8391 60.4095 23.3
    endloop
  endfacet
  facet normal 0 0 1
    outer loop
      vertex 62.652 60.7094 23.3
      vertex 61.8146 60.5022 23.3
      vertex 61.8299 60.4576 23.3
    endloop
  endfacet
  facet normal 0 0 1
    outer loop
      vertex 62.4472 61.0487 23.3
      vertex 61.7933 60.5433 23.3
      vertex 61.8146 60.5022 23.3
    endloop
  endfacet
  facet normal 0 0 1
    outer loop
      vertex 62.268 61.1671 23.3
      vertex 61.7658 60.581 23.3
      vertex 61.7933 60.5433 23.3
    endloop
  endfacet
  facet normal 0 0 1
    outer loop
      vertex 61.6471 60.6731 23.3
      vertex 61.9019 61.2813 23.3
      vertex 61.7539 61.3024 23.3
    endloop
  endfacet
  facet normal 0 0 1
    outer loop
      vertex 62.1589 61.2136 23.3
      vertex 61.7321 60.6153 23.3
      vertex 61.7658 60.581 23.3
    endloop
  endfacet
  facet normal 0 0 1
    outer loop
      vertex 62.0369 61.2517 23.3
      vertex 61.6924 60.6461 23.3
      vertex 61.7321 60.6153 23.3
    endloop
  endfacet
  facet normal 0 0 1
    outer loop
      vertex 61.9019 61.2813 23.3
      vertex 61.6471 60.6731 23.3
      vertex 61.6924 60.6461 23.3
    endloop
  endfacet
  facet normal 0 0 1
    outer loop
      vertex 61.7539 61.3024 23.3
      vertex 61.5968 60.696 23.3
      vertex 61.6471 60.6731 23.3
    endloop
  endfacet
  facet normal 0 0 1
    outer loop
      vertex 61.5414 60.7147 23.3
      vertex 61.7539 61.3024 23.3
      vertex 61.5929 61.3151 23.3
    endloop
  endfacet
  facet normal 0 0 1
    outer loop
      vertex 61.7539 61.3024 23.3
      vertex 61.5414 60.7147 23.3
      vertex 61.5968 60.696 23.3
    endloop
  endfacet
  facet normal 0 0 1
    outer loop
      vertex 61.5929 61.3151 23.3
      vertex 61.4809 60.7292 23.3
      vertex 61.5414 60.7147 23.3
    endloop
  endfacet
  facet normal 0 0 1
    outer loop
      vertex 61.419 61.3193 23.3
      vertex 61.4809 60.7292 23.3
      vertex 61.5929 61.3151 23.3
    endloop
  endfacet
  facet normal 0 0 1
    outer loop
      vertex 61.419 61.3193 23.3
      vertex 61.4154 60.7396 23.3
      vertex 61.4809 60.7292 23.3
    endloop
  endfacet
  facet normal 0 0 1
    outer loop
      vertex 61.3449 60.7458 23.3
      vertex 61.419 61.3193 23.3
      vertex 61.3519 61.3186 23.3
    endloop
  endfacet
  facet normal 0 0 1
    outer loop
      vertex 61.419 61.3193 23.3
      vertex 61.3449 60.7458 23.3
      vertex 61.4154 60.7396 23.3
    endloop
  endfacet
  facet normal -0 0 1
    outer loop
      vertex 61.2844 61.3165 23.3
      vertex 61.3449 60.7458 23.3
      vertex 61.3519 61.3186 23.3
    endloop
  endfacet
  facet normal 0 0 1
    outer loop
      vertex 61.2844 61.3165 23.3
      vertex 61.2693 60.7479 23.3
      vertex 61.3449 60.7458 23.3
    endloop
  endfacet
  facet normal -0 0 1
    outer loop
      vertex 61.2165 61.3129 23.3
      vertex 61.2693 60.7479 23.3
      vertex 61.2844 61.3165 23.3
    endloop
  endfacet
  facet normal 0 0 1
    outer loop
      vertex 61.2165 61.3129 23.3
      vertex 61.2115 60.747 23.3
      vertex 61.2693 60.7479 23.3
    endloop
  endfacet
  facet normal -0 0 1
    outer loop
      vertex 61.1483 61.3079 23.3
      vertex 61.2115 60.747 23.3
      vertex 61.2165 61.3129 23.3
    endloop
  endfacet
  facet normal 0 0 1
    outer loop
      vertex 61.2115 60.747 23.3
      vertex 61.1483 61.3079 23.3
      vertex 61.1536 60.7442 23.3
    endloop
  endfacet
  facet normal -0 0 1
    outer loop
      vertex 61.0798 61.3016 23.3
      vertex 61.1536 60.7442 23.3
      vertex 61.1483 61.3079 23.3
    endloop
  endfacet
  facet normal 0 0 1
    outer loop
      vertex 61.1536 60.7442 23.3
      vertex 61.0798 61.3016 23.3
      vertex 61.0955 60.7396 23.3
    endloop
  endfacet
  facet normal -0 0 1
    outer loop
      vertex 61.0109 61.2937 23.3
      vertex 61.0955 60.7396 23.3
      vertex 61.0798 61.3016 23.3
    endloop
  endfacet
  facet normal 0 0 1
    outer loop
      vertex 61.0955 60.7396 23.3
      vertex 61.0109 61.2937 23.3
      vertex 61.0372 60.733 23.3
    endloop
  endfacet
  facet normal -0 0 1
    outer loop
      vertex 60.9416 61.2845 23.3
      vertex 61.0372 60.733 23.3
      vertex 61.0109 61.2937 23.3
    endloop
  endfacet
  facet normal 0 0 1
    outer loop
      vertex 61.0372 60.733 23.3
      vertex 60.9416 61.2845 23.3
      vertex 60.9788 60.7247 23.3
    endloop
  endfacet
  facet normal -0 0 1
    outer loop
      vertex 60.8721 61.2738 23.3
      vertex 60.9788 60.7247 23.3
      vertex 60.9416 61.2845 23.3
    endloop
  endfacet
  facet normal 0 0 1
    outer loop
      vertex 60.9788 60.7247 23.3
      vertex 60.8721 61.2738 23.3
      vertex 60.9201 60.7144 23.3
    endloop
  endfacet
  facet normal -0 0 1
    outer loop
      vertex 60.8024 61.2618 23.3
      vertex 60.9201 60.7144 23.3
      vertex 60.8721 61.2738 23.3
    endloop
  endfacet
  facet normal 0 0 1
    outer loop
      vertex 60.9201 60.7144 23.3
      vertex 60.8024 61.2618 23.3
      vertex 60.8613 60.7023 23.3
    endloop
  endfacet
  facet normal -0 0 1
    outer loop
      vertex 60.7325 61.2483 23.3
      vertex 60.8613 60.7023 23.3
      vertex 60.8024 61.2618 23.3
    endloop
  endfacet
  facet normal 0 0 1
    outer loop
      vertex 60.8613 60.7023 23.3
      vertex 60.7325 61.2483 23.3
      vertex 60.8024 60.6884 23.3
    endloop
  endfacet
  facet normal -0 0 1
    outer loop
      vertex 60.6624 61.2333 23.3
      vertex 60.8024 60.6884 23.3
      vertex 60.7325 61.2483 23.3
    endloop
  endfacet
  facet normal 0 0 1
    outer loop
      vertex 60.8024 60.6884 23.3
      vertex 60.6624 61.2333 23.3
      vertex 60.7437 60.6727 23.3
    endloop
  endfacet
  facet normal -0 0 1
    outer loop
      vertex 60.5922 61.217 23.3
      vertex 60.7437 60.6727 23.3
      vertex 60.6624 61.2333 23.3
    endloop
  endfacet
  facet normal 0 0 1
    outer loop
      vertex 60.7437 60.6727 23.3
      vertex 60.5922 61.217 23.3
      vertex 60.685 60.6553 23.3
    endloop
  endfacet
  facet normal -0 0 1
    outer loop
      vertex 60.5218 61.1992 23.3
      vertex 60.685 60.6553 23.3
      vertex 60.5922 61.217 23.3
    endloop
  endfacet
  facet normal 0 0 1
    outer loop
      vertex 60.685 60.6553 23.3
      vertex 60.5218 61.1992 23.3
      vertex 60.6264 60.636 23.3
    endloop
  endfacet
  facet normal -0 0 1
    outer loop
      vertex 60.4512 61.1801 23.3
      vertex 60.6264 60.636 23.3
      vertex 60.5218 61.1992 23.3
    endloop
  endfacet
  facet normal 0 0 1
    outer loop
      vertex 60.6264 60.636 23.3
      vertex 60.4512 61.1801 23.3
      vertex 60.5679 60.615 23.3
    endloop
  endfacet
  facet normal 0 0 1
    outer loop
      vertex 60.5679 60.615 23.3
      vertex 60.4512 61.1801 23.3
      vertex 60.5095 60.5922 23.3
    endloop
  endfacet
  facet normal 0 0 1
    outer loop
      vertex 60.5095 60.5922 23.3
      vertex 60.4512 61.1801 23.3
      vertex 60.4512 60.5677 23.3
    endloop
  endfacet
  facet normal 0 0 1
    outer loop
      vertex 62.4825 58.2838 23.3
      vertex 61.8604 58.758 23.3
      vertex 62.3846 58.2074 23.3
    endloop
  endfacet
  facet normal -0 0 1
    outer loop
      vertex 61.8279 58.7149 23.3
      vertex 62.3846 58.2074 23.3
      vertex 61.8604 58.758 23.3
    endloop
  endfacet
  facet normal 0 0 1
    outer loop
      vertex 62.3846 58.2074 23.3
      vertex 61.8279 58.7149 23.3
      vertex 62.2723 58.1409 23.3
    endloop
  endfacet
  facet normal 0 0 1
    outer loop
      vertex 62.2723 58.1409 23.3
      vertex 61.8279 58.7149 23.3
      vertex 62.1462 58.0845 23.3
    endloop
  endfacet
  facet normal -0 0 1
    outer loop
      vertex 61.7882 58.6759 23.3
      vertex 62.1462 58.0845 23.3
      vertex 61.8279 58.7149 23.3
    endloop
  endfacet
  facet normal 0 0 1
    outer loop
      vertex 62.1462 58.0845 23.3
      vertex 61.7882 58.6759 23.3
      vertex 62.0063 58.0384 23.3
    endloop
  endfacet
  facet normal -0 0 1
    outer loop
      vertex 61.7412 58.641 23.3
      vertex 62.0063 58.0384 23.3
      vertex 61.7882 58.6759 23.3
    endloop
  endfacet
  facet normal -0 0 1
    outer loop
      vertex 61.6876 58.6105 23.3
      vertex 62.0063 58.0384 23.3
      vertex 61.7412 58.641 23.3
    endloop
  endfacet
  facet normal 0 0 1
    outer loop
      vertex 62.0063 58.0384 23.3
      vertex 61.6876 58.6105 23.3
      vertex 61.8525 58.0026 23.3
    endloop
  endfacet
  facet normal -0 0 1
    outer loop
      vertex 61.6275 58.5846 23.3
      vertex 61.8525 58.0026 23.3
      vertex 61.6876 58.6105 23.3
    endloop
  endfacet
  facet normal 0 0 1
    outer loop
      vertex 61.8525 58.0026 23.3
      vertex 61.6275 58.5846 23.3
      vertex 61.6849 57.977 23.3
    endloop
  endfacet
  facet normal -0 0 1
    outer loop
      vertex 61.5612 58.5635 23.3
      vertex 61.6849 57.977 23.3
      vertex 61.6275 58.5846 23.3
    endloop
  endfacet
  facet normal -0 0 1
    outer loop
      vertex 61.4885 58.547 23.3
      vertex 61.6849 57.977 23.3
      vertex 61.5612 58.5635 23.3
    endloop
  endfacet
  facet normal 0 0 1
    outer loop
      vertex 61.6849 57.977 23.3
      vertex 61.4885 58.547 23.3
      vertex 61.5035 57.9616 23.3
    endloop
  endfacet
  facet normal -0 0 1
    outer loop
      vertex 61.4094 58.5353 23.3
      vertex 61.5035 57.9616 23.3
      vertex 61.4885 58.547 23.3
    endloop
  endfacet
  facet normal 0 0 1
    outer loop
      vertex 61.3083 57.9565 23.3
      vertex 61.4094 58.5353 23.3
      vertex 61.3241 58.5282 23.3
    endloop
  endfacet
  facet normal 0 0 1
    outer loop
      vertex 61.4094 58.5353 23.3
      vertex 61.3083 57.9565 23.3
      vertex 61.5035 57.9616 23.3
    endloop
  endfacet
  facet normal -0 0 1
    outer loop
      vertex 61.2324 58.5259 23.3
      vertex 61.3083 57.9565 23.3
      vertex 61.3241 58.5282 23.3
    endloop
  endfacet
  facet normal 0 0 1
    outer loop
      vertex 61.3083 57.9565 23.3
      vertex 61.2324 58.5259 23.3
      vertex 61.237 57.9573 23.3
    endloop
  endfacet
  facet normal 0 0 1
    outer loop
      vertex 61.1656 57.9598 23.3
      vertex 61.2324 58.5259 23.3
      vertex 61.1684 58.5271 23.3
    endloop
  endfacet
  facet normal 0 0 1
    outer loop
      vertex 61.2324 58.5259 23.3
      vertex 61.1656 57.9598 23.3
      vertex 61.237 57.9573 23.3
    endloop
  endfacet
  facet normal 0 0 1
    outer loop
      vertex 61.0942 57.964 23.3
      vertex 61.1684 58.5271 23.3
      vertex 61.1041 58.5308 23.3
    endloop
  endfacet
  facet normal 0 0 1
    outer loop
      vertex 61.1684 58.5271 23.3
      vertex 61.0942 57.964 23.3
      vertex 61.1656 57.9598 23.3
    endloop
  endfacet
  facet normal 0 0 1
    outer loop
      vertex 61.0228 57.9697 23.3
      vertex 61.1041 58.5308 23.3
      vertex 61.0394 58.5369 23.3
    endloop
  endfacet
  facet normal 0 0 1
    outer loop
      vertex 61.1041 58.5308 23.3
      vertex 61.0228 57.9697 23.3
      vertex 61.0942 57.964 23.3
    endloop
  endfacet
  facet normal 0 0 1
    outer loop
      vertex 60.9513 57.9771 23.3
      vertex 61.0394 58.5369 23.3
      vertex 60.9745 58.5454 23.3
    endloop
  endfacet
  facet normal 0 0 1
    outer loop
      vertex 61.0394 58.5369 23.3
      vertex 60.9513 57.9771 23.3
      vertex 61.0228 57.9697 23.3
    endloop
  endfacet
  facet normal 0 0 1
    outer loop
      vertex 60.8797 57.9862 23.3
      vertex 60.9745 58.5454 23.3
      vertex 60.9092 58.5564 23.3
    endloop
  endfacet
  facet normal 0 0 1
    outer loop
      vertex 60.9745 58.5454 23.3
      vertex 60.8797 57.9862 23.3
      vertex 60.9513 57.9771 23.3
    endloop
  endfacet
  facet normal 0 0 1
    outer loop
      vertex 60.8081 57.997 23.3
      vertex 60.9092 58.5564 23.3
      vertex 60.8437 58.5699 23.3
    endloop
  endfacet
  facet normal 0 0 1
    outer loop
      vertex 60.9092 58.5564 23.3
      vertex 60.8081 57.997 23.3
      vertex 60.8797 57.9862 23.3
    endloop
  endfacet
  facet normal 0 0 1
    outer loop
      vertex 60.6654 58.0234 23.3
      vertex 60.8437 58.5699 23.3
      vertex 60.7778 58.5858 23.3
    endloop
  endfacet
  facet normal 0 0 1
    outer loop
      vertex 60.8437 58.5699 23.3
      vertex 60.7366 58.0093 23.3
      vertex 60.8081 57.997 23.3
    endloop
  endfacet
  facet normal 0 0 1
    outer loop
      vertex 60.5943 58.0391 23.3
      vertex 60.7778 58.5858 23.3
      vertex 60.7117 58.6041 23.3
    endloop
  endfacet
  facet normal 0 0 1
    outer loop
      vertex 60.8437 58.5699 23.3
      vertex 60.6654 58.0234 23.3
      vertex 60.7366 58.0093 23.3
    endloop
  endfacet
  facet normal 0 0 1
    outer loop
      vertex 60.5235 58.0564 23.3
      vertex 60.7117 58.6041 23.3
      vertex 60.6455 58.6248 23.3
    endloop
  endfacet
  facet normal 0 0 1
    outer loop
      vertex 60.7778 58.5858 23.3
      vertex 60.5943 58.0391 23.3
      vertex 60.6654 58.0234 23.3
    endloop
  endfacet
  facet normal 0 0 1
    outer loop
      vertex 60.4529 58.0754 23.3
      vertex 60.6455 58.6248 23.3
      vertex 60.5791 58.6478 23.3
    endloop
  endfacet
  facet normal 0 0 1
    outer loop
      vertex 60.7117 58.6041 23.3
      vertex 60.5235 58.0564 23.3
      vertex 60.5943 58.0391 23.3
    endloop
  endfacet
  facet normal 0 0 1
    outer loop
      vertex 60.3825 58.096 23.3
      vertex 60.5791 58.6478 23.3
      vertex 60.5126 58.6732 23.3
    endloop
  endfacet
  facet normal 0 0 1
    outer loop
      vertex 60.6455 58.6248 23.3
      vertex 60.4529 58.0754 23.3
      vertex 60.5235 58.0564 23.3
    endloop
  endfacet
  facet normal 0 0 1
    outer loop
      vertex 60.3123 58.1183 23.3
      vertex 60.5126 58.6732 23.3
      vertex 60.446 58.7009 23.3
    endloop
  endfacet
  facet normal 0 0 1
    outer loop
      vertex 60.5791 58.6478 23.3
      vertex 60.3825 58.096 23.3
      vertex 60.4529 58.0754 23.3
    endloop
  endfacet
  facet normal 0 0 1
    outer loop
      vertex 60.3123 58.1183 23.3
      vertex 60.446 58.7009 23.3
      vertex 60.3792 58.731 23.3
    endloop
  endfacet
  facet normal 0 0 1
    outer loop
      vertex 60.3123 58.1183 23.3
      vertex 60.3792 58.731 23.3
      vertex 60.3123 58.7634 23.3
    endloop
  endfacet
  facet normal 0 0 1
    outer loop
      vertex 60.5126 58.6732 23.3
      vertex 60.3123 58.1183 23.3
      vertex 60.3825 58.096 23.3
    endloop
  endfacet
  facet normal 0 0 1
    outer loop
      vertex 62.5313 59.5313 23.3
      vertex 61.8848 59.1413 23.3
      vertex 61.9033 59.089 23.3
    endloop
  endfacet
  facet normal 0 0 1
    outer loop
      vertex 62.166 59.7916 23.3
      vertex 61.7918 60.1614 23.3
      vertex 62.0852 59.7683 23.3
    endloop
  endfacet
  facet normal 0 0 1
    outer loop
      vertex 62.4083 59.6307 23.3
      vertex 61.8589 59.1893 23.3
      vertex 61.8848 59.1413 23.3
    endloop
  endfacet
  facet normal -0 0 1
    outer loop
      vertex 61.7635 60.1227 23.3
      vertex 62.0852 59.7683 23.3
      vertex 61.7918 60.1614 23.3
    endloop
  endfacet
  facet normal 0 0 1
    outer loop
      vertex 62.2596 59.7097 23.3
      vertex 61.8257 59.2328 23.3
      vertex 61.8589 59.1893 23.3
    endloop
  endfacet
  facet normal -0 0 1
    outer loop
      vertex 61.729 60.0883 23.3
      vertex 62.0852 59.7683 23.3
      vertex 61.7635 60.1227 23.3
    endloop
  endfacet
  facet normal 0 0 1
    outer loop
      vertex 62.0852 59.7683 23.3
      vertex 61.785 59.272 23.3
      vertex 61.8257 59.2328 23.3
    endloop
  endfacet
  facet normal -0 0 1
    outer loop
      vertex 61.6881 60.058 23.3
      vertex 62.0852 59.7683 23.3
      vertex 61.729 60.0883 23.3
    endloop
  endfacet
  facet normal 0 0 1
    outer loop
      vertex 62.0852 59.7683 23.3
      vertex 61.7369 59.3068 23.3
      vertex 61.785 59.272 23.3
    endloop
  endfacet
  facet normal -0 0 1
    outer loop
      vertex 61.6408 60.0319 23.3
      vertex 62.0852 59.7683 23.3
      vertex 61.6881 60.058 23.3
    endloop
  endfacet
  facet normal 0 0 1
    outer loop
      vertex 62.0852 59.7683 23.3
      vertex 61.6816 59.337 23.3
      vertex 61.7369 59.3068 23.3
    endloop
  endfacet
  facet normal -0 0 1
    outer loop
      vertex 61.5869 60.0097 23.3
      vertex 62.0852 59.7683 23.3
      vertex 61.6408 60.0319 23.3
    endloop
  endfacet
  facet normal 0 0 1
    outer loop
      vertex 62.0852 59.7683 23.3
      vertex 61.6193 59.3626 23.3
      vertex 61.6816 59.337 23.3
    endloop
  endfacet
  facet normal 0 0 1
    outer loop
      vertex 62.0852 59.7683 23.3
      vertex 61.5869 60.0097 23.3
      vertex 61.6193 59.3626 23.3
    endloop
  endfacet
  facet normal 0 0 1
    outer loop
      vertex 61.5869 60.0097 23.3
      vertex 61.5499 59.3836 23.3
      vertex 61.6193 59.3626 23.3
    endloop
  endfacet
  facet normal -0 0 1
    outer loop
      vertex 61.5265 59.9916 23.3
      vertex 61.5499 59.3836 23.3
      vertex 61.5869 60.0097 23.3
    endloop
  endfacet
  facet normal 0 0 1
    outer loop
      vertex 61.5265 59.9916 23.3
      vertex 61.4735 59.3999 23.3
      vertex 61.5499 59.3836 23.3
    endloop
  endfacet
  facet normal -0 0 1
    outer loop
      vertex 61.4596 59.9775 23.3
      vertex 61.4735 59.3999 23.3
      vertex 61.5265 59.9916 23.3
    endloop
  endfacet
  facet normal 0 0 1
    outer loop
      vertex 61.4596 59.9775 23.3
      vertex 61.3901 59.4115 23.3
      vertex 61.4735 59.3999 23.3
    endloop
  endfacet
  facet normal -0 0 1
    outer loop
      vertex 61.3861 59.9675 23.3
      vertex 61.3901 59.4115 23.3
      vertex 61.4596 59.9775 23.3
    endloop
  endfacet
  facet normal -0 0 1
    outer loop
      vertex 61.306 59.9615 23.3
      vertex 61.3901 59.4115 23.3
      vertex 61.3861 59.9675 23.3
    endloop
  endfacet
  facet normal 0 0 1
    outer loop
      vertex 61.306 59.9615 23.3
      vertex 61.2995 59.4185 23.3
      vertex 61.3901 59.4115 23.3
    endloop
  endfacet
  facet normal -0 0 1
    outer loop
      vertex 61.2194 59.9594 23.3
      vertex 61.2995 59.4185 23.3
      vertex 61.306 59.9615 23.3
    endloop
  endfacet
  facet normal 0 0 1
    outer loop
      vertex 61.2194 59.9594 23.3
      vertex 61.202 59.4208 23.3
      vertex 61.2995 59.4185 23.3
    endloop
  endfacet
  facet normal -0 0 1
    outer loop
      vertex 60.8678 59.9594 23.3
      vertex 61.202 59.4208 23.3
      vertex 61.2194 59.9594 23.3
    endloop
  endfacet
  facet normal 0 0 1
    outer loop
      vertex 61.202 59.4208 23.3
      vertex 60.8678 59.9594 23.3
      vertex 60.8678 59.4208 23.3
    endloop
  endfacet
  facet normal 0.084591 -0.996416 0
    outer loop
      vertex 61.5035 57.9616 22.92
      vertex 61.6849 57.977 23.3
      vertex 61.5035 57.9616 23.3
    endloop
  endfacet
  facet normal 0.084591 -0.996416 0
    outer loop
      vertex 61.6849 57.977 23.3
      vertex 61.5035 57.9616 22.92
      vertex 61.6849 57.977 22.92
    endloop
  endfacet
  facet normal 0.150993 -0.988535 0
    outer loop
      vertex 61.6849 57.977 22.92
      vertex 61.8525 58.0026 23.3
      vertex 61.6849 57.977 23.3
    endloop
  endfacet
  facet normal 0.150993 -0.988535 0
    outer loop
      vertex 61.8525 58.0026 23.3
      vertex 61.6849 57.977 22.92
      vertex 61.8525 58.0026 22.92
    endloop
  endfacet
  facet normal 0.226709 -0.973963 0
    outer loop
      vertex 61.8525 58.0026 22.92
      vertex 62.0063 58.0384 23.3
      vertex 61.8525 58.0026 23.3
    endloop
  endfacet
  facet normal 0.226709 -0.973963 0
    outer loop
      vertex 62.0063 58.0384 23.3
      vertex 61.8525 58.0026 22.92
      vertex 62.0063 58.0384 22.92
    endloop
  endfacet
  facet normal 0.312967 -0.949764 0
    outer loop
      vertex 62.0063 58.0384 22.92
      vertex 62.1462 58.0845 23.3
      vertex 62.0063 58.0384 23.3
    endloop
  endfacet
  facet normal 0.312967 -0.949764 0
    outer loop
      vertex 62.1462 58.0845 23.3
      vertex 62.0063 58.0384 22.92
      vertex 62.1462 58.0845 22.92
    endloop
  endfacet
  facet normal 0.408287 -0.912854 0
    outer loop
      vertex 62.1462 58.0845 22.92
      vertex 62.2723 58.1409 23.3
      vertex 62.1462 58.0845 23.3
    endloop
  endfacet
  facet normal 0.408287 -0.912854 0
    outer loop
      vertex 62.2723 58.1409 23.3
      vertex 62.1462 58.0845 22.92
      vertex 62.2723 58.1409 22.92
    endloop
  endfacet
  facet normal 0.509529 -0.860453 0
    outer loop
      vertex 62.2723 58.1409 22.92
      vertex 62.3846 58.2074 23.3
      vertex 62.2723 58.1409 23.3
    endloop
  endfacet
  facet normal 0.509529 -0.860453 0
    outer loop
      vertex 62.3846 58.2074 23.3
      vertex 62.2723 58.1409 22.92
      vertex 62.3846 58.2074 22.92
    endloop
  endfacet
  facet normal 0.615222 -0.788354 0
    outer loop
      vertex 62.3846 58.2074 22.92
      vertex 62.4825 58.2838 23.3
      vertex 62.3846 58.2074 23.3
    endloop
  endfacet
  facet normal 0.615222 -0.788354 0
    outer loop
      vertex 62.4825 58.2838 23.3
      vertex 62.3846 58.2074 22.92
      vertex 62.4825 58.2838 22.92
    endloop
  endfacet
  facet normal 0.719979 -0.693996 0
    outer loop
      vertex 62.4825 58.2838 23.3
      vertex 62.5653 58.3697 22.92
      vertex 62.5653 58.3697 23.3
    endloop
  endfacet
  facet normal 0.719979 -0.693996 0
    outer loop
      vertex 62.5653 58.3697 22.92
      vertex 62.4825 58.2838 23.3
      vertex 62.4825 58.2838 22.92
    endloop
  endfacet
  facet normal 0.81483 -0.5797 0
    outer loop
      vertex 62.5653 58.3697 23.3
      vertex 62.6331 58.465 22.92
      vertex 62.6331 58.465 23.3
    endloop
  endfacet
  facet normal 0.81483 -0.5797 0
    outer loop
      vertex 62.6331 58.465 22.92
      vertex 62.5653 58.3697 23.3
      vertex 62.5653 58.3697 22.92
    endloop
  endfacet
  facet normal 0.89323 -0.449601 0
    outer loop
      vertex 62.6331 58.465 23.3
      vertex 62.6858 58.5697 22.92
      vertex 62.6858 58.5697 23.3
    endloop
  endfacet
  facet normal 0.89323 -0.449601 0
    outer loop
      vertex 62.6858 58.5697 22.92
      vertex 62.6331 58.465 23.3
      vertex 62.6331 58.465 22.92
    endloop
  endfacet
  facet normal 0.949841 -0.312732 0
    outer loop
      vertex 62.6858 58.5697 23.3
      vertex 62.7234 58.6839 22.92
      vertex 62.7234 58.6839 23.3
    endloop
  endfacet
  facet normal 0.949841 -0.312732 0
    outer loop
      vertex 62.7234 58.6839 22.92
      vertex 62.6858 58.5697 23.3
      vertex 62.6858 58.5697 22.92
    endloop
  endfacet
  facet normal 0.983691 -0.179866 0
    outer loop
      vertex 62.7234 58.6839 23.3
      vertex 62.746 58.8075 22.92
      vertex 62.746 58.8075 23.3
    endloop
  endfacet
  facet normal 0.983691 -0.179866 0
    outer loop
      vertex 62.746 58.8075 22.92
      vertex 62.7234 58.6839 23.3
      vertex 62.7234 58.6839 22.92
    endloop
  endfacet
  facet normal 0.998416 -0.0562594 0
    outer loop
      vertex 62.746 58.8075 23.3
      vertex 62.7535 58.9406 22.92
      vertex 62.7535 58.9406 23.3
    endloop
  endfacet
  facet normal 0.998416 -0.0562594 0
    outer loop
      vertex 62.7535 58.9406 22.92
      vertex 62.746 58.8075 23.3
      vertex 62.746 58.8075 22.92
    endloop
  endfacet
  facet normal 0.99929 0.0376673 0
    outer loop
      vertex 62.7535 58.9406 23.3
      vertex 62.7501 59.0308 22.92
      vertex 62.7501 59.0308 23.3
    endloop
  endfacet
  facet normal 0.99929 0.0376673 0
    outer loop
      vertex 62.7501 59.0308 22.92
      vertex 62.7535 58.9406 23.3
      vertex 62.7535 58.9406 22.92
    endloop
  endfacet
  facet normal 0.992543 0.121891 0
    outer loop
      vertex 62.7501 59.0308 23.3
      vertex 62.7396 59.1163 22.92
      vertex 62.7396 59.1163 23.3
    endloop
  endfacet
  facet normal 0.992543 0.121891 0
    outer loop
      vertex 62.7396 59.1163 22.92
      vertex 62.7501 59.0308 23.3
      vertex 62.7501 59.0308 22.92
    endloop
  endfacet
  facet normal 0.977838 0.209364 0
    outer loop
      vertex 62.7396 59.1163 23.3
      vertex 62.7223 59.1971 22.92
      vertex 62.7223 59.1971 23.3
    endloop
  endfacet
  facet normal 0.977838 0.209364 0
    outer loop
      vertex 62.7223 59.1971 22.92
      vertex 62.7396 59.1163 23.3
      vertex 62.7396 59.1163 22.92
    endloop
  endfacet
  facet normal 0.952366 0.304957 0
    outer loop
      vertex 62.7223 59.1971 23.3
      vertex 62.6979 59.2733 22.92
      vertex 62.6979 59.2733 23.3
    endloop
  endfacet
  facet normal 0.952366 0.304957 0
    outer loop
      vertex 62.6979 59.2733 22.92
      vertex 62.7223 59.1971 23.3
      vertex 62.7223 59.1971 22.92
    endloop
  endfacet
  facet normal 0.916275 0.40055 0
    outer loop
      vertex 62.6979 59.2733 23.3
      vertex 62.6666 59.3449 22.92
      vertex 62.6666 59.3449 23.3
    endloop
  endfacet
  facet normal 0.916275 0.40055 0
    outer loop
      vertex 62.6666 59.3449 22.92
      vertex 62.6979 59.2733 23.3
      vertex 62.6979 59.2733 22.92
    endloop
  endfacet
  facet normal 0.868083 0.496419 0
    outer loop
      vertex 62.6666 59.3449 23.3
      vertex 62.6284 59.4117 22.92
      vertex 62.6284 59.4117 23.3
    endloop
  endfacet
  facet normal 0.868083 0.496419 0
    outer loop
      vertex 62.6284 59.4117 22.92
      vertex 62.6666 59.3449 23.3
      vertex 62.6666 59.3449 22.92
    endloop
  endfacet
  facet normal 0.80941 0.587244 0
    outer loop
      vertex 62.6284 59.4117 23.3
      vertex 62.5832 59.474 22.92
      vertex 62.5832 59.474 23.3
    endloop
  endfacet
  facet normal 0.80941 0.587244 0
    outer loop
      vertex 62.5832 59.474 22.92
      vertex 62.6284 59.4117 23.3
      vertex 62.6284 59.4117 22.92
    endloop
  endfacet
  facet normal 0.741168 0.67132 0
    outer loop
      vertex 62.5832 59.474 23.3
      vertex 62.5313 59.5313 22.92
      vertex 62.5313 59.5313 23.3
    endloop
  endfacet
  facet normal 0.741168 0.67132 0
    outer loop
      vertex 62.5313 59.5313 22.92
      vertex 62.5832 59.474 23.3
      vertex 62.5832 59.474 22.92
    endloop
  endfacet
  facet normal 0.667056 0.745007 -0
    outer loop
      vertex 62.5313 59.5313 22.92
      vertex 62.473 59.5835 23.3
      vertex 62.5313 59.5313 23.3
    endloop
  endfacet
  facet normal 0.667056 0.745007 0
    outer loop
      vertex 62.473 59.5835 23.3
      vertex 62.5313 59.5313 22.92
      vertex 62.473 59.5835 22.92
    endloop
  endfacet
  facet normal 0.589359 0.807871 -0
    outer loop
      vertex 62.473 59.5835 22.92
      vertex 62.4083 59.6307 23.3
      vertex 62.473 59.5835 23.3
    endloop
  endfacet
  facet normal 0.589359 0.807871 0
    outer loop
      vertex 62.4083 59.6307 23.3
      vertex 62.473 59.5835 22.92
      vertex 62.4083 59.6307 22.92
    endloop
  endfacet
  facet normal 0.508607 0.860999 -0
    outer loop
      vertex 62.4083 59.6307 22.92
      vertex 62.3372 59.6727 23.3
      vertex 62.4083 59.6307 23.3
    endloop
  endfacet
  facet normal 0.508607 0.860999 0
    outer loop
      vertex 62.3372 59.6727 23.3
      vertex 62.4083 59.6307 22.92
      vertex 62.3372 59.6727 22.92
    endloop
  endfacet
  facet normal 0.430385 0.902645 -0
    outer loop
      vertex 62.3372 59.6727 22.92
      vertex 62.2596 59.7097 23.3
      vertex 62.3372 59.6727 23.3
    endloop
  endfacet
  facet normal 0.430385 0.902645 0
    outer loop
      vertex 62.2596 59.7097 23.3
      vertex 62.3372 59.6727 22.92
      vertex 62.2596 59.7097 22.92
    endloop
  endfacet
  facet normal 0.355023 0.934857 -0
    outer loop
      vertex 62.2596 59.7097 22.92
      vertex 62.1756 59.7416 23.3
      vertex 62.2596 59.7097 23.3
    endloop
  endfacet
  facet normal 0.355023 0.934857 0
    outer loop
      vertex 62.1756 59.7416 23.3
      vertex 62.2596 59.7097 22.92
      vertex 62.1756 59.7416 22.92
    endloop
  endfacet
  facet normal 0.283257 0.959044 -0
    outer loop
      vertex 62.1756 59.7416 22.92
      vertex 62.0852 59.7683 23.3
      vertex 62.1756 59.7416 23.3
    endloop
  endfacet
  facet normal 0.283257 0.959044 0
    outer loop
      vertex 62.0852 59.7683 23.3
      vertex 62.1756 59.7416 22.92
      vertex 62.0852 59.7683 22.92
    endloop
  endfacet
  facet normal 0.277076 -0.960848 0
    outer loop
      vertex 62.0852 59.7683 22.92
      vertex 62.166 59.7916 23.3
      vertex 62.0852 59.7683 23.3
    endloop
  endfacet
  facet normal 0.277076 -0.960848 0
    outer loop
      vertex 62.166 59.7916 23.3
      vertex 62.0852 59.7683 22.92
      vertex 62.166 59.7916 22.92
    endloop
  endfacet
  facet normal 0.345763 -0.938322 0
    outer loop
      vertex 62.166 59.7916 22.92
      vertex 62.2409 59.8192 23.3
      vertex 62.166 59.7916 23.3
    endloop
  endfacet
  facet normal 0.345763 -0.938322 0
    outer loop
      vertex 62.2409 59.8192 23.3
      vertex 62.166 59.7916 22.92
      vertex 62.2409 59.8192 22.92
    endloop
  endfacet
  facet normal 0.420224 -0.907421 0
    outer loop
      vertex 62.2409 59.8192 22.92
      vertex 62.31 59.8512 23.3
      vertex 62.2409 59.8192 23.3
    endloop
  endfacet
  facet normal 0.420224 -0.907421 0
    outer loop
      vertex 62.31 59.8512 23.3
      vertex 62.2409 59.8192 22.92
      vertex 62.31 59.8512 22.92
    endloop
  endfacet
  facet normal 0.500118 -0.865957 0
    outer loop
      vertex 62.31 59.8512 22.92
      vertex 62.3732 59.8877 23.3
      vertex 62.31 59.8512 23.3
    endloop
  endfacet
  facet normal 0.500118 -0.865957 0
    outer loop
      vertex 62.3732 59.8877 23.3
      vertex 62.31 59.8512 22.92
      vertex 62.3732 59.8877 22.92
    endloop
  endfacet
  facet normal 0.579356 -0.815075 0
    outer loop
      vertex 62.3732 59.8877 22.92
      vertex 62.4306 59.9285 23.3
      vertex 62.3732 59.8877 23.3
    endloop
  endfacet
  facet normal 0.579356 -0.815075 0
    outer loop
      vertex 62.4306 59.9285 23.3
      vertex 62.3732 59.8877 22.92
      vertex 62.4306 59.9285 22.92
    endloop
  endfacet
  facet normal 0.658091 -0.752938 0
    outer loop
      vertex 62.4306 59.9285 22.92
      vertex 62.4822 59.9736 23.3
      vertex 62.4306 59.9285 23.3
    endloop
  endfacet
  facet normal 0.658091 -0.752938 0
    outer loop
      vertex 62.4822 59.9736 23.3
      vertex 62.4306 59.9285 22.92
      vertex 62.4822 59.9736 22.92
    endloop
  endfacet
  facet normal 0.735428 -0.677602 0
    outer loop
      vertex 62.4822 59.9736 23.3
      vertex 62.5279 60.0232 22.92
      vertex 62.5279 60.0232 23.3
    endloop
  endfacet
  facet normal 0.735428 -0.677602 0
    outer loop
      vertex 62.5279 60.0232 22.92
      vertex 62.4822 59.9736 23.3
      vertex 62.4822 59.9736 22.92
    endloop
  endfacet
  facet normal 0.804642 -0.59376 0
    outer loop
      vertex 62.5279 60.0232 23.3
      vertex 62.5676 60.077 22.92
      vertex 62.5676 60.077 23.3
    endloop
  endfacet
  facet normal 0.804642 -0.59376 0
    outer loop
      vertex 62.5676 60.077 22.92
      vertex 62.5279 60.0232 23.3
      vertex 62.5279 60.0232 22.92
    endloop
  endfacet
  facet normal 0.865664 -0.500625 0
    outer loop
      vertex 62.5676 60.077 23.3
      vertex 62.6012 60.1351 22.92
      vertex 62.6012 60.1351 23.3
    endloop
  endfacet
  facet normal 0.865664 -0.500625 0
    outer loop
      vertex 62.6012 60.1351 22.92
      vertex 62.5676 60.077 23.3
      vertex 62.5676 60.077 22.92
    endloop
  endfacet
  facet normal 0.914838 -0.403821 0
    outer loop
      vertex 62.6012 60.1351 23.3
      vertex 62.6287 60.1974 22.92
      vertex 62.6287 60.1974 23.3
    endloop
  endfacet
  facet normal 0.914838 -0.403821 0
    outer loop
      vertex 62.6287 60.1974 22.92
      vertex 62.6012 60.1351 23.3
      vertex 62.6012 60.1351 22.92
    endloop
  endfacet
  facet normal 0.951924 -0.306334 0
    outer loop
      vertex 62.6287 60.1974 23.3
      vertex 62.6501 60.2639 22.92
      vertex 62.6501 60.2639 23.3
    endloop
  endfacet
  facet normal 0.951924 -0.306334 0
    outer loop
      vertex 62.6501 60.2639 22.92
      vertex 62.6287 60.1974 23.3
      vertex 62.6287 60.1974 22.92
    endloop
  endfacet
  facet normal 0.977314 -0.211797 0
    outer loop
      vertex 62.6501 60.2639 23.3
      vertex 62.6654 60.3345 22.92
      vertex 62.6654 60.3345 23.3
    endloop
  endfacet
  facet normal 0.977314 -0.211797 0
    outer loop
      vertex 62.6654 60.3345 22.92
      vertex 62.6501 60.2639 23.3
      vertex 62.6501 60.2639 22.92
    endloop
  endfacet
  facet normal 0.992541 -0.121914 0
    outer loop
      vertex 62.6654 60.3345 23.3
      vertex 62.6746 60.4094 22.92
      vertex 62.6746 60.4094 23.3
    endloop
  endfacet
  facet normal 0.992541 -0.121914 0
    outer loop
      vertex 62.6746 60.4094 22.92
      vertex 62.6654 60.3345 23.3
      vertex 62.6654 60.3345 22.92
    endloop
  endfacet
  facet normal 0.999282 -0.0378994 0
    outer loop
      vertex 62.6746 60.4094 23.3
      vertex 62.6776 60.4885 22.92
      vertex 62.6776 60.4885 23.3
    endloop
  endfacet
  facet normal 0.999282 -0.0378994 0
    outer loop
      vertex 62.6776 60.4885 22.92
      vertex 62.6746 60.4094 23.3
      vertex 62.6746 60.4094 22.92
    endloop
  endfacet
  facet normal 0.998447 0.0557111 0
    outer loop
      vertex 62.6776 60.4885 23.3
      vertex 62.6712 60.6032 22.92
      vertex 62.6712 60.6032 23.3
    endloop
  endfacet
  facet normal 0.998447 0.0557111 0
    outer loop
      vertex 62.6712 60.6032 22.92
      vertex 62.6776 60.4885 23.3
      vertex 62.6776 60.4885 22.92
    endloop
  endfacet
  facet normal 0.984047 0.177907 0
    outer loop
      vertex 62.6712 60.6032 23.3
      vertex 62.652 60.7094 22.92
      vertex 62.652 60.7094 23.3
    endloop
  endfacet
  facet normal 0.984047 0.177907 0
    outer loop
      vertex 62.652 60.7094 22.92
      vertex 62.6712 60.6032 23.3
      vertex 62.6712 60.6032 22.92
    endloop
  endfacet
  facet normal 0.95023 0.311551 0
    outer loop
      vertex 62.652 60.7094 23.3
      vertex 62.62 60.807 22.92
      vertex 62.62 60.807 23.3
    endloop
  endfacet
  facet normal 0.95023 0.311551 0
    outer loop
      vertex 62.62 60.807 22.92
      vertex 62.652 60.7094 23.3
      vertex 62.652 60.7094 22.92
    endloop
  endfacet
  facet normal 0.893422 0.449218 0
    outer loop
      vertex 62.62 60.807 23.3
      vertex 62.5752 60.8961 22.92
      vertex 62.5752 60.8961 23.3
    endloop
  endfacet
  facet normal 0.893422 0.449218 0
    outer loop
      vertex 62.5752 60.8961 22.92
      vertex 62.62 60.807 23.3
      vertex 62.62 60.807 22.92
    endloop
  endfacet
  facet normal 0.813597 0.581429 0
    outer loop
      vertex 62.5752 60.8961 23.3
      vertex 62.5176 60.9767 22.92
      vertex 62.5176 60.9767 23.3
    endloop
  endfacet
  facet normal 0.813597 0.581429 0
    outer loop
      vertex 62.5176 60.9767 22.92
      vertex 62.5752 60.8961 23.3
      vertex 62.5752 60.8961 22.92
    endloop
  endfacet
  facet normal 0.715007 0.699118 0
    outer loop
      vertex 62.5176 60.9767 23.3
      vertex 62.4472 61.0487 22.92
      vertex 62.4472 61.0487 23.3
    endloop
  endfacet
  facet normal 0.715007 0.699118 0
    outer loop
      vertex 62.4472 61.0487 22.92
      vertex 62.5176 60.9767 23.3
      vertex 62.5176 60.9767 22.92
    endloop
  endfacet
  facet normal 0.606101 0.795388 -0
    outer loop
      vertex 62.4472 61.0487 22.92
      vertex 62.364 61.1121 23.3
      vertex 62.4472 61.0487 23.3
    endloop
  endfacet
  facet normal 0.606101 0.795388 0
    outer loop
      vertex 62.364 61.1121 23.3
      vertex 62.4472 61.0487 22.92
      vertex 62.364 61.1121 22.92
    endloop
  endfacet
  facet normal 0.497112 0.867686 -0
    outer loop
      vertex 62.364 61.1121 22.92
      vertex 62.268 61.1671 23.3
      vertex 62.364 61.1121 23.3
    endloop
  endfacet
  facet normal 0.497112 0.867686 0
    outer loop
      vertex 62.268 61.1671 23.3
      vertex 62.364 61.1121 22.92
      vertex 62.268 61.1671 22.92
    endloop
  endfacet
  facet normal 0.392087 0.919928 -0
    outer loop
      vertex 62.268 61.1671 22.92
      vertex 62.1589 61.2136 23.3
      vertex 62.268 61.1671 23.3
    endloop
  endfacet
  facet normal 0.392087 0.919928 0
    outer loop
      vertex 62.1589 61.2136 23.3
      vertex 62.268 61.1671 22.92
      vertex 62.1589 61.2136 22.92
    endloop
  endfacet
  facet normal 0.298097 0.954536 -0
    outer loop
      vertex 62.1589 61.2136 22.92
      vertex 62.0369 61.2517 23.3
      vertex 62.1589 61.2136 23.3
    endloop
  endfacet
  facet normal 0.298097 0.954536 0
    outer loop
      vertex 62.0369 61.2517 23.3
      vertex 62.1589 61.2136 22.92
      vertex 62.0369 61.2517 22.92
    endloop
  endfacet
  facet normal 0.214172 0.976796 -0
    outer loop
      vertex 62.0369 61.2517 22.92
      vertex 61.9019 61.2813 23.3
      vertex 62.0369 61.2517 23.3
    endloop
  endfacet
  facet normal 0.214172 0.976796 0
    outer loop
      vertex 61.9019 61.2813 23.3
      vertex 62.0369 61.2517 22.92
      vertex 61.9019 61.2813 22.92
    endloop
  endfacet
  facet normal 0.14114 0.98999 -0
    outer loop
      vertex 61.9019 61.2813 22.92
      vertex 61.7539 61.3024 23.3
      vertex 61.9019 61.2813 23.3
    endloop
  endfacet
  facet normal 0.14114 0.98999 0
    outer loop
      vertex 61.7539 61.3024 23.3
      vertex 61.9019 61.2813 22.92
      vertex 61.7539 61.3024 22.92
    endloop
  endfacet
  facet normal 0.0786377 0.996903 -0
    outer loop
      vertex 61.7539 61.3024 22.92
      vertex 61.5929 61.3151 23.3
      vertex 61.7539 61.3024 23.3
    endloop
  endfacet
  facet normal 0.0786377 0.996903 0
    outer loop
      vertex 61.5929 61.3151 23.3
      vertex 61.7539 61.3024 22.92
      vertex 61.5929 61.3151 22.92
    endloop
  endfacet
  facet normal 0.0241448 0.999708 -0
    outer loop
      vertex 61.5929 61.3151 22.92
      vertex 61.419 61.3193 23.3
      vertex 61.5929 61.3151 23.3
    endloop
  endfacet
  facet normal 0.0241448 0.999708 0
    outer loop
      vertex 61.419 61.3193 23.3
      vertex 61.5929 61.3151 22.92
      vertex 61.419 61.3193 22.92
    endloop
  endfacet
  facet normal -0.0104316 0.999946 0
    outer loop
      vertex 61.419 61.3193 22.92
      vertex 61.3519 61.3186 23.3
      vertex 61.419 61.3193 23.3
    endloop
  endfacet
  facet normal -0.0104316 0.999946 0
    outer loop
      vertex 61.3519 61.3186 23.3
      vertex 61.419 61.3193 22.92
      vertex 61.3519 61.3186 22.92
    endloop
  endfacet
  facet normal -0.0310961 0.999516 0
    outer loop
      vertex 61.3519 61.3186 22.92
      vertex 61.2844 61.3165 23.3
      vertex 61.3519 61.3186 23.3
    endloop
  endfacet
  facet normal -0.0310961 0.999516 0
    outer loop
      vertex 61.2844 61.3165 23.3
      vertex 61.3519 61.3186 22.92
      vertex 61.2844 61.3165 22.92
    endloop
  endfacet
  facet normal -0.0529448 0.998597 0
    outer loop
      vertex 61.2844 61.3165 22.92
      vertex 61.2165 61.3129 23.3
      vertex 61.2844 61.3165 23.3
    endloop
  endfacet
  facet normal -0.0529448 0.998597 0
    outer loop
      vertex 61.2165 61.3129 23.3
      vertex 61.2844 61.3165 22.92
      vertex 61.2165 61.3129 22.92
    endloop
  endfacet
  facet normal -0.0731175 0.997323 0
    outer loop
      vertex 61.2165 61.3129 22.92
      vertex 61.1483 61.3079 23.3
      vertex 61.2165 61.3129 23.3
    endloop
  endfacet
  facet normal -0.0731175 0.997323 0
    outer loop
      vertex 61.1483 61.3079 23.3
      vertex 61.2165 61.3129 22.92
      vertex 61.1483 61.3079 22.92
    endloop
  endfacet
  facet normal -0.0915843 0.995797 0
    outer loop
      vertex 61.1483 61.3079 22.92
      vertex 61.0798 61.3016 23.3
      vertex 61.1483 61.3079 23.3
    endloop
  endfacet
  facet normal -0.0915843 0.995797 0
    outer loop
      vertex 61.0798 61.3016 23.3
      vertex 61.1483 61.3079 22.92
      vertex 61.0798 61.3016 22.92
    endloop
  endfacet
  facet normal -0.113913 0.993491 0
    outer loop
      vertex 61.0798 61.3016 22.92
      vertex 61.0109 61.2937 23.3
      vertex 61.0798 61.3016 23.3
    endloop
  endfacet
  facet normal -0.113913 0.993491 0
    outer loop
      vertex 61.0109 61.2937 23.3
      vertex 61.0798 61.3016 22.92
      vertex 61.0109 61.2937 22.92
    endloop
  endfacet
  facet normal -0.131602 0.991303 0
    outer loop
      vertex 61.0109 61.2937 22.92
      vertex 60.9416 61.2845 23.3
      vertex 61.0109 61.2937 23.3
    endloop
  endfacet
  facet normal -0.131602 0.991303 0
    outer loop
      vertex 60.9416 61.2845 23.3
      vertex 61.0109 61.2937 22.92
      vertex 60.9416 61.2845 22.92
    endloop
  endfacet
  facet normal -0.152164 0.988355 0
    outer loop
      vertex 60.9416 61.2845 22.92
      vertex 60.8721 61.2738 23.3
      vertex 60.9416 61.2845 23.3
    endloop
  endfacet
  facet normal -0.152164 0.988355 0
    outer loop
      vertex 60.8721 61.2738 23.3
      vertex 60.9416 61.2845 22.92
      vertex 60.8721 61.2738 22.92
    endloop
  endfacet
  facet normal -0.16967 0.985501 0
    outer loop
      vertex 60.8721 61.2738 22.92
      vertex 60.8024 61.2618 23.3
      vertex 60.8721 61.2738 23.3
    endloop
  endfacet
  facet normal -0.16967 0.985501 0
    outer loop
      vertex 60.8024 61.2618 23.3
      vertex 60.8721 61.2738 22.92
      vertex 60.8024 61.2618 22.92
    endloop
  endfacet
  facet normal -0.189629 0.981856 0
    outer loop
      vertex 60.8024 61.2618 22.92
      vertex 60.7325 61.2483 23.3
      vertex 60.8024 61.2618 23.3
    endloop
  endfacet
  facet normal -0.189629 0.981856 0
    outer loop
      vertex 60.7325 61.2483 23.3
      vertex 60.8024 61.2618 22.92
      vertex 60.7325 61.2483 22.92
    endloop
  endfacet
  facet normal -0.209243 0.977864 0
    outer loop
      vertex 60.7325 61.2483 22.92
      vertex 60.6624 61.2333 23.3
      vertex 60.7325 61.2483 23.3
    endloop
  endfacet
  facet normal -0.209243 0.977864 0
    outer loop
      vertex 60.6624 61.2333 23.3
      vertex 60.7325 61.2483 22.92
      vertex 60.6624 61.2333 22.92
    endloop
  endfacet
  facet normal -0.226177 0.974086 0
    outer loop
      vertex 60.6624 61.2333 22.92
      vertex 60.5922 61.217 23.3
      vertex 60.6624 61.2333 23.3
    endloop
  endfacet
  facet normal -0.226177 0.974086 0
    outer loop
      vertex 60.5922 61.217 23.3
      vertex 60.6624 61.2333 22.92
      vertex 60.5922 61.217 22.92
    endloop
  endfacet
  facet normal -0.245127 0.969491 0
    outer loop
      vertex 60.5922 61.217 22.92
      vertex 60.5218 61.1992 23.3
      vertex 60.5922 61.217 23.3
    endloop
  endfacet
  facet normal -0.245127 0.969491 0
    outer loop
      vertex 60.5218 61.1992 23.3
      vertex 60.5922 61.217 22.92
      vertex 60.5218 61.1992 22.92
    endloop
  endfacet
  facet normal -0.26115 0.965298 0
    outer loop
      vertex 60.5218 61.1992 22.92
      vertex 60.4512 61.1801 23.3
      vertex 60.5218 61.1992 23.3
    endloop
  endfacet
  facet normal -0.26115 0.965298 0
    outer loop
      vertex 60.4512 61.1801 23.3
      vertex 60.5218 61.1992 22.92
      vertex 60.4512 61.1801 22.92
    endloop
  endfacet
  facet normal -1 0 0
    outer loop
      vertex 60.4512 60.5677 22.92
      vertex 60.4512 61.1801 23.3
      vertex 60.4512 61.1801 22.92
    endloop
  endfacet
  facet normal -1 -0 0
    outer loop
      vertex 60.4512 61.1801 23.3
      vertex 60.4512 60.5677 22.92
      vertex 60.4512 60.5677 23.3
    endloop
  endfacet
  facet normal 0.387421 -0.921903 0
    outer loop
      vertex 60.4512 60.5677 22.92
      vertex 60.5095 60.5922 23.3
      vertex 60.4512 60.5677 23.3
    endloop
  endfacet
  facet normal 0.387421 -0.921903 0
    outer loop
      vertex 60.5095 60.5922 23.3
      vertex 60.4512 60.5677 22.92
      vertex 60.5095 60.5922 22.92
    endloop
  endfacet
  facet normal 0.363678 -0.931525 0
    outer loop
      vertex 60.5095 60.5922 22.92
      vertex 60.5679 60.615 23.3
      vertex 60.5095 60.5922 23.3
    endloop
  endfacet
  facet normal 0.363678 -0.931525 0
    outer loop
      vertex 60.5679 60.615 23.3
      vertex 60.5095 60.5922 22.92
      vertex 60.5679 60.615 22.92
    endloop
  endfacet
  facet normal 0.337865 -0.941195 0
    outer loop
      vertex 60.5679 60.615 22.92
      vertex 60.6264 60.636 23.3
      vertex 60.5679 60.615 23.3
    endloop
  endfacet
  facet normal 0.337865 -0.941195 0
    outer loop
      vertex 60.6264 60.636 23.3
      vertex 60.5679 60.615 22.92
      vertex 60.6264 60.636 22.92
    endloop
  endfacet
  facet normal 0.312822 -0.949812 0
    outer loop
      vertex 60.6264 60.636 22.92
      vertex 60.685 60.6553 23.3
      vertex 60.6264 60.636 23.3
    endloop
  endfacet
  facet normal 0.312822 -0.949812 0
    outer loop
      vertex 60.685 60.6553 23.3
      vertex 60.6264 60.636 22.92
      vertex 60.685 60.6553 22.92
    endloop
  endfacet
  facet normal 0.2842 -0.958765 0
    outer loop
      vertex 60.685 60.6553 22.92
      vertex 60.7437 60.6727 23.3
      vertex 60.685 60.6553 23.3
    endloop
  endfacet
  facet normal 0.2842 -0.958765 0
    outer loop
      vertex 60.7437 60.6727 23.3
      vertex 60.685 60.6553 22.92
      vertex 60.7437 60.6727 22.92
    endloop
  endfacet
  facet normal 0.25838 -0.966043 0
    outer loop
      vertex 60.7437 60.6727 22.92
      vertex 60.8024 60.6884 23.3
      vertex 60.7437 60.6727 23.3
    endloop
  endfacet
  facet normal 0.25838 -0.966043 0
    outer loop
      vertex 60.8024 60.6884 23.3
      vertex 60.7437 60.6727 22.92
      vertex 60.8024 60.6884 22.92
    endloop
  endfacet
  facet normal 0.229684 -0.973265 0
    outer loop
      vertex 60.8024 60.6884 22.92
      vertex 60.8613 60.7023 23.3
      vertex 60.8024 60.6884 23.3
    endloop
  endfacet
  facet normal 0.229684 -0.973265 0
    outer loop
      vertex 60.8613 60.7023 23.3
      vertex 60.8024 60.6884 22.92
      vertex 60.8613 60.7023 22.92
    endloop
  endfacet
  facet normal 0.201559 -0.979476 0
    outer loop
      vertex 60.8613 60.7023 22.92
      vertex 60.9201 60.7144 23.3
      vertex 60.8613 60.7023 23.3
    endloop
  endfacet
  facet normal 0.201559 -0.979476 0
    outer loop
      vertex 60.9201 60.7144 23.3
      vertex 60.8613 60.7023 22.92
      vertex 60.9201 60.7144 22.92
    endloop
  endfacet
  facet normal 0.172828 -0.984952 0
    outer loop
      vertex 60.9201 60.7144 22.92
      vertex 60.9788 60.7247 23.3
      vertex 60.9201 60.7144 23.3
    endloop
  endfacet
  facet normal 0.172828 -0.984952 0
    outer loop
      vertex 60.9788 60.7247 23.3
      vertex 60.9201 60.7144 22.92
      vertex 60.9788 60.7247 22.92
    endloop
  endfacet
  facet normal 0.140709 -0.990051 0
    outer loop
      vertex 60.9788 60.7247 22.92
      vertex 61.0372 60.733 23.3
      vertex 60.9788 60.7247 23.3
    endloop
  endfacet
  facet normal 0.140709 -0.990051 0
    outer loop
      vertex 61.0372 60.733 23.3
      vertex 60.9788 60.7247 22.92
      vertex 61.0372 60.733 22.92
    endloop
  endfacet
  facet normal 0.112489 -0.993653 0
    outer loop
      vertex 61.0372 60.733 22.92
      vertex 61.0955 60.7396 23.3
      vertex 61.0372 60.733 23.3
    endloop
  endfacet
  facet normal 0.112489 -0.993653 0
    outer loop
      vertex 61.0955 60.7396 23.3
      vertex 61.0372 60.733 22.92
      vertex 61.0955 60.7396 22.92
    endloop
  endfacet
  facet normal 0.0789268 -0.99688 0
    outer loop
      vertex 61.0955 60.7396 22.92
      vertex 61.1536 60.7442 23.3
      vertex 61.0955 60.7396 23.3
    endloop
  endfacet
  facet normal 0.0789268 -0.99688 0
    outer loop
      vertex 61.1536 60.7442 23.3
      vertex 61.0955 60.7396 22.92
      vertex 61.1536 60.7442 22.92
    endloop
  endfacet
  facet normal 0.0483028 -0.998833 0
    outer loop
      vertex 61.1536 60.7442 22.92
      vertex 61.2115 60.747 23.3
      vertex 61.1536 60.7442 23.3
    endloop
  endfacet
  facet normal 0.0483028 -0.998833 0
    outer loop
      vertex 61.2115 60.747 23.3
      vertex 61.1536 60.7442 22.92
      vertex 61.2115 60.747 22.92
    endloop
  endfacet
  facet normal 0.015569 -0.999879 0
    outer loop
      vertex 61.2115 60.747 22.92
      vertex 61.2693 60.7479 23.3
      vertex 61.2115 60.747 23.3
    endloop
  endfacet
  facet normal 0.015569 -0.999879 0
    outer loop
      vertex 61.2693 60.7479 23.3
      vertex 61.2115 60.747 22.92
      vertex 61.2693 60.7479 22.92
    endloop
  endfacet
  facet normal -0.0277671 -0.999614 0
    outer loop
      vertex 61.2693 60.7479 22.92
      vertex 61.3449 60.7458 23.3
      vertex 61.2693 60.7479 23.3
    endloop
  endfacet
  facet normal -0.0277671 -0.999614 -0
    outer loop
      vertex 61.3449 60.7458 23.3
      vertex 61.2693 60.7479 22.92
      vertex 61.3449 60.7458 22.92
    endloop
  endfacet
  facet normal -0.0876051 -0.996155 0
    outer loop
      vertex 61.3449 60.7458 22.92
      vertex 61.4154 60.7396 23.3
      vertex 61.3449 60.7458 23.3
    endloop
  endfacet
  facet normal -0.0876051 -0.996155 -0
    outer loop
      vertex 61.4154 60.7396 23.3
      vertex 61.3449 60.7458 22.92
      vertex 61.4154 60.7396 22.92
    endloop
  endfacet
  facet normal -0.156814 -0.987628 0
    outer loop
      vertex 61.4154 60.7396 22.92
      vertex 61.4809 60.7292 23.3
      vertex 61.4154 60.7396 23.3
    endloop
  endfacet
  facet normal -0.156814 -0.987628 -0
    outer loop
      vertex 61.4809 60.7292 23.3
      vertex 61.4154 60.7396 22.92
      vertex 61.4809 60.7292 22.92
    endloop
  endfacet
  facet normal -0.233069 -0.97246 0
    outer loop
      vertex 61.4809 60.7292 22.92
      vertex 61.5414 60.7147 23.3
      vertex 61.4809 60.7292 23.3
    endloop
  endfacet
  facet normal -0.233069 -0.97246 -0
    outer loop
      vertex 61.5414 60.7147 23.3
      vertex 61.4809 60.7292 22.92
      vertex 61.5414 60.7147 22.92
    endloop
  endfacet
  facet normal -0.319817 -0.947479 0
    outer loop
      vertex 61.5414 60.7147 22.92
      vertex 61.5968 60.696 23.3
      vertex 61.5414 60.7147 23.3
    endloop
  endfacet
  facet normal -0.319817 -0.947479 -0
    outer loop
      vertex 61.5968 60.696 23.3
      vertex 61.5414 60.7147 22.92
      vertex 61.5968 60.696 22.92
    endloop
  endfacet
  facet normal -0.414348 -0.910118 0
    outer loop
      vertex 61.5968 60.696 22.92
      vertex 61.6471 60.6731 23.3
      vertex 61.5968 60.696 23.3
    endloop
  endfacet
  facet normal -0.414348 -0.910118 -0
    outer loop
      vertex 61.6471 60.6731 23.3
      vertex 61.5968 60.696 22.92
      vertex 61.6471 60.6731 22.92
    endloop
  endfacet
  facet normal -0.511984 -0.858995 0
    outer loop
      vertex 61.6471 60.6731 22.92
      vertex 61.6924 60.6461 23.3
      vertex 61.6471 60.6731 23.3
    endloop
  endfacet
  facet normal -0.511984 -0.858995 -0
    outer loop
      vertex 61.6924 60.6461 23.3
      vertex 61.6471 60.6731 22.92
      vertex 61.6924 60.6461 22.92
    endloop
  endfacet
  facet normal -0.612976 -0.790102 0
    outer loop
      vertex 61.6924 60.6461 22.92
      vertex 61.7321 60.6153 23.3
      vertex 61.6924 60.6461 23.3
    endloop
  endfacet
  facet normal -0.612976 -0.790102 -0
    outer loop
      vertex 61.7321 60.6153 23.3
      vertex 61.6924 60.6461 22.92
      vertex 61.7321 60.6153 22.92
    endloop
  endfacet
  facet normal -0.713318 -0.70084 0
    outer loop
      vertex 61.7658 60.581 22.92
      vertex 61.7321 60.6153 23.3
      vertex 61.7321 60.6153 22.92
    endloop
  endfacet
  facet normal -0.713318 -0.70084 0
    outer loop
      vertex 61.7321 60.6153 23.3
      vertex 61.7658 60.581 22.92
      vertex 61.7658 60.581 23.3
    endloop
  endfacet
  facet normal -0.807901 -0.589318 0
    outer loop
      vertex 61.7933 60.5433 22.92
      vertex 61.7658 60.581 23.3
      vertex 61.7658 60.581 22.92
    endloop
  endfacet
  facet normal -0.807901 -0.589318 0
    outer loop
      vertex 61.7658 60.581 23.3
      vertex 61.7933 60.5433 22.92
      vertex 61.7933 60.5433 23.3
    endloop
  endfacet
  facet normal -0.887853 -0.460128 0
    outer loop
      vertex 61.8146 60.5022 22.92
      vertex 61.7933 60.5433 23.3
      vertex 61.7933 60.5433 22.92
    endloop
  endfacet
  facet normal -0.887853 -0.460128 0
    outer loop
      vertex 61.7933 60.5433 23.3
      vertex 61.8146 60.5022 22.92
      vertex 61.8146 60.5022 23.3
    endloop
  endfacet
  facet normal -0.94589 -0.324487 0
    outer loop
      vertex 61.8299 60.4576 22.92
      vertex 61.8146 60.5022 23.3
      vertex 61.8146 60.5022 22.92
    endloop
  endfacet
  facet normal -0.94589 -0.324487 0
    outer loop
      vertex 61.8146 60.5022 23.3
      vertex 61.8299 60.4576 22.92
      vertex 61.8299 60.4576 23.3
    endloop
  endfacet
  facet normal -0.982195 -0.187863 0
    outer loop
      vertex 61.8391 60.4095 22.92
      vertex 61.8299 60.4576 23.3
      vertex 61.8299 60.4576 22.92
    endloop
  endfacet
  facet normal -0.982195 -0.187863 0
    outer loop
      vertex 61.8299 60.4576 23.3
      vertex 61.8391 60.4095 22.92
      vertex 61.8391 60.4095 23.3
    endloop
  endfacet
  facet normal -0.998308 -0.0581538 0
    outer loop
      vertex 61.8421 60.358 22.92
      vertex 61.8391 60.4095 23.3
      vertex 61.8391 60.4095 22.92
    endloop
  endfacet
  facet normal -0.998308 -0.0581538 0
    outer loop
      vertex 61.8391 60.4095 23.3
      vertex 61.8421 60.358 22.92
      vertex 61.8421 60.358 23.3
    endloop
  endfacet
  facet normal -0.998438 0.0558693 0
    outer loop
      vertex 61.839 60.3026 22.92
      vertex 61.8421 60.358 23.3
      vertex 61.8421 60.358 22.92
    endloop
  endfacet
  facet normal -0.998438 0.0558693 0
    outer loop
      vertex 61.8421 60.358 23.3
      vertex 61.839 60.3026 22.92
      vertex 61.839 60.3026 23.3
    endloop
  endfacet
  facet normal -0.983624 0.180235 0
    outer loop
      vertex 61.8296 60.2513 22.92
      vertex 61.839 60.3026 23.3
      vertex 61.839 60.3026 22.92
    endloop
  endfacet
  facet normal -0.983624 0.180235 0
    outer loop
      vertex 61.839 60.3026 23.3
      vertex 61.8296 60.2513 22.92
      vertex 61.8296 60.2513 23.3
    endloop
  endfacet
  facet normal -0.948683 0.316228 0
    outer loop
      vertex 61.8139 60.2042 22.92
      vertex 61.8296 60.2513 23.3
      vertex 61.8296 60.2513 22.92
    endloop
  endfacet
  facet normal -0.948683 0.316228 0
    outer loop
      vertex 61.8296 60.2513 23.3
      vertex 61.8139 60.2042 22.92
      vertex 61.8139 60.2042 23.3
    endloop
  endfacet
  facet normal -0.888539 0.458802 0
    outer loop
      vertex 61.7918 60.1614 22.92
      vertex 61.8139 60.2042 23.3
      vertex 61.8139 60.2042 22.92
    endloop
  endfacet
  facet normal -0.888539 0.458802 0
    outer loop
      vertex 61.8139 60.2042 23.3
      vertex 61.7918 60.1614 22.92
      vertex 61.7918 60.1614 23.3
    endloop
  endfacet
  facet normal -0.8072 0.590278 0
    outer loop
      vertex 61.7635 60.1227 22.92
      vertex 61.7918 60.1614 23.3
      vertex 61.7918 60.1614 22.92
    endloop
  endfacet
  facet normal -0.8072 0.590278 0
    outer loop
      vertex 61.7918 60.1614 23.3
      vertex 61.7635 60.1227 22.92
      vertex 61.7635 60.1227 23.3
    endloop
  endfacet
  facet normal -0.70608 0.708132 0
    outer loop
      vertex 61.7635 60.1227 22.92
      vertex 61.729 60.0883 23.3
      vertex 61.7635 60.1227 23.3
    endloop
  endfacet
  facet normal -0.70608 0.708132 0
    outer loop
      vertex 61.729 60.0883 23.3
      vertex 61.7635 60.1227 22.92
      vertex 61.729 60.0883 22.92
    endloop
  endfacet
  facet normal -0.595275 0.803522 0
    outer loop
      vertex 61.729 60.0883 22.92
      vertex 61.6881 60.058 23.3
      vertex 61.729 60.0883 23.3
    endloop
  endfacet
  facet normal -0.595275 0.803522 0
    outer loop
      vertex 61.6881 60.058 23.3
      vertex 61.729 60.0883 22.92
      vertex 61.6881 60.058 22.92
    endloop
  endfacet
  facet normal -0.483126 0.875551 0
    outer loop
      vertex 61.6881 60.058 22.92
      vertex 61.6408 60.0319 23.3
      vertex 61.6881 60.058 23.3
    endloop
  endfacet
  facet normal -0.483126 0.875551 0
    outer loop
      vertex 61.6408 60.0319 23.3
      vertex 61.6881 60.058 22.92
      vertex 61.6408 60.0319 22.92
    endloop
  endfacet
  facet normal -0.380836 0.924643 0
    outer loop
      vertex 61.6408 60.0319 22.92
      vertex 61.5869 60.0097 23.3
      vertex 61.6408 60.0319 23.3
    endloop
  endfacet
  facet normal -0.380836 0.924643 0
    outer loop
      vertex 61.5869 60.0097 23.3
      vertex 61.6408 60.0319 22.92
      vertex 61.5869 60.0097 22.92
    endloop
  endfacet
  facet normal -0.287057 0.957914 0
    outer loop
      vertex 61.5869 60.0097 22.92
      vertex 61.5265 59.9916 23.3
      vertex 61.5869 60.0097 23.3
    endloop
  endfacet
  facet normal -0.287057 0.957914 0
    outer loop
      vertex 61.5265 59.9916 23.3
      vertex 61.5869 60.0097 22.92
      vertex 61.5265 59.9916 22.92
    endloop
  endfacet
  facet normal -0.206232 0.978503 0
    outer loop
      vertex 61.5265 59.9916 22.92
      vertex 61.4596 59.9775 23.3
      vertex 61.5265 59.9916 23.3
    endloop
  endfacet
  facet normal -0.206232 0.978503 0
    outer loop
      vertex 61.4596 59.9775 23.3
      vertex 61.5265 59.9916 22.92
      vertex 61.4596 59.9775 22.92
    endloop
  endfacet
  facet normal -0.134812 0.990871 0
    outer loop
      vertex 61.4596 59.9775 22.92
      vertex 61.3861 59.9675 23.3
      vertex 61.4596 59.9775 23.3
    endloop
  endfacet
  facet normal -0.134812 0.990871 0
    outer loop
      vertex 61.3861 59.9675 23.3
      vertex 61.4596 59.9775 22.92
      vertex 61.3861 59.9675 22.92
    endloop
  endfacet
  facet normal -0.0746971 0.997206 0
    outer loop
      vertex 61.3861 59.9675 22.92
      vertex 61.306 59.9615 23.3
      vertex 61.3861 59.9675 23.3
    endloop
  endfacet
  facet normal -0.0746971 0.997206 0
    outer loop
      vertex 61.306 59.9615 23.3
      vertex 61.3861 59.9675 22.92
      vertex 61.306 59.9615 22.92
    endloop
  endfacet
  facet normal -0.0242423 0.999706 0
    outer loop
      vertex 61.306 59.9615 22.92
      vertex 61.2194 59.9594 23.3
      vertex 61.306 59.9615 23.3
    endloop
  endfacet
  facet normal -0.0242423 0.999706 0
    outer loop
      vertex 61.2194 59.9594 23.3
      vertex 61.306 59.9615 22.92
      vertex 61.2194 59.9594 22.92
    endloop
  endfacet
  facet normal 0 1 -0
    outer loop
      vertex 61.2194 59.9594 22.92
      vertex 60.8678 59.9594 23.3
      vertex 61.2194 59.9594 23.3
    endloop
  endfacet
  facet normal 0 1 0
    outer loop
      vertex 60.8678 59.9594 23.3
      vertex 61.2194 59.9594 22.92
      vertex 60.8678 59.9594 22.92
    endloop
  endfacet
  facet normal -1 0 0
    outer loop
      vertex 60.8678 59.4208 22.92
      vertex 60.8678 59.9594 23.3
      vertex 60.8678 59.9594 22.92
    endloop
  endfacet
  facet normal -1 -0 0
    outer loop
      vertex 60.8678 59.9594 23.3
      vertex 60.8678 59.4208 22.92
      vertex 60.8678 59.4208 23.3
    endloop
  endfacet
  facet normal 0 -1 0
    outer loop
      vertex 60.8678 59.4208 22.92
      vertex 61.202 59.4208 23.3
      vertex 60.8678 59.4208 23.3
    endloop
  endfacet
  facet normal 0 -1 -0
    outer loop
      vertex 61.202 59.4208 23.3
      vertex 60.8678 59.4208 22.92
      vertex 61.202 59.4208 22.92
    endloop
  endfacet
  facet normal -0.0235832 -0.999722 0
    outer loop
      vertex 61.202 59.4208 22.92
      vertex 61.2995 59.4185 23.3
      vertex 61.202 59.4208 23.3
    endloop
  endfacet
  facet normal -0.0235832 -0.999722 -0
    outer loop
      vertex 61.2995 59.4185 23.3
      vertex 61.202 59.4208 22.92
      vertex 61.2995 59.4185 22.92
    endloop
  endfacet
  facet normal -0.0770331 -0.997029 0
    outer loop
      vertex 61.2995 59.4185 22.92
      vertex 61.3901 59.4115 23.3
      vertex 61.2995 59.4185 23.3
    endloop
  endfacet
  facet normal -0.0770331 -0.997029 -0
    outer loop
      vertex 61.3901 59.4115 23.3
      vertex 61.2995 59.4185 22.92
      vertex 61.3901 59.4115 22.92
    endloop
  endfacet
  facet normal -0.137763 -0.990465 0
    outer loop
      vertex 61.3901 59.4115 22.92
      vertex 61.4735 59.3999 23.3
      vertex 61.3901 59.4115 23.3
    endloop
  endfacet
  facet normal -0.137763 -0.990465 -0
    outer loop
      vertex 61.4735 59.3999 23.3
      vertex 61.3901 59.4115 22.92
      vertex 61.4735 59.3999 22.92
    endloop
  endfacet
  facet normal -0.208655 -0.977989 0
    outer loop
      vertex 61.4735 59.3999 22.92
      vertex 61.5499 59.3836 23.3
      vertex 61.4735 59.3999 23.3
    endloop
  endfacet
  facet normal -0.208655 -0.977989 -0
    outer loop
      vertex 61.5499 59.3836 23.3
      vertex 61.4735 59.3999 22.92
      vertex 61.5499 59.3836 22.92
    endloop
  endfacet
  facet normal -0.289625 -0.95714 0
    outer loop
      vertex 61.5499 59.3836 22.92
      vertex 61.6193 59.3626 23.3
      vertex 61.5499 59.3836 23.3
    endloop
  endfacet
  facet normal -0.289625 -0.95714 -0
    outer loop
      vertex 61.6193 59.3626 23.3
      vertex 61.5499 59.3836 22.92
      vertex 61.6193 59.3626 22.92
    endloop
  endfacet
  facet normal -0.380078 -0.924955 0
    outer loop
      vertex 61.6193 59.3626 22.92
      vertex 61.6816 59.337 23.3
      vertex 61.6193 59.3626 23.3
    endloop
  endfacet
  facet normal -0.380078 -0.924955 -0
    outer loop
      vertex 61.6816 59.337 23.3
      vertex 61.6193 59.3626 22.92
      vertex 61.6816 59.337 22.92
    endloop
  endfacet
  facet normal -0.479297 -0.877653 0
    outer loop
      vertex 61.6816 59.337 22.92
      vertex 61.7369 59.3068 23.3
      vertex 61.6816 59.337 23.3
    endloop
  endfacet
  facet normal -0.479297 -0.877653 -0
    outer loop
      vertex 61.7369 59.3068 23.3
      vertex 61.6816 59.337 22.92
      vertex 61.7369 59.3068 22.92
    endloop
  endfacet
  facet normal -0.586167 -0.81019 0
    outer loop
      vertex 61.7369 59.3068 22.92
      vertex 61.785 59.272 23.3
      vertex 61.7369 59.3068 23.3
    endloop
  endfacet
  facet normal -0.586167 -0.81019 -0
    outer loop
      vertex 61.785 59.272 23.3
      vertex 61.7369 59.3068 22.92
      vertex 61.785 59.272 22.92
    endloop
  endfacet
  facet normal -0.69371 -0.720255 0
    outer loop
      vertex 61.785 59.272 22.92
      vertex 61.8257 59.2328 23.3
      vertex 61.785 59.272 23.3
    endloop
  endfacet
  facet normal -0.69371 -0.720255 -0
    outer loop
      vertex 61.8257 59.2328 23.3
      vertex 61.785 59.272 22.92
      vertex 61.8257 59.2328 22.92
    endloop
  endfacet
  facet normal -0.794928 -0.606704 0
    outer loop
      vertex 61.8589 59.1893 22.92
      vertex 61.8257 59.2328 23.3
      vertex 61.8257 59.2328 22.92
    endloop
  endfacet
  facet normal -0.794928 -0.606704 0
    outer loop
      vertex 61.8257 59.2328 23.3
      vertex 61.8589 59.1893 22.92
      vertex 61.8589 59.1893 23.3
    endloop
  endfacet
  facet normal -0.880059 -0.474865 0
    outer loop
      vertex 61.8848 59.1413 22.92
      vertex 61.8589 59.1893 23.3
      vertex 61.8589 59.1893 22.92
    endloop
  endfacet
  facet normal -0.880059 -0.474865 0
    outer loop
      vertex 61.8589 59.1893 23.3
      vertex 61.8848 59.1413 22.92
      vertex 61.8848 59.1413 23.3
    endloop
  endfacet
  facet normal -0.942757 -0.33348 0
    outer loop
      vertex 61.9033 59.089 22.92
      vertex 61.8848 59.1413 23.3
      vertex 61.8848 59.1413 22.92
    endloop
  endfacet
  facet normal -0.942757 -0.33348 0
    outer loop
      vertex 61.8848 59.1413 23.3
      vertex 61.9033 59.089 22.92
      vertex 61.9033 59.089 23.3
    endloop
  endfacet
  facet normal -0.981371 -0.19212 0
    outer loop
      vertex 61.9144 59.0323 22.92
      vertex 61.9033 59.089 23.3
      vertex 61.9033 59.089 22.92
    endloop
  endfacet
  facet normal -0.981371 -0.19212 0
    outer loop
      vertex 61.9033 59.089 23.3
      vertex 61.9144 59.0323 22.92
      vertex 61.9144 59.0323 23.3
    endloop
  endfacet
  facet normal -0.998171 -0.0604457 0
    outer loop
      vertex 61.9181 58.9712 22.92
      vertex 61.9144 59.0323 23.3
      vertex 61.9144 59.0323 22.92
    endloop
  endfacet
  facet normal -0.998171 -0.0604457 0
    outer loop
      vertex 61.9144 59.0323 23.3
      vertex 61.9181 58.9712 22.92
      vertex 61.9181 58.9712 23.3
    endloop
  endfacet
  facet normal -0.998168 0.0604951 0
    outer loop
      vertex 61.9145 58.9118 22.92
      vertex 61.9181 58.9712 23.3
      vertex 61.9181 58.9712 22.92
    endloop
  endfacet
  facet normal -0.998168 0.0604951 0
    outer loop
      vertex 61.9181 58.9712 23.3
      vertex 61.9145 58.9118 22.92
      vertex 61.9145 58.9118 23.3
    endloop
  endfacet
  facet normal -0.981458 0.191677 0
    outer loop
      vertex 61.9037 58.8565 22.92
      vertex 61.9145 58.9118 23.3
      vertex 61.9145 58.9118 22.92
    endloop
  endfacet
  facet normal -0.981458 0.191677 0
    outer loop
      vertex 61.9145 58.9118 23.3
      vertex 61.9037 58.8565 22.92
      vertex 61.9037 58.8565 23.3
    endloop
  endfacet
  facet normal -0.943024 0.332724 0
    outer loop
      vertex 61.8856 58.8052 22.92
      vertex 61.9037 58.8565 23.3
      vertex 61.9037 58.8565 22.92
    endloop
  endfacet
  facet normal -0.943024 0.332724 0
    outer loop
      vertex 61.9037 58.8565 23.3
      vertex 61.8856 58.8052 22.92
      vertex 61.8856 58.8052 23.3
    endloop
  endfacet
  facet normal -0.882146 0.470976 0
    outer loop
      vertex 61.8604 58.758 22.92
      vertex 61.8856 58.8052 23.3
      vertex 61.8856 58.8052 22.92
    endloop
  endfacet
  facet normal -0.882146 0.470976 0
    outer loop
      vertex 61.8856 58.8052 23.3
      vertex 61.8604 58.758 22.92
      vertex 61.8604 58.758 23.3
    endloop
  endfacet
  facet normal -0.798441 0.602073 0
    outer loop
      vertex 61.8279 58.7149 22.92
      vertex 61.8604 58.758 23.3
      vertex 61.8604 58.758 22.92
    endloop
  endfacet
  facet normal -0.798441 0.602073 0
    outer loop
      vertex 61.8604 58.758 23.3
      vertex 61.8279 58.7149 22.92
      vertex 61.8279 58.7149 23.3
    endloop
  endfacet
  facet normal -0.70079 0.713368 0
    outer loop
      vertex 61.8279 58.7149 22.92
      vertex 61.7882 58.6759 23.3
      vertex 61.8279 58.7149 23.3
    endloop
  endfacet
  facet normal -0.70079 0.713368 0
    outer loop
      vertex 61.7882 58.6759 23.3
      vertex 61.8279 58.7149 22.92
      vertex 61.7882 58.6759 22.92
    endloop
  endfacet
  facet normal -0.596167 0.802861 0
    outer loop
      vertex 61.7882 58.6759 22.92
      vertex 61.7412 58.641 23.3
      vertex 61.7882 58.6759 23.3
    endloop
  endfacet
  facet normal -0.596167 0.802861 0
    outer loop
      vertex 61.7412 58.641 23.3
      vertex 61.7882 58.6759 22.92
      vertex 61.7412 58.641 22.92
    endloop
  endfacet
  facet normal -0.494566 0.86914 0
    outer loop
      vertex 61.7412 58.641 22.92
      vertex 61.6876 58.6105 23.3
      vertex 61.7412 58.641 23.3
    endloop
  endfacet
  facet normal -0.494566 0.86914 0
    outer loop
      vertex 61.6876 58.6105 23.3
      vertex 61.7412 58.641 22.92
      vertex 61.6876 58.6105 22.92
    endloop
  endfacet
  facet normal -0.395763 0.918353 0
    outer loop
      vertex 61.6876 58.6105 22.92
      vertex 61.6275 58.5846 23.3
      vertex 61.6876 58.6105 23.3
    endloop
  endfacet
  facet normal -0.395763 0.918353 0
    outer loop
      vertex 61.6275 58.5846 23.3
      vertex 61.6876 58.6105 22.92
      vertex 61.6275 58.5846 22.92
    endloop
  endfacet
  facet normal -0.303263 0.952907 0
    outer loop
      vertex 61.6275 58.5846 22.92
      vertex 61.5612 58.5635 23.3
      vertex 61.6275 58.5846 23.3
    endloop
  endfacet
  facet normal -0.303263 0.952907 0
    outer loop
      vertex 61.5612 58.5635 23.3
      vertex 61.6275 58.5846 22.92
      vertex 61.5612 58.5635 22.92
    endloop
  endfacet
  facet normal -0.221331 0.975199 0
    outer loop
      vertex 61.5612 58.5635 22.92
      vertex 61.4885 58.547 23.3
      vertex 61.5612 58.5635 23.3
    endloop
  endfacet
  facet normal -0.221331 0.975199 0
    outer loop
      vertex 61.4885 58.547 23.3
      vertex 61.5612 58.5635 22.92
      vertex 61.4885 58.547 22.92
    endloop
  endfacet
  facet normal -0.146322 0.989237 0
    outer loop
      vertex 61.4885 58.547 22.92
      vertex 61.4094 58.5353 23.3
      vertex 61.4885 58.547 23.3
    endloop
  endfacet
  facet normal -0.146322 0.989237 0
    outer loop
      vertex 61.4094 58.5353 23.3
      vertex 61.4885 58.547 22.92
      vertex 61.4094 58.5353 22.92
    endloop
  endfacet
  facet normal -0.0829488 0.996554 0
    outer loop
      vertex 61.4094 58.5353 22.92
      vertex 61.3241 58.5282 23.3
      vertex 61.4094 58.5353 23.3
    endloop
  endfacet
  facet normal -0.0829488 0.996554 0
    outer loop
      vertex 61.3241 58.5282 23.3
      vertex 61.4094 58.5353 22.92
      vertex 61.3241 58.5282 22.92
    endloop
  endfacet
  facet normal -0.0250739 0.999686 0
    outer loop
      vertex 61.3241 58.5282 22.92
      vertex 61.2324 58.5259 23.3
      vertex 61.3241 58.5282 23.3
    endloop
  endfacet
  facet normal -0.0250739 0.999686 0
    outer loop
      vertex 61.2324 58.5259 23.3
      vertex 61.3241 58.5282 22.92
      vertex 61.2324 58.5259 22.92
    endloop
  endfacet
  facet normal 0.0187467 0.999824 -0
    outer loop
      vertex 61.2324 58.5259 22.92
      vertex 61.1684 58.5271 23.3
      vertex 61.2324 58.5259 23.3
    endloop
  endfacet
  facet normal 0.0187467 0.999824 0
    outer loop
      vertex 61.1684 58.5271 23.3
      vertex 61.2324 58.5259 22.92
      vertex 61.1684 58.5271 22.92
    endloop
  endfacet
  facet normal 0.0574477 0.998349 -0
    outer loop
      vertex 61.1684 58.5271 22.92
      vertex 61.1041 58.5308 23.3
      vertex 61.1684 58.5271 23.3
    endloop
  endfacet
  facet normal 0.0574477 0.998349 0
    outer loop
      vertex 61.1041 58.5308 23.3
      vertex 61.1684 58.5271 22.92
      vertex 61.1041 58.5308 22.92
    endloop
  endfacet
  facet normal 0.093865 0.995585 -0
    outer loop
      vertex 61.1041 58.5308 22.92
      vertex 61.0394 58.5369 23.3
      vertex 61.1041 58.5308 23.3
    endloop
  endfacet
  facet normal 0.093865 0.995585 0
    outer loop
      vertex 61.0394 58.5369 23.3
      vertex 61.1041 58.5308 22.92
      vertex 61.0394 58.5369 22.92
    endloop
  endfacet
  facet normal 0.129862 0.991532 -0
    outer loop
      vertex 61.0394 58.5369 22.92
      vertex 60.9745 58.5454 23.3
      vertex 61.0394 58.5369 23.3
    endloop
  endfacet
  facet normal 0.129862 0.991532 0
    outer loop
      vertex 60.9745 58.5454 23.3
      vertex 61.0394 58.5369 22.92
      vertex 60.9745 58.5454 22.92
    endloop
  endfacet
  facet normal 0.166113 0.986107 -0
    outer loop
      vertex 60.9745 58.5454 22.92
      vertex 60.9092 58.5564 23.3
      vertex 60.9745 58.5454 23.3
    endloop
  endfacet
  facet normal 0.166113 0.986107 0
    outer loop
      vertex 60.9092 58.5564 23.3
      vertex 60.9745 58.5454 22.92
      vertex 60.9092 58.5564 22.92
    endloop
  endfacet
  facet normal 0.201864 0.979414 -0
    outer loop
      vertex 60.9092 58.5564 22.92
      vertex 60.8437 58.5699 23.3
      vertex 60.9092 58.5564 23.3
    endloop
  endfacet
  facet normal 0.201864 0.979414 0
    outer loop
      vertex 60.8437 58.5699 23.3
      vertex 60.9092 58.5564 22.92
      vertex 60.8437 58.5699 22.92
    endloop
  endfacet
  facet normal 0.234544 0.972105 -0
    outer loop
      vertex 60.8437 58.5699 22.92
      vertex 60.7778 58.5858 23.3
      vertex 60.8437 58.5699 23.3
    endloop
  endfacet
  facet normal 0.234544 0.972105 0
    outer loop
      vertex 60.7778 58.5858 23.3
      vertex 60.8437 58.5699 22.92
      vertex 60.7778 58.5858 22.92
    endloop
  endfacet
  facet normal 0.266817 0.963747 -0
    outer loop
      vertex 60.7778 58.5858 22.92
      vertex 60.7117 58.6041 23.3
      vertex 60.7778 58.5858 23.3
    endloop
  endfacet
  facet normal 0.266817 0.963747 0
    outer loop
      vertex 60.7117 58.6041 23.3
      vertex 60.7778 58.5858 22.92
      vertex 60.7117 58.6041 22.92
    endloop
  endfacet
  facet normal 0.298439 0.954429 -0
    outer loop
      vertex 60.7117 58.6041 22.92
      vertex 60.6455 58.6248 23.3
      vertex 60.7117 58.6041 23.3
    endloop
  endfacet
  facet normal 0.298439 0.954429 0
    outer loop
      vertex 60.6455 58.6248 23.3
      vertex 60.7117 58.6041 22.92
      vertex 60.6455 58.6248 22.92
    endloop
  endfacet
  facet normal 0.327306 0.944918 -0
    outer loop
      vertex 60.6455 58.6248 22.92
      vertex 60.5791 58.6478 23.3
      vertex 60.6455 58.6248 23.3
    endloop
  endfacet
  facet normal 0.327306 0.944918 0
    outer loop
      vertex 60.5791 58.6478 23.3
      vertex 60.6455 58.6248 22.92
      vertex 60.5791 58.6478 22.92
    endloop
  endfacet
  facet normal 0.356813 0.934176 -0
    outer loop
      vertex 60.5791 58.6478 22.92
      vertex 60.5126 58.6732 23.3
      vertex 60.5791 58.6478 23.3
    endloop
  endfacet
  facet normal 0.356813 0.934176 0
    outer loop
      vertex 60.5126 58.6732 23.3
      vertex 60.5791 58.6478 22.92
      vertex 60.5126 58.6732 22.92
    endloop
  endfacet
  facet normal 0.384025 0.923323 -0
    outer loop
      vertex 60.5126 58.6732 22.92
      vertex 60.446 58.7009 23.3
      vertex 60.5126 58.6732 23.3
    endloop
  endfacet
  facet normal 0.384025 0.923323 0
    outer loop
      vertex 60.446 58.7009 23.3
      vertex 60.5126 58.6732 22.92
      vertex 60.446 58.7009 22.92
    endloop
  endfacet
  facet normal 0.410819 0.911717 -0
    outer loop
      vertex 60.446 58.7009 22.92
      vertex 60.3792 58.731 23.3
      vertex 60.446 58.7009 23.3
    endloop
  endfacet
  facet normal 0.410819 0.911717 0
    outer loop
      vertex 60.3792 58.731 23.3
      vertex 60.446 58.7009 22.92
      vertex 60.3792 58.731 22.92
    endloop
  endfacet
  facet normal 0.435877 0.900006 -0
    outer loop
      vertex 60.3792 58.731 22.92
      vertex 60.3123 58.7634 23.3
      vertex 60.3792 58.731 23.3
    endloop
  endfacet
  facet normal 0.435877 0.900006 0
    outer loop
      vertex 60.3123 58.7634 23.3
      vertex 60.3792 58.731 22.92
      vertex 60.3123 58.7634 22.92
    endloop
  endfacet
  facet normal -1 0 0
    outer loop
      vertex 60.3123 58.1183 22.92
      vertex 60.3123 58.7634 23.3
      vertex 60.3123 58.7634 22.92
    endloop
  endfacet
  facet normal -1 -0 0
    outer loop
      vertex 60.3123 58.7634 23.3
      vertex 60.3123 58.1183 22.92
      vertex 60.3123 58.1183 23.3
    endloop
  endfacet
  facet normal -0.302755 -0.953068 0
    outer loop
      vertex 60.3123 58.1183 22.92
      vertex 60.3825 58.096 23.3
      vertex 60.3123 58.1183 23.3
    endloop
  endfacet
  facet normal -0.302755 -0.953068 -0
    outer loop
      vertex 60.3825 58.096 23.3
      vertex 60.3123 58.1183 22.92
      vertex 60.3825 58.096 22.92
    endloop
  endfacet
  facet normal -0.280837 -0.959755 0
    outer loop
      vertex 60.3825 58.096 22.92
      vertex 60.4529 58.0754 23.3
      vertex 60.3825 58.096 23.3
    endloop
  endfacet
  facet normal -0.280837 -0.959755 -0
    outer loop
      vertex 60.4529 58.0754 23.3
      vertex 60.3825 58.096 22.92
      vertex 60.4529 58.0754 22.92
    endloop
  endfacet
  facet normal -0.259875 -0.965642 0
    outer loop
      vertex 60.4529 58.0754 22.92
      vertex 60.5235 58.0564 23.3
      vertex 60.4529 58.0754 23.3
    endloop
  endfacet
  facet normal -0.259875 -0.965642 -0
    outer loop
      vertex 60.5235 58.0564 23.3
      vertex 60.4529 58.0754 22.92
      vertex 60.5235 58.0564 22.92
    endloop
  endfacet
  facet normal -0.237367 -0.97142 0
    outer loop
      vertex 60.5235 58.0564 22.92
      vertex 60.5943 58.0391 23.3
      vertex 60.5235 58.0564 23.3
    endloop
  endfacet
  facet normal -0.237367 -0.97142 -0
    outer loop
      vertex 60.5943 58.0391 23.3
      vertex 60.5235 58.0564 22.92
      vertex 60.5943 58.0391 22.92
    endloop
  endfacet
  facet normal -0.215622 -0.976477 0
    outer loop
      vertex 60.5943 58.0391 22.92
      vertex 60.6654 58.0234 23.3
      vertex 60.5943 58.0391 23.3
    endloop
  endfacet
  facet normal -0.215622 -0.976477 -0
    outer loop
      vertex 60.6654 58.0234 23.3
      vertex 60.5943 58.0391 22.92
      vertex 60.6654 58.0234 22.92
    endloop
  endfacet
  facet normal -0.194261 -0.98095 0
    outer loop
      vertex 60.6654 58.0234 22.92
      vertex 60.7366 58.0093 23.3
      vertex 60.6654 58.0234 23.3
    endloop
  endfacet
  facet normal -0.194261 -0.98095 -0
    outer loop
      vertex 60.7366 58.0093 23.3
      vertex 60.6654 58.0234 22.92
      vertex 60.7366 58.0093 22.92
    endloop
  endfacet
  facet normal -0.169538 -0.985524 0
    outer loop
      vertex 60.7366 58.0093 22.92
      vertex 60.8081 57.997 23.3
      vertex 60.7366 58.0093 23.3
    endloop
  endfacet
  facet normal -0.169538 -0.985524 -0
    outer loop
      vertex 60.8081 57.997 23.3
      vertex 60.7366 58.0093 22.92
      vertex 60.8081 57.997 22.92
    endloop
  endfacet
  facet normal -0.149151 -0.988814 0
    outer loop
      vertex 60.8081 57.997 22.92
      vertex 60.8797 57.9862 23.3
      vertex 60.8081 57.997 23.3
    endloop
  endfacet
  facet normal -0.149151 -0.988814 -0
    outer loop
      vertex 60.8797 57.9862 23.3
      vertex 60.8081 57.997 22.92
      vertex 60.8797 57.9862 22.92
    endloop
  endfacet
  facet normal -0.126081 -0.99202 0
    outer loop
      vertex 60.8797 57.9862 22.92
      vertex 60.9513 57.9771 23.3
      vertex 60.8797 57.9862 23.3
    endloop
  endfacet
  facet normal -0.126081 -0.99202 -0
    outer loop
      vertex 60.9513 57.9771 23.3
      vertex 60.8797 57.9862 22.92
      vertex 60.9513 57.9771 22.92
    endloop
  endfacet
  facet normal -0.102947 -0.994687 0
    outer loop
      vertex 60.9513 57.9771 22.92
      vertex 61.0228 57.9697 23.3
      vertex 60.9513 57.9771 23.3
    endloop
  endfacet
  facet normal -0.102947 -0.994687 -0
    outer loop
      vertex 61.0228 57.9697 23.3
      vertex 60.9513 57.9771 22.92
      vertex 61.0228 57.9697 22.92
    endloop
  endfacet
  facet normal -0.0795788 -0.996829 0
    outer loop
      vertex 61.0228 57.9697 22.92
      vertex 61.0942 57.964 23.3
      vertex 61.0228 57.9697 23.3
    endloop
  endfacet
  facet normal -0.0795788 -0.996829 -0
    outer loop
      vertex 61.0942 57.964 23.3
      vertex 61.0228 57.9697 22.92
      vertex 61.0942 57.964 22.92
    endloop
  endfacet
  facet normal -0.058722 -0.998274 0
    outer loop
      vertex 61.0942 57.964 22.92
      vertex 61.1656 57.9598 23.3
      vertex 61.0942 57.964 23.3
    endloop
  endfacet
  facet normal -0.058722 -0.998274 -0
    outer loop
      vertex 61.1656 57.9598 23.3
      vertex 61.0942 57.964 22.92
      vertex 61.1656 57.9598 22.92
    endloop
  endfacet
  facet normal -0.0349926 -0.999388 0
    outer loop
      vertex 61.1656 57.9598 22.92
      vertex 61.237 57.9573 23.3
      vertex 61.1656 57.9598 23.3
    endloop
  endfacet
  facet normal -0.0349926 -0.999388 -0
    outer loop
      vertex 61.237 57.9573 23.3
      vertex 61.1656 57.9598 22.92
      vertex 61.237 57.9573 22.92
    endloop
  endfacet
  facet normal -0.0112195 -0.999937 0
    outer loop
      vertex 61.237 57.9573 22.92
      vertex 61.3083 57.9565 23.3
      vertex 61.237 57.9573 23.3
    endloop
  endfacet
  facet normal -0.0112195 -0.999937 -0
    outer loop
      vertex 61.3083 57.9565 23.3
      vertex 61.237 57.9573 22.92
      vertex 61.3083 57.9565 22.92
    endloop
  endfacet
  facet normal 0.0261181 -0.999659 0
    outer loop
      vertex 61.3083 57.9565 22.92
      vertex 61.5035 57.9616 23.3
      vertex 61.3083 57.9565 23.3
    endloop
  endfacet
  facet normal 0.0261181 -0.999659 0
    outer loop
      vertex 61.5035 57.9616 23.3
      vertex 61.3083 57.9565 22.92
      vertex 61.5035 57.9616 22.92
    endloop
  endfacet
  facet normal 0 0 -1
    outer loop
      vertex 80.7012 58.6078 22.92
      vertex 79.7855 59.214 22.92
      vertex 80.7012 59.214 22.92
    endloop
  endfacet
  facet normal 0 -0 -1
    outer loop
      vertex 79.7855 59.214 22.92
      vertex 80.7012 58.6078 22.92
      vertex 79.2647 58.6078 22.92
    endloop
  endfacet
  facet normal 0 0 -1
    outer loop
      vertex 80.7012 58.6078 22.92
      vertex 81.4911 58.6078 22.92
      vertex 81.4911 58.018 22.92
    endloop
  endfacet
  facet normal 0 0 -1
    outer loop
      vertex 81.4911 58.6078 22.92
      vertex 80.7012 58.6078 22.92
      vertex 81.4911 59.214 22.92
    endloop
  endfacet
  facet normal 0 0 -1
    outer loop
      vertex 80.7012 58.6078 22.92
      vertex 81.4911 58.018 22.92
      vertex 80.7012 58.018 22.92
    endloop
  endfacet
  facet normal -0 0 -1
    outer loop
      vertex 81.4911 59.214 22.92
      vertex 80.7012 58.6078 22.92
      vertex 80.7012 59.214 22.92
    endloop
  endfacet
  facet normal 0 0 -1
    outer loop
      vertex 80.7012 60.5701 22.92
      vertex 81.4911 59.214 22.92
      vertex 80.7012 59.214 22.92
    endloop
  endfacet
  facet normal 0 0 -1
    outer loop
      vertex 81.4911 59.214 22.92
      vertex 80.7012 60.5701 22.92
      vertex 81.4911 61.2579 22.92
    endloop
  endfacet
  facet normal 0 0 -1
    outer loop
      vertex 80.7012 60.5701 22.92
      vertex 80.5623 61.2579 22.92
      vertex 81.4911 61.2579 22.92
    endloop
  endfacet
  facet normal 0 0 -1
    outer loop
      vertex 79.2647 59.3241 22.92
      vertex 80.7012 60.5701 22.92
      vertex 79.7855 59.214 22.92
    endloop
  endfacet
  facet normal 0 0 -1
    outer loop
      vertex 79.2647 59.3241 22.92
      vertex 79.7855 59.214 22.92
      vertex 79.2647 58.6078 22.92
    endloop
  endfacet
  facet normal -0 0 -1
    outer loop
      vertex 80.7012 60.5701 22.92
      vertex 79.2647 59.3241 22.92
      vertex 80.5623 61.2579 22.92
    endloop
  endfacet
  facet normal 0 0 -1
    outer loop
      vertex 81.4911 58.6078 22.92
      vertex 81.9533 59.214 22.92
      vertex 81.9533 58.6078 22.92
    endloop
  endfacet
  facet normal -0 0 -1
    outer loop
      vertex 81.9533 59.214 22.92
      vertex 81.4911 58.6078 22.92
      vertex 81.4911 59.214 22.92
    endloop
  endfacet
  facet normal -0 0 1
    outer loop
      vertex 79.7855 59.214 23.3
      vertex 80.7012 58.6078 23.3
      vertex 80.7012 59.214 23.3
    endloop
  endfacet
  facet normal 0 0 1
    outer loop
      vertex 79.2647 58.6078 23.3
      vertex 79.7855 59.214 23.3
      vertex 79.2647 59.3241 23.3
    endloop
  endfacet
  facet normal 0 0 1
    outer loop
      vertex 79.7855 59.214 23.3
      vertex 79.2647 58.6078 23.3
      vertex 80.7012 58.6078 23.3
    endloop
  endfacet
  facet normal -0 0 1
    outer loop
      vertex 80.7012 60.5701 23.3
      vertex 81.4911 59.214 23.3
      vertex 81.4911 61.2579 23.3
    endloop
  endfacet
  facet normal 0 0 1
    outer loop
      vertex 80.7012 59.214 23.3
      vertex 81.4911 59.214 23.3
      vertex 80.7012 60.5701 23.3
    endloop
  endfacet
  facet normal 0 0 1
    outer loop
      vertex 81.4911 59.214 23.3
      vertex 80.7012 59.214 23.3
      vertex 81.4911 58.6078 23.3
    endloop
  endfacet
  facet normal -0 0 1
    outer loop
      vertex 80.5623 61.2579 23.3
      vertex 80.7012 60.5701 23.3
      vertex 81.4911 61.2579 23.3
    endloop
  endfacet
  facet normal 0 0 1
    outer loop
      vertex 79.2647 59.3241 23.3
      vertex 80.7012 60.5701 23.3
      vertex 80.5623 61.2579 23.3
    endloop
  endfacet
  facet normal 0 0 1
    outer loop
      vertex 80.7012 60.5701 23.3
      vertex 79.2647 59.3241 23.3
      vertex 79.7855 59.214 23.3
    endloop
  endfacet
  facet normal -0 0 1
    outer loop
      vertex 81.4911 59.214 23.3
      vertex 81.9533 58.6078 23.3
      vertex 81.9533 59.214 23.3
    endloop
  endfacet
  facet normal 0 0 1
    outer loop
      vertex 81.9533 58.6078 23.3
      vertex 81.4911 59.214 23.3
      vertex 81.4911 58.6078 23.3
    endloop
  endfacet
  facet normal 0 0 1
    outer loop
      vertex 80.7012 58.6078 23.3
      vertex 81.4911 58.6078 23.3
      vertex 80.7012 59.214 23.3
    endloop
  endfacet
  facet normal 0 0 1
    outer loop
      vertex 81.4911 58.6078 23.3
      vertex 80.7012 58.6078 23.3
      vertex 81.4911 58.018 23.3
    endloop
  endfacet
  facet normal 0 0 1
    outer loop
      vertex 81.4911 58.018 23.3
      vertex 80.7012 58.6078 23.3
      vertex 80.7012 58.018 23.3
    endloop
  endfacet
  facet normal 0 -1 0
    outer loop
      vertex 81.4911 58.6078 22.92
      vertex 81.9533 58.6078 23.3
      vertex 81.4911 58.6078 23.3
    endloop
  endfacet
  facet normal 0 -1 -0
    outer loop
      vertex 81.9533 58.6078 23.3
      vertex 81.4911 58.6078 22.92
      vertex 81.9533 58.6078 22.92
    endloop
  endfacet
  facet normal 1 -0 0
    outer loop
      vertex 81.9533 58.6078 23.3
      vertex 81.9533 59.214 22.92
      vertex 81.9533 59.214 23.3
    endloop
  endfacet
  facet normal 1 0 0
    outer loop
      vertex 81.9533 59.214 22.92
      vertex 81.9533 58.6078 23.3
      vertex 81.9533 58.6078 22.92
    endloop
  endfacet
  facet normal 0 1 -0
    outer loop
      vertex 81.9533 59.214 22.92
      vertex 81.4911 59.214 23.3
      vertex 81.9533 59.214 23.3
    endloop
  endfacet
  facet normal 0 1 0
    outer loop
      vertex 81.4911 59.214 23.3
      vertex 81.9533 59.214 22.92
      vertex 81.4911 59.214 22.92
    endloop
  endfacet
  facet normal 1 -0 0
    outer loop
      vertex 81.4911 59.214 23.3
      vertex 81.4911 61.2579 22.92
      vertex 81.4911 61.2579 23.3
    endloop
  endfacet
  facet normal 1 0 0
    outer loop
      vertex 81.4911 61.2579 22.92
      vertex 81.4911 59.214 23.3
      vertex 81.4911 59.214 22.92
    endloop
  endfacet
  facet normal 0 1 -0
    outer loop
      vertex 81.4911 61.2579 22.92
      vertex 80.5623 61.2579 23.3
      vertex 81.4911 61.2579 23.3
    endloop
  endfacet
  facet normal 0 1 0
    outer loop
      vertex 80.5623 61.2579 23.3
      vertex 81.4911 61.2579 22.92
      vertex 80.5623 61.2579 22.92
    endloop
  endfacet
  facet normal -0.830382 0.557195 0
    outer loop
      vertex 79.2647 59.3241 22.92
      vertex 80.5623 61.2579 23.3
      vertex 80.5623 61.2579 22.92
    endloop
  endfacet
  facet normal -0.830382 0.557195 0
    outer loop
      vertex 80.5623 61.2579 23.3
      vertex 79.2647 59.3241 22.92
      vertex 79.2647 59.3241 23.3
    endloop
  endfacet
  facet normal -1 0 0
    outer loop
      vertex 79.2647 58.6078 22.92
      vertex 79.2647 59.3241 23.3
      vertex 79.2647 59.3241 22.92
    endloop
  endfacet
  facet normal -1 -0 0
    outer loop
      vertex 79.2647 59.3241 23.3
      vertex 79.2647 58.6078 22.92
      vertex 79.2647 58.6078 23.3
    endloop
  endfacet
  facet normal 0 -1 0
    outer loop
      vertex 79.2647 58.6078 22.92
      vertex 80.7012 58.6078 23.3
      vertex 79.2647 58.6078 23.3
    endloop
  endfacet
  facet normal 0 -1 -0
    outer loop
      vertex 80.7012 58.6078 23.3
      vertex 79.2647 58.6078 22.92
      vertex 80.7012 58.6078 22.92
    endloop
  endfacet
  facet normal -1 0 0
    outer loop
      vertex 80.7012 58.018 22.92
      vertex 80.7012 58.6078 23.3
      vertex 80.7012 58.6078 22.92
    endloop
  endfacet
  facet normal -1 -0 0
    outer loop
      vertex 80.7012 58.6078 23.3
      vertex 80.7012 58.018 22.92
      vertex 80.7012 58.018 23.3
    endloop
  endfacet
  facet normal 0 -1 0
    outer loop
      vertex 80.7012 58.018 22.92
      vertex 81.4911 58.018 23.3
      vertex 80.7012 58.018 23.3
    endloop
  endfacet
  facet normal 0 -1 -0
    outer loop
      vertex 81.4911 58.018 23.3
      vertex 80.7012 58.018 22.92
      vertex 81.4911 58.018 22.92
    endloop
  endfacet
  facet normal 1 -0 0
    outer loop
      vertex 81.4911 58.018 23.3
      vertex 81.4911 58.6078 22.92
      vertex 81.4911 58.6078 23.3
    endloop
  endfacet
  facet normal 1 0 0
    outer loop
      vertex 81.4911 58.6078 22.92
      vertex 81.4911 58.018 23.3
      vertex 81.4911 58.018 22.92
    endloop
  endfacet
  facet normal 0.828754 -0.559612 0
    outer loop
      vertex 79.7855 59.214 23.3
      vertex 80.7012 60.5701 22.92
      vertex 80.7012 60.5701 23.3
    endloop
  endfacet
  facet normal 0.828754 -0.559612 0
    outer loop
      vertex 80.7012 60.5701 22.92
      vertex 79.7855 59.214 23.3
      vertex 79.7855 59.214 22.92
    endloop
  endfacet
  facet normal -1 0 0
    outer loop
      vertex 80.7012 59.214 22.92
      vertex 80.7012 60.5701 23.3
      vertex 80.7012 60.5701 22.92
    endloop
  endfacet
  facet normal -1 -0 0
    outer loop
      vertex 80.7012 60.5701 23.3
      vertex 80.7012 59.214 22.92
      vertex 80.7012 59.214 23.3
    endloop
  endfacet
  facet normal 0 1 -0
    outer loop
      vertex 80.7012 59.214 22.92
      vertex 79.7855 59.214 23.3
      vertex 80.7012 59.214 23.3
    endloop
  endfacet
  facet normal 0 1 0
    outer loop
      vertex 79.7855 59.214 23.3
      vertex 80.7012 59.214 22.92
      vertex 79.7855 59.214 22.92
    endloop
  endfacet
  facet normal 0 0 -1
    outer loop
      vertex 23.8615 40.0558 22.92
      vertex 24.697 40.0557 22.92
      vertex 24.6896 39.9103 22.92
    endloop
  endfacet
  facet normal 0 0 -1
    outer loop
      vertex 24.697 40.0557 22.92
      vertex 23.8615 40.0558 22.92
      vertex 24.6902 40.2023 22.92
    endloop
  endfacet
  facet normal 0 0 -1
    outer loop
      vertex 23.8579 39.9854 22.92
      vertex 24.6896 39.9103 22.92
      vertex 24.6676 39.7741 22.92
    endloop
  endfacet
  facet normal 0 0 -1
    outer loop
      vertex 23.8579 40.1267 22.92
      vertex 24.6902 40.2023 22.92
      vertex 23.8615 40.0558 22.92
    endloop
  endfacet
  facet normal 0 0 -1
    outer loop
      vertex 23.8472 39.9194 22.92
      vertex 24.6676 39.7741 22.92
      vertex 24.631 39.6473 22.92
    endloop
  endfacet
  facet normal -0 0 -1
    outer loop
      vertex 24.6902 40.2023 22.92
      vertex 23.8579 40.1267 22.92
      vertex 24.67 40.3393 22.92
    endloop
  endfacet
  facet normal 0 0 -1
    outer loop
      vertex 23.8294 39.8576 22.92
      vertex 24.631 39.6473 22.92
      vertex 24.5797 39.5297 22.92
    endloop
  endfacet
  facet normal 0 0 -1
    outer loop
      vertex 23.8472 40.1932 22.92
      vertex 24.67 40.3393 22.92
      vertex 23.8579 40.1267 22.92
    endloop
  endfacet
  facet normal 0 0 -1
    outer loop
      vertex 23.8294 39.8576 22.92
      vertex 24.5797 39.5297 22.92
      vertex 24.5137 39.4215 22.92
    endloop
  endfacet
  facet normal -0 0 -1
    outer loop
      vertex 24.67 40.3393 22.92
      vertex 23.8472 40.1932 22.92
      vertex 24.6364 40.4669 22.92
    endloop
  endfacet
  facet normal 0 0 -1
    outer loop
      vertex 23.8045 39.8001 22.92
      vertex 24.5137 39.4215 22.92
      vertex 24.4331 39.3226 22.92
    endloop
  endfacet
  facet normal 0 0 -1
    outer loop
      vertex 23.8294 40.2552 22.92
      vertex 24.6364 40.4669 22.92
      vertex 23.8472 40.1932 22.92
    endloop
  endfacet
  facet normal 0 0 -1
    outer loop
      vertex 23.7724 39.7469 22.92
      vertex 24.4331 39.3226 22.92
      vertex 24.3378 39.2329 22.92
    endloop
  endfacet
  facet normal -0 0 -1
    outer loop
      vertex 24.6364 40.4669 22.92
      vertex 23.8294 40.2552 22.92
      vertex 24.5892 40.5849 22.92
    endloop
  endfacet
  facet normal 0 0 -1
    outer loop
      vertex 23.7724 39.7469 22.92
      vertex 24.3378 39.2329 22.92
      vertex 24.2295 39.154 22.92
    endloop
  endfacet
  facet normal -0 0 -1
    outer loop
      vertex 24.5892 40.5849 22.92
      vertex 23.8294 40.2552 22.92
      vertex 24.5287 40.6933 22.92
    endloop
  endfacet
  facet normal 0 0 -1
    outer loop
      vertex 23.7332 39.698 22.92
      vertex 24.2295 39.154 22.92
      vertex 24.1098 39.0873 22.92
    endloop
  endfacet
  facet normal 0 0 -1
    outer loop
      vertex 23.8045 40.3129 22.92
      vertex 24.5287 40.6933 22.92
      vertex 23.8294 40.2552 22.92
    endloop
  endfacet
  facet normal 0 0 -1
    outer loop
      vertex 23.6868 39.6534 22.92
      vertex 24.1098 39.0873 22.92
      vertex 23.9788 39.0326 22.92
    endloop
  endfacet
  facet normal -0 0 -1
    outer loop
      vertex 24.5287 40.6933 22.92
      vertex 23.8045 40.3129 22.92
      vertex 24.4546 40.7923 22.92
    endloop
  endfacet
  facet normal 0 0 -1
    outer loop
      vertex 23.7724 40.3661 22.92
      vertex 24.4546 40.7923 22.92
      vertex 23.8045 40.3129 22.92
    endloop
  endfacet
  facet normal 0 0 -1
    outer loop
      vertex 24.6896 39.9103 22.92
      vertex 23.8579 39.9854 22.92
      vertex 23.8615 40.0558 22.92
    endloop
  endfacet
  facet normal 0 0 -1
    outer loop
      vertex 24.6676 39.7741 22.92
      vertex 23.8472 39.9194 22.92
      vertex 23.8579 39.9854 22.92
    endloop
  endfacet
  facet normal 0 0 -1
    outer loop
      vertex 23.6343 39.614 22.92
      vertex 23.9788 39.0326 22.92
      vertex 23.8363 38.9901 22.92
    endloop
  endfacet
  facet normal 0 0 -1
    outer loop
      vertex 24.631 39.6473 22.92
      vertex 23.8294 39.8576 22.92
      vertex 23.8472 39.9194 22.92
    endloop
  endfacet
  facet normal 0 0 -1
    outer loop
      vertex 24.5137 39.4215 22.92
      vertex 23.8045 39.8001 22.92
      vertex 23.8294 39.8576 22.92
    endloop
  endfacet
  facet normal 0 0 -1
    outer loop
      vertex 24.4331 39.3226 22.92
      vertex 23.7724 39.7469 22.92
      vertex 23.8045 39.8001 22.92
    endloop
  endfacet
  facet normal 0 0 -1
    outer loop
      vertex 24.2295 39.154 22.92
      vertex 23.7332 39.698 22.92
      vertex 23.7724 39.7469 22.92
    endloop
  endfacet
  facet normal 0 0 -1
    outer loop
      vertex 24.1098 39.0873 22.92
      vertex 23.6868 39.6534 22.92
      vertex 23.7332 39.698 22.92
    endloop
  endfacet
  facet normal 0 0 -1
    outer loop
      vertex 23.5765 39.5807 22.92
      vertex 23.8363 38.9901 22.92
      vertex 23.6825 38.9598 22.92
    endloop
  endfacet
  facet normal 0 0 -1
    outer loop
      vertex 23.9788 39.0326 22.92
      vertex 23.6343 39.614 22.92
      vertex 23.6868 39.6534 22.92
    endloop
  endfacet
  facet normal 0 0 -1
    outer loop
      vertex 23.8363 38.9901 22.92
      vertex 23.5765 39.5807 22.92
      vertex 23.6343 39.614 22.92
    endloop
  endfacet
  facet normal 0 0 -1
    outer loop
      vertex 23.445 39.5321 22.92
      vertex 23.6825 38.9598 22.92
      vertex 23.5173 38.9416 22.92
    endloop
  endfacet
  facet normal 0 0 -1
    outer loop
      vertex 23.6825 38.9598 22.92
      vertex 23.5134 39.5534 22.92
      vertex 23.5765 39.5807 22.92
    endloop
  endfacet
  facet normal 0 0 -1
    outer loop
      vertex 23.6825 38.9598 22.92
      vertex 23.445 39.5321 22.92
      vertex 23.5134 39.5534 22.92
    endloop
  endfacet
  facet normal 0 0 -1
    outer loop
      vertex 23.5173 38.9416 22.92
      vertex 23.3714 39.517 22.92
      vertex 23.445 39.5321 22.92
    endloop
  endfacet
  facet normal 0 0 -1
    outer loop
      vertex 23.3407 38.9355 22.92
      vertex 23.3714 39.517 22.92
      vertex 23.5173 38.9416 22.92
    endloop
  endfacet
  facet normal 0 0 -1
    outer loop
      vertex 23.3407 38.9355 22.92
      vertex 23.2925 39.5079 22.92
      vertex 23.3714 39.517 22.92
    endloop
  endfacet
  facet normal 0 0 -1
    outer loop
      vertex 23.2621 38.9366 22.92
      vertex 23.2925 39.5079 22.92
      vertex 23.3407 38.9355 22.92
    endloop
  endfacet
  facet normal 0 0 -1
    outer loop
      vertex 23.2621 38.9366 22.92
      vertex 23.2083 39.5049 22.92
      vertex 23.2925 39.5079 22.92
    endloop
  endfacet
  facet normal 0 0 -1
    outer loop
      vertex 23.1837 38.9399 22.92
      vertex 23.2083 39.5049 22.92
      vertex 23.2621 38.9366 22.92
    endloop
  endfacet
  facet normal 0 0 -1
    outer loop
      vertex 23.1837 38.9399 22.92
      vertex 23.1476 39.5064 22.92
      vertex 23.2083 39.5049 22.92
    endloop
  endfacet
  facet normal 0 0 -1
    outer loop
      vertex 23.1055 38.9453 22.92
      vertex 23.1476 39.5064 22.92
      vertex 23.1837 38.9399 22.92
    endloop
  endfacet
  facet normal 0 0 -1
    outer loop
      vertex 23.1055 38.9453 22.92
      vertex 23.0858 39.511 22.92
      vertex 23.1476 39.5064 22.92
    endloop
  endfacet
  facet normal 0 0 -1
    outer loop
      vertex 23.0275 38.9529 22.92
      vertex 23.0858 39.511 22.92
      vertex 23.1055 38.9453 22.92
    endloop
  endfacet
  facet normal 0 0 -1
    outer loop
      vertex 22.9498 38.9627 22.92
      vertex 23.0858 39.511 22.92
      vertex 23.0275 38.9529 22.92
    endloop
  endfacet
  facet normal -0 0 -1
    outer loop
      vertex 23.0858 39.511 22.92
      vertex 22.9498 38.9627 22.92
      vertex 23.0229 39.5188 22.92
    endloop
  endfacet
  facet normal 0 0 -1
    outer loop
      vertex 22.8722 38.9746 22.92
      vertex 23.0229 39.5188 22.92
      vertex 22.9498 38.9627 22.92
    endloop
  endfacet
  facet normal -0 0 -1
    outer loop
      vertex 23.0229 39.5188 22.92
      vertex 22.8722 38.9746 22.92
      vertex 22.9589 39.5296 22.92
    endloop
  endfacet
  facet normal 0 0 -1
    outer loop
      vertex 22.7949 38.9887 22.92
      vertex 22.9589 39.5296 22.92
      vertex 22.8722 38.9746 22.92
    endloop
  endfacet
  facet normal -0 0 -1
    outer loop
      vertex 22.9589 39.5296 22.92
      vertex 22.7949 38.9887 22.92
      vertex 22.8938 39.5435 22.92
    endloop
  endfacet
  facet normal 0 0 -1
    outer loop
      vertex 22.7178 39.0051 22.92
      vertex 22.8938 39.5435 22.92
      vertex 22.7949 38.9887 22.92
    endloop
  endfacet
  facet normal -0 0 -1
    outer loop
      vertex 22.8938 39.5435 22.92
      vertex 22.7178 39.0051 22.92
      vertex 22.8275 39.5605 22.92
    endloop
  endfacet
  facet normal 0 0 -1
    outer loop
      vertex 22.6408 39.0237 22.92
      vertex 22.8275 39.5605 22.92
      vertex 22.7178 39.0051 22.92
    endloop
  endfacet
  facet normal -0 0 -1
    outer loop
      vertex 22.8275 39.5605 22.92
      vertex 22.6408 39.0237 22.92
      vertex 22.7602 39.5806 22.92
    endloop
  endfacet
  facet normal 0 0 -1
    outer loop
      vertex 22.564 39.0445 22.92
      vertex 22.7602 39.5806 22.92
      vertex 22.6408 39.0237 22.92
    endloop
  endfacet
  facet normal -0 0 -1
    outer loop
      vertex 22.7602 39.5806 22.92
      vertex 22.564 39.0445 22.92
      vertex 22.6918 39.6038 22.92
    endloop
  endfacet
  facet normal 0 0 -1
    outer loop
      vertex 22.4872 39.0676 22.92
      vertex 22.6918 39.6038 22.92
      vertex 22.564 39.0445 22.92
    endloop
  endfacet
  facet normal -0 0 -1
    outer loop
      vertex 22.6918 39.6038 22.92
      vertex 22.4872 39.0676 22.92
      vertex 22.6222 39.6301 22.92
    endloop
  endfacet
  facet normal 0 0 -1
    outer loop
      vertex 22.4107 39.093 22.92
      vertex 22.6222 39.6301 22.92
      vertex 22.4872 39.0676 22.92
    endloop
  endfacet
  facet normal -0 0 -1
    outer loop
      vertex 22.6222 39.6301 22.92
      vertex 22.4107 39.093 22.92
      vertex 22.5516 39.6595 22.92
    endloop
  endfacet
  facet normal 0 0 -1
    outer loop
      vertex 22.3342 39.1207 22.92
      vertex 22.5516 39.6595 22.92
      vertex 22.4107 39.093 22.92
    endloop
  endfacet
  facet normal 0 0 -1
    outer loop
      vertex 22.2579 39.1506 22.92
      vertex 22.5516 39.6595 22.92
      vertex 22.3342 39.1207 22.92
    endloop
  endfacet
  facet normal -0 0 -1
    outer loop
      vertex 22.5516 39.6595 22.92
      vertex 22.2579 39.1506 22.92
      vertex 22.4798 39.692 22.92
    endloop
  endfacet
  facet normal -0 0 -1
    outer loop
      vertex 22.4798 39.692 22.92
      vertex 22.2579 39.1506 22.92
      vertex 22.4069 39.7276 22.92
    endloop
  endfacet
  facet normal -0 0 -1
    outer loop
      vertex 22.4069 39.7276 22.92
      vertex 22.2579 39.1506 22.92
      vertex 22.333 39.7662 22.92
    endloop
  endfacet
  facet normal -0 0 -1
    outer loop
      vertex 22.333 39.7662 22.92
      vertex 22.2579 39.1506 22.92
      vertex 22.2579 39.808 22.92
    endloop
  endfacet
  facet normal -0 0 -1
    outer loop
      vertex 24.4546 40.7923 22.92
      vertex 23.7724 40.3661 22.92
      vertex 24.3671 40.8817 22.92
    endloop
  endfacet
  facet normal -0 0 -1
    outer loop
      vertex 24.3671 40.8817 22.92
      vertex 23.7724 40.3661 22.92
      vertex 24.2675 40.9603 22.92
    endloop
  endfacet
  facet normal 0 0 -1
    outer loop
      vertex 23.7332 40.4149 22.92
      vertex 24.2675 40.9603 22.92
      vertex 23.7724 40.3661 22.92
    endloop
  endfacet
  facet normal -0 0 -1
    outer loop
      vertex 24.2675 40.9603 22.92
      vertex 23.7332 40.4149 22.92
      vertex 24.1572 41.0269 22.92
    endloop
  endfacet
  facet normal 0 0 -1
    outer loop
      vertex 23.6868 40.4592 22.92
      vertex 24.1572 41.0269 22.92
      vertex 23.7332 40.4149 22.92
    endloop
  endfacet
  facet normal -0 0 -1
    outer loop
      vertex 24.1572 41.0269 22.92
      vertex 23.6868 40.4592 22.92
      vertex 24.0362 41.0813 22.92
    endloop
  endfacet
  facet normal 0 0 -1
    outer loop
      vertex 23.6343 40.4983 22.92
      vertex 24.0362 41.0813 22.92
      vertex 23.6868 40.4592 22.92
    endloop
  endfacet
  facet normal -0 0 -1
    outer loop
      vertex 24.0362 41.0813 22.92
      vertex 23.6343 40.4983 22.92
      vertex 23.9044 41.1236 22.92
    endloop
  endfacet
  facet normal 0 0 -1
    outer loop
      vertex 23.5765 40.5314 22.92
      vertex 23.9044 41.1236 22.92
      vertex 23.6343 40.4983 22.92
    endloop
  endfacet
  facet normal -0 0 -1
    outer loop
      vertex 23.9044 41.1236 22.92
      vertex 23.5765 40.5314 22.92
      vertex 23.7619 41.1539 22.92
    endloop
  endfacet
  facet normal 0 0 -1
    outer loop
      vertex 23.5134 40.5585 22.92
      vertex 23.7619 41.1539 22.92
      vertex 23.5765 40.5314 22.92
    endloop
  endfacet
  facet normal -0 0 -1
    outer loop
      vertex 23.7619 41.1539 22.92
      vertex 23.5134 40.5585 22.92
      vertex 23.6088 41.172 22.92
    endloop
  endfacet
  facet normal 0 0 -1
    outer loop
      vertex 23.445 40.5796 22.92
      vertex 23.6088 41.172 22.92
      vertex 23.5134 40.5585 22.92
    endloop
  endfacet
  facet normal 0 0 -1
    outer loop
      vertex 23.445 40.5796 22.92
      vertex 23.4449 41.1781 22.92
      vertex 23.6088 41.172 22.92
    endloop
  endfacet
  facet normal 0 0 -1
    outer loop
      vertex 23.3714 40.5946 22.92
      vertex 23.4449 41.1781 22.92
      vertex 23.445 40.5796 22.92
    endloop
  endfacet
  facet normal 0 0 -1
    outer loop
      vertex 23.4449 41.1781 22.92
      vertex 23.3714 40.5946 22.92
      vertex 23.4153 41.1778 22.92
    endloop
  endfacet
  facet normal 0 0 -1
    outer loop
      vertex 23.4153 41.1778 22.92
      vertex 23.3714 40.5946 22.92
      vertex 23.386 41.1769 22.92
    endloop
  endfacet
  facet normal 0 0 -1
    outer loop
      vertex 23.3714 40.5946 22.92
      vertex 23.357 41.1755 22.92
      vertex 23.386 41.1769 22.92
    endloop
  endfacet
  facet normal 0 0 -1
    outer loop
      vertex 23.3714 40.5946 22.92
      vertex 23.3283 41.1735 22.92
      vertex 23.357 41.1755 22.92
    endloop
  endfacet
  facet normal 0 0 -1
    outer loop
      vertex 23.2925 40.6037 22.92
      vertex 23.3283 41.1735 22.92
      vertex 23.3714 40.5946 22.92
    endloop
  endfacet
  facet normal 0 0 -1
    outer loop
      vertex 23.3283 41.1735 22.92
      vertex 23.2925 40.6037 22.92
      vertex 23.3 41.1709 22.92
    endloop
  endfacet
  facet normal 0 0 -1
    outer loop
      vertex 23.2925 40.6037 22.92
      vertex 23.2719 41.1677 22.92
      vertex 23.3 41.1709 22.92
    endloop
  endfacet
  facet normal 0 0 -1
    outer loop
      vertex 23.2925 40.6037 22.92
      vertex 23.2441 41.164 22.92
      vertex 23.2719 41.1677 22.92
    endloop
  endfacet
  facet normal 0 0 -1
    outer loop
      vertex 23.2925 40.6037 22.92
      vertex 23.2166 41.1597 22.92
      vertex 23.2441 41.164 22.92
    endloop
  endfacet
  facet normal 0 0 -1
    outer loop
      vertex 23.2083 40.6067 22.92
      vertex 23.2166 41.1597 22.92
      vertex 23.2925 40.6037 22.92
    endloop
  endfacet
  facet normal 0 0 -1
    outer loop
      vertex 23.2083 40.6067 22.92
      vertex 23.1891 41.1549 22.92
      vertex 23.2166 41.1597 22.92
    endloop
  endfacet
  facet normal 0 0 -1
    outer loop
      vertex 23.2083 40.6067 22.92
      vertex 23.1616 41.1497 22.92
      vertex 23.1891 41.1549 22.92
    endloop
  endfacet
  facet normal 0 0 -1
    outer loop
      vertex 23.1068 41.1377 22.92
      vertex 23.2083 40.6067 22.92
      vertex 23.1564 40.6057 22.92
    endloop
  endfacet
  facet normal 0 0 -1
    outer loop
      vertex 23.2083 40.6067 22.92
      vertex 23.1342 41.1439 22.92
      vertex 23.1616 41.1497 22.92
    endloop
  endfacet
  facet normal 0 0 -1
    outer loop
      vertex 23.2083 40.6067 22.92
      vertex 23.1068 41.1377 22.92
      vertex 23.1342 41.1439 22.92
    endloop
  endfacet
  facet normal 0 0 -1
    outer loop
      vertex 23.0521 41.1238 22.92
      vertex 23.1564 40.6057 22.92
      vertex 23.1035 40.6029 22.92
    endloop
  endfacet
  facet normal 0 0 -1
    outer loop
      vertex 23.1564 40.6057 22.92
      vertex 23.0794 41.131 22.92
      vertex 23.1068 41.1377 22.92
    endloop
  endfacet
  facet normal 0 0 -1
    outer loop
      vertex 23.1564 40.6057 22.92
      vertex 23.0521 41.1238 22.92
      vertex 23.0794 41.131 22.92
    endloop
  endfacet
  facet normal 0 0 -1
    outer loop
      vertex 22.9947 40.5915 22.92
      vertex 23.0521 41.1238 22.92
      vertex 23.0496 40.5981 22.92
    endloop
  endfacet
  facet normal 0 0 -1
    outer loop
      vertex 23.0496 40.5981 22.92
      vertex 23.0521 41.1238 22.92
      vertex 23.1035 40.6029 22.92
    endloop
  endfacet
  facet normal 0 0 -1
    outer loop
      vertex 23.0521 41.6245 22.92
      vertex 24.4626 42.2389 22.92
      vertex 24.4626 41.6245 22.92
    endloop
  endfacet
  facet normal 0 0 -1
    outer loop
      vertex 22.9389 40.5829 22.92
      vertex 23.0521 41.1238 22.92
      vertex 22.9947 40.5915 22.92
    endloop
  endfacet
  facet normal 0 0 -1
    outer loop
      vertex 22.882 40.5725 22.92
      vertex 23.0521 41.1238 22.92
      vertex 22.9389 40.5829 22.92
    endloop
  endfacet
  facet normal 0 0 -1
    outer loop
      vertex 22.8242 40.5601 22.92
      vertex 23.0521 41.1238 22.92
      vertex 22.882 40.5725 22.92
    endloop
  endfacet
  facet normal 0 0 -1
    outer loop
      vertex 22.7653 40.5458 22.92
      vertex 23.0521 41.1238 22.92
      vertex 22.8242 40.5601 22.92
    endloop
  endfacet
  facet normal 0 0 -1
    outer loop
      vertex 22.7052 40.5294 22.92
      vertex 23.0521 41.1238 22.92
      vertex 22.7653 40.5458 22.92
    endloop
  endfacet
  facet normal 0 0 -1
    outer loop
      vertex 22.6438 40.5109 22.92
      vertex 23.0521 41.1238 22.92
      vertex 22.7052 40.5294 22.92
    endloop
  endfacet
  facet normal 0 0 -1
    outer loop
      vertex 22.5812 40.4904 22.92
      vertex 23.0521 41.1238 22.92
      vertex 22.6438 40.5109 22.92
    endloop
  endfacet
  facet normal 0 0 -1
    outer loop
      vertex 22.5173 40.4677 22.92
      vertex 23.0521 41.1238 22.92
      vertex 22.5812 40.4904 22.92
    endloop
  endfacet
  facet normal 0 0 -1
    outer loop
      vertex 22.4523 40.443 22.92
      vertex 23.0521 41.1238 22.92
      vertex 22.5173 40.4677 22.92
    endloop
  endfacet
  facet normal -0 0 -1
    outer loop
      vertex 23.0521 41.1238 22.92
      vertex 22.4523 40.443 22.92
      vertex 22.3859 42.2389 22.92
    endloop
  endfacet
  facet normal 0 0 -1
    outer loop
      vertex 22.3859 42.2389 22.92
      vertex 22.4523 40.443 22.92
      vertex 22.3859 40.4162 22.92
    endloop
  endfacet
  facet normal 0 0 -1
    outer loop
      vertex 23.0521 41.6245 22.92
      vertex 22.3859 42.2389 22.92
      vertex 24.4626 42.2389 22.92
    endloop
  endfacet
  facet normal 0 0 -1
    outer loop
      vertex 23.0521 41.1238 22.92
      vertex 22.3859 42.2389 22.92
      vertex 23.0521 41.6245 22.92
    endloop
  endfacet
  facet normal 0 0 1
    outer loop
      vertex 24.4626 42.2389 23.3
      vertex 23.0521 41.6245 23.3
      vertex 24.4626 41.6245 23.3
    endloop
  endfacet
  facet normal 0 0 1
    outer loop
      vertex 22.3859 42.2389 23.3
      vertex 23.0521 41.1238 23.3
      vertex 23.0521 41.6245 23.3
    endloop
  endfacet
  facet normal 0 0 1
    outer loop
      vertex 23.0521 41.1238 23.3
      vertex 22.9947 40.5915 23.3
      vertex 23.0496 40.5981 23.3
    endloop
  endfacet
  facet normal 0 0 1
    outer loop
      vertex 23.0521 41.1238 23.3
      vertex 22.9389 40.5829 23.3
      vertex 22.9947 40.5915 23.3
    endloop
  endfacet
  facet normal 0 0 1
    outer loop
      vertex 23.0521 41.1238 23.3
      vertex 22.882 40.5725 23.3
      vertex 22.9389 40.5829 23.3
    endloop
  endfacet
  facet normal 0 0 1
    outer loop
      vertex 23.0521 41.1238 23.3
      vertex 22.8242 40.5601 23.3
      vertex 22.882 40.5725 23.3
    endloop
  endfacet
  facet normal 0 0 1
    outer loop
      vertex 23.0521 41.1238 23.3
      vertex 22.7653 40.5458 23.3
      vertex 22.8242 40.5601 23.3
    endloop
  endfacet
  facet normal 0 0 1
    outer loop
      vertex 23.0521 41.1238 23.3
      vertex 22.7052 40.5294 23.3
      vertex 22.7653 40.5458 23.3
    endloop
  endfacet
  facet normal 0 0 1
    outer loop
      vertex 23.0521 41.1238 23.3
      vertex 22.6438 40.5109 23.3
      vertex 22.7052 40.5294 23.3
    endloop
  endfacet
  facet normal 0 0 1
    outer loop
      vertex 23.0521 41.1238 23.3
      vertex 22.5812 40.4904 23.3
      vertex 22.6438 40.5109 23.3
    endloop
  endfacet
  facet normal 0 0 1
    outer loop
      vertex 23.0521 41.1238 23.3
      vertex 22.5173 40.4677 23.3
      vertex 22.5812 40.4904 23.3
    endloop
  endfacet
  facet normal 0 -0 1
    outer loop
      vertex 22.4523 40.443 23.3
      vertex 23.0521 41.1238 23.3
      vertex 22.3859 42.2389 23.3
    endloop
  endfacet
  facet normal -0 0 1
    outer loop
      vertex 22.3859 42.2389 23.3
      vertex 23.0521 41.6245 23.3
      vertex 24.4626 42.2389 23.3
    endloop
  endfacet
  facet normal 0 0 1
    outer loop
      vertex 23.0521 41.1238 23.3
      vertex 22.4523 40.443 23.3
      vertex 22.5173 40.4677 23.3
    endloop
  endfacet
  facet normal 0 0 1
    outer loop
      vertex 22.4523 40.443 23.3
      vertex 22.3859 42.2389 23.3
      vertex 22.3859 40.4162 23.3
    endloop
  endfacet
  facet normal 0 0 1
    outer loop
      vertex 24.6902 40.2023 23.3
      vertex 23.8579 40.1267 23.3
      vertex 23.8615 40.0558 23.3
    endloop
  endfacet
  facet normal 0 0 1
    outer loop
      vertex 24.0362 41.0813 23.3
      vertex 23.8472 40.1932 23.3
      vertex 23.8579 40.1267 23.3
    endloop
  endfacet
  facet normal 0 0 1
    outer loop
      vertex 24.0362 41.0813 23.3
      vertex 23.8294 40.2552 23.3
      vertex 23.8472 40.1932 23.3
    endloop
  endfacet
  facet normal 0 0 1
    outer loop
      vertex 24.0362 41.0813 23.3
      vertex 23.8045 40.3129 23.3
      vertex 23.8294 40.2552 23.3
    endloop
  endfacet
  facet normal 0 0 1
    outer loop
      vertex 24.0362 41.0813 23.3
      vertex 23.7724 40.3661 23.3
      vertex 23.8045 40.3129 23.3
    endloop
  endfacet
  facet normal 0 0 1
    outer loop
      vertex 23.5765 40.5314 23.3
      vertex 23.9044 41.1236 23.3
      vertex 23.7619 41.1539 23.3
    endloop
  endfacet
  facet normal 0 0 1
    outer loop
      vertex 24.0362 41.0813 23.3
      vertex 23.7332 40.4149 23.3
      vertex 23.7724 40.3661 23.3
    endloop
  endfacet
  facet normal 0 0 1
    outer loop
      vertex 24.0362 41.0813 23.3
      vertex 23.6868 40.4592 23.3
      vertex 23.7332 40.4149 23.3
    endloop
  endfacet
  facet normal 0 0 1
    outer loop
      vertex 24.0362 41.0813 23.3
      vertex 23.6343 40.4983 23.3
      vertex 23.6868 40.4592 23.3
    endloop
  endfacet
  facet normal 0 0 1
    outer loop
      vertex 23.5134 40.5585 23.3
      vertex 23.7619 41.1539 23.3
      vertex 23.6088 41.172 23.3
    endloop
  endfacet
  facet normal 0 0 1
    outer loop
      vertex 23.9044 41.1236 23.3
      vertex 23.5765 40.5314 23.3
      vertex 23.6343 40.4983 23.3
    endloop
  endfacet
  facet normal 0 0 1
    outer loop
      vertex 23.7619 41.1539 23.3
      vertex 23.5134 40.5585 23.3
      vertex 23.5765 40.5314 23.3
    endloop
  endfacet
  facet normal 0 0 1
    outer loop
      vertex 23.6088 41.172 23.3
      vertex 23.445 40.5796 23.3
      vertex 23.5134 40.5585 23.3
    endloop
  endfacet
  facet normal 0 0 1
    outer loop
      vertex 23.4449 41.1781 23.3
      vertex 23.445 40.5796 23.3
      vertex 23.6088 41.172 23.3
    endloop
  endfacet
  facet normal 0 0 1
    outer loop
      vertex 23.3714 40.5946 23.3
      vertex 23.4449 41.1781 23.3
      vertex 23.4153 41.1778 23.3
    endloop
  endfacet
  facet normal 0 0 1
    outer loop
      vertex 23.3714 40.5946 23.3
      vertex 23.4153 41.1778 23.3
      vertex 23.386 41.1769 23.3
    endloop
  endfacet
  facet normal 0 0 1
    outer loop
      vertex 23.4449 41.1781 23.3
      vertex 23.3714 40.5946 23.3
      vertex 23.445 40.5796 23.3
    endloop
  endfacet
  facet normal -0 0 1
    outer loop
      vertex 23.357 41.1755 23.3
      vertex 23.3714 40.5946 23.3
      vertex 23.386 41.1769 23.3
    endloop
  endfacet
  facet normal -0 0 1
    outer loop
      vertex 23.3283 41.1735 23.3
      vertex 23.3714 40.5946 23.3
      vertex 23.357 41.1755 23.3
    endloop
  endfacet
  facet normal 0 0 1
    outer loop
      vertex 23.2925 40.6037 23.3
      vertex 23.3283 41.1735 23.3
      vertex 23.3 41.1709 23.3
    endloop
  endfacet
  facet normal 0 0 1
    outer loop
      vertex 23.3283 41.1735 23.3
      vertex 23.2925 40.6037 23.3
      vertex 23.3714 40.5946 23.3
    endloop
  endfacet
  facet normal -0 0 1
    outer loop
      vertex 23.2719 41.1677 23.3
      vertex 23.2925 40.6037 23.3
      vertex 23.3 41.1709 23.3
    endloop
  endfacet
  facet normal -0 0 1
    outer loop
      vertex 23.2441 41.164 23.3
      vertex 23.2925 40.6037 23.3
      vertex 23.2719 41.1677 23.3
    endloop
  endfacet
  facet normal -0 0 1
    outer loop
      vertex 23.2166 41.1597 23.3
      vertex 23.2925 40.6037 23.3
      vertex 23.2441 41.164 23.3
    endloop
  endfacet
  facet normal 0 0 1
    outer loop
      vertex 23.2166 41.1597 23.3
      vertex 23.2083 40.6067 23.3
      vertex 23.2925 40.6037 23.3
    endloop
  endfacet
  facet normal -0 0 1
    outer loop
      vertex 23.1891 41.1549 23.3
      vertex 23.2083 40.6067 23.3
      vertex 23.2166 41.1597 23.3
    endloop
  endfacet
  facet normal -0 0 1
    outer loop
      vertex 23.1616 41.1497 23.3
      vertex 23.2083 40.6067 23.3
      vertex 23.1891 41.1549 23.3
    endloop
  endfacet
  facet normal -0 0 1
    outer loop
      vertex 23.1342 41.1439 23.3
      vertex 23.2083 40.6067 23.3
      vertex 23.1616 41.1497 23.3
    endloop
  endfacet
  facet normal -0 0 1
    outer loop
      vertex 23.1068 41.1377 23.3
      vertex 23.2083 40.6067 23.3
      vertex 23.1342 41.1439 23.3
    endloop
  endfacet
  facet normal 0 0 1
    outer loop
      vertex 23.2083 40.6067 23.3
      vertex 23.1068 41.1377 23.3
      vertex 23.1564 40.6057 23.3
    endloop
  endfacet
  facet normal -0 0 1
    outer loop
      vertex 23.0794 41.131 23.3
      vertex 23.1564 40.6057 23.3
      vertex 23.1068 41.1377 23.3
    endloop
  endfacet
  facet normal -0 0 1
    outer loop
      vertex 23.0521 41.1238 23.3
      vertex 23.1564 40.6057 23.3
      vertex 23.0794 41.131 23.3
    endloop
  endfacet
  facet normal 0 0 1
    outer loop
      vertex 23.1564 40.6057 23.3
      vertex 23.0521 41.1238 23.3
      vertex 23.1035 40.6029 23.3
    endloop
  endfacet
  facet normal 0 0 1
    outer loop
      vertex 23.1035 40.6029 23.3
      vertex 23.0521 41.1238 23.3
      vertex 23.0496 40.5981 23.3
    endloop
  endfacet
  facet normal -0 0 1
    outer loop
      vertex 23.8615 40.0558 23.3
      vertex 24.697 40.0557 23.3
      vertex 24.6902 40.2023 23.3
    endloop
  endfacet
  facet normal 0 0 1
    outer loop
      vertex 23.8579 40.1267 23.3
      vertex 24.6902 40.2023 23.3
      vertex 24.67 40.3393 23.3
    endloop
  endfacet
  facet normal 0 0 1
    outer loop
      vertex 24.697 40.0557 23.3
      vertex 23.8615 40.0558 23.3
      vertex 24.6896 39.9103 23.3
    endloop
  endfacet
  facet normal 0 0 1
    outer loop
      vertex 23.8579 40.1267 23.3
      vertex 24.67 40.3393 23.3
      vertex 24.6364 40.4669 23.3
    endloop
  endfacet
  facet normal -0 0 1
    outer loop
      vertex 23.8579 39.9854 23.3
      vertex 24.6896 39.9103 23.3
      vertex 23.8615 40.0558 23.3
    endloop
  endfacet
  facet normal 0 0 1
    outer loop
      vertex 23.8579 40.1267 23.3
      vertex 24.6364 40.4669 23.3
      vertex 24.5892 40.5849 23.3
    endloop
  endfacet
  facet normal 0 0 1
    outer loop
      vertex 24.6896 39.9103 23.3
      vertex 23.8579 39.9854 23.3
      vertex 24.6676 39.7741 23.3
    endloop
  endfacet
  facet normal 0 0 1
    outer loop
      vertex 23.8579 40.1267 23.3
      vertex 24.5892 40.5849 23.3
      vertex 24.5287 40.6933 23.3
    endloop
  endfacet
  facet normal -0 0 1
    outer loop
      vertex 23.8472 39.9194 23.3
      vertex 24.6676 39.7741 23.3
      vertex 23.8579 39.9854 23.3
    endloop
  endfacet
  facet normal 0 0 1
    outer loop
      vertex 23.8579 40.1267 23.3
      vertex 24.5287 40.6933 23.3
      vertex 24.4546 40.7923 23.3
    endloop
  endfacet
  facet normal 0 0 1
    outer loop
      vertex 24.6676 39.7741 23.3
      vertex 23.8472 39.9194 23.3
      vertex 24.631 39.6473 23.3
    endloop
  endfacet
  facet normal 0 0 1
    outer loop
      vertex 23.8579 40.1267 23.3
      vertex 24.4546 40.7923 23.3
      vertex 24.3671 40.8817 23.3
    endloop
  endfacet
  facet normal -0 0 1
    outer loop
      vertex 23.8294 39.8576 23.3
      vertex 24.631 39.6473 23.3
      vertex 23.8472 39.9194 23.3
    endloop
  endfacet
  facet normal 0 0 1
    outer loop
      vertex 23.8579 40.1267 23.3
      vertex 24.3671 40.8817 23.3
      vertex 24.2675 40.9603 23.3
    endloop
  endfacet
  facet normal 0 0 1
    outer loop
      vertex 24.631 39.6473 23.3
      vertex 23.8294 39.8576 23.3
      vertex 24.5797 39.5297 23.3
    endloop
  endfacet
  facet normal 0 0 1
    outer loop
      vertex 23.8579 40.1267 23.3
      vertex 24.2675 40.9603 23.3
      vertex 24.1572 41.0269 23.3
    endloop
  endfacet
  facet normal 0 0 1
    outer loop
      vertex 24.5797 39.5297 23.3
      vertex 23.8294 39.8576 23.3
      vertex 24.5137 39.4215 23.3
    endloop
  endfacet
  facet normal 0 0 1
    outer loop
      vertex 23.8579 40.1267 23.3
      vertex 24.1572 41.0269 23.3
      vertex 24.0362 41.0813 23.3
    endloop
  endfacet
  facet normal -0 0 1
    outer loop
      vertex 23.8045 39.8001 23.3
      vertex 24.5137 39.4215 23.3
      vertex 23.8294 39.8576 23.3
    endloop
  endfacet
  facet normal 0 0 1
    outer loop
      vertex 23.6343 40.4983 23.3
      vertex 24.0362 41.0813 23.3
      vertex 23.9044 41.1236 23.3
    endloop
  endfacet
  facet normal 0 0 1
    outer loop
      vertex 24.5137 39.4215 23.3
      vertex 23.8045 39.8001 23.3
      vertex 24.4331 39.3226 23.3
    endloop
  endfacet
  facet normal -0 0 1
    outer loop
      vertex 23.7724 39.7469 23.3
      vertex 24.4331 39.3226 23.3
      vertex 23.8045 39.8001 23.3
    endloop
  endfacet
  facet normal 0 0 1
    outer loop
      vertex 24.4331 39.3226 23.3
      vertex 23.7724 39.7469 23.3
      vertex 24.3378 39.2329 23.3
    endloop
  endfacet
  facet normal 0 0 1
    outer loop
      vertex 24.3378 39.2329 23.3
      vertex 23.7724 39.7469 23.3
      vertex 24.2295 39.154 23.3
    endloop
  endfacet
  facet normal -0 0 1
    outer loop
      vertex 23.7332 39.698 23.3
      vertex 24.2295 39.154 23.3
      vertex 23.7724 39.7469 23.3
    endloop
  endfacet
  facet normal 0 0 1
    outer loop
      vertex 24.2295 39.154 23.3
      vertex 23.7332 39.698 23.3
      vertex 24.1098 39.0873 23.3
    endloop
  endfacet
  facet normal -0 0 1
    outer loop
      vertex 23.6868 39.6534 23.3
      vertex 24.1098 39.0873 23.3
      vertex 23.7332 39.698 23.3
    endloop
  endfacet
  facet normal 0 0 1
    outer loop
      vertex 24.1098 39.0873 23.3
      vertex 23.6868 39.6534 23.3
      vertex 23.9788 39.0326 23.3
    endloop
  endfacet
  facet normal -0 0 1
    outer loop
      vertex 23.6343 39.614 23.3
      vertex 23.9788 39.0326 23.3
      vertex 23.6868 39.6534 23.3
    endloop
  endfacet
  facet normal 0 0 1
    outer loop
      vertex 23.9788 39.0326 23.3
      vertex 23.6343 39.614 23.3
      vertex 23.8363 38.9901 23.3
    endloop
  endfacet
  facet normal -0 0 1
    outer loop
      vertex 23.5765 39.5807 23.3
      vertex 23.8363 38.9901 23.3
      vertex 23.6343 39.614 23.3
    endloop
  endfacet
  facet normal 0 0 1
    outer loop
      vertex 23.8363 38.9901 23.3
      vertex 23.5765 39.5807 23.3
      vertex 23.6825 38.9598 23.3
    endloop
  endfacet
  facet normal -0 0 1
    outer loop
      vertex 23.5134 39.5534 23.3
      vertex 23.6825 38.9598 23.3
      vertex 23.5765 39.5807 23.3
    endloop
  endfacet
  facet normal -0 0 1
    outer loop
      vertex 23.445 39.5321 23.3
      vertex 23.6825 38.9598 23.3
      vertex 23.5134 39.5534 23.3
    endloop
  endfacet
  facet normal 0 0 1
    outer loop
      vertex 23.6825 38.9598 23.3
      vertex 23.445 39.5321 23.3
      vertex 23.5173 38.9416 23.3
    endloop
  endfacet
  facet normal -0 0 1
    outer loop
      vertex 23.3714 39.517 23.3
      vertex 23.5173 38.9416 23.3
      vertex 23.445 39.5321 23.3
    endloop
  endfacet
  facet normal 0 0 1
    outer loop
      vertex 23.3714 39.517 23.3
      vertex 23.3407 38.9355 23.3
      vertex 23.5173 38.9416 23.3
    endloop
  endfacet
  facet normal -0 0 1
    outer loop
      vertex 23.2925 39.5079 23.3
      vertex 23.3407 38.9355 23.3
      vertex 23.3714 39.517 23.3
    endloop
  endfacet
  facet normal 0 0 1
    outer loop
      vertex 23.2925 39.5079 23.3
      vertex 23.2621 38.9366 23.3
      vertex 23.3407 38.9355 23.3
    endloop
  endfacet
  facet normal -0 0 1
    outer loop
      vertex 23.2083 39.5049 23.3
      vertex 23.2621 38.9366 23.3
      vertex 23.2925 39.5079 23.3
    endloop
  endfacet
  facet normal 0 0 1
    outer loop
      vertex 23.2083 39.5049 23.3
      vertex 23.1837 38.9399 23.3
      vertex 23.2621 38.9366 23.3
    endloop
  endfacet
  facet normal 0 0 1
    outer loop
      vertex 23.1476 39.5064 23.3
      vertex 23.1837 38.9399 23.3
      vertex 23.2083 39.5049 23.3
    endloop
  endfacet
  facet normal 0 0 1
    outer loop
      vertex 23.1476 39.5064 23.3
      vertex 23.1055 38.9453 23.3
      vertex 23.1837 38.9399 23.3
    endloop
  endfacet
  facet normal 0 0 1
    outer loop
      vertex 23.0858 39.511 23.3
      vertex 23.1055 38.9453 23.3
      vertex 23.1476 39.5064 23.3
    endloop
  endfacet
  facet normal 0 0 1
    outer loop
      vertex 23.0858 39.511 23.3
      vertex 23.0275 38.9529 23.3
      vertex 23.1055 38.9453 23.3
    endloop
  endfacet
  facet normal 0 0 1
    outer loop
      vertex 22.9498 38.9627 23.3
      vertex 23.0858 39.511 23.3
      vertex 23.0229 39.5188 23.3
    endloop
  endfacet
  facet normal 0 0 1
    outer loop
      vertex 22.8722 38.9746 23.3
      vertex 23.0229 39.5188 23.3
      vertex 22.9589 39.5296 23.3
    endloop
  endfacet
  facet normal 0 0 1
    outer loop
      vertex 23.0858 39.511 23.3
      vertex 22.9498 38.9627 23.3
      vertex 23.0275 38.9529 23.3
    endloop
  endfacet
  facet normal 0 0 1
    outer loop
      vertex 22.7949 38.9887 23.3
      vertex 22.9589 39.5296 23.3
      vertex 22.8938 39.5435 23.3
    endloop
  endfacet
  facet normal 0 0 1
    outer loop
      vertex 23.0229 39.5188 23.3
      vertex 22.8722 38.9746 23.3
      vertex 22.9498 38.9627 23.3
    endloop
  endfacet
  facet normal 0 0 1
    outer loop
      vertex 22.7178 39.0051 23.3
      vertex 22.8938 39.5435 23.3
      vertex 22.8275 39.5605 23.3
    endloop
  endfacet
  facet normal 0 0 1
    outer loop
      vertex 22.9589 39.5296 23.3
      vertex 22.7949 38.9887 23.3
      vertex 22.8722 38.9746 23.3
    endloop
  endfacet
  facet normal 0 0 1
    outer loop
      vertex 22.6408 39.0237 23.3
      vertex 22.8275 39.5605 23.3
      vertex 22.7602 39.5806 23.3
    endloop
  endfacet
  facet normal 0 0 1
    outer loop
      vertex 22.8938 39.5435 23.3
      vertex 22.7178 39.0051 23.3
      vertex 22.7949 38.9887 23.3
    endloop
  endfacet
  facet normal 0 0 1
    outer loop
      vertex 22.564 39.0445 23.3
      vertex 22.7602 39.5806 23.3
      vertex 22.6918 39.6038 23.3
    endloop
  endfacet
  facet normal 0 0 1
    outer loop
      vertex 22.8275 39.5605 23.3
      vertex 22.6408 39.0237 23.3
      vertex 22.7178 39.0051 23.3
    endloop
  endfacet
  facet normal 0 0 1
    outer loop
      vertex 22.4872 39.0676 23.3
      vertex 22.6918 39.6038 23.3
      vertex 22.6222 39.6301 23.3
    endloop
  endfacet
  facet normal 0 0 1
    outer loop
      vertex 22.7602 39.5806 23.3
      vertex 22.564 39.0445 23.3
      vertex 22.6408 39.0237 23.3
    endloop
  endfacet
  facet normal 0 0 1
    outer loop
      vertex 22.4107 39.093 23.3
      vertex 22.6222 39.6301 23.3
      vertex 22.5516 39.6595 23.3
    endloop
  endfacet
  facet normal 0 0 1
    outer loop
      vertex 22.6918 39.6038 23.3
      vertex 22.4872 39.0676 23.3
      vertex 22.564 39.0445 23.3
    endloop
  endfacet
  facet normal 0 0 1
    outer loop
      vertex 22.2579 39.1506 23.3
      vertex 22.5516 39.6595 23.3
      vertex 22.4798 39.692 23.3
    endloop
  endfacet
  facet normal 0 0 1
    outer loop
      vertex 22.6222 39.6301 23.3
      vertex 22.4107 39.093 23.3
      vertex 22.4872 39.0676 23.3
    endloop
  endfacet
  facet normal 0 0 1
    outer loop
      vertex 22.2579 39.1506 23.3
      vertex 22.4798 39.692 23.3
      vertex 22.4069 39.7276 23.3
    endloop
  endfacet
  facet normal 0 0 1
    outer loop
      vertex 22.5516 39.6595 23.3
      vertex 22.3342 39.1207 23.3
      vertex 22.4107 39.093 23.3
    endloop
  endfacet
  facet normal 0 0 1
    outer loop
      vertex 22.2579 39.1506 23.3
      vertex 22.4069 39.7276 23.3
      vertex 22.333 39.7662 23.3
    endloop
  endfacet
  facet normal 0 0 1
    outer loop
      vertex 22.2579 39.1506 23.3
      vertex 22.333 39.7662 23.3
      vertex 22.2579 39.808 23.3
    endloop
  endfacet
  facet normal 0 0 1
    outer loop
      vertex 22.5516 39.6595 23.3
      vertex 22.2579 39.1506 23.3
      vertex 22.3342 39.1207 23.3
    endloop
  endfacet
  facet normal 0.109507 -0.993986 0
    outer loop
      vertex 23.5173 38.9416 22.92
      vertex 23.6825 38.9598 23.3
      vertex 23.5173 38.9416 23.3
    endloop
  endfacet
  facet normal 0.109507 -0.993986 0
    outer loop
      vertex 23.6825 38.9598 23.3
      vertex 23.5173 38.9416 22.92
      vertex 23.6825 38.9598 22.92
    endloop
  endfacet
  facet normal 0.193294 -0.981141 0
    outer loop
      vertex 23.6825 38.9598 22.92
      vertex 23.8363 38.9901 23.3
      vertex 23.6825 38.9598 23.3
    endloop
  endfacet
  facet normal 0.193294 -0.981141 0
    outer loop
      vertex 23.8363 38.9901 23.3
      vertex 23.6825 38.9598 22.92
      vertex 23.8363 38.9901 22.92
    endloop
  endfacet
  facet normal 0.285805 -0.958288 0
    outer loop
      vertex 23.8363 38.9901 22.92
      vertex 23.9788 39.0326 23.3
      vertex 23.8363 38.9901 23.3
    endloop
  endfacet
  facet normal 0.285805 -0.958288 0
    outer loop
      vertex 23.9788 39.0326 23.3
      vertex 23.8363 38.9901 22.92
      vertex 23.9788 39.0326 22.92
    endloop
  endfacet
  facet normal 0.385316 -0.922785 0
    outer loop
      vertex 23.9788 39.0326 22.92
      vertex 24.1098 39.0873 23.3
      vertex 23.9788 39.0326 23.3
    endloop
  endfacet
  facet normal 0.385316 -0.922785 0
    outer loop
      vertex 24.1098 39.0873 23.3
      vertex 23.9788 39.0326 22.92
      vertex 24.1098 39.0873 22.92
    endloop
  endfacet
  facet normal 0.486758 -0.873537 0
    outer loop
      vertex 24.1098 39.0873 22.92
      vertex 24.2295 39.154 23.3
      vertex 24.1098 39.0873 23.3
    endloop
  endfacet
  facet normal 0.486758 -0.873537 0
    outer loop
      vertex 24.2295 39.154 23.3
      vertex 24.1098 39.0873 22.92
      vertex 24.2295 39.154 22.92
    endloop
  endfacet
  facet normal 0.588837 -0.808252 0
    outer loop
      vertex 24.2295 39.154 22.92
      vertex 24.3378 39.2329 23.3
      vertex 24.2295 39.154 23.3
    endloop
  endfacet
  facet normal 0.588837 -0.808252 0
    outer loop
      vertex 24.3378 39.2329 23.3
      vertex 24.2295 39.154 22.92
      vertex 24.3378 39.2329 22.92
    endloop
  endfacet
  facet normal 0.685389 -0.728178 0
    outer loop
      vertex 24.3378 39.2329 22.92
      vertex 24.4331 39.3226 23.3
      vertex 24.3378 39.2329 23.3
    endloop
  endfacet
  facet normal 0.685389 -0.728178 0
    outer loop
      vertex 24.4331 39.3226 23.3
      vertex 24.3378 39.2329 22.92
      vertex 24.4331 39.3226 22.92
    endloop
  endfacet
  facet normal 0.775178 -0.631743 0
    outer loop
      vertex 24.4331 39.3226 23.3
      vertex 24.5137 39.4215 22.92
      vertex 24.5137 39.4215 23.3
    endloop
  endfacet
  facet normal 0.775178 -0.631743 0
    outer loop
      vertex 24.5137 39.4215 22.92
      vertex 24.4331 39.3226 23.3
      vertex 24.4331 39.3226 22.92
    endloop
  endfacet
  facet normal 0.853711 -0.520748 0
    outer loop
      vertex 24.5137 39.4215 23.3
      vertex 24.5797 39.5297 22.92
      vertex 24.5797 39.5297 23.3
    endloop
  endfacet
  facet normal 0.853711 -0.520748 0
    outer loop
      vertex 24.5797 39.5297 22.92
      vertex 24.5137 39.4215 23.3
      vertex 24.5137 39.4215 22.92
    endloop
  endfacet
  facet normal 0.916586 -0.399837 0
    outer loop
      vertex 24.5797 39.5297 23.3
      vertex 24.631 39.6473 22.92
      vertex 24.631 39.6473 23.3
    endloop
  endfacet
  facet normal 0.916586 -0.399837 0
    outer loop
      vertex 24.631 39.6473 22.92
      vertex 24.5797 39.5297 23.3
      vertex 24.5797 39.5297 22.92
    endloop
  endfacet
  facet normal 0.960777 -0.277322 0
    outer loop
      vertex 24.631 39.6473 23.3
      vertex 24.6676 39.7741 22.92
      vertex 24.6676 39.7741 23.3
    endloop
  endfacet
  facet normal 0.960777 -0.277322 0
    outer loop
      vertex 24.6676 39.7741 22.92
      vertex 24.631 39.6473 23.3
      vertex 24.631 39.6473 22.92
    endloop
  endfacet
  facet normal 0.987204 -0.15946 0
    outer loop
      vertex 24.6676 39.7741 23.3
      vertex 24.6896 39.9103 22.92
      vertex 24.6896 39.9103 23.3
    endloop
  endfacet
  facet normal 0.987204 -0.15946 0
    outer loop
      vertex 24.6896 39.9103 22.92
      vertex 24.6676 39.7741 23.3
      vertex 24.6676 39.7741 22.92
    endloop
  endfacet
  facet normal 0.998707 -0.0508283 0
    outer loop
      vertex 24.6896 39.9103 23.3
      vertex 24.697 40.0557 22.92
      vertex 24.697 40.0557 23.3
    endloop
  endfacet
  facet normal 0.998707 -0.0508283 0
    outer loop
      vertex 24.697 40.0557 22.92
      vertex 24.6896 39.9103 23.3
      vertex 24.6896 39.9103 22.92
    endloop
  endfacet
  facet normal 0.998926 0.0463349 0
    outer loop
      vertex 24.697 40.0557 23.3
      vertex 24.6902 40.2023 22.92
      vertex 24.6902 40.2023 23.3
    endloop
  endfacet
  facet normal 0.998926 0.0463349 0
    outer loop
      vertex 24.6902 40.2023 22.92
      vertex 24.697 40.0557 23.3
      vertex 24.697 40.0557 22.92
    endloop
  endfacet
  facet normal 0.989304 0.145868 0
    outer loop
      vertex 24.6902 40.2023 23.3
      vertex 24.67 40.3393 22.92
      vertex 24.67 40.3393 23.3
    endloop
  endfacet
  facet normal 0.989304 0.145868 0
    outer loop
      vertex 24.67 40.3393 22.92
      vertex 24.6902 40.2023 23.3
      vertex 24.6902 40.2023 22.92
    endloop
  endfacet
  facet normal 0.967035 0.254643 0
    outer loop
      vertex 24.67 40.3393 23.3
      vertex 24.6364 40.4669 22.92
      vertex 24.6364 40.4669 23.3
    endloop
  endfacet
  facet normal 0.967035 0.254643 0
    outer loop
      vertex 24.6364 40.4669 22.92
      vertex 24.67 40.3393 23.3
      vertex 24.67 40.3393 22.92
    endloop
  endfacet
  facet normal 0.928477 0.371391 0
    outer loop
      vertex 24.6364 40.4669 23.3
      vertex 24.5892 40.5849 22.92
      vertex 24.5892 40.5849 23.3
    endloop
  endfacet
  facet normal 0.928477 0.371391 0
    outer loop
      vertex 24.5892 40.5849 22.92
      vertex 24.6364 40.4669 23.3
      vertex 24.6364 40.4669 22.92
    endloop
  endfacet
  facet normal 0.873206 0.487352 0
    outer loop
      vertex 24.5892 40.5849 23.3
      vertex 24.5287 40.6933 22.92
      vertex 24.5287 40.6933 23.3
    endloop
  endfacet
  facet normal 0.873206 0.487352 0
    outer loop
      vertex 24.5287 40.6933 22.92
      vertex 24.5892 40.5849 23.3
      vertex 24.5892 40.5849 22.92
    endloop
  endfacet
  facet normal 0.800582 0.599223 0
    outer loop
      vertex 24.5287 40.6933 23.3
      vertex 24.4546 40.7923 22.92
      vertex 24.4546 40.7923 23.3
    endloop
  endfacet
  facet normal 0.800582 0.599223 0
    outer loop
      vertex 24.4546 40.7923 22.92
      vertex 24.5287 40.6933 23.3
      vertex 24.5287 40.6933 22.92
    endloop
  endfacet
  facet normal 0.71466 0.699472 0
    outer loop
      vertex 24.4546 40.7923 23.3
      vertex 24.3671 40.8817 22.92
      vertex 24.3671 40.8817 23.3
    endloop
  endfacet
  facet normal 0.71466 0.699472 0
    outer loop
      vertex 24.3671 40.8817 22.92
      vertex 24.4546 40.7923 23.3
      vertex 24.4546 40.7923 22.92
    endloop
  endfacet
  facet normal 0.619491 0.785004 -0
    outer loop
      vertex 24.3671 40.8817 22.92
      vertex 24.2675 40.9603 23.3
      vertex 24.3671 40.8817 23.3
    endloop
  endfacet
  facet normal 0.619491 0.785004 0
    outer loop
      vertex 24.2675 40.9603 23.3
      vertex 24.3671 40.8817 22.92
      vertex 24.2675 40.9603 22.92
    endloop
  endfacet
  facet normal 0.516891 0.856051 -0
    outer loop
      vertex 24.2675 40.9603 22.92
      vertex 24.1572 41.0269 23.3
      vertex 24.2675 40.9603 23.3
    endloop
  endfacet
  facet normal 0.516891 0.856051 0
    outer loop
      vertex 24.1572 41.0269 23.3
      vertex 24.2675 40.9603 22.92
      vertex 24.1572 41.0269 22.92
    endloop
  endfacet
  facet normal 0.410051 0.912062 -0
    outer loop
      vertex 24.1572 41.0269 22.92
      vertex 24.0362 41.0813 23.3
      vertex 24.1572 41.0269 23.3
    endloop
  endfacet
  facet normal 0.410051 0.912062 0
    outer loop
      vertex 24.0362 41.0813 23.3
      vertex 24.1572 41.0269 22.92
      vertex 24.0362 41.0813 22.92
    endloop
  endfacet
  facet normal 0.305588 0.952164 -0
    outer loop
      vertex 24.0362 41.0813 22.92
      vertex 23.9044 41.1236 23.3
      vertex 24.0362 41.0813 23.3
    endloop
  endfacet
  facet normal 0.305588 0.952164 0
    outer loop
      vertex 23.9044 41.1236 23.3
      vertex 24.0362 41.0813 22.92
      vertex 23.9044 41.1236 22.92
    endloop
  endfacet
  facet normal 0.207982 0.978133 -0
    outer loop
      vertex 23.9044 41.1236 22.92
      vertex 23.7619 41.1539 23.3
      vertex 23.9044 41.1236 23.3
    endloop
  endfacet
  facet normal 0.207982 0.978133 0
    outer loop
      vertex 23.7619 41.1539 23.3
      vertex 23.9044 41.1236 22.92
      vertex 23.7619 41.1539 22.92
    endloop
  endfacet
  facet normal 0.117406 0.993084 -0
    outer loop
      vertex 23.7619 41.1539 22.92
      vertex 23.6088 41.172 23.3
      vertex 23.7619 41.1539 23.3
    endloop
  endfacet
  facet normal 0.117406 0.993084 0
    outer loop
      vertex 23.6088 41.172 23.3
      vertex 23.7619 41.1539 22.92
      vertex 23.6088 41.172 22.92
    endloop
  endfacet
  facet normal 0.0371921 0.999308 -0
    outer loop
      vertex 23.6088 41.172 22.92
      vertex 23.4449 41.1781 23.3
      vertex 23.6088 41.172 23.3
    endloop
  endfacet
  facet normal 0.0371921 0.999308 0
    outer loop
      vertex 23.4449 41.1781 23.3
      vertex 23.6088 41.172 22.92
      vertex 23.4449 41.1781 22.92
    endloop
  endfacet
  facet normal -0.0101346 0.999949 0
    outer loop
      vertex 23.4449 41.1781 22.92
      vertex 23.4153 41.1778 23.3
      vertex 23.4449 41.1781 23.3
    endloop
  endfacet
  facet normal -0.0101346 0.999949 0
    outer loop
      vertex 23.4153 41.1778 23.3
      vertex 23.4449 41.1781 22.92
      vertex 23.4153 41.1778 22.92
    endloop
  endfacet
  facet normal -0.0307022 0.999529 0
    outer loop
      vertex 23.4153 41.1778 22.92
      vertex 23.386 41.1769 23.3
      vertex 23.4153 41.1778 23.3
    endloop
  endfacet
  facet normal -0.0307022 0.999529 0
    outer loop
      vertex 23.386 41.1769 23.3
      vertex 23.4153 41.1778 22.92
      vertex 23.386 41.1769 22.92
    endloop
  endfacet
  facet normal -0.0482197 0.998837 0
    outer loop
      vertex 23.386 41.1769 22.92
      vertex 23.357 41.1755 23.3
      vertex 23.386 41.1769 23.3
    endloop
  endfacet
  facet normal -0.0482197 0.998837 0
    outer loop
      vertex 23.357 41.1755 23.3
      vertex 23.386 41.1769 22.92
      vertex 23.357 41.1755 22.92
    endloop
  endfacet
  facet normal -0.0695178 0.997581 0
    outer loop
      vertex 23.357 41.1755 22.92
      vertex 23.3283 41.1735 23.3
      vertex 23.357 41.1755 23.3
    endloop
  endfacet
  facet normal -0.0695178 0.997581 0
    outer loop
      vertex 23.3283 41.1735 23.3
      vertex 23.357 41.1755 22.92
      vertex 23.3283 41.1735 22.92
    endloop
  endfacet
  facet normal -0.0914875 0.995806 0
    outer loop
      vertex 23.3283 41.1735 22.92
      vertex 23.3 41.1709 23.3
      vertex 23.3283 41.1735 23.3
    endloop
  endfacet
  facet normal -0.0914875 0.995806 0
    outer loop
      vertex 23.3 41.1709 23.3
      vertex 23.3283 41.1735 22.92
      vertex 23.3 41.1709 22.92
    endloop
  endfacet
  facet normal -0.113148 0.993578 0
    outer loop
      vertex 23.3 41.1709 22.92
      vertex 23.2719 41.1677 23.3
      vertex 23.3 41.1709 23.3
    endloop
  endfacet
  facet normal -0.113148 0.993578 0
    outer loop
      vertex 23.2719 41.1677 23.3
      vertex 23.3 41.1709 22.92
      vertex 23.2719 41.1677 22.92
    endloop
  endfacet
  facet normal -0.13193 0.991259 0
    outer loop
      vertex 23.2719 41.1677 22.92
      vertex 23.2441 41.164 23.3
      vertex 23.2719 41.1677 23.3
    endloop
  endfacet
  facet normal -0.13193 0.991259 0
    outer loop
      vertex 23.2441 41.164 23.3
      vertex 23.2719 41.1677 22.92
      vertex 23.2441 41.164 22.92
    endloop
  endfacet
  facet normal -0.154486 0.987995 0
    outer loop
      vertex 23.2441 41.164 22.92
      vertex 23.2166 41.1597 23.3
      vertex 23.2441 41.164 23.3
    endloop
  endfacet
  facet normal -0.154486 0.987995 0
    outer loop
      vertex 23.2166 41.1597 23.3
      vertex 23.2441 41.164 22.92
      vertex 23.2166 41.1597 22.92
    endloop
  endfacet
  facet normal -0.171946 0.985106 0
    outer loop
      vertex 23.2166 41.1597 22.92
      vertex 23.1891 41.1549 23.3
      vertex 23.2166 41.1597 23.3
    endloop
  endfacet
  facet normal -0.171946 0.985106 0
    outer loop
      vertex 23.1891 41.1549 23.3
      vertex 23.2166 41.1597 22.92
      vertex 23.1891 41.1549 22.92
    endloop
  endfacet
  facet normal -0.185798 0.982588 0
    outer loop
      vertex 23.1891 41.1549 22.92
      vertex 23.1616 41.1497 23.3
      vertex 23.1891 41.1549 23.3
    endloop
  endfacet
  facet normal -0.185798 0.982588 0
    outer loop
      vertex 23.1616 41.1497 23.3
      vertex 23.1891 41.1549 22.92
      vertex 23.1616 41.1497 22.92
    endloop
  endfacet
  facet normal -0.20709 0.978322 0
    outer loop
      vertex 23.1616 41.1497 22.92
      vertex 23.1342 41.1439 23.3
      vertex 23.1616 41.1497 23.3
    endloop
  endfacet
  facet normal -0.20709 0.978322 0
    outer loop
      vertex 23.1342 41.1439 23.3
      vertex 23.1616 41.1497 22.92
      vertex 23.1342 41.1439 22.92
    endloop
  endfacet
  facet normal -0.220698 0.975342 0
    outer loop
      vertex 23.1342 41.1439 22.92
      vertex 23.1068 41.1377 23.3
      vertex 23.1342 41.1439 23.3
    endloop
  endfacet
  facet normal -0.220698 0.975342 0
    outer loop
      vertex 23.1068 41.1377 23.3
      vertex 23.1342 41.1439 22.92
      vertex 23.1068 41.1377 22.92
    endloop
  endfacet
  facet normal -0.237527 0.971381 0
    outer loop
      vertex 23.1068 41.1377 22.92
      vertex 23.0794 41.131 23.3
      vertex 23.1068 41.1377 23.3
    endloop
  endfacet
  facet normal -0.237527 0.971381 0
    outer loop
      vertex 23.0794 41.131 23.3
      vertex 23.1068 41.1377 22.92
      vertex 23.0794 41.131 22.92
    endloop
  endfacet
  facet normal -0.255016 0.966937 0
    outer loop
      vertex 23.0794 41.131 22.92
      vertex 23.0521 41.1238 23.3
      vertex 23.0794 41.131 23.3
    endloop
  endfacet
  facet normal -0.255016 0.966937 0
    outer loop
      vertex 23.0521 41.1238 23.3
      vertex 23.0794 41.131 22.92
      vertex 23.0521 41.1238 22.92
    endloop
  endfacet
  facet normal 1 -0 0
    outer loop
      vertex 23.0521 41.1238 23.3
      vertex 23.0521 41.6245 22.92
      vertex 23.0521 41.6245 23.3
    endloop
  endfacet
  facet normal 1 0 0
    outer loop
      vertex 23.0521 41.6245 22.92
      vertex 23.0521 41.1238 23.3
      vertex 23.0521 41.1238 22.92
    endloop
  endfacet
  facet normal 0 -1 0
    outer loop
      vertex 23.0521 41.6245 22.92
      vertex 24.4626 41.6245 23.3
      vertex 23.0521 41.6245 23.3
    endloop
  endfacet
  facet normal 0 -1 -0
    outer loop
      vertex 24.4626 41.6245 23.3
      vertex 23.0521 41.6245 22.92
      vertex 24.4626 41.6245 22.92
    endloop
  endfacet
  facet normal 1 -0 0
    outer loop
      vertex 24.4626 41.6245 23.3
      vertex 24.4626 42.2389 22.92
      vertex 24.4626 42.2389 23.3
    endloop
  endfacet
  facet normal 1 0 0
    outer loop
      vertex 24.4626 42.2389 22.92
      vertex 24.4626 41.6245 23.3
      vertex 24.4626 41.6245 22.92
    endloop
  endfacet
  facet normal 0 1 -0
    outer loop
      vertex 24.4626 42.2389 22.92
      vertex 22.3859 42.2389 23.3
      vertex 24.4626 42.2389 23.3
    endloop
  endfacet
  facet normal 0 1 0
    outer loop
      vertex 22.3859 42.2389 23.3
      vertex 24.4626 42.2389 22.92
      vertex 22.3859 42.2389 22.92
    endloop
  endfacet
  facet normal -1 0 0
    outer loop
      vertex 22.3859 40.4162 22.92
      vertex 22.3859 42.2389 23.3
      vertex 22.3859 42.2389 22.92
    endloop
  endfacet
  facet normal -1 -0 0
    outer loop
      vertex 22.3859 42.2389 23.3
      vertex 22.3859 40.4162 22.92
      vertex 22.3859 40.4162 23.3
    endloop
  endfacet
  facet normal 0.374278 -0.927316 0
    outer loop
      vertex 22.3859 40.4162 22.92
      vertex 22.4523 40.443 23.3
      vertex 22.3859 40.4162 23.3
    endloop
  endfacet
  facet normal 0.374278 -0.927316 0
    outer loop
      vertex 22.4523 40.443 23.3
      vertex 22.3859 40.4162 22.92
      vertex 22.4523 40.443 22.92
    endloop
  endfacet
  facet normal 0.355218 -0.934784 0
    outer loop
      vertex 22.4523 40.443 22.92
      vertex 22.5173 40.4677 23.3
      vertex 22.4523 40.443 23.3
    endloop
  endfacet
  facet normal 0.355218 -0.934784 0
    outer loop
      vertex 22.5173 40.4677 23.3
      vertex 22.4523 40.443 22.92
      vertex 22.5173 40.4677 22.92
    endloop
  endfacet
  facet normal 0.334748 -0.942308 0
    outer loop
      vertex 22.5173 40.4677 22.92
      vertex 22.5812 40.4904 23.3
      vertex 22.5173 40.4677 23.3
    endloop
  endfacet
  facet normal 0.334748 -0.942308 0
    outer loop
      vertex 22.5812 40.4904 23.3
      vertex 22.5173 40.4677 22.92
      vertex 22.5812 40.4904 22.92
    endloop
  endfacet
  facet normal 0.311214 -0.95034 0
    outer loop
      vertex 22.5812 40.4904 22.92
      vertex 22.6438 40.5109 23.3
      vertex 22.5812 40.4904 23.3
    endloop
  endfacet
  facet normal 0.311214 -0.95034 0
    outer loop
      vertex 22.6438 40.5109 23.3
      vertex 22.5812 40.4904 22.92
      vertex 22.6438 40.5109 22.92
    endloop
  endfacet
  facet normal 0.288492 -0.957482 0
    outer loop
      vertex 22.6438 40.5109 22.92
      vertex 22.7052 40.5294 23.3
      vertex 22.6438 40.5109 23.3
    endloop
  endfacet
  facet normal 0.288492 -0.957482 0
    outer loop
      vertex 22.7052 40.5294 23.3
      vertex 22.6438 40.5109 22.92
      vertex 22.7052 40.5294 22.92
    endloop
  endfacet
  facet normal 0.263253 -0.964727 0
    outer loop
      vertex 22.7052 40.5294 22.92
      vertex 22.7653 40.5458 23.3
      vertex 22.7052 40.5294 23.3
    endloop
  endfacet
  facet normal 0.263253 -0.964727 0
    outer loop
      vertex 22.7653 40.5458 23.3
      vertex 22.7052 40.5294 22.92
      vertex 22.7653 40.5458 22.92
    endloop
  endfacet
  facet normal 0.235931 -0.97177 0
    outer loop
      vertex 22.7653 40.5458 22.92
      vertex 22.8242 40.5601 23.3
      vertex 22.7653 40.5458 23.3
    endloop
  endfacet
  facet normal 0.235931 -0.97177 0
    outer loop
      vertex 22.8242 40.5601 23.3
      vertex 22.7653 40.5458 22.92
      vertex 22.8242 40.5601 22.92
    endloop
  endfacet
  facet normal 0.20976 -0.977753 0
    outer loop
      vertex 22.8242 40.5601 22.92
      vertex 22.882 40.5725 23.3
      vertex 22.8242 40.5601 23.3
    endloop
  endfacet
  facet normal 0.20976 -0.977753 0
    outer loop
      vertex 22.882 40.5725 23.3
      vertex 22.8242 40.5601 22.92
      vertex 22.882 40.5725 22.92
    endloop
  endfacet
  facet normal 0.179798 -0.983704 0
    outer loop
      vertex 22.882 40.5725 22.92
      vertex 22.9389 40.5829 23.3
      vertex 22.882 40.5725 23.3
    endloop
  endfacet
  facet normal 0.179798 -0.983704 0
    outer loop
      vertex 22.9389 40.5829 23.3
      vertex 22.882 40.5725 22.92
      vertex 22.9389 40.5829 22.92
    endloop
  endfacet
  facet normal 0.152323 -0.988331 0
    outer loop
      vertex 22.9389 40.5829 22.92
      vertex 22.9947 40.5915 23.3
      vertex 22.9389 40.5829 23.3
    endloop
  endfacet
  facet normal 0.152323 -0.988331 0
    outer loop
      vertex 22.9947 40.5915 23.3
      vertex 22.9389 40.5829 22.92
      vertex 22.9947 40.5915 22.92
    endloop
  endfacet
  facet normal 0.119359 -0.992851 0
    outer loop
      vertex 22.9947 40.5915 22.92
      vertex 23.0496 40.5981 23.3
      vertex 22.9947 40.5915 23.3
    endloop
  endfacet
  facet normal 0.119359 -0.992851 0
    outer loop
      vertex 23.0496 40.5981 23.3
      vertex 22.9947 40.5915 22.92
      vertex 23.0496 40.5981 22.92
    endloop
  endfacet
  facet normal 0.0887028 -0.996058 0
    outer loop
      vertex 23.0496 40.5981 22.92
      vertex 23.1035 40.6029 23.3
      vertex 23.0496 40.5981 23.3
    endloop
  endfacet
  facet normal 0.0887028 -0.996058 0
    outer loop
      vertex 23.1035 40.6029 23.3
      vertex 23.0496 40.5981 22.92
      vertex 23.1035 40.6029 22.92
    endloop
  endfacet
  facet normal 0.0528561 -0.998602 0
    outer loop
      vertex 23.1035 40.6029 22.92
      vertex 23.1564 40.6057 23.3
      vertex 23.1035 40.6029 23.3
    endloop
  endfacet
  facet normal 0.0528561 -0.998602 0
    outer loop
      vertex 23.1564 40.6057 23.3
      vertex 23.1035 40.6029 22.92
      vertex 23.1564 40.6057 22.92
    endloop
  endfacet
  facet normal 0.0192642 -0.999814 0
    outer loop
      vertex 23.1564 40.6057 22.92
      vertex 23.2083 40.6067 23.3
      vertex 23.1564 40.6057 23.3
    endloop
  endfacet
  facet normal 0.0192642 -0.999814 0
    outer loop
      vertex 23.2083 40.6067 23.3
      vertex 23.1564 40.6057 22.92
      vertex 23.2083 40.6067 22.92
    endloop
  endfacet
  facet normal -0.0356069 -0.999366 0
    outer loop
      vertex 23.2083 40.6067 22.92
      vertex 23.2925 40.6037 23.3
      vertex 23.2083 40.6067 23.3
    endloop
  endfacet
  facet normal -0.0356069 -0.999366 -0
    outer loop
      vertex 23.2925 40.6037 23.3
      vertex 23.2083 40.6067 22.92
      vertex 23.2925 40.6037 22.92
    endloop
  endfacet
  facet normal -0.114576 -0.993414 0
    outer loop
      vertex 23.2925 40.6037 22.92
      vertex 23.3714 40.5946 23.3
      vertex 23.2925 40.6037 23.3
    endloop
  endfacet
  facet normal -0.114576 -0.993414 -0
    outer loop
      vertex 23.3714 40.5946 23.3
      vertex 23.2925 40.6037 22.92
      vertex 23.3714 40.5946 22.92
    endloop
  endfacet
  facet normal -0.199699 -0.979857 0
    outer loop
      vertex 23.3714 40.5946 22.92
      vertex 23.445 40.5796 23.3
      vertex 23.3714 40.5946 23.3
    endloop
  endfacet
  facet normal -0.199699 -0.979857 -0
    outer loop
      vertex 23.445 40.5796 23.3
      vertex 23.3714 40.5946 22.92
      vertex 23.445 40.5796 22.92
    endloop
  endfacet
  facet normal -0.294773 -0.955567 0
    outer loop
      vertex 23.445 40.5796 22.92
      vertex 23.5134 40.5585 23.3
      vertex 23.445 40.5796 23.3
    endloop
  endfacet
  facet normal -0.294773 -0.955567 -0
    outer loop
      vertex 23.5134 40.5585 23.3
      vertex 23.445 40.5796 22.92
      vertex 23.5134 40.5585 22.92
    endloop
  endfacet
  facet normal -0.394622 -0.918843 0
    outer loop
      vertex 23.5134 40.5585 22.92
      vertex 23.5765 40.5314 23.3
      vertex 23.5134 40.5585 23.3
    endloop
  endfacet
  facet normal -0.394622 -0.918843 -0
    outer loop
      vertex 23.5765 40.5314 23.3
      vertex 23.5134 40.5585 22.92
      vertex 23.5765 40.5314 22.92
    endloop
  endfacet
  facet normal -0.496947 -0.867781 0
    outer loop
      vertex 23.5765 40.5314 22.92
      vertex 23.6343 40.4983 23.3
      vertex 23.5765 40.5314 23.3
    endloop
  endfacet
  facet normal -0.496947 -0.867781 -0
    outer loop
      vertex 23.6343 40.4983 23.3
      vertex 23.5765 40.5314 22.92
      vertex 23.6343 40.4983 22.92
    endloop
  endfacet
  facet normal -0.597308 -0.802012 0
    outer loop
      vertex 23.6343 40.4983 22.92
      vertex 23.6868 40.4592 23.3
      vertex 23.6343 40.4983 23.3
    endloop
  endfacet
  facet normal -0.597308 -0.802012 -0
    outer loop
      vertex 23.6868 40.4592 23.3
      vertex 23.6343 40.4983 22.92
      vertex 23.6868 40.4592 22.92
    endloop
  endfacet
  facet normal -0.69055 -0.723285 0
    outer loop
      vertex 23.6868 40.4592 22.92
      vertex 23.7332 40.4149 23.3
      vertex 23.6868 40.4592 23.3
    endloop
  endfacet
  facet normal -0.69055 -0.723285 -0
    outer loop
      vertex 23.7332 40.4149 23.3
      vertex 23.6868 40.4592 22.92
      vertex 23.7332 40.4149 22.92
    endloop
  endfacet
  facet normal -0.77962 -0.626252 0
    outer loop
      vertex 23.7724 40.3661 22.92
      vertex 23.7332 40.4149 23.3
      vertex 23.7332 40.4149 22.92
    endloop
  endfacet
  facet normal -0.77962 -0.626252 0
    outer loop
      vertex 23.7332 40.4149 23.3
      vertex 23.7724 40.3661 22.92
      vertex 23.7724 40.3661 23.3
    endloop
  endfacet
  facet normal -0.856212 -0.516624 0
    outer loop
      vertex 23.8045 40.3129 22.92
      vertex 23.7724 40.3661 23.3
      vertex 23.7724 40.3661 22.92
    endloop
  endfacet
  facet normal -0.856212 -0.516624 0
    outer loop
      vertex 23.7724 40.3661 23.3
      vertex 23.8045 40.3129 22.92
      vertex 23.8045 40.3129 23.3
    endloop
  endfacet
  facet normal -0.918154 -0.396223 0
    outer loop
      vertex 23.8294 40.2552 22.92
      vertex 23.8045 40.3129 23.3
      vertex 23.8045 40.3129 22.92
    endloop
  endfacet
  facet normal -0.918154 -0.396223 0
    outer loop
      vertex 23.8045 40.3129 23.3
      vertex 23.8294 40.2552 22.92
      vertex 23.8294 40.2552 23.3
    endloop
  endfacet
  facet normal -0.961172 -0.275949 0
    outer loop
      vertex 23.8472 40.1932 22.92
      vertex 23.8294 40.2552 23.3
      vertex 23.8294 40.2552 22.92
    endloop
  endfacet
  facet normal -0.961172 -0.275949 0
    outer loop
      vertex 23.8294 40.2552 23.3
      vertex 23.8472 40.1932 22.92
      vertex 23.8472 40.1932 23.3
    endloop
  endfacet
  facet normal -0.987301 -0.158859 0
    outer loop
      vertex 23.8579 40.1267 22.92
      vertex 23.8472 40.1932 23.3
      vertex 23.8472 40.1932 22.92
    endloop
  endfacet
  facet normal -0.987301 -0.158859 0
    outer loop
      vertex 23.8472 40.1932 23.3
      vertex 23.8579 40.1267 22.92
      vertex 23.8579 40.1267 23.3
    endloop
  endfacet
  facet normal -0.998713 -0.0507104 0
    outer loop
      vertex 23.8615 40.0558 22.92
      vertex 23.8579 40.1267 23.3
      vertex 23.8579 40.1267 22.92
    endloop
  endfacet
  facet normal -0.998713 -0.0507104 0
    outer loop
      vertex 23.8579 40.1267 23.3
      vertex 23.8615 40.0558 22.92
      vertex 23.8615 40.0558 23.3
    endloop
  endfacet
  facet normal -0.998695 0.0510696 0
    outer loop
      vertex 23.8579 39.9854 22.92
      vertex 23.8615 40.0558 23.3
      vertex 23.8615 40.0558 22.92
    endloop
  endfacet
  facet normal -0.998695 0.0510696 0
    outer loop
      vertex 23.8615 40.0558 23.3
      vertex 23.8579 39.9854 22.92
      vertex 23.8579 39.9854 23.3
    endloop
  endfacet
  facet normal -0.987112 0.160032 0
    outer loop
      vertex 23.8472 39.9194 22.92
      vertex 23.8579 39.9854 23.3
      vertex 23.8579 39.9854 22.92
    endloop
  endfacet
  facet normal -0.987112 0.160032 0
    outer loop
      vertex 23.8579 39.9854 23.3
      vertex 23.8472 39.9194 22.92
      vertex 23.8472 39.9194 23.3
    endloop
  endfacet
  facet normal -0.960935 0.276774 0
    outer loop
      vertex 23.8294 39.8576 22.92
      vertex 23.8472 39.9194 23.3
      vertex 23.8472 39.9194 22.92
    endloop
  endfacet
  facet normal -0.960935 0.276774 0
    outer loop
      vertex 23.8472 39.9194 23.3
      vertex 23.8294 39.8576 22.92
      vertex 23.8294 39.8576 23.3
    endloop
  endfacet
  facet normal -0.917653 0.397383 0
    outer loop
      vertex 23.8045 39.8001 22.92
      vertex 23.8294 39.8576 23.3
      vertex 23.8294 39.8576 22.92
    endloop
  endfacet
  facet normal -0.917653 0.397383 0
    outer loop
      vertex 23.8294 39.8576 23.3
      vertex 23.8045 39.8001 22.92
      vertex 23.8045 39.8001 23.3
    endloop
  endfacet
  facet normal -0.856212 0.516624 0
    outer loop
      vertex 23.7724 39.7469 22.92
      vertex 23.8045 39.8001 23.3
      vertex 23.8045 39.8001 22.92
    endloop
  endfacet
  facet normal -0.856212 0.516624 0
    outer loop
      vertex 23.8045 39.8001 23.3
      vertex 23.7724 39.7469 22.92
      vertex 23.7724 39.7469 23.3
    endloop
  endfacet
  facet normal -0.780246 0.625473 0
    outer loop
      vertex 23.7332 39.698 22.92
      vertex 23.7724 39.7469 23.3
      vertex 23.7724 39.7469 22.92
    endloop
  endfacet
  facet normal -0.780246 0.625473 0
    outer loop
      vertex 23.7724 39.7469 23.3
      vertex 23.7332 39.698 22.92
      vertex 23.7332 39.698 23.3
    endloop
  endfacet
  facet normal -0.692984 0.720952 0
    outer loop
      vertex 23.7332 39.698 22.92
      vertex 23.6868 39.6534 23.3
      vertex 23.7332 39.698 23.3
    endloop
  endfacet
  facet normal -0.692984 0.720952 0
    outer loop
      vertex 23.6868 39.6534 23.3
      vertex 23.7332 39.698 22.92
      vertex 23.6868 39.6534 22.92
    endloop
  endfacet
  facet normal -0.600244 0.799817 0
    outer loop
      vertex 23.6868 39.6534 22.92
      vertex 23.6343 39.614 23.3
      vertex 23.6868 39.6534 23.3
    endloop
  endfacet
  facet normal -0.600244 0.799817 0
    outer loop
      vertex 23.6343 39.614 23.3
      vertex 23.6868 39.6534 22.92
      vertex 23.6343 39.614 22.92
    endloop
  endfacet
  facet normal -0.499203 0.866485 0
    outer loop
      vertex 23.6343 39.614 22.92
      vertex 23.5765 39.5807 23.3
      vertex 23.6343 39.614 23.3
    endloop
  endfacet
  facet normal -0.499203 0.866485 0
    outer loop
      vertex 23.5765 39.5807 23.3
      vertex 23.6343 39.614 22.92
      vertex 23.5765 39.5807 22.92
    endloop
  endfacet
  facet normal -0.397077 0.917785 0
    outer loop
      vertex 23.5765 39.5807 22.92
      vertex 23.5134 39.5534 23.3
      vertex 23.5765 39.5807 23.3
    endloop
  endfacet
  facet normal -0.397077 0.917785 0
    outer loop
      vertex 23.5134 39.5534 23.3
      vertex 23.5765 39.5807 22.92
      vertex 23.5134 39.5534 22.92
    endloop
  endfacet
  facet normal -0.297321 0.954778 0
    outer loop
      vertex 23.5134 39.5534 22.92
      vertex 23.445 39.5321 23.3
      vertex 23.5134 39.5534 23.3
    endloop
  endfacet
  facet normal -0.297321 0.954778 0
    outer loop
      vertex 23.445 39.5321 23.3
      vertex 23.5134 39.5534 22.92
      vertex 23.445 39.5321 22.92
    endloop
  endfacet
  facet normal -0.200977 0.979596 0
    outer loop
      vertex 23.445 39.5321 22.92
      vertex 23.3714 39.517 23.3
      vertex 23.445 39.5321 23.3
    endloop
  endfacet
  facet normal -0.200977 0.979596 0
    outer loop
      vertex 23.3714 39.517 23.3
      vertex 23.445 39.5321 22.92
      vertex 23.3714 39.517 22.92
    endloop
  endfacet
  facet normal -0.114576 0.993414 0
    outer loop
      vertex 23.3714 39.517 22.92
      vertex 23.2925 39.5079 23.3
      vertex 23.3714 39.517 23.3
    endloop
  endfacet
  facet normal -0.114576 0.993414 0
    outer loop
      vertex 23.2925 39.5079 23.3
      vertex 23.3714 39.517 22.92
      vertex 23.2925 39.5079 22.92
    endloop
  endfacet
  facet normal -0.0356069 0.999366 0
    outer loop
      vertex 23.2925 39.5079 22.92
      vertex 23.2083 39.5049 23.3
      vertex 23.2925 39.5079 23.3
    endloop
  endfacet
  facet normal -0.0356069 0.999366 0
    outer loop
      vertex 23.2083 39.5049 23.3
      vertex 23.2925 39.5079 22.92
      vertex 23.2083 39.5049 22.92
    endloop
  endfacet
  facet normal 0.0247042 0.999695 -0
    outer loop
      vertex 23.2083 39.5049 22.92
      vertex 23.1476 39.5064 23.3
      vertex 23.2083 39.5049 23.3
    endloop
  endfacet
  facet normal 0.0247042 0.999695 0
    outer loop
      vertex 23.1476 39.5064 23.3
      vertex 23.2083 39.5049 22.92
      vertex 23.1476 39.5064 22.92
    endloop
  endfacet
  facet normal 0.0742283 0.997241 -0
    outer loop
      vertex 23.1476 39.5064 22.92
      vertex 23.0858 39.511 23.3
      vertex 23.1476 39.5064 23.3
    endloop
  endfacet
  facet normal 0.0742283 0.997241 0
    outer loop
      vertex 23.0858 39.511 23.3
      vertex 23.1476 39.5064 22.92
      vertex 23.0858 39.511 22.92
    endloop
  endfacet
  facet normal 0.123064 0.992399 -0
    outer loop
      vertex 23.0858 39.511 22.92
      vertex 23.0229 39.5188 23.3
      vertex 23.0858 39.511 23.3
    endloop
  endfacet
  facet normal 0.123064 0.992399 0
    outer loop
      vertex 23.0229 39.5188 23.3
      vertex 23.0858 39.511 22.92
      vertex 23.0229 39.5188 22.92
    endloop
  endfacet
  facet normal 0.166397 0.986059 -0
    outer loop
      vertex 23.0229 39.5188 22.92
      vertex 22.9589 39.5296 23.3
      vertex 23.0229 39.5188 23.3
    endloop
  endfacet
  facet normal 0.166397 0.986059 0
    outer loop
      vertex 22.9589 39.5296 23.3
      vertex 23.0229 39.5188 22.92
      vertex 22.9589 39.5296 22.92
    endloop
  endfacet
  facet normal 0.208811 0.977956 -0
    outer loop
      vertex 22.9589 39.5296 22.92
      vertex 22.8938 39.5435 23.3
      vertex 22.9589 39.5296 23.3
    endloop
  endfacet
  facet normal 0.208811 0.977956 0
    outer loop
      vertex 22.8938 39.5435 23.3
      vertex 22.9589 39.5296 22.92
      vertex 22.8938 39.5435 22.92
    endloop
  endfacet
  facet normal 0.248375 0.968664 -0
    outer loop
      vertex 22.8938 39.5435 22.92
      vertex 22.8275 39.5605 23.3
      vertex 22.8938 39.5435 23.3
    endloop
  endfacet
  facet normal 0.248375 0.968664 0
    outer loop
      vertex 22.8275 39.5605 23.3
      vertex 22.8938 39.5435 22.92
      vertex 22.8275 39.5605 22.92
    endloop
  endfacet
  facet normal 0.286172 0.958178 -0
    outer loop
      vertex 22.8275 39.5605 22.92
      vertex 22.7602 39.5806 23.3
      vertex 22.8275 39.5605 23.3
    endloop
  endfacet
  facet normal 0.286172 0.958178 0
    outer loop
      vertex 22.7602 39.5806 23.3
      vertex 22.8275 39.5605 22.92
      vertex 22.7602 39.5806 22.92
    endloop
  endfacet
  facet normal 0.321208 0.947009 -0
    outer loop
      vertex 22.7602 39.5806 22.92
      vertex 22.6918 39.6038 23.3
      vertex 22.7602 39.5806 23.3
    endloop
  endfacet
  facet normal 0.321208 0.947009 0
    outer loop
      vertex 22.6918 39.6038 23.3
      vertex 22.7602 39.5806 22.92
      vertex 22.6918 39.6038 22.92
    endloop
  endfacet
  facet normal 0.353479 0.935442 -0
    outer loop
      vertex 22.6918 39.6038 22.92
      vertex 22.6222 39.6301 23.3
      vertex 22.6918 39.6038 23.3
    endloop
  endfacet
  facet normal 0.353479 0.935442 0
    outer loop
      vertex 22.6222 39.6301 23.3
      vertex 22.6918 39.6038 22.92
      vertex 22.6222 39.6301 22.92
    endloop
  endfacet
  facet normal 0.38443 0.923154 -0
    outer loop
      vertex 22.6222 39.6301 22.92
      vertex 22.5516 39.6595 23.3
      vertex 22.6222 39.6301 23.3
    endloop
  endfacet
  facet normal 0.38443 0.923154 0
    outer loop
      vertex 22.5516 39.6595 23.3
      vertex 22.6222 39.6301 22.92
      vertex 22.5516 39.6595 22.92
    endloop
  endfacet
  facet normal 0.412368 0.911017 -0
    outer loop
      vertex 22.5516 39.6595 22.92
      vertex 22.4798 39.692 23.3
      vertex 22.5516 39.6595 23.3
    endloop
  endfacet
  facet normal 0.412368 0.911017 0
    outer loop
      vertex 22.4798 39.692 23.3
      vertex 22.5516 39.6595 22.92
      vertex 22.4798 39.692 22.92
    endloop
  endfacet
  facet normal 0.438812 0.898579 -0
    outer loop
      vertex 22.4798 39.692 22.92
      vertex 22.4069 39.7276 23.3
      vertex 22.4798 39.692 23.3
    endloop
  endfacet
  facet normal 0.438812 0.898579 0
    outer loop
      vertex 22.4069 39.7276 23.3
      vertex 22.4798 39.692 22.92
      vertex 22.4069 39.7276 22.92
    endloop
  endfacet
  facet normal 0.462976 0.886371 -0
    outer loop
      vertex 22.4069 39.7276 22.92
      vertex 22.333 39.7662 23.3
      vertex 22.4069 39.7276 23.3
    endloop
  endfacet
  facet normal 0.462976 0.886371 0
    outer loop
      vertex 22.333 39.7662 23.3
      vertex 22.4069 39.7276 22.92
      vertex 22.333 39.7662 22.92
    endloop
  endfacet
  facet normal 0.486334 0.873773 -0
    outer loop
      vertex 22.333 39.7662 22.92
      vertex 22.2579 39.808 23.3
      vertex 22.333 39.7662 23.3
    endloop
  endfacet
  facet normal 0.486334 0.873773 0
    outer loop
      vertex 22.2579 39.808 23.3
      vertex 22.333 39.7662 22.92
      vertex 22.2579 39.808 22.92
    endloop
  endfacet
  facet normal -1 0 0
    outer loop
      vertex 22.2579 39.1506 22.92
      vertex 22.2579 39.808 23.3
      vertex 22.2579 39.808 22.92
    endloop
  endfacet
  facet normal -1 -0 0
    outer loop
      vertex 22.2579 39.808 23.3
      vertex 22.2579 39.1506 22.92
      vertex 22.2579 39.1506 23.3
    endloop
  endfacet
  facet normal -0.364859 -0.931063 0
    outer loop
      vertex 22.2579 39.1506 22.92
      vertex 22.3342 39.1207 23.3
      vertex 22.2579 39.1506 23.3
    endloop
  endfacet
  facet normal -0.364859 -0.931063 -0
    outer loop
      vertex 22.3342 39.1207 23.3
      vertex 22.2579 39.1506 22.92
      vertex 22.3342 39.1207 22.92
    endloop
  endfacet
  facet normal -0.34046 -0.940259 0
    outer loop
      vertex 22.3342 39.1207 22.92
      vertex 22.4107 39.093 23.3
      vertex 22.3342 39.1207 23.3
    endloop
  endfacet
  facet normal -0.34046 -0.940259 -0
    outer loop
      vertex 22.4107 39.093 23.3
      vertex 22.3342 39.1207 22.92
      vertex 22.4107 39.093 22.92
    endloop
  endfacet
  facet normal -0.315111 -0.949055 0
    outer loop
      vertex 22.4107 39.093 22.92
      vertex 22.4872 39.0676 23.3
      vertex 22.4107 39.093 23.3
    endloop
  endfacet
  facet normal -0.315111 -0.949055 -0
    outer loop
      vertex 22.4872 39.0676 23.3
      vertex 22.4107 39.093 22.92
      vertex 22.4872 39.0676 22.92
    endloop
  endfacet
  facet normal -0.288034 -0.95762 0
    outer loop
      vertex 22.4872 39.0676 22.92
      vertex 22.564 39.0445 23.3
      vertex 22.4872 39.0676 23.3
    endloop
  endfacet
  facet normal -0.288034 -0.95762 -0
    outer loop
      vertex 22.564 39.0445 23.3
      vertex 22.4872 39.0676 22.92
      vertex 22.564 39.0445 22.92
    endloop
  endfacet
  facet normal -0.261415 -0.965226 0
    outer loop
      vertex 22.564 39.0445 22.92
      vertex 22.6408 39.0237 23.3
      vertex 22.564 39.0445 23.3
    endloop
  endfacet
  facet normal -0.261415 -0.965226 -0
    outer loop
      vertex 22.6408 39.0237 23.3
      vertex 22.564 39.0445 22.92
      vertex 22.6408 39.0237 22.92
    endloop
  endfacet
  facet normal -0.234805 -0.972042 0
    outer loop
      vertex 22.6408 39.0237 22.92
      vertex 22.7178 39.0051 23.3
      vertex 22.6408 39.0237 23.3
    endloop
  endfacet
  facet normal -0.234805 -0.972042 -0
    outer loop
      vertex 22.7178 39.0051 23.3
      vertex 22.6408 39.0237 22.92
      vertex 22.7178 39.0051 22.92
    endloop
  endfacet
  facet normal -0.208056 -0.978117 0
    outer loop
      vertex 22.7178 39.0051 22.92
      vertex 22.7949 38.9887 23.3
      vertex 22.7178 39.0051 23.3
    endloop
  endfacet
  facet normal -0.208056 -0.978117 -0
    outer loop
      vertex 22.7949 38.9887 23.3
      vertex 22.7178 39.0051 22.92
      vertex 22.7949 38.9887 22.92
    endloop
  endfacet
  facet normal -0.179445 -0.983768 0
    outer loop
      vertex 22.7949 38.9887 22.92
      vertex 22.8722 38.9746 23.3
      vertex 22.7949 38.9887 23.3
    endloop
  endfacet
  facet normal -0.179445 -0.983768 -0
    outer loop
      vertex 22.8722 38.9746 23.3
      vertex 22.7949 38.9887 22.92
      vertex 22.8722 38.9746 22.92
    endloop
  endfacet
  facet normal -0.151579 -0.988445 0
    outer loop
      vertex 22.8722 38.9746 22.92
      vertex 22.9498 38.9627 23.3
      vertex 22.8722 38.9746 23.3
    endloop
  endfacet
  facet normal -0.151579 -0.988445 -0
    outer loop
      vertex 22.9498 38.9627 23.3
      vertex 22.8722 38.9746 22.92
      vertex 22.9498 38.9627 22.92
    endloop
  endfacet
  facet normal -0.125135 -0.99214 0
    outer loop
      vertex 22.9498 38.9627 22.92
      vertex 23.0275 38.9529 23.3
      vertex 22.9498 38.9627 23.3
    endloop
  endfacet
  facet normal -0.125135 -0.99214 -0
    outer loop
      vertex 23.0275 38.9529 23.3
      vertex 22.9498 38.9627 22.92
      vertex 23.0275 38.9529 22.92
    endloop
  endfacet
  facet normal -0.0969766 -0.995287 0
    outer loop
      vertex 23.0275 38.9529 22.92
      vertex 23.1055 38.9453 23.3
      vertex 23.0275 38.9529 23.3
    endloop
  endfacet
  facet normal -0.0969766 -0.995287 -0
    outer loop
      vertex 23.1055 38.9453 23.3
      vertex 23.0275 38.9529 22.92
      vertex 23.1055 38.9453 22.92
    endloop
  endfacet
  facet normal -0.0688897 -0.997624 0
    outer loop
      vertex 23.1055 38.9453 22.92
      vertex 23.1837 38.9399 23.3
      vertex 23.1055 38.9453 23.3
    endloop
  endfacet
  facet normal -0.0688897 -0.997624 -0
    outer loop
      vertex 23.1837 38.9399 23.3
      vertex 23.1055 38.9453 22.92
      vertex 23.1837 38.9399 22.92
    endloop
  endfacet
  facet normal -0.0420546 -0.999115 0
    outer loop
      vertex 23.1837 38.9399 22.92
      vertex 23.2621 38.9366 23.3
      vertex 23.1837 38.9399 23.3
    endloop
  endfacet
  facet normal -0.0420546 -0.999115 -0
    outer loop
      vertex 23.2621 38.9366 23.3
      vertex 23.1837 38.9399 22.92
      vertex 23.2621 38.9366 22.92
    endloop
  endfacet
  facet normal -0.0139935 -0.999902 0
    outer loop
      vertex 23.2621 38.9366 22.92
      vertex 23.3407 38.9355 23.3
      vertex 23.2621 38.9366 23.3
    endloop
  endfacet
  facet normal -0.0139935 -0.999902 -0
    outer loop
      vertex 23.3407 38.9355 23.3
      vertex 23.2621 38.9366 22.92
      vertex 23.3407 38.9355 22.92
    endloop
  endfacet
  facet normal 0.0345207 -0.999404 0
    outer loop
      vertex 23.3407 38.9355 22.92
      vertex 23.5173 38.9416 23.3
      vertex 23.3407 38.9355 23.3
    endloop
  endfacet
  facet normal 0.0345207 -0.999404 0
    outer loop
      vertex 23.5173 38.9416 23.3
      vertex 23.3407 38.9355 22.92
      vertex 23.5173 38.9416 22.92
    endloop
  endfacet
  facet normal 0 0 -1
    outer loop
      vertex 43.0135 40.0021 22.92
      vertex 43.8185 40.057 22.92
      vertex 43.8116 39.9125 22.92
    endloop
  endfacet
  facet normal 0 0 -1
    outer loop
      vertex 43.8185 40.057 22.92
      vertex 43.0113 40.0804 22.92
      vertex 43.8123 40.1878 22.92
    endloop
  endfacet
  facet normal 0 0 -1
    outer loop
      vertex 43.0113 39.9238 22.92
      vertex 43.8116 39.9125 22.92
      vertex 43.7907 39.7764 22.92
    endloop
  endfacet
  facet normal -0 0 -1
    outer loop
      vertex 43.8185 40.057 22.92
      vertex 43.0135 40.0021 22.92
      vertex 43.0113 40.0804 22.92
    endloop
  endfacet
  facet normal 0 0 -1
    outer loop
      vertex 43.0045 39.8513 22.92
      vertex 43.7907 39.7764 22.92
      vertex 43.756 39.6488 22.92
    endloop
  endfacet
  facet normal 0 0 -1
    outer loop
      vertex 43.0045 40.1529 22.92
      vertex 43.8123 40.1878 22.92
      vertex 43.0113 40.0804 22.92
    endloop
  endfacet
  facet normal 0 0 -1
    outer loop
      vertex 42.9934 39.7847 22.92
      vertex 43.756 39.6488 22.92
      vertex 43.7073 39.5297 22.92
    endloop
  endfacet
  facet normal -0 0 -1
    outer loop
      vertex 43.8123 40.1878 22.92
      vertex 43.0045 40.1529 22.92
      vertex 43.7936 40.3113 22.92
    endloop
  endfacet
  facet normal 0 0 -1
    outer loop
      vertex 42.9934 39.7847 22.92
      vertex 43.7073 39.5297 22.92
      vertex 43.6447 39.419 22.92
    endloop
  endfacet
  facet normal 0 0 -1
    outer loop
      vertex 42.9934 40.2196 22.92
      vertex 43.7936 40.3113 22.92
      vertex 43.0045 40.1529 22.92
    endloop
  endfacet
  facet normal 0 0 -1
    outer loop
      vertex 42.9777 39.7238 22.92
      vertex 43.6447 39.419 22.92
      vertex 43.5682 39.3167 22.92
    endloop
  endfacet
  facet normal -0 0 -1
    outer loop
      vertex 43.7936 40.3113 22.92
      vertex 42.9934 40.2196 22.92
      vertex 43.7625 40.4274 22.92
    endloop
  endfacet
  facet normal 0 0 -1
    outer loop
      vertex 42.9576 39.6687 22.92
      vertex 43.5682 39.3167 22.92
      vertex 43.4778 39.223 22.92
    endloop
  endfacet
  facet normal -0 0 -1
    outer loop
      vertex 43.7625 40.4274 22.92
      vertex 42.9934 40.2196 22.92
      vertex 43.719 40.5362 22.92
    endloop
  endfacet
  facet normal 0 0 -1
    outer loop
      vertex 42.933 39.6194 22.92
      vertex 43.4778 39.223 22.92
      vertex 43.3758 39.1398 22.92
    endloop
  endfacet
  facet normal 0 0 -1
    outer loop
      vertex 42.9777 40.2805 22.92
      vertex 43.719 40.5362 22.92
      vertex 42.9934 40.2196 22.92
    endloop
  endfacet
  facet normal 0 0 -1
    outer loop
      vertex 42.9039 39.5759 22.92
      vertex 43.3758 39.1398 22.92
      vertex 43.2642 39.0694 22.92
    endloop
  endfacet
  facet normal -0 0 -1
    outer loop
      vertex 43.719 40.5362 22.92
      vertex 42.9777 40.2805 22.92
      vertex 43.663 40.6376 22.92
    endloop
  endfacet
  facet normal 0 0 -1
    outer loop
      vertex 42.8703 39.5382 22.92
      vertex 43.2642 39.0694 22.92
      vertex 43.1432 39.0119 22.92
    endloop
  endfacet
  facet normal 0 0 -1
    outer loop
      vertex 42.9576 40.3356 22.92
      vertex 43.663 40.6376 22.92
      vertex 42.9777 40.2805 22.92
    endloop
  endfacet
  facet normal -0 0 -1
    outer loop
      vertex 43.663 40.6376 22.92
      vertex 42.9576 40.3356 22.92
      vertex 43.5945 40.7317 22.92
    endloop
  endfacet
  facet normal 0 0 -1
    outer loop
      vertex 42.8321 39.5063 22.92
      vertex 43.1432 39.0119 22.92
      vertex 43.0127 38.9671 22.92
    endloop
  endfacet
  facet normal 0 0 -1
    outer loop
      vertex 43.8116 39.9125 22.92
      vertex 43.0113 39.9238 22.92
      vertex 43.0135 40.0021 22.92
    endloop
  endfacet
  facet normal 0 0 -1
    outer loop
      vertex 43.7907 39.7764 22.92
      vertex 43.0045 39.8513 22.92
      vertex 43.0113 39.9238 22.92
    endloop
  endfacet
  facet normal 0 0 -1
    outer loop
      vertex 43.756 39.6488 22.92
      vertex 42.9934 39.7847 22.92
      vertex 43.0045 39.8513 22.92
    endloop
  endfacet
  facet normal 0 0 -1
    outer loop
      vertex 43.6447 39.419 22.92
      vertex 42.9777 39.7238 22.92
      vertex 42.9934 39.7847 22.92
    endloop
  endfacet
  facet normal 0 0 -1
    outer loop
      vertex 43.5682 39.3167 22.92
      vertex 42.9576 39.6687 22.92
      vertex 42.9777 39.7238 22.92
    endloop
  endfacet
  facet normal 0 0 -1
    outer loop
      vertex 43.4778 39.223 22.92
      vertex 42.933 39.6194 22.92
      vertex 42.9576 39.6687 22.92
    endloop
  endfacet
  facet normal 0 0 -1
    outer loop
      vertex 43.3758 39.1398 22.92
      vertex 42.9039 39.5759 22.92
      vertex 42.933 39.6194 22.92
    endloop
  endfacet
  facet normal 0 0 -1
    outer loop
      vertex 42.7894 39.4802 22.92
      vertex 43.0127 38.9671 22.92
      vertex 42.8727 38.9351 22.92
    endloop
  endfacet
  facet normal 0 0 -1
    outer loop
      vertex 43.2642 39.0694 22.92
      vertex 42.8703 39.5382 22.92
      vertex 42.9039 39.5759 22.92
    endloop
  endfacet
  facet normal 0 0 -1
    outer loop
      vertex 43.1432 39.0119 22.92
      vertex 42.8321 39.5063 22.92
      vertex 42.8703 39.5382 22.92
    endloop
  endfacet
  facet normal 0 0 -1
    outer loop
      vertex 43.0127 38.9671 22.92
      vertex 42.7894 39.4802 22.92
      vertex 42.8321 39.5063 22.92
    endloop
  endfacet
  facet normal 0 0 -1
    outer loop
      vertex 42.8727 38.9351 22.92
      vertex 42.7422 39.4599 22.92
      vertex 42.7894 39.4802 22.92
    endloop
  endfacet
  facet normal 0 0 -1
    outer loop
      vertex 42.6903 39.4454 22.92
      vertex 42.8727 38.9351 22.92
      vertex 42.7232 38.9159 22.92
    endloop
  endfacet
  facet normal 0 0 -1
    outer loop
      vertex 42.8727 38.9351 22.92
      vertex 42.6903 39.4454 22.92
      vertex 42.7422 39.4599 22.92
    endloop
  endfacet
  facet normal 0 0 -1
    outer loop
      vertex 42.7232 38.9159 22.92
      vertex 42.6339 39.4367 22.92
      vertex 42.6903 39.4454 22.92
    endloop
  endfacet
  facet normal 0 0 -1
    outer loop
      vertex 42.5643 38.9095 22.92
      vertex 42.6339 39.4367 22.92
      vertex 42.7232 38.9159 22.92
    endloop
  endfacet
  facet normal 0 0 -1
    outer loop
      vertex 42.6339 39.4367 22.92
      vertex 42.5643 38.9095 22.92
      vertex 42.573 39.4338 22.92
    endloop
  endfacet
  facet normal 0 0 -1
    outer loop
      vertex 42.5643 38.9095 22.92
      vertex 42.5126 39.4367 22.92
      vertex 42.573 39.4338 22.92
    endloop
  endfacet
  facet normal 0 0 -1
    outer loop
      vertex 42.3897 38.9182 22.92
      vertex 42.5126 39.4367 22.92
      vertex 42.5643 38.9095 22.92
    endloop
  endfacet
  facet normal -0 0 -1
    outer loop
      vertex 42.5126 39.4367 22.92
      vertex 42.3897 38.9182 22.92
      vertex 42.4567 39.4454 22.92
    endloop
  endfacet
  facet normal -0 0 -1
    outer loop
      vertex 42.4567 39.4454 22.92
      vertex 42.3897 38.9182 22.92
      vertex 42.4053 39.4599 22.92
    endloop
  endfacet
  facet normal 0 0 -1
    outer loop
      vertex 42.2268 38.9443 22.92
      vertex 42.4053 39.4599 22.92
      vertex 42.3897 38.9182 22.92
    endloop
  endfacet
  facet normal -0 0 -1
    outer loop
      vertex 42.4053 39.4599 22.92
      vertex 42.2268 38.9443 22.92
      vertex 42.3583 39.4802 22.92
    endloop
  endfacet
  facet normal 0 0 -1
    outer loop
      vertex 42.0754 38.9878 22.92
      vertex 42.3583 39.4802 22.92
      vertex 42.2268 38.9443 22.92
    endloop
  endfacet
  facet normal -0 0 -1
    outer loop
      vertex 42.3583 39.4802 22.92
      vertex 42.0754 38.9878 22.92
      vertex 42.3158 39.5063 22.92
    endloop
  endfacet
  facet normal 0 0 -1
    outer loop
      vertex 41.9358 39.0487 22.92
      vertex 42.3158 39.5063 22.92
      vertex 42.0754 38.9878 22.92
    endloop
  endfacet
  facet normal -0 0 -1
    outer loop
      vertex 42.3158 39.5063 22.92
      vertex 41.9358 39.0487 22.92
      vertex 42.2778 39.5382 22.92
    endloop
  endfacet
  facet normal 0 0 -1
    outer loop
      vertex 41.8078 39.1271 22.92
      vertex 42.2778 39.5382 22.92
      vertex 41.9358 39.0487 22.92
    endloop
  endfacet
  facet normal -0 0 -1
    outer loop
      vertex 42.2778 39.5382 22.92
      vertex 41.8078 39.1271 22.92
      vertex 42.2442 39.5759 22.92
    endloop
  endfacet
  facet normal -0 0 -1
    outer loop
      vertex 42.2442 39.5759 22.92
      vertex 41.8078 39.1271 22.92
      vertex 42.2152 39.6194 22.92
    endloop
  endfacet
  facet normal 0 0 -1
    outer loop
      vertex 41.6914 39.2228 22.92
      vertex 42.2152 39.6194 22.92
      vertex 41.8078 39.1271 22.92
    endloop
  endfacet
  facet normal -0 0 -1
    outer loop
      vertex 42.2152 39.6194 22.92
      vertex 41.6914 39.2228 22.92
      vertex 42.1906 39.6687 22.92
    endloop
  endfacet
  facet normal 0 0 -1
    outer loop
      vertex 42.3583 40.5241 22.92
      vertex 42.0784 40.9255 22.92
      vertex 42.1208 40.9527 22.92
    endloop
  endfacet
  facet normal 0 0 -1
    outer loop
      vertex 41.3536 39.7669 22.92
      vertex 42.1347 40.0021 22.92
      vertex 42.1369 39.9238 22.92
    endloop
  endfacet
  facet normal 0 0 -1
    outer loop
      vertex 41.5867 39.3359 22.92
      vertex 42.1906 39.6687 22.92
      vertex 41.6914 39.2228 22.92
    endloop
  endfacet
  facet normal -0 0 -1
    outer loop
      vertex 42.1906 39.6687 22.92
      vertex 41.5867 39.3359 22.92
      vertex 42.1704 39.7238 22.92
    endloop
  endfacet
  facet normal 0 0 -1
    outer loop
      vertex 42.1369 40.0804 22.92
      vertex 42.037 40.8962 22.92
      vertex 42.0784 40.9255 22.92
    endloop
  endfacet
  facet normal 0 0 -1
    outer loop
      vertex 41.4949 39.465 22.92
      vertex 42.1704 39.7238 22.92
      vertex 41.5867 39.3359 22.92
    endloop
  endfacet
  facet normal -0 0 -1
    outer loop
      vertex 43.5945 40.7317 22.92
      vertex 42.9576 40.3356 22.92
      vertex 43.5136 40.8184 22.92
    endloop
  endfacet
  facet normal 0 0 -1
    outer loop
      vertex 42.933 40.3849 22.92
      vertex 43.5136 40.8184 22.92
      vertex 42.9576 40.3356 22.92
    endloop
  endfacet
  facet normal -0 0 -1
    outer loop
      vertex 43.5136 40.8184 22.92
      vertex 42.933 40.3849 22.92
      vertex 43.4226 40.8955 22.92
    endloop
  endfacet
  facet normal 0 0 -1
    outer loop
      vertex 42.9039 40.4284 22.92
      vertex 43.4226 40.8955 22.92
      vertex 42.933 40.3849 22.92
    endloop
  endfacet
  facet normal -0 0 -1
    outer loop
      vertex 43.4226 40.8955 22.92
      vertex 42.9039 40.4284 22.92
      vertex 43.3238 40.9608 22.92
    endloop
  endfacet
  facet normal 0 0 -1
    outer loop
      vertex 42.8703 40.4661 22.92
      vertex 43.3238 40.9608 22.92
      vertex 42.9039 40.4284 22.92
    endloop
  endfacet
  facet normal -0 0 -1
    outer loop
      vertex 43.3238 40.9608 22.92
      vertex 42.8703 40.4661 22.92
      vertex 43.2171 41.0141 22.92
    endloop
  endfacet
  facet normal 0 0 -1
    outer loop
      vertex 42.8321 40.498 22.92
      vertex 43.2171 41.0141 22.92
      vertex 42.8703 40.4661 22.92
    endloop
  endfacet
  facet normal -0 0 -1
    outer loop
      vertex 43.2171 41.0141 22.92
      vertex 42.8321 40.498 22.92
      vertex 43.1025 41.0557 22.92
    endloop
  endfacet
  facet normal -0 0 -1
    outer loop
      vertex 43.1025 41.0557 22.92
      vertex 42.8321 40.498 22.92
      vertex 42.9801 41.0853 22.92
    endloop
  endfacet
  facet normal 0 0 -1
    outer loop
      vertex 42.7894 40.5241 22.92
      vertex 42.9801 41.0853 22.92
      vertex 42.8321 40.498 22.92
    endloop
  endfacet
  facet normal 0 0 -1
    outer loop
      vertex 42.7422 40.5444 22.92
      vertex 42.9801 41.0853 22.92
      vertex 42.7894 40.5241 22.92
    endloop
  endfacet
  facet normal -0 0 -1
    outer loop
      vertex 42.9801 41.0853 22.92
      vertex 42.7422 40.5444 22.92
      vertex 42.8499 41.1031 22.92
    endloop
  endfacet
  facet normal 0 0 -1
    outer loop
      vertex 42.6903 40.5588 22.92
      vertex 42.8499 41.1031 22.92
      vertex 42.7422 40.5444 22.92
    endloop
  endfacet
  facet normal -0 0 -1
    outer loop
      vertex 42.8499 41.1031 22.92
      vertex 42.6903 40.5588 22.92
      vertex 42.7119 41.1091 22.92
    endloop
  endfacet
  facet normal 0 0 -1
    outer loop
      vertex 42.6339 40.5675 22.92
      vertex 42.7119 41.1091 22.92
      vertex 42.6903 40.5588 22.92
    endloop
  endfacet
  facet normal 0 0 -1
    outer loop
      vertex 42.7119 41.1091 22.92
      vertex 42.6339 40.5675 22.92
      vertex 42.6561 41.108 22.92
    endloop
  endfacet
  facet normal 0 0 -1
    outer loop
      vertex 42.6339 40.5675 22.92
      vertex 42.6015 41.1047 22.92
      vertex 42.6561 41.108 22.92
    endloop
  endfacet
  facet normal 0 0 -1
    outer loop
      vertex 42.573 40.5704 22.92
      vertex 42.6015 41.1047 22.92
      vertex 42.6339 40.5675 22.92
    endloop
  endfacet
  facet normal 0 0 -1
    outer loop
      vertex 42.573 40.5704 22.92
      vertex 42.5482 41.0993 22.92
      vertex 42.6015 41.1047 22.92
    endloop
  endfacet
  facet normal 0 0 -1
    outer loop
      vertex 42.4961 41.0917 22.92
      vertex 42.573 40.5704 22.92
      vertex 42.5126 40.5675 22.92
    endloop
  endfacet
  facet normal 0 0 -1
    outer loop
      vertex 42.573 40.5704 22.92
      vertex 42.4961 41.0917 22.92
      vertex 42.5482 41.0993 22.92
    endloop
  endfacet
  facet normal 0 0 -1
    outer loop
      vertex 42.3957 41.07 22.92
      vertex 42.5126 40.5675 22.92
      vertex 42.4567 40.5588 22.92
    endloop
  endfacet
  facet normal 0 0 -1
    outer loop
      vertex 42.5126 40.5675 22.92
      vertex 42.4453 41.0819 22.92
      vertex 42.4961 41.0917 22.92
    endloop
  endfacet
  facet normal 0 0 -1
    outer loop
      vertex 42.2538 41.0211 22.92
      vertex 42.4567 40.5588 22.92
      vertex 42.4053 40.5444 22.92
    endloop
  endfacet
  facet normal 0 0 -1
    outer loop
      vertex 42.5126 40.5675 22.92
      vertex 42.3957 41.07 22.92
      vertex 42.4453 41.0819 22.92
    endloop
  endfacet
  facet normal 0 0 -1
    outer loop
      vertex 42.1641 40.9777 22.92
      vertex 42.4053 40.5444 22.92
      vertex 42.3583 40.5241 22.92
    endloop
  endfacet
  facet normal 0 0 -1
    outer loop
      vertex 42.4567 40.5588 22.92
      vertex 42.3473 41.0558 22.92
      vertex 42.3957 41.07 22.92
    endloop
  endfacet
  facet normal 0 0 -1
    outer loop
      vertex 42.0784 40.9255 22.92
      vertex 42.3583 40.5241 22.92
      vertex 42.3158 40.498 22.92
    endloop
  endfacet
  facet normal 0 0 -1
    outer loop
      vertex 42.4567 40.5588 22.92
      vertex 42.3 41.0395 22.92
      vertex 42.3473 41.0558 22.92
    endloop
  endfacet
  facet normal 0 0 -1
    outer loop
      vertex 42.0784 40.9255 22.92
      vertex 42.3158 40.498 22.92
      vertex 42.2778 40.4661 22.92
    endloop
  endfacet
  facet normal 0 0 -1
    outer loop
      vertex 42.4567 40.5588 22.92
      vertex 42.2538 41.0211 22.92
      vertex 42.3 41.0395 22.92
    endloop
  endfacet
  facet normal 0 0 -1
    outer loop
      vertex 42.0784 40.9255 22.92
      vertex 42.2778 40.4661 22.92
      vertex 42.2442 40.4284 22.92
    endloop
  endfacet
  facet normal 0 0 -1
    outer loop
      vertex 42.0784 40.9255 22.92
      vertex 42.2442 40.4284 22.92
      vertex 42.2152 40.3849 22.92
    endloop
  endfacet
  facet normal 0 0 -1
    outer loop
      vertex 42.4053 40.5444 22.92
      vertex 42.2085 41.0005 22.92
      vertex 42.2538 41.0211 22.92
    endloop
  endfacet
  facet normal 0 0 -1
    outer loop
      vertex 42.0784 40.9255 22.92
      vertex 42.2152 40.3849 22.92
      vertex 42.1906 40.3356 22.92
    endloop
  endfacet
  facet normal 0 0 -1
    outer loop
      vertex 42.0784 40.9255 22.92
      vertex 42.1906 40.3356 22.92
      vertex 42.1704 40.2805 22.92
    endloop
  endfacet
  facet normal 0 0 -1
    outer loop
      vertex 42.4053 40.5444 22.92
      vertex 42.1641 40.9777 22.92
      vertex 42.2085 41.0005 22.92
    endloop
  endfacet
  facet normal 0 0 -1
    outer loop
      vertex 42.0784 40.9255 22.92
      vertex 42.1704 40.2805 22.92
      vertex 42.1548 40.2196 22.92
    endloop
  endfacet
  facet normal 0 0 -1
    outer loop
      vertex 42.0784 40.9255 22.92
      vertex 42.1548 40.2196 22.92
      vertex 42.1436 40.1529 22.92
    endloop
  endfacet
  facet normal 0 0 -1
    outer loop
      vertex 42.0784 40.9255 22.92
      vertex 42.1436 40.1529 22.92
      vertex 42.1369 40.0804 22.92
    endloop
  endfacet
  facet normal 0 0 -1
    outer loop
      vertex 42.3583 40.5241 22.92
      vertex 42.1208 40.9527 22.92
      vertex 42.1641 40.9777 22.92
    endloop
  endfacet
  facet normal 0 0 -1
    outer loop
      vertex 41.3042 39.9397 22.92
      vertex 42.1369 40.0804 22.92
      vertex 42.1347 40.0021 22.92
    endloop
  endfacet
  facet normal 0 0 -1
    outer loop
      vertex 43.5475 41.5557 22.92
      vertex 43.6059 42.1269 22.92
      vertex 43.6059 41.5289 22.92
    endloop
  endfacet
  facet normal 0 0 -1
    outer loop
      vertex 43.4901 41.5804 22.92
      vertex 43.6059 42.1269 22.92
      vertex 43.5475 41.5557 22.92
    endloop
  endfacet
  facet normal 0 0 -1
    outer loop
      vertex 43.4336 41.603 22.92
      vertex 43.6059 42.1269 22.92
      vertex 43.4901 41.5804 22.92
    endloop
  endfacet
  facet normal 0 0 -1
    outer loop
      vertex 43.3781 41.6236 22.92
      vertex 43.6059 42.1269 22.92
      vertex 43.4336 41.603 22.92
    endloop
  endfacet
  facet normal -0 0 -1
    outer loop
      vertex 43.6059 42.1269 22.92
      vertex 43.3781 41.6236 22.92
      vertex 43.5469 42.1461 22.92
    endloop
  endfacet
  facet normal -0 0 -1
    outer loop
      vertex 43.5469 42.1461 22.92
      vertex 43.3781 41.6236 22.92
      vertex 43.4878 42.1639 22.92
    endloop
  endfacet
  facet normal 0 0 -1
    outer loop
      vertex 43.3236 41.6421 22.92
      vertex 43.4878 42.1639 22.92
      vertex 43.3781 41.6236 22.92
    endloop
  endfacet
  facet normal -0 0 -1
    outer loop
      vertex 43.4878 42.1639 22.92
      vertex 43.3236 41.6421 22.92
      vertex 43.4284 42.1802 22.92
    endloop
  endfacet
  facet normal 0 0 -1
    outer loop
      vertex 43.27 41.6585 22.92
      vertex 43.4284 42.1802 22.92
      vertex 43.3236 41.6421 22.92
    endloop
  endfacet
  facet normal -0 0 -1
    outer loop
      vertex 43.4284 42.1802 22.92
      vertex 43.27 41.6585 22.92
      vertex 43.3689 42.1951 22.92
    endloop
  endfacet
  facet normal 0 0 -1
    outer loop
      vertex 43.2175 41.6728 22.92
      vertex 43.3689 42.1951 22.92
      vertex 43.27 41.6585 22.92
    endloop
  endfacet
  facet normal -0 0 -1
    outer loop
      vertex 43.3689 42.1951 22.92
      vertex 43.2175 41.6728 22.92
      vertex 43.3092 42.2086 22.92
    endloop
  endfacet
  facet normal 0 0 -1
    outer loop
      vertex 43.1656 41.6852 22.92
      vertex 43.3092 42.2086 22.92
      vertex 43.2175 41.6728 22.92
    endloop
  endfacet
  facet normal -0 0 -1
    outer loop
      vertex 43.3092 42.2086 22.92
      vertex 43.1656 41.6852 22.92
      vertex 43.2493 42.2207 22.92
    endloop
  endfacet
  facet normal 0 0 -1
    outer loop
      vertex 43.114 41.6956 22.92
      vertex 43.2493 42.2207 22.92
      vertex 43.1656 41.6852 22.92
    endloop
  endfacet
  facet normal -0 0 -1
    outer loop
      vertex 43.2493 42.2207 22.92
      vertex 43.114 41.6956 22.92
      vertex 43.1893 42.2314 22.92
    endloop
  endfacet
  facet normal 0 0 -1
    outer loop
      vertex 43.0628 41.7042 22.92
      vertex 43.1893 42.2314 22.92
      vertex 43.114 41.6956 22.92
    endloop
  endfacet
  facet normal -0 0 -1
    outer loop
      vertex 43.1893 42.2314 22.92
      vertex 43.0628 41.7042 22.92
      vertex 43.1289 42.2406 22.92
    endloop
  endfacet
  facet normal 0 0 -1
    outer loop
      vertex 43.012 41.7108 22.92
      vertex 43.1289 42.2406 22.92
      vertex 43.0628 41.7042 22.92
    endloop
  endfacet
  facet normal -0 0 -1
    outer loop
      vertex 43.1289 42.2406 22.92
      vertex 43.012 41.7108 22.92
      vertex 43.0679 42.2484 22.92
    endloop
  endfacet
  facet normal 0 0 -1
    outer loop
      vertex 42.9615 41.7156 22.92
      vertex 43.0679 42.2484 22.92
      vertex 43.012 41.7108 22.92
    endloop
  endfacet
  facet normal -0 0 -1
    outer loop
      vertex 43.0679 42.2484 22.92
      vertex 42.9615 41.7156 22.92
      vertex 43.0064 42.2548 22.92
    endloop
  endfacet
  facet normal 0 0 -1
    outer loop
      vertex 42.9615 41.7156 22.92
      vertex 42.9445 42.2598 22.92
      vertex 43.0064 42.2548 22.92
    endloop
  endfacet
  facet normal 0 0 -1
    outer loop
      vertex 42.9114 41.7184 22.92
      vertex 42.9445 42.2598 22.92
      vertex 42.9615 41.7156 22.92
    endloop
  endfacet
  facet normal 0 0 -1
    outer loop
      vertex 42.9114 41.7184 22.92
      vertex 42.8819 42.2633 22.92
      vertex 42.9445 42.2598 22.92
    endloop
  endfacet
  facet normal 0 0 -1
    outer loop
      vertex 42.8616 41.7194 22.92
      vertex 42.8819 42.2633 22.92
      vertex 42.9114 41.7184 22.92
    endloop
  endfacet
  facet normal 0 0 -1
    outer loop
      vertex 42.8616 41.7194 22.92
      vertex 42.8188 42.2655 22.92
      vertex 42.8819 42.2633 22.92
    endloop
  endfacet
  facet normal 0 0 -1
    outer loop
      vertex 42.7583 41.7151 22.92
      vertex 42.8188 42.2655 22.92
      vertex 42.8616 41.7194 22.92
    endloop
  endfacet
  facet normal 0 0 -1
    outer loop
      vertex 42.7583 41.7151 22.92
      vertex 42.7552 42.2662 22.92
      vertex 42.8188 42.2655 22.92
    endloop
  endfacet
  facet normal 0 0 -1
    outer loop
      vertex 42.6618 41.7024 22.92
      vertex 42.7552 42.2662 22.92
      vertex 42.7583 41.7151 22.92
    endloop
  endfacet
  facet normal 0 0 -1
    outer loop
      vertex 42.5599 42.2568 22.92
      vertex 42.6618 41.7024 22.92
      vertex 42.572 41.6813 22.92
    endloop
  endfacet
  facet normal 0 0 -1
    outer loop
      vertex 42.6618 41.7024 22.92
      vertex 42.5599 42.2568 22.92
      vertex 42.7552 42.2662 22.92
    endloop
  endfacet
  facet normal 0 0 -1
    outer loop
      vertex 42.3768 42.2287 22.92
      vertex 42.572 41.6813 22.92
      vertex 42.4889 41.6516 22.92
    endloop
  endfacet
  facet normal 0 0 -1
    outer loop
      vertex 42.206 42.1819 22.92
      vertex 42.4889 41.6516 22.92
      vertex 42.4125 41.6135 22.92
    endloop
  endfacet
  facet normal 0 0 -1
    outer loop
      vertex 42.572 41.6813 22.92
      vertex 42.3768 42.2287 22.92
      vertex 42.5599 42.2568 22.92
    endloop
  endfacet
  facet normal 0 0 -1
    outer loop
      vertex 42.0474 42.1163 22.92
      vertex 42.4125 41.6135 22.92
      vertex 42.3429 41.567 22.92
    endloop
  endfacet
  facet normal 0 0 -1
    outer loop
      vertex 41.9011 42.032 22.92
      vertex 42.3429 41.567 22.92
      vertex 42.28 41.5119 22.92
    endloop
  endfacet
  facet normal 0 0 -1
    outer loop
      vertex 41.7671 41.929 22.92
      vertex 42.28 41.5119 22.92
      vertex 42.2241 41.4486 22.92
    endloop
  endfacet
  facet normal 0 0 -1
    outer loop
      vertex 42.4889 41.6516 22.92
      vertex 42.206 42.1819 22.92
      vertex 42.3768 42.2287 22.92
    endloop
  endfacet
  facet normal 0 0 -1
    outer loop
      vertex 41.6453 41.8073 22.92
      vertex 42.2241 41.4486 22.92
      vertex 42.1752 41.377 22.92
    endloop
  endfacet
  facet normal 0 0 -1
    outer loop
      vertex 41.5379 41.6691 22.92
      vertex 42.1752 41.377 22.92
      vertex 42.1334 41.2973 22.92
    endloop
  endfacet
  facet normal 0 0 -1
    outer loop
      vertex 41.4471 41.5169 22.92
      vertex 42.1334 41.2973 22.92
      vertex 42.0986 41.2093 22.92
    endloop
  endfacet
  facet normal 0 0 -1
    outer loop
      vertex 41.3727 41.3507 22.92
      vertex 42.0986 41.2093 22.92
      vertex 42.071 41.1131 22.92
    endloop
  endfacet
  facet normal 0 0 -1
    outer loop
      vertex 41.3149 41.1705 22.92
      vertex 42.071 41.1131 22.92
      vertex 42.0505 41.0088 22.92
    endloop
  endfacet
  facet normal 0 0 -1
    outer loop
      vertex 42.4125 41.6135 22.92
      vertex 42.0474 42.1163 22.92
      vertex 42.206 42.1819 22.92
    endloop
  endfacet
  facet normal 0 0 -1
    outer loop
      vertex 41.3149 41.1705 22.92
      vertex 42.0505 41.0088 22.92
      vertex 42.037 40.8962 22.92
    endloop
  endfacet
  facet normal -0 0 -1
    outer loop
      vertex 42.1704 39.7238 22.92
      vertex 41.4949 39.465 22.92
      vertex 42.1548 39.7847 22.92
    endloop
  endfacet
  facet normal 0 -0 -1
    outer loop
      vertex 41.2489 40.7679 22.92
      vertex 42.037 40.8962 22.92
      vertex 41.2406 40.5455 22.92
    endloop
  endfacet
  facet normal 0 0 -1
    outer loop
      vertex 41.4172 39.6087 22.92
      vertex 42.1548 39.7847 22.92
      vertex 41.4949 39.465 22.92
    endloop
  endfacet
  facet normal 0 -0 -1
    outer loop
      vertex 41.2736 40.9762 22.92
      vertex 42.037 40.8962 22.92
      vertex 41.2489 40.7679 22.92
    endloop
  endfacet
  facet normal -0 0 -1
    outer loop
      vertex 42.1548 39.7847 22.92
      vertex 41.4172 39.6087 22.92
      vertex 42.1436 39.8513 22.92
    endloop
  endfacet
  facet normal 0 -0 -1
    outer loop
      vertex 41.3149 41.1705 22.92
      vertex 42.037 40.8962 22.92
      vertex 41.2736 40.9762 22.92
    endloop
  endfacet
  facet normal 0 0 -1
    outer loop
      vertex 41.3536 39.7669 22.92
      vertex 42.1436 39.8513 22.92
      vertex 41.4172 39.6087 22.92
    endloop
  endfacet
  facet normal 0 0 -1
    outer loop
      vertex 42.071 41.1131 22.92
      vertex 41.3149 41.1705 22.92
      vertex 41.3727 41.3507 22.92
    endloop
  endfacet
  facet normal -0 0 -1
    outer loop
      vertex 42.1436 39.8513 22.92
      vertex 41.3536 39.7669 22.92
      vertex 42.1369 39.9238 22.92
    endloop
  endfacet
  facet normal 0 0 -1
    outer loop
      vertex 42.0986 41.2093 22.92
      vertex 41.3727 41.3507 22.92
      vertex 41.4471 41.5169 22.92
    endloop
  endfacet
  facet normal 0 0 -1
    outer loop
      vertex 42.1347 40.0021 22.92
      vertex 41.3536 39.7669 22.92
      vertex 41.3042 39.9397 22.92
    endloop
  endfacet
  facet normal 0 0 -1
    outer loop
      vertex 42.3429 41.567 22.92
      vertex 41.9011 42.032 22.92
      vertex 42.0474 42.1163 22.92
    endloop
  endfacet
  facet normal -0 0 -1
    outer loop
      vertex 42.1369 40.0804 22.92
      vertex 41.3042 39.9397 22.92
      vertex 41.2689 40.1271 22.92
    endloop
  endfacet
  facet normal 0 0 -1
    outer loop
      vertex 42.28 41.5119 22.92
      vertex 41.7671 41.929 22.92
      vertex 41.9011 42.032 22.92
    endloop
  endfacet
  facet normal 0 0 -1
    outer loop
      vertex 42.1369 40.0804 22.92
      vertex 41.2689 40.1271 22.92
      vertex 41.2477 40.329 22.92
    endloop
  endfacet
  facet normal 0 0 -1
    outer loop
      vertex 42.1752 41.377 22.92
      vertex 41.5379 41.6691 22.92
      vertex 41.6453 41.8073 22.92
    endloop
  endfacet
  facet normal 0 0 -1
    outer loop
      vertex 42.1369 40.0804 22.92
      vertex 41.2477 40.329 22.92
      vertex 42.037 40.8962 22.92
    endloop
  endfacet
  facet normal 0 0 -1
    outer loop
      vertex 42.1334 41.2973 22.92
      vertex 41.4471 41.5169 22.92
      vertex 41.5379 41.6691 22.92
    endloop
  endfacet
  facet normal 0 0 -1
    outer loop
      vertex 42.037 40.8962 22.92
      vertex 41.2477 40.329 22.92
      vertex 41.2406 40.5455 22.92
    endloop
  endfacet
  facet normal 0 0 -1
    outer loop
      vertex 42.2241 41.4486 22.92
      vertex 41.6453 41.8073 22.92
      vertex 41.7671 41.929 22.92
    endloop
  endfacet
  facet normal 0 0 1
    outer loop
      vertex 43.6059 42.1269 23.3
      vertex 43.5475 41.5557 23.3
      vertex 43.6059 41.5289 23.3
    endloop
  endfacet
  facet normal 0 0 1
    outer loop
      vertex 43.3781 41.6236 23.3
      vertex 43.6059 42.1269 23.3
      vertex 43.5469 42.1461 23.3
    endloop
  endfacet
  facet normal 0 0 1
    outer loop
      vertex 43.6059 42.1269 23.3
      vertex 43.4901 41.5804 23.3
      vertex 43.5475 41.5557 23.3
    endloop
  endfacet
  facet normal 0 0 1
    outer loop
      vertex 43.3781 41.6236 23.3
      vertex 43.5469 42.1461 23.3
      vertex 43.4878 42.1639 23.3
    endloop
  endfacet
  facet normal 0 0 1
    outer loop
      vertex 43.6059 42.1269 23.3
      vertex 43.4336 41.603 23.3
      vertex 43.4901 41.5804 23.3
    endloop
  endfacet
  facet normal 0 0 1
    outer loop
      vertex 43.3236 41.6421 23.3
      vertex 43.4878 42.1639 23.3
      vertex 43.4284 42.1802 23.3
    endloop
  endfacet
  facet normal 0 0 1
    outer loop
      vertex 43.6059 42.1269 23.3
      vertex 43.3781 41.6236 23.3
      vertex 43.4336 41.603 23.3
    endloop
  endfacet
  facet normal 0 0 1
    outer loop
      vertex 43.27 41.6585 23.3
      vertex 43.4284 42.1802 23.3
      vertex 43.3689 42.1951 23.3
    endloop
  endfacet
  facet normal 0 0 1
    outer loop
      vertex 43.4878 42.1639 23.3
      vertex 43.3236 41.6421 23.3
      vertex 43.3781 41.6236 23.3
    endloop
  endfacet
  facet normal 0 0 1
    outer loop
      vertex 43.2175 41.6728 23.3
      vertex 43.3689 42.1951 23.3
      vertex 43.3092 42.2086 23.3
    endloop
  endfacet
  facet normal 0 0 1
    outer loop
      vertex 43.4284 42.1802 23.3
      vertex 43.27 41.6585 23.3
      vertex 43.3236 41.6421 23.3
    endloop
  endfacet
  facet normal 0 0 1
    outer loop
      vertex 43.1656 41.6852 23.3
      vertex 43.3092 42.2086 23.3
      vertex 43.2493 42.2207 23.3
    endloop
  endfacet
  facet normal 0 0 1
    outer loop
      vertex 43.3689 42.1951 23.3
      vertex 43.2175 41.6728 23.3
      vertex 43.27 41.6585 23.3
    endloop
  endfacet
  facet normal 0 0 1
    outer loop
      vertex 43.114 41.6956 23.3
      vertex 43.2493 42.2207 23.3
      vertex 43.1893 42.2314 23.3
    endloop
  endfacet
  facet normal 0 0 1
    outer loop
      vertex 43.3092 42.2086 23.3
      vertex 43.1656 41.6852 23.3
      vertex 43.2175 41.6728 23.3
    endloop
  endfacet
  facet normal 0 0 1
    outer loop
      vertex 43.0628 41.7042 23.3
      vertex 43.1893 42.2314 23.3
      vertex 43.1289 42.2406 23.3
    endloop
  endfacet
  facet normal 0 0 1
    outer loop
      vertex 43.2493 42.2207 23.3
      vertex 43.114 41.6956 23.3
      vertex 43.1656 41.6852 23.3
    endloop
  endfacet
  facet normal 0 0 1
    outer loop
      vertex 43.012 41.7108 23.3
      vertex 43.1289 42.2406 23.3
      vertex 43.0679 42.2484 23.3
    endloop
  endfacet
  facet normal 0 0 1
    outer loop
      vertex 43.1893 42.2314 23.3
      vertex 43.0628 41.7042 23.3
      vertex 43.114 41.6956 23.3
    endloop
  endfacet
  facet normal 0 0 1
    outer loop
      vertex 43.1289 42.2406 23.3
      vertex 43.012 41.7108 23.3
      vertex 43.0628 41.7042 23.3
    endloop
  endfacet
  facet normal 0 0 1
    outer loop
      vertex 42.9615 41.7156 23.3
      vertex 43.0679 42.2484 23.3
      vertex 43.0064 42.2548 23.3
    endloop
  endfacet
  facet normal 0 0 1
    outer loop
      vertex 43.0679 42.2484 23.3
      vertex 42.9615 41.7156 23.3
      vertex 43.012 41.7108 23.3
    endloop
  endfacet
  facet normal 0 0 1
    outer loop
      vertex 42.9445 42.2598 23.3
      vertex 42.9615 41.7156 23.3
      vertex 43.0064 42.2548 23.3
    endloop
  endfacet
  facet normal 0 0 1
    outer loop
      vertex 42.9445 42.2598 23.3
      vertex 42.9114 41.7184 23.3
      vertex 42.9615 41.7156 23.3
    endloop
  endfacet
  facet normal 0 0 1
    outer loop
      vertex 42.8819 42.2633 23.3
      vertex 42.9114 41.7184 23.3
      vertex 42.9445 42.2598 23.3
    endloop
  endfacet
  facet normal 0 0 1
    outer loop
      vertex 42.8819 42.2633 23.3
      vertex 42.8616 41.7194 23.3
      vertex 42.9114 41.7184 23.3
    endloop
  endfacet
  facet normal 0 0 1
    outer loop
      vertex 42.8188 42.2655 23.3
      vertex 42.8616 41.7194 23.3
      vertex 42.8819 42.2633 23.3
    endloop
  endfacet
  facet normal 0 0 1
    outer loop
      vertex 42.8188 42.2655 23.3
      vertex 42.7583 41.7151 23.3
      vertex 42.8616 41.7194 23.3
    endloop
  endfacet
  facet normal 0 0 1
    outer loop
      vertex 42.7552 42.2662 23.3
      vertex 42.7583 41.7151 23.3
      vertex 42.8188 42.2655 23.3
    endloop
  endfacet
  facet normal 0 0 1
    outer loop
      vertex 42.7552 42.2662 23.3
      vertex 42.6618 41.7024 23.3
      vertex 42.7583 41.7151 23.3
    endloop
  endfacet
  facet normal -0 0 1
    outer loop
      vertex 42.5599 42.2568 23.3
      vertex 42.6618 41.7024 23.3
      vertex 42.7552 42.2662 23.3
    endloop
  endfacet
  facet normal 0 0 1
    outer loop
      vertex 42.6618 41.7024 23.3
      vertex 42.5599 42.2568 23.3
      vertex 42.572 41.6813 23.3
    endloop
  endfacet
  facet normal -0 0 1
    outer loop
      vertex 42.3768 42.2287 23.3
      vertex 42.572 41.6813 23.3
      vertex 42.5599 42.2568 23.3
    endloop
  endfacet
  facet normal 0 0 1
    outer loop
      vertex 42.572 41.6813 23.3
      vertex 42.3768 42.2287 23.3
      vertex 42.4889 41.6516 23.3
    endloop
  endfacet
  facet normal -0 0 1
    outer loop
      vertex 42.206 42.1819 23.3
      vertex 42.4889 41.6516 23.3
      vertex 42.3768 42.2287 23.3
    endloop
  endfacet
  facet normal 0 0 1
    outer loop
      vertex 42.4889 41.6516 23.3
      vertex 42.206 42.1819 23.3
      vertex 42.4125 41.6135 23.3
    endloop
  endfacet
  facet normal -0 0 1
    outer loop
      vertex 42.0474 42.1163 23.3
      vertex 42.4125 41.6135 23.3
      vertex 42.206 42.1819 23.3
    endloop
  endfacet
  facet normal 0 0 1
    outer loop
      vertex 42.4125 41.6135 23.3
      vertex 42.0474 42.1163 23.3
      vertex 42.3429 41.567 23.3
    endloop
  endfacet
  facet normal -0 0 1
    outer loop
      vertex 41.9011 42.032 23.3
      vertex 42.3429 41.567 23.3
      vertex 42.0474 42.1163 23.3
    endloop
  endfacet
  facet normal 0 0 1
    outer loop
      vertex 42.3429 41.567 23.3
      vertex 41.9011 42.032 23.3
      vertex 42.28 41.5119 23.3
    endloop
  endfacet
  facet normal -0 0 1
    outer loop
      vertex 41.7671 41.929 23.3
      vertex 42.28 41.5119 23.3
      vertex 41.9011 42.032 23.3
    endloop
  endfacet
  facet normal 0 0 1
    outer loop
      vertex 42.28 41.5119 23.3
      vertex 41.7671 41.929 23.3
      vertex 42.2241 41.4486 23.3
    endloop
  endfacet
  facet normal -0 0 1
    outer loop
      vertex 41.6453 41.8073 23.3
      vertex 42.2241 41.4486 23.3
      vertex 41.7671 41.929 23.3
    endloop
  endfacet
  facet normal 0 0 1
    outer loop
      vertex 42.2241 41.4486 23.3
      vertex 41.6453 41.8073 23.3
      vertex 42.1752 41.377 23.3
    endloop
  endfacet
  facet normal -0 0 1
    outer loop
      vertex 41.5379 41.6691 23.3
      vertex 42.1752 41.377 23.3
      vertex 41.6453 41.8073 23.3
    endloop
  endfacet
  facet normal 0 0 1
    outer loop
      vertex 42.1752 41.377 23.3
      vertex 41.5379 41.6691 23.3
      vertex 42.1334 41.2973 23.3
    endloop
  endfacet
  facet normal -0 0 1
    outer loop
      vertex 41.4471 41.5169 23.3
      vertex 42.1334 41.2973 23.3
      vertex 41.5379 41.6691 23.3
    endloop
  endfacet
  facet normal 0 0 1
    outer loop
      vertex 42.1334 41.2973 23.3
      vertex 41.4471 41.5169 23.3
      vertex 42.0986 41.2093 23.3
    endloop
  endfacet
  facet normal 0 -0 1
    outer loop
      vertex 41.2477 40.329 23.3
      vertex 42.037 40.8962 23.3
      vertex 41.2406 40.5455 23.3
    endloop
  endfacet
  facet normal -0 0 1
    outer loop
      vertex 41.3727 41.3507 23.3
      vertex 42.0986 41.2093 23.3
      vertex 41.4471 41.5169 23.3
    endloop
  endfacet
  facet normal 0 -0 1
    outer loop
      vertex 41.2689 40.1271 23.3
      vertex 42.037 40.8962 23.3
      vertex 41.2477 40.329 23.3
    endloop
  endfacet
  facet normal 0 0 1
    outer loop
      vertex 42.0986 41.2093 23.3
      vertex 41.3727 41.3507 23.3
      vertex 42.071 41.1131 23.3
    endloop
  endfacet
  facet normal 0 -0 1
    outer loop
      vertex 41.3042 39.9397 23.3
      vertex 42.037 40.8962 23.3
      vertex 41.2689 40.1271 23.3
    endloop
  endfacet
  facet normal -0 0 1
    outer loop
      vertex 41.3149 41.1705 23.3
      vertex 42.071 41.1131 23.3
      vertex 41.3727 41.3507 23.3
    endloop
  endfacet
  facet normal 0 -0 1
    outer loop
      vertex 41.3536 39.7669 23.3
      vertex 42.037 40.8962 23.3
      vertex 41.3042 39.9397 23.3
    endloop
  endfacet
  facet normal 0 0 1
    outer loop
      vertex 42.071 41.1131 23.3
      vertex 41.3149 41.1705 23.3
      vertex 42.0505 41.0088 23.3
    endloop
  endfacet
  facet normal 0 -0 1
    outer loop
      vertex 41.4172 39.6087 23.3
      vertex 42.037 40.8962 23.3
      vertex 41.3536 39.7669 23.3
    endloop
  endfacet
  facet normal 0 0 1
    outer loop
      vertex 42.0505 41.0088 23.3
      vertex 41.3149 41.1705 23.3
      vertex 42.037 40.8962 23.3
    endloop
  endfacet
  facet normal 0 -0 1
    outer loop
      vertex 41.4949 39.465 23.3
      vertex 42.037 40.8962 23.3
      vertex 41.4172 39.6087 23.3
    endloop
  endfacet
  facet normal 0 0 1
    outer loop
      vertex 42.037 40.8962 23.3
      vertex 41.3149 41.1705 23.3
      vertex 41.2736 40.9762 23.3
    endloop
  endfacet
  facet normal 0 0 1
    outer loop
      vertex 42.037 40.8962 23.3
      vertex 41.2736 40.9762 23.3
      vertex 41.2489 40.7679 23.3
    endloop
  endfacet
  facet normal 0 0 1
    outer loop
      vertex 42.037 40.8962 23.3
      vertex 41.2489 40.7679 23.3
      vertex 41.2406 40.5455 23.3
    endloop
  endfacet
  facet normal 0 0 1
    outer loop
      vertex 42.037 40.8962 23.3
      vertex 41.6914 39.2228 23.3
      vertex 41.8078 39.1271 23.3
    endloop
  endfacet
  facet normal 0 -0 1
    outer loop
      vertex 41.5867 39.3359 23.3
      vertex 42.037 40.8962 23.3
      vertex 41.4949 39.465 23.3
    endloop
  endfacet
  facet normal 0 0 1
    outer loop
      vertex 42.037 40.8962 23.3
      vertex 41.5867 39.3359 23.3
      vertex 41.6914 39.2228 23.3
    endloop
  endfacet
  facet normal 0 0 1
    outer loop
      vertex 42.037 40.8962 23.3
      vertex 41.8078 39.1271 23.3
      vertex 41.9358 39.0487 23.3
    endloop
  endfacet
  facet normal 0 0 1
    outer loop
      vertex 43.8185 40.057 23.3
      vertex 43.0113 40.0804 23.3
      vertex 43.0135 40.0021 23.3
    endloop
  endfacet
  facet normal 0 0 1
    outer loop
      vertex 43.2171 41.0141 23.3
      vertex 43.0045 40.1529 23.3
      vertex 43.0113 40.0804 23.3
    endloop
  endfacet
  facet normal 0 0 1
    outer loop
      vertex 43.2171 41.0141 23.3
      vertex 42.9934 40.2196 23.3
      vertex 43.0045 40.1529 23.3
    endloop
  endfacet
  facet normal 0 0 1
    outer loop
      vertex 42.8321 40.498 23.3
      vertex 43.1025 41.0557 23.3
      vertex 42.9801 41.0853 23.3
    endloop
  endfacet
  facet normal 0 0 1
    outer loop
      vertex 43.2171 41.0141 23.3
      vertex 42.9777 40.2805 23.3
      vertex 42.9934 40.2196 23.3
    endloop
  endfacet
  facet normal 0 0 1
    outer loop
      vertex 43.2171 41.0141 23.3
      vertex 42.9576 40.3356 23.3
      vertex 42.9777 40.2805 23.3
    endloop
  endfacet
  facet normal 0 0 1
    outer loop
      vertex 43.2171 41.0141 23.3
      vertex 42.933 40.3849 23.3
      vertex 42.9576 40.3356 23.3
    endloop
  endfacet
  facet normal 0 0 1
    outer loop
      vertex 43.2171 41.0141 23.3
      vertex 42.9039 40.4284 23.3
      vertex 42.933 40.3849 23.3
    endloop
  endfacet
  facet normal 0 0 1
    outer loop
      vertex 43.2171 41.0141 23.3
      vertex 42.8703 40.4661 23.3
      vertex 42.9039 40.4284 23.3
    endloop
  endfacet
  facet normal 0 0 1
    outer loop
      vertex 42.7422 40.5444 23.3
      vertex 42.9801 41.0853 23.3
      vertex 42.8499 41.1031 23.3
    endloop
  endfacet
  facet normal 0 0 1
    outer loop
      vertex 43.2171 41.0141 23.3
      vertex 42.8321 40.498 23.3
      vertex 42.8703 40.4661 23.3
    endloop
  endfacet
  facet normal 0 0 1
    outer loop
      vertex 42.9801 41.0853 23.3
      vertex 42.7894 40.5241 23.3
      vertex 42.8321 40.498 23.3
    endloop
  endfacet
  facet normal 0 0 1
    outer loop
      vertex 42.9801 41.0853 23.3
      vertex 42.7422 40.5444 23.3
      vertex 42.7894 40.5241 23.3
    endloop
  endfacet
  facet normal 0 0 1
    outer loop
      vertex 42.6903 40.5588 23.3
      vertex 42.8499 41.1031 23.3
      vertex 42.7119 41.1091 23.3
    endloop
  endfacet
  facet normal 0 0 1
    outer loop
      vertex 42.8499 41.1031 23.3
      vertex 42.6903 40.5588 23.3
      vertex 42.7422 40.5444 23.3
    endloop
  endfacet
  facet normal 0 0 1
    outer loop
      vertex 42.6339 40.5675 23.3
      vertex 42.7119 41.1091 23.3
      vertex 42.6561 41.108 23.3
    endloop
  endfacet
  facet normal 0 0 1
    outer loop
      vertex 42.7119 41.1091 23.3
      vertex 42.6339 40.5675 23.3
      vertex 42.6903 40.5588 23.3
    endloop
  endfacet
  facet normal -0 0 1
    outer loop
      vertex 42.6015 41.1047 23.3
      vertex 42.6339 40.5675 23.3
      vertex 42.6561 41.108 23.3
    endloop
  endfacet
  facet normal 0 0 1
    outer loop
      vertex 42.6015 41.1047 23.3
      vertex 42.573 40.5704 23.3
      vertex 42.6339 40.5675 23.3
    endloop
  endfacet
  facet normal -0 0 1
    outer loop
      vertex 42.5482 41.0993 23.3
      vertex 42.573 40.5704 23.3
      vertex 42.6015 41.1047 23.3
    endloop
  endfacet
  facet normal -0 0 1
    outer loop
      vertex 42.4961 41.0917 23.3
      vertex 42.573 40.5704 23.3
      vertex 42.5482 41.0993 23.3
    endloop
  endfacet
  facet normal 0 0 1
    outer loop
      vertex 42.573 40.5704 23.3
      vertex 42.4961 41.0917 23.3
      vertex 42.5126 40.5675 23.3
    endloop
  endfacet
  facet normal -0 0 1
    outer loop
      vertex 42.4453 41.0819 23.3
      vertex 42.5126 40.5675 23.3
      vertex 42.4961 41.0917 23.3
    endloop
  endfacet
  facet normal -0 0 1
    outer loop
      vertex 42.3957 41.07 23.3
      vertex 42.5126 40.5675 23.3
      vertex 42.4453 41.0819 23.3
    endloop
  endfacet
  facet normal 0 0 1
    outer loop
      vertex 42.5126 40.5675 23.3
      vertex 42.3957 41.07 23.3
      vertex 42.4567 40.5588 23.3
    endloop
  endfacet
  facet normal -0 0 1
    outer loop
      vertex 42.3473 41.0558 23.3
      vertex 42.4567 40.5588 23.3
      vertex 42.3957 41.07 23.3
    endloop
  endfacet
  facet normal -0 0 1
    outer loop
      vertex 42.3 41.0395 23.3
      vertex 42.4567 40.5588 23.3
      vertex 42.3473 41.0558 23.3
    endloop
  endfacet
  facet normal -0 0 1
    outer loop
      vertex 42.2538 41.0211 23.3
      vertex 42.4567 40.5588 23.3
      vertex 42.3 41.0395 23.3
    endloop
  endfacet
  facet normal 0 0 1
    outer loop
      vertex 42.4567 40.5588 23.3
      vertex 42.2538 41.0211 23.3
      vertex 42.4053 40.5444 23.3
    endloop
  endfacet
  facet normal -0 0 1
    outer loop
      vertex 42.2085 41.0005 23.3
      vertex 42.4053 40.5444 23.3
      vertex 42.2538 41.0211 23.3
    endloop
  endfacet
  facet normal -0 0 1
    outer loop
      vertex 42.1641 40.9777 23.3
      vertex 42.4053 40.5444 23.3
      vertex 42.2085 41.0005 23.3
    endloop
  endfacet
  facet normal 0 0 1
    outer loop
      vertex 42.4053 40.5444 23.3
      vertex 42.1641 40.9777 23.3
      vertex 42.3583 40.5241 23.3
    endloop
  endfacet
  facet normal -0 0 1
    outer loop
      vertex 42.1208 40.9527 23.3
      vertex 42.3583 40.5241 23.3
      vertex 42.1641 40.9777 23.3
    endloop
  endfacet
  facet normal -0 0 1
    outer loop
      vertex 42.0784 40.9255 23.3
      vertex 42.3583 40.5241 23.3
      vertex 42.1208 40.9527 23.3
    endloop
  endfacet
  facet normal 0 0 1
    outer loop
      vertex 42.3583 40.5241 23.3
      vertex 42.0784 40.9255 23.3
      vertex 42.3158 40.498 23.3
    endloop
  endfacet
  facet normal -0 0 1
    outer loop
      vertex 42.037 40.8962 23.3
      vertex 42.3158 40.498 23.3
      vertex 42.0784 40.9255 23.3
    endloop
  endfacet
  facet normal 0 0 1
    outer loop
      vertex 42.3158 40.498 23.3
      vertex 42.037 40.8962 23.3
      vertex 42.2778 40.4661 23.3
    endloop
  endfacet
  facet normal 0 0 1
    outer loop
      vertex 42.2778 40.4661 23.3
      vertex 42.037 40.8962 23.3
      vertex 42.2442 40.4284 23.3
    endloop
  endfacet
  facet normal 0 0 1
    outer loop
      vertex 42.2442 40.4284 23.3
      vertex 42.037 40.8962 23.3
      vertex 42.2152 40.3849 23.3
    endloop
  endfacet
  facet normal 0 0 1
    outer loop
      vertex 42.2152 40.3849 23.3
      vertex 42.037 40.8962 23.3
      vertex 42.1906 40.3356 23.3
    endloop
  endfacet
  facet normal 0 0 1
    outer loop
      vertex 42.1906 40.3356 23.3
      vertex 42.037 40.8962 23.3
      vertex 42.1704 40.2805 23.3
    endloop
  endfacet
  facet normal 0 0 1
    outer loop
      vertex 42.1548 40.2196 23.3
      vertex 42.037 40.8962 23.3
      vertex 42.1436 40.1529 23.3
    endloop
  endfacet
  facet normal 0 0 1
    outer loop
      vertex 42.1704 40.2805 23.3
      vertex 42.037 40.8962 23.3
      vertex 42.1548 40.2196 23.3
    endloop
  endfacet
  facet normal -0 0 1
    outer loop
      vertex 43.0113 40.0804 23.3
      vertex 43.8185 40.057 23.3
      vertex 43.8123 40.1878 23.3
    endloop
  endfacet
  facet normal 0 0 1
    outer loop
      vertex 43.0113 40.0804 23.3
      vertex 43.8123 40.1878 23.3
      vertex 43.7936 40.3113 23.3
    endloop
  endfacet
  facet normal 0 0 1
    outer loop
      vertex 43.8185 40.057 23.3
      vertex 43.0135 40.0021 23.3
      vertex 43.8116 39.9125 23.3
    endloop
  endfacet
  facet normal 0 0 1
    outer loop
      vertex 43.0113 40.0804 23.3
      vertex 43.7936 40.3113 23.3
      vertex 43.7625 40.4274 23.3
    endloop
  endfacet
  facet normal -0 0 1
    outer loop
      vertex 43.0113 39.9238 23.3
      vertex 43.8116 39.9125 23.3
      vertex 43.0135 40.0021 23.3
    endloop
  endfacet
  facet normal 0 0 1
    outer loop
      vertex 43.0113 40.0804 23.3
      vertex 43.7625 40.4274 23.3
      vertex 43.719 40.5362 23.3
    endloop
  endfacet
  facet normal 0 0 1
    outer loop
      vertex 43.8116 39.9125 23.3
      vertex 43.0113 39.9238 23.3
      vertex 43.7907 39.7764 23.3
    endloop
  endfacet
  facet normal 0 0 1
    outer loop
      vertex 43.0113 40.0804 23.3
      vertex 43.719 40.5362 23.3
      vertex 43.663 40.6376 23.3
    endloop
  endfacet
  facet normal -0 0 1
    outer loop
      vertex 43.0045 39.8513 23.3
      vertex 43.7907 39.7764 23.3
      vertex 43.0113 39.9238 23.3
    endloop
  endfacet
  facet normal 0 0 1
    outer loop
      vertex 43.0113 40.0804 23.3
      vertex 43.663 40.6376 23.3
      vertex 43.5945 40.7317 23.3
    endloop
  endfacet
  facet normal 0 0 1
    outer loop
      vertex 43.7907 39.7764 23.3
      vertex 43.0045 39.8513 23.3
      vertex 43.756 39.6488 23.3
    endloop
  endfacet
  facet normal 0 0 1
    outer loop
      vertex 43.0113 40.0804 23.3
      vertex 43.5945 40.7317 23.3
      vertex 43.5136 40.8184 23.3
    endloop
  endfacet
  facet normal -0 0 1
    outer loop
      vertex 42.9934 39.7847 23.3
      vertex 43.756 39.6488 23.3
      vertex 43.0045 39.8513 23.3
    endloop
  endfacet
  facet normal 0 0 1
    outer loop
      vertex 43.0113 40.0804 23.3
      vertex 43.5136 40.8184 23.3
      vertex 43.4226 40.8955 23.3
    endloop
  endfacet
  facet normal 0 0 1
    outer loop
      vertex 43.756 39.6488 23.3
      vertex 42.9934 39.7847 23.3
      vertex 43.7073 39.5297 23.3
    endloop
  endfacet
  facet normal 0 0 1
    outer loop
      vertex 43.0113 40.0804 23.3
      vertex 43.4226 40.8955 23.3
      vertex 43.3238 40.9608 23.3
    endloop
  endfacet
  facet normal 0 0 1
    outer loop
      vertex 43.7073 39.5297 23.3
      vertex 42.9934 39.7847 23.3
      vertex 43.6447 39.419 23.3
    endloop
  endfacet
  facet normal 0 0 1
    outer loop
      vertex 43.0113 40.0804 23.3
      vertex 43.3238 40.9608 23.3
      vertex 43.2171 41.0141 23.3
    endloop
  endfacet
  facet normal -0 0 1
    outer loop
      vertex 42.9777 39.7238 23.3
      vertex 43.6447 39.419 23.3
      vertex 42.9934 39.7847 23.3
    endloop
  endfacet
  facet normal 0 0 1
    outer loop
      vertex 42.8321 40.498 23.3
      vertex 43.2171 41.0141 23.3
      vertex 43.1025 41.0557 23.3
    endloop
  endfacet
  facet normal 0 0 1
    outer loop
      vertex 43.6447 39.419 23.3
      vertex 42.9777 39.7238 23.3
      vertex 43.5682 39.3167 23.3
    endloop
  endfacet
  facet normal -0 0 1
    outer loop
      vertex 42.9576 39.6687 23.3
      vertex 43.5682 39.3167 23.3
      vertex 42.9777 39.7238 23.3
    endloop
  endfacet
  facet normal 0 0 1
    outer loop
      vertex 43.5682 39.3167 23.3
      vertex 42.9576 39.6687 23.3
      vertex 43.4778 39.223 23.3
    endloop
  endfacet
  facet normal -0 0 1
    outer loop
      vertex 42.933 39.6194 23.3
      vertex 43.4778 39.223 23.3
      vertex 42.9576 39.6687 23.3
    endloop
  endfacet
  facet normal 0 0 1
    outer loop
      vertex 43.4778 39.223 23.3
      vertex 42.933 39.6194 23.3
      vertex 43.3758 39.1398 23.3
    endloop
  endfacet
  facet normal -0 0 1
    outer loop
      vertex 42.9039 39.5759 23.3
      vertex 43.3758 39.1398 23.3
      vertex 42.933 39.6194 23.3
    endloop
  endfacet
  facet normal 0 0 1
    outer loop
      vertex 43.3758 39.1398 23.3
      vertex 42.9039 39.5759 23.3
      vertex 43.2642 39.0694 23.3
    endloop
  endfacet
  facet normal -0 0 1
    outer loop
      vertex 42.8703 39.5382 23.3
      vertex 43.2642 39.0694 23.3
      vertex 42.9039 39.5759 23.3
    endloop
  endfacet
  facet normal 0 0 1
    outer loop
      vertex 43.2642 39.0694 23.3
      vertex 42.8703 39.5382 23.3
      vertex 43.1432 39.0119 23.3
    endloop
  endfacet
  facet normal -0 0 1
    outer loop
      vertex 42.8321 39.5063 23.3
      vertex 43.1432 39.0119 23.3
      vertex 42.8703 39.5382 23.3
    endloop
  endfacet
  facet normal 0 0 1
    outer loop
      vertex 43.1432 39.0119 23.3
      vertex 42.8321 39.5063 23.3
      vertex 43.0127 38.9671 23.3
    endloop
  endfacet
  facet normal -0 0 1
    outer loop
      vertex 42.7894 39.4802 23.3
      vertex 43.0127 38.9671 23.3
      vertex 42.8321 39.5063 23.3
    endloop
  endfacet
  facet normal 0 0 1
    outer loop
      vertex 43.0127 38.9671 23.3
      vertex 42.7894 39.4802 23.3
      vertex 42.8727 38.9351 23.3
    endloop
  endfacet
  facet normal -0 0 1
    outer loop
      vertex 42.7422 39.4599 23.3
      vertex 42.8727 38.9351 23.3
      vertex 42.7894 39.4802 23.3
    endloop
  endfacet
  facet normal -0 0 1
    outer loop
      vertex 42.6903 39.4454 23.3
      vertex 42.8727 38.9351 23.3
      vertex 42.7422 39.4599 23.3
    endloop
  endfacet
  facet normal 0 0 1
    outer loop
      vertex 42.8727 38.9351 23.3
      vertex 42.6903 39.4454 23.3
      vertex 42.7232 38.9159 23.3
    endloop
  endfacet
  facet normal -0 0 1
    outer loop
      vertex 42.6339 39.4367 23.3
      vertex 42.7232 38.9159 23.3
      vertex 42.6903 39.4454 23.3
    endloop
  endfacet
  facet normal 0 0 1
    outer loop
      vertex 42.5643 38.9095 23.3
      vertex 42.6339 39.4367 23.3
      vertex 42.573 39.4338 23.3
    endloop
  endfacet
  facet normal 0 0 1
    outer loop
      vertex 42.6339 39.4367 23.3
      vertex 42.5643 38.9095 23.3
      vertex 42.7232 38.9159 23.3
    endloop
  endfacet
  facet normal 0 0 1
    outer loop
      vertex 42.5126 39.4367 23.3
      vertex 42.5643 38.9095 23.3
      vertex 42.573 39.4338 23.3
    endloop
  endfacet
  facet normal 0 0 1
    outer loop
      vertex 42.3897 38.9182 23.3
      vertex 42.5126 39.4367 23.3
      vertex 42.4567 39.4454 23.3
    endloop
  endfacet
  facet normal 0 0 1
    outer loop
      vertex 42.3897 38.9182 23.3
      vertex 42.4567 39.4454 23.3
      vertex 42.4053 39.4599 23.3
    endloop
  endfacet
  facet normal 0 0 1
    outer loop
      vertex 42.5126 39.4367 23.3
      vertex 42.3897 38.9182 23.3
      vertex 42.5643 38.9095 23.3
    endloop
  endfacet
  facet normal 0 0 1
    outer loop
      vertex 42.2268 38.9443 23.3
      vertex 42.4053 39.4599 23.3
      vertex 42.3583 39.4802 23.3
    endloop
  endfacet
  facet normal 0 0 1
    outer loop
      vertex 42.0754 38.9878 23.3
      vertex 42.3583 39.4802 23.3
      vertex 42.3158 39.5063 23.3
    endloop
  endfacet
  facet normal 0 0 1
    outer loop
      vertex 41.9358 39.0487 23.3
      vertex 42.3158 39.5063 23.3
      vertex 42.2778 39.5382 23.3
    endloop
  endfacet
  facet normal 0 0 1
    outer loop
      vertex 41.9358 39.0487 23.3
      vertex 42.2778 39.5382 23.3
      vertex 42.2442 39.5759 23.3
    endloop
  endfacet
  facet normal 0 0 1
    outer loop
      vertex 42.4053 39.4599 23.3
      vertex 42.2268 38.9443 23.3
      vertex 42.3897 38.9182 23.3
    endloop
  endfacet
  facet normal 0 0 1
    outer loop
      vertex 41.9358 39.0487 23.3
      vertex 42.2442 39.5759 23.3
      vertex 42.2152 39.6194 23.3
    endloop
  endfacet
  facet normal 0 0 1
    outer loop
      vertex 41.9358 39.0487 23.3
      vertex 42.2152 39.6194 23.3
      vertex 42.1906 39.6687 23.3
    endloop
  endfacet
  facet normal 0 0 1
    outer loop
      vertex 41.9358 39.0487 23.3
      vertex 42.1906 39.6687 23.3
      vertex 42.1704 39.7238 23.3
    endloop
  endfacet
  facet normal 0 0 1
    outer loop
      vertex 41.9358 39.0487 23.3
      vertex 42.1704 39.7238 23.3
      vertex 42.1548 39.7847 23.3
    endloop
  endfacet
  facet normal 0 0 1
    outer loop
      vertex 41.9358 39.0487 23.3
      vertex 42.1548 39.7847 23.3
      vertex 42.1436 39.8513 23.3
    endloop
  endfacet
  facet normal 0 0 1
    outer loop
      vertex 41.9358 39.0487 23.3
      vertex 42.1436 39.8513 23.3
      vertex 42.1369 39.9238 23.3
    endloop
  endfacet
  facet normal 0 0 1
    outer loop
      vertex 42.1436 40.1529 23.3
      vertex 42.037 40.8962 23.3
      vertex 42.1369 40.0804 23.3
    endloop
  endfacet
  facet normal 0 0 1
    outer loop
      vertex 42.1369 40.0804 23.3
      vertex 42.037 40.8962 23.3
      vertex 42.1347 40.0021 23.3
    endloop
  endfacet
  facet normal 0 0 1
    outer loop
      vertex 42.3583 39.4802 23.3
      vertex 42.0754 38.9878 23.3
      vertex 42.2268 38.9443 23.3
    endloop
  endfacet
  facet normal 0 0 1
    outer loop
      vertex 41.9358 39.0487 23.3
      vertex 42.1347 40.0021 23.3
      vertex 42.037 40.8962 23.3
    endloop
  endfacet
  facet normal 0 0 1
    outer loop
      vertex 42.1347 40.0021 23.3
      vertex 41.9358 39.0487 23.3
      vertex 42.1369 39.9238 23.3
    endloop
  endfacet
  facet normal 0 0 1
    outer loop
      vertex 42.3158 39.5063 23.3
      vertex 41.9358 39.0487 23.3
      vertex 42.0754 38.9878 23.3
    endloop
  endfacet
  facet normal 0.127382 -0.991854 0
    outer loop
      vertex 42.7232 38.9159 22.92
      vertex 42.8727 38.9351 23.3
      vertex 42.7232 38.9159 23.3
    endloop
  endfacet
  facet normal 0.127382 -0.991854 0
    outer loop
      vertex 42.8727 38.9351 23.3
      vertex 42.7232 38.9159 22.92
      vertex 42.8727 38.9351 22.92
    endloop
  endfacet
  facet normal 0.222825 -0.974859 0
    outer loop
      vertex 42.8727 38.9351 22.92
      vertex 43.0127 38.9671 23.3
      vertex 42.8727 38.9351 23.3
    endloop
  endfacet
  facet normal 0.222825 -0.974859 0
    outer loop
      vertex 43.0127 38.9671 23.3
      vertex 42.8727 38.9351 22.92
      vertex 43.0127 38.9671 22.92
    endloop
  endfacet
  facet normal 0.324695 -0.945819 0
    outer loop
      vertex 43.0127 38.9671 22.92
      vertex 43.1432 39.0119 23.3
      vertex 43.0127 38.9671 23.3
    endloop
  endfacet
  facet normal 0.324695 -0.945819 0
    outer loop
      vertex 43.1432 39.0119 23.3
      vertex 43.0127 38.9671 22.92
      vertex 43.1432 39.0119 22.92
    endloop
  endfacet
  facet normal 0.429209 -0.903205 0
    outer loop
      vertex 43.1432 39.0119 22.92
      vertex 43.2642 39.0694 23.3
      vertex 43.1432 39.0119 23.3
    endloop
  endfacet
  facet normal 0.429209 -0.903205 0
    outer loop
      vertex 43.2642 39.0694 23.3
      vertex 43.1432 39.0119 22.92
      vertex 43.2642 39.0694 22.92
    endloop
  endfacet
  facet normal 0.533537 -0.845777 0
    outer loop
      vertex 43.2642 39.0694 22.92
      vertex 43.3758 39.1398 23.3
      vertex 43.2642 39.0694 23.3
    endloop
  endfacet
  facet normal 0.533537 -0.845777 0
    outer loop
      vertex 43.3758 39.1398 23.3
      vertex 43.2642 39.0694 22.92
      vertex 43.3758 39.1398 22.92
    endloop
  endfacet
  facet normal 0.632079 -0.774904 0
    outer loop
      vertex 43.3758 39.1398 22.92
      vertex 43.4778 39.223 23.3
      vertex 43.3758 39.1398 23.3
    endloop
  endfacet
  facet normal 0.632079 -0.774904 0
    outer loop
      vertex 43.4778 39.223 23.3
      vertex 43.3758 39.1398 22.92
      vertex 43.4778 39.223 22.92
    endloop
  endfacet
  facet normal 0.719666 -0.69432 0
    outer loop
      vertex 43.4778 39.223 23.3
      vertex 43.5682 39.3167 22.92
      vertex 43.5682 39.3167 23.3
    endloop
  endfacet
  facet normal 0.719666 -0.69432 0
    outer loop
      vertex 43.5682 39.3167 22.92
      vertex 43.4778 39.223 23.3
      vertex 43.4778 39.223 22.92
    endloop
  endfacet
  facet normal 0.800845 -0.598872 0
    outer loop
      vertex 43.5682 39.3167 23.3
      vertex 43.6447 39.419 22.92
      vertex 43.6447 39.419 23.3
    endloop
  endfacet
  facet normal 0.800845 -0.598872 0
    outer loop
      vertex 43.6447 39.419 22.92
      vertex 43.5682 39.3167 23.3
      vertex 43.5682 39.3167 22.92
    endloop
  endfacet
  facet normal 0.87046 -0.492239 0
    outer loop
      vertex 43.6447 39.419 23.3
      vertex 43.7073 39.5297 22.92
      vertex 43.7073 39.5297 23.3
    endloop
  endfacet
  facet normal 0.87046 -0.492239 0
    outer loop
      vertex 43.7073 39.5297 22.92
      vertex 43.6447 39.419 23.3
      vertex 43.6447 39.419 22.92
    endloop
  endfacet
  facet normal 0.925609 -0.378482 0
    outer loop
      vertex 43.7073 39.5297 23.3
      vertex 43.756 39.6488 22.92
      vertex 43.756 39.6488 23.3
    endloop
  endfacet
  facet normal 0.925609 -0.378482 0
    outer loop
      vertex 43.756 39.6488 22.92
      vertex 43.7073 39.5297 23.3
      vertex 43.7073 39.5297 22.92
    endloop
  endfacet
  facet normal 0.964956 -0.262413 0
    outer loop
      vertex 43.756 39.6488 23.3
      vertex 43.7907 39.7764 22.92
      vertex 43.7907 39.7764 23.3
    endloop
  endfacet
  facet normal 0.964956 -0.262413 0
    outer loop
      vertex 43.7907 39.7764 22.92
      vertex 43.756 39.6488 23.3
      vertex 43.756 39.6488 22.92
    endloop
  endfacet
  facet normal 0.988414 -0.151784 0
    outer loop
      vertex 43.7907 39.7764 23.3
      vertex 43.8116 39.9125 22.92
      vertex 43.8116 39.9125 23.3
    endloop
  endfacet
  facet normal 0.988414 -0.151784 0
    outer loop
      vertex 43.8116 39.9125 22.92
      vertex 43.7907 39.7764 23.3
      vertex 43.7907 39.7764 22.92
    endloop
  endfacet
  facet normal 0.998862 -0.0476965 0
    outer loop
      vertex 43.8116 39.9125 23.3
      vertex 43.8185 40.057 22.92
      vertex 43.8185 40.057 23.3
    endloop
  endfacet
  facet normal 0.998862 -0.0476965 0
    outer loop
      vertex 43.8185 40.057 22.92
      vertex 43.8116 39.9125 23.3
      vertex 43.8116 39.9125 22.92
    endloop
  endfacet
  facet normal 0.998878 0.0473475 0
    outer loop
      vertex 43.8185 40.057 23.3
      vertex 43.8123 40.1878 22.92
      vertex 43.8123 40.1878 23.3
    endloop
  endfacet
  facet normal 0.998878 0.0473475 0
    outer loop
      vertex 43.8123 40.1878 22.92
      vertex 43.8185 40.057 23.3
      vertex 43.8185 40.057 22.92
    endloop
  endfacet
  facet normal 0.98873 0.149711 0
    outer loop
      vertex 43.8123 40.1878 23.3
      vertex 43.7936 40.3113 22.92
      vertex 43.7936 40.3113 23.3
    endloop
  endfacet
  facet normal 0.98873 0.149711 0
    outer loop
      vertex 43.7936 40.3113 22.92
      vertex 43.8123 40.1878 23.3
      vertex 43.8123 40.1878 22.92
    endloop
  endfacet
  facet normal 0.965944 0.25875 0
    outer loop
      vertex 43.7936 40.3113 23.3
      vertex 43.7625 40.4274 22.92
      vertex 43.7625 40.4274 23.3
    endloop
  endfacet
  facet normal 0.965944 0.25875 0
    outer loop
      vertex 43.7625 40.4274 22.92
      vertex 43.7936 40.3113 23.3
      vertex 43.7936 40.3113 22.92
    endloop
  endfacet
  facet normal 0.928536 0.371244 0
    outer loop
      vertex 43.7625 40.4274 23.3
      vertex 43.719 40.5362 22.92
      vertex 43.719 40.5362 23.3
    endloop
  endfacet
  facet normal 0.928536 0.371244 0
    outer loop
      vertex 43.719 40.5362 22.92
      vertex 43.7625 40.4274 23.3
      vertex 43.7625 40.4274 22.92
    endloop
  endfacet
  facet normal 0.875376 0.483442 0
    outer loop
      vertex 43.719 40.5362 23.3
      vertex 43.663 40.6376 22.92
      vertex 43.663 40.6376 23.3
    endloop
  endfacet
  facet normal 0.875376 0.483442 0
    outer loop
      vertex 43.663 40.6376 22.92
      vertex 43.719 40.5362 23.3
      vertex 43.719 40.5362 22.92
    endloop
  endfacet
  facet normal 0.808476 0.588529 0
    outer loop
      vertex 43.663 40.6376 23.3
      vertex 43.5945 40.7317 22.92
      vertex 43.5945 40.7317 23.3
    endloop
  endfacet
  facet normal 0.808476 0.588529 0
    outer loop
      vertex 43.5945 40.7317 22.92
      vertex 43.663 40.6376 23.3
      vertex 43.663 40.6376 22.92
    endloop
  endfacet
  facet normal 0.731139 0.682228 0
    outer loop
      vertex 43.5945 40.7317 23.3
      vertex 43.5136 40.8184 22.92
      vertex 43.5136 40.8184 23.3
    endloop
  endfacet
  facet normal 0.731139 0.682228 0
    outer loop
      vertex 43.5136 40.8184 22.92
      vertex 43.5945 40.7317 23.3
      vertex 43.5945 40.7317 22.92
    endloop
  endfacet
  facet normal 0.646431 0.762973 -0
    outer loop
      vertex 43.5136 40.8184 22.92
      vertex 43.4226 40.8955 23.3
      vertex 43.5136 40.8184 23.3
    endloop
  endfacet
  facet normal 0.646431 0.762973 0
    outer loop
      vertex 43.4226 40.8955 23.3
      vertex 43.5136 40.8184 22.92
      vertex 43.4226 40.8955 22.92
    endloop
  endfacet
  facet normal 0.551383 0.834252 -0
    outer loop
      vertex 43.4226 40.8955 22.92
      vertex 43.3238 40.9608 23.3
      vertex 43.4226 40.8955 23.3
    endloop
  endfacet
  facet normal 0.551383 0.834252 0
    outer loop
      vertex 43.3238 40.9608 23.3
      vertex 43.4226 40.8955 22.92
      vertex 43.3238 40.9608 22.92
    endloop
  endfacet
  facet normal 0.446878 0.894595 -0
    outer loop
      vertex 43.3238 40.9608 22.92
      vertex 43.2171 41.0141 23.3
      vertex 43.3238 40.9608 23.3
    endloop
  endfacet
  facet normal 0.446878 0.894595 0
    outer loop
      vertex 43.2171 41.0141 23.3
      vertex 43.3238 40.9608 22.92
      vertex 43.2171 41.0141 22.92
    endloop
  endfacet
  facet normal 0.341216 0.939985 -0
    outer loop
      vertex 43.2171 41.0141 22.92
      vertex 43.1025 41.0557 23.3
      vertex 43.2171 41.0141 23.3
    endloop
  endfacet
  facet normal 0.341216 0.939985 0
    outer loop
      vertex 43.1025 41.0557 23.3
      vertex 43.2171 41.0141 22.92
      vertex 43.1025 41.0557 22.92
    endloop
  endfacet
  facet normal 0.235055 0.971982 -0
    outer loop
      vertex 43.1025 41.0557 22.92
      vertex 42.9801 41.0853 23.3
      vertex 43.1025 41.0557 23.3
    endloop
  endfacet
  facet normal 0.235055 0.971982 0
    outer loop
      vertex 42.9801 41.0853 23.3
      vertex 43.1025 41.0557 22.92
      vertex 42.9801 41.0853 22.92
    endloop
  endfacet
  facet normal 0.135453 0.990784 -0
    outer loop
      vertex 42.9801 41.0853 22.92
      vertex 42.8499 41.1031 23.3
      vertex 42.9801 41.0853 23.3
    endloop
  endfacet
  facet normal 0.135453 0.990784 0
    outer loop
      vertex 42.8499 41.1031 23.3
      vertex 42.9801 41.0853 22.92
      vertex 42.8499 41.1031 22.92
    endloop
  endfacet
  facet normal 0.0434372 0.999056 -0
    outer loop
      vertex 42.8499 41.1031 22.92
      vertex 42.7119 41.1091 23.3
      vertex 42.8499 41.1031 23.3
    endloop
  endfacet
  facet normal 0.0434372 0.999056 0
    outer loop
      vertex 42.7119 41.1091 23.3
      vertex 42.8499 41.1031 22.92
      vertex 42.7119 41.1091 22.92
    endloop
  endfacet
  facet normal -0.0197094 0.999806 0
    outer loop
      vertex 42.7119 41.1091 22.92
      vertex 42.6561 41.108 23.3
      vertex 42.7119 41.1091 23.3
    endloop
  endfacet
  facet normal -0.0197094 0.999806 0
    outer loop
      vertex 42.6561 41.108 23.3
      vertex 42.7119 41.1091 22.92
      vertex 42.6561 41.108 22.92
    endloop
  endfacet
  facet normal -0.0603295 0.998179 0
    outer loop
      vertex 42.6561 41.108 22.92
      vertex 42.6015 41.1047 23.3
      vertex 42.6561 41.108 23.3
    endloop
  endfacet
  facet normal -0.0603295 0.998179 0
    outer loop
      vertex 42.6015 41.1047 23.3
      vertex 42.6561 41.108 22.92
      vertex 42.6015 41.1047 22.92
    endloop
  endfacet
  facet normal -0.100797 0.994907 0
    outer loop
      vertex 42.6015 41.1047 22.92
      vertex 42.5482 41.0993 23.3
      vertex 42.6015 41.1047 23.3
    endloop
  endfacet
  facet normal -0.100797 0.994907 0
    outer loop
      vertex 42.5482 41.0993 23.3
      vertex 42.6015 41.1047 22.92
      vertex 42.5482 41.0993 22.92
    endloop
  endfacet
  facet normal -0.144346 0.989527 0
    outer loop
      vertex 42.5482 41.0993 22.92
      vertex 42.4961 41.0917 23.3
      vertex 42.5482 41.0993 23.3
    endloop
  endfacet
  facet normal -0.144346 0.989527 0
    outer loop
      vertex 42.4961 41.0917 23.3
      vertex 42.5482 41.0993 22.92
      vertex 42.4961 41.0917 22.92
    endloop
  endfacet
  facet normal -0.189421 0.981896 0
    outer loop
      vertex 42.4961 41.0917 22.92
      vertex 42.4453 41.0819 23.3
      vertex 42.4961 41.0917 23.3
    endloop
  endfacet
  facet normal -0.189421 0.981896 0
    outer loop
      vertex 42.4453 41.0819 23.3
      vertex 42.4961 41.0917 22.92
      vertex 42.4453 41.0819 22.92
    endloop
  endfacet
  facet normal -0.233299 0.972405 0
    outer loop
      vertex 42.4453 41.0819 22.92
      vertex 42.3957 41.07 23.3
      vertex 42.4453 41.0819 23.3
    endloop
  endfacet
  facet normal -0.233299 0.972405 0
    outer loop
      vertex 42.3957 41.07 23.3
      vertex 42.4453 41.0819 22.92
      vertex 42.3957 41.07 22.92
    endloop
  endfacet
  facet normal -0.281522 0.959555 0
    outer loop
      vertex 42.3957 41.07 22.92
      vertex 42.3473 41.0558 23.3
      vertex 42.3957 41.07 23.3
    endloop
  endfacet
  facet normal -0.281522 0.959555 0
    outer loop
      vertex 42.3473 41.0558 23.3
      vertex 42.3957 41.07 22.92
      vertex 42.3473 41.0558 22.92
    endloop
  endfacet
  facet normal -0.325806 0.945437 0
    outer loop
      vertex 42.3473 41.0558 22.92
      vertex 42.3 41.0395 23.3
      vertex 42.3473 41.0558 23.3
    endloop
  endfacet
  facet normal -0.325806 0.945437 0
    outer loop
      vertex 42.3 41.0395 23.3
      vertex 42.3473 41.0558 22.92
      vertex 42.3 41.0395 22.92
    endloop
  endfacet
  facet normal -0.370003 0.92903 0
    outer loop
      vertex 42.3 41.0395 22.92
      vertex 42.2538 41.0211 23.3
      vertex 42.3 41.0395 23.3
    endloop
  endfacet
  facet normal -0.370003 0.92903 0
    outer loop
      vertex 42.2538 41.0211 23.3
      vertex 42.3 41.0395 22.92
      vertex 42.2538 41.0211 22.92
    endloop
  endfacet
  facet normal -0.413954 0.910298 0
    outer loop
      vertex 42.2538 41.0211 22.92
      vertex 42.2085 41.0005 23.3
      vertex 42.2538 41.0211 23.3
    endloop
  endfacet
  facet normal -0.413954 0.910298 0
    outer loop
      vertex 42.2085 41.0005 23.3
      vertex 42.2538 41.0211 22.92
      vertex 42.2085 41.0005 22.92
    endloop
  endfacet
  facet normal -0.456805 0.889567 0
    outer loop
      vertex 42.2085 41.0005 22.92
      vertex 42.1641 40.9777 23.3
      vertex 42.2085 41.0005 23.3
    endloop
  endfacet
  facet normal -0.456805 0.889567 0
    outer loop
      vertex 42.1641 40.9777 23.3
      vertex 42.2085 41.0005 22.92
      vertex 42.1641 40.9777 22.92
    endloop
  endfacet
  facet normal -0.500011 0.866019 0
    outer loop
      vertex 42.1641 40.9777 22.92
      vertex 42.1208 40.9527 23.3
      vertex 42.1641 40.9777 23.3
    endloop
  endfacet
  facet normal -0.500011 0.866019 0
    outer loop
      vertex 42.1208 40.9527 23.3
      vertex 42.1641 40.9777 22.92
      vertex 42.1208 40.9527 22.92
    endloop
  endfacet
  facet normal -0.539955 0.841694 0
    outer loop
      vertex 42.1208 40.9527 22.92
      vertex 42.0784 40.9255 23.3
      vertex 42.1208 40.9527 23.3
    endloop
  endfacet
  facet normal -0.539955 0.841694 0
    outer loop
      vertex 42.0784 40.9255 23.3
      vertex 42.1208 40.9527 22.92
      vertex 42.0784 40.9255 22.92
    endloop
  endfacet
  facet normal -0.577689 0.816257 0
    outer loop
      vertex 42.0784 40.9255 22.92
      vertex 42.037 40.8962 23.3
      vertex 42.0784 40.9255 23.3
    endloop
  endfacet
  facet normal -0.577689 0.816257 0
    outer loop
      vertex 42.037 40.8962 23.3
      vertex 42.0784 40.9255 22.92
      vertex 42.037 40.8962 22.92
    endloop
  endfacet
  facet normal 0.992889 -0.119041 0
    outer loop
      vertex 42.037 40.8962 23.3
      vertex 42.0505 41.0088 22.92
      vertex 42.0505 41.0088 23.3
    endloop
  endfacet
  facet normal 0.992889 -0.119041 0
    outer loop
      vertex 42.0505 41.0088 22.92
      vertex 42.037 40.8962 23.3
      vertex 42.037 40.8962 22.92
    endloop
  endfacet
  facet normal 0.981227 -0.192859 0
    outer loop
      vertex 42.0505 41.0088 23.3
      vertex 42.071 41.1131 22.92
      vertex 42.071 41.1131 23.3
    endloop
  endfacet
  facet normal 0.981227 -0.192859 0
    outer loop
      vertex 42.071 41.1131 22.92
      vertex 42.0505 41.0088 23.3
      vertex 42.0505 41.0088 22.92
    endloop
  endfacet
  facet normal 0.961222 -0.275777 0
    outer loop
      vertex 42.071 41.1131 23.3
      vertex 42.0986 41.2093 22.92
      vertex 42.0986 41.2093 23.3
    endloop
  endfacet
  facet normal 0.961222 -0.275777 0
    outer loop
      vertex 42.0986 41.2093 22.92
      vertex 42.071 41.1131 23.3
      vertex 42.071 41.1131 22.92
    endloop
  endfacet
  facet normal 0.929927 -0.367744 0
    outer loop
      vertex 42.0986 41.2093 23.3
      vertex 42.1334 41.2973 22.92
      vertex 42.1334 41.2973 23.3
    endloop
  endfacet
  facet normal 0.929927 -0.367744 0
    outer loop
      vertex 42.1334 41.2973 22.92
      vertex 42.0986 41.2093 23.3
      vertex 42.0986 41.2093 22.92
    endloop
  endfacet
  facet normal 0.885592 -0.464464 0
    outer loop
      vertex 42.1334 41.2973 23.3
      vertex 42.1752 41.377 22.92
      vertex 42.1752 41.377 23.3
    endloop
  endfacet
  facet normal 0.885592 -0.464464 0
    outer loop
      vertex 42.1752 41.377 22.92
      vertex 42.1334 41.2973 23.3
      vertex 42.1334 41.2973 22.92
    endloop
  endfacet
  facet normal 0.825788 -0.563981 0
    outer loop
      vertex 42.1752 41.377 23.3
      vertex 42.2241 41.4486 22.92
      vertex 42.2241 41.4486 23.3
    endloop
  endfacet
  facet normal 0.825788 -0.563981 0
    outer loop
      vertex 42.2241 41.4486 22.92
      vertex 42.1752 41.377 23.3
      vertex 42.1752 41.377 22.92
    endloop
  endfacet
  facet normal 0.749561 -0.661935 0
    outer loop
      vertex 42.2241 41.4486 23.3
      vertex 42.28 41.5119 22.92
      vertex 42.28 41.5119 23.3
    endloop
  endfacet
  facet normal 0.749561 -0.661935 0
    outer loop
      vertex 42.28 41.5119 22.92
      vertex 42.2241 41.4486 23.3
      vertex 42.2241 41.4486 22.92
    endloop
  endfacet
  facet normal 0.658928 -0.752206 0
    outer loop
      vertex 42.28 41.5119 22.92
      vertex 42.3429 41.567 23.3
      vertex 42.28 41.5119 23.3
    endloop
  endfacet
  facet normal 0.658928 -0.752206 0
    outer loop
      vertex 42.3429 41.567 23.3
      vertex 42.28 41.5119 22.92
      vertex 42.3429 41.567 22.92
    endloop
  endfacet
  facet normal 0.555527 -0.831498 0
    outer loop
      vertex 42.3429 41.567 22.92
      vertex 42.4125 41.6135 23.3
      vertex 42.3429 41.567 23.3
    endloop
  endfacet
  facet normal 0.555527 -0.831498 0
    outer loop
      vertex 42.4125 41.6135 23.3
      vertex 42.3429 41.567 22.92
      vertex 42.4125 41.6135 22.92
    endloop
  endfacet
  facet normal 0.446276 -0.894895 0
    outer loop
      vertex 42.4125 41.6135 22.92
      vertex 42.4889 41.6516 23.3
      vertex 42.4125 41.6135 23.3
    endloop
  endfacet
  facet normal 0.446276 -0.894895 0
    outer loop
      vertex 42.4889 41.6516 23.3
      vertex 42.4125 41.6135 22.92
      vertex 42.4889 41.6516 22.92
    endloop
  endfacet
  facet normal 0.336552 -0.941665 0
    outer loop
      vertex 42.4889 41.6516 22.92
      vertex 42.572 41.6813 23.3
      vertex 42.4889 41.6516 23.3
    endloop
  endfacet
  facet normal 0.336552 -0.941665 0
    outer loop
      vertex 42.572 41.6813 23.3
      vertex 42.4889 41.6516 22.92
      vertex 42.572 41.6813 22.92
    endloop
  endfacet
  facet normal 0.228737 -0.973488 0
    outer loop
      vertex 42.572 41.6813 22.92
      vertex 42.6618 41.7024 23.3
      vertex 42.572 41.6813 23.3
    endloop
  endfacet
  facet normal 0.228737 -0.973488 0
    outer loop
      vertex 42.6618 41.7024 23.3
      vertex 42.572 41.6813 22.92
      vertex 42.6618 41.7024 22.92
    endloop
  endfacet
  facet normal 0.130481 -0.991451 0
    outer loop
      vertex 42.6618 41.7024 22.92
      vertex 42.7583 41.7151 23.3
      vertex 42.6618 41.7024 23.3
    endloop
  endfacet
  facet normal 0.130481 -0.991451 0
    outer loop
      vertex 42.7583 41.7151 23.3
      vertex 42.6618 41.7024 22.92
      vertex 42.7583 41.7151 22.92
    endloop
  endfacet
  facet normal 0.0415903 -0.999135 0
    outer loop
      vertex 42.7583 41.7151 22.92
      vertex 42.8616 41.7194 23.3
      vertex 42.7583 41.7151 23.3
    endloop
  endfacet
  facet normal 0.0415903 -0.999135 0
    outer loop
      vertex 42.8616 41.7194 23.3
      vertex 42.7583 41.7151 22.92
      vertex 42.8616 41.7194 22.92
    endloop
  endfacet
  facet normal -0.0200763 -0.999798 0
    outer loop
      vertex 42.8616 41.7194 22.92
      vertex 42.9114 41.7184 23.3
      vertex 42.8616 41.7194 23.3
    endloop
  endfacet
  facet normal -0.0200763 -0.999798 -0
    outer loop
      vertex 42.9114 41.7184 23.3
      vertex 42.8616 41.7194 22.92
      vertex 42.9114 41.7184 22.92
    endloop
  endfacet
  facet normal -0.0558011 -0.998442 0
    outer loop
      vertex 42.9114 41.7184 22.92
      vertex 42.9615 41.7156 23.3
      vertex 42.9114 41.7184 23.3
    endloop
  endfacet
  facet normal -0.0558011 -0.998442 -0
    outer loop
      vertex 42.9615 41.7156 23.3
      vertex 42.9114 41.7184 22.92
      vertex 42.9615 41.7156 22.92
    endloop
  endfacet
  facet normal -0.094623 -0.995513 0
    outer loop
      vertex 42.9615 41.7156 22.92
      vertex 43.012 41.7108 23.3
      vertex 42.9615 41.7156 23.3
    endloop
  endfacet
  facet normal -0.094623 -0.995513 -0
    outer loop
      vertex 43.012 41.7108 23.3
      vertex 42.9615 41.7156 22.92
      vertex 43.012 41.7108 22.92
    endloop
  endfacet
  facet normal -0.128838 -0.991666 0
    outer loop
      vertex 43.012 41.7108 22.92
      vertex 43.0628 41.7042 23.3
      vertex 43.012 41.7108 23.3
    endloop
  endfacet
  facet normal -0.128838 -0.991666 -0
    outer loop
      vertex 43.0628 41.7042 23.3
      vertex 43.012 41.7108 22.92
      vertex 43.0628 41.7042 22.92
    endloop
  endfacet
  facet normal -0.165648 -0.986185 0
    outer loop
      vertex 43.0628 41.7042 22.92
      vertex 43.114 41.6956 23.3
      vertex 43.0628 41.7042 23.3
    endloop
  endfacet
  facet normal -0.165648 -0.986185 -0
    outer loop
      vertex 43.114 41.6956 23.3
      vertex 43.0628 41.7042 22.92
      vertex 43.114 41.6956 22.92
    endloop
  endfacet
  facet normal -0.197577 -0.980287 0
    outer loop
      vertex 43.114 41.6956 22.92
      vertex 43.1656 41.6852 23.3
      vertex 43.114 41.6956 23.3
    endloop
  endfacet
  facet normal -0.197577 -0.980287 -0
    outer loop
      vertex 43.1656 41.6852 23.3
      vertex 43.114 41.6956 22.92
      vertex 43.1656 41.6852 22.92
    endloop
  endfacet
  facet normal -0.232381 -0.972625 0
    outer loop
      vertex 43.1656 41.6852 22.92
      vertex 43.2175 41.6728 23.3
      vertex 43.1656 41.6852 23.3
    endloop
  endfacet
  facet normal -0.232381 -0.972625 -0
    outer loop
      vertex 43.2175 41.6728 23.3
      vertex 43.1656 41.6852 22.92
      vertex 43.2175 41.6728 22.92
    endloop
  endfacet
  facet normal -0.262806 -0.964849 0
    outer loop
      vertex 43.2175 41.6728 22.92
      vertex 43.27 41.6585 23.3
      vertex 43.2175 41.6728 23.3
    endloop
  endfacet
  facet normal -0.262806 -0.964849 -0
    outer loop
      vertex 43.27 41.6585 23.3
      vertex 43.2175 41.6728 22.92
      vertex 43.27 41.6585 22.92
    endloop
  endfacet
  facet normal -0.292581 -0.956241 0
    outer loop
      vertex 43.27 41.6585 22.92
      vertex 43.3236 41.6421 23.3
      vertex 43.27 41.6585 23.3
    endloop
  endfacet
  facet normal -0.292581 -0.956241 -0
    outer loop
      vertex 43.3236 41.6421 23.3
      vertex 43.27 41.6585 22.92
      vertex 43.3236 41.6421 22.92
    endloop
  endfacet
  facet normal -0.321435 -0.946931 0
    outer loop
      vertex 43.3236 41.6421 22.92
      vertex 43.3781 41.6236 23.3
      vertex 43.3236 41.6421 23.3
    endloop
  endfacet
  facet normal -0.321435 -0.946931 -0
    outer loop
      vertex 43.3781 41.6236 23.3
      vertex 43.3236 41.6421 22.92
      vertex 43.3781 41.6236 22.92
    endloop
  endfacet
  facet normal -0.347974 -0.937504 0
    outer loop
      vertex 43.3781 41.6236 22.92
      vertex 43.4336 41.603 23.3
      vertex 43.3781 41.6236 23.3
    endloop
  endfacet
  facet normal -0.347974 -0.937504 -0
    outer loop
      vertex 43.4336 41.603 23.3
      vertex 43.3781 41.6236 22.92
      vertex 43.4336 41.603 22.92
    endloop
  endfacet
  facet normal -0.371391 -0.928477 0
    outer loop
      vertex 43.4336 41.603 22.92
      vertex 43.4901 41.5804 23.3
      vertex 43.4336 41.603 23.3
    endloop
  endfacet
  facet normal -0.371391 -0.928477 -0
    outer loop
      vertex 43.4901 41.5804 23.3
      vertex 43.4336 41.603 22.92
      vertex 43.4901 41.5804 22.92
    endloop
  endfacet
  facet normal -0.395271 -0.918565 0
    outer loop
      vertex 43.4901 41.5804 22.92
      vertex 43.5475 41.5557 23.3
      vertex 43.4901 41.5804 23.3
    endloop
  endfacet
  facet normal -0.395271 -0.918565 -0
    outer loop
      vertex 43.5475 41.5557 23.3
      vertex 43.4901 41.5804 22.92
      vertex 43.5475 41.5557 22.92
    endloop
  endfacet
  facet normal -0.417083 -0.908868 0
    outer loop
      vertex 43.5475 41.5557 22.92
      vertex 43.6059 41.5289 23.3
      vertex 43.5475 41.5557 23.3
    endloop
  endfacet
  facet normal -0.417083 -0.908868 -0
    outer loop
      vertex 43.6059 41.5289 23.3
      vertex 43.5475 41.5557 22.92
      vertex 43.6059 41.5289 22.92
    endloop
  endfacet
  facet normal 1 -0 0
    outer loop
      vertex 43.6059 41.5289 23.3
      vertex 43.6059 42.1269 22.92
      vertex 43.6059 42.1269 23.3
    endloop
  endfacet
  facet normal 1 0 0
    outer loop
      vertex 43.6059 42.1269 22.92
      vertex 43.6059 41.5289 23.3
      vertex 43.6059 41.5289 22.92
    endloop
  endfacet
  facet normal 0.30945 0.950916 -0
    outer loop
      vertex 43.6059 42.1269 22.92
      vertex 43.5469 42.1461 23.3
      vertex 43.6059 42.1269 23.3
    endloop
  endfacet
  facet normal 0.30945 0.950916 0
    outer loop
      vertex 43.5469 42.1461 23.3
      vertex 43.6059 42.1269 22.92
      vertex 43.5469 42.1461 22.92
    endloop
  endfacet
  facet normal 0.288388 0.957514 -0
    outer loop
      vertex 43.5469 42.1461 22.92
      vertex 43.4878 42.1639 23.3
      vertex 43.5469 42.1461 23.3
    endloop
  endfacet
  facet normal 0.288388 0.957514 0
    outer loop
      vertex 43.4878 42.1639 23.3
      vertex 43.5469 42.1461 22.92
      vertex 43.4878 42.1639 22.92
    endloop
  endfacet
  facet normal 0.264628 0.964351 -0
    outer loop
      vertex 43.4878 42.1639 22.92
      vertex 43.4284 42.1802 23.3
      vertex 43.4878 42.1639 23.3
    endloop
  endfacet
  facet normal 0.264628 0.964351 0
    outer loop
      vertex 43.4284 42.1802 23.3
      vertex 43.4878 42.1639 22.92
      vertex 43.4284 42.1802 22.92
    endloop
  endfacet
  facet normal 0.242919 0.970047 -0
    outer loop
      vertex 43.4284 42.1802 22.92
      vertex 43.3689 42.1951 23.3
      vertex 43.4284 42.1802 23.3
    endloop
  endfacet
  facet normal 0.242919 0.970047 0
    outer loop
      vertex 43.3689 42.1951 23.3
      vertex 43.4284 42.1802 22.92
      vertex 43.3689 42.1951 22.92
    endloop
  endfacet
  facet normal 0.220562 0.975373 -0
    outer loop
      vertex 43.3689 42.1951 22.92
      vertex 43.3092 42.2086 23.3
      vertex 43.3689 42.1951 23.3
    endloop
  endfacet
  facet normal 0.220562 0.975373 0
    outer loop
      vertex 43.3092 42.2086 23.3
      vertex 43.3689 42.1951 22.92
      vertex 43.3092 42.2086 22.92
    endloop
  endfacet
  facet normal 0.198004 0.980201 -0
    outer loop
      vertex 43.3092 42.2086 22.92
      vertex 43.2493 42.2207 23.3
      vertex 43.3092 42.2086 23.3
    endloop
  endfacet
  facet normal 0.198004 0.980201 0
    outer loop
      vertex 43.2493 42.2207 23.3
      vertex 43.3092 42.2086 22.92
      vertex 43.2493 42.2207 22.92
    endloop
  endfacet
  facet normal 0.175563 0.984468 -0
    outer loop
      vertex 43.2493 42.2207 22.92
      vertex 43.1893 42.2314 23.3
      vertex 43.2493 42.2207 23.3
    endloop
  endfacet
  facet normal 0.175563 0.984468 0
    outer loop
      vertex 43.1893 42.2314 23.3
      vertex 43.2493 42.2207 22.92
      vertex 43.1893 42.2314 22.92
    endloop
  endfacet
  facet normal 0.150581 0.988598 -0
    outer loop
      vertex 43.1893 42.2314 22.92
      vertex 43.1289 42.2406 23.3
      vertex 43.1893 42.2314 23.3
    endloop
  endfacet
  facet normal 0.150581 0.988598 0
    outer loop
      vertex 43.1289 42.2406 23.3
      vertex 43.1893 42.2314 22.92
      vertex 43.1289 42.2406 22.92
    endloop
  endfacet
  facet normal 0.126836 0.991924 -0
    outer loop
      vertex 43.1289 42.2406 22.92
      vertex 43.0679 42.2484 23.3
      vertex 43.1289 42.2406 23.3
    endloop
  endfacet
  facet normal 0.126836 0.991924 0
    outer loop
      vertex 43.0679 42.2484 23.3
      vertex 43.1289 42.2406 22.92
      vertex 43.0679 42.2484 22.92
    endloop
  endfacet
  facet normal 0.103506 0.994629 -0
    outer loop
      vertex 43.0679 42.2484 22.92
      vertex 43.0064 42.2548 23.3
      vertex 43.0679 42.2484 23.3
    endloop
  endfacet
  facet normal 0.103506 0.994629 0
    outer loop
      vertex 43.0064 42.2548 23.3
      vertex 43.0679 42.2484 22.92
      vertex 43.0064 42.2548 22.92
    endloop
  endfacet
  facet normal 0.0805132 0.996754 -0
    outer loop
      vertex 43.0064 42.2548 22.92
      vertex 42.9445 42.2598 23.3
      vertex 43.0064 42.2548 23.3
    endloop
  endfacet
  facet normal 0.0805132 0.996754 0
    outer loop
      vertex 42.9445 42.2598 23.3
      vertex 43.0064 42.2548 22.92
      vertex 42.9445 42.2598 22.92
    endloop
  endfacet
  facet normal 0.0558234 0.998441 -0
    outer loop
      vertex 42.9445 42.2598 22.92
      vertex 42.8819 42.2633 23.3
      vertex 42.9445 42.2598 23.3
    endloop
  endfacet
  facet normal 0.0558234 0.998441 0
    outer loop
      vertex 42.8819 42.2633 23.3
      vertex 42.9445 42.2598 22.92
      vertex 42.8819 42.2633 22.92
    endloop
  endfacet
  facet normal 0.0348441 0.999393 -0
    outer loop
      vertex 42.8819 42.2633 22.92
      vertex 42.8188 42.2655 23.3
      vertex 42.8819 42.2633 23.3
    endloop
  endfacet
  facet normal 0.0348441 0.999393 0
    outer loop
      vertex 42.8188 42.2655 23.3
      vertex 42.8819 42.2633 22.92
      vertex 42.8188 42.2655 22.92
    endloop
  endfacet
  facet normal 0.0110056 0.999939 -0
    outer loop
      vertex 42.8188 42.2655 22.92
      vertex 42.7552 42.2662 23.3
      vertex 42.8188 42.2655 23.3
    endloop
  endfacet
  facet normal 0.0110056 0.999939 0
    outer loop
      vertex 42.7552 42.2662 23.3
      vertex 42.8188 42.2655 22.92
      vertex 42.7552 42.2662 22.92
    endloop
  endfacet
  facet normal -0.0480754 0.998844 0
    outer loop
      vertex 42.7552 42.2662 22.92
      vertex 42.5599 42.2568 23.3
      vertex 42.7552 42.2662 23.3
    endloop
  endfacet
  facet normal -0.0480754 0.998844 0
    outer loop
      vertex 42.5599 42.2568 23.3
      vertex 42.7552 42.2662 22.92
      vertex 42.5599 42.2568 22.92
    endloop
  endfacet
  facet normal -0.151692 0.988428 0
    outer loop
      vertex 42.5599 42.2568 22.92
      vertex 42.3768 42.2287 23.3
      vertex 42.5599 42.2568 23.3
    endloop
  endfacet
  facet normal -0.151692 0.988428 0
    outer loop
      vertex 42.3768 42.2287 23.3
      vertex 42.5599 42.2568 22.92
      vertex 42.3768 42.2287 22.92
    endloop
  endfacet
  facet normal -0.264264 0.96445 0
    outer loop
      vertex 42.3768 42.2287 22.92
      vertex 42.206 42.1819 23.3
      vertex 42.3768 42.2287 23.3
    endloop
  endfacet
  facet normal -0.264264 0.96445 0
    outer loop
      vertex 42.206 42.1819 23.3
      vertex 42.3768 42.2287 22.92
      vertex 42.206 42.1819 22.92
    endloop
  endfacet
  facet normal -0.382215 0.924074 0
    outer loop
      vertex 42.206 42.1819 22.92
      vertex 42.0474 42.1163 23.3
      vertex 42.206 42.1819 23.3
    endloop
  endfacet
  facet normal -0.382215 0.924074 0
    outer loop
      vertex 42.0474 42.1163 23.3
      vertex 42.206 42.1819 22.92
      vertex 42.0474 42.1163 22.92
    endloop
  endfacet
  facet normal -0.499261 0.866452 0
    outer loop
      vertex 42.0474 42.1163 22.92
      vertex 41.9011 42.032 23.3
      vertex 42.0474 42.1163 23.3
    endloop
  endfacet
  facet normal -0.499261 0.866452 0
    outer loop
      vertex 41.9011 42.032 23.3
      vertex 42.0474 42.1163 22.92
      vertex 41.9011 42.032 22.92
    endloop
  endfacet
  facet normal -0.609425 0.792844 0
    outer loop
      vertex 41.9011 42.032 22.92
      vertex 41.7671 41.929 23.3
      vertex 41.9011 42.032 23.3
    endloop
  endfacet
  facet normal -0.609425 0.792844 0
    outer loop
      vertex 41.7671 41.929 23.3
      vertex 41.9011 42.032 22.92
      vertex 41.7671 41.929 22.92
    endloop
  endfacet
  facet normal -0.706816 0.707397 0
    outer loop
      vertex 41.6453 41.8073 22.92
      vertex 41.7671 41.929 23.3
      vertex 41.7671 41.929 22.92
    endloop
  endfacet
  facet normal -0.706816 0.707397 0
    outer loop
      vertex 41.7671 41.929 23.3
      vertex 41.6453 41.8073 22.92
      vertex 41.6453 41.8073 23.3
    endloop
  endfacet
  facet normal -0.789598 0.613624 0
    outer loop
      vertex 41.5379 41.6691 22.92
      vertex 41.6453 41.8073 23.3
      vertex 41.6453 41.8073 22.92
    endloop
  endfacet
  facet normal -0.789598 0.613624 0
    outer loop
      vertex 41.6453 41.8073 23.3
      vertex 41.5379 41.6691 22.92
      vertex 41.5379 41.6691 23.3
    endloop
  endfacet
  facet normal -0.858785 0.512337 0
    outer loop
      vertex 41.4471 41.5169 22.92
      vertex 41.5379 41.6691 23.3
      vertex 41.5379 41.6691 22.92
    endloop
  endfacet
  facet normal -0.858785 0.512337 0
    outer loop
      vertex 41.5379 41.6691 23.3
      vertex 41.4471 41.5169 22.92
      vertex 41.4471 41.5169 23.3
    endloop
  endfacet
  facet normal -0.912721 0.408583 0
    outer loop
      vertex 41.3727 41.3507 22.92
      vertex 41.4471 41.5169 23.3
      vertex 41.4471 41.5169 22.92
    endloop
  endfacet
  facet normal -0.912721 0.408583 0
    outer loop
      vertex 41.4471 41.5169 23.3
      vertex 41.3727 41.3507 22.92
      vertex 41.3727 41.3507 23.3
    endloop
  endfacet
  facet normal -0.952215 0.305428 0
    outer loop
      vertex 41.3149 41.1705 22.92
      vertex 41.3727 41.3507 23.3
      vertex 41.3727 41.3507 22.92
    endloop
  endfacet
  facet normal -0.952215 0.305428 0
    outer loop
      vertex 41.3727 41.3507 23.3
      vertex 41.3149 41.1705 22.92
      vertex 41.3149 41.1705 23.3
    endloop
  endfacet
  facet normal -0.978147 0.207913 0
    outer loop
      vertex 41.2736 40.9762 22.92
      vertex 41.3149 41.1705 23.3
      vertex 41.3149 41.1705 22.92
    endloop
  endfacet
  facet normal -0.978147 0.207913 0
    outer loop
      vertex 41.3149 41.1705 23.3
      vertex 41.2736 40.9762 22.92
      vertex 41.2736 40.9762 23.3
    endloop
  endfacet
  facet normal -0.993043 0.117754 0
    outer loop
      vertex 41.2489 40.7679 22.92
      vertex 41.2736 40.9762 23.3
      vertex 41.2736 40.9762 22.92
    endloop
  endfacet
  facet normal -0.993043 0.117754 0
    outer loop
      vertex 41.2736 40.9762 23.3
      vertex 41.2489 40.7679 22.92
      vertex 41.2489 40.7679 23.3
    endloop
  endfacet
  facet normal -0.999304 0.0372942 0
    outer loop
      vertex 41.2406 40.5455 22.92
      vertex 41.2489 40.7679 23.3
      vertex 41.2489 40.7679 22.92
    endloop
  endfacet
  facet normal -0.999304 0.0372942 0
    outer loop
      vertex 41.2489 40.7679 23.3
      vertex 41.2406 40.5455 22.92
      vertex 41.2406 40.5455 23.3
    endloop
  endfacet
  facet normal -0.999463 -0.0327768 0
    outer loop
      vertex 41.2477 40.329 22.92
      vertex 41.2406 40.5455 23.3
      vertex 41.2406 40.5455 22.92
    endloop
  endfacet
  facet normal -0.999463 -0.0327768 0
    outer loop
      vertex 41.2406 40.5455 23.3
      vertex 41.2477 40.329 22.92
      vertex 41.2477 40.329 23.3
    endloop
  endfacet
  facet normal -0.994532 -0.104428 0
    outer loop
      vertex 41.2689 40.1271 22.92
      vertex 41.2477 40.329 23.3
      vertex 41.2477 40.329 22.92
    endloop
  endfacet
  facet normal -0.994532 -0.104428 0
    outer loop
      vertex 41.2477 40.329 23.3
      vertex 41.2689 40.1271 22.92
      vertex 41.2689 40.1271 23.3
    endloop
  endfacet
  facet normal -0.982717 -0.185112 0
    outer loop
      vertex 41.3042 39.9397 22.92
      vertex 41.2689 40.1271 23.3
      vertex 41.2689 40.1271 22.92
    endloop
  endfacet
  facet normal -0.982717 -0.185112 0
    outer loop
      vertex 41.2689 40.1271 23.3
      vertex 41.3042 39.9397 22.92
      vertex 41.3042 39.9397 23.3
    endloop
  endfacet
  facet normal -0.961482 -0.274868 0
    outer loop
      vertex 41.3536 39.7669 22.92
      vertex 41.3042 39.9397 23.3
      vertex 41.3042 39.9397 22.92
    endloop
  endfacet
  facet normal -0.961482 -0.274868 0
    outer loop
      vertex 41.3042 39.9397 23.3
      vertex 41.3536 39.7669 22.92
      vertex 41.3536 39.7669 23.3
    endloop
  endfacet
  facet normal -0.927828 -0.373008 0
    outer loop
      vertex 41.4172 39.6087 22.92
      vertex 41.3536 39.7669 23.3
      vertex 41.3536 39.7669 22.92
    endloop
  endfacet
  facet normal -0.927828 -0.373008 0
    outer loop
      vertex 41.3536 39.7669 23.3
      vertex 41.4172 39.6087 22.92
      vertex 41.4172 39.6087 23.3
    endloop
  endfacet
  facet normal -0.879644 -0.475632 0
    outer loop
      vertex 41.4949 39.465 22.92
      vertex 41.4172 39.6087 23.3
      vertex 41.4172 39.6087 22.92
    endloop
  endfacet
  facet normal -0.879644 -0.475632 0
    outer loop
      vertex 41.4172 39.6087 23.3
      vertex 41.4949 39.465 22.92
      vertex 41.4949 39.465 23.3
    endloop
  endfacet
  facet normal -0.814969 -0.579505 0
    outer loop
      vertex 41.5867 39.3359 22.92
      vertex 41.4949 39.465 23.3
      vertex 41.4949 39.465 22.92
    endloop
  endfacet
  facet normal -0.814969 -0.579505 0
    outer loop
      vertex 41.4949 39.465 23.3
      vertex 41.5867 39.3359 22.92
      vertex 41.5867 39.3359 23.3
    endloop
  endfacet
  facet normal -0.733833 -0.67933 0
    outer loop
      vertex 41.6914 39.2228 22.92
      vertex 41.5867 39.3359 23.3
      vertex 41.5867 39.3359 22.92
    endloop
  endfacet
  facet normal -0.733833 -0.67933 0
    outer loop
      vertex 41.5867 39.3359 23.3
      vertex 41.6914 39.2228 22.92
      vertex 41.6914 39.2228 23.3
    endloop
  endfacet
  facet normal -0.635079 -0.772447 0
    outer loop
      vertex 41.6914 39.2228 22.92
      vertex 41.8078 39.1271 23.3
      vertex 41.6914 39.2228 23.3
    endloop
  endfacet
  facet normal -0.635079 -0.772447 -0
    outer loop
      vertex 41.8078 39.1271 23.3
      vertex 41.6914 39.2228 22.92
      vertex 41.8078 39.1271 22.92
    endloop
  endfacet
  facet normal -0.522312 -0.852754 0
    outer loop
      vertex 41.8078 39.1271 22.92
      vertex 41.9358 39.0487 23.3
      vertex 41.8078 39.1271 23.3
    endloop
  endfacet
  facet normal -0.522312 -0.852754 -0
    outer loop
      vertex 41.9358 39.0487 23.3
      vertex 41.8078 39.1271 22.92
      vertex 41.9358 39.0487 22.92
    endloop
  endfacet
  facet normal -0.399854 -0.916579 0
    outer loop
      vertex 41.9358 39.0487 22.92
      vertex 42.0754 38.9878 23.3
      vertex 41.9358 39.0487 23.3
    endloop
  endfacet
  facet normal -0.399854 -0.916579 -0
    outer loop
      vertex 42.0754 38.9878 23.3
      vertex 41.9358 39.0487 22.92
      vertex 42.0754 38.9878 22.92
    endloop
  endfacet
  facet normal -0.276146 -0.961116 0
    outer loop
      vertex 42.0754 38.9878 22.92
      vertex 42.2268 38.9443 23.3
      vertex 42.0754 38.9878 23.3
    endloop
  endfacet
  facet normal -0.276146 -0.961116 -0
    outer loop
      vertex 42.2268 38.9443 23.3
      vertex 42.0754 38.9878 22.92
      vertex 42.2268 38.9443 22.92
    endloop
  endfacet
  facet normal -0.158203 -0.987407 0
    outer loop
      vertex 42.2268 38.9443 22.92
      vertex 42.3897 38.9182 23.3
      vertex 42.2268 38.9443 23.3
    endloop
  endfacet
  facet normal -0.158203 -0.987407 -0
    outer loop
      vertex 42.3897 38.9182 23.3
      vertex 42.2268 38.9443 22.92
      vertex 42.3897 38.9182 22.92
    endloop
  endfacet
  facet normal -0.0497664 -0.998761 0
    outer loop
      vertex 42.3897 38.9182 22.92
      vertex 42.5643 38.9095 23.3
      vertex 42.3897 38.9182 23.3
    endloop
  endfacet
  facet normal -0.0497664 -0.998761 -0
    outer loop
      vertex 42.5643 38.9095 23.3
      vertex 42.3897 38.9182 22.92
      vertex 42.5643 38.9095 22.92
    endloop
  endfacet
  facet normal 0.0402443 -0.99919 0
    outer loop
      vertex 42.5643 38.9095 22.92
      vertex 42.7232 38.9159 23.3
      vertex 42.5643 38.9095 23.3
    endloop
  endfacet
  facet normal 0.0402443 -0.99919 0
    outer loop
      vertex 42.7232 38.9159 23.3
      vertex 42.5643 38.9095 22.92
      vertex 42.7232 38.9159 22.92
    endloop
  endfacet
  facet normal 0.153784 0.988105 -0
    outer loop
      vertex 42.5126 39.4367 22.92
      vertex 42.4567 39.4454 23.3
      vertex 42.5126 39.4367 23.3
    endloop
  endfacet
  facet normal 0.153784 0.988105 0
    outer loop
      vertex 42.4567 39.4454 23.3
      vertex 42.5126 39.4367 22.92
      vertex 42.4567 39.4454 22.92
    endloop
  endfacet
  facet normal 0.271505 0.962437 -0
    outer loop
      vertex 42.4567 39.4454 22.92
      vertex 42.4053 39.4599 23.3
      vertex 42.4567 39.4454 23.3
    endloop
  endfacet
  facet normal 0.271505 0.962437 0
    outer loop
      vertex 42.4053 39.4599 23.3
      vertex 42.4567 39.4454 22.92
      vertex 42.4053 39.4599 22.92
    endloop
  endfacet
  facet normal 0.396511 0.91803 -0
    outer loop
      vertex 42.4053 39.4599 22.92
      vertex 42.3583 39.4802 23.3
      vertex 42.4053 39.4599 23.3
    endloop
  endfacet
  facet normal 0.396511 0.91803 0
    outer loop
      vertex 42.3583 39.4802 23.3
      vertex 42.4053 39.4599 22.92
      vertex 42.3583 39.4802 22.92
    endloop
  endfacet
  facet normal 0.523314 0.85214 -0
    outer loop
      vertex 42.3583 39.4802 22.92
      vertex 42.3158 39.5063 23.3
      vertex 42.3583 39.4802 23.3
    endloop
  endfacet
  facet normal 0.523314 0.85214 0
    outer loop
      vertex 42.3158 39.5063 23.3
      vertex 42.3583 39.4802 22.92
      vertex 42.3158 39.5063 22.92
    endloop
  endfacet
  facet normal 0.642956 0.765903 -0
    outer loop
      vertex 42.3158 39.5063 22.92
      vertex 42.2778 39.5382 23.3
      vertex 42.3158 39.5063 23.3
    endloop
  endfacet
  facet normal 0.642956 0.765903 0
    outer loop
      vertex 42.2778 39.5382 23.3
      vertex 42.3158 39.5063 22.92
      vertex 42.2778 39.5382 22.92
    endloop
  endfacet
  facet normal 0.746535 0.665347 0
    outer loop
      vertex 42.2778 39.5382 23.3
      vertex 42.2442 39.5759 22.92
      vertex 42.2442 39.5759 23.3
    endloop
  endfacet
  facet normal 0.746535 0.665347 0
    outer loop
      vertex 42.2442 39.5759 22.92
      vertex 42.2778 39.5382 23.3
      vertex 42.2778 39.5382 22.92
    endloop
  endfacet
  facet normal 0.83205 0.5547 0
    outer loop
      vertex 42.2442 39.5759 23.3
      vertex 42.2152 39.6194 22.92
      vertex 42.2152 39.6194 23.3
    endloop
  endfacet
  facet normal 0.83205 0.5547 0
    outer loop
      vertex 42.2152 39.6194 22.92
      vertex 42.2442 39.5759 23.3
      vertex 42.2442 39.5759 22.92
    endloop
  endfacet
  facet normal 0.89479 0.446487 0
    outer loop
      vertex 42.2152 39.6194 23.3
      vertex 42.1906 39.6687 22.92
      vertex 42.1906 39.6687 23.3
    endloop
  endfacet
  facet normal 0.89479 0.446487 0
    outer loop
      vertex 42.1906 39.6687 22.92
      vertex 42.2152 39.6194 23.3
      vertex 42.2152 39.6194 22.92
    endloop
  endfacet
  facet normal 0.938895 0.344205 0
    outer loop
      vertex 42.1906 39.6687 23.3
      vertex 42.1704 39.7238 22.92
      vertex 42.1704 39.7238 23.3
    endloop
  endfacet
  facet normal 0.938895 0.344205 0
    outer loop
      vertex 42.1704 39.7238 22.92
      vertex 42.1906 39.6687 23.3
      vertex 42.1906 39.6687 22.92
    endloop
  endfacet
  facet normal 0.968723 0.248146 0
    outer loop
      vertex 42.1704 39.7238 23.3
      vertex 42.1548 39.7847 22.92
      vertex 42.1548 39.7847 23.3
    endloop
  endfacet
  facet normal 0.968723 0.248146 0
    outer loop
      vertex 42.1548 39.7847 22.92
      vertex 42.1704 39.7238 23.3
      vertex 42.1704 39.7238 22.92
    endloop
  endfacet
  facet normal 0.986153 0.16584 0
    outer loop
      vertex 42.1548 39.7847 23.3
      vertex 42.1436 39.8513 22.92
      vertex 42.1436 39.8513 23.3
    endloop
  endfacet
  facet normal 0.986153 0.16584 0
    outer loop
      vertex 42.1436 39.8513 22.92
      vertex 42.1548 39.7847 23.3
      vertex 42.1548 39.7847 22.92
    endloop
  endfacet
  facet normal 0.995757 0.0920217 0
    outer loop
      vertex 42.1436 39.8513 23.3
      vertex 42.1369 39.9238 22.92
      vertex 42.1369 39.9238 23.3
    endloop
  endfacet
  facet normal 0.995757 0.0920217 0
    outer loop
      vertex 42.1369 39.9238 22.92
      vertex 42.1436 39.8513 23.3
      vertex 42.1436 39.8513 22.92
    endloop
  endfacet
  facet normal 0.999606 0.028086 0
    outer loop
      vertex 42.1369 39.9238 23.3
      vertex 42.1347 40.0021 22.92
      vertex 42.1347 40.0021 23.3
    endloop
  endfacet
  facet normal 0.999606 0.028086 0
    outer loop
      vertex 42.1347 40.0021 22.92
      vertex 42.1369 39.9238 23.3
      vertex 42.1369 39.9238 22.92
    endloop
  endfacet
  facet normal 0.999606 -0.028086 0
    outer loop
      vertex 42.1347 40.0021 23.3
      vertex 42.1369 40.0804 22.92
      vertex 42.1369 40.0804 23.3
    endloop
  endfacet
  facet normal 0.999606 -0.028086 0
    outer loop
      vertex 42.1369 40.0804 22.92
      vertex 42.1347 40.0021 23.3
      vertex 42.1347 40.0021 22.92
    endloop
  endfacet
  facet normal 0.995757 -0.0920217 0
    outer loop
      vertex 42.1369 40.0804 23.3
      vertex 42.1436 40.1529 22.92
      vertex 42.1436 40.1529 23.3
    endloop
  endfacet
  facet normal 0.995757 -0.0920217 0
    outer loop
      vertex 42.1436 40.1529 22.92
      vertex 42.1369 40.0804 23.3
      vertex 42.1369 40.0804 22.92
    endloop
  endfacet
  facet normal 0.986193 -0.165598 0
    outer loop
      vertex 42.1436 40.1529 23.3
      vertex 42.1548 40.2196 22.92
      vertex 42.1548 40.2196 23.3
    endloop
  endfacet
  facet normal 0.986193 -0.165598 0
    outer loop
      vertex 42.1548 40.2196 22.92
      vertex 42.1436 40.1529 23.3
      vertex 42.1436 40.1529 22.92
    endloop
  endfacet
  facet normal 0.968723 -0.248146 0
    outer loop
      vertex 42.1548 40.2196 23.3
      vertex 42.1704 40.2805 22.92
      vertex 42.1704 40.2805 23.3
    endloop
  endfacet
  facet normal 0.968723 -0.248146 0
    outer loop
      vertex 42.1704 40.2805 22.92
      vertex 42.1548 40.2196 23.3
      vertex 42.1548 40.2196 22.92
    endloop
  endfacet
  facet normal 0.938895 -0.344205 0
    outer loop
      vertex 42.1704 40.2805 23.3
      vertex 42.1906 40.3356 22.92
      vertex 42.1906 40.3356 23.3
    endloop
  endfacet
  facet normal 0.938895 -0.344205 0
    outer loop
      vertex 42.1906 40.3356 22.92
      vertex 42.1704 40.2805 23.3
      vertex 42.1704 40.2805 22.92
    endloop
  endfacet
  facet normal 0.89479 -0.446487 0
    outer loop
      vertex 42.1906 40.3356 23.3
      vertex 42.2152 40.3849 22.92
      vertex 42.2152 40.3849 23.3
    endloop
  endfacet
  facet normal 0.89479 -0.446487 0
    outer loop
      vertex 42.2152 40.3849 22.92
      vertex 42.1906 40.3356 23.3
      vertex 42.1906 40.3356 22.92
    endloop
  endfacet
  facet normal 0.83205 -0.5547 0
    outer loop
      vertex 42.2152 40.3849 23.3
      vertex 42.2442 40.4284 22.92
      vertex 42.2442 40.4284 23.3
    endloop
  endfacet
  facet normal 0.83205 -0.5547 0
    outer loop
      vertex 42.2442 40.4284 22.92
      vertex 42.2152 40.3849 23.3
      vertex 42.2152 40.3849 22.92
    endloop
  endfacet
  facet normal 0.746535 -0.665347 0
    outer loop
      vertex 42.2442 40.4284 23.3
      vertex 42.2778 40.4661 22.92
      vertex 42.2778 40.4661 23.3
    endloop
  endfacet
  facet normal 0.746535 -0.665347 0
    outer loop
      vertex 42.2778 40.4661 22.92
      vertex 42.2442 40.4284 23.3
      vertex 42.2442 40.4284 22.92
    endloop
  endfacet
  facet normal 0.642956 -0.765903 0
    outer loop
      vertex 42.2778 40.4661 22.92
      vertex 42.3158 40.498 23.3
      vertex 42.2778 40.4661 23.3
    endloop
  endfacet
  facet normal 0.642956 -0.765903 0
    outer loop
      vertex 42.3158 40.498 23.3
      vertex 42.2778 40.4661 22.92
      vertex 42.3158 40.498 22.92
    endloop
  endfacet
  facet normal 0.523314 -0.85214 0
    outer loop
      vertex 42.3158 40.498 22.92
      vertex 42.3583 40.5241 23.3
      vertex 42.3158 40.498 23.3
    endloop
  endfacet
  facet normal 0.523314 -0.85214 0
    outer loop
      vertex 42.3583 40.5241 23.3
      vertex 42.3158 40.498 22.92
      vertex 42.3583 40.5241 22.92
    endloop
  endfacet
  facet normal 0.396511 -0.91803 0
    outer loop
      vertex 42.3583 40.5241 22.92
      vertex 42.4053 40.5444 23.3
      vertex 42.3583 40.5241 23.3
    endloop
  endfacet
  facet normal 0.396511 -0.91803 0
    outer loop
      vertex 42.4053 40.5444 23.3
      vertex 42.3583 40.5241 22.92
      vertex 42.4053 40.5444 22.92
    endloop
  endfacet
  facet normal 0.269769 -0.962925 0
    outer loop
      vertex 42.4053 40.5444 22.92
      vertex 42.4567 40.5588 23.3
      vertex 42.4053 40.5444 23.3
    endloop
  endfacet
  facet normal 0.269769 -0.962925 0
    outer loop
      vertex 42.4567 40.5588 23.3
      vertex 42.4053 40.5444 22.92
      vertex 42.4567 40.5588 22.92
    endloop
  endfacet
  facet normal 0.153784 -0.988105 0
    outer loop
      vertex 42.4567 40.5588 22.92
      vertex 42.5126 40.5675 23.3
      vertex 42.4567 40.5588 23.3
    endloop
  endfacet
  facet normal 0.153784 -0.988105 0
    outer loop
      vertex 42.5126 40.5675 23.3
      vertex 42.4567 40.5588 22.92
      vertex 42.5126 40.5675 22.92
    endloop
  endfacet
  facet normal 0.047958 -0.998849 0
    outer loop
      vertex 42.5126 40.5675 22.92
      vertex 42.573 40.5704 23.3
      vertex 42.5126 40.5675 23.3
    endloop
  endfacet
  facet normal 0.047958 -0.998849 0
    outer loop
      vertex 42.573 40.5704 23.3
      vertex 42.5126 40.5675 22.92
      vertex 42.573 40.5704 22.92
    endloop
  endfacet
  facet normal -0.0475651 -0.998868 0
    outer loop
      vertex 42.573 40.5704 22.92
      vertex 42.6339 40.5675 23.3
      vertex 42.573 40.5704 23.3
    endloop
  endfacet
  facet normal -0.0475651 -0.998868 -0
    outer loop
      vertex 42.6339 40.5675 23.3
      vertex 42.573 40.5704 22.92
      vertex 42.6339 40.5675 22.92
    endloop
  endfacet
  facet normal -0.152452 -0.988311 0
    outer loop
      vertex 42.6339 40.5675 22.92
      vertex 42.6903 40.5588 23.3
      vertex 42.6339 40.5675 23.3
    endloop
  endfacet
  facet normal -0.152452 -0.988311 -0
    outer loop
      vertex 42.6903 40.5588 23.3
      vertex 42.6339 40.5675 22.92
      vertex 42.6903 40.5588 22.92
    endloop
  endfacet
  facet normal -0.267357 -0.963598 0
    outer loop
      vertex 42.6903 40.5588 22.92
      vertex 42.7422 40.5444 23.3
      vertex 42.6903 40.5588 23.3
    endloop
  endfacet
  facet normal -0.267357 -0.963598 -0
    outer loop
      vertex 42.7422 40.5444 23.3
      vertex 42.6903 40.5588 22.92
      vertex 42.7422 40.5444 22.92
    endloop
  endfacet
  facet normal -0.395093 -0.918641 0
    outer loop
      vertex 42.7422 40.5444 22.92
      vertex 42.7894 40.5241 23.3
      vertex 42.7422 40.5444 23.3
    endloop
  endfacet
  facet normal -0.395093 -0.918641 -0
    outer loop
      vertex 42.7894 40.5241 23.3
      vertex 42.7422 40.5444 22.92
      vertex 42.7894 40.5241 22.92
    endloop
  endfacet
  facet normal -0.521531 -0.853232 0
    outer loop
      vertex 42.7894 40.5241 22.92
      vertex 42.8321 40.498 23.3
      vertex 42.7894 40.5241 23.3
    endloop
  endfacet
  facet normal -0.521531 -0.853232 -0
    outer loop
      vertex 42.8321 40.498 23.3
      vertex 42.7894 40.5241 22.92
      vertex 42.8321 40.498 22.92
    endloop
  endfacet
  facet normal -0.640975 -0.767562 0
    outer loop
      vertex 42.8321 40.498 22.92
      vertex 42.8703 40.4661 23.3
      vertex 42.8321 40.498 23.3
    endloop
  endfacet
  facet normal -0.640975 -0.767562 -0
    outer loop
      vertex 42.8703 40.4661 23.3
      vertex 42.8321 40.498 22.92
      vertex 42.8703 40.4661 22.92
    endloop
  endfacet
  facet normal -0.746535 -0.665347 0
    outer loop
      vertex 42.9039 40.4284 22.92
      vertex 42.8703 40.4661 23.3
      vertex 42.8703 40.4661 22.92
    endloop
  endfacet
  facet normal -0.746535 -0.665347 0
    outer loop
      vertex 42.8703 40.4661 23.3
      vertex 42.9039 40.4284 22.92
      vertex 42.9039 40.4284 23.3
    endloop
  endfacet
  facet normal -0.831167 -0.556022 0
    outer loop
      vertex 42.933 40.3849 22.92
      vertex 42.9039 40.4284 23.3
      vertex 42.9039 40.4284 22.92
    endloop
  endfacet
  facet normal -0.831167 -0.556022 0
    outer loop
      vertex 42.9039 40.4284 23.3
      vertex 42.933 40.3849 22.92
      vertex 42.933 40.3849 23.3
    endloop
  endfacet
  facet normal -0.89479 -0.446487 0
    outer loop
      vertex 42.9576 40.3356 22.92
      vertex 42.933 40.3849 23.3
      vertex 42.933 40.3849 22.92
    endloop
  endfacet
  facet normal -0.89479 -0.446487 0
    outer loop
      vertex 42.933 40.3849 23.3
      vertex 42.9576 40.3356 22.92
      vertex 42.9576 40.3356 23.3
    endloop
  endfacet
  facet normal -0.939444 -0.342701 0
    outer loop
      vertex 42.9777 40.2805 22.92
      vertex 42.9576 40.3356 23.3
      vertex 42.9576 40.3356 22.92
    endloop
  endfacet
  facet normal -0.939444 -0.342701 0
    outer loop
      vertex 42.9576 40.3356 23.3
      vertex 42.9777 40.2805 22.92
      vertex 42.9777 40.2805 23.3
    endloop
  endfacet
  facet normal -0.968339 -0.249638 0
    outer loop
      vertex 42.9934 40.2196 22.92
      vertex 42.9777 40.2805 23.3
      vertex 42.9777 40.2805 22.92
    endloop
  endfacet
  facet normal -0.968339 -0.249638 0
    outer loop
      vertex 42.9777 40.2805 23.3
      vertex 42.9934 40.2196 22.92
      vertex 42.9934 40.2196 23.3
    endloop
  endfacet
  facet normal -0.986434 -0.164159 0
    outer loop
      vertex 43.0045 40.1529 22.92
      vertex 42.9934 40.2196 23.3
      vertex 42.9934 40.2196 22.92
    endloop
  endfacet
  facet normal -0.986434 -0.164159 0
    outer loop
      vertex 42.9934 40.2196 23.3
      vertex 43.0045 40.1529 22.92
      vertex 43.0045 40.1529 23.3
    endloop
  endfacet
  facet normal -0.99563 -0.0933832 0
    outer loop
      vertex 43.0113 40.0804 22.92
      vertex 43.0045 40.1529 23.3
      vertex 43.0045 40.1529 22.92
    endloop
  endfacet
  facet normal -0.99563 -0.0933832 0
    outer loop
      vertex 43.0045 40.1529 23.3
      vertex 43.0113 40.0804 22.92
      vertex 43.0113 40.0804 23.3
    endloop
  endfacet
  facet normal -0.999606 -0.028086 0
    outer loop
      vertex 43.0135 40.0021 22.92
      vertex 43.0113 40.0804 23.3
      vertex 43.0113 40.0804 22.92
    endloop
  endfacet
  facet normal -0.999606 -0.028086 0
    outer loop
      vertex 43.0113 40.0804 23.3
      vertex 43.0135 40.0021 22.92
      vertex 43.0135 40.0021 23.3
    endloop
  endfacet
  facet normal -0.999606 0.028086 0
    outer loop
      vertex 43.0113 39.9238 22.92
      vertex 43.0135 40.0021 23.3
      vertex 43.0135 40.0021 22.92
    endloop
  endfacet
  facet normal -0.999606 0.028086 0
    outer loop
      vertex 43.0135 40.0021 23.3
      vertex 43.0113 39.9238 22.92
      vertex 43.0113 39.9238 23.3
    endloop
  endfacet
  facet normal -0.99563 0.0933832 0
    outer loop
      vertex 43.0045 39.8513 22.92
      vertex 43.0113 39.9238 23.3
      vertex 43.0113 39.9238 22.92
    endloop
  endfacet
  facet normal -0.99563 0.0933832 0
    outer loop
      vertex 43.0113 39.9238 23.3
      vertex 43.0045 39.8513 22.92
      vertex 43.0045 39.8513 23.3
    endloop
  endfacet
  facet normal -0.986394 0.164399 0
    outer loop
      vertex 42.9934 39.7847 22.92
      vertex 43.0045 39.8513 23.3
      vertex 43.0045 39.8513 22.92
    endloop
  endfacet
  facet normal -0.986394 0.164399 0
    outer loop
      vertex 43.0045 39.8513 23.3
      vertex 42.9934 39.7847 22.92
      vertex 42.9934 39.7847 23.3
    endloop
  endfacet
  facet normal -0.968339 0.249638 0
    outer loop
      vertex 42.9777 39.7238 22.92
      vertex 42.9934 39.7847 23.3
      vertex 42.9934 39.7847 22.92
    endloop
  endfacet
  facet normal -0.968339 0.249638 0
    outer loop
      vertex 42.9934 39.7847 23.3
      vertex 42.9777 39.7238 22.92
      vertex 42.9777 39.7238 23.3
    endloop
  endfacet
  facet normal -0.939444 0.342701 0
    outer loop
      vertex 42.9576 39.6687 22.92
      vertex 42.9777 39.7238 23.3
      vertex 42.9777 39.7238 22.92
    endloop
  endfacet
  facet normal -0.939444 0.342701 0
    outer loop
      vertex 42.9777 39.7238 23.3
      vertex 42.9576 39.6687 22.92
      vertex 42.9576 39.6687 23.3
    endloop
  endfacet
  facet normal -0.89479 0.446487 0
    outer loop
      vertex 42.933 39.6194 22.92
      vertex 42.9576 39.6687 23.3
      vertex 42.9576 39.6687 22.92
    endloop
  endfacet
  facet normal -0.89479 0.446487 0
    outer loop
      vertex 42.9576 39.6687 23.3
      vertex 42.933 39.6194 22.92
      vertex 42.933 39.6194 23.3
    endloop
  endfacet
  facet normal -0.831167 0.556022 0
    outer loop
      vertex 42.9039 39.5759 22.92
      vertex 42.933 39.6194 23.3
      vertex 42.933 39.6194 22.92
    endloop
  endfacet
  facet normal -0.831167 0.556022 0
    outer loop
      vertex 42.933 39.6194 23.3
      vertex 42.9039 39.5759 22.92
      vertex 42.9039 39.5759 23.3
    endloop
  endfacet
  facet normal -0.746535 0.665347 0
    outer loop
      vertex 42.8703 39.5382 22.92
      vertex 42.9039 39.5759 23.3
      vertex 42.9039 39.5759 22.92
    endloop
  endfacet
  facet normal -0.746535 0.665347 0
    outer loop
      vertex 42.9039 39.5759 23.3
      vertex 42.8703 39.5382 22.92
      vertex 42.8703 39.5382 23.3
    endloop
  endfacet
  facet normal -0.640975 0.767562 0
    outer loop
      vertex 42.8703 39.5382 22.92
      vertex 42.8321 39.5063 23.3
      vertex 42.8703 39.5382 23.3
    endloop
  endfacet
  facet normal -0.640975 0.767562 0
    outer loop
      vertex 42.8321 39.5063 23.3
      vertex 42.8703 39.5382 22.92
      vertex 42.8321 39.5063 22.92
    endloop
  endfacet
  facet normal -0.521531 0.853232 0
    outer loop
      vertex 42.8321 39.5063 22.92
      vertex 42.7894 39.4802 23.3
      vertex 42.8321 39.5063 23.3
    endloop
  endfacet
  facet normal -0.521531 0.853232 0
    outer loop
      vertex 42.7894 39.4802 23.3
      vertex 42.8321 39.5063 22.92
      vertex 42.7894 39.4802 22.92
    endloop
  endfacet
  facet normal -0.395093 0.918641 0
    outer loop
      vertex 42.7894 39.4802 22.92
      vertex 42.7422 39.4599 23.3
      vertex 42.7894 39.4802 23.3
    endloop
  endfacet
  facet normal -0.395093 0.918641 0
    outer loop
      vertex 42.7422 39.4599 23.3
      vertex 42.7894 39.4802 22.92
      vertex 42.7422 39.4599 22.92
    endloop
  endfacet
  facet normal -0.269079 0.963118 0
    outer loop
      vertex 42.7422 39.4599 22.92
      vertex 42.6903 39.4454 23.3
      vertex 42.7422 39.4599 23.3
    endloop
  endfacet
  facet normal -0.269079 0.963118 0
    outer loop
      vertex 42.6903 39.4454 23.3
      vertex 42.7422 39.4599 22.92
      vertex 42.6903 39.4454 22.92
    endloop
  endfacet
  facet normal -0.152452 0.988311 0
    outer loop
      vertex 42.6903 39.4454 22.92
      vertex 42.6339 39.4367 23.3
      vertex 42.6903 39.4454 23.3
    endloop
  endfacet
  facet normal -0.152452 0.988311 0
    outer loop
      vertex 42.6339 39.4367 23.3
      vertex 42.6903 39.4454 22.92
      vertex 42.6339 39.4367 22.92
    endloop
  endfacet
  facet normal -0.0475651 0.998868 0
    outer loop
      vertex 42.6339 39.4367 22.92
      vertex 42.573 39.4338 23.3
      vertex 42.6339 39.4367 23.3
    endloop
  endfacet
  facet normal -0.0475651 0.998868 0
    outer loop
      vertex 42.573 39.4338 23.3
      vertex 42.6339 39.4367 22.92
      vertex 42.573 39.4338 22.92
    endloop
  endfacet
  facet normal 0.047958 0.998849 -0
    outer loop
      vertex 42.573 39.4338 22.92
      vertex 42.5126 39.4367 23.3
      vertex 42.573 39.4338 23.3
    endloop
  endfacet
  facet normal 0.047958 0.998849 0
    outer loop
      vertex 42.5126 39.4367 23.3
      vertex 42.573 39.4338 22.92
      vertex 42.5126 39.4367 22.92
    endloop
  endfacet
  facet normal -0 0 -1
    outer loop
      vertex 62.7535 41.737 22.92
      vertex 61.8726 41.5935 22.92
      vertex 62.7535 42.2079 22.92
    endloop
  endfacet
  facet normal 0 0 -1
    outer loop
      vertex 61.4906 38.968 22.92
      vertex 61.8726 41.5935 22.92
      vertex 62.7535 41.737 22.92
    endloop
  endfacet
  facet normal 0 0 -1
    outer loop
      vertex 61.8726 41.5935 22.92
      vertex 61.4906 38.968 22.92
      vertex 60.6769 38.968 22.92
    endloop
  endfacet
  facet normal 0 0 -1
    outer loop
      vertex 60.3123 42.2079 22.92
      vertex 61.8726 41.5935 22.92
      vertex 60.3123 41.5935 22.92
    endloop
  endfacet
  facet normal 0 0 -1
    outer loop
      vertex 61.8726 41.5935 22.92
      vertex 60.3123 42.2079 22.92
      vertex 62.7535 42.2079 22.92
    endloop
  endfacet
  facet normal 0 0 1
    outer loop
      vertex 62.7535 42.2079 23.3
      vertex 61.8726 41.5935 23.3
      vertex 62.7535 41.737 23.3
    endloop
  endfacet
  facet normal -0 0 1
    outer loop
      vertex 60.3123 42.2079 23.3
      vertex 61.8726 41.5935 23.3
      vertex 62.7535 42.2079 23.3
    endloop
  endfacet
  facet normal 0 0 1
    outer loop
      vertex 61.8726 41.5935 23.3
      vertex 60.3123 42.2079 23.3
      vertex 60.3123 41.5935 23.3
    endloop
  endfacet
  facet normal -0 0 1
    outer loop
      vertex 61.8726 41.5935 23.3
      vertex 61.4906 38.968 23.3
      vertex 62.7535 41.737 23.3
    endloop
  endfacet
  facet normal 0 -0 1
    outer loop
      vertex 61.4906 38.968 23.3
      vertex 61.8726 41.5935 23.3
      vertex 60.6769 38.968 23.3
    endloop
  endfacet
  facet normal 1 -0 0
    outer loop
      vertex 62.7535 41.737 23.3
      vertex 62.7535 42.2079 22.92
      vertex 62.7535 42.2079 23.3
    endloop
  endfacet
  facet normal 1 0 0
    outer loop
      vertex 62.7535 42.2079 22.92
      vertex 62.7535 41.737 23.3
      vertex 62.7535 41.737 22.92
    endloop
  endfacet
  facet normal 0 1 -0
    outer loop
      vertex 62.7535 42.2079 22.92
      vertex 60.3123 42.2079 23.3
      vertex 62.7535 42.2079 23.3
    endloop
  endfacet
  facet normal 0 1 0
    outer loop
      vertex 60.3123 42.2079 23.3
      vertex 62.7535 42.2079 22.92
      vertex 60.3123 42.2079 22.92
    endloop
  endfacet
  facet normal -1 0 0
    outer loop
      vertex 60.3123 41.5935 22.92
      vertex 60.3123 42.2079 23.3
      vertex 60.3123 42.2079 22.92
    endloop
  endfacet
  facet normal -1 -0 0
    outer loop
      vertex 60.3123 42.2079 23.3
      vertex 60.3123 41.5935 22.92
      vertex 60.3123 41.5935 23.3
    endloop
  endfacet
  facet normal 0 -1 0
    outer loop
      vertex 60.3123 41.5935 22.92
      vertex 61.8726 41.5935 23.3
      vertex 60.3123 41.5935 23.3
    endloop
  endfacet
  facet normal 0 -1 -0
    outer loop
      vertex 61.8726 41.5935 23.3
      vertex 60.3123 41.5935 22.92
      vertex 61.8726 41.5935 22.92
    endloop
  endfacet
  facet normal -0.910067 0.414461 0
    outer loop
      vertex 60.6769 38.968 22.92
      vertex 61.8726 41.5935 23.3
      vertex 61.8726 41.5935 22.92
    endloop
  endfacet
  facet normal -0.910067 0.414461 0
    outer loop
      vertex 61.8726 41.5935 23.3
      vertex 60.6769 38.968 22.92
      vertex 60.6769 38.968 23.3
    endloop
  endfacet
  facet normal 0 -1 0
    outer loop
      vertex 60.6769 38.968 22.92
      vertex 61.4906 38.968 23.3
      vertex 60.6769 38.968 23.3
    endloop
  endfacet
  facet normal 0 -1 -0
    outer loop
      vertex 61.4906 38.968 23.3
      vertex 60.6769 38.968 22.92
      vertex 61.4906 38.968 22.92
    endloop
  endfacet
  facet normal 0.909838 -0.414964 0
    outer loop
      vertex 61.4906 38.968 23.3
      vertex 62.7535 41.737 22.92
      vertex 62.7535 41.737 23.3
    endloop
  endfacet
  facet normal 0.909838 -0.414964 0
    outer loop
      vertex 62.7535 41.737 22.92
      vertex 61.4906 38.968 23.3
      vertex 61.4906 38.968 22.92
    endloop
  endfacet
  facet normal 0 0 -1
    outer loop
      vertex 79.912 42.1596 22.92
      vertex 80.0025 40.6952 22.92
      vertex 79.9211 40.7226 22.92
    endloop
  endfacet
  facet normal 0 0 -1
    outer loop
      vertex 80.0025 40.6952 22.92
      vertex 79.912 42.1596 22.92
      vertex 80.0287 42.1991 22.92
    endloop
  endfacet
  facet normal 0 0 -1
    outer loop
      vertex 79.8457 40.7538 22.92
      vertex 79.912 42.1596 22.92
      vertex 79.9211 40.7226 22.92
    endloop
  endfacet
  facet normal 0 0 -1
    outer loop
      vertex 79.8457 40.7538 22.92
      vertex 79.8071 42.1114 22.92
      vertex 79.912 42.1596 22.92
    endloop
  endfacet
  facet normal 0 0 -1
    outer loop
      vertex 79.4079 41.4291 22.92
      vertex 79.8457 40.7538 22.92
      vertex 79.7762 40.789 22.92
    endloop
  endfacet
  facet normal 0 0 -1
    outer loop
      vertex 79.8457 40.7538 22.92
      vertex 79.4079 41.4291 22.92
      vertex 79.8071 42.1114 22.92
    endloop
  endfacet
  facet normal 0 0 -1
    outer loop
      vertex 79.4109 41.3521 22.92
      vertex 79.7762 40.789 22.92
      vertex 79.7126 40.8281 22.92
    endloop
  endfacet
  facet normal 0 0 -1
    outer loop
      vertex 79.4109 41.3521 22.92
      vertex 79.7126 40.8281 22.92
      vertex 79.655 40.8711 22.92
    endloop
  endfacet
  facet normal 0 -0 -1
    outer loop
      vertex 79.4141 41.5423 22.92
      vertex 79.8071 42.1114 22.92
      vertex 79.4079 41.4291 22.92
    endloop
  endfacet
  facet normal 0 0 -1
    outer loop
      vertex 79.4109 41.3521 22.92
      vertex 79.655 40.8711 22.92
      vertex 79.6033 40.918 22.92
    endloop
  endfacet
  facet normal 0 0 -1
    outer loop
      vertex 79.8071 42.1114 22.92
      vertex 79.4141 41.5423 22.92
      vertex 79.7138 42.0543 22.92
    endloop
  endfacet
  facet normal 0 0 -1
    outer loop
      vertex 79.4109 41.3521 22.92
      vertex 79.6033 40.918 22.92
      vertex 79.5576 40.9687 22.92
    endloop
  endfacet
  facet normal 0 0 -1
    outer loop
      vertex 79.4109 41.3521 22.92
      vertex 79.5576 40.9687 22.92
      vertex 79.5179 41.0233 22.92
    endloop
  endfacet
  facet normal 0 0 -1
    outer loop
      vertex 79.7138 42.0543 22.92
      vertex 79.4141 41.5423 22.92
      vertex 79.6326 41.9889 22.92
    endloop
  endfacet
  facet normal 0 0 -1
    outer loop
      vertex 79.4109 41.3521 22.92
      vertex 79.5179 41.0233 22.92
      vertex 79.4843 41.0817 22.92
    endloop
  endfacet
  facet normal 0 0 -1
    outer loop
      vertex 79.6326 41.9889 22.92
      vertex 79.4328 41.6476 22.92
      vertex 79.564 41.9156 22.92
    endloop
  endfacet
  facet normal 0 0 -1
    outer loop
      vertex 79.4109 41.3521 22.92
      vertex 79.4843 41.0817 22.92
      vertex 79.4568 41.1437 22.92
    endloop
  endfacet
  facet normal 0 0 -1
    outer loop
      vertex 79.4109 41.3521 22.92
      vertex 79.4568 41.1437 22.92
      vertex 79.4354 41.2095 22.92
    endloop
  endfacet
  facet normal 0 0 -1
    outer loop
      vertex 79.564 41.9156 22.92
      vertex 79.4328 41.6476 22.92
      vertex 79.5078 41.8342 22.92
    endloop
  endfacet
  facet normal 0 0 -1
    outer loop
      vertex 79.4109 41.3521 22.92
      vertex 79.4354 41.2095 22.92
      vertex 79.4201 41.2789 22.92
    endloop
  endfacet
  facet normal 0 0 -1
    outer loop
      vertex 79.5078 41.8342 22.92
      vertex 79.4328 41.6476 22.92
      vertex 79.4641 41.7449 22.92
    endloop
  endfacet
  facet normal 0 0 -1
    outer loop
      vertex 79.7762 40.789 22.92
      vertex 79.4109 41.3521 22.92
      vertex 79.4079 41.4291 22.92
    endloop
  endfacet
  facet normal 0 -0 -1
    outer loop
      vertex 79.4328 41.6476 22.92
      vertex 79.6326 41.9889 22.92
      vertex 79.4141 41.5423 22.92
    endloop
  endfacet
  facet normal 0 0 -1
    outer loop
      vertex 81.2155 40.6952 22.92
      vertex 81.018 41.2912 22.92
      vertex 81.0202 41.3447 22.92
    endloop
  endfacet
  facet normal 0 0 -1
    outer loop
      vertex 81.2155 40.6952 22.92
      vertex 81.0115 41.2413 22.92
      vertex 81.018 41.2912 22.92
    endloop
  endfacet
  facet normal 0 0 -1
    outer loop
      vertex 80.9681 40.2928 22.92
      vertex 81.2155 40.6952 22.92
      vertex 81.0009 40.2541 22.92
    endloop
  endfacet
  facet normal 0 0 -1
    outer loop
      vertex 81.2155 40.6952 22.92
      vertex 81.0006 41.1951 22.92
      vertex 81.0115 41.2413 22.92
    endloop
  endfacet
  facet normal 0 0 -1
    outer loop
      vertex 81.2155 40.6952 22.92
      vertex 80.9855 41.1525 22.92
      vertex 81.0006 41.1951 22.92
    endloop
  endfacet
  facet normal 0 0 -1
    outer loop
      vertex 80.9305 40.3265 22.92
      vertex 81.2155 40.6952 22.92
      vertex 80.9681 40.2928 22.92
    endloop
  endfacet
  facet normal 0 0 -1
    outer loop
      vertex 81.2155 40.6952 22.92
      vertex 80.9659 41.1136 22.92
      vertex 80.9855 41.1525 22.92
    endloop
  endfacet
  facet normal 0 0 -1
    outer loop
      vertex 81.2155 40.6952 22.92
      vertex 80.942 41.0783 22.92
      vertex 80.9659 41.1136 22.92
    endloop
  endfacet
  facet normal 0 0 -1
    outer loop
      vertex 80.8885 40.3551 22.92
      vertex 81.2155 40.6952 22.92
      vertex 80.9305 40.3265 22.92
    endloop
  endfacet
  facet normal 0 0 -1
    outer loop
      vertex 81.2155 40.6952 22.92
      vertex 80.9138 41.0466 22.92
      vertex 80.942 41.0783 22.92
    endloop
  endfacet
  facet normal 0 0 -1
    outer loop
      vertex 80.8421 40.3785 22.92
      vertex 81.2155 40.6952 22.92
      vertex 80.8885 40.3551 22.92
    endloop
  endfacet
  facet normal 0 0 -1
    outer loop
      vertex 81.2155 40.6952 22.92
      vertex 80.8816 41.0189 22.92
      vertex 80.9138 41.0466 22.92
    endloop
  endfacet
  facet normal 0 0 -1
    outer loop
      vertex 81.2155 40.6952 22.92
      vertex 80.8458 40.9955 22.92
      vertex 80.8816 41.0189 22.92
    endloop
  endfacet
  facet normal 0 0 -1
    outer loop
      vertex 80.7913 40.3966 22.92
      vertex 81.2155 40.6952 22.92
      vertex 80.8421 40.3785 22.92
    endloop
  endfacet
  facet normal 0 0 -1
    outer loop
      vertex 81.2155 40.6952 22.92
      vertex 80.8064 40.9763 22.92
      vertex 80.8458 40.9955 22.92
    endloop
  endfacet
  facet normal -0 0 -1
    outer loop
      vertex 81.2155 40.6952 22.92
      vertex 80.7913 40.3966 22.92
      vertex 80.8064 40.9763 22.92
    endloop
  endfacet
  facet normal 0 0 -1
    outer loop
      vertex 80.7913 40.3966 22.92
      vertex 80.7633 40.9614 22.92
      vertex 80.8064 40.9763 22.92
    endloop
  endfacet
  facet normal 0 0 -1
    outer loop
      vertex 80.736 40.4096 22.92
      vertex 80.7633 40.9614 22.92
      vertex 80.7913 40.3966 22.92
    endloop
  endfacet
  facet normal 0 0 -1
    outer loop
      vertex 80.736 40.4096 22.92
      vertex 80.7165 40.9507 22.92
      vertex 80.7633 40.9614 22.92
    endloop
  endfacet
  facet normal 0 0 -1
    outer loop
      vertex 80.6763 40.4174 22.92
      vertex 80.7165 40.9507 22.92
      vertex 80.736 40.4096 22.92
    endloop
  endfacet
  facet normal 0 0 -1
    outer loop
      vertex 80.6763 40.4174 22.92
      vertex 80.6662 40.9443 22.92
      vertex 80.7165 40.9507 22.92
    endloop
  endfacet
  facet normal 0 0 -1
    outer loop
      vertex 80.6122 40.42 22.92
      vertex 80.6662 40.9443 22.92
      vertex 80.6763 40.4174 22.92
    endloop
  endfacet
  facet normal 0 0 -1
    outer loop
      vertex 80.6122 40.42 22.92
      vertex 80.6122 40.9422 22.92
      vertex 80.6662 40.9443 22.92
    endloop
  endfacet
  facet normal 0 0 -1
    outer loop
      vertex 80.6122 40.42 22.92
      vertex 80.5571 40.9443 22.92
      vertex 80.6122 40.9422 22.92
    endloop
  endfacet
  facet normal 0 0 -1
    outer loop
      vertex 80.5475 40.4174 22.92
      vertex 80.5571 40.9443 22.92
      vertex 80.6122 40.42 22.92
    endloop
  endfacet
  facet normal 0 0 -1
    outer loop
      vertex 80.5475 40.4174 22.92
      vertex 80.5057 40.9507 22.92
      vertex 80.5571 40.9443 22.92
    endloop
  endfacet
  facet normal 0 0 -1
    outer loop
      vertex 80.4872 40.4095 22.92
      vertex 80.5057 40.9507 22.92
      vertex 80.5475 40.4174 22.92
    endloop
  endfacet
  facet normal 0 0 -1
    outer loop
      vertex 80.4872 40.4095 22.92
      vertex 80.458 40.9614 22.92
      vertex 80.5057 40.9507 22.92
    endloop
  endfacet
  facet normal 0 0 -1
    outer loop
      vertex 80.4313 40.3964 22.92
      vertex 80.458 40.9614 22.92
      vertex 80.4872 40.4095 22.92
    endloop
  endfacet
  facet normal 0 0 -1
    outer loop
      vertex 80.4313 40.3964 22.92
      vertex 80.4142 40.9763 22.92
      vertex 80.458 40.9614 22.92
    endloop
  endfacet
  facet normal 0 0 -1
    outer loop
      vertex 80.3798 40.3781 22.92
      vertex 80.4142 40.9763 22.92
      vertex 80.4313 40.3964 22.92
    endloop
  endfacet
  facet normal 0 0 -1
    outer loop
      vertex 80.3798 40.3781 22.92
      vertex 80.3741 40.9955 22.92
      vertex 80.4142 40.9763 22.92
    endloop
  endfacet
  facet normal 0 0 -1
    outer loop
      vertex 80.3328 40.3545 22.92
      vertex 80.3741 40.9955 22.92
      vertex 80.3798 40.3781 22.92
    endloop
  endfacet
  facet normal -0 0 -1
    outer loop
      vertex 80.3741 40.9955 22.92
      vertex 80.3328 40.3545 22.92
      vertex 80.3377 41.0189 22.92
    endloop
  endfacet
  facet normal 0 0 -1
    outer loop
      vertex 80.2902 40.3257 22.92
      vertex 80.3377 41.0189 22.92
      vertex 80.3328 40.3545 22.92
    endloop
  endfacet
  facet normal -0 0 -1
    outer loop
      vertex 80.3377 41.0189 22.92
      vertex 80.2902 40.3257 22.92
      vertex 80.3051 41.0466 22.92
    endloop
  endfacet
  facet normal 0 0 -1
    outer loop
      vertex 80.252 40.2917 22.92
      vertex 80.3051 41.0466 22.92
      vertex 80.2902 40.3257 22.92
    endloop
  endfacet
  facet normal -0 0 -1
    outer loop
      vertex 80.3051 41.0466 22.92
      vertex 80.252 40.2917 22.92
      vertex 80.2767 41.0783 22.92
    endloop
  endfacet
  facet normal 0 0 -1
    outer loop
      vertex 80.2186 40.2528 22.92
      vertex 80.2767 41.0783 22.92
      vertex 80.252 40.2917 22.92
    endloop
  endfacet
  facet normal -0 0 -1
    outer loop
      vertex 80.2767 41.0783 22.92
      vertex 80.2186 40.2528 22.92
      vertex 80.2525 41.1136 22.92
    endloop
  endfacet
  facet normal 0 0 -1
    outer loop
      vertex 80.1904 40.2094 22.92
      vertex 80.2525 41.1136 22.92
      vertex 80.2186 40.2528 22.92
    endloop
  endfacet
  facet normal -0 0 -1
    outer loop
      vertex 80.2525 41.1136 22.92
      vertex 80.1904 40.2094 22.92
      vertex 80.2328 41.1525 22.92
    endloop
  endfacet
  facet normal -0 0 -1
    outer loop
      vertex 80.2328 41.1525 22.92
      vertex 80.1904 40.2094 22.92
      vertex 80.2175 41.1951 22.92
    endloop
  endfacet
  facet normal 0 0 -1
    outer loop
      vertex 80.1672 40.1614 22.92
      vertex 80.2175 41.1951 22.92
      vertex 80.1904 40.2094 22.92
    endloop
  endfacet
  facet normal -0 0 -1
    outer loop
      vertex 80.2175 41.1951 22.92
      vertex 80.1672 40.1614 22.92
      vertex 80.2065 41.2413 22.92
    endloop
  endfacet
  facet normal 0 0 -1
    outer loop
      vertex 80.1493 40.1089 22.92
      vertex 80.2065 41.2413 22.92
      vertex 80.1672 40.1614 22.92
    endloop
  endfacet
  facet normal -0 0 -1
    outer loop
      vertex 81.8817 39.8812 22.92
      vertex 81.0893 39.8583 22.92
      vertex 81.0918 39.9243 22.92
    endloop
  endfacet
  facet normal 0 0 -1
    outer loop
      vertex 81.2304 38.987 22.92
      vertex 81.0817 39.7968 22.92
      vertex 81.0893 39.8583 22.92
    endloop
  endfacet
  facet normal 0 0 -1
    outer loop
      vertex 81.2304 38.987 22.92
      vertex 81.0691 39.7399 22.92
      vertex 81.0817 39.7968 22.92
    endloop
  endfacet
  facet normal 0 0 -1
    outer loop
      vertex 81.2304 38.987 22.92
      vertex 81.0514 39.6876 22.92
      vertex 81.0691 39.7399 22.92
    endloop
  endfacet
  facet normal 0 0 -1
    outer loop
      vertex 81.2304 38.987 22.92
      vertex 81.0287 39.6398 22.92
      vertex 81.0514 39.6876 22.92
    endloop
  endfacet
  facet normal 0 0 -1
    outer loop
      vertex 81.2304 38.987 22.92
      vertex 81.0009 39.5966 22.92
      vertex 81.0287 39.6398 22.92
    endloop
  endfacet
  facet normal 0 0 -1
    outer loop
      vertex 81.2304 38.987 22.92
      vertex 80.9681 39.558 22.92
      vertex 81.0009 39.5966 22.92
    endloop
  endfacet
  facet normal 0 0 -1
    outer loop
      vertex 80.8421 39.4723 22.92
      vertex 81.0948 38.9518 22.92
      vertex 80.9466 38.9266 22.92
    endloop
  endfacet
  facet normal 0 0 -1
    outer loop
      vertex 81.2304 38.987 22.92
      vertex 80.9305 39.5242 22.92
      vertex 80.9681 39.558 22.92
    endloop
  endfacet
  facet normal 0 0 -1
    outer loop
      vertex 81.0948 38.9518 22.92
      vertex 80.8885 39.4957 22.92
      vertex 80.9305 39.5242 22.92
    endloop
  endfacet
  facet normal 0 0 -1
    outer loop
      vertex 81.0948 38.9518 22.92
      vertex 80.8421 39.4723 22.92
      vertex 80.8885 39.4957 22.92
    endloop
  endfacet
  facet normal 0 0 -1
    outer loop
      vertex 80.9466 38.9266 22.92
      vertex 80.7913 39.4542 22.92
      vertex 80.8421 39.4723 22.92
    endloop
  endfacet
  facet normal 0 0 -1
    outer loop
      vertex 80.7857 38.9115 22.92
      vertex 80.7913 39.4542 22.92
      vertex 80.9466 38.9266 22.92
    endloop
  endfacet
  facet normal 0 0 -1
    outer loop
      vertex 80.7857 38.9115 22.92
      vertex 80.736 39.4412 22.92
      vertex 80.7913 39.4542 22.92
    endloop
  endfacet
  facet normal 0 0 -1
    outer loop
      vertex 80.7857 38.9115 22.92
      vertex 80.6763 39.4334 22.92
      vertex 80.736 39.4412 22.92
    endloop
  endfacet
  facet normal 0 0 -1
    outer loop
      vertex 80.6122 38.9065 22.92
      vertex 80.6763 39.4334 22.92
      vertex 80.7857 38.9115 22.92
    endloop
  endfacet
  facet normal 0 0 -1
    outer loop
      vertex 80.6122 38.9065 22.92
      vertex 80.6122 39.4308 22.92
      vertex 80.6763 39.4334 22.92
    endloop
  endfacet
  facet normal 0 0 -1
    outer loop
      vertex 80.6122 38.9065 22.92
      vertex 80.5475 39.4334 22.92
      vertex 80.6122 39.4308 22.92
    endloop
  endfacet
  facet normal 0 0 -1
    outer loop
      vertex 80.4381 38.9115 22.92
      vertex 80.5475 39.4334 22.92
      vertex 80.6122 38.9065 22.92
    endloop
  endfacet
  facet normal -0 0 -1
    outer loop
      vertex 80.5475 39.4334 22.92
      vertex 80.4381 38.9115 22.92
      vertex 80.4872 39.4412 22.92
    endloop
  endfacet
  facet normal 0 0 -1
    outer loop
      vertex 80.4381 38.9115 22.92
      vertex 80.4313 39.4542 22.92
      vertex 80.4872 39.4412 22.92
    endloop
  endfacet
  facet normal 0 0 -1
    outer loop
      vertex 80.2766 38.9266 22.92
      vertex 80.4313 39.4542 22.92
      vertex 80.4381 38.9115 22.92
    endloop
  endfacet
  facet normal -0 0 -1
    outer loop
      vertex 80.4313 39.4542 22.92
      vertex 80.2766 38.9266 22.92
      vertex 80.3798 39.4723 22.92
    endloop
  endfacet
  facet normal 0 0 -1
    outer loop
      vertex 80.1278 38.9518 22.92
      vertex 80.3798 39.4723 22.92
      vertex 80.2766 38.9266 22.92
    endloop
  endfacet
  facet normal -0 0 -1
    outer loop
      vertex 80.3798 39.4723 22.92
      vertex 80.1278 38.9518 22.92
      vertex 80.3328 39.4957 22.92
    endloop
  endfacet
  facet normal -0 0 -1
    outer loop
      vertex 80.3328 39.4957 22.92
      vertex 80.1278 38.9518 22.92
      vertex 80.2902 39.5242 22.92
    endloop
  endfacet
  facet normal 0 0 -1
    outer loop
      vertex 79.9915 38.987 22.92
      vertex 80.2902 39.5242 22.92
      vertex 80.1278 38.9518 22.92
    endloop
  endfacet
  facet normal -0 0 -1
    outer loop
      vertex 80.2902 39.5242 22.92
      vertex 79.9915 38.987 22.92
      vertex 80.252 39.558 22.92
    endloop
  endfacet
  facet normal 0 0 -1
    outer loop
      vertex 79.8679 39.0322 22.92
      vertex 80.252 39.558 22.92
      vertex 79.9915 38.987 22.92
    endloop
  endfacet
  facet normal -0 0 -1
    outer loop
      vertex 80.252 39.558 22.92
      vertex 79.8679 39.0322 22.92
      vertex 80.2186 39.5966 22.92
    endloop
  endfacet
  facet normal 0 0 -1
    outer loop
      vertex 79.7569 39.0875 22.92
      vertex 80.2186 39.5966 22.92
      vertex 79.8679 39.0322 22.92
    endloop
  endfacet
  facet normal 0 0 -1
    outer loop
      vertex 79.6585 39.1529 22.92
      vertex 80.2186 39.5966 22.92
      vertex 79.7569 39.0875 22.92
    endloop
  endfacet
  facet normal -0 0 -1
    outer loop
      vertex 80.2186 39.5966 22.92
      vertex 79.6585 39.1529 22.92
      vertex 80.1904 39.6398 22.92
    endloop
  endfacet
  facet normal 0 0 -1
    outer loop
      vertex 79.573 39.2281 22.92
      vertex 80.1904 39.6398 22.92
      vertex 79.6585 39.1529 22.92
    endloop
  endfacet
  facet normal -0 0 -1
    outer loop
      vertex 80.1904 39.6398 22.92
      vertex 79.573 39.2281 22.92
      vertex 80.1672 39.6876 22.92
    endloop
  endfacet
  facet normal 0 0 -1
    outer loop
      vertex 80.1261 39.9243 22.92
      vertex 80.0025 40.6952 22.92
      vertex 80.0287 42.1991 22.92
    endloop
  endfacet
  facet normal 0 0 -1
    outer loop
      vertex 79.5007 39.3129 22.92
      vertex 80.1672 39.6876 22.92
      vertex 79.573 39.2281 22.92
    endloop
  endfacet
  facet normal 0 0 -1
    outer loop
      vertex 79.4415 39.4073 22.92
      vertex 80.1672 39.6876 22.92
      vertex 79.5007 39.3129 22.92
    endloop
  endfacet
  facet normal 0 0 -1
    outer loop
      vertex 80.1261 39.9243 22.92
      vertex 79.9115 40.6668 22.92
      vertex 80.0025 40.6952 22.92
    endloop
  endfacet
  facet normal 0 0 -1
    outer loop
      vertex 80.1287 39.8583 22.92
      vertex 79.3363 39.8812 22.92
      vertex 80.1261 39.9243 22.92
    endloop
  endfacet
  facet normal -0 0 -1
    outer loop
      vertex 80.1672 39.6876 22.92
      vertex 79.4415 39.4073 22.92
      vertex 80.1493 39.7399 22.92
    endloop
  endfacet
  facet normal 0 -0 -1
    outer loop
      vertex 79.3397 39.9683 22.92
      vertex 80.1261 39.9243 22.92
      vertex 79.3363 39.8812 22.92
    endloop
  endfacet
  facet normal 0 0 -1
    outer loop
      vertex 80.1261 39.9243 22.92
      vertex 79.8272 40.6338 22.92
      vertex 79.9115 40.6668 22.92
    endloop
  endfacet
  facet normal 0 0 -1
    outer loop
      vertex 79.3955 39.5114 22.92
      vertex 80.1493 39.7399 22.92
      vertex 79.4415 39.4073 22.92
    endloop
  endfacet
  facet normal 0 0 -1
    outer loop
      vertex 80.1261 39.9243 22.92
      vertex 79.7494 40.5961 22.92
      vertex 79.8272 40.6338 22.92
    endloop
  endfacet
  facet normal -0 0 -1
    outer loop
      vertex 80.1493 39.7399 22.92
      vertex 79.3955 39.5114 22.92
      vertex 80.1364 39.7968 22.92
    endloop
  endfacet
  facet normal 0 -0 -1
    outer loop
      vertex 79.35 40.051 22.92
      vertex 80.1261 39.9243 22.92
      vertex 79.3397 39.9683 22.92
    endloop
  endfacet
  facet normal 0 0 -1
    outer loop
      vertex 80.1261 39.9243 22.92
      vertex 79.6783 40.5538 22.92
      vertex 79.7494 40.5961 22.92
    endloop
  endfacet
  facet normal 0 0 -1
    outer loop
      vertex 79.3626 39.625 22.92
      vertex 80.1364 39.7968 22.92
      vertex 79.3955 39.5114 22.92
    endloop
  endfacet
  facet normal 0 -0 -1
    outer loop
      vertex 79.3672 40.1294 22.92
      vertex 80.1261 39.9243 22.92
      vertex 79.35 40.051 22.92
    endloop
  endfacet
  facet normal 0 0 -1
    outer loop
      vertex 79.3429 39.7483 22.92
      vertex 80.1364 39.7968 22.92
      vertex 79.3626 39.625 22.92
    endloop
  endfacet
  facet normal 0 0 -1
    outer loop
      vertex 80.1261 39.9243 22.92
      vertex 79.6138 40.5068 22.92
      vertex 79.6783 40.5538 22.92
    endloop
  endfacet
  facet normal -0 0 -1
    outer loop
      vertex 80.1364 39.7968 22.92
      vertex 79.3429 39.7483 22.92
      vertex 80.1287 39.8583 22.92
    endloop
  endfacet
  facet normal 0 0 -1
    outer loop
      vertex 80.1261 39.9243 22.92
      vertex 79.5558 40.4552 22.92
      vertex 79.6138 40.5068 22.92
    endloop
  endfacet
  facet normal 0 0 -1
    outer loop
      vertex 80.1261 39.9243 22.92
      vertex 79.5044 40.3989 22.92
      vertex 79.5558 40.4552 22.92
    endloop
  endfacet
  facet normal 0 0 -1
    outer loop
      vertex 79.3363 39.8812 22.92
      vertex 80.1287 39.8583 22.92
      vertex 79.3429 39.7483 22.92
    endloop
  endfacet
  facet normal 0 0 -1
    outer loop
      vertex 80.1261 39.9243 22.92
      vertex 79.4598 40.3381 22.92
      vertex 79.5044 40.3989 22.92
    endloop
  endfacet
  facet normal 0 0 -1
    outer loop
      vertex 80.1261 39.9243 22.92
      vertex 79.4221 40.2729 22.92
      vertex 79.4598 40.3381 22.92
    endloop
  endfacet
  facet normal 0 0 -1
    outer loop
      vertex 80.1261 39.9243 22.92
      vertex 79.3672 40.1294 22.92
      vertex 79.3912 40.2033 22.92
    endloop
  endfacet
  facet normal 0 0 -1
    outer loop
      vertex 80.1261 39.9243 22.92
      vertex 79.3912 40.2033 22.92
      vertex 79.4221 40.2729 22.92
    endloop
  endfacet
  facet normal 0 0 -1
    outer loop
      vertex 81.0893 39.8583 22.92
      vertex 81.8817 39.8812 22.92
      vertex 81.8751 39.7483 22.92
    endloop
  endfacet
  facet normal 0 0 -1
    outer loop
      vertex 81.8817 39.8812 22.92
      vertex 81.0918 39.9243 22.92
      vertex 81.8783 39.9683 22.92
    endloop
  endfacet
  facet normal 0 0 -1
    outer loop
      vertex 81.0893 39.8583 22.92
      vertex 81.8751 39.7483 22.92
      vertex 81.8555 39.625 22.92
    endloop
  endfacet
  facet normal -0 0 -1
    outer loop
      vertex 81.8783 39.9683 22.92
      vertex 81.0918 39.9243 22.92
      vertex 81.868 40.051 22.92
    endloop
  endfacet
  facet normal 0 0 -1
    outer loop
      vertex 81.0893 39.9909 22.92
      vertex 81.868 40.051 22.92
      vertex 81.0918 39.9243 22.92
    endloop
  endfacet
  facet normal 0 0 -1
    outer loop
      vertex 81.0893 39.8583 22.92
      vertex 81.8555 39.625 22.92
      vertex 81.8229 39.5114 22.92
    endloop
  endfacet
  facet normal -0 0 -1
    outer loop
      vertex 81.868 40.051 22.92
      vertex 81.0893 39.9909 22.92
      vertex 81.8508 40.1294 22.92
    endloop
  endfacet
  facet normal 0 0 -1
    outer loop
      vertex 81.0893 39.8583 22.92
      vertex 81.8229 39.5114 22.92
      vertex 81.7772 39.4073 22.92
    endloop
  endfacet
  facet normal -0 0 -1
    outer loop
      vertex 81.8508 40.1294 22.92
      vertex 81.0893 39.9909 22.92
      vertex 81.8268 40.2033 22.92
    endloop
  endfacet
  facet normal 0 0 -1
    outer loop
      vertex 81.0893 39.8583 22.92
      vertex 81.7772 39.4073 22.92
      vertex 81.7184 39.3129 22.92
    endloop
  endfacet
  facet normal 0 0 -1
    outer loop
      vertex 81.0817 40.0529 22.92
      vertex 81.8268 40.2033 22.92
      vertex 81.0893 39.9909 22.92
    endloop
  endfacet
  facet normal -0 0 -1
    outer loop
      vertex 81.8268 40.2033 22.92
      vertex 81.0817 40.0529 22.92
      vertex 81.7959 40.2729 22.92
    endloop
  endfacet
  facet normal 0 0 -1
    outer loop
      vertex 81.0893 39.8583 22.92
      vertex 81.7184 39.3129 22.92
      vertex 81.6465 39.2281 22.92
    endloop
  endfacet
  facet normal -0 0 -1
    outer loop
      vertex 81.7959 40.2729 22.92
      vertex 81.0817 40.0529 22.92
      vertex 81.7581 40.3381 22.92
    endloop
  endfacet
  facet normal 0 0 -1
    outer loop
      vertex 81.0893 39.8583 22.92
      vertex 81.6465 39.2281 22.92
      vertex 81.5616 39.1529 22.92
    endloop
  endfacet
  facet normal -0 0 -1
    outer loop
      vertex 81.7581 40.3381 22.92
      vertex 81.0817 40.0529 22.92
      vertex 81.7135 40.3989 22.92
    endloop
  endfacet
  facet normal 0 0 -1
    outer loop
      vertex 81.0691 40.1102 22.92
      vertex 81.7135 40.3989 22.92
      vertex 81.0817 40.0529 22.92
    endloop
  endfacet
  facet normal 0 0 -1
    outer loop
      vertex 81.0893 39.8583 22.92
      vertex 81.5616 39.1529 22.92
      vertex 81.4638 39.0875 22.92
    endloop
  endfacet
  facet normal -0 0 -1
    outer loop
      vertex 81.7135 40.3989 22.92
      vertex 81.0691 40.1102 22.92
      vertex 81.6621 40.4552 22.92
    endloop
  endfacet
  facet normal 0 0 -1
    outer loop
      vertex 81.0893 39.8583 22.92
      vertex 81.4638 39.0875 22.92
      vertex 81.3534 39.0322 22.92
    endloop
  endfacet
  facet normal -0 0 -1
    outer loop
      vertex 81.6621 40.4552 22.92
      vertex 81.0691 40.1102 22.92
      vertex 81.6042 40.5068 22.92
    endloop
  endfacet
  facet normal 0 0 -1
    outer loop
      vertex 81.0893 39.8583 22.92
      vertex 81.3534 39.0322 22.92
      vertex 81.2304 38.987 22.92
    endloop
  endfacet
  facet normal 0 0 -1
    outer loop
      vertex 81.0514 40.1628 22.92
      vertex 81.6042 40.5068 22.92
      vertex 81.0691 40.1102 22.92
    endloop
  endfacet
  facet normal -0 0 -1
    outer loop
      vertex 81.6042 40.5068 22.92
      vertex 81.0514 40.1628 22.92
      vertex 81.5396 40.5538 22.92
    endloop
  endfacet
  facet normal 0 0 -1
    outer loop
      vertex 80.9305 39.5242 22.92
      vertex 81.2304 38.987 22.92
      vertex 81.0948 38.9518 22.92
    endloop
  endfacet
  facet normal -0 0 -1
    outer loop
      vertex 81.5396 40.5538 22.92
      vertex 81.0514 40.1628 22.92
      vertex 81.4685 40.5961 22.92
    endloop
  endfacet
  facet normal 0 0 -1
    outer loop
      vertex 81.0287 40.2108 22.92
      vertex 81.4685 40.5961 22.92
      vertex 81.0514 40.1628 22.92
    endloop
  endfacet
  facet normal -0 0 -1
    outer loop
      vertex 81.4685 40.5961 22.92
      vertex 81.0287 40.2108 22.92
      vertex 81.3908 40.6338 22.92
    endloop
  endfacet
  facet normal 0 0 -1
    outer loop
      vertex 81.0009 40.2541 22.92
      vertex 81.3908 40.6338 22.92
      vertex 81.0287 40.2108 22.92
    endloop
  endfacet
  facet normal 0 0 -1
    outer loop
      vertex 81.018 41.3982 22.92
      vertex 81.2155 40.6952 22.92
      vertex 81.0202 41.3447 22.92
    endloop
  endfacet
  facet normal -0 0 -1
    outer loop
      vertex 81.3908 40.6338 22.92
      vertex 81.0009 40.2541 22.92
      vertex 81.3064 40.6668 22.92
    endloop
  endfacet
  facet normal -0 0 -1
    outer loop
      vertex 81.3064 40.6668 22.92
      vertex 81.0009 40.2541 22.92
      vertex 81.2155 40.6952 22.92
    endloop
  endfacet
  facet normal 0 0 -1
    outer loop
      vertex 81.2155 40.6952 22.92
      vertex 81.018 41.3982 22.92
      vertex 81.1922 42.1995 22.92
    endloop
  endfacet
  facet normal 0 0 -1
    outer loop
      vertex 81.0115 41.448 22.92
      vertex 81.1922 42.1995 22.92
      vertex 81.018 41.3982 22.92
    endloop
  endfacet
  facet normal 0 0 -1
    outer loop
      vertex 81.0006 41.4941 22.92
      vertex 81.1922 42.1995 22.92
      vertex 81.0115 41.448 22.92
    endloop
  endfacet
  facet normal 0 0 -1
    outer loop
      vertex 80.9855 41.5365 22.92
      vertex 81.1922 42.1995 22.92
      vertex 81.0006 41.4941 22.92
    endloop
  endfacet
  facet normal 0 0 -1
    outer loop
      vertex 80.9659 41.5753 22.92
      vertex 81.1922 42.1995 22.92
      vertex 80.9855 41.5365 22.92
    endloop
  endfacet
  facet normal 0 0 -1
    outer loop
      vertex 80.942 41.6103 22.92
      vertex 81.1922 42.1995 22.92
      vertex 80.9659 41.5753 22.92
    endloop
  endfacet
  facet normal 0 0 -1
    outer loop
      vertex 80.9138 41.6417 22.92
      vertex 81.1922 42.1995 22.92
      vertex 80.942 41.6103 22.92
    endloop
  endfacet
  facet normal 0 0 -1
    outer loop
      vertex 80.8816 41.6691 22.92
      vertex 81.1922 42.1995 22.92
      vertex 80.9138 41.6417 22.92
    endloop
  endfacet
  facet normal -0 0 -1
    outer loop
      vertex 81.1922 42.1995 22.92
      vertex 80.8816 41.6691 22.92
      vertex 81.0645 42.23 22.92
    endloop
  endfacet
  facet normal 0 0 -1
    outer loop
      vertex 80.8458 41.6923 22.92
      vertex 81.0645 42.23 22.92
      vertex 80.8816 41.6691 22.92
    endloop
  endfacet
  facet normal -0 0 -1
    outer loop
      vertex 81.0645 42.23 22.92
      vertex 80.8458 41.6923 22.92
      vertex 80.9252 42.2519 22.92
    endloop
  endfacet
  facet normal 0 0 -1
    outer loop
      vertex 80.8064 41.7113 22.92
      vertex 80.9252 42.2519 22.92
      vertex 80.8458 41.6923 22.92
    endloop
  endfacet
  facet normal 0 0 -1
    outer loop
      vertex 80.7633 41.726 22.92
      vertex 80.9252 42.2519 22.92
      vertex 80.8064 41.7113 22.92
    endloop
  endfacet
  facet normal -0 0 -1
    outer loop
      vertex 80.9252 42.2519 22.92
      vertex 80.7633 41.726 22.92
      vertex 80.7745 42.2649 22.92
    endloop
  endfacet
  facet normal 0 0 -1
    outer loop
      vertex 80.7165 41.7366 22.92
      vertex 80.7745 42.2649 22.92
      vertex 80.7633 41.726 22.92
    endloop
  endfacet
  facet normal 0 0 -1
    outer loop
      vertex 80.6662 41.7429 22.92
      vertex 80.7745 42.2649 22.92
      vertex 80.7165 41.7366 22.92
    endloop
  endfacet
  facet normal 0 0 -1
    outer loop
      vertex 80.6122 42.2693 22.92
      vertex 80.6662 41.7429 22.92
      vertex 80.6122 41.745 22.92
    endloop
  endfacet
  facet normal 0 0 -1
    outer loop
      vertex 80.6662 41.7429 22.92
      vertex 80.6122 42.2693 22.92
      vertex 80.7745 42.2649 22.92
    endloop
  endfacet
  facet normal 0 0 -1
    outer loop
      vertex 80.5571 41.7429 22.92
      vertex 80.6122 42.2693 22.92
      vertex 80.6122 41.745 22.92
    endloop
  endfacet
  facet normal 0 0 -1
    outer loop
      vertex 80.4488 42.2649 22.92
      vertex 80.5571 41.7429 22.92
      vertex 80.5057 41.7365 22.92
    endloop
  endfacet
  facet normal 0 0 -1
    outer loop
      vertex 80.4488 42.2649 22.92
      vertex 80.5057 41.7365 22.92
      vertex 80.458 41.7258 22.92
    endloop
  endfacet
  facet normal 0 0 -1
    outer loop
      vertex 80.5571 41.7429 22.92
      vertex 80.4488 42.2649 22.92
      vertex 80.6122 42.2693 22.92
    endloop
  endfacet
  facet normal 0 0 -1
    outer loop
      vertex 80.2971 42.2518 22.92
      vertex 80.458 41.7258 22.92
      vertex 80.4142 41.7109 22.92
    endloop
  endfacet
  facet normal 0 0 -1
    outer loop
      vertex 80.2971 42.2518 22.92
      vertex 80.4142 41.7109 22.92
      vertex 80.3741 41.6917 22.92
    endloop
  endfacet
  facet normal 0 0 -1
    outer loop
      vertex 80.157 42.2298 22.92
      vertex 80.3741 41.6917 22.92
      vertex 80.3377 41.6683 22.92
    endloop
  endfacet
  facet normal 0 0 -1
    outer loop
      vertex 80.0287 42.1991 22.92
      vertex 80.3377 41.6683 22.92
      vertex 80.3051 41.6406 22.92
    endloop
  endfacet
  facet normal 0 0 -1
    outer loop
      vertex 80.458 41.7258 22.92
      vertex 80.2971 42.2518 22.92
      vertex 80.4488 42.2649 22.92
    endloop
  endfacet
  facet normal 0 0 -1
    outer loop
      vertex 80.0287 42.1991 22.92
      vertex 80.3051 41.6406 22.92
      vertex 80.2767 41.609 22.92
    endloop
  endfacet
  facet normal 0 0 -1
    outer loop
      vertex 80.0287 42.1991 22.92
      vertex 80.2767 41.609 22.92
      vertex 80.2525 41.5738 22.92
    endloop
  endfacet
  facet normal 0 0 -1
    outer loop
      vertex 80.0287 42.1991 22.92
      vertex 80.2525 41.5738 22.92
      vertex 80.2328 41.5351 22.92
    endloop
  endfacet
  facet normal 0 0 -1
    outer loop
      vertex 80.0287 42.1991 22.92
      vertex 80.2328 41.5351 22.92
      vertex 80.2175 41.4928 22.92
    endloop
  endfacet
  facet normal 0 0 -1
    outer loop
      vertex 80.0287 42.1991 22.92
      vertex 80.2175 41.4928 22.92
      vertex 80.2065 41.447 22.92
    endloop
  endfacet
  facet normal 0 0 -1
    outer loop
      vertex 80.0287 42.1991 22.92
      vertex 80.2065 41.447 22.92
      vertex 80.2 41.3976 22.92
    endloop
  endfacet
  facet normal -0 0 -1
    outer loop
      vertex 80.2065 41.2413 22.92
      vertex 80.1493 40.1089 22.92
      vertex 80.2 41.2912 22.92
    endloop
  endfacet
  facet normal 0 0 -1
    outer loop
      vertex 80.3741 41.6917 22.92
      vertex 80.157 42.2298 22.92
      vertex 80.2971 42.2518 22.92
    endloop
  endfacet
  facet normal 0 0 -1
    outer loop
      vertex 80.0287 42.1991 22.92
      vertex 80.2 41.3976 22.92
      vertex 80.1978 41.3447 22.92
    endloop
  endfacet
  facet normal 0 0 -1
    outer loop
      vertex 80.1364 40.0519 22.92
      vertex 80.2 41.2912 22.92
      vertex 80.1493 40.1089 22.92
    endloop
  endfacet
  facet normal 0 0 -1
    outer loop
      vertex 80.0287 42.1991 22.92
      vertex 80.2 41.2912 22.92
      vertex 80.1364 40.0519 22.92
    endloop
  endfacet
  facet normal 0 0 -1
    outer loop
      vertex 80.2 41.2912 22.92
      vertex 80.0287 42.1991 22.92
      vertex 80.1978 41.3447 22.92
    endloop
  endfacet
  facet normal 0 0 -1
    outer loop
      vertex 80.0287 42.1991 22.92
      vertex 80.1364 40.0519 22.92
      vertex 80.1287 39.9904 22.92
    endloop
  endfacet
  facet normal 0 0 -1
    outer loop
      vertex 80.0287 42.1991 22.92
      vertex 80.1287 39.9904 22.92
      vertex 80.1261 39.9243 22.92
    endloop
  endfacet
  facet normal 0 0 -1
    outer loop
      vertex 80.3377 41.6683 22.92
      vertex 80.0287 42.1991 22.92
      vertex 80.157 42.2298 22.92
    endloop
  endfacet
  facet normal 0 0 -1
    outer loop
      vertex 81.4419 40.789 22.92
      vertex 81.8122 41.4291 22.92
      vertex 81.8092 41.3521 22.92
    endloop
  endfacet
  facet normal 0 0 -1
    outer loop
      vertex 81.5056 40.8281 22.92
      vertex 81.8092 41.3521 22.92
      vertex 81.7999 41.2789 22.92
    endloop
  endfacet
  facet normal 0 0 -1
    outer loop
      vertex 81.3723 40.7538 22.92
      vertex 81.8122 41.4291 22.92
      vertex 81.4419 40.789 22.92
    endloop
  endfacet
  facet normal 0 0 -1
    outer loop
      vertex 81.5056 40.8281 22.92
      vertex 81.7999 41.2789 22.92
      vertex 81.7845 41.2095 22.92
    endloop
  endfacet
  facet normal 0 0 -1
    outer loop
      vertex 81.5635 40.8711 22.92
      vertex 81.7845 41.2095 22.92
      vertex 81.763 41.1437 22.92
    endloop
  endfacet
  facet normal 0 0 -1
    outer loop
      vertex 81.8092 41.3521 22.92
      vertex 81.5056 40.8281 22.92
      vertex 81.4419 40.789 22.92
    endloop
  endfacet
  facet normal 0 0 -1
    outer loop
      vertex 81.5635 40.8711 22.92
      vertex 81.763 41.1437 22.92
      vertex 81.7353 41.0817 22.92
    endloop
  endfacet
  facet normal -0 0 -1
    outer loop
      vertex 81.8122 41.4291 22.92
      vertex 81.3723 40.7538 22.92
      vertex 81.806 41.5429 22.92
    endloop
  endfacet
  facet normal 0 0 -1
    outer loop
      vertex 81.5635 40.8711 22.92
      vertex 81.7353 41.0817 22.92
      vertex 81.7014 41.0233 22.92
    endloop
  endfacet
  facet normal 0 0 -1
    outer loop
      vertex 81.6154 40.918 22.92
      vertex 81.7014 41.0233 22.92
      vertex 81.6614 40.9687 22.92
    endloop
  endfacet
  facet normal 0 0 -1
    outer loop
      vertex 81.5635 40.8711 22.92
      vertex 81.7014 41.0233 22.92
      vertex 81.6154 40.918 22.92
    endloop
  endfacet
  facet normal 0 0 -1
    outer loop
      vertex 81.7845 41.2095 22.92
      vertex 81.5635 40.8711 22.92
      vertex 81.5056 40.8281 22.92
    endloop
  endfacet
  facet normal 0 -0 -1
    outer loop
      vertex 81.4131 42.1122 22.92
      vertex 81.806 41.5429 22.92
      vertex 81.3723 40.7538 22.92
    endloop
  endfacet
  facet normal 0 0 -1
    outer loop
      vertex 81.7873 41.6486 22.92
      vertex 81.5063 42.0554 22.92
      vertex 81.756 41.7462 22.92
    endloop
  endfacet
  facet normal 0 0 -1
    outer loop
      vertex 81.7123 41.8356 22.92
      vertex 81.5874 41.9903 22.92
      vertex 81.6561 41.917 22.92
    endloop
  endfacet
  facet normal 0 0 -1
    outer loop
      vertex 81.7123 41.8356 22.92
      vertex 81.5063 42.0554 22.92
      vertex 81.5874 41.9903 22.92
    endloop
  endfacet
  facet normal 0 0 -1
    outer loop
      vertex 81.756 41.7462 22.92
      vertex 81.5063 42.0554 22.92
      vertex 81.7123 41.8356 22.92
    endloop
  endfacet
  facet normal 0 0 -1
    outer loop
      vertex 81.7873 41.6486 22.92
      vertex 81.4131 42.1122 22.92
      vertex 81.5063 42.0554 22.92
    endloop
  endfacet
  facet normal 0 0 -1
    outer loop
      vertex 81.806 41.5429 22.92
      vertex 81.4131 42.1122 22.92
      vertex 81.7873 41.6486 22.92
    endloop
  endfacet
  facet normal 0 0 -1
    outer loop
      vertex 81.3723 40.7538 22.92
      vertex 81.3084 42.1602 22.92
      vertex 81.4131 42.1122 22.92
    endloop
  endfacet
  facet normal 0 0 -1
    outer loop
      vertex 81.2968 40.7226 22.92
      vertex 81.3084 42.1602 22.92
      vertex 81.3723 40.7538 22.92
    endloop
  endfacet
  facet normal 0 0 -1
    outer loop
      vertex 81.2155 40.6952 22.92
      vertex 81.3084 42.1602 22.92
      vertex 81.2968 40.7226 22.92
    endloop
  endfacet
  facet normal -0 0 -1
    outer loop
      vertex 81.3084 42.1602 22.92
      vertex 81.2155 40.6952 22.92
      vertex 81.1922 42.1995 22.92
    endloop
  endfacet
  facet normal 0 0 1
    outer loop
      vertex 81.018 41.3982 23.3
      vertex 81.8122 41.4291 23.3
      vertex 81.806 41.5429 23.3
    endloop
  endfacet
  facet normal 0 0 1
    outer loop
      vertex 81.8122 41.4291 23.3
      vertex 81.018 41.3982 23.3
      vertex 81.8092 41.3521 23.3
    endloop
  endfacet
  facet normal 0 0 1
    outer loop
      vertex 81.0115 41.448 23.3
      vertex 81.806 41.5429 23.3
      vertex 81.7873 41.6486 23.3
    endloop
  endfacet
  facet normal 0 -0 1
    outer loop
      vertex 81.0202 41.3447 23.3
      vertex 81.8092 41.3521 23.3
      vertex 81.018 41.3982 23.3
    endloop
  endfacet
  facet normal 0 0 1
    outer loop
      vertex 81.8092 41.3521 23.3
      vertex 81.0202 41.3447 23.3
      vertex 81.7999 41.2789 23.3
    endloop
  endfacet
  facet normal 0 0 1
    outer loop
      vertex 81.0006 41.4941 23.3
      vertex 81.7873 41.6486 23.3
      vertex 81.756 41.7462 23.3
    endloop
  endfacet
  facet normal 0 0 1
    outer loop
      vertex 81.7999 41.2789 23.3
      vertex 81.0202 41.3447 23.3
      vertex 81.7845 41.2095 23.3
    endloop
  endfacet
  facet normal 0 0 1
    outer loop
      vertex 81.0006 41.4941 23.3
      vertex 81.756 41.7462 23.3
      vertex 81.7123 41.8356 23.3
    endloop
  endfacet
  facet normal -0 0 1
    outer loop
      vertex 81.018 41.2912 23.3
      vertex 81.7845 41.2095 23.3
      vertex 81.0202 41.3447 23.3
    endloop
  endfacet
  facet normal 0 0 1
    outer loop
      vertex 81.7845 41.2095 23.3
      vertex 81.018 41.2912 23.3
      vertex 81.763 41.1437 23.3
    endloop
  endfacet
  facet normal 0 0 1
    outer loop
      vertex 80.9855 41.5365 23.3
      vertex 81.7123 41.8356 23.3
      vertex 81.6561 41.917 23.3
    endloop
  endfacet
  facet normal 0 0 1
    outer loop
      vertex 81.763 41.1437 23.3
      vertex 81.018 41.2912 23.3
      vertex 81.7353 41.0817 23.3
    endloop
  endfacet
  facet normal 0 0 1
    outer loop
      vertex 80.9855 41.5365 23.3
      vertex 81.6561 41.917 23.3
      vertex 81.5874 41.9903 23.3
    endloop
  endfacet
  facet normal 0 0 1
    outer loop
      vertex 81.7353 41.0817 23.3
      vertex 81.018 41.2912 23.3
      vertex 81.7014 41.0233 23.3
    endloop
  endfacet
  facet normal 0 0 1
    outer loop
      vertex 80.9659 41.5753 23.3
      vertex 81.5874 41.9903 23.3
      vertex 81.5063 42.0554 23.3
    endloop
  endfacet
  facet normal 0 0 1
    outer loop
      vertex 81.7014 41.0233 23.3
      vertex 81.018 41.2912 23.3
      vertex 81.6614 40.9687 23.3
    endloop
  endfacet
  facet normal -0 0 1
    outer loop
      vertex 81.0115 41.2413 23.3
      vertex 81.6614 40.9687 23.3
      vertex 81.018 41.2912 23.3
    endloop
  endfacet
  facet normal 0 0 1
    outer loop
      vertex 80.9659 41.5753 23.3
      vertex 81.5063 42.0554 23.3
      vertex 81.4131 42.1122 23.3
    endloop
  endfacet
  facet normal 0 0 1
    outer loop
      vertex 81.6614 40.9687 23.3
      vertex 81.0115 41.2413 23.3
      vertex 81.6154 40.918 23.3
    endloop
  endfacet
  facet normal 0 0 1
    outer loop
      vertex 80.942 41.6103 23.3
      vertex 81.4131 42.1122 23.3
      vertex 81.3084 42.1602 23.3
    endloop
  endfacet
  facet normal 0 0 1
    outer loop
      vertex 81.6154 40.918 23.3
      vertex 81.0115 41.2413 23.3
      vertex 81.5635 40.8711 23.3
    endloop
  endfacet
  facet normal -0 0 1
    outer loop
      vertex 81.0006 41.1951 23.3
      vertex 81.5635 40.8711 23.3
      vertex 81.0115 41.2413 23.3
    endloop
  endfacet
  facet normal 0 0 1
    outer loop
      vertex 80.9138 41.6417 23.3
      vertex 81.3084 42.1602 23.3
      vertex 81.1922 42.1995 23.3
    endloop
  endfacet
  facet normal -0 0 1
    outer loop
      vertex 81.0918 39.9243 23.3
      vertex 81.8817 39.8812 23.3
      vertex 81.8783 39.9683 23.3
    endloop
  endfacet
  facet normal 0 0 1
    outer loop
      vertex 81.0918 39.9243 23.3
      vertex 81.8783 39.9683 23.3
      vertex 81.868 40.051 23.3
    endloop
  endfacet
  facet normal 0 0 1
    outer loop
      vertex 81.8817 39.8812 23.3
      vertex 81.0918 39.9243 23.3
      vertex 81.0893 39.8583 23.3
    endloop
  endfacet
  facet normal 0 0 1
    outer loop
      vertex 81.0893 39.9909 23.3
      vertex 81.868 40.051 23.3
      vertex 81.8508 40.1294 23.3
    endloop
  endfacet
  facet normal 0 0 1
    outer loop
      vertex 81.0893 39.9909 23.3
      vertex 81.8508 40.1294 23.3
      vertex 81.8268 40.2033 23.3
    endloop
  endfacet
  facet normal 0 0 1
    outer loop
      vertex 81.8817 39.8812 23.3
      vertex 81.0893 39.8583 23.3
      vertex 81.8751 39.7483 23.3
    endloop
  endfacet
  facet normal 0 0 1
    outer loop
      vertex 81.0817 40.0529 23.3
      vertex 81.8268 40.2033 23.3
      vertex 81.7959 40.2729 23.3
    endloop
  endfacet
  facet normal -0 0 1
    outer loop
      vertex 81.0817 39.7968 23.3
      vertex 81.8751 39.7483 23.3
      vertex 81.0893 39.8583 23.3
    endloop
  endfacet
  facet normal 0 0 1
    outer loop
      vertex 81.0817 40.0529 23.3
      vertex 81.7959 40.2729 23.3
      vertex 81.7581 40.3381 23.3
    endloop
  endfacet
  facet normal -0 0 1
    outer loop
      vertex 81.0691 39.7399 23.3
      vertex 81.8555 39.625 23.3
      vertex 81.0817 39.7968 23.3
    endloop
  endfacet
  facet normal 0 0 1
    outer loop
      vertex 81.0817 40.0529 23.3
      vertex 81.7581 40.3381 23.3
      vertex 81.7135 40.3989 23.3
    endloop
  endfacet
  facet normal 0 0 1
    outer loop
      vertex 81.0691 40.1102 23.3
      vertex 81.7135 40.3989 23.3
      vertex 81.6621 40.4552 23.3
    endloop
  endfacet
  facet normal 0 0 1
    outer loop
      vertex 81.8751 39.7483 23.3
      vertex 81.0817 39.7968 23.3
      vertex 81.8555 39.625 23.3
    endloop
  endfacet
  facet normal 0 0 1
    outer loop
      vertex 81.0691 40.1102 23.3
      vertex 81.6621 40.4552 23.3
      vertex 81.6042 40.5068 23.3
    endloop
  endfacet
  facet normal 0 0 1
    outer loop
      vertex 81.8229 39.5114 23.3
      vertex 81.0691 39.7399 23.3
      vertex 81.7772 39.4073 23.3
    endloop
  endfacet
  facet normal 0 0 1
    outer loop
      vertex 81.0514 40.1628 23.3
      vertex 81.6042 40.5068 23.3
      vertex 81.5396 40.5538 23.3
    endloop
  endfacet
  facet normal 0 0 1
    outer loop
      vertex 81.0514 40.1628 23.3
      vertex 81.5396 40.5538 23.3
      vertex 81.4685 40.5961 23.3
    endloop
  endfacet
  facet normal 0 0 1
    outer loop
      vertex 81.8555 39.625 23.3
      vertex 81.0691 39.7399 23.3
      vertex 81.8229 39.5114 23.3
    endloop
  endfacet
  facet normal 0 0 1
    outer loop
      vertex 81.0287 40.2108 23.3
      vertex 81.4685 40.5961 23.3
      vertex 81.3908 40.6338 23.3
    endloop
  endfacet
  facet normal -0 0 1
    outer loop
      vertex 81.0514 39.6876 23.3
      vertex 81.7772 39.4073 23.3
      vertex 81.0691 39.7399 23.3
    endloop
  endfacet
  facet normal 0 0 1
    outer loop
      vertex 81.0009 40.2541 23.3
      vertex 81.3908 40.6338 23.3
      vertex 81.3064 40.6668 23.3
    endloop
  endfacet
  facet normal 0 0 1
    outer loop
      vertex 81.7772 39.4073 23.3
      vertex 81.0514 39.6876 23.3
      vertex 81.7184 39.3129 23.3
    endloop
  endfacet
  facet normal 0 0 1
    outer loop
      vertex 81.0009 40.2541 23.3
      vertex 81.3064 40.6668 23.3
      vertex 81.2155 40.6952 23.3
    endloop
  endfacet
  facet normal 0 0 1
    outer loop
      vertex 81.5635 40.8711 23.3
      vertex 81.0006 41.1951 23.3
      vertex 81.5056 40.8281 23.3
    endloop
  endfacet
  facet normal 0 0 1
    outer loop
      vertex 81.868 40.051 23.3
      vertex 81.0893 39.9909 23.3
      vertex 81.0918 39.9243 23.3
    endloop
  endfacet
  facet normal -0 0 1
    outer loop
      vertex 81.0287 39.6398 23.3
      vertex 81.6465 39.2281 23.3
      vertex 81.0514 39.6876 23.3
    endloop
  endfacet
  facet normal 0 0 1
    outer loop
      vertex 81.7184 39.3129 23.3
      vertex 81.0514 39.6876 23.3
      vertex 81.6465 39.2281 23.3
    endloop
  endfacet
  facet normal 0 0 1
    outer loop
      vertex 81.8268 40.2033 23.3
      vertex 81.0817 40.0529 23.3
      vertex 81.0893 39.9909 23.3
    endloop
  endfacet
  facet normal 0 0 1
    outer loop
      vertex 81.4419 40.789 23.3
      vertex 80.9855 41.1525 23.3
      vertex 81.3723 40.7538 23.3
    endloop
  endfacet
  facet normal 0 0 1
    outer loop
      vertex 80.8816 41.6691 23.3
      vertex 81.1922 42.1995 23.3
      vertex 81.0645 42.23 23.3
    endloop
  endfacet
  facet normal -0 0 1
    outer loop
      vertex 80.9855 41.1525 23.3
      vertex 81.4419 40.789 23.3
      vertex 81.0006 41.1951 23.3
    endloop
  endfacet
  facet normal 0 0 1
    outer loop
      vertex 81.7135 40.3989 23.3
      vertex 81.0691 40.1102 23.3
      vertex 81.0817 40.0529 23.3
    endloop
  endfacet
  facet normal -0 0 1
    outer loop
      vertex 80.9659 41.1136 23.3
      vertex 81.3723 40.7538 23.3
      vertex 80.9855 41.1525 23.3
    endloop
  endfacet
  facet normal 0 0 1
    outer loop
      vertex 81.5056 40.8281 23.3
      vertex 81.0006 41.1951 23.3
      vertex 81.4419 40.789 23.3
    endloop
  endfacet
  facet normal 0 0 1
    outer loop
      vertex 81.806 41.5429 23.3
      vertex 81.0115 41.448 23.3
      vertex 81.018 41.3982 23.3
    endloop
  endfacet
  facet normal 0 0 1
    outer loop
      vertex 81.7873 41.6486 23.3
      vertex 81.0006 41.4941 23.3
      vertex 81.0115 41.448 23.3
    endloop
  endfacet
  facet normal 0 0 1
    outer loop
      vertex 81.7123 41.8356 23.3
      vertex 80.9855 41.5365 23.3
      vertex 81.0006 41.4941 23.3
    endloop
  endfacet
  facet normal 0 0 1
    outer loop
      vertex 81.5874 41.9903 23.3
      vertex 80.9659 41.5753 23.3
      vertex 80.9855 41.5365 23.3
    endloop
  endfacet
  facet normal 0 0 1
    outer loop
      vertex 81.4131 42.1122 23.3
      vertex 80.942 41.6103 23.3
      vertex 80.9659 41.5753 23.3
    endloop
  endfacet
  facet normal 0 0 1
    outer loop
      vertex 80.8458 41.6923 23.3
      vertex 81.0645 42.23 23.3
      vertex 80.9252 42.2519 23.3
    endloop
  endfacet
  facet normal 0 0 1
    outer loop
      vertex 81.3084 42.1602 23.3
      vertex 80.9138 41.6417 23.3
      vertex 80.942 41.6103 23.3
    endloop
  endfacet
  facet normal 0 0 1
    outer loop
      vertex 81.1922 42.1995 23.3
      vertex 80.8816 41.6691 23.3
      vertex 80.9138 41.6417 23.3
    endloop
  endfacet
  facet normal 0 0 1
    outer loop
      vertex 81.0645 42.23 23.3
      vertex 80.8458 41.6923 23.3
      vertex 80.8816 41.6691 23.3
    endloop
  endfacet
  facet normal 0 0 1
    outer loop
      vertex 80.9252 42.2519 23.3
      vertex 80.8064 41.7113 23.3
      vertex 80.8458 41.6923 23.3
    endloop
  endfacet
  facet normal 0 0 1
    outer loop
      vertex 80.7633 41.726 23.3
      vertex 80.9252 42.2519 23.3
      vertex 80.7745 42.2649 23.3
    endloop
  endfacet
  facet normal 0 0 1
    outer loop
      vertex 80.9252 42.2519 23.3
      vertex 80.7633 41.726 23.3
      vertex 80.8064 41.7113 23.3
    endloop
  endfacet
  facet normal 0 0 1
    outer loop
      vertex 80.7745 42.2649 23.3
      vertex 80.7165 41.7366 23.3
      vertex 80.7633 41.726 23.3
    endloop
  endfacet
  facet normal 0 0 1
    outer loop
      vertex 80.7745 42.2649 23.3
      vertex 80.6662 41.7429 23.3
      vertex 80.7165 41.7366 23.3
    endloop
  endfacet
  facet normal 0 0 1
    outer loop
      vertex 80.6122 42.2693 23.3
      vertex 80.6662 41.7429 23.3
      vertex 80.7745 42.2649 23.3
    endloop
  endfacet
  facet normal 0 0 1
    outer loop
      vertex 80.6122 42.2693 23.3
      vertex 80.6122 41.745 23.3
      vertex 80.6662 41.7429 23.3
    endloop
  endfacet
  facet normal 0 0 1
    outer loop
      vertex 80.6122 42.2693 23.3
      vertex 80.5571 41.7429 23.3
      vertex 80.6122 41.745 23.3
    endloop
  endfacet
  facet normal -0 0 1
    outer loop
      vertex 80.4488 42.2649 23.3
      vertex 80.5571 41.7429 23.3
      vertex 80.6122 42.2693 23.3
    endloop
  endfacet
  facet normal 0 0 1
    outer loop
      vertex 80.5571 41.7429 23.3
      vertex 80.4488 42.2649 23.3
      vertex 80.5057 41.7365 23.3
    endloop
  endfacet
  facet normal 0 0 1
    outer loop
      vertex 80.5057 41.7365 23.3
      vertex 80.4488 42.2649 23.3
      vertex 80.458 41.7258 23.3
    endloop
  endfacet
  facet normal -0 0 1
    outer loop
      vertex 80.2971 42.2518 23.3
      vertex 80.458 41.7258 23.3
      vertex 80.4488 42.2649 23.3
    endloop
  endfacet
  facet normal 0 0 1
    outer loop
      vertex 80.458 41.7258 23.3
      vertex 80.2971 42.2518 23.3
      vertex 80.4142 41.7109 23.3
    endloop
  endfacet
  facet normal 0 0 1
    outer loop
      vertex 80.4142 41.7109 23.3
      vertex 80.2971 42.2518 23.3
      vertex 80.3741 41.6917 23.3
    endloop
  endfacet
  facet normal -0 0 1
    outer loop
      vertex 80.157 42.2298 23.3
      vertex 80.3741 41.6917 23.3
      vertex 80.2971 42.2518 23.3
    endloop
  endfacet
  facet normal 0 0 1
    outer loop
      vertex 80.3741 41.6917 23.3
      vertex 80.157 42.2298 23.3
      vertex 80.3377 41.6683 23.3
    endloop
  endfacet
  facet normal -0 0 1
    outer loop
      vertex 80.0287 42.1991 23.3
      vertex 80.3377 41.6683 23.3
      vertex 80.157 42.2298 23.3
    endloop
  endfacet
  facet normal 0 0 1
    outer loop
      vertex 80.3377 41.6683 23.3
      vertex 80.0287 42.1991 23.3
      vertex 80.3051 41.6406 23.3
    endloop
  endfacet
  facet normal -0 0 1
    outer loop
      vertex 79.912 42.1596 23.3
      vertex 80.3051 41.6406 23.3
      vertex 80.0287 42.1991 23.3
    endloop
  endfacet
  facet normal 0 0 1
    outer loop
      vertex 80.3051 41.6406 23.3
      vertex 79.912 42.1596 23.3
      vertex 80.2767 41.609 23.3
    endloop
  endfacet
  facet normal -0 0 1
    outer loop
      vertex 79.8071 42.1114 23.3
      vertex 80.2767 41.609 23.3
      vertex 79.912 42.1596 23.3
    endloop
  endfacet
  facet normal 0 0 1
    outer loop
      vertex 80.2767 41.609 23.3
      vertex 79.8071 42.1114 23.3
      vertex 80.2525 41.5738 23.3
    endloop
  endfacet
  facet normal 0 0 1
    outer loop
      vertex 80.2175 41.1951 23.3
      vertex 80.1672 40.1614 23.3
      vertex 80.1904 40.2094 23.3
    endloop
  endfacet
  facet normal -0 0 1
    outer loop
      vertex 79.7138 42.0543 23.3
      vertex 80.2525 41.5738 23.3
      vertex 79.8071 42.1114 23.3
    endloop
  endfacet
  facet normal -0 0 1
    outer loop
      vertex 79.6326 41.9889 23.3
      vertex 80.2525 41.5738 23.3
      vertex 79.7138 42.0543 23.3
    endloop
  endfacet
  facet normal 0 0 1
    outer loop
      vertex 80.2525 41.5738 23.3
      vertex 79.6326 41.9889 23.3
      vertex 80.2328 41.5351 23.3
    endloop
  endfacet
  facet normal 0 0 1
    outer loop
      vertex 80.2 41.2912 23.3
      vertex 80.0025 40.6952 23.3
      vertex 80.1672 40.1614 23.3
    endloop
  endfacet
  facet normal -0 0 1
    outer loop
      vertex 79.9115 40.6668 23.3
      vertex 80.1672 40.1614 23.3
      vertex 80.0025 40.6952 23.3
    endloop
  endfacet
  facet normal -0 0 1
    outer loop
      vertex 79.8272 40.6338 23.3
      vertex 80.1672 40.1614 23.3
      vertex 79.9115 40.6668 23.3
    endloop
  endfacet
  facet normal -0 0 1
    outer loop
      vertex 79.7494 40.5961 23.3
      vertex 80.1672 40.1614 23.3
      vertex 79.8272 40.6338 23.3
    endloop
  endfacet
  facet normal -0 0 1
    outer loop
      vertex 79.564 41.9156 23.3
      vertex 80.2328 41.5351 23.3
      vertex 79.6326 41.9889 23.3
    endloop
  endfacet
  facet normal -0 0 1
    outer loop
      vertex 79.5078 41.8342 23.3
      vertex 80.2328 41.5351 23.3
      vertex 79.564 41.9156 23.3
    endloop
  endfacet
  facet normal 0 0 1
    outer loop
      vertex 80.2 41.2912 23.3
      vertex 79.9211 40.7226 23.3
      vertex 80.0025 40.6952 23.3
    endloop
  endfacet
  facet normal 0 0 1
    outer loop
      vertex 80.2 41.2912 23.3
      vertex 79.8457 40.7538 23.3
      vertex 79.9211 40.7226 23.3
    endloop
  endfacet
  facet normal 0 0 1
    outer loop
      vertex 80.2328 41.5351 23.3
      vertex 79.5078 41.8342 23.3
      vertex 80.2175 41.4928 23.3
    endloop
  endfacet
  facet normal 0 0 1
    outer loop
      vertex 80.2 41.3976 23.3
      vertex 79.4109 41.3521 23.3
      vertex 80.1978 41.3447 23.3
    endloop
  endfacet
  facet normal -0 0 1
    outer loop
      vertex 79.4641 41.7449 23.3
      vertex 80.2175 41.4928 23.3
      vertex 79.5078 41.8342 23.3
    endloop
  endfacet
  facet normal 0 0 1
    outer loop
      vertex 80.2 41.2912 23.3
      vertex 79.7762 40.789 23.3
      vertex 79.8457 40.7538 23.3
    endloop
  endfacet
  facet normal 0 -0 1
    outer loop
      vertex 79.4201 41.2789 23.3
      vertex 80.1978 41.3447 23.3
      vertex 79.4109 41.3521 23.3
    endloop
  endfacet
  facet normal -0 0 1
    outer loop
      vertex 79.4328 41.6476 23.3
      vertex 80.2175 41.4928 23.3
      vertex 79.4641 41.7449 23.3
    endloop
  endfacet
  facet normal 0 0 1
    outer loop
      vertex 80.2 41.2912 23.3
      vertex 79.7126 40.8281 23.3
      vertex 79.7762 40.789 23.3
    endloop
  endfacet
  facet normal 0 0 1
    outer loop
      vertex 80.2175 41.4928 23.3
      vertex 79.4328 41.6476 23.3
      vertex 80.2065 41.447 23.3
    endloop
  endfacet
  facet normal 0 0 1
    outer loop
      vertex 80.2 41.2912 23.3
      vertex 79.655 40.8711 23.3
      vertex 79.7126 40.8281 23.3
    endloop
  endfacet
  facet normal 0 0 1
    outer loop
      vertex 80.2 41.2912 23.3
      vertex 79.6033 40.918 23.3
      vertex 79.655 40.8711 23.3
    endloop
  endfacet
  facet normal -0 0 1
    outer loop
      vertex 79.4141 41.5423 23.3
      vertex 80.2065 41.447 23.3
      vertex 79.4328 41.6476 23.3
    endloop
  endfacet
  facet normal 0 -0 1
    outer loop
      vertex 79.4109 41.3521 23.3
      vertex 80.2 41.3976 23.3
      vertex 79.4079 41.4291 23.3
    endloop
  endfacet
  facet normal 0 0 1
    outer loop
      vertex 80.2065 41.447 23.3
      vertex 79.4141 41.5423 23.3
      vertex 80.2 41.3976 23.3
    endloop
  endfacet
  facet normal 0 0 1
    outer loop
      vertex 80.2 41.2912 23.3
      vertex 79.5576 40.9687 23.3
      vertex 79.6033 40.918 23.3
    endloop
  endfacet
  facet normal 0 0 1
    outer loop
      vertex 80.2 41.2912 23.3
      vertex 79.5179 41.0233 23.3
      vertex 79.5576 40.9687 23.3
    endloop
  endfacet
  facet normal -0 0 1
    outer loop
      vertex 79.4079 41.4291 23.3
      vertex 80.2 41.3976 23.3
      vertex 79.4141 41.5423 23.3
    endloop
  endfacet
  facet normal 0 0 1
    outer loop
      vertex 80.2 41.2912 23.3
      vertex 79.4843 41.0817 23.3
      vertex 79.5179 41.0233 23.3
    endloop
  endfacet
  facet normal 0 0 1
    outer loop
      vertex 80.2 41.2912 23.3
      vertex 79.4568 41.1437 23.3
      vertex 79.4843 41.0817 23.3
    endloop
  endfacet
  facet normal 0 0 1
    outer loop
      vertex 80.1978 41.3447 23.3
      vertex 79.4201 41.2789 23.3
      vertex 79.4354 41.2095 23.3
    endloop
  endfacet
  facet normal 0 0 1
    outer loop
      vertex 80.2 41.2912 23.3
      vertex 79.4354 41.2095 23.3
      vertex 79.4568 41.1437 23.3
    endloop
  endfacet
  facet normal 0 0 1
    outer loop
      vertex 81.6465 39.2281 23.3
      vertex 81.0287 39.6398 23.3
      vertex 81.5616 39.1529 23.3
    endloop
  endfacet
  facet normal -0 0 1
    outer loop
      vertex 81.0009 39.5966 23.3
      vertex 81.5616 39.1529 23.3
      vertex 81.0287 39.6398 23.3
    endloop
  endfacet
  facet normal 0 0 1
    outer loop
      vertex 81.5616 39.1529 23.3
      vertex 81.0009 39.5966 23.3
      vertex 81.4638 39.0875 23.3
    endloop
  endfacet
  facet normal 0 0 1
    outer loop
      vertex 81.4638 39.0875 23.3
      vertex 81.0009 39.5966 23.3
      vertex 81.3534 39.0322 23.3
    endloop
  endfacet
  facet normal -0 0 1
    outer loop
      vertex 80.9681 39.558 23.3
      vertex 81.3534 39.0322 23.3
      vertex 81.0009 39.5966 23.3
    endloop
  endfacet
  facet normal 0 0 1
    outer loop
      vertex 81.3534 39.0322 23.3
      vertex 80.9681 39.558 23.3
      vertex 81.2304 38.987 23.3
    endloop
  endfacet
  facet normal -0 0 1
    outer loop
      vertex 80.9305 39.5242 23.3
      vertex 81.2304 38.987 23.3
      vertex 80.9681 39.558 23.3
    endloop
  endfacet
  facet normal 0 0 1
    outer loop
      vertex 81.2304 38.987 23.3
      vertex 80.9305 39.5242 23.3
      vertex 81.0948 38.9518 23.3
    endloop
  endfacet
  facet normal -0 0 1
    outer loop
      vertex 80.8885 39.4957 23.3
      vertex 81.0948 38.9518 23.3
      vertex 80.9305 39.5242 23.3
    endloop
  endfacet
  facet normal -0 0 1
    outer loop
      vertex 80.8421 39.4723 23.3
      vertex 81.0948 38.9518 23.3
      vertex 80.8885 39.4957 23.3
    endloop
  endfacet
  facet normal 0 0 1
    outer loop
      vertex 81.0948 38.9518 23.3
      vertex 80.8421 39.4723 23.3
      vertex 80.9466 38.9266 23.3
    endloop
  endfacet
  facet normal -0 0 1
    outer loop
      vertex 80.7913 39.4542 23.3
      vertex 80.9466 38.9266 23.3
      vertex 80.8421 39.4723 23.3
    endloop
  endfacet
  facet normal 0 0 1
    outer loop
      vertex 80.7913 39.4542 23.3
      vertex 80.7857 38.9115 23.3
      vertex 80.9466 38.9266 23.3
    endloop
  endfacet
  facet normal -0 0 1
    outer loop
      vertex 80.736 39.4412 23.3
      vertex 80.7857 38.9115 23.3
      vertex 80.7913 39.4542 23.3
    endloop
  endfacet
  facet normal -0 0 1
    outer loop
      vertex 80.6763 39.4334 23.3
      vertex 80.7857 38.9115 23.3
      vertex 80.736 39.4412 23.3
    endloop
  endfacet
  facet normal 0 0 1
    outer loop
      vertex 80.6763 39.4334 23.3
      vertex 80.6122 38.9065 23.3
      vertex 80.7857 38.9115 23.3
    endloop
  endfacet
  facet normal -0 0 1
    outer loop
      vertex 80.6122 39.4308 23.3
      vertex 80.6122 38.9065 23.3
      vertex 80.6763 39.4334 23.3
    endloop
  endfacet
  facet normal 0 0 1
    outer loop
      vertex 80.5475 39.4334 23.3
      vertex 80.6122 38.9065 23.3
      vertex 80.6122 39.4308 23.3
    endloop
  endfacet
  facet normal 0 0 1
    outer loop
      vertex 80.4381 38.9115 23.3
      vertex 80.5475 39.4334 23.3
      vertex 80.4872 39.4412 23.3
    endloop
  endfacet
  facet normal 0 0 1
    outer loop
      vertex 80.5475 39.4334 23.3
      vertex 80.4381 38.9115 23.3
      vertex 80.6122 38.9065 23.3
    endloop
  endfacet
  facet normal 0 0 1
    outer loop
      vertex 80.4313 39.4542 23.3
      vertex 80.4381 38.9115 23.3
      vertex 80.4872 39.4412 23.3
    endloop
  endfacet
  facet normal 0 0 1
    outer loop
      vertex 80.2766 38.9266 23.3
      vertex 80.4313 39.4542 23.3
      vertex 80.3798 39.4723 23.3
    endloop
  endfacet
  facet normal 0 0 1
    outer loop
      vertex 80.1278 38.9518 23.3
      vertex 80.3798 39.4723 23.3
      vertex 80.3328 39.4957 23.3
    endloop
  endfacet
  facet normal 0 0 1
    outer loop
      vertex 80.1278 38.9518 23.3
      vertex 80.3328 39.4957 23.3
      vertex 80.2902 39.5242 23.3
    endloop
  endfacet
  facet normal 0 0 1
    outer loop
      vertex 80.4313 39.4542 23.3
      vertex 80.2766 38.9266 23.3
      vertex 80.4381 38.9115 23.3
    endloop
  endfacet
  facet normal 0 0 1
    outer loop
      vertex 79.9915 38.987 23.3
      vertex 80.2902 39.5242 23.3
      vertex 80.252 39.558 23.3
    endloop
  endfacet
  facet normal 0 0 1
    outer loop
      vertex 79.8679 39.0322 23.3
      vertex 80.252 39.558 23.3
      vertex 80.2186 39.5966 23.3
    endloop
  endfacet
  facet normal 0 0 1
    outer loop
      vertex 79.6585 39.1529 23.3
      vertex 80.2186 39.5966 23.3
      vertex 80.1904 39.6398 23.3
    endloop
  endfacet
  facet normal 0 0 1
    outer loop
      vertex 79.573 39.2281 23.3
      vertex 80.1904 39.6398 23.3
      vertex 80.1672 39.6876 23.3
    endloop
  endfacet
  facet normal 0 0 1
    outer loop
      vertex 79.4415 39.4073 23.3
      vertex 80.1672 39.6876 23.3
      vertex 80.1493 39.7399 23.3
    endloop
  endfacet
  facet normal 0 0 1
    outer loop
      vertex 79.3955 39.5114 23.3
      vertex 80.1493 39.7399 23.3
      vertex 80.1364 39.7968 23.3
    endloop
  endfacet
  facet normal 0 0 1
    outer loop
      vertex 80.3798 39.4723 23.3
      vertex 80.1278 38.9518 23.3
      vertex 80.2766 38.9266 23.3
    endloop
  endfacet
  facet normal 0 0 1
    outer loop
      vertex 79.3429 39.7483 23.3
      vertex 80.1364 39.7968 23.3
      vertex 80.1287 39.8583 23.3
    endloop
  endfacet
  facet normal -0 0 1
    outer loop
      vertex 79.3363 39.8812 23.3
      vertex 80.1287 39.8583 23.3
      vertex 80.1261 39.9243 23.3
    endloop
  endfacet
  facet normal -0 0 1
    outer loop
      vertex 79.6783 40.5538 23.3
      vertex 80.1672 40.1614 23.3
      vertex 79.7494 40.5961 23.3
    endloop
  endfacet
  facet normal -0 0 1
    outer loop
      vertex 79.6138 40.5068 23.3
      vertex 80.1672 40.1614 23.3
      vertex 79.6783 40.5538 23.3
    endloop
  endfacet
  facet normal 0 0 1
    outer loop
      vertex 80.2902 39.5242 23.3
      vertex 79.9915 38.987 23.3
      vertex 80.1278 38.9518 23.3
    endloop
  endfacet
  facet normal 0 0 1
    outer loop
      vertex 80.1672 40.1614 23.3
      vertex 79.6138 40.5068 23.3
      vertex 80.1493 40.1089 23.3
    endloop
  endfacet
  facet normal 0 0 1
    outer loop
      vertex 80.252 39.558 23.3
      vertex 79.8679 39.0322 23.3
      vertex 79.9915 38.987 23.3
    endloop
  endfacet
  facet normal -0 0 1
    outer loop
      vertex 79.5558 40.4552 23.3
      vertex 80.1493 40.1089 23.3
      vertex 79.6138 40.5068 23.3
    endloop
  endfacet
  facet normal 0 0 1
    outer loop
      vertex 80.1364 39.7968 23.3
      vertex 79.3429 39.7483 23.3
      vertex 79.3626 39.625 23.3
    endloop
  endfacet
  facet normal -0 0 1
    outer loop
      vertex 79.5044 40.3989 23.3
      vertex 80.1493 40.1089 23.3
      vertex 79.5558 40.4552 23.3
    endloop
  endfacet
  facet normal 0 0 1
    outer loop
      vertex 80.1493 40.1089 23.3
      vertex 79.5044 40.3989 23.3
      vertex 80.1364 40.0519 23.3
    endloop
  endfacet
  facet normal 0 0 1
    outer loop
      vertex 80.2186 39.5966 23.3
      vertex 79.7569 39.0875 23.3
      vertex 79.8679 39.0322 23.3
    endloop
  endfacet
  facet normal -0 0 1
    outer loop
      vertex 79.4598 40.3381 23.3
      vertex 80.1364 40.0519 23.3
      vertex 79.5044 40.3989 23.3
    endloop
  endfacet
  facet normal 0 0 1
    outer loop
      vertex 80.1364 39.7968 23.3
      vertex 79.3626 39.625 23.3
      vertex 79.3955 39.5114 23.3
    endloop
  endfacet
  facet normal -0 0 1
    outer loop
      vertex 79.4221 40.2729 23.3
      vertex 80.1364 40.0519 23.3
      vertex 79.4598 40.3381 23.3
    endloop
  endfacet
  facet normal -0 0 1
    outer loop
      vertex 79.3912 40.2033 23.3
      vertex 80.1364 40.0519 23.3
      vertex 79.4221 40.2729 23.3
    endloop
  endfacet
  facet normal 0 0 1
    outer loop
      vertex 80.2186 39.5966 23.3
      vertex 79.6585 39.1529 23.3
      vertex 79.7569 39.0875 23.3
    endloop
  endfacet
  facet normal 0 0 1
    outer loop
      vertex 80.1364 40.0519 23.3
      vertex 79.3912 40.2033 23.3
      vertex 80.1287 39.9904 23.3
    endloop
  endfacet
  facet normal 0 0 1
    outer loop
      vertex 80.1904 39.6398 23.3
      vertex 79.573 39.2281 23.3
      vertex 79.6585 39.1529 23.3
    endloop
  endfacet
  facet normal -0 0 1
    outer loop
      vertex 79.3672 40.1294 23.3
      vertex 80.1287 39.9904 23.3
      vertex 79.3912 40.2033 23.3
    endloop
  endfacet
  facet normal 0 0 1
    outer loop
      vertex 80.1672 39.6876 23.3
      vertex 79.5007 39.3129 23.3
      vertex 79.573 39.2281 23.3
    endloop
  endfacet
  facet normal -0 0 1
    outer loop
      vertex 79.35 40.051 23.3
      vertex 80.1287 39.9904 23.3
      vertex 79.3672 40.1294 23.3
    endloop
  endfacet
  facet normal 0 0 1
    outer loop
      vertex 80.1287 39.9904 23.3
      vertex 79.35 40.051 23.3
      vertex 80.1261 39.9243 23.3
    endloop
  endfacet
  facet normal 0 0 1
    outer loop
      vertex 80.1672 39.6876 23.3
      vertex 79.4415 39.4073 23.3
      vertex 79.5007 39.3129 23.3
    endloop
  endfacet
  facet normal 0 0 1
    outer loop
      vertex 80.1261 39.9243 23.3
      vertex 79.35 40.051 23.3
      vertex 79.3397 39.9683 23.3
    endloop
  endfacet
  facet normal 0 0 1
    outer loop
      vertex 80.1493 39.7399 23.3
      vertex 79.3955 39.5114 23.3
      vertex 79.4415 39.4073 23.3
    endloop
  endfacet
  facet normal 0 0 1
    outer loop
      vertex 80.1261 39.9243 23.3
      vertex 79.3397 39.9683 23.3
      vertex 79.3363 39.8812 23.3
    endloop
  endfacet
  facet normal 0 0 1
    outer loop
      vertex 80.1287 39.8583 23.3
      vertex 79.3363 39.8812 23.3
      vertex 79.3429 39.7483 23.3
    endloop
  endfacet
  facet normal 0 0 1
    outer loop
      vertex 81.6042 40.5068 23.3
      vertex 81.0514 40.1628 23.3
      vertex 81.0691 40.1102 23.3
    endloop
  endfacet
  facet normal 0 0 1
    outer loop
      vertex 81.3723 40.7538 23.3
      vertex 80.9659 41.1136 23.3
      vertex 81.2968 40.7226 23.3
    endloop
  endfacet
  facet normal 0 0 1
    outer loop
      vertex 81.4685 40.5961 23.3
      vertex 81.0287 40.2108 23.3
      vertex 81.0514 40.1628 23.3
    endloop
  endfacet
  facet normal 0 0 1
    outer loop
      vertex 81.2968 40.7226 23.3
      vertex 80.9659 41.1136 23.3
      vertex 81.2155 40.6952 23.3
    endloop
  endfacet
  facet normal -0 0 1
    outer loop
      vertex 80.942 41.0783 23.3
      vertex 81.2155 40.6952 23.3
      vertex 80.9659 41.1136 23.3
    endloop
  endfacet
  facet normal 0 0 1
    outer loop
      vertex 81.3908 40.6338 23.3
      vertex 81.0009 40.2541 23.3
      vertex 81.0287 40.2108 23.3
    endloop
  endfacet
  facet normal -0 0 1
    outer loop
      vertex 80.9138 41.0466 23.3
      vertex 81.2155 40.6952 23.3
      vertex 80.942 41.0783 23.3
    endloop
  endfacet
  facet normal 0 0 1
    outer loop
      vertex 81.2155 40.6952 23.3
      vertex 80.9681 40.2928 23.3
      vertex 81.0009 40.2541 23.3
    endloop
  endfacet
  facet normal -0 0 1
    outer loop
      vertex 80.8816 41.0189 23.3
      vertex 81.2155 40.6952 23.3
      vertex 80.9138 41.0466 23.3
    endloop
  endfacet
  facet normal 0 0 1
    outer loop
      vertex 81.2155 40.6952 23.3
      vertex 80.9305 40.3265 23.3
      vertex 80.9681 40.2928 23.3
    endloop
  endfacet
  facet normal -0 0 1
    outer loop
      vertex 80.8458 40.9955 23.3
      vertex 81.2155 40.6952 23.3
      vertex 80.8816 41.0189 23.3
    endloop
  endfacet
  facet normal 0 0 1
    outer loop
      vertex 81.2155 40.6952 23.3
      vertex 80.8885 40.3551 23.3
      vertex 80.9305 40.3265 23.3
    endloop
  endfacet
  facet normal -0 0 1
    outer loop
      vertex 80.8064 40.9763 23.3
      vertex 81.2155 40.6952 23.3
      vertex 80.8458 40.9955 23.3
    endloop
  endfacet
  facet normal 0 0 1
    outer loop
      vertex 81.2155 40.6952 23.3
      vertex 80.8421 40.3785 23.3
      vertex 80.8885 40.3551 23.3
    endloop
  endfacet
  facet normal 0 0 1
    outer loop
      vertex 80.7913 40.3966 23.3
      vertex 81.2155 40.6952 23.3
      vertex 80.8064 40.9763 23.3
    endloop
  endfacet
  facet normal 0 0 1
    outer loop
      vertex 81.2155 40.6952 23.3
      vertex 80.7913 40.3966 23.3
      vertex 80.8421 40.3785 23.3
    endloop
  endfacet
  facet normal -0 0 1
    outer loop
      vertex 80.7633 40.9614 23.3
      vertex 80.7913 40.3966 23.3
      vertex 80.8064 40.9763 23.3
    endloop
  endfacet
  facet normal 0 0 1
    outer loop
      vertex 80.7633 40.9614 23.3
      vertex 80.736 40.4096 23.3
      vertex 80.7913 40.3966 23.3
    endloop
  endfacet
  facet normal -0 0 1
    outer loop
      vertex 80.7165 40.9507 23.3
      vertex 80.736 40.4096 23.3
      vertex 80.7633 40.9614 23.3
    endloop
  endfacet
  facet normal 0 0 1
    outer loop
      vertex 80.7165 40.9507 23.3
      vertex 80.6763 40.4174 23.3
      vertex 80.736 40.4096 23.3
    endloop
  endfacet
  facet normal -0 0 1
    outer loop
      vertex 80.6662 40.9443 23.3
      vertex 80.6763 40.4174 23.3
      vertex 80.7165 40.9507 23.3
    endloop
  endfacet
  facet normal 0 0 1
    outer loop
      vertex 80.6122 40.42 23.3
      vertex 80.6662 40.9443 23.3
      vertex 80.6122 40.9422 23.3
    endloop
  endfacet
  facet normal 0 0 1
    outer loop
      vertex 80.6662 40.9443 23.3
      vertex 80.6122 40.42 23.3
      vertex 80.6763 40.4174 23.3
    endloop
  endfacet
  facet normal 0 0 1
    outer loop
      vertex 80.5571 40.9443 23.3
      vertex 80.6122 40.42 23.3
      vertex 80.6122 40.9422 23.3
    endloop
  endfacet
  facet normal 0 0 1
    outer loop
      vertex 80.5571 40.9443 23.3
      vertex 80.5475 40.4174 23.3
      vertex 80.6122 40.42 23.3
    endloop
  endfacet
  facet normal 0 0 1
    outer loop
      vertex 80.5057 40.9507 23.3
      vertex 80.5475 40.4174 23.3
      vertex 80.5571 40.9443 23.3
    endloop
  endfacet
  facet normal 0 0 1
    outer loop
      vertex 80.5057 40.9507 23.3
      vertex 80.4872 40.4095 23.3
      vertex 80.5475 40.4174 23.3
    endloop
  endfacet
  facet normal 0 0 1
    outer loop
      vertex 80.458 40.9614 23.3
      vertex 80.4872 40.4095 23.3
      vertex 80.5057 40.9507 23.3
    endloop
  endfacet
  facet normal 0 0 1
    outer loop
      vertex 80.458 40.9614 23.3
      vertex 80.4313 40.3964 23.3
      vertex 80.4872 40.4095 23.3
    endloop
  endfacet
  facet normal 0 0 1
    outer loop
      vertex 80.4142 40.9763 23.3
      vertex 80.4313 40.3964 23.3
      vertex 80.458 40.9614 23.3
    endloop
  endfacet
  facet normal 0 0 1
    outer loop
      vertex 80.4142 40.9763 23.3
      vertex 80.3798 40.3781 23.3
      vertex 80.4313 40.3964 23.3
    endloop
  endfacet
  facet normal 0 0 1
    outer loop
      vertex 80.3741 40.9955 23.3
      vertex 80.3798 40.3781 23.3
      vertex 80.4142 40.9763 23.3
    endloop
  endfacet
  facet normal 0 0 1
    outer loop
      vertex 80.3328 40.3545 23.3
      vertex 80.3741 40.9955 23.3
      vertex 80.3377 41.0189 23.3
    endloop
  endfacet
  facet normal 0 0 1
    outer loop
      vertex 80.3741 40.9955 23.3
      vertex 80.3328 40.3545 23.3
      vertex 80.3798 40.3781 23.3
    endloop
  endfacet
  facet normal 0 0 1
    outer loop
      vertex 80.2902 40.3257 23.3
      vertex 80.3377 41.0189 23.3
      vertex 80.3051 41.0466 23.3
    endloop
  endfacet
  facet normal 0 0 1
    outer loop
      vertex 80.3377 41.0189 23.3
      vertex 80.2902 40.3257 23.3
      vertex 80.3328 40.3545 23.3
    endloop
  endfacet
  facet normal 0 0 1
    outer loop
      vertex 80.252 40.2917 23.3
      vertex 80.3051 41.0466 23.3
      vertex 80.2767 41.0783 23.3
    endloop
  endfacet
  facet normal 0 0 1
    outer loop
      vertex 80.2186 40.2528 23.3
      vertex 80.2767 41.0783 23.3
      vertex 80.2525 41.1136 23.3
    endloop
  endfacet
  facet normal 0 0 1
    outer loop
      vertex 80.3051 41.0466 23.3
      vertex 80.252 40.2917 23.3
      vertex 80.2902 40.3257 23.3
    endloop
  endfacet
  facet normal 0 0 1
    outer loop
      vertex 80.1904 40.2094 23.3
      vertex 80.2525 41.1136 23.3
      vertex 80.2328 41.1525 23.3
    endloop
  endfacet
  facet normal 0 0 1
    outer loop
      vertex 80.2767 41.0783 23.3
      vertex 80.2186 40.2528 23.3
      vertex 80.252 40.2917 23.3
    endloop
  endfacet
  facet normal 0 0 1
    outer loop
      vertex 80.1904 40.2094 23.3
      vertex 80.2328 41.1525 23.3
      vertex 80.2175 41.1951 23.3
    endloop
  endfacet
  facet normal 0 0 1
    outer loop
      vertex 80.1672 40.1614 23.3
      vertex 80.2175 41.1951 23.3
      vertex 80.2065 41.2413 23.3
    endloop
  endfacet
  facet normal 0 0 1
    outer loop
      vertex 80.1672 40.1614 23.3
      vertex 80.2065 41.2413 23.3
      vertex 80.2 41.2912 23.3
    endloop
  endfacet
  facet normal 0 0 1
    outer loop
      vertex 79.4354 41.2095 23.3
      vertex 80.2 41.2912 23.3
      vertex 80.1978 41.3447 23.3
    endloop
  endfacet
  facet normal 0 0 1
    outer loop
      vertex 80.2525 41.1136 23.3
      vertex 80.1904 40.2094 23.3
      vertex 80.2186 40.2528 23.3
    endloop
  endfacet
  facet normal 0.0934366 -0.995625 0
    outer loop
      vertex 80.7857 38.9115 22.92
      vertex 80.9466 38.9266 23.3
      vertex 80.7857 38.9115 23.3
    endloop
  endfacet
  facet normal 0.0934366 -0.995625 0
    outer loop
      vertex 80.9466 38.9266 23.3
      vertex 80.7857 38.9115 22.92
      vertex 80.9466 38.9266 22.92
    endloop
  endfacet
  facet normal 0.167634 -0.985849 0
    outer loop
      vertex 80.9466 38.9266 22.92
      vertex 81.0948 38.9518 23.3
      vertex 80.9466 38.9266 23.3
    endloop
  endfacet
  facet normal 0.167634 -0.985849 0
    outer loop
      vertex 81.0948 38.9518 23.3
      vertex 80.9466 38.9266 22.92
      vertex 81.0948 38.9518 22.92
    endloop
  endfacet
  facet normal 0.251259 -0.96792 0
    outer loop
      vertex 81.0948 38.9518 22.92
      vertex 81.2304 38.987 23.3
      vertex 81.0948 38.9518 23.3
    endloop
  endfacet
  facet normal 0.251259 -0.96792 0
    outer loop
      vertex 81.2304 38.987 23.3
      vertex 81.0948 38.9518 22.92
      vertex 81.2304 38.987 22.92
    endloop
  endfacet
  facet normal 0.344927 -0.938629 0
    outer loop
      vertex 81.2304 38.987 22.92
      vertex 81.3534 39.0322 23.3
      vertex 81.2304 38.987 23.3
    endloop
  endfacet
  facet normal 0.344927 -0.938629 0
    outer loop
      vertex 81.3534 39.0322 23.3
      vertex 81.2304 38.987 22.92
      vertex 81.3534 39.0322 22.92
    endloop
  endfacet
  facet normal 0.447861 -0.894103 0
    outer loop
      vertex 81.3534 39.0322 22.92
      vertex 81.4638 39.0875 23.3
      vertex 81.3534 39.0322 23.3
    endloop
  endfacet
  facet normal 0.447861 -0.894103 0
    outer loop
      vertex 81.4638 39.0875 23.3
      vertex 81.3534 39.0322 22.92
      vertex 81.4638 39.0875 22.92
    endloop
  endfacet
  facet normal 0.555877 -0.831265 0
    outer loop
      vertex 81.4638 39.0875 22.92
      vertex 81.5616 39.1529 23.3
      vertex 81.4638 39.0875 23.3
    endloop
  endfacet
  facet normal 0.555877 -0.831265 0
    outer loop
      vertex 81.5616 39.1529 23.3
      vertex 81.4638 39.0875 22.92
      vertex 81.5616 39.1529 22.92
    endloop
  endfacet
  facet normal 0.663049 -0.748576 0
    outer loop
      vertex 81.5616 39.1529 22.92
      vertex 81.6465 39.2281 23.3
      vertex 81.5616 39.1529 23.3
    endloop
  endfacet
  facet normal 0.663049 -0.748576 0
    outer loop
      vertex 81.6465 39.2281 23.3
      vertex 81.5616 39.1529 22.92
      vertex 81.6465 39.2281 22.92
    endloop
  endfacet
  facet normal 0.762738 -0.646708 0
    outer loop
      vertex 81.6465 39.2281 23.3
      vertex 81.7184 39.3129 22.92
      vertex 81.7184 39.3129 23.3
    endloop
  endfacet
  facet normal 0.762738 -0.646708 0
    outer loop
      vertex 81.7184 39.3129 22.92
      vertex 81.6465 39.2281 23.3
      vertex 81.6465 39.2281 22.92
    endloop
  endfacet
  facet normal 0.848806 -0.528705 0
    outer loop
      vertex 81.7184 39.3129 23.3
      vertex 81.7772 39.4073 22.92
      vertex 81.7772 39.4073 23.3
    endloop
  endfacet
  facet normal 0.848806 -0.528705 0
    outer loop
      vertex 81.7772 39.4073 22.92
      vertex 81.7184 39.3129 23.3
      vertex 81.7184 39.3129 22.92
    endloop
  endfacet
  facet normal 0.915652 -0.401972 0
    outer loop
      vertex 81.7772 39.4073 23.3
      vertex 81.8229 39.5114 22.92
      vertex 81.8229 39.5114 23.3
    endloop
  endfacet
  facet normal 0.915652 -0.401972 0
    outer loop
      vertex 81.8229 39.5114 22.92
      vertex 81.7772 39.4073 23.3
      vertex 81.7772 39.4073 22.92
    endloop
  endfacet
  facet normal 0.961204 -0.275838 0
    outer loop
      vertex 81.8229 39.5114 23.3
      vertex 81.8555 39.625 22.92
      vertex 81.8555 39.625 23.3
    endloop
  endfacet
  facet normal 0.961204 -0.275838 0
    outer loop
      vertex 81.8555 39.625 22.92
      vertex 81.8229 39.5114 23.3
      vertex 81.8229 39.5114 22.92
    endloop
  endfacet
  facet normal 0.9876 -0.156991 0
    outer loop
      vertex 81.8555 39.625 23.3
      vertex 81.8751 39.7483 22.92
      vertex 81.8751 39.7483 23.3
    endloop
  endfacet
  facet normal 0.9876 -0.156991 0
    outer loop
      vertex 81.8751 39.7483 22.92
      vertex 81.8555 39.625 23.3
      vertex 81.8555 39.625 22.92
    endloop
  endfacet
  facet normal 0.998769 -0.0496003 0
    outer loop
      vertex 81.8751 39.7483 23.3
      vertex 81.8817 39.8812 22.92
      vertex 81.8817 39.8812 23.3
    endloop
  endfacet
  facet normal 0.998769 -0.0496003 0
    outer loop
      vertex 81.8817 39.8812 22.92
      vertex 81.8751 39.7483 23.3
      vertex 81.8751 39.7483 22.92
    endloop
  endfacet
  facet normal 0.999239 0.0390059 0
    outer loop
      vertex 81.8817 39.8812 23.3
      vertex 81.8783 39.9683 22.92
      vertex 81.8783 39.9683 23.3
    endloop
  endfacet
  facet normal 0.999239 0.0390059 0
    outer loop
      vertex 81.8783 39.9683 22.92
      vertex 81.8817 39.8812 23.3
      vertex 81.8817 39.8812 22.92
    endloop
  endfacet
  facet normal 0.992333 0.123592 0
    outer loop
      vertex 81.8783 39.9683 23.3
      vertex 81.868 40.051 22.92
      vertex 81.868 40.051 23.3
    endloop
  endfacet
  facet normal 0.992333 0.123592 0
    outer loop
      vertex 81.868 40.051 22.92
      vertex 81.8783 39.9683 23.3
      vertex 81.8783 39.9683 22.92
    endloop
  endfacet
  facet normal 0.97677 0.214291 0
    outer loop
      vertex 81.868 40.051 23.3
      vertex 81.8508 40.1294 22.92
      vertex 81.8508 40.1294 23.3
    endloop
  endfacet
  facet normal 0.97677 0.214291 0
    outer loop
      vertex 81.8508 40.1294 22.92
      vertex 81.868 40.051 23.3
      vertex 81.868 40.051 22.92
    endloop
  endfacet
  facet normal 0.9511 0.308882 0
    outer loop
      vertex 81.8508 40.1294 23.3
      vertex 81.8268 40.2033 22.92
      vertex 81.8268 40.2033 23.3
    endloop
  endfacet
  facet normal 0.9511 0.308882 0
    outer loop
      vertex 81.8268 40.2033 22.92
      vertex 81.8508 40.1294 23.3
      vertex 81.8508 40.1294 22.92
    endloop
  endfacet
  facet normal 0.913974 0.405773 0
    outer loop
      vertex 81.8268 40.2033 23.3
      vertex 81.7959 40.2729 22.92
      vertex 81.7959 40.2729 23.3
    endloop
  endfacet
  facet normal 0.913974 0.405773 0
    outer loop
      vertex 81.7959 40.2729 22.92
      vertex 81.8268 40.2033 23.3
      vertex 81.8268 40.2033 22.92
    endloop
  endfacet
  facet normal 0.865123 0.501559 0
    outer loop
      vertex 81.7959 40.2729 23.3
      vertex 81.7581 40.3381 22.92
      vertex 81.7581 40.3381 23.3
    endloop
  endfacet
  facet normal 0.865123 0.501559 0
    outer loop
      vertex 81.7581 40.3381 22.92
      vertex 81.7959 40.2729 23.3
      vertex 81.7959 40.2729 22.92
    endloop
  endfacet
  facet normal 0.806321 0.591479 0
    outer loop
      vertex 81.7581 40.3381 23.3
      vertex 81.7135 40.3989 22.92
      vertex 81.7135 40.3989 23.3
    endloop
  endfacet
  facet normal 0.806321 0.591479 0
    outer loop
      vertex 81.7135 40.3989 22.92
      vertex 81.7581 40.3381 23.3
      vertex 81.7581 40.3381 22.92
    endloop
  endfacet
  facet normal 0.738514 0.674238 0
    outer loop
      vertex 81.7135 40.3989 23.3
      vertex 81.6621 40.4552 22.92
      vertex 81.6621 40.4552 23.3
    endloop
  endfacet
  facet normal 0.738514 0.674238 0
    outer loop
      vertex 81.6621 40.4552 22.92
      vertex 81.7135 40.3989 23.3
      vertex 81.7135 40.3989 22.92
    endloop
  endfacet
  facet normal 0.665324 0.746555 -0
    outer loop
      vertex 81.6621 40.4552 22.92
      vertex 81.6042 40.5068 23.3
      vertex 81.6621 40.4552 23.3
    endloop
  endfacet
  facet normal 0.665324 0.746555 0
    outer loop
      vertex 81.6042 40.5068 23.3
      vertex 81.6621 40.4552 22.92
      vertex 81.6042 40.5068 22.92
    endloop
  endfacet
  facet normal 0.588321 0.808628 -0
    outer loop
      vertex 81.6042 40.5068 22.92
      vertex 81.5396 40.5538 23.3
      vertex 81.6042 40.5068 23.3
    endloop
  endfacet
  facet normal 0.588321 0.808628 0
    outer loop
      vertex 81.5396 40.5538 23.3
      vertex 81.6042 40.5068 22.92
      vertex 81.5396 40.5538 22.92
    endloop
  endfacet
  facet normal 0.511293 0.859407 -0
    outer loop
      vertex 81.5396 40.5538 22.92
      vertex 81.4685 40.5961 23.3
      vertex 81.5396 40.5538 23.3
    endloop
  endfacet
  facet normal 0.511293 0.859407 0
    outer loop
      vertex 81.4685 40.5961 23.3
      vertex 81.5396 40.5538 22.92
      vertex 81.4685 40.5961 22.92
    endloop
  endfacet
  facet normal 0.436529 0.89969 -0
    outer loop
      vertex 81.4685 40.5961 22.92
      vertex 81.3908 40.6338 23.3
      vertex 81.4685 40.5961 23.3
    endloop
  endfacet
  facet normal 0.436529 0.89969 0
    outer loop
      vertex 81.3908 40.6338 23.3
      vertex 81.4685 40.5961 22.92
      vertex 81.3908 40.6338 22.92
    endloop
  endfacet
  facet normal 0.36415 0.93134 -0
    outer loop
      vertex 81.3908 40.6338 22.92
      vertex 81.3064 40.6668 23.3
      vertex 81.3908 40.6338 23.3
    endloop
  endfacet
  facet normal 0.36415 0.93134 0
    outer loop
      vertex 81.3064 40.6668 23.3
      vertex 81.3908 40.6338 22.92
      vertex 81.3064 40.6668 22.92
    endloop
  endfacet
  facet normal 0.298215 0.954499 -0
    outer loop
      vertex 81.3064 40.6668 22.92
      vertex 81.2155 40.6952 23.3
      vertex 81.3064 40.6668 23.3
    endloop
  endfacet
  facet normal 0.298215 0.954499 0
    outer loop
      vertex 81.2155 40.6952 23.3
      vertex 81.3064 40.6668 22.92
      vertex 81.2155 40.6952 22.92
    endloop
  endfacet
  facet normal 0.319373 -0.947629 0
    outer loop
      vertex 81.2155 40.6952 22.92
      vertex 81.2968 40.7226 23.3
      vertex 81.2155 40.6952 23.3
    endloop
  endfacet
  facet normal 0.319373 -0.947629 0
    outer loop
      vertex 81.2968 40.7226 23.3
      vertex 81.2155 40.6952 22.92
      vertex 81.2968 40.7226 22.92
    endloop
  endfacet
  facet normal 0.381919 -0.924196 0
    outer loop
      vertex 81.2968 40.7226 22.92
      vertex 81.3723 40.7538 23.3
      vertex 81.2968 40.7226 23.3
    endloop
  endfacet
  facet normal 0.381919 -0.924196 0
    outer loop
      vertex 81.3723 40.7538 23.3
      vertex 81.2968 40.7226 22.92
      vertex 81.3723 40.7538 22.92
    endloop
  endfacet
  facet normal 0.451312 -0.892366 0
    outer loop
      vertex 81.3723 40.7538 22.92
      vertex 81.4419 40.789 23.3
      vertex 81.3723 40.7538 23.3
    endloop
  endfacet
  facet normal 0.451312 -0.892366 0
    outer loop
      vertex 81.4419 40.789 23.3
      vertex 81.3723 40.7538 22.92
      vertex 81.4419 40.789 22.92
    endloop
  endfacet
  facet normal 0.523127 -0.852255 0
    outer loop
      vertex 81.4419 40.789 22.92
      vertex 81.5056 40.8281 23.3
      vertex 81.4419 40.789 23.3
    endloop
  endfacet
  facet normal 0.523127 -0.852255 0
    outer loop
      vertex 81.5056 40.8281 23.3
      vertex 81.4419 40.789 22.92
      vertex 81.5056 40.8281 22.92
    endloop
  endfacet
  facet normal 0.596222 -0.80282 0
    outer loop
      vertex 81.5056 40.8281 22.92
      vertex 81.5635 40.8711 23.3
      vertex 81.5056 40.8281 23.3
    endloop
  endfacet
  facet normal 0.596222 -0.80282 0
    outer loop
      vertex 81.5635 40.8711 23.3
      vertex 81.5056 40.8281 22.92
      vertex 81.5635 40.8711 22.92
    endloop
  endfacet
  facet normal 0.670464 -0.741942 0
    outer loop
      vertex 81.5635 40.8711 22.92
      vertex 81.6154 40.918 23.3
      vertex 81.5635 40.8711 23.3
    endloop
  endfacet
  facet normal 0.670464 -0.741942 0
    outer loop
      vertex 81.6154 40.918 23.3
      vertex 81.5635 40.8711 22.92
      vertex 81.6154 40.918 22.92
    endloop
  endfacet
  facet normal 0.740601 -0.671945 0
    outer loop
      vertex 81.6154 40.918 23.3
      vertex 81.6614 40.9687 22.92
      vertex 81.6614 40.9687 23.3
    endloop
  endfacet
  facet normal 0.740601 -0.671945 0
    outer loop
      vertex 81.6614 40.9687 22.92
      vertex 81.6154 40.918 23.3
      vertex 81.6154 40.918 22.92
    endloop
  endfacet
  facet normal 0.806687 -0.590979 0
    outer loop
      vertex 81.6614 40.9687 23.3
      vertex 81.7014 41.0233 22.92
      vertex 81.7014 41.0233 23.3
    endloop
  endfacet
  facet normal 0.806687 -0.590979 0
    outer loop
      vertex 81.7014 41.0233 22.92
      vertex 81.6614 40.9687 23.3
      vertex 81.6614 40.9687 22.92
    endloop
  endfacet
  facet normal 0.864851 -0.502028 0
    outer loop
      vertex 81.7014 41.0233 23.3
      vertex 81.7353 41.0817 22.92
      vertex 81.7353 41.0817 23.3
    endloop
  endfacet
  facet normal 0.864851 -0.502028 0
    outer loop
      vertex 81.7353 41.0817 22.92
      vertex 81.7014 41.0233 23.3
      vertex 81.7014 41.0233 22.92
    endloop
  endfacet
  facet normal 0.91302 -0.407914 0
    outer loop
      vertex 81.7353 41.0817 23.3
      vertex 81.763 41.1437 22.92
      vertex 81.763 41.1437 23.3
    endloop
  endfacet
  facet normal 0.91302 -0.407914 0
    outer loop
      vertex 81.763 41.1437 22.92
      vertex 81.7353 41.0817 23.3
      vertex 81.7353 41.0817 22.92
    endloop
  endfacet
  facet normal 0.950545 -0.310588 0
    outer loop
      vertex 81.763 41.1437 23.3
      vertex 81.7845 41.2095 22.92
      vertex 81.7845 41.2095 23.3
    endloop
  endfacet
  facet normal 0.950545 -0.310588 0
    outer loop
      vertex 81.7845 41.2095 22.92
      vertex 81.763 41.1437 23.3
      vertex 81.763 41.1437 22.92
    endloop
  endfacet
  facet normal 0.976253 -0.216633 0
    outer loop
      vertex 81.7845 41.2095 23.3
      vertex 81.7999 41.2789 22.92
      vertex 81.7999 41.2789 23.3
    endloop
  endfacet
  facet normal 0.976253 -0.216633 0
    outer loop
      vertex 81.7999 41.2789 22.92
      vertex 81.7845 41.2095 23.3
      vertex 81.7845 41.2095 22.92
    endloop
  endfacet
  facet normal 0.992026 -0.126036 0
    outer loop
      vertex 81.7999 41.2789 23.3
      vertex 81.8092 41.3521 22.92
      vertex 81.8092 41.3521 23.3
    endloop
  endfacet
  facet normal 0.992026 -0.126036 0
    outer loop
      vertex 81.8092 41.3521 22.92
      vertex 81.7999 41.2789 23.3
      vertex 81.7999 41.2789 22.92
    endloop
  endfacet
  facet normal 0.999242 -0.0389315 0
    outer loop
      vertex 81.8092 41.3521 23.3
      vertex 81.8122 41.4291 22.92
      vertex 81.8122 41.4291 23.3
    endloop
  endfacet
  facet normal 0.999242 -0.0389315 0
    outer loop
      vertex 81.8122 41.4291 22.92
      vertex 81.8092 41.3521 23.3
      vertex 81.8092 41.3521 22.92
    endloop
  endfacet
  facet normal 0.998519 0.0544009 0
    outer loop
      vertex 81.8122 41.4291 23.3
      vertex 81.806 41.5429 22.92
      vertex 81.806 41.5429 23.3
    endloop
  endfacet
  facet normal 0.998519 0.0544009 0
    outer loop
      vertex 81.806 41.5429 22.92
      vertex 81.8122 41.4291 23.3
      vertex 81.8122 41.4291 22.92
    endloop
  endfacet
  facet normal 0.984708 0.17421 0
    outer loop
      vertex 81.806 41.5429 23.3
      vertex 81.7873 41.6486 22.92
      vertex 81.7873 41.6486 23.3
    endloop
  endfacet
  facet normal 0.984708 0.17421 0
    outer loop
      vertex 81.7873 41.6486 22.92
      vertex 81.806 41.5429 23.3
      vertex 81.806 41.5429 22.92
    endloop
  endfacet
  facet normal 0.952231 0.305377 0
    outer loop
      vertex 81.7873 41.6486 23.3
      vertex 81.756 41.7462 22.92
      vertex 81.756 41.7462 23.3
    endloop
  endfacet
  facet normal 0.952231 0.305377 0
    outer loop
      vertex 81.756 41.7462 22.92
      vertex 81.7873 41.6486 23.3
      vertex 81.7873 41.6486 22.92
    endloop
  endfacet
  facet normal 0.898411 0.439156 0
    outer loop
      vertex 81.756 41.7462 23.3
      vertex 81.7123 41.8356 22.92
      vertex 81.7123 41.8356 23.3
    endloop
  endfacet
  facet normal 0.898411 0.439156 0
    outer loop
      vertex 81.7123 41.8356 22.92
      vertex 81.756 41.7462 23.3
      vertex 81.756 41.7462 22.92
    endloop
  endfacet
  facet normal 0.822919 0.568158 0
    outer loop
      vertex 81.7123 41.8356 23.3
      vertex 81.6561 41.917 22.92
      vertex 81.6561 41.917 23.3
    endloop
  endfacet
  facet normal 0.822919 0.568158 0
    outer loop
      vertex 81.6561 41.917 22.92
      vertex 81.7123 41.8356 23.3
      vertex 81.7123 41.8356 22.92
    endloop
  endfacet
  facet normal 0.72963 0.683842 0
    outer loop
      vertex 81.6561 41.917 23.3
      vertex 81.5874 41.9903 22.92
      vertex 81.5874 41.9903 23.3
    endloop
  endfacet
  facet normal 0.72963 0.683842 0
    outer loop
      vertex 81.5874 41.9903 22.92
      vertex 81.6561 41.917 23.3
      vertex 81.6561 41.917 22.92
    endloop
  endfacet
  facet normal 0.625984 0.779836 -0
    outer loop
      vertex 81.5874 41.9903 22.92
      vertex 81.5063 42.0554 23.3
      vertex 81.5874 41.9903 23.3
    endloop
  endfacet
  facet normal 0.625984 0.779836 0
    outer loop
      vertex 81.5063 42.0554 23.3
      vertex 81.5874 41.9903 22.92
      vertex 81.5063 42.0554 22.92
    endloop
  endfacet
  facet normal 0.520412 0.853915 -0
    outer loop
      vertex 81.5063 42.0554 22.92
      vertex 81.4131 42.1122 23.3
      vertex 81.5063 42.0554 23.3
    endloop
  endfacet
  facet normal 0.520412 0.853915 0
    outer loop
      vertex 81.4131 42.1122 23.3
      vertex 81.5063 42.0554 22.92
      vertex 81.4131 42.1122 22.92
    endloop
  endfacet
  facet normal 0.416744 0.909024 -0
    outer loop
      vertex 81.4131 42.1122 22.92
      vertex 81.3084 42.1602 23.3
      vertex 81.4131 42.1122 23.3
    endloop
  endfacet
  facet normal 0.416744 0.909024 0
    outer loop
      vertex 81.3084 42.1602 23.3
      vertex 81.4131 42.1122 22.92
      vertex 81.3084 42.1602 22.92
    endloop
  endfacet
  facet normal 0.320382 0.947288 -0
    outer loop
      vertex 81.3084 42.1602 22.92
      vertex 81.1922 42.1995 23.3
      vertex 81.3084 42.1602 23.3
    endloop
  endfacet
  facet normal 0.320382 0.947288 0
    outer loop
      vertex 81.1922 42.1995 23.3
      vertex 81.3084 42.1602 22.92
      vertex 81.1922 42.1995 22.92
    endloop
  endfacet
  facet normal 0.232307 0.972643 -0
    outer loop
      vertex 81.1922 42.1995 22.92
      vertex 81.0645 42.23 23.3
      vertex 81.1922 42.1995 23.3
    endloop
  endfacet
  facet normal 0.232307 0.972643 0
    outer loop
      vertex 81.0645 42.23 23.3
      vertex 81.1922 42.1995 22.92
      vertex 81.0645 42.23 22.92
    endloop
  endfacet
  facet normal 0.155307 0.987866 -0
    outer loop
      vertex 81.0645 42.23 22.92
      vertex 80.9252 42.2519 23.3
      vertex 81.0645 42.23 23.3
    endloop
  endfacet
  facet normal 0.155307 0.987866 0
    outer loop
      vertex 80.9252 42.2519 23.3
      vertex 81.0645 42.23 22.92
      vertex 80.9252 42.2519 22.92
    endloop
  endfacet
  facet normal 0.0859449 0.9963 -0
    outer loop
      vertex 80.9252 42.2519 22.92
      vertex 80.7745 42.2649 23.3
      vertex 80.9252 42.2519 23.3
    endloop
  endfacet
  facet normal 0.0859449 0.9963 0
    outer loop
      vertex 80.7745 42.2649 23.3
      vertex 80.9252 42.2519 22.92
      vertex 80.7745 42.2649 22.92
    endloop
  endfacet
  facet normal 0.0271003 0.999633 -0
    outer loop
      vertex 80.7745 42.2649 22.92
      vertex 80.6122 42.2693 23.3
      vertex 80.7745 42.2649 23.3
    endloop
  endfacet
  facet normal 0.0271003 0.999633 0
    outer loop
      vertex 80.6122 42.2693 23.3
      vertex 80.7745 42.2649 22.92
      vertex 80.6122 42.2693 22.92
    endloop
  endfacet
  facet normal -0.026918 0.999638 0
    outer loop
      vertex 80.6122 42.2693 22.92
      vertex 80.4488 42.2649 23.3
      vertex 80.6122 42.2693 23.3
    endloop
  endfacet
  facet normal -0.026918 0.999638 0
    outer loop
      vertex 80.4488 42.2649 23.3
      vertex 80.6122 42.2693 22.92
      vertex 80.4488 42.2649 22.92
    endloop
  endfacet
  facet normal -0.0860345 0.996292 0
    outer loop
      vertex 80.4488 42.2649 22.92
      vertex 80.2971 42.2518 23.3
      vertex 80.4488 42.2649 23.3
    endloop
  endfacet
  facet normal -0.0860345 0.996292 0
    outer loop
      vertex 80.2971 42.2518 23.3
      vertex 80.4488 42.2649 22.92
      vertex 80.2971 42.2518 22.92
    endloop
  endfacet
  facet normal -0.15513 0.987894 0
    outer loop
      vertex 80.2971 42.2518 22.92
      vertex 80.157 42.2298 23.3
      vertex 80.2971 42.2518 23.3
    endloop
  endfacet
  facet normal -0.15513 0.987894 0
    outer loop
      vertex 80.157 42.2298 23.3
      vertex 80.2971 42.2518 22.92
      vertex 80.157 42.2298 22.92
    endloop
  endfacet
  facet normal -0.232713 0.972545 0
    outer loop
      vertex 80.157 42.2298 22.92
      vertex 80.0287 42.1991 23.3
      vertex 80.157 42.2298 23.3
    endloop
  endfacet
  facet normal -0.232713 0.972545 0
    outer loop
      vertex 80.0287 42.1991 23.3
      vertex 80.157 42.2298 22.92
      vertex 80.0287 42.1991 22.92
    endloop
  endfacet
  facet normal -0.320607 0.947212 0
    outer loop
      vertex 80.0287 42.1991 22.92
      vertex 79.912 42.1596 23.3
      vertex 80.0287 42.1991 23.3
    endloop
  endfacet
  facet normal -0.320607 0.947212 0
    outer loop
      vertex 79.912 42.1596 23.3
      vertex 80.0287 42.1991 22.92
      vertex 79.912 42.1596 22.92
    endloop
  endfacet
  facet normal -0.41752 0.908668 0
    outer loop
      vertex 79.912 42.1596 22.92
      vertex 79.8071 42.1114 23.3
      vertex 79.912 42.1596 23.3
    endloop
  endfacet
  facet normal -0.41752 0.908668 0
    outer loop
      vertex 79.8071 42.1114 23.3
      vertex 79.912 42.1596 22.92
      vertex 79.8071 42.1114 22.92
    endloop
  endfacet
  facet normal -0.522005 0.852943 0
    outer loop
      vertex 79.8071 42.1114 22.92
      vertex 79.7138 42.0543 23.3
      vertex 79.8071 42.1114 23.3
    endloop
  endfacet
  facet normal -0.522005 0.852943 0
    outer loop
      vertex 79.7138 42.0543 23.3
      vertex 79.8071 42.1114 22.92
      vertex 79.7138 42.0543 22.92
    endloop
  endfacet
  facet normal -0.627265 0.778806 0
    outer loop
      vertex 79.7138 42.0543 22.92
      vertex 79.6326 41.9889 23.3
      vertex 79.7138 42.0543 23.3
    endloop
  endfacet
  facet normal -0.627265 0.778806 0
    outer loop
      vertex 79.6326 41.9889 23.3
      vertex 79.7138 42.0543 22.92
      vertex 79.6326 41.9889 22.92
    endloop
  endfacet
  facet normal -0.730127 0.683311 0
    outer loop
      vertex 79.564 41.9156 22.92
      vertex 79.6326 41.9889 23.3
      vertex 79.6326 41.9889 22.92
    endloop
  endfacet
  facet normal -0.730127 0.683311 0
    outer loop
      vertex 79.6326 41.9889 23.3
      vertex 79.564 41.9156 22.92
      vertex 79.564 41.9156 23.3
    endloop
  endfacet
  facet normal -0.822919 0.568158 0
    outer loop
      vertex 79.5078 41.8342 22.92
      vertex 79.564 41.9156 23.3
      vertex 79.564 41.9156 22.92
    endloop
  endfacet
  facet normal -0.822919 0.568158 0
    outer loop
      vertex 79.564 41.9156 23.3
      vertex 79.5078 41.8342 22.92
      vertex 79.5078 41.8342 23.3
    endloop
  endfacet
  facet normal -0.898217 0.439553 0
    outer loop
      vertex 79.4641 41.7449 22.92
      vertex 79.5078 41.8342 23.3
      vertex 79.5078 41.8342 22.92
    endloop
  endfacet
  facet normal -0.898217 0.439553 0
    outer loop
      vertex 79.5078 41.8342 23.3
      vertex 79.4641 41.7449 22.92
      vertex 79.4641 41.7449 23.3
    endloop
  endfacet
  facet normal -0.951957 0.306231 0
    outer loop
      vertex 79.4328 41.6476 22.92
      vertex 79.4641 41.7449 23.3
      vertex 79.4641 41.7449 22.92
    endloop
  endfacet
  facet normal -0.951957 0.306231 0
    outer loop
      vertex 79.4641 41.7449 23.3
      vertex 79.4328 41.6476 22.92
      vertex 79.4328 41.6476 23.3
    endloop
  endfacet
  facet normal -0.984595 0.174852 0
    outer loop
      vertex 79.4141 41.5423 22.92
      vertex 79.4328 41.6476 23.3
      vertex 79.4328 41.6476 22.92
    endloop
  endfacet
  facet normal -0.984595 0.174852 0
    outer loop
      vertex 79.4328 41.6476 23.3
      vertex 79.4141 41.5423 22.92
      vertex 79.4141 41.5423 23.3
    endloop
  endfacet
  facet normal -0.998503 0.0546884 0
    outer loop
      vertex 79.4079 41.4291 22.92
      vertex 79.4141 41.5423 23.3
      vertex 79.4141 41.5423 22.92
    endloop
  endfacet
  facet normal -0.998503 0.0546884 0
    outer loop
      vertex 79.4141 41.5423 23.3
      vertex 79.4079 41.4291 22.92
      vertex 79.4079 41.4291 23.3
    endloop
  endfacet
  facet normal -0.999242 -0.0389315 0
    outer loop
      vertex 79.4109 41.3521 22.92
      vertex 79.4079 41.4291 23.3
      vertex 79.4079 41.4291 22.92
    endloop
  endfacet
  facet normal -0.999242 -0.0389315 0
    outer loop
      vertex 79.4079 41.4291 23.3
      vertex 79.4109 41.3521 22.92
      vertex 79.4109 41.3521 23.3
    endloop
  endfacet
  facet normal -0.992194 -0.124702 0
    outer loop
      vertex 79.4201 41.2789 22.92
      vertex 79.4109 41.3521 23.3
      vertex 79.4109 41.3521 22.92
    endloop
  endfacet
  facet normal -0.992194 -0.124702 0
    outer loop
      vertex 79.4109 41.3521 23.3
      vertex 79.4201 41.2789 22.92
      vertex 79.4201 41.2789 23.3
    endloop
  endfacet
  facet normal -0.97655 -0.215291 0
    outer loop
      vertex 79.4354 41.2095 22.92
      vertex 79.4201 41.2789 23.3
      vertex 79.4201 41.2789 22.92
    endloop
  endfacet
  facet normal -0.97655 -0.215291 0
    outer loop
      vertex 79.4201 41.2789 23.3
      vertex 79.4354 41.2095 22.92
      vertex 79.4354 41.2095 23.3
    endloop
  endfacet
  facet normal -0.95097 -0.309282 0
    outer loop
      vertex 79.4568 41.1437 22.92
      vertex 79.4354 41.2095 23.3
      vertex 79.4354 41.2095 22.92
    endloop
  endfacet
  facet normal -0.95097 -0.309282 0
    outer loop
      vertex 79.4354 41.2095 23.3
      vertex 79.4568 41.1437 22.92
      vertex 79.4568 41.1437 23.3
    endloop
  endfacet
  facet normal -0.914115 -0.405454 0
    outer loop
      vertex 79.4843 41.0817 22.92
      vertex 79.4568 41.1437 23.3
      vertex 79.4568 41.1437 22.92
    endloop
  endfacet
  facet normal -0.914115 -0.405454 0
    outer loop
      vertex 79.4568 41.1437 23.3
      vertex 79.4843 41.0817 22.92
      vertex 79.4843 41.0817 23.3
    endloop
  endfacet
  facet normal -0.866778 -0.498694 0
    outer loop
      vertex 79.5179 41.0233 22.92
      vertex 79.4843 41.0817 23.3
      vertex 79.4843 41.0817 22.92
    endloop
  endfacet
  facet normal -0.866778 -0.498694 0
    outer loop
      vertex 79.4843 41.0817 23.3
      vertex 79.5179 41.0233 22.92
      vertex 79.5179 41.0233 23.3
    endloop
  endfacet
  facet normal -0.8088 -0.588084 0
    outer loop
      vertex 79.5576 40.9687 22.92
      vertex 79.5179 41.0233 23.3
      vertex 79.5179 41.0233 22.92
    endloop
  endfacet
  facet normal -0.8088 -0.588084 0
    outer loop
      vertex 79.5179 41.0233 23.3
      vertex 79.5576 40.9687 22.92
      vertex 79.5576 40.9687 23.3
    endloop
  endfacet
  facet normal -0.742784 -0.669531 0
    outer loop
      vertex 79.6033 40.918 22.92
      vertex 79.5576 40.9687 23.3
      vertex 79.5576 40.9687 22.92
    endloop
  endfacet
  facet normal -0.742784 -0.669531 0
    outer loop
      vertex 79.5576 40.9687 23.3
      vertex 79.6033 40.918 22.92
      vertex 79.6033 40.918 23.3
    endloop
  endfacet
  facet normal -0.671888 -0.740653 0
    outer loop
      vertex 79.6033 40.918 22.92
      vertex 79.655 40.8711 23.3
      vertex 79.6033 40.918 23.3
    endloop
  endfacet
  facet normal -0.671888 -0.740653 -0
    outer loop
      vertex 79.655 40.8711 23.3
      vertex 79.6033 40.918 22.92
      vertex 79.655 40.8711 22.92
    endloop
  endfacet
  facet normal -0.598218 -0.801334 0
    outer loop
      vertex 79.655 40.8711 22.92
      vertex 79.7126 40.8281 23.3
      vertex 79.655 40.8711 23.3
    endloop
  endfacet
  facet normal -0.598218 -0.801334 -0
    outer loop
      vertex 79.7126 40.8281 23.3
      vertex 79.655 40.8711 22.92
      vertex 79.7126 40.8281 22.92
    endloop
  endfacet
  facet normal -0.523724 -0.851888 0
    outer loop
      vertex 79.7126 40.8281 22.92
      vertex 79.7762 40.789 23.3
      vertex 79.7126 40.8281 23.3
    endloop
  endfacet
  facet normal -0.523724 -0.851888 -0
    outer loop
      vertex 79.7762 40.789 23.3
      vertex 79.7126 40.8281 22.92
      vertex 79.7762 40.789 22.92
    endloop
  endfacet
  facet normal -0.451829 -0.892105 0
    outer loop
      vertex 79.7762 40.789 22.92
      vertex 79.8457 40.7538 23.3
      vertex 79.7762 40.789 23.3
    endloop
  endfacet
  facet normal -0.451829 -0.892105 -0
    outer loop
      vertex 79.8457 40.7538 23.3
      vertex 79.7762 40.789 22.92
      vertex 79.8457 40.7538 22.92
    endloop
  endfacet
  facet normal -0.382352 -0.924017 0
    outer loop
      vertex 79.8457 40.7538 22.92
      vertex 79.9211 40.7226 23.3
      vertex 79.8457 40.7538 23.3
    endloop
  endfacet
  facet normal -0.382352 -0.924017 -0
    outer loop
      vertex 79.9211 40.7226 23.3
      vertex 79.8457 40.7538 22.92
      vertex 79.9211 40.7226 22.92
    endloop
  endfacet
  facet normal -0.319021 -0.947748 0
    outer loop
      vertex 79.9211 40.7226 22.92
      vertex 80.0025 40.6952 23.3
      vertex 79.9211 40.7226 23.3
    endloop
  endfacet
  facet normal -0.319021 -0.947748 -0
    outer loop
      vertex 80.0025 40.6952 23.3
      vertex 79.9211 40.7226 22.92
      vertex 80.0025 40.6952 22.92
    endloop
  endfacet
  facet normal -0.297917 0.954592 0
    outer loop
      vertex 80.0025 40.6952 22.92
      vertex 79.9115 40.6668 23.3
      vertex 80.0025 40.6952 23.3
    endloop
  endfacet
  facet normal -0.297917 0.954592 0
    outer loop
      vertex 79.9115 40.6668 23.3
      vertex 80.0025 40.6952 22.92
      vertex 79.9115 40.6668 22.92
    endloop
  endfacet
  facet normal -0.364524 0.931194 0
    outer loop
      vertex 79.9115 40.6668 22.92
      vertex 79.8272 40.6338 23.3
      vertex 79.9115 40.6668 23.3
    endloop
  endfacet
  facet normal -0.364524 0.931194 0
    outer loop
      vertex 79.8272 40.6338 23.3
      vertex 79.9115 40.6668 22.92
      vertex 79.8272 40.6338 22.92
    endloop
  endfacet
  facet normal -0.436075 0.89991 0
    outer loop
      vertex 79.8272 40.6338 22.92
      vertex 79.7494 40.5961 23.3
      vertex 79.8272 40.6338 23.3
    endloop
  endfacet
  facet normal -0.436075 0.89991 0
    outer loop
      vertex 79.7494 40.5961 23.3
      vertex 79.8272 40.6338 22.92
      vertex 79.7494 40.5961 22.92
    endloop
  endfacet
  facet normal -0.511293 0.859407 0
    outer loop
      vertex 79.7494 40.5961 22.92
      vertex 79.6783 40.5538 23.3
      vertex 79.7494 40.5961 23.3
    endloop
  endfacet
  facet normal -0.511293 0.859407 0
    outer loop
      vertex 79.6783 40.5538 23.3
      vertex 79.7494 40.5961 22.92
      vertex 79.6783 40.5538 22.92
    endloop
  endfacet
  facet normal -0.588916 0.808194 0
    outer loop
      vertex 79.6783 40.5538 22.92
      vertex 79.6138 40.5068 23.3
      vertex 79.6783 40.5538 23.3
    endloop
  endfacet
  facet normal -0.588916 0.808194 0
    outer loop
      vertex 79.6138 40.5068 23.3
      vertex 79.6783 40.5538 22.92
      vertex 79.6138 40.5068 22.92
    endloop
  endfacet
  facet normal -0.664684 0.747125 0
    outer loop
      vertex 79.6138 40.5068 22.92
      vertex 79.5558 40.4552 23.3
      vertex 79.6138 40.5068 23.3
    endloop
  endfacet
  facet normal -0.664684 0.747125 0
    outer loop
      vertex 79.5558 40.4552 23.3
      vertex 79.6138 40.5068 22.92
      vertex 79.5558 40.4552 22.92
    endloop
  endfacet
  facet normal -0.738514 0.674238 0
    outer loop
      vertex 79.5044 40.3989 22.92
      vertex 79.5558 40.4552 23.3
      vertex 79.5558 40.4552 22.92
    endloop
  endfacet
  facet normal -0.738514 0.674238 0
    outer loop
      vertex 79.5558 40.4552 23.3
      vertex 79.5044 40.3989 22.92
      vertex 79.5044 40.3989 23.3
    endloop
  endfacet
  facet normal -0.806321 0.591479 0
    outer loop
      vertex 79.4598 40.3381 22.92
      vertex 79.5044 40.3989 23.3
      vertex 79.5044 40.3989 22.92
    endloop
  endfacet
  facet normal -0.806321 0.591479 0
    outer loop
      vertex 79.5044 40.3989 23.3
      vertex 79.4598 40.3381 22.92
      vertex 79.4598 40.3381 23.3
    endloop
  endfacet
  facet normal -0.865699 0.500565 0
    outer loop
      vertex 79.4221 40.2729 22.92
      vertex 79.4598 40.3381 23.3
      vertex 79.4598 40.3381 22.92
    endloop
  endfacet
  facet normal -0.865699 0.500565 0
    outer loop
      vertex 79.4598 40.3381 23.3
      vertex 79.4221 40.2729 22.92
      vertex 79.4221 40.2729 23.3
    endloop
  endfacet
  facet normal -0.913974 0.405773 0
    outer loop
      vertex 79.3912 40.2033 22.92
      vertex 79.4221 40.2729 23.3
      vertex 79.4221 40.2729 22.92
    endloop
  endfacet
  facet normal -0.913974 0.405773 0
    outer loop
      vertex 79.4221 40.2729 23.3
      vertex 79.3912 40.2033 22.92
      vertex 79.3912 40.2033 23.3
    endloop
  endfacet
  facet normal -0.9511 0.308882 0
    outer loop
      vertex 79.3672 40.1294 22.92
      vertex 79.3912 40.2033 23.3
      vertex 79.3912 40.2033 22.92
    endloop
  endfacet
  facet normal -0.9511 0.308882 0
    outer loop
      vertex 79.3912 40.2033 23.3
      vertex 79.3672 40.1294 22.92
      vertex 79.3672 40.1294 23.3
    endloop
  endfacet
  facet normal -0.97677 0.214291 0
    outer loop
      vertex 79.35 40.051 22.92
      vertex 79.3672 40.1294 23.3
      vertex 79.3672 40.1294 22.92
    endloop
  endfacet
  facet normal -0.97677 0.214291 0
    outer loop
      vertex 79.3672 40.1294 23.3
      vertex 79.35 40.051 22.92
      vertex 79.35 40.051 23.3
    endloop
  endfacet
  facet normal -0.992333 0.123592 0
    outer loop
      vertex 79.3397 39.9683 22.92
      vertex 79.35 40.051 23.3
      vertex 79.35 40.051 22.92
    endloop
  endfacet
  facet normal -0.992333 0.123592 0
    outer loop
      vertex 79.35 40.051 23.3
      vertex 79.3397 39.9683 22.92
      vertex 79.3397 39.9683 23.3
    endloop
  endfacet
  facet normal -0.999239 0.0390059 0
    outer loop
      vertex 79.3363 39.8812 22.92
      vertex 79.3397 39.9683 23.3
      vertex 79.3397 39.9683 22.92
    endloop
  endfacet
  facet normal -0.999239 0.0390059 0
    outer loop
      vertex 79.3397 39.9683 23.3
      vertex 79.3363 39.8812 22.92
      vertex 79.3363 39.8812 23.3
    endloop
  endfacet
  facet normal -0.998769 -0.0496003 0
    outer loop
      vertex 79.3429 39.7483 22.92
      vertex 79.3363 39.8812 23.3
      vertex 79.3363 39.8812 22.92
    endloop
  endfacet
  facet normal -0.998769 -0.0496003 0
    outer loop
      vertex 79.3363 39.8812 23.3
      vertex 79.3429 39.7483 22.92
      vertex 79.3429 39.7483 23.3
    endloop
  endfacet
  facet normal -0.987476 -0.157772 0
    outer loop
      vertex 79.3626 39.625 22.92
      vertex 79.3429 39.7483 23.3
      vertex 79.3429 39.7483 22.92
    endloop
  endfacet
  facet normal -0.987476 -0.157772 0
    outer loop
      vertex 79.3429 39.7483 23.3
      vertex 79.3626 39.625 22.92
      vertex 79.3626 39.625 23.3
    endloop
  endfacet
  facet normal -0.960529 -0.278181 0
    outer loop
      vertex 79.3955 39.5114 22.92
      vertex 79.3626 39.625 23.3
      vertex 79.3626 39.625 22.92
    endloop
  endfacet
  facet normal -0.960529 -0.278181 0
    outer loop
      vertex 79.3626 39.625 23.3
      vertex 79.3955 39.5114 22.92
      vertex 79.3955 39.5114 23.3
    endloop
  endfacet
  facet normal -0.914679 -0.404181 0
    outer loop
      vertex 79.4415 39.4073 22.92
      vertex 79.3955 39.5114 23.3
      vertex 79.3955 39.5114 22.92
    endloop
  endfacet
  facet normal -0.914679 -0.404181 0
    outer loop
      vertex 79.3955 39.5114 23.3
      vertex 79.4415 39.4073 22.92
      vertex 79.4415 39.4073 23.3
    endloop
  endfacet
  facet normal -0.847191 -0.531289 0
    outer loop
      vertex 79.5007 39.3129 22.92
      vertex 79.4415 39.4073 23.3
      vertex 79.4415 39.4073 22.92
    endloop
  endfacet
  facet normal -0.847191 -0.531289 0
    outer loop
      vertex 79.4415 39.4073 23.3
      vertex 79.5007 39.3129 22.92
      vertex 79.5007 39.3129 23.3
    endloop
  endfacet
  facet normal -0.760964 -0.648794 0
    outer loop
      vertex 79.573 39.2281 22.92
      vertex 79.5007 39.3129 23.3
      vertex 79.5007 39.3129 22.92
    endloop
  endfacet
  facet normal -0.760964 -0.648794 0
    outer loop
      vertex 79.5007 39.3129 23.3
      vertex 79.573 39.2281 22.92
      vertex 79.573 39.2281 23.3
    endloop
  endfacet
  facet normal -0.66043 -0.750888 0
    outer loop
      vertex 79.573 39.2281 22.92
      vertex 79.6585 39.1529 23.3
      vertex 79.573 39.2281 23.3
    endloop
  endfacet
  facet normal -0.66043 -0.750888 -0
    outer loop
      vertex 79.6585 39.1529 23.3
      vertex 79.573 39.2281 22.92
      vertex 79.6585 39.1529 22.92
    endloop
  endfacet
  facet normal -0.553528 -0.832831 0
    outer loop
      vertex 79.6585 39.1529 22.92
      vertex 79.7569 39.0875 23.3
      vertex 79.6585 39.1529 23.3
    endloop
  endfacet
  facet normal -0.553528 -0.832831 -0
    outer loop
      vertex 79.7569 39.0875 23.3
      vertex 79.6585 39.1529 22.92
      vertex 79.7569 39.0875 22.92
    endloop
  endfacet
  facet normal -0.445923 -0.895071 0
    outer loop
      vertex 79.7569 39.0875 22.92
      vertex 79.8679 39.0322 23.3
      vertex 79.7569 39.0875 23.3
    endloop
  endfacet
  facet normal -0.445923 -0.895071 -0
    outer loop
      vertex 79.8679 39.0322 23.3
      vertex 79.7569 39.0875 22.92
      vertex 79.8679 39.0322 22.92
    endloop
  endfacet
  facet normal -0.343451 -0.939171 0
    outer loop
      vertex 79.8679 39.0322 22.92
      vertex 79.9915 38.987 23.3
      vertex 79.8679 39.0322 23.3
    endloop
  endfacet
  facet normal -0.343451 -0.939171 -0
    outer loop
      vertex 79.9915 38.987 23.3
      vertex 79.8679 39.0322 22.92
      vertex 79.9915 38.987 22.92
    endloop
  endfacet
  facet normal -0.25005 -0.968233 0
    outer loop
      vertex 79.9915 38.987 22.92
      vertex 80.1278 38.9518 23.3
      vertex 79.9915 38.987 23.3
    endloop
  endfacet
  facet normal -0.25005 -0.968233 -0
    outer loop
      vertex 80.1278 38.9518 23.3
      vertex 79.9915 38.987 22.92
      vertex 80.1278 38.9518 22.92
    endloop
  endfacet
  facet normal -0.166977 -0.985961 0
    outer loop
      vertex 80.1278 38.9518 22.92
      vertex 80.2766 38.9266 23.3
      vertex 80.1278 38.9518 23.3
    endloop
  endfacet
  facet normal -0.166977 -0.985961 -0
    outer loop
      vertex 80.2766 38.9266 23.3
      vertex 80.1278 38.9518 22.92
      vertex 80.2766 38.9266 22.92
    endloop
  endfacet
  facet normal -0.0930924 -0.995657 0
    outer loop
      vertex 80.2766 38.9266 22.92
      vertex 80.4381 38.9115 23.3
      vertex 80.2766 38.9266 23.3
    endloop
  endfacet
  facet normal -0.0930924 -0.995657 -0
    outer loop
      vertex 80.4381 38.9115 23.3
      vertex 80.2766 38.9266 22.92
      vertex 80.4381 38.9115 22.92
    endloop
  endfacet
  facet normal -0.0287073 -0.999588 0
    outer loop
      vertex 80.4381 38.9115 22.92
      vertex 80.6122 38.9065 23.3
      vertex 80.4381 38.9115 23.3
    endloop
  endfacet
  facet normal -0.0287073 -0.999588 -0
    outer loop
      vertex 80.6122 38.9065 23.3
      vertex 80.4381 38.9115 22.92
      vertex 80.6122 38.9065 22.92
    endloop
  endfacet
  facet normal 0.0288065 -0.999585 0
    outer loop
      vertex 80.6122 38.9065 22.92
      vertex 80.7857 38.9115 23.3
      vertex 80.6122 38.9065 23.3
    endloop
  endfacet
  facet normal 0.0288065 -0.999585 0
    outer loop
      vertex 80.7857 38.9115 23.3
      vertex 80.6122 38.9065 22.92
      vertex 80.7857 38.9115 22.92
    endloop
  endfacet
  facet normal 0.123559 0.992337 -0
    outer loop
      vertex 80.5571 40.9443 22.92
      vertex 80.5057 40.9507 23.3
      vertex 80.5571 40.9443 23.3
    endloop
  endfacet
  facet normal 0.123559 0.992337 0
    outer loop
      vertex 80.5057 40.9507 23.3
      vertex 80.5571 40.9443 22.92
      vertex 80.5057 40.9507 22.92
    endloop
  endfacet
  facet normal 0.218879 0.975752 -0
    outer loop
      vertex 80.5057 40.9507 22.92
      vertex 80.458 40.9614 23.3
      vertex 80.5057 40.9507 23.3
    endloop
  endfacet
  facet normal 0.218879 0.975752 0
    outer loop
      vertex 80.458 40.9614 23.3
      vertex 80.5057 40.9507 22.92
      vertex 80.458 40.9614 22.92
    endloop
  endfacet
  facet normal 0.322058 0.94672 -0
    outer loop
      vertex 80.458 40.9614 22.92
      vertex 80.4142 40.9763 23.3
      vertex 80.458 40.9614 23.3
    endloop
  endfacet
  facet normal 0.322058 0.94672 0
    outer loop
      vertex 80.4142 40.9763 23.3
      vertex 80.458 40.9614 22.92
      vertex 80.4142 40.9763 22.92
    endloop
  endfacet
  facet normal 0.431853 0.901944 -0
    outer loop
      vertex 80.4142 40.9763 22.92
      vertex 80.3741 40.9955 23.3
      vertex 80.4142 40.9763 23.3
    endloop
  endfacet
  facet normal 0.431853 0.901944 0
    outer loop
      vertex 80.3741 40.9955 23.3
      vertex 80.4142 40.9763 22.92
      vertex 80.3741 40.9955 22.92
    endloop
  endfacet
  facet normal 0.540758 0.841178 -0
    outer loop
      vertex 80.3741 40.9955 22.92
      vertex 80.3377 41.0189 23.3
      vertex 80.3741 40.9955 23.3
    endloop
  endfacet
  facet normal 0.540758 0.841178 0
    outer loop
      vertex 80.3377 41.0189 23.3
      vertex 80.3741 40.9955 22.92
      vertex 80.3377 41.0189 22.92
    endloop
  endfacet
  facet normal 0.647513 0.762055 -0
    outer loop
      vertex 80.3377 41.0189 22.92
      vertex 80.3051 41.0466 23.3
      vertex 80.3377 41.0189 23.3
    endloop
  endfacet
  facet normal 0.647513 0.762055 0
    outer loop
      vertex 80.3051 41.0466 23.3
      vertex 80.3377 41.0189 22.92
      vertex 80.3051 41.0466 22.92
    endloop
  endfacet
  facet normal 0.744811 0.667275 0
    outer loop
      vertex 80.3051 41.0466 23.3
      vertex 80.2767 41.0783 22.92
      vertex 80.2767 41.0783 23.3
    endloop
  endfacet
  facet normal 0.744811 0.667275 0
    outer loop
      vertex 80.2767 41.0783 22.92
      vertex 80.3051 41.0466 23.3
      vertex 80.3051 41.0466 22.92
    endloop
  endfacet
  facet normal 0.824791 0.565438 0
    outer loop
      vertex 80.2767 41.0783 23.3
      vertex 80.2525 41.1136 22.92
      vertex 80.2525 41.1136 23.3
    endloop
  endfacet
  facet normal 0.824791 0.565438 0
    outer loop
      vertex 80.2525 41.1136 22.92
      vertex 80.2767 41.0783 23.3
      vertex 80.2767 41.0783 22.92
    endloop
  endfacet
  facet normal 0.892122 0.451794 0
    outer loop
      vertex 80.2525 41.1136 23.3
      vertex 80.2328 41.1525 22.92
      vertex 80.2328 41.1525 23.3
    endloop
  endfacet
  facet normal 0.892122 0.451794 0
    outer loop
      vertex 80.2328 41.1525 22.92
      vertex 80.2525 41.1136 23.3
      vertex 80.2525 41.1136 22.92
    endloop
  endfacet
  facet normal 0.941141 0.338015 0
    outer loop
      vertex 80.2328 41.1525 23.3
      vertex 80.2175 41.1951 22.92
      vertex 80.2175 41.1951 23.3
    endloop
  endfacet
  facet normal 0.941141 0.338015 0
    outer loop
      vertex 80.2175 41.1951 22.92
      vertex 80.2328 41.1525 23.3
      vertex 80.2328 41.1525 22.92
    endloop
  endfacet
  facet normal 0.972806 0.231621 0
    outer loop
      vertex 80.2175 41.1951 23.3
      vertex 80.2065 41.2413 22.92
      vertex 80.2065 41.2413 23.3
    endloop
  endfacet
  facet normal 0.972806 0.231621 0
    outer loop
      vertex 80.2065 41.2413 22.92
      vertex 80.2175 41.1951 23.3
      vertex 80.2175 41.1951 22.92
    endloop
  endfacet
  facet normal 0.991623 0.129169 0
    outer loop
      vertex 80.2065 41.2413 23.3
      vertex 80.2 41.2912 22.92
      vertex 80.2 41.2912 23.3
    endloop
  endfacet
  facet normal 0.991623 0.129169 0
    outer loop
      vertex 80.2 41.2912 22.92
      vertex 80.2065 41.2413 23.3
      vertex 80.2065 41.2413 22.92
    endloop
  endfacet
  facet normal 0.999156 0.0410868 0
    outer loop
      vertex 80.2 41.2912 23.3
      vertex 80.1978 41.3447 22.92
      vertex 80.1978 41.3447 23.3
    endloop
  endfacet
  facet normal 0.999156 0.0410868 0
    outer loop
      vertex 80.1978 41.3447 22.92
      vertex 80.2 41.2912 23.3
      vertex 80.2 41.2912 22.92
    endloop
  endfacet
  facet normal 0.999136 -0.041552 0
    outer loop
      vertex 80.1978 41.3447 23.3
      vertex 80.2 41.3976 22.92
      vertex 80.2 41.3976 23.3
    endloop
  endfacet
  facet normal 0.999136 -0.041552 0
    outer loop
      vertex 80.2 41.3976 22.92
      vertex 80.1978 41.3447 23.3
      vertex 80.1978 41.3447 22.92
    endloop
  endfacet
  facet normal 0.991454 -0.130455 0
    outer loop
      vertex 80.2 41.3976 23.3
      vertex 80.2065 41.447 22.92
      vertex 80.2065 41.447 23.3
    endloop
  endfacet
  facet normal 0.991454 -0.130455 0
    outer loop
      vertex 80.2065 41.447 22.92
      vertex 80.2 41.3976 23.3
      vertex 80.2 41.3976 22.92
    endloop
  endfacet
  facet normal 0.972349 -0.233534 0
    outer loop
      vertex 80.2065 41.447 23.3
      vertex 80.2175 41.4928 22.92
      vertex 80.2175 41.4928 23.3
    endloop
  endfacet
  facet normal 0.972349 -0.233534 0
    outer loop
      vertex 80.2175 41.4928 22.92
      vertex 80.2065 41.447 23.3
      vertex 80.2065 41.447 22.92
    endloop
  endfacet
  facet normal 0.940376 -0.340136 0
    outer loop
      vertex 80.2175 41.4928 23.3
      vertex 80.2328 41.5351 22.92
      vertex 80.2328 41.5351 23.3
    endloop
  endfacet
  facet normal 0.940376 -0.340136 0
    outer loop
      vertex 80.2328 41.5351 22.92
      vertex 80.2175 41.4928 23.3
      vertex 80.2175 41.4928 22.92
    endloop
  endfacet
  facet normal 0.89118 -0.45365 0
    outer loop
      vertex 80.2328 41.5351 23.3
      vertex 80.2525 41.5738 22.92
      vertex 80.2525 41.5738 23.3
    endloop
  endfacet
  facet normal 0.89118 -0.45365 0
    outer loop
      vertex 80.2525 41.5738 22.92
      vertex 80.2328 41.5351 23.3
      vertex 80.2328 41.5351 22.92
    endloop
  endfacet
  facet normal 0.824042 -0.566529 0
    outer loop
      vertex 80.2525 41.5738 23.3
      vertex 80.2767 41.609 22.92
      vertex 80.2767 41.609 23.3
    endloop
  endfacet
  facet normal 0.824042 -0.566529 0
    outer loop
      vertex 80.2767 41.609 22.92
      vertex 80.2525 41.5738 23.3
      vertex 80.2525 41.5738 22.92
    endloop
  endfacet
  facet normal 0.743762 -0.668444 0
    outer loop
      vertex 80.2767 41.609 23.3
      vertex 80.3051 41.6406 22.92
      vertex 80.3051 41.6406 23.3
    endloop
  endfacet
  facet normal 0.743762 -0.668444 0
    outer loop
      vertex 80.3051 41.6406 22.92
      vertex 80.2767 41.609 23.3
      vertex 80.2767 41.609 22.92
    endloop
  endfacet
  facet normal 0.647513 -0.762055 0
    outer loop
      vertex 80.3051 41.6406 22.92
      vertex 80.3377 41.6683 23.3
      vertex 80.3051 41.6406 23.3
    endloop
  endfacet
  facet normal 0.647513 -0.762055 0
    outer loop
      vertex 80.3377 41.6683 23.3
      vertex 80.3051 41.6406 22.92
      vertex 80.3377 41.6683 22.92
    endloop
  endfacet
  facet normal 0.540758 -0.841178 0
    outer loop
      vertex 80.3377 41.6683 22.92
      vertex 80.3741 41.6917 23.3
      vertex 80.3377 41.6683 23.3
    endloop
  endfacet
  facet normal 0.540758 -0.841178 0
    outer loop
      vertex 80.3741 41.6917 23.3
      vertex 80.3377 41.6683 22.92
      vertex 80.3741 41.6917 22.92
    endloop
  endfacet
  facet normal 0.431853 -0.901944 0
    outer loop
      vertex 80.3741 41.6917 22.92
      vertex 80.4142 41.7109 23.3
      vertex 80.3741 41.6917 23.3
    endloop
  endfacet
  facet normal 0.431853 -0.901944 0
    outer loop
      vertex 80.4142 41.7109 23.3
      vertex 80.3741 41.6917 22.92
      vertex 80.4142 41.7109 22.92
    endloop
  endfacet
  facet normal 0.322058 -0.94672 0
    outer loop
      vertex 80.4142 41.7109 22.92
      vertex 80.458 41.7258 23.3
      vertex 80.4142 41.7109 23.3
    endloop
  endfacet
  facet normal 0.322058 -0.94672 0
    outer loop
      vertex 80.458 41.7258 23.3
      vertex 80.4142 41.7109 22.92
      vertex 80.458 41.7258 22.92
    endloop
  endfacet
  facet normal 0.218879 -0.975752 0
    outer loop
      vertex 80.458 41.7258 22.92
      vertex 80.5057 41.7365 23.3
      vertex 80.458 41.7258 23.3
    endloop
  endfacet
  facet normal 0.218879 -0.975752 0
    outer loop
      vertex 80.5057 41.7365 23.3
      vertex 80.458 41.7258 22.92
      vertex 80.5057 41.7365 22.92
    endloop
  endfacet
  facet normal 0.123559 -0.992337 0
    outer loop
      vertex 80.5057 41.7365 22.92
      vertex 80.5571 41.7429 23.3
      vertex 80.5057 41.7365 23.3
    endloop
  endfacet
  facet normal 0.123559 -0.992337 0
    outer loop
      vertex 80.5571 41.7429 23.3
      vertex 80.5057 41.7365 22.92
      vertex 80.5571 41.7429 22.92
    endloop
  endfacet
  facet normal 0.0380849 -0.999275 0
    outer loop
      vertex 80.5571 41.7429 22.92
      vertex 80.6122 41.745 23.3
      vertex 80.5571 41.7429 23.3
    endloop
  endfacet
  facet normal 0.0380849 -0.999275 0
    outer loop
      vertex 80.6122 41.745 23.3
      vertex 80.5571 41.7429 22.92
      vertex 80.6122 41.745 22.92
    endloop
  endfacet
  facet normal -0.0388595 -0.999245 0
    outer loop
      vertex 80.6122 41.745 22.92
      vertex 80.6662 41.7429 23.3
      vertex 80.6122 41.745 23.3
    endloop
  endfacet
  facet normal -0.0388595 -0.999245 -0
    outer loop
      vertex 80.6662 41.7429 23.3
      vertex 80.6122 41.745 22.92
      vertex 80.6662 41.7429 22.92
    endloop
  endfacet
  facet normal -0.124278 -0.992247 0
    outer loop
      vertex 80.6662 41.7429 22.92
      vertex 80.7165 41.7366 23.3
      vertex 80.6662 41.7429 23.3
    endloop
  endfacet
  facet normal -0.124278 -0.992247 -0
    outer loop
      vertex 80.7165 41.7366 23.3
      vertex 80.6662 41.7429 22.92
      vertex 80.7165 41.7366 22.92
    endloop
  endfacet
  facet normal -0.2209 -0.975296 0
    outer loop
      vertex 80.7165 41.7366 22.92
      vertex 80.7633 41.726 23.3
      vertex 80.7165 41.7366 23.3
    endloop
  endfacet
  facet normal -0.2209 -0.975296 -0
    outer loop
      vertex 80.7633 41.726 23.3
      vertex 80.7165 41.7366 22.92
      vertex 80.7633 41.726 22.92
    endloop
  endfacet
  facet normal -0.322808 -0.946464 0
    outer loop
      vertex 80.7633 41.726 22.92
      vertex 80.8064 41.7113 23.3
      vertex 80.7633 41.726 23.3
    endloop
  endfacet
  facet normal -0.322808 -0.946464 -0
    outer loop
      vertex 80.8064 41.7113 23.3
      vertex 80.7633 41.726 22.92
      vertex 80.8064 41.7113 22.92
    endloop
  endfacet
  facet normal -0.434365 -0.900737 0
    outer loop
      vertex 80.8064 41.7113 22.92
      vertex 80.8458 41.6923 23.3
      vertex 80.8064 41.7113 23.3
    endloop
  endfacet
  facet normal -0.434365 -0.900737 -0
    outer loop
      vertex 80.8458 41.6923 23.3
      vertex 80.8064 41.7113 22.92
      vertex 80.8458 41.6923 22.92
    endloop
  endfacet
  facet normal -0.543834 -0.839193 0
    outer loop
      vertex 80.8458 41.6923 22.92
      vertex 80.8816 41.6691 23.3
      vertex 80.8458 41.6923 23.3
    endloop
  endfacet
  facet normal -0.543834 -0.839193 -0
    outer loop
      vertex 80.8816 41.6691 23.3
      vertex 80.8458 41.6923 22.92
      vertex 80.8816 41.6691 22.92
    endloop
  endfacet
  facet normal -0.64806 -0.761589 0
    outer loop
      vertex 80.8816 41.6691 22.92
      vertex 80.9138 41.6417 23.3
      vertex 80.8816 41.6691 23.3
    endloop
  endfacet
  facet normal -0.64806 -0.761589 -0
    outer loop
      vertex 80.9138 41.6417 23.3
      vertex 80.8816 41.6691 22.92
      vertex 80.9138 41.6417 22.92
    endloop
  endfacet
  facet normal -0.744001 -0.668179 0
    outer loop
      vertex 80.942 41.6103 22.92
      vertex 80.9138 41.6417 23.3
      vertex 80.9138 41.6417 22.92
    endloop
  endfacet
  facet normal -0.744001 -0.668179 0
    outer loop
      vertex 80.9138 41.6417 23.3
      vertex 80.942 41.6103 22.92
      vertex 80.942 41.6103 23.3
    endloop
  endfacet
  facet normal -0.825828 -0.563922 0
    outer loop
      vertex 80.9659 41.5753 22.92
      vertex 80.942 41.6103 23.3
      vertex 80.942 41.6103 22.92
    endloop
  endfacet
  facet normal -0.825828 -0.563922 0
    outer loop
      vertex 80.942 41.6103 23.3
      vertex 80.9659 41.5753 22.92
      vertex 80.9659 41.5753 23.3
    endloop
  endfacet
  facet normal -0.892579 -0.450891 0
    outer loop
      vertex 80.9855 41.5365 22.92
      vertex 80.9659 41.5753 23.3
      vertex 80.9659 41.5753 22.92
    endloop
  endfacet
  facet normal -0.892579 -0.450891 0
    outer loop
      vertex 80.9659 41.5753 23.3
      vertex 80.9855 41.5365 22.92
      vertex 80.9855 41.5365 23.3
    endloop
  endfacet
  facet normal -0.942043 -0.335492 0
    outer loop
      vertex 81.0006 41.4941 22.92
      vertex 80.9855 41.5365 23.3
      vertex 80.9855 41.5365 22.92
    endloop
  endfacet
  facet normal -0.942043 -0.335492 0
    outer loop
      vertex 80.9855 41.5365 23.3
      vertex 81.0006 41.4941 22.92
      vertex 81.0006 41.4941 23.3
    endloop
  endfacet
  facet normal -0.973167 -0.230098 0
    outer loop
      vertex 81.0115 41.448 22.92
      vertex 81.0006 41.4941 23.3
      vertex 81.0006 41.4941 22.92
    endloop
  endfacet
  facet normal -0.973167 -0.230098 0
    outer loop
      vertex 81.0006 41.4941 23.3
      vertex 81.0115 41.448 22.92
      vertex 81.0115 41.448 23.3
    endloop
  endfacet
  facet normal -0.991589 -0.129424 0
    outer loop
      vertex 81.018 41.3982 22.92
      vertex 81.0115 41.448 23.3
      vertex 81.0115 41.448 22.92
    endloop
  endfacet
  facet normal -0.991589 -0.129424 0
    outer loop
      vertex 81.0115 41.448 23.3
      vertex 81.018 41.3982 22.92
      vertex 81.018 41.3982 23.3
    endloop
  endfacet
  facet normal -0.999156 -0.0410868 0
    outer loop
      vertex 81.0202 41.3447 22.92
      vertex 81.018 41.3982 23.3
      vertex 81.018 41.3982 22.92
    endloop
  endfacet
  facet normal -0.999156 -0.0410868 0
    outer loop
      vertex 81.018 41.3982 23.3
      vertex 81.0202 41.3447 22.92
      vertex 81.0202 41.3447 23.3
    endloop
  endfacet
  facet normal -0.999156 0.0410868 0
    outer loop
      vertex 81.018 41.2912 22.92
      vertex 81.0202 41.3447 23.3
      vertex 81.0202 41.3447 22.92
    endloop
  endfacet
  facet normal -0.999156 0.0410868 0
    outer loop
      vertex 81.0202 41.3447 23.3
      vertex 81.018 41.2912 22.92
      vertex 81.018 41.2912 23.3
    endloop
  endfacet
  facet normal -0.991623 0.129169 0
    outer loop
      vertex 81.0115 41.2413 22.92
      vertex 81.018 41.2912 23.3
      vertex 81.018 41.2912 22.92
    endloop
  endfacet
  facet normal -0.991623 0.129169 0
    outer loop
      vertex 81.018 41.2912 23.3
      vertex 81.0115 41.2413 22.92
      vertex 81.0115 41.2413 23.3
    endloop
  endfacet
  facet normal -0.973279 0.229626 0
    outer loop
      vertex 81.0006 41.1951 22.92
      vertex 81.0115 41.2413 23.3
      vertex 81.0115 41.2413 22.92
    endloop
  endfacet
  facet normal -0.973279 0.229626 0
    outer loop
      vertex 81.0115 41.2413 23.3
      vertex 81.0006 41.1951 22.92
      vertex 81.0006 41.1951 23.3
    endloop
  endfacet
  facet normal -0.94254 0.334093 0
    outer loop
      vertex 80.9855 41.1525 22.92
      vertex 81.0006 41.1951 23.3
      vertex 81.0006 41.1951 22.92
    endloop
  endfacet
  facet normal -0.94254 0.334093 0
    outer loop
      vertex 81.0006 41.1951 23.3
      vertex 80.9855 41.1525 22.92
      vertex 80.9855 41.1525 23.3
    endloop
  endfacet
  facet normal -0.893046 0.449966 0
    outer loop
      vertex 80.9659 41.1136 22.92
      vertex 80.9855 41.1525 23.3
      vertex 80.9855 41.1525 22.92
    endloop
  endfacet
  facet normal -0.893046 0.449966 0
    outer loop
      vertex 80.9855 41.1525 23.3
      vertex 80.9659 41.1136 22.92
      vertex 80.9659 41.1136 23.3
    endloop
  endfacet
  facet normal -0.828059 0.560641 0
    outer loop
      vertex 80.942 41.0783 22.92
      vertex 80.9659 41.1136 23.3
      vertex 80.9659 41.1136 22.92
    endloop
  endfacet
  facet normal -0.828059 0.560641 0
    outer loop
      vertex 80.9659 41.1136 23.3
      vertex 80.942 41.0783 22.92
      vertex 80.942 41.0783 23.3
    endloop
  endfacet
  facet normal -0.747149 0.664656 0
    outer loop
      vertex 80.9138 41.0466 22.92
      vertex 80.942 41.0783 23.3
      vertex 80.942 41.0783 22.92
    endloop
  endfacet
  facet normal -0.747149 0.664656 0
    outer loop
      vertex 80.942 41.0783 23.3
      vertex 80.9138 41.0466 22.92
      vertex 80.9138 41.0466 23.3
    endloop
  endfacet
  facet normal -0.652148 0.758092 0
    outer loop
      vertex 80.9138 41.0466 22.92
      vertex 80.8816 41.0189 23.3
      vertex 80.9138 41.0466 23.3
    endloop
  endfacet
  facet normal -0.652148 0.758092 0
    outer loop
      vertex 80.8816 41.0189 23.3
      vertex 80.9138 41.0466 22.92
      vertex 80.8816 41.0189 22.92
    endloop
  endfacet
  facet normal -0.547123 0.837052 0
    outer loop
      vertex 80.8816 41.0189 22.92
      vertex 80.8458 40.9955 23.3
      vertex 80.8816 41.0189 23.3
    endloop
  endfacet
  facet normal -0.547123 0.837052 0
    outer loop
      vertex 80.8458 40.9955 23.3
      vertex 80.8816 41.0189 22.92
      vertex 80.8458 40.9955 22.92
    endloop
  endfacet
  facet normal -0.438064 0.898944 0
    outer loop
      vertex 80.8458 40.9955 22.92
      vertex 80.8064 40.9763 23.3
      vertex 80.8458 40.9955 23.3
    endloop
  endfacet
  facet normal -0.438064 0.898944 0
    outer loop
      vertex 80.8064 40.9763 23.3
      vertex 80.8458 40.9955 22.92
      vertex 80.8064 40.9763 22.92
    endloop
  endfacet
  facet normal -0.326734 0.945116 0
    outer loop
      vertex 80.8064 40.9763 22.92
      vertex 80.7633 40.9614 23.3
      vertex 80.8064 40.9763 23.3
    endloop
  endfacet
  facet normal -0.326734 0.945116 0
    outer loop
      vertex 80.7633 40.9614 23.3
      vertex 80.8064 40.9763 22.92
      vertex 80.7633 40.9614 22.92
    endloop
  endfacet
  facet normal -0.222881 0.974846 0
    outer loop
      vertex 80.7633 40.9614 22.92
      vertex 80.7165 40.9507 23.3
      vertex 80.7633 40.9614 23.3
    endloop
  endfacet
  facet normal -0.222881 0.974846 0
    outer loop
      vertex 80.7165 40.9507 23.3
      vertex 80.7633 40.9614 22.92
      vertex 80.7165 40.9507 22.92
    endloop
  endfacet
  facet normal -0.126219 0.992002 0
    outer loop
      vertex 80.7165 40.9507 22.92
      vertex 80.6662 40.9443 23.3
      vertex 80.7165 40.9507 23.3
    endloop
  endfacet
  facet normal -0.126219 0.992002 0
    outer loop
      vertex 80.6662 40.9443 23.3
      vertex 80.7165 40.9507 22.92
      vertex 80.6662 40.9443 22.92
    endloop
  endfacet
  facet normal -0.0388595 0.999245 0
    outer loop
      vertex 80.6662 40.9443 22.92
      vertex 80.6122 40.9422 23.3
      vertex 80.6662 40.9443 23.3
    endloop
  endfacet
  facet normal -0.0388595 0.999245 0
    outer loop
      vertex 80.6122 40.9422 23.3
      vertex 80.6662 40.9443 22.92
      vertex 80.6122 40.9422 22.92
    endloop
  endfacet
  facet normal 0.0380849 0.999275 -0
    outer loop
      vertex 80.6122 40.9422 22.92
      vertex 80.5571 40.9443 23.3
      vertex 80.6122 40.9422 23.3
    endloop
  endfacet
  facet normal 0.0380849 0.999275 0
    outer loop
      vertex 80.5571 40.9443 23.3
      vertex 80.6122 40.9422 22.92
      vertex 80.5571 40.9443 22.92
    endloop
  endfacet
  facet normal 0.128284 0.991737 -0
    outer loop
      vertex 80.5475 39.4334 22.92
      vertex 80.4872 39.4412 23.3
      vertex 80.5475 39.4334 23.3
    endloop
  endfacet
  facet normal 0.128284 0.991737 0
    outer loop
      vertex 80.4872 39.4412 23.3
      vertex 80.5475 39.4334 22.92
      vertex 80.4872 39.4412 22.92
    endloop
  endfacet
  facet normal 0.226513 0.974008 -0
    outer loop
      vertex 80.4872 39.4412 22.92
      vertex 80.4313 39.4542 23.3
      vertex 80.4872 39.4412 23.3
    endloop
  endfacet
  facet normal 0.226513 0.974008 0
    outer loop
      vertex 80.4313 39.4542 23.3
      vertex 80.4872 39.4412 22.92
      vertex 80.4313 39.4542 22.92
    endloop
  endfacet
  facet normal 0.331574 0.943429 -0
    outer loop
      vertex 80.4313 39.4542 22.92
      vertex 80.3798 39.4723 23.3
      vertex 80.4313 39.4542 23.3
    endloop
  endfacet
  facet normal 0.331574 0.943429 0
    outer loop
      vertex 80.3798 39.4723 23.3
      vertex 80.4313 39.4542 22.92
      vertex 80.3798 39.4723 22.92
    endloop
  endfacet
  facet normal 0.445689 0.895188 -0
    outer loop
      vertex 80.3798 39.4723 22.92
      vertex 80.3328 39.4957 23.3
      vertex 80.3798 39.4723 23.3
    endloop
  endfacet
  facet normal 0.445689 0.895188 0
    outer loop
      vertex 80.3328 39.4957 23.3
      vertex 80.3798 39.4723 22.92
      vertex 80.3328 39.4957 22.92
    endloop
  endfacet
  facet normal 0.55605 0.831149 -0
    outer loop
      vertex 80.3328 39.4957 22.92
      vertex 80.2902 39.5242 23.3
      vertex 80.3328 39.4957 23.3
    endloop
  endfacet
  facet normal 0.55605 0.831149 0
    outer loop
      vertex 80.2902 39.5242 23.3
      vertex 80.3328 39.4957 22.92
      vertex 80.2902 39.5242 22.92
    endloop
  endfacet
  facet normal 0.662658 0.748922 -0
    outer loop
      vertex 80.2902 39.5242 22.92
      vertex 80.252 39.558 23.3
      vertex 80.2902 39.5242 23.3
    endloop
  endfacet
  facet normal 0.662658 0.748922 0
    outer loop
      vertex 80.252 39.558 23.3
      vertex 80.2902 39.5242 22.92
      vertex 80.252 39.558 22.92
    endloop
  endfacet
  facet normal 0.756206 0.654334 0
    outer loop
      vertex 80.252 39.558 23.3
      vertex 80.2186 39.5966 22.92
      vertex 80.2186 39.5966 23.3
    endloop
  endfacet
  facet normal 0.756206 0.654334 0
    outer loop
      vertex 80.2186 39.5966 22.92
      vertex 80.252 39.558 23.3
      vertex 80.252 39.558 22.92
    endloop
  endfacet
  facet normal 0.837379 0.546623 0
    outer loop
      vertex 80.2186 39.5966 23.3
      vertex 80.1904 39.6398 22.92
      vertex 80.1904 39.6398 23.3
    endloop
  endfacet
  facet normal 0.837379 0.546623 0
    outer loop
      vertex 80.1904 39.6398 22.92
      vertex 80.2186 39.5966 23.3
      vertex 80.2186 39.5966 22.92
    endloop
  endfacet
  facet normal 0.899635 0.436643 0
    outer loop
      vertex 80.1904 39.6398 23.3
      vertex 80.1672 39.6876 22.92
      vertex 80.1672 39.6876 23.3
    endloop
  endfacet
  facet normal 0.899635 0.436643 0
    outer loop
      vertex 80.1672 39.6876 22.92
      vertex 80.1904 39.6398 23.3
      vertex 80.1904 39.6398 22.92
    endloop
  endfacet
  facet normal 0.94612 0.323816 0
    outer loop
      vertex 80.1672 39.6876 23.3
      vertex 80.1493 39.7399 22.92
      vertex 80.1493 39.7399 23.3
    endloop
  endfacet
  facet normal 0.94612 0.323816 0
    outer loop
      vertex 80.1493 39.7399 22.92
      vertex 80.1672 39.6876 23.3
      vertex 80.1672 39.6876 22.92
    endloop
  endfacet
  facet normal 0.975251 0.221103 0
    outer loop
      vertex 80.1493 39.7399 23.3
      vertex 80.1364 39.7968 22.92
      vertex 80.1364 39.7968 23.3
    endloop
  endfacet
  facet normal 0.975251 0.221103 0
    outer loop
      vertex 80.1364 39.7968 22.92
      vertex 80.1493 39.7399 23.3
      vertex 80.1493 39.7399 22.92
    endloop
  endfacet
  facet normal 0.992253 0.124233 0
    outer loop
      vertex 80.1364 39.7968 23.3
      vertex 80.1287 39.8583 22.92
      vertex 80.1287 39.8583 23.3
    endloop
  endfacet
  facet normal 0.992253 0.124233 0
    outer loop
      vertex 80.1287 39.8583 22.92
      vertex 80.1364 39.7968 23.3
      vertex 80.1364 39.7968 22.92
    endloop
  endfacet
  facet normal 0.999225 0.0393634 0
    outer loop
      vertex 80.1287 39.8583 23.3
      vertex 80.1261 39.9243 22.92
      vertex 80.1261 39.9243 23.3
    endloop
  endfacet
  facet normal 0.999225 0.0393634 0
    outer loop
      vertex 80.1261 39.9243 22.92
      vertex 80.1287 39.8583 23.3
      vertex 80.1287 39.8583 22.92
    endloop
  endfacet
  facet normal 0.999227 -0.0393039 0
    outer loop
      vertex 80.1261 39.9243 23.3
      vertex 80.1287 39.9904 22.92
      vertex 80.1287 39.9904 23.3
    endloop
  endfacet
  facet normal 0.999227 -0.0393039 0
    outer loop
      vertex 80.1287 39.9904 22.92
      vertex 80.1261 39.9243 23.3
      vertex 80.1261 39.9243 22.92
    endloop
  endfacet
  facet normal 0.992253 -0.124233 0
    outer loop
      vertex 80.1287 39.9904 23.3
      vertex 80.1364 40.0519 22.92
      vertex 80.1364 40.0519 23.3
    endloop
  endfacet
  facet normal 0.992253 -0.124233 0
    outer loop
      vertex 80.1364 40.0519 22.92
      vertex 80.1287 39.9904 23.3
      vertex 80.1287 39.9904 22.92
    endloop
  endfacet
  facet normal 0.975334 -0.220734 0
    outer loop
      vertex 80.1364 40.0519 23.3
      vertex 80.1493 40.1089 22.92
      vertex 80.1493 40.1089 23.3
    endloop
  endfacet
  facet normal 0.975334 -0.220734 0
    outer loop
      vertex 80.1493 40.1089 22.92
      vertex 80.1364 40.0519 23.3
      vertex 80.1364 40.0519 22.92
    endloop
  endfacet
  facet normal 0.946498 -0.322711 0
    outer loop
      vertex 80.1493 40.1089 23.3
      vertex 80.1672 40.1614 22.92
      vertex 80.1672 40.1614 23.3
    endloop
  endfacet
  facet normal 0.946498 -0.322711 0
    outer loop
      vertex 80.1672 40.1614 22.92
      vertex 80.1493 40.1089 23.3
      vertex 80.1493 40.1089 22.92
    endloop
  endfacet
  facet normal 0.900349 -0.435169 0
    outer loop
      vertex 80.1672 40.1614 23.3
      vertex 80.1904 40.2094 22.92
      vertex 80.1904 40.2094 23.3
    endloop
  endfacet
  facet normal 0.900349 -0.435169 0
    outer loop
      vertex 80.1904 40.2094 22.92
      vertex 80.1672 40.1614 23.3
      vertex 80.1672 40.1614 22.92
    endloop
  endfacet
  facet normal 0.838532 -0.544853 0
    outer loop
      vertex 80.1904 40.2094 23.3
      vertex 80.2186 40.2528 22.92
      vertex 80.2186 40.2528 23.3
    endloop
  endfacet
  facet normal 0.838532 -0.544853 0
    outer loop
      vertex 80.2186 40.2528 22.92
      vertex 80.1904 40.2094 23.3
      vertex 80.1904 40.2094 22.92
    endloop
  endfacet
  facet normal 0.758706 -0.651434 0
    outer loop
      vertex 80.2186 40.2528 23.3
      vertex 80.252 40.2917 22.92
      vertex 80.252 40.2917 23.3
    endloop
  endfacet
  facet normal 0.758706 -0.651434 0
    outer loop
      vertex 80.252 40.2917 22.92
      vertex 80.2186 40.2528 23.3
      vertex 80.2186 40.2528 22.92
    endloop
  endfacet
  facet normal 0.664849 -0.746978 0
    outer loop
      vertex 80.252 40.2917 22.92
      vertex 80.2902 40.3257 23.3
      vertex 80.252 40.2917 23.3
    endloop
  endfacet
  facet normal 0.664849 -0.746978 0
    outer loop
      vertex 80.2902 40.3257 23.3
      vertex 80.252 40.2917 22.92
      vertex 80.2902 40.3257 22.92
    endloop
  endfacet
  facet normal 0.560074 -0.828443 0
    outer loop
      vertex 80.2902 40.3257 22.92
      vertex 80.3328 40.3545 23.3
      vertex 80.2902 40.3257 23.3
    endloop
  endfacet
  facet normal 0.560074 -0.828443 0
    outer loop
      vertex 80.3328 40.3545 23.3
      vertex 80.2902 40.3257 22.92
      vertex 80.3328 40.3545 22.92
    endloop
  endfacet
  facet normal 0.448734 -0.893665 0
    outer loop
      vertex 80.3328 40.3545 22.92
      vertex 80.3798 40.3781 23.3
      vertex 80.3328 40.3545 23.3
    endloop
  endfacet
  facet normal 0.448734 -0.893665 0
    outer loop
      vertex 80.3798 40.3781 23.3
      vertex 80.3328 40.3545 22.92
      vertex 80.3798 40.3781 22.92
    endloop
  endfacet
  facet normal 0.334829 -0.942279 0
    outer loop
      vertex 80.3798 40.3781 22.92
      vertex 80.4313 40.3964 23.3
      vertex 80.3798 40.3781 23.3
    endloop
  endfacet
  facet normal 0.334829 -0.942279 0
    outer loop
      vertex 80.4313 40.3964 23.3
      vertex 80.3798 40.3781 22.92
      vertex 80.4313 40.3964 22.92
    endloop
  endfacet
  facet normal 0.228166 -0.973622 0
    outer loop
      vertex 80.4313 40.3964 22.92
      vertex 80.4872 40.4095 23.3
      vertex 80.4313 40.3964 23.3
    endloop
  endfacet
  facet normal 0.228166 -0.973622 0
    outer loop
      vertex 80.4872 40.4095 23.3
      vertex 80.4313 40.3964 22.92
      vertex 80.4872 40.4095 22.92
    endloop
  endfacet
  facet normal 0.129902 -0.991527 0
    outer loop
      vertex 80.4872 40.4095 22.92
      vertex 80.5475 40.4174 23.3
      vertex 80.4872 40.4095 23.3
    endloop
  endfacet
  facet normal 0.129902 -0.991527 0
    outer loop
      vertex 80.5475 40.4174 23.3
      vertex 80.4872 40.4095 22.92
      vertex 80.5475 40.4174 22.92
    endloop
  endfacet
  facet normal 0.0401531 -0.999194 0
    outer loop
      vertex 80.5475 40.4174 22.92
      vertex 80.6122 40.42 23.3
      vertex 80.5475 40.4174 23.3
    endloop
  endfacet
  facet normal 0.0401531 -0.999194 0
    outer loop
      vertex 80.6122 40.42 23.3
      vertex 80.5475 40.4174 22.92
      vertex 80.6122 40.42 22.92
    endloop
  endfacet
  facet normal -0.0405283 -0.999178 0
    outer loop
      vertex 80.6122 40.42 22.92
      vertex 80.6763 40.4174 23.3
      vertex 80.6122 40.42 23.3
    endloop
  endfacet
  facet normal -0.0405283 -0.999178 -0
    outer loop
      vertex 80.6763 40.4174 23.3
      vertex 80.6122 40.42 22.92
      vertex 80.6763 40.4174 22.92
    endloop
  endfacet
  facet normal -0.129552 -0.991573 0
    outer loop
      vertex 80.6763 40.4174 22.92
      vertex 80.736 40.4096 23.3
      vertex 80.6763 40.4174 23.3
    endloop
  endfacet
  facet normal -0.129552 -0.991573 -0
    outer loop
      vertex 80.736 40.4096 23.3
      vertex 80.6763 40.4174 22.92
      vertex 80.736 40.4096 22.92
    endloop
  endfacet
  facet normal -0.228843 -0.973463 0
    outer loop
      vertex 80.736 40.4096 22.92
      vertex 80.7913 40.3966 23.3
      vertex 80.736 40.4096 23.3
    endloop
  endfacet
  facet normal -0.228843 -0.973463 -0
    outer loop
      vertex 80.7913 40.3966 23.3
      vertex 80.736 40.4096 22.92
      vertex 80.7913 40.3966 22.92
    endloop
  endfacet
  facet normal -0.335631 -0.941993 0
    outer loop
      vertex 80.7913 40.3966 22.92
      vertex 80.8421 40.3785 23.3
      vertex 80.7913 40.3966 23.3
    endloop
  endfacet
  facet normal -0.335631 -0.941993 -0
    outer loop
      vertex 80.8421 40.3785 23.3
      vertex 80.7913 40.3966 22.92
      vertex 80.8421 40.3785 22.92
    endloop
  endfacet
  facet normal -0.45029 -0.892882 0
    outer loop
      vertex 80.8421 40.3785 22.92
      vertex 80.8885 40.3551 23.3
      vertex 80.8421 40.3785 23.3
    endloop
  endfacet
  facet normal -0.45029 -0.892882 -0
    outer loop
      vertex 80.8885 40.3551 23.3
      vertex 80.8421 40.3785 22.92
      vertex 80.8885 40.3551 22.92
    endloop
  endfacet
  facet normal -0.562848 -0.82656 0
    outer loop
      vertex 80.8885 40.3551 22.92
      vertex 80.9305 40.3265 23.3
      vertex 80.8885 40.3551 23.3
    endloop
  endfacet
  facet normal -0.562848 -0.82656 -0
    outer loop
      vertex 80.9305 40.3265 23.3
      vertex 80.8885 40.3551 22.92
      vertex 80.9305 40.3265 22.92
    endloop
  endfacet
  facet normal -0.667431 -0.744671 0
    outer loop
      vertex 80.9305 40.3265 22.92
      vertex 80.9681 40.2928 23.3
      vertex 80.9305 40.3265 23.3
    endloop
  endfacet
  facet normal -0.667431 -0.744671 -0
    outer loop
      vertex 80.9681 40.2928 23.3
      vertex 80.9305 40.3265 22.92
      vertex 80.9681 40.2928 22.92
    endloop
  endfacet
  facet normal -0.762863 -0.646561 0
    outer loop
      vertex 81.0009 40.2541 22.92
      vertex 80.9681 40.2928 23.3
      vertex 80.9681 40.2928 22.92
    endloop
  endfacet
  facet normal -0.762863 -0.646561 0
    outer loop
      vertex 80.9681 40.2928 23.3
      vertex 81.0009 40.2541 22.92
      vertex 81.0009 40.2541 23.3
    endloop
  endfacet
  facet normal -0.841494 -0.540266 0
    outer loop
      vertex 81.0287 40.2108 22.92
      vertex 81.0009 40.2541 23.3
      vertex 81.0009 40.2541 22.92
    endloop
  endfacet
  facet normal -0.841494 -0.540266 0
    outer loop
      vertex 81.0009 40.2541 23.3
      vertex 81.0287 40.2108 22.92
      vertex 81.0287 40.2108 23.3
    endloop
  endfacet
  facet normal -0.904006 -0.42752 0
    outer loop
      vertex 81.0514 40.1628 22.92
      vertex 81.0287 40.2108 23.3
      vertex 81.0287 40.2108 22.92
    endloop
  endfacet
  facet normal -0.904006 -0.42752 0
    outer loop
      vertex 81.0287 40.2108 23.3
      vertex 81.0514 40.1628 22.92
      vertex 81.0514 40.1628 23.3
    endloop
  endfacet
  facet normal -0.947779 -0.318929 0
    outer loop
      vertex 81.0691 40.1102 22.92
      vertex 81.0514 40.1628 23.3
      vertex 81.0514 40.1628 22.92
    endloop
  endfacet
  facet normal -0.947779 -0.318929 0
    outer loop
      vertex 81.0514 40.1628 23.3
      vertex 81.0691 40.1102 22.92
      vertex 81.0691 40.1102 23.3
    endloop
  endfacet
  facet normal -0.976666 -0.214764 0
    outer loop
      vertex 81.0817 40.0529 22.92
      vertex 81.0691 40.1102 23.3
      vertex 81.0691 40.1102 22.92
    endloop
  endfacet
  facet normal -0.976666 -0.214764 0
    outer loop
      vertex 81.0691 40.1102 23.3
      vertex 81.0817 40.0529 22.92
      vertex 81.0817 40.0529 23.3
    endloop
  endfacet
  facet normal -0.992571 -0.12167 0
    outer loop
      vertex 81.0893 39.9909 22.92
      vertex 81.0817 40.0529 23.3
      vertex 81.0817 40.0529 22.92
    endloop
  endfacet
  facet normal -0.992571 -0.12167 0
    outer loop
      vertex 81.0817 40.0529 23.3
      vertex 81.0893 39.9909 22.92
      vertex 81.0893 39.9909 23.3
    endloop
  endfacet
  facet normal -0.999296 -0.0375111 0
    outer loop
      vertex 81.0918 39.9243 22.92
      vertex 81.0893 39.9909 23.3
      vertex 81.0893 39.9909 22.92
    endloop
  endfacet
  facet normal -0.999296 -0.0375111 0
    outer loop
      vertex 81.0893 39.9909 23.3
      vertex 81.0918 39.9243 22.92
      vertex 81.0918 39.9243 23.3
    endloop
  endfacet
  facet normal -0.999283 0.0378516 0
    outer loop
      vertex 81.0893 39.8583 22.92
      vertex 81.0918 39.9243 23.3
      vertex 81.0918 39.9243 22.92
    endloop
  endfacet
  facet normal -0.999283 0.0378516 0
    outer loop
      vertex 81.0918 39.9243 23.3
      vertex 81.0893 39.8583 22.92
      vertex 81.0893 39.8583 23.3
    endloop
  endfacet
  facet normal -0.992451 0.122644 0
    outer loop
      vertex 81.0817 39.7968 22.92
      vertex 81.0893 39.8583 23.3
      vertex 81.0893 39.8583 22.92
    endloop
  endfacet
  facet normal -0.992451 0.122644 0
    outer loop
      vertex 81.0893 39.8583 23.3
      vertex 81.0817 39.7968 22.92
      vertex 81.0817 39.7968 23.3
    endloop
  endfacet
  facet normal -0.976348 0.216204 0
    outer loop
      vertex 81.0691 39.7399 22.92
      vertex 81.0817 39.7968 23.3
      vertex 81.0817 39.7968 22.92
    endloop
  endfacet
  facet normal -0.976348 0.216204 0
    outer loop
      vertex 81.0817 39.7968 23.3
      vertex 81.0691 39.7399 22.92
      vertex 81.0691 39.7399 23.3
    endloop
  endfacet
  facet normal -0.947224 0.320571 0
    outer loop
      vertex 81.0514 39.6876 22.92
      vertex 81.0691 39.7399 23.3
      vertex 81.0691 39.7399 22.92
    endloop
  endfacet
  facet normal -0.947224 0.320571 0
    outer loop
      vertex 81.0691 39.7399 23.3
      vertex 81.0514 39.6876 22.92
      vertex 81.0514 39.6876 23.3
    endloop
  endfacet
  facet normal -0.903314 0.42898 0
    outer loop
      vertex 81.0287 39.6398 22.92
      vertex 81.0514 39.6876 23.3
      vertex 81.0514 39.6876 22.92
    endloop
  endfacet
  facet normal -0.903314 0.42898 0
    outer loop
      vertex 81.0514 39.6876 23.3
      vertex 81.0287 39.6398 22.92
      vertex 81.0287 39.6398 23.3
    endloop
  endfacet
  facet normal -0.840925 0.541151 0
    outer loop
      vertex 81.0009 39.5966 22.92
      vertex 81.0287 39.6398 23.3
      vertex 81.0287 39.6398 22.92
    endloop
  endfacet
  facet normal -0.840925 0.541151 0
    outer loop
      vertex 81.0287 39.6398 23.3
      vertex 81.0009 39.5966 22.92
      vertex 81.0009 39.5966 23.3
    endloop
  endfacet
  facet normal -0.762037 0.647534 0
    outer loop
      vertex 80.9681 39.558 22.92
      vertex 81.0009 39.5966 23.3
      vertex 81.0009 39.5966 22.92
    endloop
  endfacet
  facet normal -0.762037 0.647534 0
    outer loop
      vertex 81.0009 39.5966 23.3
      vertex 80.9681 39.558 22.92
      vertex 80.9681 39.558 23.3
    endloop
  endfacet
  facet normal -0.668528 0.743687 0
    outer loop
      vertex 80.9681 39.558 22.92
      vertex 80.9305 39.5242 23.3
      vertex 80.9681 39.558 23.3
    endloop
  endfacet
  facet normal -0.668528 0.743687 0
    outer loop
      vertex 80.9305 39.5242 23.3
      vertex 80.9681 39.558 22.92
      vertex 80.9305 39.5242 22.92
    endloop
  endfacet
  facet normal -0.561501 0.827476 0
    outer loop
      vertex 80.9305 39.5242 22.92
      vertex 80.8885 39.4957 23.3
      vertex 80.9305 39.5242 23.3
    endloop
  endfacet
  facet normal -0.561501 0.827476 0
    outer loop
      vertex 80.8885 39.4957 23.3
      vertex 80.9305 39.5242 22.92
      vertex 80.8885 39.4957 22.92
    endloop
  endfacet
  facet normal -0.45029 0.892882 0
    outer loop
      vertex 80.8885 39.4957 22.92
      vertex 80.8421 39.4723 23.3
      vertex 80.8885 39.4957 23.3
    endloop
  endfacet
  facet normal -0.45029 0.892882 0
    outer loop
      vertex 80.8421 39.4723 23.3
      vertex 80.8885 39.4957 22.92
      vertex 80.8421 39.4723 22.92
    endloop
  endfacet
  facet normal -0.335631 0.941993 0
    outer loop
      vertex 80.8421 39.4723 22.92
      vertex 80.7913 39.4542 23.3
      vertex 80.8421 39.4723 23.3
    endloop
  endfacet
  facet normal -0.335631 0.941993 0
    outer loop
      vertex 80.7913 39.4542 23.3
      vertex 80.8421 39.4723 22.92
      vertex 80.7913 39.4542 22.92
    endloop
  endfacet
  facet normal -0.228843 0.973463 0
    outer loop
      vertex 80.7913 39.4542 22.92
      vertex 80.736 39.4412 23.3
      vertex 80.7913 39.4542 23.3
    endloop
  endfacet
  facet normal -0.228843 0.973463 0
    outer loop
      vertex 80.736 39.4412 23.3
      vertex 80.7913 39.4542 22.92
      vertex 80.736 39.4412 22.92
    endloop
  endfacet
  facet normal -0.129552 0.991573 0
    outer loop
      vertex 80.736 39.4412 22.92
      vertex 80.6763 39.4334 23.3
      vertex 80.736 39.4412 23.3
    endloop
  endfacet
  facet normal -0.129552 0.991573 0
    outer loop
      vertex 80.6763 39.4334 23.3
      vertex 80.736 39.4412 22.92
      vertex 80.6763 39.4334 22.92
    endloop
  endfacet
  facet normal -0.0405283 0.999178 0
    outer loop
      vertex 80.6763 39.4334 22.92
      vertex 80.6122 39.4308 23.3
      vertex 80.6763 39.4334 23.3
    endloop
  endfacet
  facet normal -0.0405283 0.999178 0
    outer loop
      vertex 80.6122 39.4308 23.3
      vertex 80.6763 39.4334 22.92
      vertex 80.6122 39.4308 22.92
    endloop
  endfacet
  facet normal 0.0401531 0.999194 -0
    outer loop
      vertex 80.6122 39.4308 22.92
      vertex 80.5475 39.4334 23.3
      vertex 80.6122 39.4308 23.3
    endloop
  endfacet
  facet normal 0.0401531 0.999194 0
    outer loop
      vertex 80.5475 39.4334 23.3
      vertex 80.6122 39.4308 22.92
      vertex 80.5475 39.4334 22.92
    endloop
  endfacet
  facet normal 0 0 -1
    outer loop
      vertex 24.6592 22.1847 22.92
      vertex 23.8288 22.0441 22.92
      vertex 23.8311 22.1225 22.92
    endloop
  endfacet
  facet normal 0 0 -1
    outer loop
      vertex 23.8862 21.1977 22.92
      vertex 23.8221 21.9715 22.92
      vertex 23.8288 22.0441 22.92
    endloop
  endfacet
  facet normal 0 0 -1
    outer loop
      vertex 23.8862 21.1977 22.92
      vertex 23.8108 21.9047 22.92
      vertex 23.8221 21.9715 22.92
    endloop
  endfacet
  facet normal 0 0 -1
    outer loop
      vertex 23.6056 21.5997 22.92
      vertex 23.8429 21.17 22.92
      vertex 23.7987 21.1445 22.92
    endloop
  endfacet
  facet normal 0 0 -1
    outer loop
      vertex 23.8862 21.1977 22.92
      vertex 23.795 21.8437 22.92
      vertex 23.8108 21.9047 22.92
    endloop
  endfacet
  facet normal 0 0 -1
    outer loop
      vertex 23.8862 21.1977 22.92
      vertex 23.7746 21.7885 22.92
      vertex 23.795 21.8437 22.92
    endloop
  endfacet
  facet normal 0 0 -1
    outer loop
      vertex 23.5585 21.5793 22.92
      vertex 23.7987 21.1445 22.92
      vertex 23.7537 21.1213 22.92
    endloop
  endfacet
  facet normal 0 0 -1
    outer loop
      vertex 23.8862 21.1977 22.92
      vertex 23.7498 21.7391 22.92
      vertex 23.7746 21.7885 22.92
    endloop
  endfacet
  facet normal 0 0 -1
    outer loop
      vertex 23.8862 21.1977 22.92
      vertex 23.7204 21.6955 22.92
      vertex 23.7498 21.7391 22.92
    endloop
  endfacet
  facet normal 0 0 -1
    outer loop
      vertex 23.5585 21.5793 22.92
      vertex 23.7537 21.1213 22.92
      vertex 23.708 21.1002 22.92
    endloop
  endfacet
  facet normal 0 0 -1
    outer loop
      vertex 23.8862 21.1977 22.92
      vertex 23.6866 21.6578 22.92
      vertex 23.7204 21.6955 22.92
    endloop
  endfacet
  facet normal 0 0 -1
    outer loop
      vertex 23.507 21.5648 22.92
      vertex 23.708 21.1002 22.92
      vertex 23.6614 21.0814 22.92
    endloop
  endfacet
  facet normal 0 0 -1
    outer loop
      vertex 23.8862 21.1977 22.92
      vertex 23.6483 21.6258 22.92
      vertex 23.6866 21.6578 22.92
    endloop
  endfacet
  facet normal 0 0 -1
    outer loop
      vertex 23.507 21.5648 22.92
      vertex 23.6614 21.0814 22.92
      vertex 23.6141 21.0648 22.92
    endloop
  endfacet
  facet normal 0 0 -1
    outer loop
      vertex 23.8862 21.1977 22.92
      vertex 23.6056 21.5997 22.92
      vertex 23.6483 21.6258 22.92
    endloop
  endfacet
  facet normal 0 0 -1
    outer loop
      vertex 23.507 21.5648 22.92
      vertex 23.6141 21.0648 22.92
      vertex 23.5658 21.0504 22.92
    endloop
  endfacet
  facet normal 0 0 -1
    outer loop
      vertex 23.7987 21.1445 22.92
      vertex 23.5585 21.5793 22.92
      vertex 23.6056 21.5997 22.92
    endloop
  endfacet
  facet normal 0 0 -1
    outer loop
      vertex 23.451 21.5561 22.92
      vertex 23.5658 21.0504 22.92
      vertex 23.5163 21.0382 22.92
    endloop
  endfacet
  facet normal 0 0 -1
    outer loop
      vertex 23.708 21.1002 22.92
      vertex 23.507 21.5648 22.92
      vertex 23.5585 21.5793 22.92
    endloop
  endfacet
  facet normal 0 0 -1
    outer loop
      vertex 23.451 21.5561 22.92
      vertex 23.5163 21.0382 22.92
      vertex 23.4657 21.0282 22.92
    endloop
  endfacet
  facet normal 0 0 -1
    outer loop
      vertex 23.5658 21.0504 22.92
      vertex 23.451 21.5561 22.92
      vertex 23.507 21.5648 22.92
    endloop
  endfacet
  facet normal 0 0 -1
    outer loop
      vertex 23.3906 21.5532 22.92
      vertex 23.4657 21.0282 22.92
      vertex 23.414 21.0205 22.92
    endloop
  endfacet
  facet normal 0 0 -1
    outer loop
      vertex 23.4657 21.0282 22.92
      vertex 23.3906 21.5532 22.92
      vertex 23.451 21.5561 22.92
    endloop
  endfacet
  facet normal 0 0 -1
    outer loop
      vertex 23.361 21.0149 22.92
      vertex 23.3906 21.5532 22.92
      vertex 23.414 21.0205 22.92
    endloop
  endfacet
  facet normal 0 0 -1
    outer loop
      vertex 23.361 21.0149 22.92
      vertex 23.3302 21.5561 22.92
      vertex 23.3906 21.5532 22.92
    endloop
  endfacet
  facet normal 0 0 -1
    outer loop
      vertex 23.307 21.0116 22.92
      vertex 23.3302 21.5561 22.92
      vertex 23.361 21.0149 22.92
    endloop
  endfacet
  facet normal 0 0 -1
    outer loop
      vertex 23.2517 21.0105 22.92
      vertex 23.3302 21.5561 22.92
      vertex 23.307 21.0116 22.92
    endloop
  endfacet
  facet normal -0 0 -1
    outer loop
      vertex 23.3302 21.5561 22.92
      vertex 23.2517 21.0105 22.92
      vertex 23.2743 21.5648 22.92
    endloop
  endfacet
  facet normal 0 0 -1
    outer loop
      vertex 23.1137 21.0164 22.92
      vertex 23.2743 21.5648 22.92
      vertex 23.2517 21.0105 22.92
    endloop
  endfacet
  facet normal -0 0 -1
    outer loop
      vertex 23.2743 21.5648 22.92
      vertex 23.1137 21.0164 22.92
      vertex 23.2227 21.5793 22.92
    endloop
  endfacet
  facet normal 0 0 -1
    outer loop
      vertex 22.9834 21.0341 22.92
      vertex 23.2227 21.5793 22.92
      vertex 23.1137 21.0164 22.92
    endloop
  endfacet
  facet normal -0 0 -1
    outer loop
      vertex 23.2227 21.5793 22.92
      vertex 22.9834 21.0341 22.92
      vertex 23.1756 21.5997 22.92
    endloop
  endfacet
  facet normal -0 0 -1
    outer loop
      vertex 23.1756 21.5997 22.92
      vertex 22.9834 21.0341 22.92
      vertex 23.1329 21.6258 22.92
    endloop
  endfacet
  facet normal 0 0 -1
    outer loop
      vertex 22.8611 21.0637 22.92
      vertex 23.1329 21.6258 22.92
      vertex 22.9834 21.0341 22.92
    endloop
  endfacet
  facet normal 0 0 -1
    outer loop
      vertex 22.7465 21.1051 22.92
      vertex 23.1329 21.6258 22.92
      vertex 22.8611 21.0637 22.92
    endloop
  endfacet
  facet normal -0 0 -1
    outer loop
      vertex 23.1329 21.6258 22.92
      vertex 22.7465 21.1051 22.92
      vertex 23.0946 21.6578 22.92
    endloop
  endfacet
  facet normal 0 0 -1
    outer loop
      vertex 22.6398 21.1584 22.92
      vertex 23.0946 21.6578 22.92
      vertex 22.7465 21.1051 22.92
    endloop
  endfacet
  facet normal -0 0 -1
    outer loop
      vertex 23.0946 21.6578 22.92
      vertex 22.6398 21.1584 22.92
      vertex 23.0608 21.6955 22.92
    endloop
  endfacet
  facet normal 0 0 -1
    outer loop
      vertex 22.5409 21.2234 22.92
      vertex 23.0608 21.6955 22.92
      vertex 22.6398 21.1584 22.92
    endloop
  endfacet
  facet normal -0 0 -1
    outer loop
      vertex 23.0608 21.6955 22.92
      vertex 22.5409 21.2234 22.92
      vertex 23.0314 21.7391 22.92
    endloop
  endfacet
  facet normal 0 0 -1
    outer loop
      vertex 22.4499 21.3003 22.92
      vertex 23.0314 21.7391 22.92
      vertex 22.5409 21.2234 22.92
    endloop
  endfacet
  facet normal -0 0 -1
    outer loop
      vertex 23.0314 21.7391 22.92
      vertex 22.4499 21.3003 22.92
      vertex 23.0066 21.7885 22.92
    endloop
  endfacet
  facet normal 0 0 -1
    outer loop
      vertex 22.369 21.3869 22.92
      vertex 23.0066 21.7885 22.92
      vertex 22.4499 21.3003 22.92
    endloop
  endfacet
  facet normal 0 0 -1
    outer loop
      vertex 22.3006 21.4809 22.92
      vertex 23.0066 21.7885 22.92
      vertex 22.369 21.3869 22.92
    endloop
  endfacet
  facet normal 0 0 -1
    outer loop
      vertex 22.9501 22.1225 22.92
      vertex 22.8182 23.1134 22.92
      vertex 22.9482 23.1584 22.92
    endloop
  endfacet
  facet normal -0 0 -1
    outer loop
      vertex 23.0066 21.7885 22.92
      vertex 22.3006 21.4809 22.92
      vertex 22.9863 21.8437 22.92
    endloop
  endfacet
  facet normal 0 -0 -1
    outer loop
      vertex 22.1728 22.3454 22.92
      vertex 22.9501 22.1225 22.92
      vertex 22.152 22.2086 22.92
    endloop
  endfacet
  facet normal 0 0 -1
    outer loop
      vertex 22.2446 21.5824 22.92
      vertex 22.9863 21.8437 22.92
      vertex 22.3006 21.4809 22.92
    endloop
  endfacet
  facet normal 0 0 -1
    outer loop
      vertex 22.9501 22.1225 22.92
      vertex 22.6976 23.0556 22.92
      vertex 22.8182 23.1134 22.92
    endloop
  endfacet
  facet normal -0 0 -1
    outer loop
      vertex 22.9863 21.8437 22.92
      vertex 22.2446 21.5824 22.92
      vertex 22.9705 21.9047 22.92
    endloop
  endfacet
  facet normal 0 0 -1
    outer loop
      vertex 22.9501 22.1225 22.92
      vertex 22.5864 22.9849 22.92
      vertex 22.6976 23.0556 22.92
    endloop
  endfacet
  facet normal 0 0 -1
    outer loop
      vertex 22.201 21.6914 22.92
      vertex 22.9705 21.9047 22.92
      vertex 22.2446 21.5824 22.92
    endloop
  endfacet
  facet normal 0 0 -1
    outer loop
      vertex 22.9501 22.1225 22.92
      vertex 22.4846 22.9014 22.92
      vertex 22.5864 22.9849 22.92
    endloop
  endfacet
  facet normal 0 0 -1
    outer loop
      vertex 22.1699 21.8079 22.92
      vertex 22.9705 21.9047 22.92
      vertex 22.201 21.6914 22.92
    endloop
  endfacet
  facet normal 0 0 -1
    outer loop
      vertex 22.9501 22.1225 22.92
      vertex 22.3945 22.8072 22.92
      vertex 22.4846 22.9014 22.92
    endloop
  endfacet
  facet normal -0 0 -1
    outer loop
      vertex 22.9705 21.9047 22.92
      vertex 22.1699 21.8079 22.92
      vertex 22.9592 21.9715 22.92
    endloop
  endfacet
  facet normal 0 0 -1
    outer loop
      vertex 22.9501 22.1225 22.92
      vertex 22.3183 22.7045 22.92
      vertex 22.3945 22.8072 22.92
    endloop
  endfacet
  facet normal 0 0 -1
    outer loop
      vertex 22.1513 21.9319 22.92
      vertex 22.9592 21.9715 22.92
      vertex 22.1699 21.8079 22.92
    endloop
  endfacet
  facet normal 0 0 -1
    outer loop
      vertex 22.9501 22.1225 22.92
      vertex 22.2559 22.5933 22.92
      vertex 22.3183 22.7045 22.92
    endloop
  endfacet
  facet normal -0 0 -1
    outer loop
      vertex 22.9592 21.9715 22.92
      vertex 22.1513 21.9319 22.92
      vertex 22.9524 22.0441 22.92
    endloop
  endfacet
  facet normal 0 0 -1
    outer loop
      vertex 22.9501 22.1225 22.92
      vertex 22.2074 22.4736 22.92
      vertex 22.2559 22.5933 22.92
    endloop
  endfacet
  facet normal 0 0 -1
    outer loop
      vertex 22.145 22.0634 22.92
      vertex 22.9524 22.0441 22.92
      vertex 22.1513 21.9319 22.92
    endloop
  endfacet
  facet normal 0 0 -1
    outer loop
      vertex 22.9501 22.1225 22.92
      vertex 22.1728 22.3454 22.92
      vertex 22.2074 22.4736 22.92
    endloop
  endfacet
  facet normal 0 0 -1
    outer loop
      vertex 22.9524 22.0441 22.92
      vertex 22.145 22.0634 22.92
      vertex 22.9501 22.1225 22.92
    endloop
  endfacet
  facet normal -0 0 -1
    outer loop
      vertex 22.9501 22.1225 22.92
      vertex 22.145 22.0634 22.92
      vertex 22.152 22.2086 22.92
    endloop
  endfacet
  facet normal 0 0 -1
    outer loop
      vertex 23.9288 21.2276 22.92
      vertex 24.723 21.5801 22.92
      vertex 24.7147 21.3578 22.92
    endloop
  endfacet
  facet normal -0 0 -1
    outer loop
      vertex 24.723 21.5801 22.92
      vertex 23.9288 21.2276 22.92
      vertex 24.7159 21.7961 22.92
    endloop
  endfacet
  facet normal 0 0 -1
    outer loop
      vertex 23.9288 21.2276 22.92
      vertex 24.7147 21.3578 22.92
      vertex 24.6898 21.1495 22.92
    endloop
  endfacet
  facet normal 0 0 -1
    outer loop
      vertex 23.8288 22.0441 22.92
      vertex 24.7159 21.7961 22.92
      vertex 23.9288 21.2276 22.92
    endloop
  endfacet
  facet normal 0 0 -1
    outer loop
      vertex 23.9288 21.2276 22.92
      vertex 24.6898 21.1495 22.92
      vertex 24.6484 20.9552 22.92
    endloop
  endfacet
  facet normal 0 0 -1
    outer loop
      vertex 23.8288 22.0441 22.92
      vertex 24.6946 21.9976 22.92
      vertex 24.7159 21.7961 22.92
    endloop
  endfacet
  facet normal 0 0 -1
    outer loop
      vertex 23.8937 21.0112 22.92
      vertex 24.6484 20.9552 22.92
      vertex 24.5905 20.7749 22.92
    endloop
  endfacet
  facet normal 0 0 -1
    outer loop
      vertex 23.8288 22.0441 22.92
      vertex 24.6592 22.1847 22.92
      vertex 24.6946 21.9976 22.92
    endloop
  endfacet
  facet normal 0 0 -1
    outer loop
      vertex 23.8657 20.9152 22.92
      vertex 24.5905 20.7749 22.92
      vertex 24.5159 20.6087 22.92
    endloop
  endfacet
  facet normal -0 0 -1
    outer loop
      vertex 24.6592 22.1847 22.92
      vertex 23.8311 22.1225 22.92
      vertex 24.6096 22.3574 22.92
    endloop
  endfacet
  facet normal 0 0 -1
    outer loop
      vertex 23.8306 20.8275 22.92
      vertex 24.5159 20.6087 22.92
      vertex 24.4248 20.4566 22.92
    endloop
  endfacet
  facet normal 0 0 -1
    outer loop
      vertex 23.8288 22.2004 22.92
      vertex 24.6096 22.3574 22.92
      vertex 23.8311 22.1225 22.92
    endloop
  endfacet
  facet normal 0 0 -1
    outer loop
      vertex 23.7886 20.7479 22.92
      vertex 24.4248 20.4566 22.92
      vertex 24.3172 20.3184 22.92
    endloop
  endfacet
  facet normal 0 0 -1
    outer loop
      vertex 23.8221 22.2726 22.92
      vertex 24.6096 22.3574 22.92
      vertex 23.8288 22.2004 22.92
    endloop
  endfacet
  facet normal 0 0 -1
    outer loop
      vertex 23.7396 20.6765 22.92
      vertex 24.3172 20.3184 22.92
      vertex 24.1951 20.1967 22.92
    endloop
  endfacet
  facet normal -0 0 -1
    outer loop
      vertex 24.6096 22.3574 22.92
      vertex 23.8221 22.2726 22.92
      vertex 24.5458 22.5156 22.92
    endloop
  endfacet
  facet normal 0 0 -1
    outer loop
      vertex 23.6835 20.6133 22.92
      vertex 24.1951 20.1967 22.92
      vertex 24.0607 20.0937 22.92
    endloop
  endfacet
  facet normal 0 0 -1
    outer loop
      vertex 23.8108 22.3391 22.92
      vertex 24.5458 22.5156 22.92
      vertex 23.8221 22.2726 22.92
    endloop
  endfacet
  facet normal -0 0 -1
    outer loop
      vertex 24.5458 22.5156 22.92
      vertex 23.8108 22.3391 22.92
      vertex 24.4679 22.6594 22.92
    endloop
  endfacet
  facet normal 0 0 -1
    outer loop
      vertex 24.6484 20.9552 22.92
      vertex 23.9147 21.1153 22.92
      vertex 23.9288 21.2276 22.92
    endloop
  endfacet
  facet normal 0 0 -1
    outer loop
      vertex 23.6207 20.5584 22.92
      vertex 24.0607 20.0937 22.92
      vertex 23.914 20.0094 22.92
    endloop
  endfacet
  facet normal 0 0 -1
    outer loop
      vertex 24.6484 20.9552 22.92
      vertex 23.8937 21.0112 22.92
      vertex 23.9147 21.1153 22.92
    endloop
  endfacet
  facet normal 0 0 -1
    outer loop
      vertex 24.5905 20.7749 22.92
      vertex 23.8657 20.9152 22.92
      vertex 23.8937 21.0112 22.92
    endloop
  endfacet
  facet normal 0 0 -1
    outer loop
      vertex 24.5159 20.6087 22.92
      vertex 23.8306 20.8275 22.92
      vertex 23.8657 20.9152 22.92
    endloop
  endfacet
  facet normal 0 0 -1
    outer loop
      vertex 24.4248 20.4566 22.92
      vertex 23.7886 20.7479 22.92
      vertex 23.8306 20.8275 22.92
    endloop
  endfacet
  facet normal 0 0 -1
    outer loop
      vertex 23.5511 20.5119 22.92
      vertex 23.914 20.0094 22.92
      vertex 23.7549 19.9438 22.92
    endloop
  endfacet
  facet normal 0 0 -1
    outer loop
      vertex 24.3172 20.3184 22.92
      vertex 23.7396 20.6765 22.92
      vertex 23.7886 20.7479 22.92
    endloop
  endfacet
  facet normal 0 0 -1
    outer loop
      vertex 24.1951 20.1967 22.92
      vertex 23.6835 20.6133 22.92
      vertex 23.7396 20.6765 22.92
    endloop
  endfacet
  facet normal 0 0 -1
    outer loop
      vertex 24.0607 20.0937 22.92
      vertex 23.6207 20.5584 22.92
      vertex 23.6835 20.6133 22.92
    endloop
  endfacet
  facet normal 0 0 -1
    outer loop
      vertex 23.4747 20.4739 22.92
      vertex 23.7549 19.9438 22.92
      vertex 23.5836 19.897 22.92
    endloop
  endfacet
  facet normal 0 0 -1
    outer loop
      vertex 23.914 20.0094 22.92
      vertex 23.5511 20.5119 22.92
      vertex 23.6207 20.5584 22.92
    endloop
  endfacet
  facet normal 0 0 -1
    outer loop
      vertex 23.7549 19.9438 22.92
      vertex 23.4747 20.4739 22.92
      vertex 23.5511 20.5119 22.92
    endloop
  endfacet
  facet normal 0 0 -1
    outer loop
      vertex 23.3916 20.4444 22.92
      vertex 23.5836 19.897 22.92
      vertex 23.4 19.8689 22.92
    endloop
  endfacet
  facet normal 0 0 -1
    outer loop
      vertex 23.5836 19.897 22.92
      vertex 23.3916 20.4444 22.92
      vertex 23.4747 20.4739 22.92
    endloop
  endfacet
  facet normal 0 0 -1
    outer loop
      vertex 23.4 19.8689 22.92
      vertex 23.3018 20.4232 22.92
      vertex 23.3916 20.4444 22.92
    endloop
  endfacet
  facet normal 0 0 -1
    outer loop
      vertex 23.4 19.8689 22.92
      vertex 23.2053 20.4106 22.92
      vertex 23.3018 20.4232 22.92
    endloop
  endfacet
  facet normal 0 0 -1
    outer loop
      vertex 23.204 19.8595 22.92
      vertex 23.2053 20.4106 22.92
      vertex 23.4 19.8689 22.92
    endloop
  endfacet
  facet normal 0 0 -1
    outer loop
      vertex 23.1393 19.8602 22.92
      vertex 23.2053 20.4106 22.92
      vertex 23.204 19.8595 22.92
    endloop
  endfacet
  facet normal 0 0 -1
    outer loop
      vertex 23.1393 19.8602 22.92
      vertex 23.102 20.4063 22.92
      vertex 23.2053 20.4106 22.92
    endloop
  endfacet
  facet normal 0 0 -1
    outer loop
      vertex 23.0754 19.8623 22.92
      vertex 23.102 20.4063 22.92
      vertex 23.1393 19.8602 22.92
    endloop
  endfacet
  facet normal 0 0 -1
    outer loop
      vertex 23.0754 19.8623 22.92
      vertex 23.0511 20.4073 22.92
      vertex 23.102 20.4063 22.92
    endloop
  endfacet
  facet normal 0 0 -1
    outer loop
      vertex 23.0123 19.8657 22.92
      vertex 23.0511 20.4073 22.92
      vertex 23.0754 19.8623 22.92
    endloop
  endfacet
  facet normal 0 0 -1
    outer loop
      vertex 23.0123 19.8657 22.92
      vertex 23 20.4101 22.92
      vertex 23.0511 20.4073 22.92
    endloop
  endfacet
  facet normal 0 0 -1
    outer loop
      vertex 22.95 19.8706 22.92
      vertex 23 20.4101 22.92
      vertex 23.0123 19.8657 22.92
    endloop
  endfacet
  facet normal 0 0 -1
    outer loop
      vertex 22.95 19.8706 22.92
      vertex 22.9487 20.4149 22.92
      vertex 23 20.4101 22.92
    endloop
  endfacet
  facet normal 0 0 -1
    outer loop
      vertex 22.8885 19.8768 22.92
      vertex 22.9487 20.4149 22.92
      vertex 22.95 19.8706 22.92
    endloop
  endfacet
  facet normal 0 0 -1
    outer loop
      vertex 22.8278 19.8844 22.92
      vertex 22.9487 20.4149 22.92
      vertex 22.8885 19.8768 22.92
    endloop
  endfacet
  facet normal -0 0 -1
    outer loop
      vertex 22.9487 20.4149 22.92
      vertex 22.8278 19.8844 22.92
      vertex 22.8972 20.4216 22.92
    endloop
  endfacet
  facet normal 0 0 -1
    outer loop
      vertex 22.7678 19.8933 22.92
      vertex 22.8972 20.4216 22.92
      vertex 22.8278 19.8844 22.92
    endloop
  endfacet
  facet normal -0 0 -1
    outer loop
      vertex 22.8972 20.4216 22.92
      vertex 22.7678 19.8933 22.92
      vertex 22.8456 20.4301 22.92
    endloop
  endfacet
  facet normal 0 0 -1
    outer loop
      vertex 22.7085 19.9037 22.92
      vertex 22.8456 20.4301 22.92
      vertex 22.7678 19.8933 22.92
    endloop
  endfacet
  facet normal -0 0 -1
    outer loop
      vertex 22.8456 20.4301 22.92
      vertex 22.7085 19.9037 22.92
      vertex 22.7938 20.4406 22.92
    endloop
  endfacet
  facet normal 0 0 -1
    outer loop
      vertex 22.6495 19.9154 22.92
      vertex 22.7938 20.4406 22.92
      vertex 22.7085 19.9037 22.92
    endloop
  endfacet
  facet normal -0 0 -1
    outer loop
      vertex 22.7938 20.4406 22.92
      vertex 22.6495 19.9154 22.92
      vertex 22.7418 20.4529 22.92
    endloop
  endfacet
  facet normal 0 0 -1
    outer loop
      vertex 22.5909 19.9285 22.92
      vertex 22.7418 20.4529 22.92
      vertex 22.6495 19.9154 22.92
    endloop
  endfacet
  facet normal -0 0 -1
    outer loop
      vertex 22.7418 20.4529 22.92
      vertex 22.5909 19.9285 22.92
      vertex 22.6894 20.4672 22.92
    endloop
  endfacet
  facet normal 0 0 -1
    outer loop
      vertex 22.5326 19.943 22.92
      vertex 22.6894 20.4672 22.92
      vertex 22.5909 19.9285 22.92
    endloop
  endfacet
  facet normal -0 0 -1
    outer loop
      vertex 22.6894 20.4672 22.92
      vertex 22.5326 19.943 22.92
      vertex 22.6362 20.4834 22.92
    endloop
  endfacet
  facet normal 0 0 -1
    outer loop
      vertex 22.4747 19.9588 22.92
      vertex 22.6362 20.4834 22.92
      vertex 22.5326 19.943 22.92
    endloop
  endfacet
  facet normal 0 0 -1
    outer loop
      vertex 22.4171 19.9761 22.92
      vertex 22.6362 20.4834 22.92
      vertex 22.4747 19.9588 22.92
    endloop
  endfacet
  facet normal -0 0 -1
    outer loop
      vertex 22.6362 20.4834 22.92
      vertex 22.4171 19.9761 22.92
      vertex 22.5824 20.5014 22.92
    endloop
  endfacet
  facet normal 0 0 -1
    outer loop
      vertex 22.3599 19.9947 22.92
      vertex 22.5824 20.5014 22.92
      vertex 22.4171 19.9761 22.92
    endloop
  endfacet
  facet normal -0 0 -1
    outer loop
      vertex 22.5824 20.5014 22.92
      vertex 22.3599 19.9947 22.92
      vertex 22.5278 20.5214 22.92
    endloop
  endfacet
  facet normal -0 0 -1
    outer loop
      vertex 22.5278 20.5214 22.92
      vertex 22.3599 19.9947 22.92
      vertex 22.4725 20.5433 22.92
    endloop
  endfacet
  facet normal -0 0 -1
    outer loop
      vertex 22.4725 20.5433 22.92
      vertex 22.3599 19.9947 22.92
      vertex 22.4166 20.567 22.92
    endloop
  endfacet
  facet normal -0 0 -1
    outer loop
      vertex 22.4166 20.567 22.92
      vertex 22.3599 19.9947 22.92
      vertex 22.3599 20.5927 22.92
    endloop
  endfacet
  facet normal 0 0 -1
    outer loop
      vertex 23.8288 22.0441 22.92
      vertex 23.9288 21.2276 22.92
      vertex 23.8862 21.1977 22.92
    endloop
  endfacet
  facet normal 0 0 -1
    outer loop
      vertex 23.795 22.4 22.92
      vertex 24.4679 22.6594 22.92
      vertex 23.8108 22.3391 22.92
    endloop
  endfacet
  facet normal 0 0 -1
    outer loop
      vertex 23.6056 21.5997 22.92
      vertex 23.8862 21.1977 22.92
      vertex 23.8429 21.17 22.92
    endloop
  endfacet
  facet normal -0 0 -1
    outer loop
      vertex 24.4679 22.6594 22.92
      vertex 23.795 22.4 22.92
      vertex 24.3758 22.7887 22.92
    endloop
  endfacet
  facet normal 0 0 -1
    outer loop
      vertex 23.7746 22.4552 22.92
      vertex 24.3758 22.7887 22.92
      vertex 23.795 22.4 22.92
    endloop
  endfacet
  facet normal -0 0 -1
    outer loop
      vertex 24.3758 22.7887 22.92
      vertex 23.7746 22.4552 22.92
      vertex 24.2707 22.9021 22.92
    endloop
  endfacet
  facet normal 0 0 -1
    outer loop
      vertex 23.7498 22.5047 22.92
      vertex 24.2707 22.9021 22.92
      vertex 23.7746 22.4552 22.92
    endloop
  endfacet
  facet normal -0 0 -1
    outer loop
      vertex 24.2707 22.9021 22.92
      vertex 23.7498 22.5047 22.92
      vertex 24.154 22.9981 22.92
    endloop
  endfacet
  facet normal 0 0 -1
    outer loop
      vertex 23.7204 22.5485 22.92
      vertex 24.154 22.9981 22.92
      vertex 23.7498 22.5047 22.92
    endloop
  endfacet
  facet normal 0 0 -1
    outer loop
      vertex 23.6866 22.5865 22.92
      vertex 24.154 22.9981 22.92
      vertex 23.7204 22.5485 22.92
    endloop
  endfacet
  facet normal -0 0 -1
    outer loop
      vertex 24.154 22.9981 22.92
      vertex 23.6866 22.5865 22.92
      vertex 24.0256 23.0766 22.92
    endloop
  endfacet
  facet normal 0 0 -1
    outer loop
      vertex 23.6483 22.6187 22.92
      vertex 24.0256 23.0766 22.92
      vertex 23.6866 22.5865 22.92
    endloop
  endfacet
  facet normal -0 0 -1
    outer loop
      vertex 24.0256 23.0766 22.92
      vertex 23.6483 22.6187 22.92
      vertex 23.8854 23.1377 22.92
    endloop
  endfacet
  facet normal 0 0 -1
    outer loop
      vertex 23.6056 22.6451 22.92
      vertex 23.8854 23.1377 22.92
      vertex 23.6483 22.6187 22.92
    endloop
  endfacet
  facet normal -0 0 -1
    outer loop
      vertex 23.8854 23.1377 22.92
      vertex 23.6056 22.6451 22.92
      vertex 23.7336 23.1813 22.92
    endloop
  endfacet
  facet normal 0 0 -1
    outer loop
      vertex 23.5585 22.6655 22.92
      vertex 23.7336 23.1813 22.92
      vertex 23.6056 22.6451 22.92
    endloop
  endfacet
  facet normal -0 0 -1
    outer loop
      vertex 23.7336 23.1813 22.92
      vertex 23.5585 22.6655 22.92
      vertex 23.5701 23.2075 22.92
    endloop
  endfacet
  facet normal 0 0 -1
    outer loop
      vertex 23.507 22.6802 22.92
      vertex 23.5701 23.2075 22.92
      vertex 23.5585 22.6655 22.92
    endloop
  endfacet
  facet normal 0 0 -1
    outer loop
      vertex 23.451 22.689 22.92
      vertex 23.5701 23.2075 22.92
      vertex 23.507 22.6802 22.92
    endloop
  endfacet
  facet normal 0 0 -1
    outer loop
      vertex 23.451 22.689 22.92
      vertex 23.395 23.2162 22.92
      vertex 23.5701 23.2075 22.92
    endloop
  endfacet
  facet normal 0 0 -1
    outer loop
      vertex 23.3906 22.6919 22.92
      vertex 23.395 23.2162 22.92
      vertex 23.451 22.689 22.92
    endloop
  endfacet
  facet normal 0 0 -1
    outer loop
      vertex 23.3302 22.689 22.92
      vertex 23.395 23.2162 22.92
      vertex 23.3906 22.6919 22.92
    endloop
  endfacet
  facet normal 0 0 -1
    outer loop
      vertex 23.2366 23.2097 22.92
      vertex 23.3302 22.689 22.92
      vertex 23.2743 22.6802 22.92
    endloop
  endfacet
  facet normal 0 0 -1
    outer loop
      vertex 23.3302 22.689 22.92
      vertex 23.2366 23.2097 22.92
      vertex 23.395 23.2162 22.92
    endloop
  endfacet
  facet normal 0 0 -1
    outer loop
      vertex 23.0877 23.1905 22.92
      vertex 23.2743 22.6802 22.92
      vertex 23.2227 22.6655 22.92
    endloop
  endfacet
  facet normal 0 0 -1
    outer loop
      vertex 23.0877 23.1905 22.92
      vertex 23.2227 22.6655 22.92
      vertex 23.1756 22.6451 22.92
    endloop
  endfacet
  facet normal 0 0 -1
    outer loop
      vertex 22.9482 23.1584 22.92
      vertex 23.1756 22.6451 22.92
      vertex 23.1329 22.6187 22.92
    endloop
  endfacet
  facet normal 0 0 -1
    outer loop
      vertex 22.9482 23.1584 22.92
      vertex 23.1329 22.6187 22.92
      vertex 23.0946 22.5865 22.92
    endloop
  endfacet
  facet normal 0 0 -1
    outer loop
      vertex 23.2743 22.6802 22.92
      vertex 23.0877 23.1905 22.92
      vertex 23.2366 23.2097 22.92
    endloop
  endfacet
  facet normal 0 0 -1
    outer loop
      vertex 22.9482 23.1584 22.92
      vertex 23.0946 22.5865 22.92
      vertex 23.0608 22.5485 22.92
    endloop
  endfacet
  facet normal 0 0 -1
    outer loop
      vertex 22.9482 23.1584 22.92
      vertex 23.0608 22.5485 22.92
      vertex 23.0314 22.5047 22.92
    endloop
  endfacet
  facet normal 0 0 -1
    outer loop
      vertex 22.9482 23.1584 22.92
      vertex 23.0314 22.5047 22.92
      vertex 23.0066 22.4552 22.92
    endloop
  endfacet
  facet normal 0 0 -1
    outer loop
      vertex 22.9482 23.1584 22.92
      vertex 23.0066 22.4552 22.92
      vertex 22.9863 22.4 22.92
    endloop
  endfacet
  facet normal 0 0 -1
    outer loop
      vertex 22.9482 23.1584 22.92
      vertex 22.9863 22.4 22.92
      vertex 22.9705 22.3391 22.92
    endloop
  endfacet
  facet normal 0 0 -1
    outer loop
      vertex 22.9482 23.1584 22.92
      vertex 22.9705 22.3391 22.92
      vertex 22.9592 22.2726 22.92
    endloop
  endfacet
  facet normal 0 0 -1
    outer loop
      vertex 23.1756 22.6451 22.92
      vertex 22.9482 23.1584 22.92
      vertex 23.0877 23.1905 22.92
    endloop
  endfacet
  facet normal 0 0 -1
    outer loop
      vertex 22.9524 22.2004 22.92
      vertex 22.9482 23.1584 22.92
      vertex 22.9592 22.2726 22.92
    endloop
  endfacet
  facet normal 0 0 -1
    outer loop
      vertex 22.9482 23.1584 22.92
      vertex 22.9524 22.2004 22.92
      vertex 22.9501 22.1225 22.92
    endloop
  endfacet
  facet normal 0 0 1
    outer loop
      vertex 23.8108 21.9047 23.3
      vertex 24.6946 21.9976 23.3
      vertex 23.8221 21.9715 23.3
    endloop
  endfacet
  facet normal 0 0 1
    outer loop
      vertex 23.6483 22.6187 23.3
      vertex 24.0256 23.0766 23.3
      vertex 23.8854 23.1377 23.3
    endloop
  endfacet
  facet normal 0 0 1
    outer loop
      vertex 23.8288 22.0441 23.3
      vertex 24.0256 23.0766 23.3
      vertex 23.8311 22.1225 23.3
    endloop
  endfacet
  facet normal 0 0 1
    outer loop
      vertex 24.6946 21.9976 23.3
      vertex 23.8108 21.9047 23.3
      vertex 24.7159 21.7961 23.3
    endloop
  endfacet
  facet normal 0 0 1
    outer loop
      vertex 24.0256 23.0766 23.3
      vertex 23.8288 22.2004 23.3
      vertex 23.8311 22.1225 23.3
    endloop
  endfacet
  facet normal 0 0 1
    outer loop
      vertex 24.0256 23.0766 23.3
      vertex 23.8221 22.2726 23.3
      vertex 23.8288 22.2004 23.3
    endloop
  endfacet
  facet normal 0 0 1
    outer loop
      vertex 24.0256 23.0766 23.3
      vertex 23.8108 22.3391 23.3
      vertex 23.8221 22.2726 23.3
    endloop
  endfacet
  facet normal 0 0 1
    outer loop
      vertex 24.0256 23.0766 23.3
      vertex 23.795 22.4 23.3
      vertex 23.8108 22.3391 23.3
    endloop
  endfacet
  facet normal 0 0 1
    outer loop
      vertex 24.0256 23.0766 23.3
      vertex 23.7746 22.4552 23.3
      vertex 23.795 22.4 23.3
    endloop
  endfacet
  facet normal 0 0 1
    outer loop
      vertex 24.0256 23.0766 23.3
      vertex 23.7498 22.5047 23.3
      vertex 23.7746 22.4552 23.3
    endloop
  endfacet
  facet normal 0 0 1
    outer loop
      vertex 23.6056 22.6451 23.3
      vertex 23.8854 23.1377 23.3
      vertex 23.7336 23.1813 23.3
    endloop
  endfacet
  facet normal 0 0 1
    outer loop
      vertex 24.0256 23.0766 23.3
      vertex 23.7204 22.5485 23.3
      vertex 23.7498 22.5047 23.3
    endloop
  endfacet
  facet normal 0 0 1
    outer loop
      vertex 24.0256 23.0766 23.3
      vertex 23.6866 22.5865 23.3
      vertex 23.7204 22.5485 23.3
    endloop
  endfacet
  facet normal 0 0 1
    outer loop
      vertex 24.0256 23.0766 23.3
      vertex 23.6483 22.6187 23.3
      vertex 23.6866 22.5865 23.3
    endloop
  endfacet
  facet normal 0 0 1
    outer loop
      vertex 23.8854 23.1377 23.3
      vertex 23.6056 22.6451 23.3
      vertex 23.6483 22.6187 23.3
    endloop
  endfacet
  facet normal 0 0 1
    outer loop
      vertex 23.5585 22.6655 23.3
      vertex 23.7336 23.1813 23.3
      vertex 23.5701 23.2075 23.3
    endloop
  endfacet
  facet normal 0 0 1
    outer loop
      vertex 23.7336 23.1813 23.3
      vertex 23.5585 22.6655 23.3
      vertex 23.6056 22.6451 23.3
    endloop
  endfacet
  facet normal 0 0 1
    outer loop
      vertex 23.5701 23.2075 23.3
      vertex 23.507 22.6802 23.3
      vertex 23.5585 22.6655 23.3
    endloop
  endfacet
  facet normal 0 0 1
    outer loop
      vertex 23.5701 23.2075 23.3
      vertex 23.451 22.689 23.3
      vertex 23.507 22.6802 23.3
    endloop
  endfacet
  facet normal 0 0 1
    outer loop
      vertex 23.395 23.2162 23.3
      vertex 23.451 22.689 23.3
      vertex 23.5701 23.2075 23.3
    endloop
  endfacet
  facet normal 0 0 1
    outer loop
      vertex 23.395 23.2162 23.3
      vertex 23.3906 22.6919 23.3
      vertex 23.451 22.689 23.3
    endloop
  endfacet
  facet normal 0 0 1
    outer loop
      vertex 23.395 23.2162 23.3
      vertex 23.3302 22.689 23.3
      vertex 23.3906 22.6919 23.3
    endloop
  endfacet
  facet normal -0 0 1
    outer loop
      vertex 23.2366 23.2097 23.3
      vertex 23.3302 22.689 23.3
      vertex 23.395 23.2162 23.3
    endloop
  endfacet
  facet normal 0 0 1
    outer loop
      vertex 23.3302 22.689 23.3
      vertex 23.2366 23.2097 23.3
      vertex 23.2743 22.6802 23.3
    endloop
  endfacet
  facet normal -0 0 1
    outer loop
      vertex 23.0877 23.1905 23.3
      vertex 23.2743 22.6802 23.3
      vertex 23.2366 23.2097 23.3
    endloop
  endfacet
  facet normal 0 0 1
    outer loop
      vertex 23.2743 22.6802 23.3
      vertex 23.0877 23.1905 23.3
      vertex 23.2227 22.6655 23.3
    endloop
  endfacet
  facet normal 0 0 1
    outer loop
      vertex 23.2227 22.6655 23.3
      vertex 23.0877 23.1905 23.3
      vertex 23.1756 22.6451 23.3
    endloop
  endfacet
  facet normal -0 0 1
    outer loop
      vertex 22.9482 23.1584 23.3
      vertex 23.1756 22.6451 23.3
      vertex 23.0877 23.1905 23.3
    endloop
  endfacet
  facet normal 0 0 1
    outer loop
      vertex 23.1756 22.6451 23.3
      vertex 22.9482 23.1584 23.3
      vertex 23.1329 22.6187 23.3
    endloop
  endfacet
  facet normal -0 0 1
    outer loop
      vertex 22.8182 23.1134 23.3
      vertex 23.1329 22.6187 23.3
      vertex 22.9482 23.1584 23.3
    endloop
  endfacet
  facet normal 0 0 1
    outer loop
      vertex 23.1329 22.6187 23.3
      vertex 22.8182 23.1134 23.3
      vertex 23.0946 22.5865 23.3
    endloop
  endfacet
  facet normal -0 0 1
    outer loop
      vertex 22.6976 23.0556 23.3
      vertex 23.0946 22.5865 23.3
      vertex 22.8182 23.1134 23.3
    endloop
  endfacet
  facet normal 0 0 1
    outer loop
      vertex 23.0946 22.5865 23.3
      vertex 22.6976 23.0556 23.3
      vertex 23.0608 22.5485 23.3
    endloop
  endfacet
  facet normal -0 0 1
    outer loop
      vertex 22.5864 22.9849 23.3
      vertex 23.0608 22.5485 23.3
      vertex 22.6976 23.0556 23.3
    endloop
  endfacet
  facet normal 0 0 1
    outer loop
      vertex 23.0608 22.5485 23.3
      vertex 22.5864 22.9849 23.3
      vertex 23.0314 22.5047 23.3
    endloop
  endfacet
  facet normal -0 0 1
    outer loop
      vertex 22.3945 22.8072 23.3
      vertex 23.0066 22.4552 23.3
      vertex 22.4846 22.9014 23.3
    endloop
  endfacet
  facet normal 0 0 1
    outer loop
      vertex 23.0314 22.5047 23.3
      vertex 22.4846 22.9014 23.3
      vertex 23.0066 22.4552 23.3
    endloop
  endfacet
  facet normal -0 0 1
    outer loop
      vertex 22.4846 22.9014 23.3
      vertex 23.0314 22.5047 23.3
      vertex 22.5864 22.9849 23.3
    endloop
  endfacet
  facet normal 0 0 1
    outer loop
      vertex 23.9288 21.2276 23.3
      vertex 24.723 21.5801 23.3
      vertex 24.7159 21.7961 23.3
    endloop
  endfacet
  facet normal 0 0 1
    outer loop
      vertex 23.8221 21.9715 23.3
      vertex 24.6946 21.9976 23.3
      vertex 23.8288 22.0441 23.3
    endloop
  endfacet
  facet normal 0 0 1
    outer loop
      vertex 24.723 21.5801 23.3
      vertex 23.9288 21.2276 23.3
      vertex 24.7147 21.3578 23.3
    endloop
  endfacet
  facet normal -0 0 1
    outer loop
      vertex 23.8288 22.0441 23.3
      vertex 24.6946 21.9976 23.3
      vertex 24.6592 22.1847 23.3
    endloop
  endfacet
  facet normal 0 0 1
    outer loop
      vertex 24.7147 21.3578 23.3
      vertex 23.9288 21.2276 23.3
      vertex 24.6898 21.1495 23.3
    endloop
  endfacet
  facet normal 0 0 1
    outer loop
      vertex 23.8288 22.0441 23.3
      vertex 24.6592 22.1847 23.3
      vertex 24.6096 22.3574 23.3
    endloop
  endfacet
  facet normal 0 0 1
    outer loop
      vertex 24.6898 21.1495 23.3
      vertex 23.9288 21.2276 23.3
      vertex 24.6484 20.9552 23.3
    endloop
  endfacet
  facet normal 0 0 1
    outer loop
      vertex 23.8288 22.0441 23.3
      vertex 24.6096 22.3574 23.3
      vertex 24.5458 22.5156 23.3
    endloop
  endfacet
  facet normal -0 0 1
    outer loop
      vertex 23.9147 21.1153 23.3
      vertex 24.6484 20.9552 23.3
      vertex 23.9288 21.2276 23.3
    endloop
  endfacet
  facet normal 0 0 1
    outer loop
      vertex 23.8288 22.0441 23.3
      vertex 24.5458 22.5156 23.3
      vertex 24.4679 22.6594 23.3
    endloop
  endfacet
  facet normal -0 0 1
    outer loop
      vertex 23.8937 21.0112 23.3
      vertex 24.6484 20.9552 23.3
      vertex 23.9147 21.1153 23.3
    endloop
  endfacet
  facet normal 0 0 1
    outer loop
      vertex 23.8288 22.0441 23.3
      vertex 24.4679 22.6594 23.3
      vertex 24.3758 22.7887 23.3
    endloop
  endfacet
  facet normal 0 0 1
    outer loop
      vertex 24.6484 20.9552 23.3
      vertex 23.8937 21.0112 23.3
      vertex 24.5905 20.7749 23.3
    endloop
  endfacet
  facet normal 0 0 1
    outer loop
      vertex 23.8288 22.0441 23.3
      vertex 24.3758 22.7887 23.3
      vertex 24.2707 22.9021 23.3
    endloop
  endfacet
  facet normal -0 0 1
    outer loop
      vertex 23.8657 20.9152 23.3
      vertex 24.5905 20.7749 23.3
      vertex 23.8937 21.0112 23.3
    endloop
  endfacet
  facet normal 0 0 1
    outer loop
      vertex 23.8288 22.0441 23.3
      vertex 24.2707 22.9021 23.3
      vertex 24.154 22.9981 23.3
    endloop
  endfacet
  facet normal 0 0 1
    outer loop
      vertex 24.5905 20.7749 23.3
      vertex 23.8657 20.9152 23.3
      vertex 24.5159 20.6087 23.3
    endloop
  endfacet
  facet normal 0 0 1
    outer loop
      vertex 23.8288 22.0441 23.3
      vertex 24.154 22.9981 23.3
      vertex 24.0256 23.0766 23.3
    endloop
  endfacet
  facet normal -0 0 1
    outer loop
      vertex 23.8306 20.8275 23.3
      vertex 24.5159 20.6087 23.3
      vertex 23.8657 20.9152 23.3
    endloop
  endfacet
  facet normal 0 0 1
    outer loop
      vertex 24.5159 20.6087 23.3
      vertex 23.8306 20.8275 23.3
      vertex 24.4248 20.4566 23.3
    endloop
  endfacet
  facet normal -0 0 1
    outer loop
      vertex 23.7886 20.7479 23.3
      vertex 24.4248 20.4566 23.3
      vertex 23.8306 20.8275 23.3
    endloop
  endfacet
  facet normal 0 0 1
    outer loop
      vertex 24.4248 20.4566 23.3
      vertex 23.7886 20.7479 23.3
      vertex 24.3172 20.3184 23.3
    endloop
  endfacet
  facet normal -0 0 1
    outer loop
      vertex 23.7396 20.6765 23.3
      vertex 24.3172 20.3184 23.3
      vertex 23.7886 20.7479 23.3
    endloop
  endfacet
  facet normal 0 0 1
    outer loop
      vertex 24.3172 20.3184 23.3
      vertex 23.7396 20.6765 23.3
      vertex 24.1951 20.1967 23.3
    endloop
  endfacet
  facet normal -0 0 1
    outer loop
      vertex 23.6835 20.6133 23.3
      vertex 24.1951 20.1967 23.3
      vertex 23.7396 20.6765 23.3
    endloop
  endfacet
  facet normal 0 0 1
    outer loop
      vertex 24.1951 20.1967 23.3
      vertex 23.6835 20.6133 23.3
      vertex 24.0607 20.0937 23.3
    endloop
  endfacet
  facet normal -0 0 1
    outer loop
      vertex 23.6207 20.5584 23.3
      vertex 24.0607 20.0937 23.3
      vertex 23.6835 20.6133 23.3
    endloop
  endfacet
  facet normal 0 0 1
    outer loop
      vertex 24.0607 20.0937 23.3
      vertex 23.6207 20.5584 23.3
      vertex 23.914 20.0094 23.3
    endloop
  endfacet
  facet normal -0 0 1
    outer loop
      vertex 23.5511 20.5119 23.3
      vertex 23.914 20.0094 23.3
      vertex 23.6207 20.5584 23.3
    endloop
  endfacet
  facet normal 0 0 1
    outer loop
      vertex 23.914 20.0094 23.3
      vertex 23.5511 20.5119 23.3
      vertex 23.7549 19.9438 23.3
    endloop
  endfacet
  facet normal -0 0 1
    outer loop
      vertex 23.4747 20.4739 23.3
      vertex 23.7549 19.9438 23.3
      vertex 23.5511 20.5119 23.3
    endloop
  endfacet
  facet normal 0 0 1
    outer loop
      vertex 23.7549 19.9438 23.3
      vertex 23.4747 20.4739 23.3
      vertex 23.5836 19.897 23.3
    endloop
  endfacet
  facet normal -0 0 1
    outer loop
      vertex 23.3916 20.4444 23.3
      vertex 23.5836 19.897 23.3
      vertex 23.4747 20.4739 23.3
    endloop
  endfacet
  facet normal 0 0 1
    outer loop
      vertex 23.5836 19.897 23.3
      vertex 23.3916 20.4444 23.3
      vertex 23.4 19.8689 23.3
    endloop
  endfacet
  facet normal -0 0 1
    outer loop
      vertex 23.3018 20.4232 23.3
      vertex 23.4 19.8689 23.3
      vertex 23.3916 20.4444 23.3
    endloop
  endfacet
  facet normal -0 0 1
    outer loop
      vertex 23.2053 20.4106 23.3
      vertex 23.4 19.8689 23.3
      vertex 23.3018 20.4232 23.3
    endloop
  endfacet
  facet normal 0 0 1
    outer loop
      vertex 23.2053 20.4106 23.3
      vertex 23.204 19.8595 23.3
      vertex 23.4 19.8689 23.3
    endloop
  endfacet
  facet normal 0 0 1
    outer loop
      vertex 23.2053 20.4106 23.3
      vertex 23.1393 19.8602 23.3
      vertex 23.204 19.8595 23.3
    endloop
  endfacet
  facet normal -0 0 1
    outer loop
      vertex 23.102 20.4063 23.3
      vertex 23.1393 19.8602 23.3
      vertex 23.2053 20.4106 23.3
    endloop
  endfacet
  facet normal 0 0 1
    outer loop
      vertex 23.102 20.4063 23.3
      vertex 23.0754 19.8623 23.3
      vertex 23.1393 19.8602 23.3
    endloop
  endfacet
  facet normal 0 0 1
    outer loop
      vertex 23.0511 20.4073 23.3
      vertex 23.0754 19.8623 23.3
      vertex 23.102 20.4063 23.3
    endloop
  endfacet
  facet normal 0 0 1
    outer loop
      vertex 23.0511 20.4073 23.3
      vertex 23.0123 19.8657 23.3
      vertex 23.0754 19.8623 23.3
    endloop
  endfacet
  facet normal 0 0 1
    outer loop
      vertex 23 20.4101 23.3
      vertex 23.0123 19.8657 23.3
      vertex 23.0511 20.4073 23.3
    endloop
  endfacet
  facet normal 0 0 1
    outer loop
      vertex 23 20.4101 23.3
      vertex 22.95 19.8706 23.3
      vertex 23.0123 19.8657 23.3
    endloop
  endfacet
  facet normal 0 0 1
    outer loop
      vertex 22.9487 20.4149 23.3
      vertex 22.95 19.8706 23.3
      vertex 23 20.4101 23.3
    endloop
  endfacet
  facet normal 0 0 1
    outer loop
      vertex 22.8278 19.8844 23.3
      vertex 22.9487 20.4149 23.3
      vertex 22.8972 20.4216 23.3
    endloop
  endfacet
  facet normal 0 0 1
    outer loop
      vertex 22.9487 20.4149 23.3
      vertex 22.8885 19.8768 23.3
      vertex 22.95 19.8706 23.3
    endloop
  endfacet
  facet normal 0 0 1
    outer loop
      vertex 22.7678 19.8933 23.3
      vertex 22.8972 20.4216 23.3
      vertex 22.8456 20.4301 23.3
    endloop
  endfacet
  facet normal 0 0 1
    outer loop
      vertex 22.9487 20.4149 23.3
      vertex 22.8278 19.8844 23.3
      vertex 22.8885 19.8768 23.3
    endloop
  endfacet
  facet normal 0 0 1
    outer loop
      vertex 22.7085 19.9037 23.3
      vertex 22.8456 20.4301 23.3
      vertex 22.7938 20.4406 23.3
    endloop
  endfacet
  facet normal 0 0 1
    outer loop
      vertex 22.8972 20.4216 23.3
      vertex 22.7678 19.8933 23.3
      vertex 22.8278 19.8844 23.3
    endloop
  endfacet
  facet normal 0 0 1
    outer loop
      vertex 22.6495 19.9154 23.3
      vertex 22.7938 20.4406 23.3
      vertex 22.7418 20.4529 23.3
    endloop
  endfacet
  facet normal 0 0 1
    outer loop
      vertex 22.8456 20.4301 23.3
      vertex 22.7085 19.9037 23.3
      vertex 22.7678 19.8933 23.3
    endloop
  endfacet
  facet normal 0 0 1
    outer loop
      vertex 22.5909 19.9285 23.3
      vertex 22.7418 20.4529 23.3
      vertex 22.6894 20.4672 23.3
    endloop
  endfacet
  facet normal 0 0 1
    outer loop
      vertex 22.7938 20.4406 23.3
      vertex 22.6495 19.9154 23.3
      vertex 22.7085 19.9037 23.3
    endloop
  endfacet
  facet normal 0 0 1
    outer loop
      vertex 22.5326 19.943 23.3
      vertex 22.6894 20.4672 23.3
      vertex 22.6362 20.4834 23.3
    endloop
  endfacet
  facet normal 0 0 1
    outer loop
      vertex 22.7418 20.4529 23.3
      vertex 22.5909 19.9285 23.3
      vertex 22.6495 19.9154 23.3
    endloop
  endfacet
  facet normal 0 0 1
    outer loop
      vertex 22.4171 19.9761 23.3
      vertex 22.6362 20.4834 23.3
      vertex 22.5824 20.5014 23.3
    endloop
  endfacet
  facet normal 0 0 1
    outer loop
      vertex 22.6894 20.4672 23.3
      vertex 22.5326 19.943 23.3
      vertex 22.5909 19.9285 23.3
    endloop
  endfacet
  facet normal 0 0 1
    outer loop
      vertex 22.3599 19.9947 23.3
      vertex 22.5824 20.5014 23.3
      vertex 22.5278 20.5214 23.3
    endloop
  endfacet
  facet normal 0 0 1
    outer loop
      vertex 22.6362 20.4834 23.3
      vertex 22.4747 19.9588 23.3
      vertex 22.5326 19.943 23.3
    endloop
  endfacet
  facet normal 0 0 1
    outer loop
      vertex 22.3599 19.9947 23.3
      vertex 22.5278 20.5214 23.3
      vertex 22.4725 20.5433 23.3
    endloop
  endfacet
  facet normal 0 0 1
    outer loop
      vertex 22.6362 20.4834 23.3
      vertex 22.4171 19.9761 23.3
      vertex 22.4747 19.9588 23.3
    endloop
  endfacet
  facet normal 0 0 1
    outer loop
      vertex 22.3599 19.9947 23.3
      vertex 22.4725 20.5433 23.3
      vertex 22.4166 20.567 23.3
    endloop
  endfacet
  facet normal 0 0 1
    outer loop
      vertex 22.3599 19.9947 23.3
      vertex 22.4166 20.567 23.3
      vertex 22.3599 20.5927 23.3
    endloop
  endfacet
  facet normal 0 0 1
    outer loop
      vertex 22.5824 20.5014 23.3
      vertex 22.3599 19.9947 23.3
      vertex 22.4171 19.9761 23.3
    endloop
  endfacet
  facet normal -0 0 1
    outer loop
      vertex 23.795 21.8437 23.3
      vertex 24.7159 21.7961 23.3
      vertex 23.8108 21.9047 23.3
    endloop
  endfacet
  facet normal 0 0 1
    outer loop
      vertex 23.7746 21.7885 23.3
      vertex 24.7159 21.7961 23.3
      vertex 23.795 21.8437 23.3
    endloop
  endfacet
  facet normal 0 0 1
    outer loop
      vertex 24.7159 21.7961 23.3
      vertex 23.7746 21.7885 23.3
      vertex 23.9288 21.2276 23.3
    endloop
  endfacet
  facet normal -0 0 1
    outer loop
      vertex 23.7498 21.7391 23.3
      vertex 23.9288 21.2276 23.3
      vertex 23.7746 21.7885 23.3
    endloop
  endfacet
  facet normal -0 0 1
    outer loop
      vertex 23.7204 21.6955 23.3
      vertex 23.9288 21.2276 23.3
      vertex 23.7498 21.7391 23.3
    endloop
  endfacet
  facet normal -0 0 1
    outer loop
      vertex 23.6866 21.6578 23.3
      vertex 23.9288 21.2276 23.3
      vertex 23.7204 21.6955 23.3
    endloop
  endfacet
  facet normal -0 0 1
    outer loop
      vertex 23.6483 21.6258 23.3
      vertex 23.9288 21.2276 23.3
      vertex 23.6866 21.6578 23.3
    endloop
  endfacet
  facet normal 0 0 1
    outer loop
      vertex 23.9288 21.2276 23.3
      vertex 23.6483 21.6258 23.3
      vertex 23.8862 21.1977 23.3
    endloop
  endfacet
  facet normal -0 0 1
    outer loop
      vertex 23.6056 21.5997 23.3
      vertex 23.8862 21.1977 23.3
      vertex 23.6483 21.6258 23.3
    endloop
  endfacet
  facet normal 0 0 1
    outer loop
      vertex 23.8862 21.1977 23.3
      vertex 23.6056 21.5997 23.3
      vertex 23.8429 21.17 23.3
    endloop
  endfacet
  facet normal 0 0 1
    outer loop
      vertex 23.8429 21.17 23.3
      vertex 23.6056 21.5997 23.3
      vertex 23.7987 21.1445 23.3
    endloop
  endfacet
  facet normal -0 0 1
    outer loop
      vertex 23.5585 21.5793 23.3
      vertex 23.7987 21.1445 23.3
      vertex 23.6056 21.5997 23.3
    endloop
  endfacet
  facet normal 0 0 1
    outer loop
      vertex 23.7987 21.1445 23.3
      vertex 23.5585 21.5793 23.3
      vertex 23.7537 21.1213 23.3
    endloop
  endfacet
  facet normal 0 0 1
    outer loop
      vertex 23.7537 21.1213 23.3
      vertex 23.5585 21.5793 23.3
      vertex 23.708 21.1002 23.3
    endloop
  endfacet
  facet normal -0 0 1
    outer loop
      vertex 23.507 21.5648 23.3
      vertex 23.708 21.1002 23.3
      vertex 23.5585 21.5793 23.3
    endloop
  endfacet
  facet normal 0 0 1
    outer loop
      vertex 23.708 21.1002 23.3
      vertex 23.507 21.5648 23.3
      vertex 23.6614 21.0814 23.3
    endloop
  endfacet
  facet normal 0 0 1
    outer loop
      vertex 23.6614 21.0814 23.3
      vertex 23.507 21.5648 23.3
      vertex 23.6141 21.0648 23.3
    endloop
  endfacet
  facet normal 0 0 1
    outer loop
      vertex 23.6141 21.0648 23.3
      vertex 23.507 21.5648 23.3
      vertex 23.5658 21.0504 23.3
    endloop
  endfacet
  facet normal -0 0 1
    outer loop
      vertex 23.451 21.5561 23.3
      vertex 23.5658 21.0504 23.3
      vertex 23.507 21.5648 23.3
    endloop
  endfacet
  facet normal 0 0 1
    outer loop
      vertex 23.5658 21.0504 23.3
      vertex 23.451 21.5561 23.3
      vertex 23.5163 21.0382 23.3
    endloop
  endfacet
  facet normal 0 0 1
    outer loop
      vertex 23.5163 21.0382 23.3
      vertex 23.451 21.5561 23.3
      vertex 23.4657 21.0282 23.3
    endloop
  endfacet
  facet normal -0 0 1
    outer loop
      vertex 23.3906 21.5532 23.3
      vertex 23.4657 21.0282 23.3
      vertex 23.451 21.5561 23.3
    endloop
  endfacet
  facet normal 0 0 1
    outer loop
      vertex 23.4657 21.0282 23.3
      vertex 23.3906 21.5532 23.3
      vertex 23.414 21.0205 23.3
    endloop
  endfacet
  facet normal 0 0 1
    outer loop
      vertex 23.3906 21.5532 23.3
      vertex 23.361 21.0149 23.3
      vertex 23.414 21.0205 23.3
    endloop
  endfacet
  facet normal 0 0 1
    outer loop
      vertex 23.3302 21.5561 23.3
      vertex 23.361 21.0149 23.3
      vertex 23.3906 21.5532 23.3
    endloop
  endfacet
  facet normal 0 0 1
    outer loop
      vertex 23.3302 21.5561 23.3
      vertex 23.307 21.0116 23.3
      vertex 23.361 21.0149 23.3
    endloop
  endfacet
  facet normal 0 0 1
    outer loop
      vertex 23.2517 21.0105 23.3
      vertex 23.3302 21.5561 23.3
      vertex 23.2743 21.5648 23.3
    endloop
  endfacet
  facet normal 0 0 1
    outer loop
      vertex 23.3302 21.5561 23.3
      vertex 23.2517 21.0105 23.3
      vertex 23.307 21.0116 23.3
    endloop
  endfacet
  facet normal 0 0 1
    outer loop
      vertex 23.1137 21.0164 23.3
      vertex 23.2743 21.5648 23.3
      vertex 23.2227 21.5793 23.3
    endloop
  endfacet
  facet normal 0 0 1
    outer loop
      vertex 22.9834 21.0341 23.3
      vertex 23.2227 21.5793 23.3
      vertex 23.1756 21.5997 23.3
    endloop
  endfacet
  facet normal 0 0 1
    outer loop
      vertex 22.9834 21.0341 23.3
      vertex 23.1756 21.5997 23.3
      vertex 23.1329 21.6258 23.3
    endloop
  endfacet
  facet normal 0 0 1
    outer loop
      vertex 23.2743 21.5648 23.3
      vertex 23.1137 21.0164 23.3
      vertex 23.2517 21.0105 23.3
    endloop
  endfacet
  facet normal 0 0 1
    outer loop
      vertex 22.7465 21.1051 23.3
      vertex 23.1329 21.6258 23.3
      vertex 23.0946 21.6578 23.3
    endloop
  endfacet
  facet normal 0 0 1
    outer loop
      vertex 22.6398 21.1584 23.3
      vertex 23.0946 21.6578 23.3
      vertex 23.0608 21.6955 23.3
    endloop
  endfacet
  facet normal 0 0 1
    outer loop
      vertex 22.5409 21.2234 23.3
      vertex 23.0608 21.6955 23.3
      vertex 23.0314 21.7391 23.3
    endloop
  endfacet
  facet normal 0 0 1
    outer loop
      vertex 22.4499 21.3003 23.3
      vertex 23.0314 21.7391 23.3
      vertex 23.0066 21.7885 23.3
    endloop
  endfacet
  facet normal 0 0 1
    outer loop
      vertex 22.3006 21.4809 23.3
      vertex 23.0066 21.7885 23.3
      vertex 22.9863 21.8437 23.3
    endloop
  endfacet
  facet normal 0 0 1
    outer loop
      vertex 23.2227 21.5793 23.3
      vertex 22.9834 21.0341 23.3
      vertex 23.1137 21.0164 23.3
    endloop
  endfacet
  facet normal 0 0 1
    outer loop
      vertex 22.2446 21.5824 23.3
      vertex 22.9863 21.8437 23.3
      vertex 22.9705 21.9047 23.3
    endloop
  endfacet
  facet normal 0 0 1
    outer loop
      vertex 22.1699 21.8079 23.3
      vertex 22.9705 21.9047 23.3
      vertex 22.9592 21.9715 23.3
    endloop
  endfacet
  facet normal 0 0 1
    outer loop
      vertex 22.1513 21.9319 23.3
      vertex 22.9592 21.9715 23.3
      vertex 22.9524 22.0441 23.3
    endloop
  endfacet
  facet normal 0 0 1
    outer loop
      vertex 23.1329 21.6258 23.3
      vertex 22.8611 21.0637 23.3
      vertex 22.9834 21.0341 23.3
    endloop
  endfacet
  facet normal -0 0 1
    outer loop
      vertex 22.145 22.0634 23.3
      vertex 22.9524 22.0441 23.3
      vertex 22.9501 22.1225 23.3
    endloop
  endfacet
  facet normal 0 0 1
    outer loop
      vertex 23.0066 22.4552 23.3
      vertex 22.3945 22.8072 23.3
      vertex 22.9863 22.4 23.3
    endloop
  endfacet
  facet normal -0 0 1
    outer loop
      vertex 22.3183 22.7045 23.3
      vertex 22.9863 22.4 23.3
      vertex 22.3945 22.8072 23.3
    endloop
  endfacet
  facet normal 0 0 1
    outer loop
      vertex 22.145 22.0634 23.3
      vertex 22.9501 22.1225 23.3
      vertex 22.152 22.2086 23.3
    endloop
  endfacet
  facet normal 0 0 1
    outer loop
      vertex 22.9863 22.4 23.3
      vertex 22.3183 22.7045 23.3
      vertex 22.9705 22.3391 23.3
    endloop
  endfacet
  facet normal 0 0 1
    outer loop
      vertex 22.9524 22.0441 23.3
      vertex 22.145 22.0634 23.3
      vertex 22.1513 21.9319 23.3
    endloop
  endfacet
  facet normal -0 0 1
    outer loop
      vertex 22.2559 22.5933 23.3
      vertex 22.9705 22.3391 23.3
      vertex 22.3183 22.7045 23.3
    endloop
  endfacet
  facet normal 0 0 1
    outer loop
      vertex 22.9592 21.9715 23.3
      vertex 22.1513 21.9319 23.3
      vertex 22.1699 21.8079 23.3
    endloop
  endfacet
  facet normal -0 0 1
    outer loop
      vertex 22.2074 22.4736 23.3
      vertex 22.9705 22.3391 23.3
      vertex 22.2559 22.5933 23.3
    endloop
  endfacet
  facet normal 0 0 1
    outer loop
      vertex 23.1329 21.6258 23.3
      vertex 22.7465 21.1051 23.3
      vertex 22.8611 21.0637 23.3
    endloop
  endfacet
  facet normal 0 0 1
    outer loop
      vertex 22.9705 22.3391 23.3
      vertex 22.2074 22.4736 23.3
      vertex 22.9592 22.2726 23.3
    endloop
  endfacet
  facet normal 0 0 1
    outer loop
      vertex 23.0946 21.6578 23.3
      vertex 22.6398 21.1584 23.3
      vertex 22.7465 21.1051 23.3
    endloop
  endfacet
  facet normal -0 0 1
    outer loop
      vertex 22.1728 22.3454 23.3
      vertex 22.9592 22.2726 23.3
      vertex 22.2074 22.4736 23.3
    endloop
  endfacet
  facet normal 0 0 1
    outer loop
      vertex 23.0608 21.6955 23.3
      vertex 22.5409 21.2234 23.3
      vertex 22.6398 21.1584 23.3
    endloop
  endfacet
  facet normal 0 0 1
    outer loop
      vertex 22.9592 22.2726 23.3
      vertex 22.1728 22.3454 23.3
      vertex 22.9524 22.2004 23.3
    endloop
  endfacet
  facet normal 0 0 1
    outer loop
      vertex 23.0314 21.7391 23.3
      vertex 22.4499 21.3003 23.3
      vertex 22.5409 21.2234 23.3
    endloop
  endfacet
  facet normal -0 0 1
    outer loop
      vertex 22.152 22.2086 23.3
      vertex 22.9524 22.2004 23.3
      vertex 22.1728 22.3454 23.3
    endloop
  endfacet
  facet normal 0 0 1
    outer loop
      vertex 23.0066 21.7885 23.3
      vertex 22.369 21.3869 23.3
      vertex 22.4499 21.3003 23.3
    endloop
  endfacet
  facet normal 0 0 1
    outer loop
      vertex 22.9524 22.2004 23.3
      vertex 22.152 22.2086 23.3
      vertex 22.9501 22.1225 23.3
    endloop
  endfacet
  facet normal 0 0 1
    outer loop
      vertex 23.0066 21.7885 23.3
      vertex 22.3006 21.4809 23.3
      vertex 22.369 21.3869 23.3
    endloop
  endfacet
  facet normal 0 0 1
    outer loop
      vertex 22.9863 21.8437 23.3
      vertex 22.2446 21.5824 23.3
      vertex 22.3006 21.4809 23.3
    endloop
  endfacet
  facet normal 0 0 1
    outer loop
      vertex 22.9705 21.9047 23.3
      vertex 22.1699 21.8079 23.3
      vertex 22.201 21.6914 23.3
    endloop
  endfacet
  facet normal 0 0 1
    outer loop
      vertex 22.9705 21.9047 23.3
      vertex 22.201 21.6914 23.3
      vertex 22.2446 21.5824 23.3
    endloop
  endfacet
  facet normal 0.151288 -0.98849 0
    outer loop
      vertex 23.4 19.8689 22.92
      vertex 23.5836 19.897 23.3
      vertex 23.4 19.8689 23.3
    endloop
  endfacet
  facet normal 0.151288 -0.98849 0
    outer loop
      vertex 23.5836 19.897 23.3
      vertex 23.4 19.8689 22.92
      vertex 23.5836 19.897 22.92
    endloop
  endfacet
  facet normal 0.263546 -0.964647 0
    outer loop
      vertex 23.5836 19.897 22.92
      vertex 23.7549 19.9438 23.3
      vertex 23.5836 19.897 23.3
    endloop
  endfacet
  facet normal 0.263546 -0.964647 0
    outer loop
      vertex 23.7549 19.9438 23.3
      vertex 23.5836 19.897 22.92
      vertex 23.7549 19.9438 22.92
    endloop
  endfacet
  facet normal 0.381188 -0.924497 0
    outer loop
      vertex 23.7549 19.9438 22.92
      vertex 23.914 20.0094 23.3
      vertex 23.7549 19.9438 23.3
    endloop
  endfacet
  facet normal 0.381188 -0.924497 0
    outer loop
      vertex 23.914 20.0094 23.3
      vertex 23.7549 19.9438 22.92
      vertex 23.914 20.0094 22.92
    endloop
  endfacet
  facet normal 0.498238 -0.86704 0
    outer loop
      vertex 23.914 20.0094 22.92
      vertex 24.0607 20.0937 23.3
      vertex 23.914 20.0094 23.3
    endloop
  endfacet
  facet normal 0.498238 -0.86704 0
    outer loop
      vertex 24.0607 20.0937 23.3
      vertex 23.914 20.0094 22.92
      vertex 24.0607 20.0937 22.92
    endloop
  endfacet
  facet normal 0.608283 -0.79372 0
    outer loop
      vertex 24.0607 20.0937 22.92
      vertex 24.1951 20.1967 23.3
      vertex 24.0607 20.0937 23.3
    endloop
  endfacet
  facet normal 0.608283 -0.79372 0
    outer loop
      vertex 24.1951 20.1967 23.3
      vertex 24.0607 20.0937 22.92
      vertex 24.1951 20.1967 22.92
    endloop
  endfacet
  facet normal 0.705946 -0.708266 0
    outer loop
      vertex 24.1951 20.1967 22.92
      vertex 24.3172 20.3184 23.3
      vertex 24.1951 20.1967 23.3
    endloop
  endfacet
  facet normal 0.705946 -0.708266 0
    outer loop
      vertex 24.3172 20.3184 23.3
      vertex 24.1951 20.1967 22.92
      vertex 24.3172 20.3184 22.92
    endloop
  endfacet
  facet normal 0.789045 -0.614336 0
    outer loop
      vertex 24.3172 20.3184 23.3
      vertex 24.4248 20.4566 22.92
      vertex 24.4248 20.4566 23.3
    endloop
  endfacet
  facet normal 0.789045 -0.614336 0
    outer loop
      vertex 24.4248 20.4566 22.92
      vertex 24.3172 20.3184 23.3
      vertex 24.3172 20.3184 22.92
    endloop
  endfacet
  facet normal 0.857891 -0.513832 0
    outer loop
      vertex 24.4248 20.4566 23.3
      vertex 24.5159 20.6087 22.92
      vertex 24.5159 20.6087 23.3
    endloop
  endfacet
  facet normal 0.857891 -0.513832 0
    outer loop
      vertex 24.5159 20.6087 22.92
      vertex 24.4248 20.4566 23.3
      vertex 24.4248 20.4566 22.92
    endloop
  endfacet
  facet normal 0.912311 -0.409497 0
    outer loop
      vertex 24.5159 20.6087 23.3
      vertex 24.5905 20.7749 22.92
      vertex 24.5905 20.7749 23.3
    endloop
  endfacet
  facet normal 0.912311 -0.409497 0
    outer loop
      vertex 24.5905 20.7749 22.92
      vertex 24.5159 20.6087 23.3
      vertex 24.5159 20.6087 22.92
    endloop
  endfacet
  facet normal 0.952111 -0.305753 0
    outer loop
      vertex 24.5905 20.7749 23.3
      vertex 24.6484 20.9552 22.92
      vertex 24.6484 20.9552 23.3
    endloop
  endfacet
  facet normal 0.952111 -0.305753 0
    outer loop
      vertex 24.6484 20.9552 22.92
      vertex 24.5905 20.7749 23.3
      vertex 24.5905 20.7749 22.92
    endloop
  endfacet
  facet normal 0.978045 -0.208395 0
    outer loop
      vertex 24.6484 20.9552 23.3
      vertex 24.6898 21.1495 22.92
      vertex 24.6898 21.1495 23.3
    endloop
  endfacet
  facet normal 0.978045 -0.208395 0
    outer loop
      vertex 24.6898 21.1495 22.92
      vertex 24.6484 20.9552 23.3
      vertex 24.6484 20.9552 22.92
    endloop
  endfacet
  facet normal 0.992931 -0.118694 0
    outer loop
      vertex 24.6898 21.1495 23.3
      vertex 24.7147 21.3578 22.92
      vertex 24.7147 21.3578 23.3
    endloop
  endfacet
  facet normal 0.992931 -0.118694 0
    outer loop
      vertex 24.7147 21.3578 22.92
      vertex 24.6898 21.1495 23.3
      vertex 24.6898 21.1495 22.92
    endloop
  endfacet
  facet normal 0.999304 -0.0373109 0
    outer loop
      vertex 24.7147 21.3578 23.3
      vertex 24.723 21.5801 22.92
      vertex 24.723 21.5801 23.3
    endloop
  endfacet
  facet normal 0.999304 -0.0373109 0
    outer loop
      vertex 24.723 21.5801 22.92
      vertex 24.7147 21.3578 23.3
      vertex 24.7147 21.3578 22.92
    endloop
  endfacet
  facet normal 0.99946 0.0328526 0
    outer loop
      vertex 24.723 21.5801 23.3
      vertex 24.7159 21.7961 22.92
      vertex 24.7159 21.7961 23.3
    endloop
  endfacet
  facet normal 0.99946 0.0328526 0
    outer loop
      vertex 24.7159 21.7961 22.92
      vertex 24.723 21.5801 23.3
      vertex 24.723 21.5801 22.92
    endloop
  endfacet
  facet normal 0.994459 0.105122 0
    outer loop
      vertex 24.7159 21.7961 23.3
      vertex 24.6946 21.9976 22.92
      vertex 24.6946 21.9976 23.3
    endloop
  endfacet
  facet normal 0.994459 0.105122 0
    outer loop
      vertex 24.6946 21.9976 22.92
      vertex 24.7159 21.7961 23.3
      vertex 24.7159 21.7961 22.92
    endloop
  endfacet
  facet normal 0.982568 0.185905 0
    outer loop
      vertex 24.6946 21.9976 23.3
      vertex 24.6592 22.1847 22.92
      vertex 24.6592 22.1847 23.3
    endloop
  endfacet
  facet normal 0.982568 0.185905 0
    outer loop
      vertex 24.6592 22.1847 22.92
      vertex 24.6946 21.9976 23.3
      vertex 24.6946 21.9976 22.92
    endloop
  endfacet
  facet normal 0.961145 0.276044 0
    outer loop
      vertex 24.6592 22.1847 23.3
      vertex 24.6096 22.3574 22.92
      vertex 24.6096 22.3574 23.3
    endloop
  endfacet
  facet normal 0.961145 0.276044 0
    outer loop
      vertex 24.6096 22.3574 22.92
      vertex 24.6592 22.1847 23.3
      vertex 24.6592 22.1847 22.92
    endloop
  endfacet
  facet normal 0.927422 0.374017 0
    outer loop
      vertex 24.6096 22.3574 23.3
      vertex 24.5458 22.5156 22.92
      vertex 24.5458 22.5156 23.3
    endloop
  endfacet
  facet normal 0.927422 0.374017 0
    outer loop
      vertex 24.5458 22.5156 22.92
      vertex 24.6096 22.3574 23.3
      vertex 24.6096 22.3574 22.92
    endloop
  endfacet
  facet normal 0.879271 0.476323 0
    outer loop
      vertex 24.5458 22.5156 23.3
      vertex 24.4679 22.6594 22.92
      vertex 24.4679 22.6594 23.3
    endloop
  endfacet
  facet normal 0.879271 0.476323 0
    outer loop
      vertex 24.4679 22.6594 22.92
      vertex 24.5458 22.5156 23.3
      vertex 24.5458 22.5156 22.92
    endloop
  endfacet
  facet normal 0.814499 0.580165 0
    outer loop
      vertex 24.4679 22.6594 23.3
      vertex 24.3758 22.7887 22.92
      vertex 24.3758 22.7887 23.3
    endloop
  endfacet
  facet normal 0.814499 0.580165 0
    outer loop
      vertex 24.3758 22.7887 22.92
      vertex 24.4679 22.6594 23.3
      vertex 24.4679 22.6594 22.92
    endloop
  endfacet
  facet normal 0.733438 0.679756 0
    outer loop
      vertex 24.3758 22.7887 23.3
      vertex 24.2707 22.9021 22.92
      vertex 24.2707 22.9021 23.3
    endloop
  endfacet
  facet normal 0.733438 0.679756 0
    outer loop
      vertex 24.2707 22.9021 22.92
      vertex 24.3758 22.7887 23.3
      vertex 24.3758 22.7887 22.92
    endloop
  endfacet
  facet normal 0.63529 0.772274 -0
    outer loop
      vertex 24.2707 22.9021 22.92
      vertex 24.154 22.9981 23.3
      vertex 24.2707 22.9021 23.3
    endloop
  endfacet
  facet normal 0.63529 0.772274 0
    outer loop
      vertex 24.154 22.9981 23.3
      vertex 24.2707 22.9021 22.92
      vertex 24.154 22.9981 22.92
    endloop
  endfacet
  facet normal 0.521611 0.853183 -0
    outer loop
      vertex 24.154 22.9981 22.92
      vertex 24.0256 23.0766 23.3
      vertex 24.154 22.9981 23.3
    endloop
  endfacet
  facet normal 0.521611 0.853183 0
    outer loop
      vertex 24.0256 23.0766 23.3
      vertex 24.154 22.9981 22.92
      vertex 24.0256 23.0766 22.92
    endloop
  endfacet
  facet normal 0.399515 0.916727 -0
    outer loop
      vertex 24.0256 23.0766 22.92
      vertex 23.8854 23.1377 23.3
      vertex 24.0256 23.0766 23.3
    endloop
  endfacet
  facet normal 0.399515 0.916727 0
    outer loop
      vertex 23.8854 23.1377 23.3
      vertex 24.0256 23.0766 22.92
      vertex 23.8854 23.1377 22.92
    endloop
  endfacet
  facet normal 0.276059 0.961141 -0
    outer loop
      vertex 23.8854 23.1377 22.92
      vertex 23.7336 23.1813 23.3
      vertex 23.8854 23.1377 23.3
    endloop
  endfacet
  facet normal 0.276059 0.961141 0
    outer loop
      vertex 23.7336 23.1813 23.3
      vertex 23.8854 23.1377 22.92
      vertex 23.7336 23.1813 22.92
    endloop
  endfacet
  facet normal 0.158226 0.987403 -0
    outer loop
      vertex 23.7336 23.1813 22.92
      vertex 23.5701 23.2075 23.3
      vertex 23.7336 23.1813 23.3
    endloop
  endfacet
  facet normal 0.158226 0.987403 0
    outer loop
      vertex 23.5701 23.2075 23.3
      vertex 23.7336 23.1813 22.92
      vertex 23.5701 23.2075 22.92
    endloop
  endfacet
  facet normal 0.0496247 0.998768 -0
    outer loop
      vertex 23.5701 23.2075 22.92
      vertex 23.395 23.2162 23.3
      vertex 23.5701 23.2075 23.3
    endloop
  endfacet
  facet normal 0.0496247 0.998768 0
    outer loop
      vertex 23.395 23.2162 23.3
      vertex 23.5701 23.2075 22.92
      vertex 23.395 23.2162 22.92
    endloop
  endfacet
  facet normal -0.0410008 0.999159 0
    outer loop
      vertex 23.395 23.2162 22.92
      vertex 23.2366 23.2097 23.3
      vertex 23.395 23.2162 23.3
    endloop
  endfacet
  facet normal -0.0410008 0.999159 0
    outer loop
      vertex 23.2366 23.2097 23.3
      vertex 23.395 23.2162 22.92
      vertex 23.2366 23.2097 22.92
    endloop
  endfacet
  facet normal -0.127887 0.991789 0
    outer loop
      vertex 23.2366 23.2097 22.92
      vertex 23.0877 23.1905 23.3
      vertex 23.2366 23.2097 23.3
    endloop
  endfacet
  facet normal -0.127887 0.991789 0
    outer loop
      vertex 23.0877 23.1905 23.3
      vertex 23.2366 23.2097 22.92
      vertex 23.0877 23.1905 22.92
    endloop
  endfacet
  facet normal -0.224247 0.974532 0
    outer loop
      vertex 23.0877 23.1905 22.92
      vertex 22.9482 23.1584 23.3
      vertex 23.0877 23.1905 23.3
    endloop
  endfacet
  facet normal -0.224247 0.974532 0
    outer loop
      vertex 22.9482 23.1584 23.3
      vertex 23.0877 23.1905 22.92
      vertex 22.9482 23.1584 22.92
    endloop
  endfacet
  facet normal -0.327111 0.944986 0
    outer loop
      vertex 22.9482 23.1584 22.92
      vertex 22.8182 23.1134 23.3
      vertex 22.9482 23.1584 23.3
    endloop
  endfacet
  facet normal -0.327111 0.944986 0
    outer loop
      vertex 22.8182 23.1134 23.3
      vertex 22.9482 23.1584 22.92
      vertex 22.8182 23.1134 22.92
    endloop
  endfacet
  facet normal -0.432196 0.90178 0
    outer loop
      vertex 22.8182 23.1134 22.92
      vertex 22.6976 23.0556 23.3
      vertex 22.8182 23.1134 23.3
    endloop
  endfacet
  facet normal -0.432196 0.90178 0
    outer loop
      vertex 22.6976 23.0556 23.3
      vertex 22.8182 23.1134 22.92
      vertex 22.6976 23.0556 22.92
    endloop
  endfacet
  facet normal -0.536532 0.84388 0
    outer loop
      vertex 22.6976 23.0556 22.92
      vertex 22.5864 22.9849 23.3
      vertex 22.6976 23.0556 23.3
    endloop
  endfacet
  facet normal -0.536532 0.84388 0
    outer loop
      vertex 22.5864 22.9849 23.3
      vertex 22.6976 23.0556 22.92
      vertex 22.5864 22.9849 22.92
    endloop
  endfacet
  facet normal -0.634189 0.773178 0
    outer loop
      vertex 22.5864 22.9849 22.92
      vertex 22.4846 22.9014 23.3
      vertex 22.5864 22.9849 23.3
    endloop
  endfacet
  facet normal -0.634189 0.773178 0
    outer loop
      vertex 22.4846 22.9014 23.3
      vertex 22.5864 22.9849 22.92
      vertex 22.4846 22.9014 22.92
    endloop
  endfacet
  facet normal -0.722659 0.691205 0
    outer loop
      vertex 22.3945 22.8072 22.92
      vertex 22.4846 22.9014 23.3
      vertex 22.4846 22.9014 22.92
    endloop
  endfacet
  facet normal -0.722659 0.691205 0
    outer loop
      vertex 22.4846 22.9014 23.3
      vertex 22.3945 22.8072 22.92
      vertex 22.3945 22.8072 23.3
    endloop
  endfacet
  facet normal -0.803086 0.595863 0
    outer loop
      vertex 22.3183 22.7045 22.92
      vertex 22.3945 22.8072 23.3
      vertex 22.3945 22.8072 22.92
    endloop
  endfacet
  facet normal -0.803086 0.595863 0
    outer loop
      vertex 22.3945 22.8072 23.3
      vertex 22.3183 22.7045 22.92
      vertex 22.3183 22.7045 23.3
    endloop
  endfacet
  facet normal -0.872078 0.489367 0
    outer loop
      vertex 22.2559 22.5933 22.92
      vertex 22.3183 22.7045 23.3
      vertex 22.3183 22.7045 22.92
    endloop
  endfacet
  facet normal -0.872078 0.489367 0
    outer loop
      vertex 22.3183 22.7045 23.3
      vertex 22.2559 22.5933 22.92
      vertex 22.2559 22.5933 23.3
    endloop
  endfacet
  facet normal -0.926812 0.375525 0
    outer loop
      vertex 22.2074 22.4736 22.92
      vertex 22.2559 22.5933 23.3
      vertex 22.2559 22.5933 22.92
    endloop
  endfacet
  facet normal -0.926812 0.375525 0
    outer loop
      vertex 22.2559 22.5933 23.3
      vertex 22.2074 22.4736 22.92
      vertex 22.2074 22.4736 23.3
    endloop
  endfacet
  facet normal -0.965456 0.260568 0
    outer loop
      vertex 22.1728 22.3454 22.92
      vertex 22.2074 22.4736 23.3
      vertex 22.2074 22.4736 22.92
    endloop
  endfacet
  facet normal -0.965456 0.260568 0
    outer loop
      vertex 22.2074 22.4736 23.3
      vertex 22.1728 22.3454 22.92
      vertex 22.1728 22.3454 23.3
    endloop
  endfacet
  facet normal -0.988638 0.150319 0
    outer loop
      vertex 22.152 22.2086 22.92
      vertex 22.1728 22.3454 23.3
      vertex 22.1728 22.3454 22.92
    endloop
  endfacet
  facet normal -0.988638 0.150319 0
    outer loop
      vertex 22.1728 22.3454 23.3
      vertex 22.152 22.2086 22.92
      vertex 22.152 22.2086 23.3
    endloop
  endfacet
  facet normal -0.99884 0.0481534 0
    outer loop
      vertex 22.145 22.0634 22.92
      vertex 22.152 22.2086 23.3
      vertex 22.152 22.2086 22.92
    endloop
  endfacet
  facet normal -0.99884 0.0481534 0
    outer loop
      vertex 22.152 22.2086 23.3
      vertex 22.145 22.0634 22.92
      vertex 22.145 22.0634 23.3
    endloop
  endfacet
  facet normal -0.998854 -0.0478539 0
    outer loop
      vertex 22.1513 21.9319 22.92
      vertex 22.145 22.0634 23.3
      vertex 22.145 22.0634 22.92
    endloop
  endfacet
  facet normal -0.998854 -0.0478539 0
    outer loop
      vertex 22.145 22.0634 23.3
      vertex 22.1513 21.9319 22.92
      vertex 22.1513 21.9319 23.3
    endloop
  endfacet
  facet normal -0.988936 -0.14834 0
    outer loop
      vertex 22.1699 21.8079 22.92
      vertex 22.1513 21.9319 23.3
      vertex 22.1513 21.9319 22.92
    endloop
  endfacet
  facet normal -0.988936 -0.14834 0
    outer loop
      vertex 22.1513 21.9319 23.3
      vertex 22.1699 21.8079 22.92
      vertex 22.1699 21.8079 23.3
    endloop
  endfacet
  facet normal -0.966166 -0.257921 0
    outer loop
      vertex 22.201 21.6914 22.92
      vertex 22.1699 21.8079 23.3
      vertex 22.1699 21.8079 22.92
    endloop
  endfacet
  facet normal -0.966166 -0.257921 0
    outer loop
      vertex 22.1699 21.8079 23.3
      vertex 22.201 21.6914 22.92
      vertex 22.201 21.6914 23.3
    endloop
  endfacet
  facet normal -0.928477 -0.371391 0
    outer loop
      vertex 22.2446 21.5824 22.92
      vertex 22.201 21.6914 23.3
      vertex 22.201 21.6914 22.92
    endloop
  endfacet
  facet normal -0.928477 -0.371391 0
    outer loop
      vertex 22.201 21.6914 23.3
      vertex 22.2446 21.5824 22.92
      vertex 22.2446 21.5824 23.3
    endloop
  endfacet
  facet normal -0.875578 -0.483077 0
    outer loop
      vertex 22.3006 21.4809 22.92
      vertex 22.2446 21.5824 23.3
      vertex 22.2446 21.5824 22.92
    endloop
  endfacet
  facet normal -0.875578 -0.483077 0
    outer loop
      vertex 22.2446 21.5824 23.3
      vertex 22.3006 21.4809 22.92
      vertex 22.3006 21.4809 23.3
    endloop
  endfacet
  facet normal -0.808587 -0.588376 0
    outer loop
      vertex 22.369 21.3869 22.92
      vertex 22.3006 21.4809 23.3
      vertex 22.3006 21.4809 22.92
    endloop
  endfacet
  facet normal -0.808587 -0.588376 0
    outer loop
      vertex 22.3006 21.4809 23.3
      vertex 22.369 21.3869 22.92
      vertex 22.369 21.3869 23.3
    endloop
  endfacet
  facet normal -0.730747 -0.682649 0
    outer loop
      vertex 22.4499 21.3003 22.92
      vertex 22.369 21.3869 23.3
      vertex 22.369 21.3869 22.92
    endloop
  endfacet
  facet normal -0.730747 -0.682649 0
    outer loop
      vertex 22.369 21.3869 23.3
      vertex 22.4499 21.3003 22.92
      vertex 22.4499 21.3003 23.3
    endloop
  endfacet
  facet normal -0.645453 -0.7638 0
    outer loop
      vertex 22.4499 21.3003 22.92
      vertex 22.5409 21.2234 23.3
      vertex 22.4499 21.3003 23.3
    endloop
  endfacet
  facet normal -0.645453 -0.7638 -0
    outer loop
      vertex 22.5409 21.2234 23.3
      vertex 22.4499 21.3003 22.92
      vertex 22.5409 21.2234 22.92
    endloop
  endfacet
  facet normal -0.549228 -0.835672 0
    outer loop
      vertex 22.5409 21.2234 22.92
      vertex 22.6398 21.1584 23.3
      vertex 22.5409 21.2234 23.3
    endloop
  endfacet
  facet normal -0.549228 -0.835672 -0
    outer loop
      vertex 22.6398 21.1584 23.3
      vertex 22.5409 21.2234 22.92
      vertex 22.6398 21.1584 22.92
    endloop
  endfacet
  facet normal -0.446878 -0.894595 0
    outer loop
      vertex 22.6398 21.1584 22.92
      vertex 22.7465 21.1051 23.3
      vertex 22.6398 21.1584 23.3
    endloop
  endfacet
  facet normal -0.446878 -0.894595 -0
    outer loop
      vertex 22.7465 21.1051 23.3
      vertex 22.6398 21.1584 22.92
      vertex 22.7465 21.1051 22.92
    endloop
  endfacet
  facet normal -0.339765 -0.94051 0
    outer loop
      vertex 22.7465 21.1051 22.92
      vertex 22.8611 21.0637 23.3
      vertex 22.7465 21.1051 23.3
    endloop
  endfacet
  facet normal -0.339765 -0.94051 -0
    outer loop
      vertex 22.8611 21.0637 23.3
      vertex 22.7465 21.1051 22.92
      vertex 22.8611 21.0637 22.92
    endloop
  endfacet
  facet normal -0.235236 -0.971938 0
    outer loop
      vertex 22.8611 21.0637 22.92
      vertex 22.9834 21.0341 23.3
      vertex 22.8611 21.0637 23.3
    endloop
  endfacet
  facet normal -0.235236 -0.971938 -0
    outer loop
      vertex 22.9834 21.0341 23.3
      vertex 22.8611 21.0637 22.92
      vertex 22.9834 21.0341 22.92
    endloop
  endfacet
  facet normal -0.134604 -0.990899 0
    outer loop
      vertex 22.9834 21.0341 22.92
      vertex 23.1137 21.0164 23.3
      vertex 22.9834 21.0341 23.3
    endloop
  endfacet
  facet normal -0.134604 -0.990899 -0
    outer loop
      vertex 23.1137 21.0164 23.3
      vertex 22.9834 21.0341 22.92
      vertex 23.1137 21.0164 22.92
    endloop
  endfacet
  facet normal -0.0427146 -0.999087 0
    outer loop
      vertex 23.1137 21.0164 22.92
      vertex 23.2517 21.0105 23.3
      vertex 23.1137 21.0164 23.3
    endloop
  endfacet
  facet normal -0.0427146 -0.999087 -0
    outer loop
      vertex 23.2517 21.0105 23.3
      vertex 23.1137 21.0164 22.92
      vertex 23.2517 21.0105 22.92
    endloop
  endfacet
  facet normal 0.0198876 -0.999802 0
    outer loop
      vertex 23.2517 21.0105 22.92
      vertex 23.307 21.0116 23.3
      vertex 23.2517 21.0105 23.3
    endloop
  endfacet
  facet normal 0.0198876 -0.999802 0
    outer loop
      vertex 23.307 21.0116 23.3
      vertex 23.2517 21.0105 22.92
      vertex 23.307 21.0116 22.92
    endloop
  endfacet
  facet normal 0.0609973 -0.998138 0
    outer loop
      vertex 23.307 21.0116 22.92
      vertex 23.361 21.0149 23.3
      vertex 23.307 21.0116 23.3
    endloop
  endfacet
  facet normal 0.0609973 -0.998138 0
    outer loop
      vertex 23.361 21.0149 23.3
      vertex 23.307 21.0116 22.92
      vertex 23.361 21.0149 22.92
    endloop
  endfacet
  facet normal 0.105075 -0.994464 0
    outer loop
      vertex 23.361 21.0149 22.92
      vertex 23.414 21.0205 23.3
      vertex 23.361 21.0149 23.3
    endloop
  endfacet
  facet normal 0.105075 -0.994464 0
    outer loop
      vertex 23.414 21.0205 23.3
      vertex 23.361 21.0149 22.92
      vertex 23.414 21.0205 22.92
    endloop
  endfacet
  facet normal 0.147311 -0.98909 0
    outer loop
      vertex 23.414 21.0205 22.92
      vertex 23.4657 21.0282 23.3
      vertex 23.414 21.0205 23.3
    endloop
  endfacet
  facet normal 0.147311 -0.98909 0
    outer loop
      vertex 23.4657 21.0282 23.3
      vertex 23.414 21.0205 22.92
      vertex 23.4657 21.0282 22.92
    endloop
  endfacet
  facet normal 0.193879 -0.981026 0
    outer loop
      vertex 23.4657 21.0282 22.92
      vertex 23.5163 21.0382 23.3
      vertex 23.4657 21.0282 23.3
    endloop
  endfacet
  facet normal 0.193879 -0.981026 0
    outer loop
      vertex 23.5163 21.0382 23.3
      vertex 23.4657 21.0282 22.92
      vertex 23.5163 21.0382 22.92
    endloop
  endfacet
  facet normal 0.239304 -0.970945 0
    outer loop
      vertex 23.5163 21.0382 22.92
      vertex 23.5658 21.0504 23.3
      vertex 23.5163 21.0382 23.3
    endloop
  endfacet
  facet normal 0.239304 -0.970945 0
    outer loop
      vertex 23.5658 21.0504 23.3
      vertex 23.5163 21.0382 22.92
      vertex 23.5658 21.0504 22.92
    endloop
  endfacet
  facet normal 0.285709 -0.958316 0
    outer loop
      vertex 23.5658 21.0504 22.92
      vertex 23.6141 21.0648 23.3
      vertex 23.5658 21.0504 23.3
    endloop
  endfacet
  facet normal 0.285709 -0.958316 0
    outer loop
      vertex 23.6141 21.0648 23.3
      vertex 23.5658 21.0504 22.92
      vertex 23.6141 21.0648 22.92
    endloop
  endfacet
  facet normal 0.33115 -0.943578 0
    outer loop
      vertex 23.6141 21.0648 22.92
      vertex 23.6614 21.0814 23.3
      vertex 23.6141 21.0648 23.3
    endloop
  endfacet
  facet normal 0.33115 -0.943578 0
    outer loop
      vertex 23.6614 21.0814 23.3
      vertex 23.6141 21.0648 22.92
      vertex 23.6614 21.0814 22.92
    endloop
  endfacet
  facet normal 0.374134 -0.927375 0
    outer loop
      vertex 23.6614 21.0814 22.92
      vertex 23.708 21.1002 23.3
      vertex 23.6614 21.0814 23.3
    endloop
  endfacet
  facet normal 0.374134 -0.927375 0
    outer loop
      vertex 23.708 21.1002 23.3
      vertex 23.6614 21.0814 22.92
      vertex 23.708 21.1002 22.92
    endloop
  endfacet
  facet normal 0.419184 -0.907901 0
    outer loop
      vertex 23.708 21.1002 22.92
      vertex 23.7537 21.1213 23.3
      vertex 23.708 21.1002 23.3
    endloop
  endfacet
  facet normal 0.419184 -0.907901 0
    outer loop
      vertex 23.7537 21.1213 23.3
      vertex 23.708 21.1002 22.92
      vertex 23.7537 21.1213 22.92
    endloop
  endfacet
  facet normal 0.45824 -0.888828 0
    outer loop
      vertex 23.7537 21.1213 22.92
      vertex 23.7987 21.1445 23.3
      vertex 23.7537 21.1213 23.3
    endloop
  endfacet
  facet normal 0.45824 -0.888828 0
    outer loop
      vertex 23.7987 21.1445 23.3
      vertex 23.7537 21.1213 22.92
      vertex 23.7987 21.1445 22.92
    endloop
  endfacet
  facet normal 0.499722 -0.866186 0
    outer loop
      vertex 23.7987 21.1445 22.92
      vertex 23.8429 21.17 23.3
      vertex 23.7987 21.1445 23.3
    endloop
  endfacet
  facet normal 0.499722 -0.866186 0
    outer loop
      vertex 23.8429 21.17 23.3
      vertex 23.7987 21.1445 22.92
      vertex 23.8429 21.17 22.92
    endloop
  endfacet
  facet normal 0.538888 -0.842377 0
    outer loop
      vertex 23.8429 21.17 22.92
      vertex 23.8862 21.1977 23.3
      vertex 23.8429 21.17 23.3
    endloop
  endfacet
  facet normal 0.538888 -0.842377 0
    outer loop
      vertex 23.8862 21.1977 23.3
      vertex 23.8429 21.17 22.92
      vertex 23.8862 21.1977 22.92
    endloop
  endfacet
  facet normal 0.574494 -0.818509 0
    outer loop
      vertex 23.8862 21.1977 22.92
      vertex 23.9288 21.2276 23.3
      vertex 23.8862 21.1977 23.3
    endloop
  endfacet
  facet normal 0.574494 -0.818509 0
    outer loop
      vertex 23.9288 21.2276 23.3
      vertex 23.8862 21.1977 22.92
      vertex 23.9288 21.2276 22.92
    endloop
  endfacet
  facet normal -0.99221 0.124578 0
    outer loop
      vertex 23.9147 21.1153 22.92
      vertex 23.9288 21.2276 23.3
      vertex 23.9288 21.2276 22.92
    endloop
  endfacet
  facet normal -0.99221 0.124578 0
    outer loop
      vertex 23.9288 21.2276 23.3
      vertex 23.9147 21.1153 22.92
      vertex 23.9147 21.1153 23.3
    endloop
  endfacet
  facet normal -0.980253 0.197746 0
    outer loop
      vertex 23.8937 21.0112 22.92
      vertex 23.9147 21.1153 23.3
      vertex 23.9147 21.1153 22.92
    endloop
  endfacet
  facet normal -0.980253 0.197746 0
    outer loop
      vertex 23.9147 21.1153 23.3
      vertex 23.8937 21.0112 22.92
      vertex 23.8937 21.0112 23.3
    endloop
  endfacet
  facet normal -0.96 0.28 0
    outer loop
      vertex 23.8657 20.9152 22.92
      vertex 23.8937 21.0112 23.3
      vertex 23.8937 21.0112 22.92
    endloop
  endfacet
  facet normal -0.96 0.28 0
    outer loop
      vertex 23.8937 21.0112 23.3
      vertex 23.8657 20.9152 22.92
      vertex 23.8657 20.9152 23.3
    endloop
  endfacet
  facet normal -0.928404 0.371573 0
    outer loop
      vertex 23.8306 20.8275 22.92
      vertex 23.8657 20.9152 23.3
      vertex 23.8657 20.9152 22.92
    endloop
  endfacet
  facet normal -0.928404 0.371573 0
    outer loop
      vertex 23.8657 20.9152 23.3
      vertex 23.8306 20.8275 22.92
      vertex 23.8306 20.8275 23.3
    endloop
  endfacet
  facet normal -0.884436 0.466662 0
    outer loop
      vertex 23.7886 20.7479 22.92
      vertex 23.8306 20.8275 23.3
      vertex 23.8306 20.8275 22.92
    endloop
  endfacet
  facet normal -0.884436 0.466662 0
    outer loop
      vertex 23.8306 20.8275 23.3
      vertex 23.7886 20.7479 22.92
      vertex 23.7886 20.7479 23.3
    endloop
  endfacet
  facet normal -0.824513 0.565842 0
    outer loop
      vertex 23.7396 20.6765 22.92
      vertex 23.7886 20.7479 23.3
      vertex 23.7886 20.7479 22.92
    endloop
  endfacet
  facet normal -0.824513 0.565842 0
    outer loop
      vertex 23.7886 20.7479 23.3
      vertex 23.7396 20.6765 22.92
      vertex 23.7396 20.6765 23.3
    endloop
  endfacet
  facet normal -0.747866 0.66385 0
    outer loop
      vertex 23.6835 20.6133 22.92
      vertex 23.7396 20.6765 23.3
      vertex 23.7396 20.6765 22.92
    endloop
  endfacet
  facet normal -0.747866 0.66385 0
    outer loop
      vertex 23.7396 20.6765 23.3
      vertex 23.6835 20.6133 22.92
      vertex 23.6835 20.6133 23.3
    endloop
  endfacet
  facet normal -0.658165 0.752874 0
    outer loop
      vertex 23.6835 20.6133 22.92
      vertex 23.6207 20.5584 23.3
      vertex 23.6835 20.6133 23.3
    endloop
  endfacet
  facet normal -0.658165 0.752874 0
    outer loop
      vertex 23.6207 20.5584 23.3
      vertex 23.6835 20.6133 22.92
      vertex 23.6207 20.5584 22.92
    endloop
  endfacet
  facet normal -0.555527 0.831498 0
    outer loop
      vertex 23.6207 20.5584 22.92
      vertex 23.5511 20.5119 23.3
      vertex 23.6207 20.5584 23.3
    endloop
  endfacet
  facet normal -0.555527 0.831498 0
    outer loop
      vertex 23.5511 20.5119 23.3
      vertex 23.6207 20.5584 22.92
      vertex 23.5511 20.5119 22.92
    endloop
  endfacet
  facet normal -0.445338 0.895363 0
    outer loop
      vertex 23.5511 20.5119 22.92
      vertex 23.4747 20.4739 23.3
      vertex 23.5511 20.5119 23.3
    endloop
  endfacet
  facet normal -0.445338 0.895363 0
    outer loop
      vertex 23.4747 20.4739 23.3
      vertex 23.5511 20.5119 22.92
      vertex 23.4747 20.4739 22.92
    endloop
  endfacet
  facet normal -0.33454 0.942382 0
    outer loop
      vertex 23.4747 20.4739 22.92
      vertex 23.3916 20.4444 23.3
      vertex 23.4747 20.4739 23.3
    endloop
  endfacet
  facet normal -0.33454 0.942382 0
    outer loop
      vertex 23.3916 20.4444 23.3
      vertex 23.4747 20.4739 22.92
      vertex 23.3916 20.4444 22.92
    endloop
  endfacet
  facet normal -0.229764 0.973246 0
    outer loop
      vertex 23.3916 20.4444 22.92
      vertex 23.3018 20.4232 23.3
      vertex 23.3916 20.4444 23.3
    endloop
  endfacet
  facet normal -0.229764 0.973246 0
    outer loop
      vertex 23.3018 20.4232 23.3
      vertex 23.3916 20.4444 22.92
      vertex 23.3018 20.4232 22.92
    endloop
  endfacet
  facet normal -0.129471 0.991583 0
    outer loop
      vertex 23.3018 20.4232 22.92
      vertex 23.2053 20.4106 23.3
      vertex 23.3018 20.4232 23.3
    endloop
  endfacet
  facet normal -0.129471 0.991583 0
    outer loop
      vertex 23.2053 20.4106 23.3
      vertex 23.3018 20.4232 22.92
      vertex 23.2053 20.4106 22.92
    endloop
  endfacet
  facet normal -0.0415903 0.999135 0
    outer loop
      vertex 23.2053 20.4106 22.92
      vertex 23.102 20.4063 23.3
      vertex 23.2053 20.4106 23.3
    endloop
  endfacet
  facet normal -0.0415903 0.999135 0
    outer loop
      vertex 23.102 20.4063 23.3
      vertex 23.2053 20.4106 22.92
      vertex 23.102 20.4063 22.92
    endloop
  endfacet
  facet normal 0.0196426 0.999807 -0
    outer loop
      vertex 23.102 20.4063 22.92
      vertex 23.0511 20.4073 23.3
      vertex 23.102 20.4063 23.3
    endloop
  endfacet
  facet normal 0.0196426 0.999807 0
    outer loop
      vertex 23.0511 20.4073 23.3
      vertex 23.102 20.4063 22.92
      vertex 23.0511 20.4073 22.92
    endloop
  endfacet
  facet normal 0.0547124 0.998502 -0
    outer loop
      vertex 23.0511 20.4073 22.92
      vertex 23 20.4101 23.3
      vertex 23.0511 20.4073 23.3
    endloop
  endfacet
  facet normal 0.0547124 0.998502 0
    outer loop
      vertex 23 20.4101 23.3
      vertex 23.0511 20.4073 22.92
      vertex 23 20.4101 22.92
    endloop
  endfacet
  facet normal 0.0931603 0.995651 -0
    outer loop
      vertex 23 20.4101 22.92
      vertex 22.9487 20.4149 23.3
      vertex 23 20.4101 23.3
    endloop
  endfacet
  facet normal 0.0931603 0.995651 0
    outer loop
      vertex 22.9487 20.4149 23.3
      vertex 23 20.4101 22.92
      vertex 22.9487 20.4149 22.92
    endloop
  endfacet
  facet normal 0.12901 0.991643 -0
    outer loop
      vertex 22.9487 20.4149 22.92
      vertex 22.8972 20.4216 23.3
      vertex 22.9487 20.4149 23.3
    endloop
  endfacet
  facet normal 0.12901 0.991643 0
    outer loop
      vertex 22.8972 20.4216 23.3
      vertex 22.9487 20.4149 22.92
      vertex 22.8972 20.4216 22.92
    endloop
  endfacet
  facet normal 0.162538 0.986702 -0
    outer loop
      vertex 22.8972 20.4216 22.92
      vertex 22.8456 20.4301 23.3
      vertex 22.8972 20.4216 23.3
    endloop
  endfacet
  facet normal 0.162538 0.986702 0
    outer loop
      vertex 22.8456 20.4301 23.3
      vertex 22.8972 20.4216 22.92
      vertex 22.8456 20.4301 22.92
    endloop
  endfacet
  facet normal 0.198662 0.980068 -0
    outer loop
      vertex 22.8456 20.4301 22.92
      vertex 22.7938 20.4406 23.3
      vertex 22.8456 20.4301 23.3
    endloop
  endfacet
  facet normal 0.198662 0.980068 0
    outer loop
      vertex 22.7938 20.4406 23.3
      vertex 22.8456 20.4301 22.92
      vertex 22.7938 20.4406 22.92
    endloop
  endfacet
  facet normal 0.230187 0.973147 -0
    outer loop
      vertex 22.7938 20.4406 22.92
      vertex 22.7418 20.4529 23.3
      vertex 22.7938 20.4406 23.3
    endloop
  endfacet
  facet normal 0.230187 0.973147 0
    outer loop
      vertex 22.7418 20.4529 23.3
      vertex 22.7938 20.4406 22.92
      vertex 22.7418 20.4529 22.92
    endloop
  endfacet
  facet normal 0.263273 0.964721 -0
    outer loop
      vertex 22.7418 20.4529 22.92
      vertex 22.6894 20.4672 23.3
      vertex 22.7418 20.4529 23.3
    endloop
  endfacet
  facet normal 0.263273 0.964721 0
    outer loop
      vertex 22.6894 20.4672 23.3
      vertex 22.7418 20.4529 22.92
      vertex 22.6894 20.4672 22.92
    endloop
  endfacet
  facet normal 0.291305 0.95663 -0
    outer loop
      vertex 22.6894 20.4672 22.92
      vertex 22.6362 20.4834 23.3
      vertex 22.6894 20.4672 23.3
    endloop
  endfacet
  facet normal 0.291305 0.95663 0
    outer loop
      vertex 22.6362 20.4834 23.3
      vertex 22.6894 20.4672 22.92
      vertex 22.6362 20.4834 22.92
    endloop
  endfacet
  facet normal 0.317285 0.94833 -0
    outer loop
      vertex 22.6362 20.4834 22.92
      vertex 22.5824 20.5014 23.3
      vertex 22.6362 20.4834 23.3
    endloop
  endfacet
  facet normal 0.317285 0.94833 0
    outer loop
      vertex 22.5824 20.5014 23.3
      vertex 22.6362 20.4834 22.92
      vertex 22.5824 20.5014 22.92
    endloop
  endfacet
  facet normal 0.343951 0.938987 -0
    outer loop
      vertex 22.5824 20.5014 22.92
      vertex 22.5278 20.5214 23.3
      vertex 22.5824 20.5014 23.3
    endloop
  endfacet
  facet normal 0.343951 0.938987 0
    outer loop
      vertex 22.5278 20.5214 23.3
      vertex 22.5824 20.5014 22.92
      vertex 22.5278 20.5214 22.92
    endloop
  endfacet
  facet normal 0.3682 0.929747 -0
    outer loop
      vertex 22.5278 20.5214 22.92
      vertex 22.4725 20.5433 23.3
      vertex 22.5278 20.5214 23.3
    endloop
  endfacet
  facet normal 0.3682 0.929747 0
    outer loop
      vertex 22.4725 20.5433 23.3
      vertex 22.5278 20.5214 22.92
      vertex 22.4725 20.5433 22.92
    endloop
  endfacet
  facet normal 0.390338 0.920671 -0
    outer loop
      vertex 22.4725 20.5433 22.92
      vertex 22.4166 20.567 23.3
      vertex 22.4725 20.5433 23.3
    endloop
  endfacet
  facet normal 0.390338 0.920671 0
    outer loop
      vertex 22.4166 20.567 23.3
      vertex 22.4725 20.5433 22.92
      vertex 22.4166 20.567 22.92
    endloop
  endfacet
  facet normal 0.412834 0.910806 -0
    outer loop
      vertex 22.4166 20.567 22.92
      vertex 22.3599 20.5927 23.3
      vertex 22.4166 20.567 23.3
    endloop
  endfacet
  facet normal 0.412834 0.910806 0
    outer loop
      vertex 22.3599 20.5927 23.3
      vertex 22.4166 20.567 22.92
      vertex 22.3599 20.5927 22.92
    endloop
  endfacet
  facet normal -1 0 0
    outer loop
      vertex 22.3599 19.9947 22.92
      vertex 22.3599 20.5927 23.3
      vertex 22.3599 20.5927 22.92
    endloop
  endfacet
  facet normal -1 -0 0
    outer loop
      vertex 22.3599 20.5927 23.3
      vertex 22.3599 19.9947 22.92
      vertex 22.3599 19.9947 23.3
    endloop
  endfacet
  facet normal -0.309236 -0.950985 0
    outer loop
      vertex 22.3599 19.9947 22.92
      vertex 22.4171 19.9761 23.3
      vertex 22.3599 19.9947 23.3
    endloop
  endfacet
  facet normal -0.309236 -0.950985 -0
    outer loop
      vertex 22.4171 19.9761 23.3
      vertex 22.3599 19.9947 22.92
      vertex 22.4171 19.9761 22.92
    endloop
  endfacet
  facet normal -0.287653 -0.957735 0
    outer loop
      vertex 22.4171 19.9761 22.92
      vertex 22.4747 19.9588 23.3
      vertex 22.4171 19.9761 23.3
    endloop
  endfacet
  facet normal -0.287653 -0.957735 -0
    outer loop
      vertex 22.4747 19.9588 23.3
      vertex 22.4171 19.9761 22.92
      vertex 22.4747 19.9588 22.92
    endloop
  endfacet
  facet normal -0.263258 -0.964725 0
    outer loop
      vertex 22.4747 19.9588 22.92
      vertex 22.5326 19.943 23.3
      vertex 22.4747 19.9588 23.3
    endloop
  endfacet
  facet normal -0.263258 -0.964725 -0
    outer loop
      vertex 22.5326 19.943 23.3
      vertex 22.4747 19.9588 22.92
      vertex 22.5326 19.943 22.92
    endloop
  endfacet
  facet normal -0.24136 -0.970436 0
    outer loop
      vertex 22.5326 19.943 22.92
      vertex 22.5909 19.9285 23.3
      vertex 22.5326 19.943 23.3
    endloop
  endfacet
  facet normal -0.24136 -0.970436 -0
    outer loop
      vertex 22.5909 19.9285 23.3
      vertex 22.5326 19.943 22.92
      vertex 22.5909 19.9285 22.92
    endloop
  endfacet
  facet normal -0.218165 -0.975912 0
    outer loop
      vertex 22.5909 19.9285 22.92
      vertex 22.6495 19.9154 23.3
      vertex 22.5909 19.9285 23.3
    endloop
  endfacet
  facet normal -0.218165 -0.975912 -0
    outer loop
      vertex 22.6495 19.9154 23.3
      vertex 22.5909 19.9285 22.92
      vertex 22.6495 19.9154 22.92
    endloop
  endfacet
  facet normal -0.194517 -0.980899 0
    outer loop
      vertex 22.6495 19.9154 22.92
      vertex 22.7085 19.9037 23.3
      vertex 22.6495 19.9154 23.3
    endloop
  endfacet
  facet normal -0.194517 -0.980899 -0
    outer loop
      vertex 22.7085 19.9037 23.3
      vertex 22.6495 19.9154 22.92
      vertex 22.7085 19.9037 22.92
    endloop
  endfacet
  facet normal -0.172743 -0.984967 0
    outer loop
      vertex 22.7085 19.9037 22.92
      vertex 22.7678 19.8933 23.3
      vertex 22.7085 19.9037 23.3
    endloop
  endfacet
  facet normal -0.172743 -0.984967 -0
    outer loop
      vertex 22.7678 19.8933 23.3
      vertex 22.7085 19.9037 22.92
      vertex 22.7678 19.8933 22.92
    endloop
  endfacet
  facet normal -0.146728 -0.989177 0
    outer loop
      vertex 22.7678 19.8933 22.92
      vertex 22.8278 19.8844 23.3
      vertex 22.7678 19.8933 23.3
    endloop
  endfacet
  facet normal -0.146728 -0.989177 -0
    outer loop
      vertex 22.8278 19.8844 23.3
      vertex 22.7678 19.8933 22.92
      vertex 22.8278 19.8844 22.92
    endloop
  endfacet
  facet normal -0.124236 -0.992253 0
    outer loop
      vertex 22.8278 19.8844 22.92
      vertex 22.8885 19.8768 23.3
      vertex 22.8278 19.8844 23.3
    endloop
  endfacet
  facet normal -0.124236 -0.992253 -0
    outer loop
      vertex 22.8885 19.8768 23.3
      vertex 22.8278 19.8844 22.92
      vertex 22.8885 19.8768 22.92
    endloop
  endfacet
  facet normal -0.100305 -0.994957 0
    outer loop
      vertex 22.8885 19.8768 22.92
      vertex 22.95 19.8706 23.3
      vertex 22.8885 19.8768 23.3
    endloop
  endfacet
  facet normal -0.100305 -0.994957 -0
    outer loop
      vertex 22.95 19.8706 23.3
      vertex 22.8885 19.8768 22.92
      vertex 22.95 19.8706 22.92
    endloop
  endfacet
  facet normal -0.0784095 -0.996921 0
    outer loop
      vertex 22.95 19.8706 22.92
      vertex 23.0123 19.8657 23.3
      vertex 22.95 19.8706 23.3
    endloop
  endfacet
  facet normal -0.0784095 -0.996921 -0
    outer loop
      vertex 23.0123 19.8657 23.3
      vertex 22.95 19.8706 22.92
      vertex 23.0123 19.8657 22.92
    endloop
  endfacet
  facet normal -0.0538047 -0.998551 0
    outer loop
      vertex 23.0123 19.8657 22.92
      vertex 23.0754 19.8623 23.3
      vertex 23.0123 19.8657 23.3
    endloop
  endfacet
  facet normal -0.0538047 -0.998551 -0
    outer loop
      vertex 23.0754 19.8623 23.3
      vertex 23.0123 19.8657 22.92
      vertex 23.0754 19.8623 22.92
    endloop
  endfacet
  facet normal -0.0328461 -0.99946 0
    outer loop
      vertex 23.0754 19.8623 22.92
      vertex 23.1393 19.8602 23.3
      vertex 23.0754 19.8623 23.3
    endloop
  endfacet
  facet normal -0.0328461 -0.99946 -0
    outer loop
      vertex 23.1393 19.8602 23.3
      vertex 23.0754 19.8623 22.92
      vertex 23.1393 19.8602 22.92
    endloop
  endfacet
  facet normal -0.0108185 -0.999941 0
    outer loop
      vertex 23.1393 19.8602 22.92
      vertex 23.204 19.8595 23.3
      vertex 23.1393 19.8602 23.3
    endloop
  endfacet
  facet normal -0.0108185 -0.999941 -0
    outer loop
      vertex 23.204 19.8595 23.3
      vertex 23.1393 19.8602 22.92
      vertex 23.204 19.8595 22.92
    endloop
  endfacet
  facet normal 0.0479041 -0.998852 0
    outer loop
      vertex 23.204 19.8595 22.92
      vertex 23.4 19.8689 23.3
      vertex 23.204 19.8595 23.3
    endloop
  endfacet
  facet normal 0.0479041 -0.998852 0
    outer loop
      vertex 23.4 19.8689 23.3
      vertex 23.204 19.8595 22.92
      vertex 23.4 19.8689 22.92
    endloop
  endfacet
  facet normal 0.153784 0.988105 -0
    outer loop
      vertex 23.3302 21.5561 22.92
      vertex 23.2743 21.5648 23.3
      vertex 23.3302 21.5561 23.3
    endloop
  endfacet
  facet normal 0.153784 0.988105 0
    outer loop
      vertex 23.2743 21.5648 23.3
      vertex 23.3302 21.5561 22.92
      vertex 23.2743 21.5648 22.92
    endloop
  endfacet
  facet normal 0.270529 0.962712 -0
    outer loop
      vertex 23.2743 21.5648 22.92
      vertex 23.2227 21.5793 23.3
      vertex 23.2743 21.5648 23.3
    endloop
  endfacet
  facet normal 0.270529 0.962712 0
    outer loop
      vertex 23.2227 21.5793 23.3
      vertex 23.2743 21.5648 22.92
      vertex 23.2227 21.5793 22.92
    endloop
  endfacet
  facet normal 0.397443 0.917627 -0
    outer loop
      vertex 23.2227 21.5793 22.92
      vertex 23.1756 21.5997 23.3
      vertex 23.2227 21.5793 23.3
    endloop
  endfacet
  facet normal 0.397443 0.917627 0
    outer loop
      vertex 23.1756 21.5997 23.3
      vertex 23.2227 21.5793 22.92
      vertex 23.1756 21.5997 22.92
    endloop
  endfacet
  facet normal 0.521531 0.853232 -0
    outer loop
      vertex 23.1756 21.5997 22.92
      vertex 23.1329 21.6258 23.3
      vertex 23.1756 21.5997 23.3
    endloop
  endfacet
  facet normal 0.521531 0.853232 0
    outer loop
      vertex 23.1329 21.6258 23.3
      vertex 23.1756 21.5997 22.92
      vertex 23.1329 21.6258 22.92
    endloop
  endfacet
  facet normal 0.641169 0.767399 -0
    outer loop
      vertex 23.1329 21.6258 22.92
      vertex 23.0946 21.6578 23.3
      vertex 23.1329 21.6258 23.3
    endloop
  endfacet
  facet normal 0.641169 0.767399 0
    outer loop
      vertex 23.0946 21.6578 23.3
      vertex 23.1329 21.6258 22.92
      vertex 23.0946 21.6578 22.92
    endloop
  endfacet
  facet normal 0.744569 0.667545 0
    outer loop
      vertex 23.0946 21.6578 23.3
      vertex 23.0608 21.6955 22.92
      vertex 23.0608 21.6955 23.3
    endloop
  endfacet
  facet normal 0.744569 0.667545 0
    outer loop
      vertex 23.0608 21.6955 22.92
      vertex 23.0946 21.6578 23.3
      vertex 23.0946 21.6578 22.92
    endloop
  endfacet
  facet normal 0.829113 0.559081 0
    outer loop
      vertex 23.0608 21.6955 23.3
      vertex 23.0314 21.7391 22.92
      vertex 23.0314 21.7391 23.3
    endloop
  endfacet
  facet normal 0.829113 0.559081 0
    outer loop
      vertex 23.0314 21.7391 22.92
      vertex 23.0608 21.6955 23.3
      vertex 23.0608 21.6955 22.92
    endloop
  endfacet
  facet normal 0.893702 0.44866 0
    outer loop
      vertex 23.0314 21.7391 23.3
      vertex 23.0066 21.7885 22.92
      vertex 23.0066 21.7885 23.3
    endloop
  endfacet
  facet normal 0.893702 0.44866 0
    outer loop
      vertex 23.0066 21.7885 22.92
      vertex 23.0314 21.7391 23.3
      vertex 23.0314 21.7391 22.92
    endloop
  endfacet
  facet normal 0.938546 0.345154 0
    outer loop
      vertex 23.0066 21.7885 23.3
      vertex 22.9863 21.8437 22.92
      vertex 22.9863 21.8437 23.3
    endloop
  endfacet
  facet normal 0.938546 0.345154 0
    outer loop
      vertex 22.9863 21.8437 22.92
      vertex 23.0066 21.7885 23.3
      vertex 23.0066 21.7885 22.92
    endloop
  endfacet
  facet normal 0.968054 0.250742 0
    outer loop
      vertex 22.9863 21.8437 23.3
      vertex 22.9705 21.9047 22.92
      vertex 22.9705 21.9047 23.3
    endloop
  endfacet
  facet normal 0.968054 0.250742 0
    outer loop
      vertex 22.9705 21.9047 22.92
      vertex 22.9863 21.8437 23.3
      vertex 22.9863 21.8437 22.92
    endloop
  endfacet
  facet normal 0.985992 0.166792 0
    outer loop
      vertex 22.9705 21.9047 23.3
      vertex 22.9592 21.9715 22.92
      vertex 22.9592 21.9715 23.3
    endloop
  endfacet
  facet normal 0.985992 0.166792 0
    outer loop
      vertex 22.9592 21.9715 22.92
      vertex 22.9705 21.9047 23.3
      vertex 22.9705 21.9047 22.92
    endloop
  endfacet
  facet normal 0.995642 0.0932557 0
    outer loop
      vertex 22.9592 21.9715 23.3
      vertex 22.9524 22.0441 22.92
      vertex 22.9524 22.0441 23.3
    endloop
  endfacet
  facet normal 0.995642 0.0932557 0
    outer loop
      vertex 22.9524 22.0441 22.92
      vertex 22.9592 21.9715 23.3
      vertex 22.9592 21.9715 22.92
    endloop
  endfacet
  facet normal 0.99957 0.0293241 0
    outer loop
      vertex 22.9524 22.0441 23.3
      vertex 22.9501 22.1225 22.92
      vertex 22.9501 22.1225 23.3
    endloop
  endfacet
  facet normal 0.99957 0.0293241 0
    outer loop
      vertex 22.9501 22.1225 22.92
      vertex 22.9524 22.0441 23.3
      vertex 22.9524 22.0441 22.92
    endloop
  endfacet
  facet normal 0.999564 -0.0295122 0
    outer loop
      vertex 22.9501 22.1225 23.3
      vertex 22.9524 22.2004 22.92
      vertex 22.9524 22.2004 23.3
    endloop
  endfacet
  facet normal 0.999564 -0.0295122 0
    outer loop
      vertex 22.9524 22.2004 22.92
      vertex 22.9501 22.1225 23.3
      vertex 22.9501 22.1225 22.92
    endloop
  endfacet
  facet normal 0.995594 -0.0937679 0
    outer loop
      vertex 22.9524 22.2004 23.3
      vertex 22.9592 22.2726 22.92
      vertex 22.9592 22.2726 23.3
    endloop
  endfacet
  facet normal 0.995594 -0.0937679 0
    outer loop
      vertex 22.9592 22.2726 22.92
      vertex 22.9524 22.2004 23.3
      vertex 22.9524 22.2004 22.92
    endloop
  endfacet
  facet normal 0.985868 -0.167523 0
    outer loop
      vertex 22.9592 22.2726 23.3
      vertex 22.9705 22.3391 22.92
      vertex 22.9705 22.3391 23.3
    endloop
  endfacet
  facet normal 0.985868 -0.167523 0
    outer loop
      vertex 22.9705 22.3391 22.92
      vertex 22.9592 22.2726 23.3
      vertex 22.9592 22.2726 22.92
    endloop
  endfacet
  facet normal 0.967954 -0.251128 0
    outer loop
      vertex 22.9705 22.3391 23.3
      vertex 22.9863 22.4 22.92
      vertex 22.9863 22.4 23.3
    endloop
  endfacet
  facet normal 0.967954 -0.251128 0
    outer loop
      vertex 22.9863 22.4 22.92
      vertex 22.9705 22.3391 23.3
      vertex 22.9705 22.3391 22.92
    endloop
  endfacet
  facet normal 0.938546 -0.345154 0
    outer loop
      vertex 22.9863 22.4 23.3
      vertex 23.0066 22.4552 22.92
      vertex 23.0066 22.4552 23.3
    endloop
  endfacet
  facet normal 0.938546 -0.345154 0
    outer loop
      vertex 23.0066 22.4552 22.92
      vertex 22.9863 22.4 23.3
      vertex 22.9863 22.4 22.92
    endloop
  endfacet
  facet normal 0.894066 -0.447936 0
    outer loop
      vertex 23.0066 22.4552 23.3
      vertex 23.0314 22.5047 22.92
      vertex 23.0314 22.5047 23.3
    endloop
  endfacet
  facet normal 0.894066 -0.447936 0
    outer loop
      vertex 23.0314 22.5047 22.92
      vertex 23.0066 22.4552 23.3
      vertex 23.0066 22.4552 22.92
    endloop
  endfacet
  facet normal 0.830296 -0.557322 0
    outer loop
      vertex 23.0314 22.5047 23.3
      vertex 23.0608 22.5485 22.92
      vertex 23.0608 22.5485 23.3
    endloop
  endfacet
  facet normal 0.830296 -0.557322 0
    outer loop
      vertex 23.0608 22.5485 22.92
      vertex 23.0314 22.5047 23.3
      vertex 23.0314 22.5047 22.92
    endloop
  endfacet
  facet normal 0.747192 -0.664608 0
    outer loop
      vertex 23.0608 22.5485 23.3
      vertex 23.0946 22.5865 22.92
      vertex 23.0946 22.5865 23.3
    endloop
  endfacet
  facet normal 0.747192 -0.664608 0
    outer loop
      vertex 23.0946 22.5865 22.92
      vertex 23.0608 22.5485 23.3
      vertex 23.0608 22.5485 22.92
    endloop
  endfacet
  facet normal 0.64352 -0.765429 0
    outer loop
      vertex 23.0946 22.5865 22.92
      vertex 23.1329 22.6187 23.3
      vertex 23.0946 22.5865 23.3
    endloop
  endfacet
  facet normal 0.64352 -0.765429 0
    outer loop
      vertex 23.1329 22.6187 23.3
      vertex 23.0946 22.5865 22.92
      vertex 23.1329 22.6187 22.92
    endloop
  endfacet
  facet normal 0.525875 -0.850562 0
    outer loop
      vertex 23.1329 22.6187 22.92
      vertex 23.1756 22.6451 23.3
      vertex 23.1329 22.6187 23.3
    endloop
  endfacet
  facet normal 0.525875 -0.850562 0
    outer loop
      vertex 23.1756 22.6451 23.3
      vertex 23.1329 22.6187 22.92
      vertex 23.1756 22.6451 22.92
    endloop
  endfacet
  facet normal 0.397443 -0.917627 0
    outer loop
      vertex 23.1756 22.6451 22.92
      vertex 23.2227 22.6655 23.3
      vertex 23.1756 22.6451 23.3
    endloop
  endfacet
  facet normal 0.397443 -0.917627 0
    outer loop
      vertex 23.2227 22.6655 23.3
      vertex 23.1756 22.6451 22.92
      vertex 23.2227 22.6655 22.92
    endloop
  endfacet
  facet normal 0.273983 -0.961735 0
    outer loop
      vertex 23.2227 22.6655 22.92
      vertex 23.2743 22.6802 23.3
      vertex 23.2227 22.6655 23.3
    endloop
  endfacet
  facet normal 0.273983 -0.961735 0
    outer loop
      vertex 23.2743 22.6802 23.3
      vertex 23.2227 22.6655 22.92
      vertex 23.2743 22.6802 22.92
    endloop
  endfacet
  facet normal 0.155509 -0.987835 0
    outer loop
      vertex 23.2743 22.6802 22.92
      vertex 23.3302 22.689 23.3
      vertex 23.2743 22.6802 23.3
    endloop
  endfacet
  facet normal 0.155509 -0.987835 0
    outer loop
      vertex 23.3302 22.689 23.3
      vertex 23.2743 22.6802 22.92
      vertex 23.3302 22.689 22.92
    endloop
  endfacet
  facet normal 0.047958 -0.998849 0
    outer loop
      vertex 23.3302 22.689 22.92
      vertex 23.3906 22.6919 23.3
      vertex 23.3302 22.689 23.3
    endloop
  endfacet
  facet normal 0.047958 -0.998849 0
    outer loop
      vertex 23.3906 22.6919 23.3
      vertex 23.3302 22.689 22.92
      vertex 23.3906 22.6919 22.92
    endloop
  endfacet
  facet normal -0.047958 -0.998849 0
    outer loop
      vertex 23.3906 22.6919 22.92
      vertex 23.451 22.689 23.3
      vertex 23.3906 22.6919 23.3
    endloop
  endfacet
  facet normal -0.047958 -0.998849 -0
    outer loop
      vertex 23.451 22.689 23.3
      vertex 23.3906 22.6919 22.92
      vertex 23.451 22.689 22.92
    endloop
  endfacet
  facet normal -0.155238 -0.987877 0
    outer loop
      vertex 23.451 22.689 22.92
      vertex 23.507 22.6802 23.3
      vertex 23.451 22.689 23.3
    endloop
  endfacet
  facet normal -0.155238 -0.987877 -0
    outer loop
      vertex 23.507 22.6802 23.3
      vertex 23.451 22.689 22.92
      vertex 23.507 22.6802 22.92
    endloop
  endfacet
  facet normal -0.274475 -0.961594 0
    outer loop
      vertex 23.507 22.6802 22.92
      vertex 23.5585 22.6655 23.3
      vertex 23.507 22.6802 23.3
    endloop
  endfacet
  facet normal -0.274475 -0.961594 -0
    outer loop
      vertex 23.5585 22.6655 23.3
      vertex 23.507 22.6802 22.92
      vertex 23.5585 22.6655 22.92
    endloop
  endfacet
  facet normal -0.397443 -0.917627 0
    outer loop
      vertex 23.5585 22.6655 22.92
      vertex 23.6056 22.6451 23.3
      vertex 23.5585 22.6655 23.3
    endloop
  endfacet
  facet normal -0.397443 -0.917627 -0
    outer loop
      vertex 23.6056 22.6451 23.3
      vertex 23.5585 22.6655 22.92
      vertex 23.6056 22.6451 22.92
    endloop
  endfacet
  facet normal -0.525875 -0.850562 0
    outer loop
      vertex 23.6056 22.6451 22.92
      vertex 23.6483 22.6187 23.3
      vertex 23.6056 22.6451 23.3
    endloop
  endfacet
  facet normal -0.525875 -0.850562 -0
    outer loop
      vertex 23.6483 22.6187 23.3
      vertex 23.6056 22.6451 22.92
      vertex 23.6483 22.6187 22.92
    endloop
  endfacet
  facet normal -0.64352 -0.765429 0
    outer loop
      vertex 23.6483 22.6187 22.92
      vertex 23.6866 22.5865 23.3
      vertex 23.6483 22.6187 23.3
    endloop
  endfacet
  facet normal -0.64352 -0.765429 -0
    outer loop
      vertex 23.6866 22.5865 23.3
      vertex 23.6483 22.6187 22.92
      vertex 23.6866 22.5865 22.92
    endloop
  endfacet
  facet normal -0.747192 -0.664608 0
    outer loop
      vertex 23.7204 22.5485 22.92
      vertex 23.6866 22.5865 23.3
      vertex 23.6866 22.5865 22.92
    endloop
  endfacet
  facet normal -0.747192 -0.664608 0
    outer loop
      vertex 23.6866 22.5865 23.3
      vertex 23.7204 22.5485 22.92
      vertex 23.7204 22.5485 23.3
    endloop
  endfacet
  facet normal -0.830296 -0.557322 0
    outer loop
      vertex 23.7498 22.5047 22.92
      vertex 23.7204 22.5485 23.3
      vertex 23.7204 22.5485 22.92
    endloop
  endfacet
  facet normal -0.830296 -0.557322 0
    outer loop
      vertex 23.7204 22.5485 23.3
      vertex 23.7498 22.5047 22.92
      vertex 23.7498 22.5047 23.3
    endloop
  endfacet
  facet normal -0.894066 -0.447936 0
    outer loop
      vertex 23.7746 22.4552 22.92
      vertex 23.7498 22.5047 23.3
      vertex 23.7498 22.5047 22.92
    endloop
  endfacet
  facet normal -0.894066 -0.447936 0
    outer loop
      vertex 23.7498 22.5047 23.3
      vertex 23.7746 22.4552 22.92
      vertex 23.7746 22.4552 23.3
    endloop
  endfacet
  facet normal -0.937994 -0.34665 0
    outer loop
      vertex 23.795 22.4 22.92
      vertex 23.7746 22.4552 23.3
      vertex 23.7746 22.4552 22.92
    endloop
  endfacet
  facet normal -0.937994 -0.34665 0
    outer loop
      vertex 23.7746 22.4552 23.3
      vertex 23.795 22.4 22.92
      vertex 23.795 22.4 23.3
    endloop
  endfacet
  facet normal -0.967954 -0.251128 0
    outer loop
      vertex 23.8108 22.3391 22.92
      vertex 23.795 22.4 23.3
      vertex 23.795 22.4 22.92
    endloop
  endfacet
  facet normal -0.967954 -0.251128 0
    outer loop
      vertex 23.795 22.4 23.3
      vertex 23.8108 22.3391 22.92
      vertex 23.8108 22.3391 23.3
    endloop
  endfacet
  facet normal -0.985868 -0.167523 0
    outer loop
      vertex 23.8221 22.2726 22.92
      vertex 23.8108 22.3391 23.3
      vertex 23.8108 22.3391 22.92
    endloop
  endfacet
  facet normal -0.985868 -0.167523 0
    outer loop
      vertex 23.8108 22.3391 23.3
      vertex 23.8221 22.2726 22.92
      vertex 23.8221 22.2726 23.3
    endloop
  endfacet
  facet normal -0.995722 -0.0924008 0
    outer loop
      vertex 23.8288 22.2004 22.92
      vertex 23.8221 22.2726 23.3
      vertex 23.8221 22.2726 22.92
    endloop
  endfacet
  facet normal -0.995722 -0.0924008 0
    outer loop
      vertex 23.8221 22.2726 23.3
      vertex 23.8288 22.2004 22.92
      vertex 23.8288 22.2004 23.3
    endloop
  endfacet
  facet normal -0.999564 -0.0295122 0
    outer loop
      vertex 23.8311 22.1225 22.92
      vertex 23.8288 22.2004 23.3
      vertex 23.8288 22.2004 22.92
    endloop
  endfacet
  facet normal -0.999564 -0.0295122 0
    outer loop
      vertex 23.8288 22.2004 23.3
      vertex 23.8311 22.1225 22.92
      vertex 23.8311 22.1225 23.3
    endloop
  endfacet
  facet normal -0.99957 0.0293241 0
    outer loop
      vertex 23.8288 22.0441 22.92
      vertex 23.8311 22.1225 23.3
      vertex 23.8311 22.1225 22.92
    endloop
  endfacet
  facet normal -0.99957 0.0293241 0
    outer loop
      vertex 23.8311 22.1225 23.3
      vertex 23.8288 22.0441 22.92
      vertex 23.8288 22.0441 23.3
    endloop
  endfacet
  facet normal -0.995769 0.091896 0
    outer loop
      vertex 23.8221 21.9715 22.92
      vertex 23.8288 22.0441 23.3
      vertex 23.8288 22.0441 22.92
    endloop
  endfacet
  facet normal -0.995769 0.091896 0
    outer loop
      vertex 23.8288 22.0441 23.3
      vertex 23.8221 21.9715 22.92
      vertex 23.8221 21.9715 23.3
    endloop
  endfacet
  facet normal -0.985992 0.166792 0
    outer loop
      vertex 23.8108 21.9047 22.92
      vertex 23.8221 21.9715 23.3
      vertex 23.8221 21.9715 22.92
    endloop
  endfacet
  facet normal -0.985992 0.166792 0
    outer loop
      vertex 23.8221 21.9715 23.3
      vertex 23.8108 21.9047 22.92
      vertex 23.8108 21.9047 23.3
    endloop
  endfacet
  facet normal -0.968054 0.250742 0
    outer loop
      vertex 23.795 21.8437 22.92
      vertex 23.8108 21.9047 23.3
      vertex 23.8108 21.9047 22.92
    endloop
  endfacet
  facet normal -0.968054 0.250742 0
    outer loop
      vertex 23.8108 21.9047 23.3
      vertex 23.795 21.8437 22.92
      vertex 23.795 21.8437 23.3
    endloop
  endfacet
  facet normal -0.937994 0.34665 0
    outer loop
      vertex 23.7746 21.7885 22.92
      vertex 23.795 21.8437 23.3
      vertex 23.795 21.8437 22.92
    endloop
  endfacet
  facet normal -0.937994 0.34665 0
    outer loop
      vertex 23.795 21.8437 23.3
      vertex 23.7746 21.7885 22.92
      vertex 23.7746 21.7885 23.3
    endloop
  endfacet
  facet normal -0.893702 0.44866 0
    outer loop
      vertex 23.7498 21.7391 22.92
      vertex 23.7746 21.7885 23.3
      vertex 23.7746 21.7885 22.92
    endloop
  endfacet
  facet normal -0.893702 0.44866 0
    outer loop
      vertex 23.7746 21.7885 23.3
      vertex 23.7498 21.7391 22.92
      vertex 23.7498 21.7391 23.3
    endloop
  endfacet
  facet normal -0.829113 0.559081 0
    outer loop
      vertex 23.7204 21.6955 22.92
      vertex 23.7498 21.7391 23.3
      vertex 23.7498 21.7391 22.92
    endloop
  endfacet
  facet normal -0.829113 0.559081 0
    outer loop
      vertex 23.7498 21.7391 23.3
      vertex 23.7204 21.6955 22.92
      vertex 23.7204 21.6955 23.3
    endloop
  endfacet
  facet normal -0.744569 0.667545 0
    outer loop
      vertex 23.6866 21.6578 22.92
      vertex 23.7204 21.6955 23.3
      vertex 23.7204 21.6955 22.92
    endloop
  endfacet
  facet normal -0.744569 0.667545 0
    outer loop
      vertex 23.7204 21.6955 23.3
      vertex 23.6866 21.6578 22.92
      vertex 23.6866 21.6578 23.3
    endloop
  endfacet
  facet normal -0.641169 0.767399 0
    outer loop
      vertex 23.6866 21.6578 22.92
      vertex 23.6483 21.6258 23.3
      vertex 23.6866 21.6578 23.3
    endloop
  endfacet
  facet normal -0.641169 0.767399 0
    outer loop
      vertex 23.6483 21.6258 23.3
      vertex 23.6866 21.6578 22.92
      vertex 23.6483 21.6258 22.92
    endloop
  endfacet
  facet normal -0.521531 0.853232 0
    outer loop
      vertex 23.6483 21.6258 22.92
      vertex 23.6056 21.5997 23.3
      vertex 23.6483 21.6258 23.3
    endloop
  endfacet
  facet normal -0.521531 0.853232 0
    outer loop
      vertex 23.6056 21.5997 23.3
      vertex 23.6483 21.6258 22.92
      vertex 23.6056 21.5997 22.92
    endloop
  endfacet
  facet normal -0.397443 0.917627 0
    outer loop
      vertex 23.6056 21.5997 22.92
      vertex 23.5585 21.5793 23.3
      vertex 23.6056 21.5997 23.3
    endloop
  endfacet
  facet normal -0.397443 0.917627 0
    outer loop
      vertex 23.5585 21.5793 23.3
      vertex 23.6056 21.5997 22.92
      vertex 23.5585 21.5793 22.92
    endloop
  endfacet
  facet normal -0.271016 0.962575 0
    outer loop
      vertex 23.5585 21.5793 22.92
      vertex 23.507 21.5648 23.3
      vertex 23.5585 21.5793 23.3
    endloop
  endfacet
  facet normal -0.271016 0.962575 0
    outer loop
      vertex 23.507 21.5648 23.3
      vertex 23.5585 21.5793 22.92
      vertex 23.507 21.5648 22.92
    endloop
  endfacet
  facet normal -0.153516 0.988146 0
    outer loop
      vertex 23.507 21.5648 22.92
      vertex 23.451 21.5561 23.3
      vertex 23.507 21.5648 23.3
    endloop
  endfacet
  facet normal -0.153516 0.988146 0
    outer loop
      vertex 23.451 21.5561 23.3
      vertex 23.507 21.5648 22.92
      vertex 23.451 21.5561 22.92
    endloop
  endfacet
  facet normal -0.047958 0.998849 0
    outer loop
      vertex 23.451 21.5561 22.92
      vertex 23.3906 21.5532 23.3
      vertex 23.451 21.5561 23.3
    endloop
  endfacet
  facet normal -0.047958 0.998849 0
    outer loop
      vertex 23.3906 21.5532 23.3
      vertex 23.451 21.5561 22.92
      vertex 23.3906 21.5532 22.92
    endloop
  endfacet
  facet normal 0.047958 0.998849 -0
    outer loop
      vertex 23.3906 21.5532 22.92
      vertex 23.3302 21.5561 23.3
      vertex 23.3906 21.5532 23.3
    endloop
  endfacet
  facet normal 0.047958 0.998849 0
    outer loop
      vertex 23.3302 21.5561 23.3
      vertex 23.3906 21.5532 22.92
      vertex 23.3302 21.5561 22.92
    endloop
  endfacet
  facet normal 0 0 -1
    outer loop
      vertex 43.0068 21.3753 22.92
      vertex 43.8446 21.5368 22.92
      vertex 43.8375 21.3142 22.92
    endloop
  endfacet
  facet normal 0 0 -1
    outer loop
      vertex 42.9997 21.2221 22.92
      vertex 43.8375 21.3142 22.92
      vertex 43.8162 21.1066 22.92
    endloop
  endfacet
  facet normal -0 0 -1
    outer loop
      vertex 43.8446 21.5368 22.92
      vertex 43.0068 21.3753 22.92
      vertex 43.0091 21.5434 22.92
    endloop
  endfacet
  facet normal 0 0 -1
    outer loop
      vertex 42.988 21.0836 22.92
      vertex 43.8162 21.1066 22.92
      vertex 43.7808 20.9141 22.92
    endloop
  endfacet
  facet normal 0 0 -1
    outer loop
      vertex 43.0068 21.7097 22.92
      vertex 43.8375 21.76 22.92
      vertex 43.0091 21.5434 22.92
    endloop
  endfacet
  facet normal 0 0 -1
    outer loop
      vertex 42.9716 20.9599 22.92
      vertex 43.7808 20.9141 22.92
      vertex 43.7312 20.7365 22.92
    endloop
  endfacet
  facet normal 0 0 -1
    outer loop
      vertex 42.9998 21.8613 22.92
      vertex 43.8375 21.76 22.92
      vertex 43.0068 21.7097 22.92
    endloop
  endfacet
  facet normal 0 0 -1
    outer loop
      vertex 42.9505 20.851 22.92
      vertex 43.7312 20.7365 22.92
      vertex 43.6674 20.574 22.92
    endloop
  endfacet
  facet normal 0 0 -1
    outer loop
      vertex 43.8375 21.76 22.92
      vertex 42.9998 21.8613 22.92
      vertex 43.8162 21.9681 22.92
    endloop
  endfacet
  facet normal 0 0 -1
    outer loop
      vertex 42.9246 20.7569 22.92
      vertex 43.6674 20.574 22.92
      vertex 43.5895 20.4265 22.92
    endloop
  endfacet
  facet normal 0 0 -1
    outer loop
      vertex 42.9882 21.9982 22.92
      vertex 43.8162 21.9681 22.92
      vertex 42.9998 21.8613 22.92
    endloop
  endfacet
  facet normal 0 0 -1
    outer loop
      vertex 42.8941 20.6776 22.92
      vertex 43.5895 20.4265 22.92
      vertex 43.4974 20.294 22.92
    endloop
  endfacet
  facet normal 0 0 -1
    outer loop
      vertex 43.8162 21.9681 22.92
      vertex 42.9882 21.9982 22.92
      vertex 43.7808 22.1611 22.92
    endloop
  endfacet
  facet normal 0 0 -1
    outer loop
      vertex 42.8582 20.6108 22.92
      vertex 43.4974 20.294 22.92
      vertex 43.3923 20.1779 22.92
    endloop
  endfacet
  facet normal 0 0 -1
    outer loop
      vertex 42.9719 22.1205 22.92
      vertex 43.7808 22.1611 22.92
      vertex 42.9882 21.9982 22.92
    endloop
  endfacet
  facet normal 0 0 -1
    outer loop
      vertex 42.8582 20.6108 22.92
      vertex 43.3923 20.1779 22.92
      vertex 43.2752 20.0797 22.92
    endloop
  endfacet
  facet normal 0 0 -1
    outer loop
      vertex 43.8446 21.5368 22.92
      vertex 43.0091 21.5434 22.92
      vertex 43.8375 21.76 22.92
    endloop
  endfacet
  facet normal 0 0 -1
    outer loop
      vertex 42.816 20.5543 22.92
      vertex 43.2752 20.0797 22.92
      vertex 43.1464 19.9994 22.92
    endloop
  endfacet
  facet normal -0 0 -1
    outer loop
      vertex 43.7808 22.1611 22.92
      vertex 42.9719 22.1205 22.92
      vertex 43.7312 22.3389 22.92
    endloop
  endfacet
  facet normal -0 0 -1
    outer loop
      vertex 43.7312 22.3389 22.92
      vertex 42.951 22.2282 22.92
      vertex 43.6674 22.5017 22.92
    endloop
  endfacet
  facet normal 0 0 -1
    outer loop
      vertex 42.951 22.2282 22.92
      vertex 43.7312 22.3389 22.92
      vertex 42.9719 22.1205 22.92
    endloop
  endfacet
  facet normal 0 0 -1
    outer loop
      vertex 42.7676 20.5081 22.92
      vertex 43.1464 19.9994 22.92
      vertex 43.0056 19.9369 22.92
    endloop
  endfacet
  facet normal -0 0 -1
    outer loop
      vertex 43.8375 21.3142 22.92
      vertex 42.9997 21.2221 22.92
      vertex 43.0068 21.3753 22.92
    endloop
  endfacet
  facet normal -0 0 -1
    outer loop
      vertex 43.8162 21.1066 22.92
      vertex 42.988 21.0836 22.92
      vertex 42.9997 21.2221 22.92
    endloop
  endfacet
  facet normal 0 0 -1
    outer loop
      vertex 43.7808 20.9141 22.92
      vertex 42.9716 20.9599 22.92
      vertex 42.988 21.0836 22.92
    endloop
  endfacet
  facet normal 0 0 -1
    outer loop
      vertex 43.7312 20.7365 22.92
      vertex 42.9505 20.851 22.92
      vertex 42.9716 20.9599 22.92
    endloop
  endfacet
  facet normal 0 0 -1
    outer loop
      vertex 43.6674 20.574 22.92
      vertex 42.9246 20.7569 22.92
      vertex 42.9505 20.851 22.92
    endloop
  endfacet
  facet normal 0 0 -1
    outer loop
      vertex 43.5895 20.4265 22.92
      vertex 42.8941 20.6776 22.92
      vertex 42.9246 20.7569 22.92
    endloop
  endfacet
  facet normal 0 0 -1
    outer loop
      vertex 43.4974 20.294 22.92
      vertex 42.8582 20.6108 22.92
      vertex 42.8941 20.6776 22.92
    endloop
  endfacet
  facet normal 0 0 -1
    outer loop
      vertex 42.7131 20.4721 22.92
      vertex 43.0056 19.9369 22.92
      vertex 42.853 19.8922 22.92
    endloop
  endfacet
  facet normal 0 0 -1
    outer loop
      vertex 43.2752 20.0797 22.92
      vertex 42.816 20.5543 22.92
      vertex 42.8582 20.6108 22.92
    endloop
  endfacet
  facet normal 0 0 -1
    outer loop
      vertex 43.1464 19.9994 22.92
      vertex 42.7676 20.5081 22.92
      vertex 42.816 20.5543 22.92
    endloop
  endfacet
  facet normal 0 0 -1
    outer loop
      vertex 43.0056 19.9369 22.92
      vertex 42.7131 20.4721 22.92
      vertex 42.7676 20.5081 22.92
    endloop
  endfacet
  facet normal 0 0 -1
    outer loop
      vertex 42.6523 20.4464 22.92
      vertex 42.853 19.8922 22.92
      vertex 42.6886 19.8654 22.92
    endloop
  endfacet
  facet normal 0 0 -1
    outer loop
      vertex 42.853 19.8922 22.92
      vertex 42.6523 20.4464 22.92
      vertex 42.7131 20.4721 22.92
    endloop
  endfacet
  facet normal 0 0 -1
    outer loop
      vertex 42.6886 19.8654 22.92
      vertex 42.5854 20.431 22.92
      vertex 42.6523 20.4464 22.92
    endloop
  endfacet
  facet normal 0 0 -1
    outer loop
      vertex 42.5122 19.8565 22.92
      vertex 42.5854 20.431 22.92
      vertex 42.6886 19.8654 22.92
    endloop
  endfacet
  facet normal 0 0 -1
    outer loop
      vertex 42.5122 19.8565 22.92
      vertex 42.5122 20.4259 22.92
      vertex 42.5854 20.431 22.92
    endloop
  endfacet
  facet normal 0 0 -1
    outer loop
      vertex 42.5122 19.8565 22.92
      vertex 42.4385 20.431 22.92
      vertex 42.5122 20.4259 22.92
    endloop
  endfacet
  facet normal 0 0 -1
    outer loop
      vertex 42.3353 19.8654 22.92
      vertex 42.4385 20.431 22.92
      vertex 42.5122 19.8565 22.92
    endloop
  endfacet
  facet normal -0 0 -1
    outer loop
      vertex 42.4385 20.431 22.92
      vertex 42.3353 19.8654 22.92
      vertex 42.371 20.4464 22.92
    endloop
  endfacet
  facet normal 0 0 -1
    outer loop
      vertex 42.1703 19.8922 22.92
      vertex 42.371 20.4464 22.92
      vertex 42.3353 19.8654 22.92
    endloop
  endfacet
  facet normal -0 0 -1
    outer loop
      vertex 42.371 20.4464 22.92
      vertex 42.1703 19.8922 22.92
      vertex 42.3099 20.4721 22.92
    endloop
  endfacet
  facet normal 0 0 -1
    outer loop
      vertex 42.0173 19.9369 22.92
      vertex 42.3099 20.4721 22.92
      vertex 42.1703 19.8922 22.92
    endloop
  endfacet
  facet normal -0 0 -1
    outer loop
      vertex 42.3099 20.4721 22.92
      vertex 42.0173 19.9369 22.92
      vertex 42.255 20.5081 22.92
    endloop
  endfacet
  facet normal 0 0 -1
    outer loop
      vertex 41.8763 19.9994 22.92
      vertex 42.255 20.5081 22.92
      vertex 42.0173 19.9369 22.92
    endloop
  endfacet
  facet normal -0 0 -1
    outer loop
      vertex 42.255 20.5081 22.92
      vertex 41.8763 19.9994 22.92
      vertex 42.2064 20.5543 22.92
    endloop
  endfacet
  facet normal 0 0 -1
    outer loop
      vertex 41.7472 20.0797 22.92
      vertex 42.2064 20.5543 22.92
      vertex 41.8763 19.9994 22.92
    endloop
  endfacet
  facet normal -0 0 -1
    outer loop
      vertex 42.2064 20.5543 22.92
      vertex 41.7472 20.0797 22.92
      vertex 42.1641 20.6108 22.92
    endloop
  endfacet
  facet normal 0 0 -1
    outer loop
      vertex 41.6301 20.1779 22.92
      vertex 42.1641 20.6108 22.92
      vertex 41.7472 20.0797 22.92
    endloop
  endfacet
  facet normal 0 0 -1
    outer loop
      vertex 41.5249 20.294 22.92
      vertex 42.1641 20.6108 22.92
      vertex 41.6301 20.1779 22.92
    endloop
  endfacet
  facet normal -0 0 -1
    outer loop
      vertex 42.1641 20.6108 22.92
      vertex 41.5249 20.294 22.92
      vertex 42.1281 20.6776 22.92
    endloop
  endfacet
  facet normal 0 0 -1
    outer loop
      vertex 41.4328 20.4265 22.92
      vertex 42.1281 20.6776 22.92
      vertex 41.5249 20.294 22.92
    endloop
  endfacet
  facet normal -0 0 -1
    outer loop
      vertex 42.1281 20.6776 22.92
      vertex 41.4328 20.4265 22.92
      vertex 42.0976 20.7569 22.92
    endloop
  endfacet
  facet normal 0 0 -1
    outer loop
      vertex 41.3548 20.574 22.92
      vertex 42.0976 20.7569 22.92
      vertex 41.4328 20.4265 22.92
    endloop
  endfacet
  facet normal -0 0 -1
    outer loop
      vertex 42.0976 20.7569 22.92
      vertex 41.3548 20.574 22.92
      vertex 42.0718 20.851 22.92
    endloop
  endfacet
  facet normal 0 0 -1
    outer loop
      vertex 42.9254 22.3211 22.92
      vertex 43.6674 22.5017 22.92
      vertex 42.951 22.2282 22.92
    endloop
  endfacet
  facet normal -0 0 -1
    outer loop
      vertex 43.6674 22.5017 22.92
      vertex 42.9254 22.3211 22.92
      vertex 43.5895 22.6493 22.92
    endloop
  endfacet
  facet normal 0 0 -1
    outer loop
      vertex 42.8952 22.3994 22.92
      vertex 43.5895 22.6493 22.92
      vertex 42.9254 22.3211 22.92
    endloop
  endfacet
  facet normal -0 0 -1
    outer loop
      vertex 43.5895 22.6493 22.92
      vertex 42.8952 22.3994 22.92
      vertex 43.4974 22.7818 22.92
    endloop
  endfacet
  facet normal 0 0 -1
    outer loop
      vertex 42.8595 22.4654 22.92
      vertex 43.4974 22.7818 22.92
      vertex 42.8952 22.3994 22.92
    endloop
  endfacet
  facet normal -0 0 -1
    outer loop
      vertex 43.4974 22.7818 22.92
      vertex 42.8595 22.4654 22.92
      vertex 43.3923 22.8979 22.92
    endloop
  endfacet
  facet normal -0 0 -1
    outer loop
      vertex 43.3923 22.8979 22.92
      vertex 42.8595 22.4654 22.92
      vertex 43.2752 22.9961 22.92
    endloop
  endfacet
  facet normal 0 0 -1
    outer loop
      vertex 42.8175 22.5211 22.92
      vertex 43.2752 22.9961 22.92
      vertex 42.8595 22.4654 22.92
    endloop
  endfacet
  facet normal -0 0 -1
    outer loop
      vertex 43.2752 22.9961 22.92
      vertex 42.8175 22.5211 22.92
      vertex 43.1464 23.0765 22.92
    endloop
  endfacet
  facet normal 0 0 -1
    outer loop
      vertex 42.7691 22.5668 22.92
      vertex 43.1464 23.0765 22.92
      vertex 42.8175 22.5211 22.92
    endloop
  endfacet
  facet normal -0 0 -1
    outer loop
      vertex 43.1464 23.0765 22.92
      vertex 42.7691 22.5668 22.92
      vertex 43.0056 23.139 22.92
    endloop
  endfacet
  facet normal 0 0 -1
    outer loop
      vertex 42.7143 22.6023 22.92
      vertex 43.0056 23.139 22.92
      vertex 42.7691 22.5668 22.92
    endloop
  endfacet
  facet normal -0 0 -1
    outer loop
      vertex 43.0056 23.139 22.92
      vertex 42.7143 22.6023 22.92
      vertex 42.853 23.1836 22.92
    endloop
  endfacet
  facet normal 0 0 -1
    outer loop
      vertex 42.6533 22.6276 22.92
      vertex 42.853 23.1836 22.92
      vertex 42.7143 22.6023 22.92
    endloop
  endfacet
  facet normal -0 0 -1
    outer loop
      vertex 42.853 23.1836 22.92
      vertex 42.6533 22.6276 22.92
      vertex 42.6886 23.2104 22.92
    endloop
  endfacet
  facet normal 0 0 -1
    outer loop
      vertex 42.5859 22.6429 22.92
      vertex 42.6886 23.2104 22.92
      vertex 42.6533 22.6276 22.92
    endloop
  endfacet
  facet normal 0 0 -1
    outer loop
      vertex 42.5122 23.2193 22.92
      vertex 42.5859 22.6429 22.92
      vertex 42.5122 22.6479 22.92
    endloop
  endfacet
  facet normal 0 0 -1
    outer loop
      vertex 42.5859 22.6429 22.92
      vertex 42.5122 23.2193 22.92
      vertex 42.6886 23.2104 22.92
    endloop
  endfacet
  facet normal 0 0 -1
    outer loop
      vertex 42.4385 22.6429 22.92
      vertex 42.5122 23.2193 22.92
      vertex 42.5122 22.6479 22.92
    endloop
  endfacet
  facet normal 0 0 -1
    outer loop
      vertex 42.3353 23.2104 22.92
      vertex 42.4385 22.6429 22.92
      vertex 42.371 22.6276 22.92
    endloop
  endfacet
  facet normal 0 0 -1
    outer loop
      vertex 42.4385 22.6429 22.92
      vertex 42.3353 23.2104 22.92
      vertex 42.5122 23.2193 22.92
    endloop
  endfacet
  facet normal 0 0 -1
    outer loop
      vertex 42.1703 23.1836 22.92
      vertex 42.371 22.6276 22.92
      vertex 42.3099 22.6023 22.92
    endloop
  endfacet
  facet normal 0 0 -1
    outer loop
      vertex 42.0173 23.139 22.92
      vertex 42.3099 22.6023 22.92
      vertex 42.255 22.5668 22.92
    endloop
  endfacet
  facet normal 0 0 -1
    outer loop
      vertex 41.8763 23.0765 22.92
      vertex 42.255 22.5668 22.92
      vertex 42.2064 22.5211 22.92
    endloop
  endfacet
  facet normal 0 0 -1
    outer loop
      vertex 42.371 22.6276 22.92
      vertex 42.1703 23.1836 22.92
      vertex 42.3353 23.2104 22.92
    endloop
  endfacet
  facet normal 0 0 -1
    outer loop
      vertex 41.7472 22.9961 22.92
      vertex 42.2064 22.5211 22.92
      vertex 42.1641 22.4654 22.92
    endloop
  endfacet
  facet normal 0 0 -1
    outer loop
      vertex 41.6301 22.8979 22.92
      vertex 42.1641 22.4654 22.92
      vertex 42.1281 22.3994 22.92
    endloop
  endfacet
  facet normal 0 0 -1
    outer loop
      vertex 41.4328 22.6493 22.92
      vertex 42.1281 22.3994 22.92
      vertex 42.0976 22.3211 22.92
    endloop
  endfacet
  facet normal 0 0 -1
    outer loop
      vertex 41.3548 22.5017 22.92
      vertex 42.0976 22.3211 22.92
      vertex 42.0718 22.2282 22.92
    endloop
  endfacet
  facet normal 0 0 -1
    outer loop
      vertex 41.2911 22.3389 22.92
      vertex 42.0718 22.2282 22.92
      vertex 42.0507 22.1205 22.92
    endloop
  endfacet
  facet normal 0 0 -1
    outer loop
      vertex 41.2415 22.1611 22.92
      vertex 42.0507 22.1205 22.92
      vertex 42.0342 21.9982 22.92
    endloop
  endfacet
  facet normal 0 0 -1
    outer loop
      vertex 42.3099 22.6023 22.92
      vertex 42.0173 23.139 22.92
      vertex 42.1703 23.1836 22.92
    endloop
  endfacet
  facet normal 0 0 -1
    outer loop
      vertex 41.206 21.9681 22.92
      vertex 42.0342 21.9982 22.92
      vertex 42.0225 21.8613 22.92
    endloop
  endfacet
  facet normal 0 0 -1
    outer loop
      vertex 41.1848 21.76 22.92
      vertex 42.0225 21.8613 22.92
      vertex 42.0155 21.7097 22.92
    endloop
  endfacet
  facet normal 0 0 -1
    outer loop
      vertex 41.1848 21.76 22.92
      vertex 42.0155 21.7097 22.92
      vertex 42.0131 21.5434 22.92
    endloop
  endfacet
  facet normal 0 0 -1
    outer loop
      vertex 41.2911 20.7365 22.92
      vertex 42.0718 20.851 22.92
      vertex 41.3548 20.574 22.92
    endloop
  endfacet
  facet normal 0 -0 -1
    outer loop
      vertex 41.1848 21.76 22.92
      vertex 42.0131 21.5434 22.92
      vertex 41.1777 21.5368 22.92
    endloop
  endfacet
  facet normal -0 0 -1
    outer loop
      vertex 42.0718 20.851 22.92
      vertex 41.2911 20.7365 22.92
      vertex 42.0507 20.9599 22.92
    endloop
  endfacet
  facet normal -0 0 -1
    outer loop
      vertex 42.0225 21.8613 22.92
      vertex 41.1848 21.76 22.92
      vertex 41.206 21.9681 22.92
    endloop
  endfacet
  facet normal 0 0 -1
    outer loop
      vertex 41.2415 20.9141 22.92
      vertex 42.0507 20.9599 22.92
      vertex 41.2911 20.7365 22.92
    endloop
  endfacet
  facet normal -0 0 -1
    outer loop
      vertex 42.0342 21.9982 22.92
      vertex 41.206 21.9681 22.92
      vertex 41.2415 22.1611 22.92
    endloop
  endfacet
  facet normal -0 0 -1
    outer loop
      vertex 42.0507 20.9599 22.92
      vertex 41.2415 20.9141 22.92
      vertex 42.0342 21.0836 22.92
    endloop
  endfacet
  facet normal 0 0 -1
    outer loop
      vertex 42.0507 22.1205 22.92
      vertex 41.2415 22.1611 22.92
      vertex 41.2911 22.3389 22.92
    endloop
  endfacet
  facet normal 0 0 -1
    outer loop
      vertex 41.206 21.1066 22.92
      vertex 42.0342 21.0836 22.92
      vertex 41.2415 20.9141 22.92
    endloop
  endfacet
  facet normal 0 0 -1
    outer loop
      vertex 42.0718 22.2282 22.92
      vertex 41.2911 22.3389 22.92
      vertex 41.3548 22.5017 22.92
    endloop
  endfacet
  facet normal 0 0 -1
    outer loop
      vertex 42.0342 21.0836 22.92
      vertex 41.206 21.1066 22.92
      vertex 42.0225 21.2221 22.92
    endloop
  endfacet
  facet normal 0 0 -1
    outer loop
      vertex 42.0976 22.3211 22.92
      vertex 41.3548 22.5017 22.92
      vertex 41.4328 22.6493 22.92
    endloop
  endfacet
  facet normal 0 0 -1
    outer loop
      vertex 41.1848 21.3142 22.92
      vertex 42.0225 21.2221 22.92
      vertex 41.206 21.1066 22.92
    endloop
  endfacet
  facet normal 0 0 -1
    outer loop
      vertex 42.0155 21.3753 22.92
      vertex 41.1777 21.5368 22.92
      vertex 42.0131 21.5434 22.92
    endloop
  endfacet
  facet normal 0 0 -1
    outer loop
      vertex 42.0225 21.2221 22.92
      vertex 41.1848 21.3142 22.92
      vertex 42.0155 21.3753 22.92
    endloop
  endfacet
  facet normal 0 0 -1
    outer loop
      vertex 42.1281 22.3994 22.92
      vertex 41.4328 22.6493 22.92
      vertex 41.5249 22.7818 22.92
    endloop
  endfacet
  facet normal 0 0 -1
    outer loop
      vertex 41.1777 21.5368 22.92
      vertex 42.0155 21.3753 22.92
      vertex 41.1848 21.3142 22.92
    endloop
  endfacet
  facet normal 0 0 -1
    outer loop
      vertex 42.255 22.5668 22.92
      vertex 41.8763 23.0765 22.92
      vertex 42.0173 23.139 22.92
    endloop
  endfacet
  facet normal 0 0 -1
    outer loop
      vertex 42.2064 22.5211 22.92
      vertex 41.7472 22.9961 22.92
      vertex 41.8763 23.0765 22.92
    endloop
  endfacet
  facet normal 0 0 -1
    outer loop
      vertex 42.1641 22.4654 22.92
      vertex 41.6301 22.8979 22.92
      vertex 41.7472 22.9961 22.92
    endloop
  endfacet
  facet normal 0 0 -1
    outer loop
      vertex 42.1281 22.3994 22.92
      vertex 41.5249 22.7818 22.92
      vertex 41.6301 22.8979 22.92
    endloop
  endfacet
  facet normal -0 0 1
    outer loop
      vertex 43.0091 21.5434 23.3
      vertex 43.8446 21.5368 23.3
      vertex 43.8375 21.76 23.3
    endloop
  endfacet
  facet normal -0 0 1
    outer loop
      vertex 42.9998 21.8613 23.3
      vertex 43.8375 21.76 23.3
      vertex 43.8162 21.9681 23.3
    endloop
  endfacet
  facet normal 0 0 1
    outer loop
      vertex 43.0068 21.3753 23.3
      vertex 43.8446 21.5368 23.3
      vertex 43.0091 21.5434 23.3
    endloop
  endfacet
  facet normal -0 0 1
    outer loop
      vertex 42.9882 21.9982 23.3
      vertex 43.8162 21.9681 23.3
      vertex 43.7808 22.1611 23.3
    endloop
  endfacet
  facet normal 0 0 1
    outer loop
      vertex 43.8446 21.5368 23.3
      vertex 43.0068 21.3753 23.3
      vertex 43.8375 21.3142 23.3
    endloop
  endfacet
  facet normal 0 0 1
    outer loop
      vertex 42.9719 22.1205 23.3
      vertex 43.7808 22.1611 23.3
      vertex 43.7312 22.3389 23.3
    endloop
  endfacet
  facet normal 0 0 1
    outer loop
      vertex 42.9997 21.2221 23.3
      vertex 43.8375 21.3142 23.3
      vertex 43.0068 21.3753 23.3
    endloop
  endfacet
  facet normal 0 0 1
    outer loop
      vertex 42.951 22.2282 23.3
      vertex 43.7312 22.3389 23.3
      vertex 43.6674 22.5017 23.3
    endloop
  endfacet
  facet normal 0 0 1
    outer loop
      vertex 43.8375 21.3142 23.3
      vertex 42.9997 21.2221 23.3
      vertex 43.8162 21.1066 23.3
    endloop
  endfacet
  facet normal 0 0 1
    outer loop
      vertex 42.9254 22.3211 23.3
      vertex 43.6674 22.5017 23.3
      vertex 43.5895 22.6493 23.3
    endloop
  endfacet
  facet normal 0 0 1
    outer loop
      vertex 42.988 21.0836 23.3
      vertex 43.8162 21.1066 23.3
      vertex 42.9997 21.2221 23.3
    endloop
  endfacet
  facet normal 0 0 1
    outer loop
      vertex 42.8952 22.3994 23.3
      vertex 43.5895 22.6493 23.3
      vertex 43.4974 22.7818 23.3
    endloop
  endfacet
  facet normal 0 0 1
    outer loop
      vertex 43.8162 21.1066 23.3
      vertex 42.988 21.0836 23.3
      vertex 43.7808 20.9141 23.3
    endloop
  endfacet
  facet normal 0 0 1
    outer loop
      vertex 42.8595 22.4654 23.3
      vertex 43.4974 22.7818 23.3
      vertex 43.3923 22.8979 23.3
    endloop
  endfacet
  facet normal -0 0 1
    outer loop
      vertex 42.9716 20.9599 23.3
      vertex 43.7808 20.9141 23.3
      vertex 42.988 21.0836 23.3
    endloop
  endfacet
  facet normal 0 0 1
    outer loop
      vertex 42.8595 22.4654 23.3
      vertex 43.3923 22.8979 23.3
      vertex 43.2752 22.9961 23.3
    endloop
  endfacet
  facet normal 0 0 1
    outer loop
      vertex 43.8375 21.76 23.3
      vertex 43.0068 21.7097 23.3
      vertex 43.0091 21.5434 23.3
    endloop
  endfacet
  facet normal 0 0 1
    outer loop
      vertex 42.8175 22.5211 23.3
      vertex 43.2752 22.9961 23.3
      vertex 43.1464 23.0765 23.3
    endloop
  endfacet
  facet normal 0 0 1
    outer loop
      vertex 43.7808 20.9141 23.3
      vertex 42.9716 20.9599 23.3
      vertex 43.7312 20.7365 23.3
    endloop
  endfacet
  facet normal 0 0 1
    outer loop
      vertex 43.7312 20.7365 23.3
      vertex 42.9505 20.851 23.3
      vertex 43.6674 20.574 23.3
    endloop
  endfacet
  facet normal -0 0 1
    outer loop
      vertex 42.9505 20.851 23.3
      vertex 43.7312 20.7365 23.3
      vertex 42.9716 20.9599 23.3
    endloop
  endfacet
  facet normal 0 0 1
    outer loop
      vertex 42.7691 22.5668 23.3
      vertex 43.1464 23.0765 23.3
      vertex 43.0056 23.139 23.3
    endloop
  endfacet
  facet normal 0 0 1
    outer loop
      vertex 43.8375 21.76 23.3
      vertex 42.9998 21.8613 23.3
      vertex 43.0068 21.7097 23.3
    endloop
  endfacet
  facet normal 0 0 1
    outer loop
      vertex 43.8162 21.9681 23.3
      vertex 42.9882 21.9982 23.3
      vertex 42.9998 21.8613 23.3
    endloop
  endfacet
  facet normal 0 0 1
    outer loop
      vertex 43.7808 22.1611 23.3
      vertex 42.9719 22.1205 23.3
      vertex 42.9882 21.9982 23.3
    endloop
  endfacet
  facet normal 0 0 1
    outer loop
      vertex 43.7312 22.3389 23.3
      vertex 42.951 22.2282 23.3
      vertex 42.9719 22.1205 23.3
    endloop
  endfacet
  facet normal 0 0 1
    outer loop
      vertex 43.6674 22.5017 23.3
      vertex 42.9254 22.3211 23.3
      vertex 42.951 22.2282 23.3
    endloop
  endfacet
  facet normal 0 0 1
    outer loop
      vertex 43.5895 22.6493 23.3
      vertex 42.8952 22.3994 23.3
      vertex 42.9254 22.3211 23.3
    endloop
  endfacet
  facet normal 0 0 1
    outer loop
      vertex 43.4974 22.7818 23.3
      vertex 42.8595 22.4654 23.3
      vertex 42.8952 22.3994 23.3
    endloop
  endfacet
  facet normal 0 0 1
    outer loop
      vertex 42.7143 22.6023 23.3
      vertex 43.0056 23.139 23.3
      vertex 42.853 23.1836 23.3
    endloop
  endfacet
  facet normal 0 0 1
    outer loop
      vertex 43.2752 22.9961 23.3
      vertex 42.8175 22.5211 23.3
      vertex 42.8595 22.4654 23.3
    endloop
  endfacet
  facet normal 0 0 1
    outer loop
      vertex 43.1464 23.0765 23.3
      vertex 42.7691 22.5668 23.3
      vertex 42.8175 22.5211 23.3
    endloop
  endfacet
  facet normal 0 0 1
    outer loop
      vertex 43.0056 23.139 23.3
      vertex 42.7143 22.6023 23.3
      vertex 42.7691 22.5668 23.3
    endloop
  endfacet
  facet normal 0 0 1
    outer loop
      vertex 42.6533 22.6276 23.3
      vertex 42.853 23.1836 23.3
      vertex 42.6886 23.2104 23.3
    endloop
  endfacet
  facet normal 0 0 1
    outer loop
      vertex 42.853 23.1836 23.3
      vertex 42.6533 22.6276 23.3
      vertex 42.7143 22.6023 23.3
    endloop
  endfacet
  facet normal 0 0 1
    outer loop
      vertex 42.6886 23.2104 23.3
      vertex 42.5859 22.6429 23.3
      vertex 42.6533 22.6276 23.3
    endloop
  endfacet
  facet normal 0 0 1
    outer loop
      vertex 42.5122 23.2193 23.3
      vertex 42.5859 22.6429 23.3
      vertex 42.6886 23.2104 23.3
    endloop
  endfacet
  facet normal 0 0 1
    outer loop
      vertex 42.5122 23.2193 23.3
      vertex 42.5122 22.6479 23.3
      vertex 42.5859 22.6429 23.3
    endloop
  endfacet
  facet normal 0 0 1
    outer loop
      vertex 42.5122 23.2193 23.3
      vertex 42.4385 22.6429 23.3
      vertex 42.5122 22.6479 23.3
    endloop
  endfacet
  facet normal -0 0 1
    outer loop
      vertex 42.3353 23.2104 23.3
      vertex 42.4385 22.6429 23.3
      vertex 42.5122 23.2193 23.3
    endloop
  endfacet
  facet normal 0 0 1
    outer loop
      vertex 42.4385 22.6429 23.3
      vertex 42.3353 23.2104 23.3
      vertex 42.371 22.6276 23.3
    endloop
  endfacet
  facet normal -0 0 1
    outer loop
      vertex 42.1703 23.1836 23.3
      vertex 42.371 22.6276 23.3
      vertex 42.3353 23.2104 23.3
    endloop
  endfacet
  facet normal 0 0 1
    outer loop
      vertex 42.371 22.6276 23.3
      vertex 42.1703 23.1836 23.3
      vertex 42.3099 22.6023 23.3
    endloop
  endfacet
  facet normal -0 0 1
    outer loop
      vertex 42.0173 23.139 23.3
      vertex 42.3099 22.6023 23.3
      vertex 42.1703 23.1836 23.3
    endloop
  endfacet
  facet normal 0 0 1
    outer loop
      vertex 42.3099 22.6023 23.3
      vertex 42.0173 23.139 23.3
      vertex 42.255 22.5668 23.3
    endloop
  endfacet
  facet normal -0 0 1
    outer loop
      vertex 41.8763 23.0765 23.3
      vertex 42.255 22.5668 23.3
      vertex 42.0173 23.139 23.3
    endloop
  endfacet
  facet normal 0 0 1
    outer loop
      vertex 42.255 22.5668 23.3
      vertex 41.8763 23.0765 23.3
      vertex 42.2064 22.5211 23.3
    endloop
  endfacet
  facet normal -0 0 1
    outer loop
      vertex 41.7472 22.9961 23.3
      vertex 42.2064 22.5211 23.3
      vertex 41.8763 23.0765 23.3
    endloop
  endfacet
  facet normal 0 0 1
    outer loop
      vertex 42.2064 22.5211 23.3
      vertex 41.7472 22.9961 23.3
      vertex 42.1641 22.4654 23.3
    endloop
  endfacet
  facet normal -0 0 1
    outer loop
      vertex 41.6301 22.8979 23.3
      vertex 42.1641 22.4654 23.3
      vertex 41.7472 22.9961 23.3
    endloop
  endfacet
  facet normal 0 0 1
    outer loop
      vertex 42.1641 22.4654 23.3
      vertex 41.6301 22.8979 23.3
      vertex 42.1281 22.3994 23.3
    endloop
  endfacet
  facet normal -0 0 1
    outer loop
      vertex 41.5249 22.7818 23.3
      vertex 42.1281 22.3994 23.3
      vertex 41.6301 22.8979 23.3
    endloop
  endfacet
  facet normal -0 0 1
    outer loop
      vertex 41.4328 22.6493 23.3
      vertex 42.1281 22.3994 23.3
      vertex 41.5249 22.7818 23.3
    endloop
  endfacet
  facet normal 0 0 1
    outer loop
      vertex 42.1281 22.3994 23.3
      vertex 41.4328 22.6493 23.3
      vertex 42.0976 22.3211 23.3
    endloop
  endfacet
  facet normal -0 0 1
    outer loop
      vertex 41.3548 22.5017 23.3
      vertex 42.0976 22.3211 23.3
      vertex 41.4328 22.6493 23.3
    endloop
  endfacet
  facet normal 0 0 1
    outer loop
      vertex 42.0976 22.3211 23.3
      vertex 41.3548 22.5017 23.3
      vertex 42.0718 22.2282 23.3
    endloop
  endfacet
  facet normal -0 0 1
    outer loop
      vertex 42.9246 20.7569 23.3
      vertex 43.6674 20.574 23.3
      vertex 42.9505 20.851 23.3
    endloop
  endfacet
  facet normal 0 0 1
    outer loop
      vertex 43.6674 20.574 23.3
      vertex 42.9246 20.7569 23.3
      vertex 43.5895 20.4265 23.3
    endloop
  endfacet
  facet normal -0 0 1
    outer loop
      vertex 42.8941 20.6776 23.3
      vertex 43.5895 20.4265 23.3
      vertex 42.9246 20.7569 23.3
    endloop
  endfacet
  facet normal 0 0 1
    outer loop
      vertex 43.5895 20.4265 23.3
      vertex 42.8941 20.6776 23.3
      vertex 43.4974 20.294 23.3
    endloop
  endfacet
  facet normal -0 0 1
    outer loop
      vertex 42.8582 20.6108 23.3
      vertex 43.4974 20.294 23.3
      vertex 42.8941 20.6776 23.3
    endloop
  endfacet
  facet normal 0 0 1
    outer loop
      vertex 43.4974 20.294 23.3
      vertex 42.8582 20.6108 23.3
      vertex 43.3923 20.1779 23.3
    endloop
  endfacet
  facet normal 0 0 1
    outer loop
      vertex 43.3923 20.1779 23.3
      vertex 42.8582 20.6108 23.3
      vertex 43.2752 20.0797 23.3
    endloop
  endfacet
  facet normal -0 0 1
    outer loop
      vertex 42.816 20.5543 23.3
      vertex 43.2752 20.0797 23.3
      vertex 42.8582 20.6108 23.3
    endloop
  endfacet
  facet normal 0 0 1
    outer loop
      vertex 43.2752 20.0797 23.3
      vertex 42.816 20.5543 23.3
      vertex 43.1464 19.9994 23.3
    endloop
  endfacet
  facet normal -0 0 1
    outer loop
      vertex 42.7676 20.5081 23.3
      vertex 43.1464 19.9994 23.3
      vertex 42.816 20.5543 23.3
    endloop
  endfacet
  facet normal 0 0 1
    outer loop
      vertex 43.1464 19.9994 23.3
      vertex 42.7676 20.5081 23.3
      vertex 43.0056 19.9369 23.3
    endloop
  endfacet
  facet normal -0 0 1
    outer loop
      vertex 42.7131 20.4721 23.3
      vertex 43.0056 19.9369 23.3
      vertex 42.7676 20.5081 23.3
    endloop
  endfacet
  facet normal 0 0 1
    outer loop
      vertex 43.0056 19.9369 23.3
      vertex 42.7131 20.4721 23.3
      vertex 42.853 19.8922 23.3
    endloop
  endfacet
  facet normal -0 0 1
    outer loop
      vertex 42.6523 20.4464 23.3
      vertex 42.853 19.8922 23.3
      vertex 42.7131 20.4721 23.3
    endloop
  endfacet
  facet normal 0 0 1
    outer loop
      vertex 42.853 19.8922 23.3
      vertex 42.6523 20.4464 23.3
      vertex 42.6886 19.8654 23.3
    endloop
  endfacet
  facet normal -0 0 1
    outer loop
      vertex 42.5854 20.431 23.3
      vertex 42.6886 19.8654 23.3
      vertex 42.6523 20.4464 23.3
    endloop
  endfacet
  facet normal 0 0 1
    outer loop
      vertex 42.5122 19.8565 23.3
      vertex 42.5854 20.431 23.3
      vertex 42.5122 20.4259 23.3
    endloop
  endfacet
  facet normal 0 0 1
    outer loop
      vertex 42.5854 20.431 23.3
      vertex 42.5122 19.8565 23.3
      vertex 42.6886 19.8654 23.3
    endloop
  endfacet
  facet normal 0 0 1
    outer loop
      vertex 42.4385 20.431 23.3
      vertex 42.5122 19.8565 23.3
      vertex 42.5122 20.4259 23.3
    endloop
  endfacet
  facet normal 0 0 1
    outer loop
      vertex 42.3353 19.8654 23.3
      vertex 42.4385 20.431 23.3
      vertex 42.371 20.4464 23.3
    endloop
  endfacet
  facet normal 0 0 1
    outer loop
      vertex 42.4385 20.431 23.3
      vertex 42.3353 19.8654 23.3
      vertex 42.5122 19.8565 23.3
    endloop
  endfacet
  facet normal 0 0 1
    outer loop
      vertex 42.1703 19.8922 23.3
      vertex 42.371 20.4464 23.3
      vertex 42.3099 20.4721 23.3
    endloop
  endfacet
  facet normal 0 0 1
    outer loop
      vertex 42.0173 19.9369 23.3
      vertex 42.3099 20.4721 23.3
      vertex 42.255 20.5081 23.3
    endloop
  endfacet
  facet normal 0 0 1
    outer loop
      vertex 41.8763 19.9994 23.3
      vertex 42.255 20.5081 23.3
      vertex 42.2064 20.5543 23.3
    endloop
  endfacet
  facet normal 0 0 1
    outer loop
      vertex 42.371 20.4464 23.3
      vertex 42.1703 19.8922 23.3
      vertex 42.3353 19.8654 23.3
    endloop
  endfacet
  facet normal 0 0 1
    outer loop
      vertex 41.7472 20.0797 23.3
      vertex 42.2064 20.5543 23.3
      vertex 42.1641 20.6108 23.3
    endloop
  endfacet
  facet normal 0 0 1
    outer loop
      vertex 41.5249 20.294 23.3
      vertex 42.1641 20.6108 23.3
      vertex 42.1281 20.6776 23.3
    endloop
  endfacet
  facet normal 0 0 1
    outer loop
      vertex 41.4328 20.4265 23.3
      vertex 42.1281 20.6776 23.3
      vertex 42.0976 20.7569 23.3
    endloop
  endfacet
  facet normal 0 0 1
    outer loop
      vertex 41.3548 20.574 23.3
      vertex 42.0976 20.7569 23.3
      vertex 42.0718 20.851 23.3
    endloop
  endfacet
  facet normal 0 0 1
    outer loop
      vertex 41.2911 20.7365 23.3
      vertex 42.0718 20.851 23.3
      vertex 42.0507 20.9599 23.3
    endloop
  endfacet
  facet normal 0 0 1
    outer loop
      vertex 41.2415 20.9141 23.3
      vertex 42.0507 20.9599 23.3
      vertex 42.0342 21.0836 23.3
    endloop
  endfacet
  facet normal 0 0 1
    outer loop
      vertex 42.3099 20.4721 23.3
      vertex 42.0173 19.9369 23.3
      vertex 42.1703 19.8922 23.3
    endloop
  endfacet
  facet normal -0 0 1
    outer loop
      vertex 41.206 21.1066 23.3
      vertex 42.0342 21.0836 23.3
      vertex 42.0225 21.2221 23.3
    endloop
  endfacet
  facet normal -0 0 1
    outer loop
      vertex 41.1848 21.3142 23.3
      vertex 42.0225 21.2221 23.3
      vertex 42.0155 21.3753 23.3
    endloop
  endfacet
  facet normal -0 0 1
    outer loop
      vertex 41.1777 21.5368 23.3
      vertex 42.0155 21.3753 23.3
      vertex 42.0131 21.5434 23.3
    endloop
  endfacet
  facet normal -0 0 1
    outer loop
      vertex 41.2911 22.3389 23.3
      vertex 42.0718 22.2282 23.3
      vertex 41.3548 22.5017 23.3
    endloop
  endfacet
  facet normal 0 0 1
    outer loop
      vertex 42.0155 21.3753 23.3
      vertex 41.1777 21.5368 23.3
      vertex 41.1848 21.3142 23.3
    endloop
  endfacet
  facet normal 0 0 1
    outer loop
      vertex 42.0718 22.2282 23.3
      vertex 41.2911 22.3389 23.3
      vertex 42.0507 22.1205 23.3
    endloop
  endfacet
  facet normal 0 0 1
    outer loop
      vertex 42.0225 21.2221 23.3
      vertex 41.1848 21.3142 23.3
      vertex 41.206 21.1066 23.3
    endloop
  endfacet
  facet normal -0 0 1
    outer loop
      vertex 41.2415 22.1611 23.3
      vertex 42.0507 22.1205 23.3
      vertex 41.2911 22.3389 23.3
    endloop
  endfacet
  facet normal 0 0 1
    outer loop
      vertex 42.0342 21.0836 23.3
      vertex 41.206 21.1066 23.3
      vertex 41.2415 20.9141 23.3
    endloop
  endfacet
  facet normal 0 0 1
    outer loop
      vertex 42.0507 22.1205 23.3
      vertex 41.2415 22.1611 23.3
      vertex 42.0342 21.9982 23.3
    endloop
  endfacet
  facet normal 0 0 1
    outer loop
      vertex 42.0507 20.9599 23.3
      vertex 41.2415 20.9141 23.3
      vertex 41.2911 20.7365 23.3
    endloop
  endfacet
  facet normal 0 0 1
    outer loop
      vertex 41.206 21.9681 23.3
      vertex 42.0342 21.9982 23.3
      vertex 41.2415 22.1611 23.3
    endloop
  endfacet
  facet normal 0 0 1
    outer loop
      vertex 42.0718 20.851 23.3
      vertex 41.2911 20.7365 23.3
      vertex 41.3548 20.574 23.3
    endloop
  endfacet
  facet normal 0 0 1
    outer loop
      vertex 42.0342 21.9982 23.3
      vertex 41.206 21.9681 23.3
      vertex 42.0225 21.8613 23.3
    endloop
  endfacet
  facet normal 0 0 1
    outer loop
      vertex 42.0976 20.7569 23.3
      vertex 41.3548 20.574 23.3
      vertex 41.4328 20.4265 23.3
    endloop
  endfacet
  facet normal 0 0 1
    outer loop
      vertex 41.1848 21.76 23.3
      vertex 42.0225 21.8613 23.3
      vertex 41.206 21.9681 23.3
    endloop
  endfacet
  facet normal 0 0 1
    outer loop
      vertex 42.0131 21.5434 23.3
      vertex 41.1848 21.76 23.3
      vertex 41.1777 21.5368 23.3
    endloop
  endfacet
  facet normal 0 0 1
    outer loop
      vertex 42.0225 21.8613 23.3
      vertex 41.1848 21.76 23.3
      vertex 42.0155 21.7097 23.3
    endloop
  endfacet
  facet normal 0 0 1
    outer loop
      vertex 42.1281 20.6776 23.3
      vertex 41.4328 20.4265 23.3
      vertex 41.5249 20.294 23.3
    endloop
  endfacet
  facet normal 0 0 1
    outer loop
      vertex 42.0155 21.7097 23.3
      vertex 41.1848 21.76 23.3
      vertex 42.0131 21.5434 23.3
    endloop
  endfacet
  facet normal 0 0 1
    outer loop
      vertex 42.255 20.5081 23.3
      vertex 41.8763 19.9994 23.3
      vertex 42.0173 19.9369 23.3
    endloop
  endfacet
  facet normal 0 0 1
    outer loop
      vertex 42.2064 20.5543 23.3
      vertex 41.7472 20.0797 23.3
      vertex 41.8763 19.9994 23.3
    endloop
  endfacet
  facet normal 0 0 1
    outer loop
      vertex 42.1641 20.6108 23.3
      vertex 41.6301 20.1779 23.3
      vertex 41.7472 20.0797 23.3
    endloop
  endfacet
  facet normal 0 0 1
    outer loop
      vertex 42.1641 20.6108 23.3
      vertex 41.5249 20.294 23.3
      vertex 41.6301 20.1779 23.3
    endloop
  endfacet
  facet normal 0.160893 -0.986972 0
    outer loop
      vertex 42.6886 19.8654 22.92
      vertex 42.853 19.8922 23.3
      vertex 42.6886 19.8654 23.3
    endloop
  endfacet
  facet normal 0.160893 -0.986972 0
    outer loop
      vertex 42.853 19.8922 23.3
      vertex 42.6886 19.8654 22.92
      vertex 42.853 19.8922 22.92
    endloop
  endfacet
  facet normal 0.281111 -0.959675 0
    outer loop
      vertex 42.853 19.8922 22.92
      vertex 43.0056 19.9369 23.3
      vertex 42.853 19.8922 23.3
    endloop
  endfacet
  facet normal 0.281111 -0.959675 0
    outer loop
      vertex 43.0056 19.9369 23.3
      vertex 42.853 19.8922 22.92
      vertex 43.0056 19.9369 22.92
    endloop
  endfacet
  facet normal 0.405717 -0.913999 0
    outer loop
      vertex 43.0056 19.9369 22.92
      vertex 43.1464 19.9994 23.3
      vertex 43.0056 19.9369 23.3
    endloop
  endfacet
  facet normal 0.405717 -0.913999 0
    outer loop
      vertex 43.1464 19.9994 23.3
      vertex 43.0056 19.9369 22.92
      vertex 43.1464 19.9994 22.92
    endloop
  endfacet
  facet normal 0.529051 -0.84859 0
    outer loop
      vertex 43.1464 19.9994 22.92
      vertex 43.2752 20.0797 23.3
      vertex 43.1464 19.9994 23.3
    endloop
  endfacet
  facet normal 0.529051 -0.84859 0
    outer loop
      vertex 43.2752 20.0797 23.3
      vertex 43.1464 19.9994 22.92
      vertex 43.2752 20.0797 22.92
    endloop
  endfacet
  facet normal 0.642563 -0.766233 0
    outer loop
      vertex 43.2752 20.0797 22.92
      vertex 43.3923 20.1779 23.3
      vertex 43.2752 20.0797 23.3
    endloop
  endfacet
  facet normal 0.642563 -0.766233 0
    outer loop
      vertex 43.3923 20.1779 23.3
      vertex 43.2752 20.0797 22.92
      vertex 43.3923 20.1779 22.92
    endloop
  endfacet
  facet normal 0.741354 -0.671114 0
    outer loop
      vertex 43.3923 20.1779 23.3
      vertex 43.4974 20.294 22.92
      vertex 43.4974 20.294 23.3
    endloop
  endfacet
  facet normal 0.741354 -0.671114 0
    outer loop
      vertex 43.4974 20.294 22.92
      vertex 43.3923 20.1779 23.3
      vertex 43.3923 20.1779 22.92
    endloop
  endfacet
  facet normal 0.82112 -0.570756 0
    outer loop
      vertex 43.4974 20.294 23.3
      vertex 43.5895 20.4265 22.92
      vertex 43.5895 20.4265 23.3
    endloop
  endfacet
  facet normal 0.82112 -0.570756 0
    outer loop
      vertex 43.5895 20.4265 22.92
      vertex 43.4974 20.294 23.3
      vertex 43.4974 20.294 22.92
    endloop
  endfacet
  facet normal 0.884254 -0.467006 0
    outer loop
      vertex 43.5895 20.4265 23.3
      vertex 43.6674 20.574 22.92
      vertex 43.6674 20.574 23.3
    endloop
  endfacet
  facet normal 0.884254 -0.467006 0
    outer loop
      vertex 43.6674 20.574 22.92
      vertex 43.5895 20.4265 23.3
      vertex 43.5895 20.4265 22.92
    endloop
  endfacet
  facet normal 0.930828 -0.365457 0
    outer loop
      vertex 43.6674 20.574 23.3
      vertex 43.7312 20.7365 22.92
      vertex 43.7312 20.7365 23.3
    endloop
  endfacet
  facet normal 0.930828 -0.365457 0
    outer loop
      vertex 43.7312 20.7365 22.92
      vertex 43.6674 20.574 23.3
      vertex 43.6674 20.574 22.92
    endloop
  endfacet
  facet normal 0.963144 -0.268986 0
    outer loop
      vertex 43.7312 20.7365 23.3
      vertex 43.7808 20.9141 22.92
      vertex 43.7808 20.9141 23.3
    endloop
  endfacet
  facet normal 0.963144 -0.268986 0
    outer loop
      vertex 43.7808 20.9141 22.92
      vertex 43.7312 20.7365 23.3
      vertex 43.7312 20.7365 22.92
    endloop
  endfacet
  facet normal 0.983508 -0.180863 0
    outer loop
      vertex 43.7808 20.9141 23.3
      vertex 43.8162 21.1066 22.92
      vertex 43.8162 21.1066 23.3
    endloop
  endfacet
  facet normal 0.983508 -0.180863 0
    outer loop
      vertex 43.8162 21.1066 22.92
      vertex 43.7808 20.9141 23.3
      vertex 43.7808 20.9141 22.92
    endloop
  endfacet
  facet normal 0.994778 -0.102065 0
    outer loop
      vertex 43.8162 21.1066 23.3
      vertex 43.8375 21.3142 22.92
      vertex 43.8375 21.3142 23.3
    endloop
  endfacet
  facet normal 0.994778 -0.102065 0
    outer loop
      vertex 43.8375 21.3142 22.92
      vertex 43.8162 21.1066 23.3
      vertex 43.8162 21.1066 22.92
    endloop
  endfacet
  facet normal 0.999492 -0.0318796 0
    outer loop
      vertex 43.8375 21.3142 23.3
      vertex 43.8446 21.5368 22.92
      vertex 43.8446 21.5368 23.3
    endloop
  endfacet
  facet normal 0.999492 -0.0318796 0
    outer loop
      vertex 43.8446 21.5368 22.92
      vertex 43.8375 21.3142 23.3
      vertex 43.8375 21.3142 22.92
    endloop
  endfacet
  facet normal 0.999494 0.031794 0
    outer loop
      vertex 43.8446 21.5368 23.3
      vertex 43.8375 21.76 22.92
      vertex 43.8375 21.76 23.3
    endloop
  endfacet
  facet normal 0.999494 0.031794 0
    outer loop
      vertex 43.8375 21.76 22.92
      vertex 43.8446 21.5368 23.3
      vertex 43.8446 21.5368 22.92
    endloop
  endfacet
  facet normal 0.994803 0.101823 0
    outer loop
      vertex 43.8375 21.76 23.3
      vertex 43.8162 21.9681 22.92
      vertex 43.8162 21.9681 23.3
    endloop
  endfacet
  facet normal 0.994803 0.101823 0
    outer loop
      vertex 43.8162 21.9681 22.92
      vertex 43.8375 21.76 23.3
      vertex 43.8375 21.76 22.92
    endloop
  endfacet
  facet normal 0.983591 0.18041 0
    outer loop
      vertex 43.8162 21.9681 23.3
      vertex 43.7808 22.1611 22.92
      vertex 43.7808 22.1611 23.3
    endloop
  endfacet
  facet normal 0.983591 0.18041 0
    outer loop
      vertex 43.7808 22.1611 22.92
      vertex 43.8162 21.9681 23.3
      vertex 43.8162 21.9681 22.92
    endloop
  endfacet
  facet normal 0.963222 0.268705 0
    outer loop
      vertex 43.7808 22.1611 23.3
      vertex 43.7312 22.3389 22.92
      vertex 43.7312 22.3389 23.3
    endloop
  endfacet
  facet normal 0.963222 0.268705 0
    outer loop
      vertex 43.7312 22.3389 22.92
      vertex 43.7808 22.1611 23.3
      vertex 43.7808 22.1611 22.92
    endloop
  endfacet
  facet normal 0.931057 0.364874 0
    outer loop
      vertex 43.7312 22.3389 23.3
      vertex 43.6674 22.5017 22.92
      vertex 43.6674 22.5017 23.3
    endloop
  endfacet
  facet normal 0.931057 0.364874 0
    outer loop
      vertex 43.6674 22.5017 22.92
      vertex 43.7312 22.3389 23.3
      vertex 43.7312 22.3389 22.92
    endloop
  endfacet
  facet normal 0.884385 0.466759 0
    outer loop
      vertex 43.6674 22.5017 23.3
      vertex 43.5895 22.6493 22.92
      vertex 43.5895 22.6493 23.3
    endloop
  endfacet
  facet normal 0.884385 0.466759 0
    outer loop
      vertex 43.5895 22.6493 22.92
      vertex 43.6674 22.5017 23.3
      vertex 43.6674 22.5017 22.92
    endloop
  endfacet
  facet normal 0.82112 0.570756 0
    outer loop
      vertex 43.5895 22.6493 23.3
      vertex 43.4974 22.7818 22.92
      vertex 43.4974 22.7818 23.3
    endloop
  endfacet
  facet normal 0.82112 0.570756 0
    outer loop
      vertex 43.4974 22.7818 22.92
      vertex 43.5895 22.6493 23.3
      vertex 43.5895 22.6493 22.92
    endloop
  endfacet
  facet normal 0.741354 0.671114 0
    outer loop
      vertex 43.4974 22.7818 23.3
      vertex 43.3923 22.8979 22.92
      vertex 43.3923 22.8979 23.3
    endloop
  endfacet
  facet normal 0.741354 0.671114 0
    outer loop
      vertex 43.3923 22.8979 22.92
      vertex 43.4974 22.7818 23.3
      vertex 43.4974 22.7818 22.92
    endloop
  endfacet
  facet normal 0.642563 0.766233 -0
    outer loop
      vertex 43.3923 22.8979 22.92
      vertex 43.2752 22.9961 23.3
      vertex 43.3923 22.8979 23.3
    endloop
  endfacet
  facet normal 0.642563 0.766233 0
    outer loop
      vertex 43.2752 22.9961 23.3
      vertex 43.3923 22.8979 22.92
      vertex 43.2752 22.9961 22.92
    endloop
  endfacet
  facet normal 0.529525 0.848294 -0
    outer loop
      vertex 43.2752 22.9961 22.92
      vertex 43.1464 23.0765 23.3
      vertex 43.2752 22.9961 23.3
    endloop
  endfacet
  facet normal 0.529525 0.848294 0
    outer loop
      vertex 43.1464 23.0765 23.3
      vertex 43.2752 22.9961 22.92
      vertex 43.1464 23.0765 22.92
    endloop
  endfacet
  facet normal 0.405717 0.913999 -0
    outer loop
      vertex 43.1464 23.0765 22.92
      vertex 43.0056 23.139 23.3
      vertex 43.1464 23.0765 23.3
    endloop
  endfacet
  facet normal 0.405717 0.913999 0
    outer loop
      vertex 43.0056 23.139 23.3
      vertex 43.1464 23.0765 22.92
      vertex 43.0056 23.139 22.92
    endloop
  endfacet
  facet normal 0.280531 0.959845 -0
    outer loop
      vertex 43.0056 23.139 22.92
      vertex 42.853 23.1836 23.3
      vertex 43.0056 23.139 23.3
    endloop
  endfacet
  facet normal 0.280531 0.959845 0
    outer loop
      vertex 42.853 23.1836 23.3
      vertex 43.0056 23.139 22.92
      vertex 42.853 23.1836 22.92
    endloop
  endfacet
  facet normal 0.160893 0.986972 -0
    outer loop
      vertex 42.853 23.1836 22.92
      vertex 42.6886 23.2104 23.3
      vertex 42.853 23.1836 23.3
    endloop
  endfacet
  facet normal 0.160893 0.986972 0
    outer loop
      vertex 42.6886 23.2104 23.3
      vertex 42.853 23.1836 22.92
      vertex 42.6886 23.2104 22.92
    endloop
  endfacet
  facet normal 0.0503894 0.99873 -0
    outer loop
      vertex 42.6886 23.2104 22.92
      vertex 42.5122 23.2193 23.3
      vertex 42.6886 23.2104 23.3
    endloop
  endfacet
  facet normal 0.0503894 0.99873 0
    outer loop
      vertex 42.5122 23.2193 23.3
      vertex 42.6886 23.2104 22.92
      vertex 42.5122 23.2193 22.92
    endloop
  endfacet
  facet normal -0.0502474 0.998737 0
    outer loop
      vertex 42.5122 23.2193 22.92
      vertex 42.3353 23.2104 23.3
      vertex 42.5122 23.2193 23.3
    endloop
  endfacet
  facet normal -0.0502474 0.998737 0
    outer loop
      vertex 42.3353 23.2104 23.3
      vertex 42.5122 23.2193 22.92
      vertex 42.3353 23.2104 22.92
    endloop
  endfacet
  facet normal -0.160323 0.987065 0
    outer loop
      vertex 42.3353 23.2104 22.92
      vertex 42.1703 23.1836 23.3
      vertex 42.3353 23.2104 23.3
    endloop
  endfacet
  facet normal -0.160323 0.987065 0
    outer loop
      vertex 42.1703 23.1836 23.3
      vertex 42.3353 23.2104 22.92
      vertex 42.1703 23.1836 22.92
    endloop
  endfacet
  facet normal -0.279855 0.960042 0
    outer loop
      vertex 42.1703 23.1836 22.92
      vertex 42.0173 23.139 23.3
      vertex 42.1703 23.1836 23.3
    endloop
  endfacet
  facet normal -0.279855 0.960042 0
    outer loop
      vertex 42.0173 23.139 23.3
      vertex 42.1703 23.1836 22.92
      vertex 42.0173 23.139 22.92
    endloop
  endfacet
  facet normal -0.405236 0.914212 0
    outer loop
      vertex 42.0173 23.139 22.92
      vertex 41.8763 23.0765 23.3
      vertex 42.0173 23.139 23.3
    endloop
  endfacet
  facet normal -0.405236 0.914212 0
    outer loop
      vertex 41.8763 23.0765 23.3
      vertex 42.0173 23.139 22.92
      vertex 41.8763 23.0765 22.92
    endloop
  endfacet
  facet normal -0.528639 0.848847 0
    outer loop
      vertex 41.8763 23.0765 22.92
      vertex 41.7472 22.9961 23.3
      vertex 41.8763 23.0765 23.3
    endloop
  endfacet
  facet normal -0.528639 0.848847 0
    outer loop
      vertex 41.7472 22.9961 23.3
      vertex 41.8763 23.0765 22.92
      vertex 41.7472 22.9961 22.92
    endloop
  endfacet
  facet normal -0.642563 0.766233 0
    outer loop
      vertex 41.7472 22.9961 22.92
      vertex 41.6301 22.8979 23.3
      vertex 41.7472 22.9961 23.3
    endloop
  endfacet
  facet normal -0.642563 0.766233 0
    outer loop
      vertex 41.6301 22.8979 23.3
      vertex 41.7472 22.9961 22.92
      vertex 41.6301 22.8979 22.92
    endloop
  endfacet
  facet normal -0.741037 0.671465 0
    outer loop
      vertex 41.5249 22.7818 22.92
      vertex 41.6301 22.8979 23.3
      vertex 41.6301 22.8979 22.92
    endloop
  endfacet
  facet normal -0.741037 0.671465 0
    outer loop
      vertex 41.6301 22.8979 23.3
      vertex 41.5249 22.7818 22.92
      vertex 41.5249 22.7818 23.3
    endloop
  endfacet
  facet normal -0.82112 0.570756 0
    outer loop
      vertex 41.4328 22.6493 22.92
      vertex 41.5249 22.7818 23.3
      vertex 41.5249 22.7818 22.92
    endloop
  endfacet
  facet normal -0.82112 0.570756 0
    outer loop
      vertex 41.5249 22.7818 23.3
      vertex 41.4328 22.6493 22.92
      vertex 41.4328 22.6493 23.3
    endloop
  endfacet
  facet normal -0.884137 0.467227 0
    outer loop
      vertex 41.3548 22.5017 22.92
      vertex 41.4328 22.6493 23.3
      vertex 41.4328 22.6493 22.92
    endloop
  endfacet
  facet normal -0.884137 0.467227 0
    outer loop
      vertex 41.4328 22.6493 23.3
      vertex 41.3548 22.5017 22.92
      vertex 41.3548 22.5017 23.3
    endloop
  endfacet
  facet normal -0.931251 0.364378 0
    outer loop
      vertex 41.2911 22.3389 22.92
      vertex 41.3548 22.5017 23.3
      vertex 41.3548 22.5017 22.92
    endloop
  endfacet
  facet normal -0.931251 0.364378 0
    outer loop
      vertex 41.3548 22.5017 23.3
      vertex 41.2911 22.3389 22.92
      vertex 41.2911 22.3389 23.3
    endloop
  endfacet
  facet normal -0.963222 0.268705 0
    outer loop
      vertex 41.2415 22.1611 22.92
      vertex 41.2911 22.3389 23.3
      vertex 41.2911 22.3389 22.92
    endloop
  endfacet
  facet normal -0.963222 0.268705 0
    outer loop
      vertex 41.2911 22.3389 23.3
      vertex 41.2415 22.1611 22.92
      vertex 41.2415 22.1611 23.3
    endloop
  endfacet
  facet normal -0.983501 0.180903 0
    outer loop
      vertex 41.206 21.9681 22.92
      vertex 41.2415 22.1611 23.3
      vertex 41.2415 22.1611 22.92
    endloop
  endfacet
  facet normal -0.983501 0.180903 0
    outer loop
      vertex 41.2415 22.1611 23.3
      vertex 41.206 21.9681 22.92
      vertex 41.206 21.9681 23.3
    endloop
  endfacet
  facet normal -0.994851 0.10135 0
    outer loop
      vertex 41.1848 21.76 22.92
      vertex 41.206 21.9681 23.3
      vertex 41.206 21.9681 22.92
    endloop
  endfacet
  facet normal -0.994851 0.10135 0
    outer loop
      vertex 41.206 21.9681 23.3
      vertex 41.1848 21.76 22.92
      vertex 41.1848 21.76 23.3
    endloop
  endfacet
  facet normal -0.999494 0.031794 0
    outer loop
      vertex 41.1777 21.5368 22.92
      vertex 41.1848 21.76 23.3
      vertex 41.1848 21.76 22.92
    endloop
  endfacet
  facet normal -0.999494 0.031794 0
    outer loop
      vertex 41.1848 21.76 23.3
      vertex 41.1777 21.5368 22.92
      vertex 41.1777 21.5368 23.3
    endloop
  endfacet
  facet normal -0.999492 -0.0318796 0
    outer loop
      vertex 41.1848 21.3142 22.92
      vertex 41.1777 21.5368 23.3
      vertex 41.1777 21.5368 22.92
    endloop
  endfacet
  facet normal -0.999492 -0.0318796 0
    outer loop
      vertex 41.1777 21.5368 23.3
      vertex 41.1848 21.3142 22.92
      vertex 41.1848 21.3142 23.3
    endloop
  endfacet
  facet normal -0.994826 -0.101591 0
    outer loop
      vertex 41.206 21.1066 22.92
      vertex 41.1848 21.3142 23.3
      vertex 41.1848 21.3142 22.92
    endloop
  endfacet
  facet normal -0.994826 -0.101591 0
    outer loop
      vertex 41.1848 21.3142 23.3
      vertex 41.206 21.1066 22.92
      vertex 41.206 21.1066 23.3
    endloop
  endfacet
  facet normal -0.983417 -0.181357 0
    outer loop
      vertex 41.2415 20.9141 22.92
      vertex 41.206 21.1066 23.3
      vertex 41.206 21.1066 22.92
    endloop
  endfacet
  facet normal -0.983417 -0.181357 0
    outer loop
      vertex 41.206 21.1066 23.3
      vertex 41.2415 20.9141 22.92
      vertex 41.2415 20.9141 23.3
    endloop
  endfacet
  facet normal -0.963144 -0.268986 0
    outer loop
      vertex 41.2911 20.7365 22.92
      vertex 41.2415 20.9141 23.3
      vertex 41.2415 20.9141 22.92
    endloop
  endfacet
  facet normal -0.963144 -0.268986 0
    outer loop
      vertex 41.2415 20.9141 23.3
      vertex 41.2911 20.7365 22.92
      vertex 41.2911 20.7365 23.3
    endloop
  endfacet
  facet normal -0.931023 -0.364961 0
    outer loop
      vertex 41.3548 20.574 22.92
      vertex 41.2911 20.7365 23.3
      vertex 41.2911 20.7365 22.92
    endloop
  endfacet
  facet normal -0.931023 -0.364961 0
    outer loop
      vertex 41.2911 20.7365 23.3
      vertex 41.3548 20.574 22.92
      vertex 41.3548 20.574 23.3
    endloop
  endfacet
  facet normal -0.884006 -0.467475 0
    outer loop
      vertex 41.4328 20.4265 22.92
      vertex 41.3548 20.574 23.3
      vertex 41.3548 20.574 22.92
    endloop
  endfacet
  facet normal -0.884006 -0.467475 0
    outer loop
      vertex 41.3548 20.574 23.3
      vertex 41.4328 20.4265 22.92
      vertex 41.4328 20.4265 23.3
    endloop
  endfacet
  facet normal -0.82112 -0.570756 0
    outer loop
      vertex 41.5249 20.294 22.92
      vertex 41.4328 20.4265 23.3
      vertex 41.4328 20.4265 22.92
    endloop
  endfacet
  facet normal -0.82112 -0.570756 0
    outer loop
      vertex 41.4328 20.4265 23.3
      vertex 41.5249 20.294 22.92
      vertex 41.5249 20.294 23.3
    endloop
  endfacet
  facet normal -0.741037 -0.671465 0
    outer loop
      vertex 41.6301 20.1779 22.92
      vertex 41.5249 20.294 23.3
      vertex 41.5249 20.294 22.92
    endloop
  endfacet
  facet normal -0.741037 -0.671465 0
    outer loop
      vertex 41.5249 20.294 23.3
      vertex 41.6301 20.1779 22.92
      vertex 41.6301 20.1779 23.3
    endloop
  endfacet
  facet normal -0.642563 -0.766233 0
    outer loop
      vertex 41.6301 20.1779 22.92
      vertex 41.7472 20.0797 23.3
      vertex 41.6301 20.1779 23.3
    endloop
  endfacet
  facet normal -0.642563 -0.766233 -0
    outer loop
      vertex 41.7472 20.0797 23.3
      vertex 41.6301 20.1779 22.92
      vertex 41.7472 20.0797 22.92
    endloop
  endfacet
  facet normal -0.528165 -0.849142 0
    outer loop
      vertex 41.7472 20.0797 22.92
      vertex 41.8763 19.9994 23.3
      vertex 41.7472 20.0797 23.3
    endloop
  endfacet
  facet normal -0.528165 -0.849142 -0
    outer loop
      vertex 41.8763 19.9994 23.3
      vertex 41.7472 20.0797 22.92
      vertex 41.8763 19.9994 22.92
    endloop
  endfacet
  facet normal -0.405236 -0.914212 0
    outer loop
      vertex 41.8763 19.9994 22.92
      vertex 42.0173 19.9369 23.3
      vertex 41.8763 19.9994 23.3
    endloop
  endfacet
  facet normal -0.405236 -0.914212 -0
    outer loop
      vertex 42.0173 19.9369 23.3
      vertex 41.8763 19.9994 22.92
      vertex 42.0173 19.9369 22.92
    endloop
  endfacet
  facet normal -0.280434 -0.959873 0
    outer loop
      vertex 42.0173 19.9369 22.92
      vertex 42.1703 19.8922 23.3
      vertex 42.0173 19.9369 23.3
    endloop
  endfacet
  facet normal -0.280434 -0.959873 -0
    outer loop
      vertex 42.1703 19.8922 23.3
      vertex 42.0173 19.9369 22.92
      vertex 42.1703 19.8922 22.92
    endloop
  endfacet
  facet normal -0.160323 -0.987065 0
    outer loop
      vertex 42.1703 19.8922 22.92
      vertex 42.3353 19.8654 23.3
      vertex 42.1703 19.8922 23.3
    endloop
  endfacet
  facet normal -0.160323 -0.987065 -0
    outer loop
      vertex 42.3353 19.8654 23.3
      vertex 42.1703 19.8922 22.92
      vertex 42.3353 19.8654 22.92
    endloop
  endfacet
  facet normal -0.0502474 -0.998737 0
    outer loop
      vertex 42.3353 19.8654 22.92
      vertex 42.5122 19.8565 23.3
      vertex 42.3353 19.8654 23.3
    endloop
  endfacet
  facet normal -0.0502474 -0.998737 -0
    outer loop
      vertex 42.5122 19.8565 23.3
      vertex 42.3353 19.8654 22.92
      vertex 42.5122 19.8565 22.92
    endloop
  endfacet
  facet normal 0.0503894 -0.99873 0
    outer loop
      vertex 42.5122 19.8565 22.92
      vertex 42.6886 19.8654 23.3
      vertex 42.5122 19.8565 23.3
    endloop
  endfacet
  facet normal 0.0503894 -0.99873 0
    outer loop
      vertex 42.6886 19.8654 23.3
      vertex 42.5122 19.8565 22.92
      vertex 42.6886 19.8654 22.92
    endloop
  endfacet
  facet normal 0.222433 0.974948 -0
    outer loop
      vertex 42.4385 20.431 22.92
      vertex 42.371 20.4464 23.3
      vertex 42.4385 20.431 23.3
    endloop
  endfacet
  facet normal 0.222433 0.974948 0
    outer loop
      vertex 42.371 20.4464 23.3
      vertex 42.4385 20.431 22.92
      vertex 42.371 20.4464 22.92
    endloop
  endfacet
  facet normal 0.38772 0.921777 -0
    outer loop
      vertex 42.371 20.4464 22.92
      vertex 42.3099 20.4721 23.3
      vertex 42.371 20.4464 23.3
    endloop
  endfacet
  facet normal 0.38772 0.921777 0
    outer loop
      vertex 42.3099 20.4721 23.3
      vertex 42.371 20.4464 22.92
      vertex 42.3099 20.4721 22.92
    endloop
  endfacet
  facet normal 0.548357 0.836244 -0
    outer loop
      vertex 42.3099 20.4721 22.92
      vertex 42.255 20.5081 23.3
      vertex 42.3099 20.4721 23.3
    endloop
  endfacet
  facet normal 0.548357 0.836244 0
    outer loop
      vertex 42.255 20.5081 23.3
      vertex 42.3099 20.4721 22.92
      vertex 42.255 20.5081 22.92
    endloop
  endfacet
  facet normal 0.688985 0.724776 -0
    outer loop
      vertex 42.255 20.5081 22.92
      vertex 42.2064 20.5543 23.3
      vertex 42.255 20.5081 23.3
    endloop
  endfacet
  facet normal 0.688985 0.724776 0
    outer loop
      vertex 42.2064 20.5543 23.3
      vertex 42.255 20.5081 22.92
      vertex 42.2064 20.5543 22.92
    endloop
  endfacet
  facet normal 0.80051 0.59932 0
    outer loop
      vertex 42.2064 20.5543 23.3
      vertex 42.1641 20.6108 22.92
      vertex 42.1641 20.6108 23.3
    endloop
  endfacet
  facet normal 0.80051 0.59932 0
    outer loop
      vertex 42.1641 20.6108 22.92
      vertex 42.2064 20.5543 23.3
      vertex 42.2064 20.5543 22.92
    endloop
  endfacet
  facet normal 0.880302 0.474414 0
    outer loop
      vertex 42.1641 20.6108 23.3
      vertex 42.1281 20.6776 22.92
      vertex 42.1281 20.6776 23.3
    endloop
  endfacet
  facet normal 0.880302 0.474414 0
    outer loop
      vertex 42.1281 20.6776 22.92
      vertex 42.1641 20.6108 23.3
      vertex 42.1641 20.6108 22.92
    endloop
  endfacet
  facet normal 0.933346 0.358979 0
    outer loop
      vertex 42.1281 20.6776 23.3
      vertex 42.0976 20.7569 22.92
      vertex 42.0976 20.7569 23.3
    endloop
  endfacet
  facet normal 0.933346 0.358979 0
    outer loop
      vertex 42.0976 20.7569 22.92
      vertex 42.1281 20.6776 23.3
      vertex 42.1281 20.6776 22.92
    endloop
  endfacet
  facet normal 0.964408 0.264418 0
    outer loop
      vertex 42.0976 20.7569 23.3
      vertex 42.0718 20.851 22.92
      vertex 42.0718 20.851 23.3
    endloop
  endfacet
  facet normal 0.964408 0.264418 0
    outer loop
      vertex 42.0718 20.851 22.92
      vertex 42.0976 20.7569 23.3
      vertex 42.0976 20.7569 22.92
    endloop
  endfacet
  facet normal 0.981742 0.190218 0
    outer loop
      vertex 42.0718 20.851 23.3
      vertex 42.0507 20.9599 22.92
      vertex 42.0507 20.9599 23.3
    endloop
  endfacet
  facet normal 0.981742 0.190218 0
    outer loop
      vertex 42.0507 20.9599 22.92
      vertex 42.0718 20.851 23.3
      vertex 42.0718 20.851 22.92
    endloop
  endfacet
  facet normal 0.991221 0.132216 0
    outer loop
      vertex 42.0507 20.9599 23.3
      vertex 42.0342 21.0836 22.92
      vertex 42.0342 21.0836 23.3
    endloop
  endfacet
  facet normal 0.991221 0.132216 0
    outer loop
      vertex 42.0342 21.0836 22.92
      vertex 42.0507 20.9599 23.3
      vertex 42.0507 20.9599 22.92
    endloop
  endfacet
  facet normal 0.996451 0.0841767 0
    outer loop
      vertex 42.0342 21.0836 23.3
      vertex 42.0225 21.2221 22.92
      vertex 42.0225 21.2221 23.3
    endloop
  endfacet
  facet normal 0.996451 0.0841767 0
    outer loop
      vertex 42.0225 21.2221 22.92
      vertex 42.0342 21.0836 23.3
      vertex 42.0342 21.0836 22.92
    endloop
  endfacet
  facet normal 0.998958 0.0456443 0
    outer loop
      vertex 42.0225 21.2221 23.3
      vertex 42.0155 21.3753 22.92
      vertex 42.0155 21.3753 23.3
    endloop
  endfacet
  facet normal 0.998958 0.0456443 0
    outer loop
      vertex 42.0155 21.3753 22.92
      vertex 42.0225 21.2221 23.3
      vertex 42.0225 21.2221 22.92
    endloop
  endfacet
  facet normal 0.999898 0.0142758 0
    outer loop
      vertex 42.0155 21.3753 23.3
      vertex 42.0131 21.5434 22.92
      vertex 42.0131 21.5434 23.3
    endloop
  endfacet
  facet normal 0.999898 0.0142758 0
    outer loop
      vertex 42.0131 21.5434 22.92
      vertex 42.0155 21.3753 23.3
      vertex 42.0155 21.3753 22.92
    endloop
  endfacet
  facet normal 0.999896 -0.0144302 0
    outer loop
      vertex 42.0131 21.5434 23.3
      vertex 42.0155 21.7097 22.92
      vertex 42.0155 21.7097 23.3
    endloop
  endfacet
  facet normal 0.999896 -0.0144302 0
    outer loop
      vertex 42.0155 21.7097 22.92
      vertex 42.0131 21.5434 23.3
      vertex 42.0131 21.5434 22.92
    endloop
  endfacet
  facet normal 0.998936 -0.046125 0
    outer loop
      vertex 42.0155 21.7097 23.3
      vertex 42.0225 21.8613 22.92
      vertex 42.0225 21.8613 23.3
    endloop
  endfacet
  facet normal 0.998936 -0.046125 0
    outer loop
      vertex 42.0225 21.8613 22.92
      vertex 42.0155 21.7097 23.3
      vertex 42.0155 21.7097 22.92
    endloop
  endfacet
  facet normal 0.996368 -0.0851534 0
    outer loop
      vertex 42.0225 21.8613 23.3
      vertex 42.0342 21.9982 22.92
      vertex 42.0342 21.9982 23.3
    endloop
  endfacet
  facet normal 0.996368 -0.0851534 0
    outer loop
      vertex 42.0342 21.9982 22.92
      vertex 42.0225 21.8613 23.3
      vertex 42.0225 21.8613 22.92
    endloop
  endfacet
  facet normal 0.991021 -0.133703 0
    outer loop
      vertex 42.0342 21.9982 23.3
      vertex 42.0507 22.1205 22.92
      vertex 42.0507 22.1205 23.3
    endloop
  endfacet
  facet normal 0.991021 -0.133703 0
    outer loop
      vertex 42.0507 22.1205 22.92
      vertex 42.0342 21.9982 23.3
      vertex 42.0342 21.9982 22.92
    endloop
  endfacet
  facet normal 0.981344 -0.19226 0
    outer loop
      vertex 42.0507 22.1205 23.3
      vertex 42.0718 22.2282 22.92
      vertex 42.0718 22.2282 23.3
    endloop
  endfacet
  facet normal 0.981344 -0.19226 0
    outer loop
      vertex 42.0718 22.2282 22.92
      vertex 42.0507 22.1205 23.3
      vertex 42.0507 22.1205 22.92
    endloop
  endfacet
  facet normal 0.963533 -0.26759 0
    outer loop
      vertex 42.0718 22.2282 23.3
      vertex 42.0976 22.3211 22.92
      vertex 42.0976 22.3211 23.3
    endloop
  endfacet
  facet normal 0.963533 -0.26759 0
    outer loop
      vertex 42.0976 22.3211 22.92
      vertex 42.0718 22.2282 23.3
      vertex 42.0718 22.2282 22.92
    endloop
  endfacet
  facet normal 0.931804 -0.362963 0
    outer loop
      vertex 42.0976 22.3211 23.3
      vertex 42.1281 22.3994 22.92
      vertex 42.1281 22.3994 23.3
    endloop
  endfacet
  facet normal 0.931804 -0.362963 0
    outer loop
      vertex 42.1281 22.3994 22.92
      vertex 42.0976 22.3211 23.3
      vertex 42.0976 22.3211 22.92
    endloop
  endfacet
  facet normal 0.877896 -0.478852 0
    outer loop
      vertex 42.1281 22.3994 23.3
      vertex 42.1641 22.4654 22.92
      vertex 42.1641 22.4654 23.3
    endloop
  endfacet
  facet normal 0.877896 -0.478852 0
    outer loop
      vertex 42.1641 22.4654 22.92
      vertex 42.1281 22.3994 23.3
      vertex 42.1281 22.3994 22.92
    endloop
  endfacet
  facet normal 0.796383 -0.604793 0
    outer loop
      vertex 42.1641 22.4654 23.3
      vertex 42.2064 22.5211 22.92
      vertex 42.2064 22.5211 23.3
    endloop
  endfacet
  facet normal 0.796383 -0.604793 0
    outer loop
      vertex 42.2064 22.5211 22.92
      vertex 42.1641 22.4654 23.3
      vertex 42.1641 22.4654 22.92
    endloop
  endfacet
  facet normal 0.685037 -0.728508 0
    outer loop
      vertex 42.2064 22.5211 22.92
      vertex 42.255 22.5668 23.3
      vertex 42.2064 22.5211 23.3
    endloop
  endfacet
  facet normal 0.685037 -0.728508 0
    outer loop
      vertex 42.255 22.5668 23.3
      vertex 42.2064 22.5211 22.92
      vertex 42.255 22.5668 22.92
    endloop
  endfacet
  facet normal 0.542998 -0.839734 0
    outer loop
      vertex 42.255 22.5668 22.92
      vertex 42.3099 22.6023 23.3
      vertex 42.255 22.5668 23.3
    endloop
  endfacet
  facet normal 0.542998 -0.839734 0
    outer loop
      vertex 42.3099 22.6023 23.3
      vertex 42.255 22.5668 22.92
      vertex 42.3099 22.6023 22.92
    endloop
  endfacet
  facet normal 0.382574 -0.923925 0
    outer loop
      vertex 42.3099 22.6023 22.92
      vertex 42.371 22.6276 23.3
      vertex 42.3099 22.6023 23.3
    endloop
  endfacet
  facet normal 0.382574 -0.923925 0
    outer loop
      vertex 42.371 22.6276 23.3
      vertex 42.3099 22.6023 22.92
      vertex 42.371 22.6276 22.92
    endloop
  endfacet
  facet normal 0.221059 -0.97526 0
    outer loop
      vertex 42.371 22.6276 22.92
      vertex 42.4385 22.6429 23.3
      vertex 42.371 22.6276 23.3
    endloop
  endfacet
  facet normal 0.221059 -0.97526 0
    outer loop
      vertex 42.4385 22.6429 23.3
      vertex 42.371 22.6276 22.92
      vertex 42.4385 22.6429 22.92
    endloop
  endfacet
  facet normal 0.067687 -0.997707 0
    outer loop
      vertex 42.4385 22.6429 22.92
      vertex 42.5122 22.6479 23.3
      vertex 42.4385 22.6429 23.3
    endloop
  endfacet
  facet normal 0.067687 -0.997707 0
    outer loop
      vertex 42.5122 22.6479 23.3
      vertex 42.4385 22.6429 22.92
      vertex 42.5122 22.6479 22.92
    endloop
  endfacet
  facet normal -0.067687 -0.997707 0
    outer loop
      vertex 42.5122 22.6479 22.92
      vertex 42.5859 22.6429 23.3
      vertex 42.5122 22.6479 23.3
    endloop
  endfacet
  facet normal -0.067687 -0.997707 -0
    outer loop
      vertex 42.5859 22.6429 23.3
      vertex 42.5122 22.6479 22.92
      vertex 42.5859 22.6429 22.92
    endloop
  endfacet
  facet normal -0.221371 -0.97519 0
    outer loop
      vertex 42.5859 22.6429 22.92
      vertex 42.6533 22.6276 23.3
      vertex 42.5859 22.6429 23.3
    endloop
  endfacet
  facet normal -0.221371 -0.97519 -0
    outer loop
      vertex 42.6533 22.6276 23.3
      vertex 42.5859 22.6429 22.92
      vertex 42.6533 22.6276 22.92
    endloop
  endfacet
  facet normal -0.38311 -0.923703 0
    outer loop
      vertex 42.6533 22.6276 22.92
      vertex 42.7143 22.6023 23.3
      vertex 42.6533 22.6276 23.3
    endloop
  endfacet
  facet normal -0.38311 -0.923703 -0
    outer loop
      vertex 42.7143 22.6023 23.3
      vertex 42.6533 22.6276 22.92
      vertex 42.7143 22.6023 22.92
    endloop
  endfacet
  facet normal -0.543696 -0.839282 0
    outer loop
      vertex 42.7143 22.6023 22.92
      vertex 42.7691 22.5668 23.3
      vertex 42.7143 22.6023 23.3
    endloop
  endfacet
  facet normal -0.543696 -0.839282 -0
    outer loop
      vertex 42.7691 22.5668 23.3
      vertex 42.7143 22.6023 22.92
      vertex 42.7691 22.5668 22.92
    endloop
  endfacet
  facet normal -0.686535 -0.727096 0
    outer loop
      vertex 42.7691 22.5668 22.92
      vertex 42.8175 22.5211 23.3
      vertex 42.7691 22.5668 23.3
    endloop
  endfacet
  facet normal -0.686535 -0.727096 -0
    outer loop
      vertex 42.8175 22.5211 23.3
      vertex 42.7691 22.5668 22.92
      vertex 42.8175 22.5211 22.92
    endloop
  endfacet
  facet normal -0.798449 -0.602062 0
    outer loop
      vertex 42.8595 22.4654 22.92
      vertex 42.8175 22.5211 23.3
      vertex 42.8175 22.5211 22.92
    endloop
  endfacet
  facet normal -0.798449 -0.602062 0
    outer loop
      vertex 42.8175 22.5211 23.3
      vertex 42.8595 22.4654 22.92
      vertex 42.8595 22.4654 23.3
    endloop
  endfacet
  facet normal -0.879571 -0.475768 0
    outer loop
      vertex 42.8952 22.3994 22.92
      vertex 42.8595 22.4654 23.3
      vertex 42.8595 22.4654 22.92
    endloop
  endfacet
  facet normal -0.879571 -0.475768 0
    outer loop
      vertex 42.8595 22.4654 23.3
      vertex 42.8952 22.3994 22.92
      vertex 42.8952 22.3994 23.3
    endloop
  endfacet
  facet normal -0.933007 -0.359857 0
    outer loop
      vertex 42.9254 22.3211 22.92
      vertex 42.8952 22.3994 23.3
      vertex 42.8952 22.3994 22.92
    endloop
  endfacet
  facet normal -0.933007 -0.359857 0
    outer loop
      vertex 42.8952 22.3994 23.3
      vertex 42.9254 22.3211 22.92
      vertex 42.9254 22.3211 23.3
    endloop
  endfacet
  facet normal -0.964066 -0.265663 0
    outer loop
      vertex 42.951 22.2282 22.92
      vertex 42.9254 22.3211 23.3
      vertex 42.9254 22.3211 22.92
    endloop
  endfacet
  facet normal -0.964066 -0.265663 0
    outer loop
      vertex 42.9254 22.3211 23.3
      vertex 42.951 22.2282 22.92
      vertex 42.951 22.2282 23.3
    endloop
  endfacet
  facet normal -0.981686 -0.190504 0
    outer loop
      vertex 42.9719 22.1205 22.92
      vertex 42.951 22.2282 23.3
      vertex 42.951 22.2282 22.92
    endloop
  endfacet
  facet normal -0.981686 -0.190504 0
    outer loop
      vertex 42.951 22.2282 23.3
      vertex 42.9719 22.1205 22.92
      vertex 42.9719 22.1205 23.3
    endloop
  endfacet
  facet normal -0.991235 -0.132111 0
    outer loop
      vertex 42.9882 21.9982 22.92
      vertex 42.9719 22.1205 23.3
      vertex 42.9719 22.1205 22.92
    endloop
  endfacet
  facet normal -0.991235 -0.132111 0
    outer loop
      vertex 42.9719 22.1205 23.3
      vertex 42.9882 21.9982 22.92
      vertex 42.9882 21.9982 23.3
    endloop
  endfacet
  facet normal -0.996429 -0.0844308 0
    outer loop
      vertex 42.9998 21.8613 22.92
      vertex 42.9882 21.9982 23.3
      vertex 42.9882 21.9982 22.92
    endloop
  endfacet
  facet normal -0.996429 -0.0844308 0
    outer loop
      vertex 42.9882 21.9982 23.3
      vertex 42.9998 21.8613 22.92
      vertex 42.9998 21.8613 23.3
    endloop
  endfacet
  facet normal -0.998936 -0.046125 0
    outer loop
      vertex 43.0068 21.7097 22.92
      vertex 42.9998 21.8613 23.3
      vertex 42.9998 21.8613 22.92
    endloop
  endfacet
  facet normal -0.998936 -0.046125 0
    outer loop
      vertex 42.9998 21.8613 23.3
      vertex 43.0068 21.7097 22.92
      vertex 43.0068 21.7097 23.3
    endloop
  endfacet
  facet normal -0.999904 -0.0138291 0
    outer loop
      vertex 43.0091 21.5434 22.92
      vertex 43.0068 21.7097 23.3
      vertex 43.0068 21.7097 22.92
    endloop
  endfacet
  facet normal -0.999904 -0.0138291 0
    outer loop
      vertex 43.0068 21.7097 23.3
      vertex 43.0091 21.5434 22.92
      vertex 43.0091 21.5434 23.3
    endloop
  endfacet
  facet normal -0.999906 0.0136811 0
    outer loop
      vertex 43.0068 21.3753 22.92
      vertex 43.0091 21.5434 23.3
      vertex 43.0091 21.5434 22.92
    endloop
  endfacet
  facet normal -0.999906 0.0136811 0
    outer loop
      vertex 43.0091 21.5434 23.3
      vertex 43.0068 21.3753 22.92
      vertex 43.0068 21.3753 23.3
    endloop
  endfacet
  facet normal -0.998928 0.046295 0
    outer loop
      vertex 42.9997 21.2221 22.92
      vertex 43.0068 21.3753 23.3
      vertex 43.0068 21.3753 22.92
    endloop
  endfacet
  facet normal -0.998928 0.046295 0
    outer loop
      vertex 43.0068 21.3753 23.3
      vertex 42.9997 21.2221 22.92
      vertex 42.9997 21.2221 23.3
    endloop
  endfacet
  facet normal -0.996451 0.0841767 0
    outer loop
      vertex 42.988 21.0836 22.92
      vertex 42.9997 21.2221 23.3
      vertex 42.9997 21.2221 22.92
    endloop
  endfacet
  facet normal -0.996451 0.0841767 0
    outer loop
      vertex 42.9997 21.2221 23.3
      vertex 42.988 21.0836 22.92
      vertex 42.988 21.0836 23.3
    endloop
  endfacet
  facet normal -0.991326 0.131429 0
    outer loop
      vertex 42.9716 20.9599 22.92
      vertex 42.988 21.0836 23.3
      vertex 42.988 21.0836 22.92
    endloop
  endfacet
  facet normal -0.991326 0.131429 0
    outer loop
      vertex 42.988 21.0836 23.3
      vertex 42.9716 20.9599 22.92
      vertex 42.9716 20.9599 23.3
    endloop
  endfacet
  facet normal -0.981742 0.190218 0
    outer loop
      vertex 42.9505 20.851 22.92
      vertex 42.9716 20.9599 23.3
      vertex 42.9716 20.9599 22.92
    endloop
  endfacet
  facet normal -0.981742 0.190218 0
    outer loop
      vertex 42.9716 20.9599 23.3
      vertex 42.9505 20.851 22.92
      vertex 42.9505 20.851 23.3
    endloop
  endfacet
  facet normal -0.964146 0.265371 0
    outer loop
      vertex 42.9246 20.7569 22.92
      vertex 42.9505 20.851 23.3
      vertex 42.9505 20.851 22.92
    endloop
  endfacet
  facet normal -0.964146 0.265371 0
    outer loop
      vertex 42.9505 20.851 23.3
      vertex 42.9246 20.7569 22.92
      vertex 42.9246 20.7569 23.3
    endloop
  endfacet
  facet normal -0.933346 0.358979 0
    outer loop
      vertex 42.8941 20.6776 22.92
      vertex 42.9246 20.7569 23.3
      vertex 42.9246 20.7569 22.92
    endloop
  endfacet
  facet normal -0.933346 0.358979 0
    outer loop
      vertex 42.9246 20.7569 23.3
      vertex 42.8941 20.6776 22.92
      vertex 42.8941 20.6776 23.3
    endloop
  endfacet
  facet normal -0.880852 0.473392 0
    outer loop
      vertex 42.8582 20.6108 22.92
      vertex 42.8941 20.6776 23.3
      vertex 42.8941 20.6776 22.92
    endloop
  endfacet
  facet normal -0.880852 0.473392 0
    outer loop
      vertex 42.8941 20.6776 23.3
      vertex 42.8582 20.6108 22.92
      vertex 42.8582 20.6108 23.3
    endloop
  endfacet
  facet normal -0.80119 0.598411 0
    outer loop
      vertex 42.816 20.5543 22.92
      vertex 42.8582 20.6108 23.3
      vertex 42.8582 20.6108 22.92
    endloop
  endfacet
  facet normal -0.80119 0.598411 0
    outer loop
      vertex 42.8582 20.6108 23.3
      vertex 42.816 20.5543 22.92
      vertex 42.816 20.5543 23.3
    endloop
  endfacet
  facet normal -0.690476 0.723356 0
    outer loop
      vertex 42.816 20.5543 22.92
      vertex 42.7676 20.5081 23.3
      vertex 42.816 20.5543 23.3
    endloop
  endfacet
  facet normal -0.690476 0.723356 0
    outer loop
      vertex 42.7676 20.5081 23.3
      vertex 42.816 20.5543 22.92
      vertex 42.7676 20.5081 22.92
    endloop
  endfacet
  facet normal -0.551162 0.834398 0
    outer loop
      vertex 42.7676 20.5081 22.92
      vertex 42.7131 20.4721 23.3
      vertex 42.7676 20.5081 23.3
    endloop
  endfacet
  facet normal -0.551162 0.834398 0
    outer loop
      vertex 42.7131 20.4721 23.3
      vertex 42.7676 20.5081 22.92
      vertex 42.7131 20.4721 22.92
    endloop
  endfacet
  facet normal -0.389343 0.921093 0
    outer loop
      vertex 42.7131 20.4721 22.92
      vertex 42.6523 20.4464 23.3
      vertex 42.7131 20.4721 23.3
    endloop
  endfacet
  facet normal -0.389343 0.921093 0
    outer loop
      vertex 42.6523 20.4464 23.3
      vertex 42.7131 20.4721 22.92
      vertex 42.6523 20.4464 22.92
    endloop
  endfacet
  facet normal -0.224328 0.974514 0
    outer loop
      vertex 42.6523 20.4464 22.92
      vertex 42.5854 20.431 23.3
      vertex 42.6523 20.4464 23.3
    endloop
  endfacet
  facet normal -0.224328 0.974514 0
    outer loop
      vertex 42.5854 20.431 23.3
      vertex 42.6523 20.4464 22.92
      vertex 42.5854 20.431 22.92
    endloop
  endfacet
  facet normal -0.0695036 0.997582 0
    outer loop
      vertex 42.5854 20.431 22.92
      vertex 42.5122 20.4259 23.3
      vertex 42.5854 20.431 23.3
    endloop
  endfacet
  facet normal -0.0695036 0.997582 0
    outer loop
      vertex 42.5122 20.4259 23.3
      vertex 42.5854 20.431 22.92
      vertex 42.5122 20.4259 22.92
    endloop
  endfacet
  facet normal 0.0690344 0.997614 -0
    outer loop
      vertex 42.5122 20.4259 22.92
      vertex 42.4385 20.431 23.3
      vertex 42.5122 20.4259 23.3
    endloop
  endfacet
  facet normal 0.0690344 0.997614 0
    outer loop
      vertex 42.4385 20.431 23.3
      vertex 42.5122 20.4259 22.92
      vertex 42.4385 20.431 22.92
    endloop
  endfacet
  facet normal -0 0 -1
    outer loop
      vertex 62.4227 20.9967 22.92
      vertex 61.8717 20.9963 22.92
      vertex 61.8737 21.0284 22.92
    endloop
  endfacet
  facet normal 0 0 -1
    outer loop
      vertex 61.979 20.4288 22.92
      vertex 61.8655 20.9664 22.92
      vertex 61.8717 20.9963 22.92
    endloop
  endfacet
  facet normal 0 0 -1
    outer loop
      vertex 61.979 20.4288 22.92
      vertex 61.8553 20.9386 22.92
      vertex 61.8655 20.9664 22.92
    endloop
  endfacet
  facet normal 0 0 -1
    outer loop
      vertex 61.979 20.4288 22.92
      vertex 61.8411 20.913 22.92
      vertex 61.8553 20.9386 22.92
    endloop
  endfacet
  facet normal 0 0 -1
    outer loop
      vertex 61.979 20.4288 22.92
      vertex 61.8227 20.8897 22.92
      vertex 61.8411 20.913 22.92
    endloop
  endfacet
  facet normal 0 0 -1
    outer loop
      vertex 61.979 20.4288 22.92
      vertex 61.8003 20.8685 22.92
      vertex 61.8227 20.8897 22.92
    endloop
  endfacet
  facet normal 0 0 -1
    outer loop
      vertex 61.7094 20.8188 22.92
      vertex 61.8836 20.4031 22.92
      vertex 61.7788 20.3848 22.92
    endloop
  endfacet
  facet normal 0 0 -1
    outer loop
      vertex 61.979 20.4288 22.92
      vertex 61.7737 20.8495 22.92
      vertex 61.8003 20.8685 22.92
    endloop
  endfacet
  facet normal 0 0 -1
    outer loop
      vertex 61.8836 20.4031 22.92
      vertex 61.7434 20.8329 22.92
      vertex 61.7737 20.8495 22.92
    endloop
  endfacet
  facet normal 0 0 -1
    outer loop
      vertex 61.8836 20.4031 22.92
      vertex 61.7094 20.8188 22.92
      vertex 61.7434 20.8329 22.92
    endloop
  endfacet
  facet normal 0 0 -1
    outer loop
      vertex 61.7788 20.3848 22.92
      vertex 61.6719 20.8073 22.92
      vertex 61.7094 20.8188 22.92
    endloop
  endfacet
  facet normal 0 0 -1
    outer loop
      vertex 61.6646 20.3738 22.92
      vertex 61.6719 20.8073 22.92
      vertex 61.7788 20.3848 22.92
    endloop
  endfacet
  facet normal 0 0 -1
    outer loop
      vertex 61.6646 20.3738 22.92
      vertex 61.6308 20.7984 22.92
      vertex 61.6719 20.8073 22.92
    endloop
  endfacet
  facet normal 0 0 -1
    outer loop
      vertex 61.6646 20.3738 22.92
      vertex 61.586 20.792 22.92
      vertex 61.6308 20.7984 22.92
    endloop
  endfacet
  facet normal 0 0 -1
    outer loop
      vertex 61.541 20.3701 22.92
      vertex 61.586 20.792 22.92
      vertex 61.6646 20.3738 22.92
    endloop
  endfacet
  facet normal 0 0 -1
    outer loop
      vertex 61.541 20.3701 22.92
      vertex 61.5377 20.7882 22.92
      vertex 61.586 20.792 22.92
    endloop
  endfacet
  facet normal 0 0 -1
    outer loop
      vertex 61.541 20.3701 22.92
      vertex 61.4858 20.7869 22.92
      vertex 61.5377 20.7882 22.92
    endloop
  endfacet
  facet normal 0 0 -1
    outer loop
      vertex 61.4805 20.3709 22.92
      vertex 61.4858 20.7869 22.92
      vertex 61.541 20.3701 22.92
    endloop
  endfacet
  facet normal 0 0 -1
    outer loop
      vertex 61.4199 20.3734 22.92
      vertex 61.4858 20.7869 22.92
      vertex 61.4805 20.3709 22.92
    endloop
  endfacet
  facet normal -0 0 -1
    outer loop
      vertex 61.4858 20.7869 22.92
      vertex 61.4199 20.3734 22.92
      vertex 61.4327 20.7881 22.92
    endloop
  endfacet
  facet normal 0 0 -1
    outer loop
      vertex 61.3592 20.3775 22.92
      vertex 61.4327 20.7881 22.92
      vertex 61.4199 20.3734 22.92
    endloop
  endfacet
  facet normal -0 0 -1
    outer loop
      vertex 61.4327 20.7881 22.92
      vertex 61.3592 20.3775 22.92
      vertex 61.379 20.7916 22.92
    endloop
  endfacet
  facet normal 0 0 -1
    outer loop
      vertex 61.2984 20.3833 22.92
      vertex 61.379 20.7916 22.92
      vertex 61.3592 20.3775 22.92
    endloop
  endfacet
  facet normal -0 0 -1
    outer loop
      vertex 61.379 20.7916 22.92
      vertex 61.2984 20.3833 22.92
      vertex 61.3247 20.7974 22.92
    endloop
  endfacet
  facet normal 0 0 -1
    outer loop
      vertex 61.2376 20.3907 22.92
      vertex 61.3247 20.7974 22.92
      vertex 61.2984 20.3833 22.92
    endloop
  endfacet
  facet normal -0 0 -1
    outer loop
      vertex 61.3247 20.7974 22.92
      vertex 61.2376 20.3907 22.92
      vertex 61.2698 20.8056 22.92
    endloop
  endfacet
  facet normal 0 0 -1
    outer loop
      vertex 61.1768 20.3997 22.92
      vertex 61.2698 20.8056 22.92
      vertex 61.2376 20.3907 22.92
    endloop
  endfacet
  facet normal -0 0 -1
    outer loop
      vertex 61.2698 20.8056 22.92
      vertex 61.1768 20.3997 22.92
      vertex 61.2143 20.8162 22.92
    endloop
  endfacet
  facet normal 0 0 -1
    outer loop
      vertex 61.1158 20.4104 22.92
      vertex 61.2143 20.8162 22.92
      vertex 61.1768 20.3997 22.92
    endloop
  endfacet
  facet normal -0 0 -1
    outer loop
      vertex 61.2143 20.8162 22.92
      vertex 61.1158 20.4104 22.92
      vertex 61.1583 20.829 22.92
    endloop
  endfacet
  facet normal 0 0 -1
    outer loop
      vertex 61.0549 20.4227 22.92
      vertex 61.1583 20.829 22.92
      vertex 61.1158 20.4104 22.92
    endloop
  endfacet
  facet normal -0 0 -1
    outer loop
      vertex 61.1583 20.829 22.92
      vertex 61.0549 20.4227 22.92
      vertex 61.1017 20.8443 22.92
    endloop
  endfacet
  facet normal 0 0 -1
    outer loop
      vertex 60.9939 20.4366 22.92
      vertex 61.1017 20.8443 22.92
      vertex 61.0549 20.4227 22.92
    endloop
  endfacet
  facet normal 0 0 -1
    outer loop
      vertex 60.933 20.4521 22.92
      vertex 61.1017 20.8443 22.92
      vertex 60.9939 20.4366 22.92
    endloop
  endfacet
  facet normal -0 0 -1
    outer loop
      vertex 61.1017 20.8443 22.92
      vertex 60.933 20.4521 22.92
      vertex 61.0445 20.8618 22.92
    endloop
  endfacet
  facet normal 0 0 -1
    outer loop
      vertex 60.872 20.4692 22.92
      vertex 61.0445 20.8618 22.92
      vertex 60.933 20.4521 22.92
    endloop
  endfacet
  facet normal -0 0 -1
    outer loop
      vertex 61.0445 20.8618 22.92
      vertex 60.872 20.4692 22.92
      vertex 60.9867 20.8816 22.92
    endloop
  endfacet
  facet normal 0 0 -1
    outer loop
      vertex 60.8111 20.4879 22.92
      vertex 60.9867 20.8816 22.92
      vertex 60.872 20.4692 22.92
    endloop
  endfacet
  facet normal -0 0 -1
    outer loop
      vertex 60.9867 20.8816 22.92
      vertex 60.8111 20.4879 22.92
      vertex 60.9284 20.9037 22.92
    endloop
  endfacet
  facet normal 0 0 -1
    outer loop
      vertex 60.7501 20.5081 22.92
      vertex 60.9284 20.9037 22.92
      vertex 60.8111 20.4879 22.92
    endloop
  endfacet
  facet normal -0 0 -1
    outer loop
      vertex 60.9284 20.9037 22.92
      vertex 60.7501 20.5081 22.92
      vertex 60.8694 20.9281 22.92
    endloop
  endfacet
  facet normal 0 0 -1
    outer loop
      vertex 60.6892 20.5299 22.92
      vertex 60.8694 20.9281 22.92
      vertex 60.7501 20.5081 22.92
    endloop
  endfacet
  facet normal -0 0 -1
    outer loop
      vertex 60.8694 20.9281 22.92
      vertex 60.6892 20.5299 22.92
      vertex 60.8099 20.9548 22.92
    endloop
  endfacet
  facet normal -0 0 -1
    outer loop
      vertex 60.8099 20.9548 22.92
      vertex 60.6892 20.5299 22.92
      vertex 60.7498 20.9837 22.92
    endloop
  endfacet
  facet normal -0 0 -1
    outer loop
      vertex 60.7498 20.9837 22.92
      vertex 60.6892 20.5299 22.92
      vertex 60.6892 21.015 22.92
    endloop
  endfacet
  facet normal 0 0 -1
    outer loop
      vertex 61.8723 21.0573 22.92
      vertex 62.4272 21.0982 22.92
      vertex 62.4227 20.9967 22.92
    endloop
  endfacet
  facet normal 0 0 -1
    outer loop
      vertex 61.8682 21.0842 22.92
      vertex 62.4272 21.0982 22.92
      vertex 61.8723 21.0573 22.92
    endloop
  endfacet
  facet normal 0 0 -1
    outer loop
      vertex 61.8717 20.9963 22.92
      vertex 62.4227 20.9967 22.92
      vertex 62.4094 20.903 22.92
    endloop
  endfacet
  facet normal -0 0 -1
    outer loop
      vertex 62.4272 21.0982 22.92
      vertex 61.8682 21.0842 22.92
      vertex 62.424 21.1757 22.92
    endloop
  endfacet
  facet normal 0 0 -1
    outer loop
      vertex 61.8717 20.9963 22.92
      vertex 62.4094 20.903 22.92
      vertex 62.387 20.817 22.92
    endloop
  endfacet
  facet normal -0 0 -1
    outer loop
      vertex 62.424 21.1757 22.92
      vertex 61.8682 21.0842 22.92
      vertex 62.4144 21.248 22.92
    endloop
  endfacet
  facet normal 0 0 -1
    outer loop
      vertex 61.8717 20.9963 22.92
      vertex 62.387 20.817 22.92
      vertex 62.3558 20.7387 22.92
    endloop
  endfacet
  facet normal 0 0 -1
    outer loop
      vertex 61.8612 21.1091 22.92
      vertex 62.4144 21.248 22.92
      vertex 61.8682 21.0842 22.92
    endloop
  endfacet
  facet normal 0 0 -1
    outer loop
      vertex 61.8717 20.9963 22.92
      vertex 62.3558 20.7387 22.92
      vertex 62.3157 20.668 22.92
    endloop
  endfacet
  facet normal 0 0 -1
    outer loop
      vertex 62.4227 20.9967 22.92
      vertex 61.8737 21.0284 22.92
      vertex 61.8723 21.0573 22.92
    endloop
  endfacet
  facet normal 0 0 -1
    outer loop
      vertex 61.8515 21.1321 22.92
      vertex 62.3984 21.315 22.92
      vertex 61.8612 21.1091 22.92
    endloop
  endfacet
  facet normal 0 0 -1
    outer loop
      vertex 61.8717 20.9963 22.92
      vertex 62.3157 20.668 22.92
      vertex 62.2666 20.6051 22.92
    endloop
  endfacet
  facet normal -0 0 -1
    outer loop
      vertex 62.3984 21.315 22.92
      vertex 61.8515 21.1321 22.92
      vertex 62.376 21.3768 22.92
    endloop
  endfacet
  facet normal 0 0 -1
    outer loop
      vertex 61.8717 20.9963 22.92
      vertex 62.2666 20.6051 22.92
      vertex 62.2086 20.5499 22.92
    endloop
  endfacet
  facet normal -0 0 -1
    outer loop
      vertex 62.4144 21.248 22.92
      vertex 61.8612 21.1091 22.92
      vertex 62.3984 21.315 22.92
    endloop
  endfacet
  facet normal 0 0 -1
    outer loop
      vertex 61.8717 20.9963 22.92
      vertex 62.2086 20.5499 22.92
      vertex 62.1415 20.5022 22.92
    endloop
  endfacet
  facet normal -0 0 -1
    outer loop
      vertex 62.376 21.3768 22.92
      vertex 61.8515 21.1321 22.92
      vertex 62.3473 21.4334 22.92
    endloop
  endfacet
  facet normal 0 0 -1
    outer loop
      vertex 61.8717 20.9963 22.92
      vertex 62.1415 20.5022 22.92
      vertex 62.0649 20.4618 22.92
    endloop
  endfacet
  facet normal 0 0 -1
    outer loop
      vertex 61.8391 21.1532 22.92
      vertex 62.3473 21.4334 22.92
      vertex 61.8515 21.1321 22.92
    endloop
  endfacet
  facet normal 0 0 -1
    outer loop
      vertex 61.8717 20.9963 22.92
      vertex 62.0649 20.4618 22.92
      vertex 61.979 20.4288 22.92
    endloop
  endfacet
  facet normal -0 0 -1
    outer loop
      vertex 62.3473 21.4334 22.92
      vertex 61.8391 21.1532 22.92
      vertex 62.3121 21.4848 22.92
    endloop
  endfacet
  facet normal 0 0 -1
    outer loop
      vertex 61.7737 20.8495 22.92
      vertex 61.979 20.4288 22.92
      vertex 61.8836 20.4031 22.92
    endloop
  endfacet
  facet normal -0 0 -1
    outer loop
      vertex 62.3121 21.4848 22.92
      vertex 61.8391 21.1532 22.92
      vertex 62.2705 21.5308 22.92
    endloop
  endfacet
  facet normal -0 0 -1
    outer loop
      vertex 62.2705 21.5308 22.92
      vertex 61.8391 21.1532 22.92
      vertex 62.2214 21.5727 22.92
    endloop
  endfacet
  facet normal 0 0 -1
    outer loop
      vertex 61.8238 21.1723 22.92
      vertex 62.2214 21.5727 22.92
      vertex 61.8391 21.1532 22.92
    endloop
  endfacet
  facet normal -0 0 -1
    outer loop
      vertex 62.2214 21.5727 22.92
      vertex 61.8238 21.1723 22.92
      vertex 62.1635 21.6115 22.92
    endloop
  endfacet
  facet normal 0 0 -1
    outer loop
      vertex 61.8058 21.1895 22.92
      vertex 62.1635 21.6115 22.92
      vertex 61.8238 21.1723 22.92
    endloop
  endfacet
  facet normal -0 0 -1
    outer loop
      vertex 62.1635 21.6115 22.92
      vertex 61.8058 21.1895 22.92
      vertex 62.0968 21.647 22.92
    endloop
  endfacet
  facet normal -0 0 -1
    outer loop
      vertex 62.0968 21.647 22.92
      vertex 61.8058 21.1895 22.92
      vertex 62.0214 21.6794 22.92
    endloop
  endfacet
  facet normal 0 0 -1
    outer loop
      vertex 61.7837 21.2054 22.92
      vertex 62.0214 21.6794 22.92
      vertex 61.8058 21.1895 22.92
    endloop
  endfacet
  facet normal 0 0 -1
    outer loop
      vertex 61.756 21.2209 22.92
      vertex 62.0214 21.6794 22.92
      vertex 61.7837 21.2054 22.92
    endloop
  endfacet
  facet normal -0 0 -1
    outer loop
      vertex 62.0214 21.6794 22.92
      vertex 61.756 21.2209 22.92
      vertex 61.9372 21.7086 22.92
    endloop
  endfacet
  facet normal 0 0 -1
    outer loop
      vertex 61.7228 21.2358 22.92
      vertex 61.9372 21.7086 22.92
      vertex 61.756 21.2209 22.92
    endloop
  endfacet
  facet normal -0 0 -1
    outer loop
      vertex 61.9372 21.7086 22.92
      vertex 61.7228 21.2358 22.92
      vertex 61.8442 21.7347 22.92
    endloop
  endfacet
  facet normal 0 0 -1
    outer loop
      vertex 61.6842 21.2503 22.92
      vertex 61.8442 21.7347 22.92
      vertex 61.7228 21.2358 22.92
    endloop
  endfacet
  facet normal -0 0 -1
    outer loop
      vertex 61.8442 21.7347 22.92
      vertex 61.6842 21.2503 22.92
      vertex 61.7424 21.7576 22.92
    endloop
  endfacet
  facet normal 0 0 -1
    outer loop
      vertex 61.64 21.2643 22.92
      vertex 61.7424 21.7576 22.92
      vertex 61.6842 21.2503 22.92
    endloop
  endfacet
  facet normal 0 0 -1
    outer loop
      vertex 61.5903 21.2778 22.92
      vertex 61.7424 21.7576 22.92
      vertex 61.64 21.2643 22.92
    endloop
  endfacet
  facet normal 0 0 -1
    outer loop
      vertex 61.5351 21.2908 22.92
      vertex 61.7424 21.7576 22.92
      vertex 61.5903 21.2778 22.92
    endloop
  endfacet
  facet normal 0 0 -1
    outer loop
      vertex 61.5351 21.2908 22.92
      vertex 61.4977 21.8068 22.92
      vertex 61.7424 21.7576 22.92
    endloop
  endfacet
  facet normal 0 0 -1
    outer loop
      vertex 61.3128 21.3401 22.92
      vertex 61.4977 21.8068 22.92
      vertex 61.5351 21.2908 22.92
    endloop
  endfacet
  facet normal -0 0 -1
    outer loop
      vertex 61.4977 21.8068 22.92
      vertex 61.3128 21.3401 22.92
      vertex 61.4501 21.8174 22.92
    endloop
  endfacet
  facet normal -0 0 -1
    outer loop
      vertex 61.4501 21.8174 22.92
      vertex 61.3128 21.3401 22.92
      vertex 61.4068 21.8285 22.92
    endloop
  endfacet
  facet normal 0 0 -1
    outer loop
      vertex 61.221 21.3623 22.92
      vertex 61.4068 21.8285 22.92
      vertex 61.3128 21.3401 22.92
    endloop
  endfacet
  facet normal -0 0 -1
    outer loop
      vertex 61.4068 21.8285 22.92
      vertex 61.221 21.3623 22.92
      vertex 61.368 21.8401 22.92
    endloop
  endfacet
  facet normal -0 0 -1
    outer loop
      vertex 61.368 21.8401 22.92
      vertex 61.221 21.3623 22.92
      vertex 61.3336 21.8524 22.92
    endloop
  endfacet
  facet normal 0 0 -1
    outer loop
      vertex 61.1365 21.388 22.92
      vertex 61.3336 21.8524 22.92
      vertex 61.221 21.3623 22.92
    endloop
  endfacet
  facet normal -0 0 -1
    outer loop
      vertex 61.3336 21.8524 22.92
      vertex 61.1365 21.388 22.92
      vertex 61.3036 21.8653 22.92
    endloop
  endfacet
  facet normal 0 0 -1
    outer loop
      vertex 61.0594 21.4171 22.92
      vertex 61.3036 21.8653 22.92
      vertex 61.1365 21.388 22.92
    endloop
  endfacet
  facet normal -0 0 -1
    outer loop
      vertex 61.3036 21.8653 22.92
      vertex 61.0594 21.4171 22.92
      vertex 61.278 21.8787 22.92
    endloop
  endfacet
  facet normal 0 0 -1
    outer loop
      vertex 60.9896 21.4497 22.92
      vertex 61.278 21.8787 22.92
      vertex 61.0594 21.4171 22.92
    endloop
  endfacet
  facet normal -0 0 -1
    outer loop
      vertex 61.278 21.8787 22.92
      vertex 60.9896 21.4497 22.92
      vertex 61.2568 21.8927 22.92
    endloop
  endfacet
  facet normal 0 0 -1
    outer loop
      vertex 60.9271 21.4858 22.92
      vertex 61.2568 21.8927 22.92
      vertex 60.9896 21.4497 22.92
    endloop
  endfacet
  facet normal -0 0 -1
    outer loop
      vertex 61.2568 21.8927 22.92
      vertex 60.9271 21.4858 22.92
      vertex 61.2392 21.9078 22.92
    endloop
  endfacet
  facet normal 0 0 -1
    outer loop
      vertex 60.872 21.5254 22.92
      vertex 61.2392 21.9078 22.92
      vertex 60.9271 21.4858 22.92
    endloop
  endfacet
  facet normal -0 0 -1
    outer loop
      vertex 61.2392 21.9078 22.92
      vertex 60.872 21.5254 22.92
      vertex 61.2243 21.9245 22.92
    endloop
  endfacet
  facet normal 0 0 -1
    outer loop
      vertex 60.8242 21.5684 22.92
      vertex 61.2243 21.9245 22.92
      vertex 60.872 21.5254 22.92
    endloop
  endfacet
  facet normal 0 0 -1
    outer loop
      vertex 62.2287 22.1218 22.92
      vertex 62.281 22.5715 22.92
      vertex 62.281 22.0991 22.92
    endloop
  endfacet
  facet normal 0 0 -1
    outer loop
      vertex 62.1769 22.1429 22.92
      vertex 62.281 22.5715 22.92
      vertex 62.2287 22.1218 22.92
    endloop
  endfacet
  facet normal 0 0 -1
    outer loop
      vertex 62.1253 22.1623 22.92
      vertex 62.281 22.5715 22.92
      vertex 62.1769 22.1429 22.92
    endloop
  endfacet
  facet normal -0 0 -1
    outer loop
      vertex 62.281 22.5715 22.92
      vertex 62.1253 22.1623 22.92
      vertex 62.222 22.5867 22.92
    endloop
  endfacet
  facet normal 0 0 -1
    outer loop
      vertex 62.0742 22.18 22.92
      vertex 62.222 22.5867 22.92
      vertex 62.1253 22.1623 22.92
    endloop
  endfacet
  facet normal -0 0 -1
    outer loop
      vertex 62.222 22.5867 22.92
      vertex 62.0742 22.18 22.92
      vertex 62.1636 22.6008 22.92
    endloop
  endfacet
  facet normal 0 0 -1
    outer loop
      vertex 62.0234 22.1961 22.92
      vertex 62.1636 22.6008 22.92
      vertex 62.0742 22.18 22.92
    endloop
  endfacet
  facet normal -0 0 -1
    outer loop
      vertex 62.1636 22.6008 22.92
      vertex 62.0234 22.1961 22.92
      vertex 62.1057 22.6138 22.92
    endloop
  endfacet
  facet normal 0 0 -1
    outer loop
      vertex 61.973 22.2106 22.92
      vertex 62.1057 22.6138 22.92
      vertex 62.0234 22.1961 22.92
    endloop
  endfacet
  facet normal -0 0 -1
    outer loop
      vertex 62.1057 22.6138 22.92
      vertex 61.973 22.2106 22.92
      vertex 62.0484 22.6256 22.92
    endloop
  endfacet
  facet normal 0 0 -1
    outer loop
      vertex 61.9229 22.2234 22.92
      vertex 62.0484 22.6256 22.92
      vertex 61.973 22.2106 22.92
    endloop
  endfacet
  facet normal -0 0 -1
    outer loop
      vertex 62.0484 22.6256 22.92
      vertex 61.9229 22.2234 22.92
      vertex 61.9916 22.6364 22.92
    endloop
  endfacet
  facet normal 0 0 -1
    outer loop
      vertex 61.8735 22.2345 22.92
      vertex 61.9916 22.6364 22.92
      vertex 61.9229 22.2234 22.92
    endloop
  endfacet
  facet normal -0 0 -1
    outer loop
      vertex 61.9916 22.6364 22.92
      vertex 61.8735 22.2345 22.92
      vertex 61.9354 22.6459 22.92
    endloop
  endfacet
  facet normal 0 0 -1
    outer loop
      vertex 61.8248 22.2439 22.92
      vertex 61.9354 22.6459 22.92
      vertex 61.8735 22.2345 22.92
    endloop
  endfacet
  facet normal -0 0 -1
    outer loop
      vertex 61.9354 22.6459 22.92
      vertex 61.8248 22.2439 22.92
      vertex 61.8797 22.6544 22.92
    endloop
  endfacet
  facet normal 0 0 -1
    outer loop
      vertex 61.7769 22.2516 22.92
      vertex 61.8797 22.6544 22.92
      vertex 61.8248 22.2439 22.92
    endloop
  endfacet
  facet normal -0 0 -1
    outer loop
      vertex 61.8797 22.6544 22.92
      vertex 61.7769 22.2516 22.92
      vertex 61.8245 22.6617 22.92
    endloop
  endfacet
  facet normal 0 0 -1
    outer loop
      vertex 61.7298 22.2576 22.92
      vertex 61.8245 22.6617 22.92
      vertex 61.7769 22.2516 22.92
    endloop
  endfacet
  facet normal -0 0 -1
    outer loop
      vertex 61.8245 22.6617 22.92
      vertex 61.7298 22.2576 22.92
      vertex 61.7697 22.6679 22.92
    endloop
  endfacet
  facet normal 0 0 -1
    outer loop
      vertex 61.6835 22.2618 22.92
      vertex 61.7697 22.6679 22.92
      vertex 61.7298 22.2576 22.92
    endloop
  endfacet
  facet normal -0 0 -1
    outer loop
      vertex 61.7697 22.6679 22.92
      vertex 61.6835 22.2618 22.92
      vertex 61.7154 22.673 22.92
    endloop
  endfacet
  facet normal 0 0 -1
    outer loop
      vertex 61.6835 22.2618 22.92
      vertex 61.6614 22.677 22.92
      vertex 61.7154 22.673 22.92
    endloop
  endfacet
  facet normal 0 0 -1
    outer loop
      vertex 61.6379 22.2644 22.92
      vertex 61.6614 22.677 22.92
      vertex 61.6835 22.2618 22.92
    endloop
  endfacet
  facet normal 0 0 -1
    outer loop
      vertex 61.6379 22.2644 22.92
      vertex 61.6079 22.6798 22.92
      vertex 61.6614 22.677 22.92
    endloop
  endfacet
  facet normal 0 0 -1
    outer loop
      vertex 61.5932 22.2653 22.92
      vertex 61.6079 22.6798 22.92
      vertex 61.6379 22.2644 22.92
    endloop
  endfacet
  facet normal 0 0 -1
    outer loop
      vertex 61.5932 22.2653 22.92
      vertex 61.5549 22.6815 22.92
      vertex 61.6079 22.6798 22.92
    endloop
  endfacet
  facet normal 0 0 -1
    outer loop
      vertex 61.5366 22.2641 22.92
      vertex 61.5549 22.6815 22.92
      vertex 61.5932 22.2653 22.92
    endloop
  endfacet
  facet normal 0 0 -1
    outer loop
      vertex 61.5366 22.2641 22.92
      vertex 61.5023 22.682 22.92
      vertex 61.5549 22.6815 22.92
    endloop
  endfacet
  facet normal 0 0 -1
    outer loop
      vertex 61.4844 22.2606 22.92
      vertex 61.5023 22.682 22.92
      vertex 61.5366 22.2641 22.92
    endloop
  endfacet
  facet normal 0 0 -1
    outer loop
      vertex 61.391 22.6784 22.92
      vertex 61.4844 22.2606 22.92
      vertex 61.4365 22.2548 22.92
    endloop
  endfacet
  facet normal 0 0 -1
    outer loop
      vertex 61.391 22.6784 22.92
      vertex 61.4365 22.2548 22.92
      vertex 61.393 22.2467 22.92
    endloop
  endfacet
  facet normal 0 0 -1
    outer loop
      vertex 61.4844 22.2606 22.92
      vertex 61.391 22.6784 22.92
      vertex 61.5023 22.682 22.92
    endloop
  endfacet
  facet normal 0 0 -1
    outer loop
      vertex 61.2874 22.6674 22.92
      vertex 61.393 22.2467 22.92
      vertex 61.3539 22.2363 22.92
    endloop
  endfacet
  facet normal 0 0 -1
    outer loop
      vertex 61.1915 22.6491 22.92
      vertex 61.3539 22.2363 22.92
      vertex 61.3192 22.2236 22.92
    endloop
  endfacet
  facet normal 0 0 -1
    outer loop
      vertex 61.1033 22.6235 22.92
      vertex 61.3192 22.2236 22.92
      vertex 61.2889 22.2085 22.92
    endloop
  endfacet
  facet normal 0 0 -1
    outer loop
      vertex 61.393 22.2467 22.92
      vertex 61.2874 22.6674 22.92
      vertex 61.391 22.6784 22.92
    endloop
  endfacet
  facet normal 0 0 -1
    outer loop
      vertex 61.0227 22.5906 22.92
      vertex 61.2889 22.2085 22.92
      vertex 61.2628 22.191 22.92
    endloop
  endfacet
  facet normal 0 0 -1
    outer loop
      vertex 60.9498 22.5504 22.92
      vertex 61.2628 22.191 22.92
      vertex 61.2407 22.171 22.92
    endloop
  endfacet
  facet normal 0 0 -1
    outer loop
      vertex 60.8846 22.5029 22.92
      vertex 61.2407 22.171 22.92
      vertex 61.2226 22.1483 22.92
    endloop
  endfacet
  facet normal 0 0 -1
    outer loop
      vertex 60.7794 22.388 22.92
      vertex 61.2226 22.1483 22.92
      vertex 61.2085 22.1232 22.92
    endloop
  endfacet
  facet normal 0 0 -1
    outer loop
      vertex 60.7399 22.3211 22.92
      vertex 61.2085 22.1232 22.92
      vertex 61.1985 22.0954 22.92
    endloop
  endfacet
  facet normal 0 0 -1
    outer loop
      vertex 60.6873 22.1685 22.92
      vertex 61.1985 22.0954 22.92
      vertex 61.1925 22.0652 22.92
    endloop
  endfacet
  facet normal 0 0 -1
    outer loop
      vertex 61.3539 22.2363 22.92
      vertex 61.1915 22.6491 22.92
      vertex 61.2874 22.6674 22.92
    endloop
  endfacet
  facet normal 0 0 -1
    outer loop
      vertex 60.6741 22.0829 22.92
      vertex 61.1925 22.0652 22.92
      vertex 61.1904 22.0323 22.92
    endloop
  endfacet
  facet normal 0 0 -1
    outer loop
      vertex 60.7832 21.6154 22.92
      vertex 61.2243 21.9245 22.92
      vertex 60.8242 21.5684 22.92
    endloop
  endfacet
  facet normal 0 0 -1
    outer loop
      vertex 61.3192 22.2236 22.92
      vertex 61.1033 22.6235 22.92
      vertex 61.1915 22.6491 22.92
    endloop
  endfacet
  facet normal -0 0 -1
    outer loop
      vertex 61.2243 21.9245 22.92
      vertex 60.7832 21.6154 22.92
      vertex 61.2121 21.9428 22.92
    endloop
  endfacet
  facet normal 0 0 -1
    outer loop
      vertex 61.1925 22.0652 22.92
      vertex 60.6741 22.0829 22.92
      vertex 60.6873 22.1685 22.92
    endloop
  endfacet
  facet normal 0 0 -1
    outer loop
      vertex 60.7485 21.6669 22.92
      vertex 61.2121 21.9428 22.92
      vertex 60.7832 21.6154 22.92
    endloop
  endfacet
  facet normal 0 0 -1
    outer loop
      vertex 61.2889 22.2085 22.92
      vertex 61.0227 22.5906 22.92
      vertex 61.1033 22.6235 22.92
    endloop
  endfacet
  facet normal 0 0 -1
    outer loop
      vertex 60.7202 21.7228 22.92
      vertex 61.2121 21.9428 22.92
      vertex 60.7485 21.6669 22.92
    endloop
  endfacet
  facet normal 0 0 -1
    outer loop
      vertex 61.1985 22.0954 22.92
      vertex 60.6873 22.1685 22.92
      vertex 60.7092 22.248 22.92
    endloop
  endfacet
  facet normal -0 0 -1
    outer loop
      vertex 61.2121 21.9428 22.92
      vertex 60.7202 21.7228 22.92
      vertex 61.2026 21.9628 22.92
    endloop
  endfacet
  facet normal 0 0 -1
    outer loop
      vertex 61.2628 22.191 22.92
      vertex 60.9498 22.5504 22.92
      vertex 61.0227 22.5906 22.92
    endloop
  endfacet
  facet normal 0 0 -1
    outer loop
      vertex 60.6981 21.7832 22.92
      vertex 61.2026 21.9628 22.92
      vertex 60.7202 21.7228 22.92
    endloop
  endfacet
  facet normal 0 0 -1
    outer loop
      vertex 60.6824 21.8479 22.92
      vertex 61.2026 21.9628 22.92
      vertex 60.6981 21.7832 22.92
    endloop
  endfacet
  facet normal 0 0 -1
    outer loop
      vertex 61.2407 22.171 22.92
      vertex 60.8846 22.5029 22.92
      vertex 60.9498 22.5504 22.92
    endloop
  endfacet
  facet normal -0 0 -1
    outer loop
      vertex 61.2026 21.9628 22.92
      vertex 60.6824 21.8479 22.92
      vertex 61.1959 21.9843 22.92
    endloop
  endfacet
  facet normal 0 0 -1
    outer loop
      vertex 61.2226 22.1483 22.92
      vertex 60.8276 22.4486 22.92
      vertex 60.8846 22.5029 22.92
    endloop
  endfacet
  facet normal 0 0 -1
    outer loop
      vertex 60.6729 21.9172 22.92
      vertex 61.1959 21.9843 22.92
      vertex 60.6824 21.8479 22.92
    endloop
  endfacet
  facet normal 0 0 -1
    outer loop
      vertex 61.2226 22.1483 22.92
      vertex 60.7794 22.388 22.92
      vertex 60.8276 22.4486 22.92
    endloop
  endfacet
  facet normal -0 0 -1
    outer loop
      vertex 61.1959 21.9843 22.92
      vertex 60.6729 21.9172 22.92
      vertex 61.1918 22.0075 22.92
    endloop
  endfacet
  facet normal 0 0 -1
    outer loop
      vertex 61.2085 22.1232 22.92
      vertex 60.7399 22.3211 22.92
      vertex 60.7794 22.388 22.92
    endloop
  endfacet
  facet normal 0 0 -1
    outer loop
      vertex 60.6698 21.9909 22.92
      vertex 61.1918 22.0075 22.92
      vertex 60.6729 21.9172 22.92
    endloop
  endfacet
  facet normal 0 0 -1
    outer loop
      vertex 61.1985 22.0954 22.92
      vertex 60.7092 22.248 22.92
      vertex 60.7399 22.3211 22.92
    endloop
  endfacet
  facet normal -0 0 -1
    outer loop
      vertex 61.1918 22.0075 22.92
      vertex 60.6698 21.9909 22.92
      vertex 61.1904 22.0323 22.92
    endloop
  endfacet
  facet normal -0 0 -1
    outer loop
      vertex 61.1904 22.0323 22.92
      vertex 60.6698 21.9909 22.92
      vertex 60.6741 22.0829 22.92
    endloop
  endfacet
  facet normal 0 0 1
    outer loop
      vertex 62.281 22.5715 23.3
      vertex 62.2287 22.1218 23.3
      vertex 62.281 22.0991 23.3
    endloop
  endfacet
  facet normal 0 0 1
    outer loop
      vertex 62.1253 22.1623 23.3
      vertex 62.281 22.5715 23.3
      vertex 62.222 22.5867 23.3
    endloop
  endfacet
  facet normal 0 0 1
    outer loop
      vertex 62.281 22.5715 23.3
      vertex 62.1769 22.1429 23.3
      vertex 62.2287 22.1218 23.3
    endloop
  endfacet
  facet normal 0 0 1
    outer loop
      vertex 62.0742 22.18 23.3
      vertex 62.222 22.5867 23.3
      vertex 62.1636 22.6008 23.3
    endloop
  endfacet
  facet normal 0 0 1
    outer loop
      vertex 62.281 22.5715 23.3
      vertex 62.1253 22.1623 23.3
      vertex 62.1769 22.1429 23.3
    endloop
  endfacet
  facet normal 0 0 1
    outer loop
      vertex 62.0234 22.1961 23.3
      vertex 62.1636 22.6008 23.3
      vertex 62.1057 22.6138 23.3
    endloop
  endfacet
  facet normal 0 0 1
    outer loop
      vertex 62.222 22.5867 23.3
      vertex 62.0742 22.18 23.3
      vertex 62.1253 22.1623 23.3
    endloop
  endfacet
  facet normal 0 0 1
    outer loop
      vertex 61.973 22.2106 23.3
      vertex 62.1057 22.6138 23.3
      vertex 62.0484 22.6256 23.3
    endloop
  endfacet
  facet normal 0 0 1
    outer loop
      vertex 62.1636 22.6008 23.3
      vertex 62.0234 22.1961 23.3
      vertex 62.0742 22.18 23.3
    endloop
  endfacet
  facet normal 0 0 1
    outer loop
      vertex 61.9229 22.2234 23.3
      vertex 62.0484 22.6256 23.3
      vertex 61.9916 22.6364 23.3
    endloop
  endfacet
  facet normal 0 0 1
    outer loop
      vertex 62.1057 22.6138 23.3
      vertex 61.973 22.2106 23.3
      vertex 62.0234 22.1961 23.3
    endloop
  endfacet
  facet normal 0 0 1
    outer loop
      vertex 61.8735 22.2345 23.3
      vertex 61.9916 22.6364 23.3
      vertex 61.9354 22.6459 23.3
    endloop
  endfacet
  facet normal 0 0 1
    outer loop
      vertex 62.0484 22.6256 23.3
      vertex 61.9229 22.2234 23.3
      vertex 61.973 22.2106 23.3
    endloop
  endfacet
  facet normal 0 0 1
    outer loop
      vertex 61.8248 22.2439 23.3
      vertex 61.9354 22.6459 23.3
      vertex 61.8797 22.6544 23.3
    endloop
  endfacet
  facet normal 0 0 1
    outer loop
      vertex 61.9916 22.6364 23.3
      vertex 61.8735 22.2345 23.3
      vertex 61.9229 22.2234 23.3
    endloop
  endfacet
  facet normal 0 0 1
    outer loop
      vertex 61.9354 22.6459 23.3
      vertex 61.8248 22.2439 23.3
      vertex 61.8735 22.2345 23.3
    endloop
  endfacet
  facet normal 0 0 1
    outer loop
      vertex 61.7769 22.2516 23.3
      vertex 61.8797 22.6544 23.3
      vertex 61.8245 22.6617 23.3
    endloop
  endfacet
  facet normal 0 0 1
    outer loop
      vertex 61.8797 22.6544 23.3
      vertex 61.7769 22.2516 23.3
      vertex 61.8248 22.2439 23.3
    endloop
  endfacet
  facet normal 0 0 1
    outer loop
      vertex 61.7298 22.2576 23.3
      vertex 61.8245 22.6617 23.3
      vertex 61.7697 22.6679 23.3
    endloop
  endfacet
  facet normal 0 0 1
    outer loop
      vertex 61.8245 22.6617 23.3
      vertex 61.7298 22.2576 23.3
      vertex 61.7769 22.2516 23.3
    endloop
  endfacet
  facet normal 0 0 1
    outer loop
      vertex 61.6835 22.2618 23.3
      vertex 61.7697 22.6679 23.3
      vertex 61.7154 22.673 23.3
    endloop
  endfacet
  facet normal 0 0 1
    outer loop
      vertex 61.7697 22.6679 23.3
      vertex 61.6835 22.2618 23.3
      vertex 61.7298 22.2576 23.3
    endloop
  endfacet
  facet normal 0 0 1
    outer loop
      vertex 61.6614 22.677 23.3
      vertex 61.6835 22.2618 23.3
      vertex 61.7154 22.673 23.3
    endloop
  endfacet
  facet normal 0 0 1
    outer loop
      vertex 61.6614 22.677 23.3
      vertex 61.6379 22.2644 23.3
      vertex 61.6835 22.2618 23.3
    endloop
  endfacet
  facet normal 0 0 1
    outer loop
      vertex 61.6079 22.6798 23.3
      vertex 61.6379 22.2644 23.3
      vertex 61.6614 22.677 23.3
    endloop
  endfacet
  facet normal 0 0 1
    outer loop
      vertex 61.6079 22.6798 23.3
      vertex 61.5932 22.2653 23.3
      vertex 61.6379 22.2644 23.3
    endloop
  endfacet
  facet normal 0 0 1
    outer loop
      vertex 61.5549 22.6815 23.3
      vertex 61.5932 22.2653 23.3
      vertex 61.6079 22.6798 23.3
    endloop
  endfacet
  facet normal 0 0 1
    outer loop
      vertex 61.5549 22.6815 23.3
      vertex 61.5366 22.2641 23.3
      vertex 61.5932 22.2653 23.3
    endloop
  endfacet
  facet normal 0 0 1
    outer loop
      vertex 61.5023 22.682 23.3
      vertex 61.5366 22.2641 23.3
      vertex 61.5549 22.6815 23.3
    endloop
  endfacet
  facet normal 0 0 1
    outer loop
      vertex 61.5023 22.682 23.3
      vertex 61.4844 22.2606 23.3
      vertex 61.5366 22.2641 23.3
    endloop
  endfacet
  facet normal -0 0 1
    outer loop
      vertex 61.391 22.6784 23.3
      vertex 61.4844 22.2606 23.3
      vertex 61.5023 22.682 23.3
    endloop
  endfacet
  facet normal 0 0 1
    outer loop
      vertex 61.4844 22.2606 23.3
      vertex 61.391 22.6784 23.3
      vertex 61.4365 22.2548 23.3
    endloop
  endfacet
  facet normal 0 0 1
    outer loop
      vertex 61.4365 22.2548 23.3
      vertex 61.391 22.6784 23.3
      vertex 61.393 22.2467 23.3
    endloop
  endfacet
  facet normal -0 0 1
    outer loop
      vertex 61.2874 22.6674 23.3
      vertex 61.393 22.2467 23.3
      vertex 61.391 22.6784 23.3
    endloop
  endfacet
  facet normal 0 0 1
    outer loop
      vertex 61.393 22.2467 23.3
      vertex 61.2874 22.6674 23.3
      vertex 61.3539 22.2363 23.3
    endloop
  endfacet
  facet normal -0 0 1
    outer loop
      vertex 61.1915 22.6491 23.3
      vertex 61.3539 22.2363 23.3
      vertex 61.2874 22.6674 23.3
    endloop
  endfacet
  facet normal 0 0 1
    outer loop
      vertex 61.3539 22.2363 23.3
      vertex 61.1915 22.6491 23.3
      vertex 61.3192 22.2236 23.3
    endloop
  endfacet
  facet normal -0 0 1
    outer loop
      vertex 61.1033 22.6235 23.3
      vertex 61.3192 22.2236 23.3
      vertex 61.1915 22.6491 23.3
    endloop
  endfacet
  facet normal 0 0 1
    outer loop
      vertex 61.3192 22.2236 23.3
      vertex 61.1033 22.6235 23.3
      vertex 61.2889 22.2085 23.3
    endloop
  endfacet
  facet normal -0 0 1
    outer loop
      vertex 61.0227 22.5906 23.3
      vertex 61.2889 22.2085 23.3
      vertex 61.1033 22.6235 23.3
    endloop
  endfacet
  facet normal 0 0 1
    outer loop
      vertex 61.2889 22.2085 23.3
      vertex 61.0227 22.5906 23.3
      vertex 61.2628 22.191 23.3
    endloop
  endfacet
  facet normal -0 0 1
    outer loop
      vertex 60.9498 22.5504 23.3
      vertex 61.2628 22.191 23.3
      vertex 61.0227 22.5906 23.3
    endloop
  endfacet
  facet normal 0 0 1
    outer loop
      vertex 61.2628 22.191 23.3
      vertex 60.9498 22.5504 23.3
      vertex 61.2407 22.171 23.3
    endloop
  endfacet
  facet normal -0 0 1
    outer loop
      vertex 60.8846 22.5029 23.3
      vertex 61.2407 22.171 23.3
      vertex 60.9498 22.5504 23.3
    endloop
  endfacet
  facet normal 0 0 1
    outer loop
      vertex 61.2407 22.171 23.3
      vertex 60.8846 22.5029 23.3
      vertex 61.2226 22.1483 23.3
    endloop
  endfacet
  facet normal -0 0 1
    outer loop
      vertex 60.8276 22.4486 23.3
      vertex 61.2226 22.1483 23.3
      vertex 60.8846 22.5029 23.3
    endloop
  endfacet
  facet normal -0 0 1
    outer loop
      vertex 60.7794 22.388 23.3
      vertex 61.2226 22.1483 23.3
      vertex 60.8276 22.4486 23.3
    endloop
  endfacet
  facet normal 0 0 1
    outer loop
      vertex 61.1904 22.0323 23.3
      vertex 61.0594 21.4171 23.3
      vertex 61.1365 21.388 23.3
    endloop
  endfacet
  facet normal 0 0 1
    outer loop
      vertex 61.2226 22.1483 23.3
      vertex 60.7794 22.388 23.3
      vertex 61.2085 22.1232 23.3
    endloop
  endfacet
  facet normal 0 0 1
    outer loop
      vertex 60.6698 21.9909 23.3
      vertex 61.1904 22.0323 23.3
      vertex 60.6741 22.0829 23.3
    endloop
  endfacet
  facet normal -0 0 1
    outer loop
      vertex 60.7399 22.3211 23.3
      vertex 61.2085 22.1232 23.3
      vertex 60.7794 22.388 23.3
    endloop
  endfacet
  facet normal 0 -0 1
    outer loop
      vertex 60.6729 21.9172 23.3
      vertex 61.1904 22.0323 23.3
      vertex 60.6698 21.9909 23.3
    endloop
  endfacet
  facet normal 0 0 1
    outer loop
      vertex 61.2085 22.1232 23.3
      vertex 60.7399 22.3211 23.3
      vertex 61.1985 22.0954 23.3
    endloop
  endfacet
  facet normal 0 0 1
    outer loop
      vertex 61.1904 22.0323 23.3
      vertex 60.9896 21.4497 23.3
      vertex 61.0594 21.4171 23.3
    endloop
  endfacet
  facet normal -0 0 1
    outer loop
      vertex 60.7092 22.248 23.3
      vertex 61.1985 22.0954 23.3
      vertex 60.7399 22.3211 23.3
    endloop
  endfacet
  facet normal 0 -0 1
    outer loop
      vertex 60.6824 21.8479 23.3
      vertex 61.1904 22.0323 23.3
      vertex 60.6729 21.9172 23.3
    endloop
  endfacet
  facet normal 0 0 1
    outer loop
      vertex 61.1904 22.0323 23.3
      vertex 60.9271 21.4858 23.3
      vertex 60.9896 21.4497 23.3
    endloop
  endfacet
  facet normal -0 0 1
    outer loop
      vertex 60.6873 22.1685 23.3
      vertex 61.1985 22.0954 23.3
      vertex 60.7092 22.248 23.3
    endloop
  endfacet
  facet normal 0 -0 1
    outer loop
      vertex 60.6981 21.7832 23.3
      vertex 61.1904 22.0323 23.3
      vertex 60.6824 21.8479 23.3
    endloop
  endfacet
  facet normal 0 0 1
    outer loop
      vertex 61.1985 22.0954 23.3
      vertex 60.6873 22.1685 23.3
      vertex 61.1925 22.0652 23.3
    endloop
  endfacet
  facet normal 0 0 1
    outer loop
      vertex 61.1904 22.0323 23.3
      vertex 60.872 21.5254 23.3
      vertex 60.9271 21.4858 23.3
    endloop
  endfacet
  facet normal -0 0 1
    outer loop
      vertex 60.6741 22.0829 23.3
      vertex 61.1925 22.0652 23.3
      vertex 60.6873 22.1685 23.3
    endloop
  endfacet
  facet normal 0 -0 1
    outer loop
      vertex 60.7202 21.7228 23.3
      vertex 61.1904 22.0323 23.3
      vertex 60.6981 21.7832 23.3
    endloop
  endfacet
  facet normal 0 0 1
    outer loop
      vertex 61.1925 22.0652 23.3
      vertex 60.6741 22.0829 23.3
      vertex 61.1904 22.0323 23.3
    endloop
  endfacet
  facet normal 0 0 1
    outer loop
      vertex 61.1904 22.0323 23.3
      vertex 60.8242 21.5684 23.3
      vertex 60.872 21.5254 23.3
    endloop
  endfacet
  facet normal 0 0 1
    outer loop
      vertex 61.1904 22.0323 23.3
      vertex 60.7832 21.6154 23.3
      vertex 60.8242 21.5684 23.3
    endloop
  endfacet
  facet normal 0 0 1
    outer loop
      vertex 61.1904 22.0323 23.3
      vertex 60.7202 21.7228 23.3
      vertex 60.7485 21.6669 23.3
    endloop
  endfacet
  facet normal 0 0 1
    outer loop
      vertex 61.1904 22.0323 23.3
      vertex 60.7485 21.6669 23.3
      vertex 60.7832 21.6154 23.3
    endloop
  endfacet
  facet normal 0 0 1
    outer loop
      vertex 61.8682 21.0842 23.3
      vertex 62.4272 21.0982 23.3
      vertex 62.424 21.1757 23.3
    endloop
  endfacet
  facet normal 0 0 1
    outer loop
      vertex 61.8682 21.0842 23.3
      vertex 62.424 21.1757 23.3
      vertex 62.4144 21.248 23.3
    endloop
  endfacet
  facet normal 0 0 1
    outer loop
      vertex 62.4272 21.0982 23.3
      vertex 61.8723 21.0573 23.3
      vertex 62.4227 20.9967 23.3
    endloop
  endfacet
  facet normal 0 0 1
    outer loop
      vertex 61.8612 21.1091 23.3
      vertex 62.4144 21.248 23.3
      vertex 62.3984 21.315 23.3
    endloop
  endfacet
  facet normal -0 -0 1
    outer loop
      vertex 61.8737 21.0284 23.3
      vertex 62.4227 20.9967 23.3
      vertex 61.8723 21.0573 23.3
    endloop
  endfacet
  facet normal 0 0 1
    outer loop
      vertex 61.8515 21.1321 23.3
      vertex 62.3984 21.315 23.3
      vertex 62.376 21.3768 23.3
    endloop
  endfacet
  facet normal 0 0 1
    outer loop
      vertex 61.8717 20.9963 23.3
      vertex 62.4227 20.9967 23.3
      vertex 61.8737 21.0284 23.3
    endloop
  endfacet
  facet normal 0 0 1
    outer loop
      vertex 61.8515 21.1321 23.3
      vertex 62.376 21.3768 23.3
      vertex 62.3473 21.4334 23.3
    endloop
  endfacet
  facet normal 0 0 1
    outer loop
      vertex 62.4227 20.9967 23.3
      vertex 61.8717 20.9963 23.3
      vertex 62.4094 20.903 23.3
    endloop
  endfacet
  facet normal 0 0 1
    outer loop
      vertex 61.8391 21.1532 23.3
      vertex 62.3473 21.4334 23.3
      vertex 62.3121 21.4848 23.3
    endloop
  endfacet
  facet normal 0 0 1
    outer loop
      vertex 61.8391 21.1532 23.3
      vertex 62.3121 21.4848 23.3
      vertex 62.2705 21.5308 23.3
    endloop
  endfacet
  facet normal 0 0 1
    outer loop
      vertex 62.4094 20.903 23.3
      vertex 61.8717 20.9963 23.3
      vertex 62.387 20.817 23.3
    endloop
  endfacet
  facet normal 0 0 1
    outer loop
      vertex 61.8391 21.1532 23.3
      vertex 62.2705 21.5308 23.3
      vertex 62.2214 21.5727 23.3
    endloop
  endfacet
  facet normal -0 0 1
    outer loop
      vertex 61.8655 20.9664 23.3
      vertex 62.387 20.817 23.3
      vertex 61.8717 20.9963 23.3
    endloop
  endfacet
  facet normal 0 0 1
    outer loop
      vertex 61.8238 21.1723 23.3
      vertex 62.2214 21.5727 23.3
      vertex 62.1635 21.6115 23.3
    endloop
  endfacet
  facet normal 0 0 1
    outer loop
      vertex 62.387 20.817 23.3
      vertex 61.8655 20.9664 23.3
      vertex 62.3558 20.7387 23.3
    endloop
  endfacet
  facet normal 0 0 1
    outer loop
      vertex 61.8058 21.1895 23.3
      vertex 62.1635 21.6115 23.3
      vertex 62.0968 21.647 23.3
    endloop
  endfacet
  facet normal -0 0 1
    outer loop
      vertex 61.8553 20.9386 23.3
      vertex 62.3558 20.7387 23.3
      vertex 61.8655 20.9664 23.3
    endloop
  endfacet
  facet normal 0 0 1
    outer loop
      vertex 61.8058 21.1895 23.3
      vertex 62.0968 21.647 23.3
      vertex 62.0214 21.6794 23.3
    endloop
  endfacet
  facet normal 0 0 1
    outer loop
      vertex 62.3157 20.668 23.3
      vertex 61.8553 20.9386 23.3
      vertex 62.2666 20.6051 23.3
    endloop
  endfacet
  facet normal 0 0 1
    outer loop
      vertex 61.756 21.2209 23.3
      vertex 62.0214 21.6794 23.3
      vertex 61.9372 21.7086 23.3
    endloop
  endfacet
  facet normal -0 0 1
    outer loop
      vertex 61.8411 20.913 23.3
      vertex 62.2666 20.6051 23.3
      vertex 61.8553 20.9386 23.3
    endloop
  endfacet
  facet normal 0 0 1
    outer loop
      vertex 62.2666 20.6051 23.3
      vertex 61.8411 20.913 23.3
      vertex 62.2086 20.5499 23.3
    endloop
  endfacet
  facet normal 0 0 1
    outer loop
      vertex 62.3558 20.7387 23.3
      vertex 61.8553 20.9386 23.3
      vertex 62.3157 20.668 23.3
    endloop
  endfacet
  facet normal 0 0 1
    outer loop
      vertex 62.4272 21.0982 23.3
      vertex 61.8682 21.0842 23.3
      vertex 61.8723 21.0573 23.3
    endloop
  endfacet
  facet normal 0 0 1
    outer loop
      vertex 62.4144 21.248 23.3
      vertex 61.8612 21.1091 23.3
      vertex 61.8682 21.0842 23.3
    endloop
  endfacet
  facet normal 0 0 1
    outer loop
      vertex 62.3984 21.315 23.3
      vertex 61.8515 21.1321 23.3
      vertex 61.8612 21.1091 23.3
    endloop
  endfacet
  facet normal 0 0 1
    outer loop
      vertex 61.7228 21.2358 23.3
      vertex 61.9372 21.7086 23.3
      vertex 61.8442 21.7347 23.3
    endloop
  endfacet
  facet normal 0 0 1
    outer loop
      vertex 62.3473 21.4334 23.3
      vertex 61.8391 21.1532 23.3
      vertex 61.8515 21.1321 23.3
    endloop
  endfacet
  facet normal 0 0 1
    outer loop
      vertex 62.2214 21.5727 23.3
      vertex 61.8238 21.1723 23.3
      vertex 61.8391 21.1532 23.3
    endloop
  endfacet
  facet normal 0 0 1
    outer loop
      vertex 62.1635 21.6115 23.3
      vertex 61.8058 21.1895 23.3
      vertex 61.8238 21.1723 23.3
    endloop
  endfacet
  facet normal 0 0 1
    outer loop
      vertex 62.0214 21.6794 23.3
      vertex 61.7837 21.2054 23.3
      vertex 61.8058 21.1895 23.3
    endloop
  endfacet
  facet normal 0 0 1
    outer loop
      vertex 62.0214 21.6794 23.3
      vertex 61.756 21.2209 23.3
      vertex 61.7837 21.2054 23.3
    endloop
  endfacet
  facet normal 0 0 1
    outer loop
      vertex 61.6842 21.2503 23.3
      vertex 61.8442 21.7347 23.3
      vertex 61.7424 21.7576 23.3
    endloop
  endfacet
  facet normal 0 0 1
    outer loop
      vertex 61.9372 21.7086 23.3
      vertex 61.7228 21.2358 23.3
      vertex 61.756 21.2209 23.3
    endloop
  endfacet
  facet normal 0 0 1
    outer loop
      vertex 61.8442 21.7347 23.3
      vertex 61.6842 21.2503 23.3
      vertex 61.7228 21.2358 23.3
    endloop
  endfacet
  facet normal 0 0 1
    outer loop
      vertex 61.7424 21.7576 23.3
      vertex 61.64 21.2643 23.3
      vertex 61.6842 21.2503 23.3
    endloop
  endfacet
  facet normal 0 0 1
    outer loop
      vertex 61.7424 21.7576 23.3
      vertex 61.5903 21.2778 23.3
      vertex 61.64 21.2643 23.3
    endloop
  endfacet
  facet normal 0 0 1
    outer loop
      vertex 61.7424 21.7576 23.3
      vertex 61.5351 21.2908 23.3
      vertex 61.5903 21.2778 23.3
    endloop
  endfacet
  facet normal 0 0 1
    outer loop
      vertex 61.4977 21.8068 23.3
      vertex 61.5351 21.2908 23.3
      vertex 61.7424 21.7576 23.3
    endloop
  endfacet
  facet normal 0 0 1
    outer loop
      vertex 61.3128 21.3401 23.3
      vertex 61.4977 21.8068 23.3
      vertex 61.4501 21.8174 23.3
    endloop
  endfacet
  facet normal 0 0 1
    outer loop
      vertex 61.3128 21.3401 23.3
      vertex 61.4501 21.8174 23.3
      vertex 61.4068 21.8285 23.3
    endloop
  endfacet
  facet normal 0 0 1
    outer loop
      vertex 61.221 21.3623 23.3
      vertex 61.4068 21.8285 23.3
      vertex 61.368 21.8401 23.3
    endloop
  endfacet
  facet normal 0 0 1
    outer loop
      vertex 61.221 21.3623 23.3
      vertex 61.368 21.8401 23.3
      vertex 61.3336 21.8524 23.3
    endloop
  endfacet
  facet normal 0 0 1
    outer loop
      vertex 61.4977 21.8068 23.3
      vertex 61.3128 21.3401 23.3
      vertex 61.5351 21.2908 23.3
    endloop
  endfacet
  facet normal 0 0 1
    outer loop
      vertex 61.1365 21.388 23.3
      vertex 61.3336 21.8524 23.3
      vertex 61.3036 21.8653 23.3
    endloop
  endfacet
  facet normal 0 0 1
    outer loop
      vertex 61.1365 21.388 23.3
      vertex 61.3036 21.8653 23.3
      vertex 61.278 21.8787 23.3
    endloop
  endfacet
  facet normal 0 0 1
    outer loop
      vertex 61.1365 21.388 23.3
      vertex 61.278 21.8787 23.3
      vertex 61.2568 21.8927 23.3
    endloop
  endfacet
  facet normal 0 0 1
    outer loop
      vertex 61.1365 21.388 23.3
      vertex 61.2568 21.8927 23.3
      vertex 61.2392 21.9078 23.3
    endloop
  endfacet
  facet normal 0 0 1
    outer loop
      vertex 61.1365 21.388 23.3
      vertex 61.2392 21.9078 23.3
      vertex 61.2243 21.9245 23.3
    endloop
  endfacet
  facet normal 0 0 1
    outer loop
      vertex 61.4068 21.8285 23.3
      vertex 61.221 21.3623 23.3
      vertex 61.3128 21.3401 23.3
    endloop
  endfacet
  facet normal 0 0 1
    outer loop
      vertex 61.1365 21.388 23.3
      vertex 61.2243 21.9245 23.3
      vertex 61.2121 21.9428 23.3
    endloop
  endfacet
  facet normal 0 0 1
    outer loop
      vertex 61.1365 21.388 23.3
      vertex 61.2121 21.9428 23.3
      vertex 61.2026 21.9628 23.3
    endloop
  endfacet
  facet normal 0 0 1
    outer loop
      vertex 61.1365 21.388 23.3
      vertex 61.2026 21.9628 23.3
      vertex 61.1959 21.9843 23.3
    endloop
  endfacet
  facet normal 0 0 1
    outer loop
      vertex 61.1365 21.388 23.3
      vertex 61.1959 21.9843 23.3
      vertex 61.1918 22.0075 23.3
    endloop
  endfacet
  facet normal 0 0 1
    outer loop
      vertex 61.1365 21.388 23.3
      vertex 61.1918 22.0075 23.3
      vertex 61.1904 22.0323 23.3
    endloop
  endfacet
  facet normal 0 0 1
    outer loop
      vertex 61.3336 21.8524 23.3
      vertex 61.1365 21.388 23.3
      vertex 61.221 21.3623 23.3
    endloop
  endfacet
  facet normal -0 0 1
    outer loop
      vertex 61.8227 20.8897 23.3
      vertex 62.2086 20.5499 23.3
      vertex 61.8411 20.913 23.3
    endloop
  endfacet
  facet normal 0 0 1
    outer loop
      vertex 62.2086 20.5499 23.3
      vertex 61.8227 20.8897 23.3
      vertex 62.1415 20.5022 23.3
    endloop
  endfacet
  facet normal 0 0 1
    outer loop
      vertex 62.1415 20.5022 23.3
      vertex 61.8227 20.8897 23.3
      vertex 62.0649 20.4618 23.3
    endloop
  endfacet
  facet normal -0 0 1
    outer loop
      vertex 61.8003 20.8685 23.3
      vertex 62.0649 20.4618 23.3
      vertex 61.8227 20.8897 23.3
    endloop
  endfacet
  facet normal 0 0 1
    outer loop
      vertex 62.0649 20.4618 23.3
      vertex 61.8003 20.8685 23.3
      vertex 61.979 20.4288 23.3
    endloop
  endfacet
  facet normal -0 0 1
    outer loop
      vertex 61.7737 20.8495 23.3
      vertex 61.979 20.4288 23.3
      vertex 61.8003 20.8685 23.3
    endloop
  endfacet
  facet normal 0 0 1
    outer loop
      vertex 61.979 20.4288 23.3
      vertex 61.7737 20.8495 23.3
      vertex 61.8836 20.4031 23.3
    endloop
  endfacet
  facet normal -0 0 1
    outer loop
      vertex 61.7434 20.8329 23.3
      vertex 61.8836 20.4031 23.3
      vertex 61.7737 20.8495 23.3
    endloop
  endfacet
  facet normal -0 0 1
    outer loop
      vertex 61.7094 20.8188 23.3
      vertex 61.8836 20.4031 23.3
      vertex 61.7434 20.8329 23.3
    endloop
  endfacet
  facet normal 0 0 1
    outer loop
      vertex 61.8836 20.4031 23.3
      vertex 61.7094 20.8188 23.3
      vertex 61.7788 20.3848 23.3
    endloop
  endfacet
  facet normal -0 0 1
    outer loop
      vertex 61.6719 20.8073 23.3
      vertex 61.7788 20.3848 23.3
      vertex 61.7094 20.8188 23.3
    endloop
  endfacet
  facet normal 0 0 1
    outer loop
      vertex 61.6719 20.8073 23.3
      vertex 61.6646 20.3738 23.3
      vertex 61.7788 20.3848 23.3
    endloop
  endfacet
  facet normal -0 0 1
    outer loop
      vertex 61.6308 20.7984 23.3
      vertex 61.6646 20.3738 23.3
      vertex 61.6719 20.8073 23.3
    endloop
  endfacet
  facet normal -0 0 1
    outer loop
      vertex 61.586 20.792 23.3
      vertex 61.6646 20.3738 23.3
      vertex 61.6308 20.7984 23.3
    endloop
  endfacet
  facet normal 0 0 1
    outer loop
      vertex 61.586 20.792 23.3
      vertex 61.541 20.3701 23.3
      vertex 61.6646 20.3738 23.3
    endloop
  endfacet
  facet normal -0 0 1
    outer loop
      vertex 61.5377 20.7882 23.3
      vertex 61.541 20.3701 23.3
      vertex 61.586 20.792 23.3
    endloop
  endfacet
  facet normal -0 0 1
    outer loop
      vertex 61.4858 20.7869 23.3
      vertex 61.541 20.3701 23.3
      vertex 61.5377 20.7882 23.3
    endloop
  endfacet
  facet normal 0 0 1
    outer loop
      vertex 61.4858 20.7869 23.3
      vertex 61.4805 20.3709 23.3
      vertex 61.541 20.3701 23.3
    endloop
  endfacet
  facet normal 0 0 1
    outer loop
      vertex 61.4199 20.3734 23.3
      vertex 61.4858 20.7869 23.3
      vertex 61.4327 20.7881 23.3
    endloop
  endfacet
  facet normal 0 0 1
    outer loop
      vertex 61.4858 20.7869 23.3
      vertex 61.4199 20.3734 23.3
      vertex 61.4805 20.3709 23.3
    endloop
  endfacet
  facet normal 0 0 1
    outer loop
      vertex 61.3592 20.3775 23.3
      vertex 61.4327 20.7881 23.3
      vertex 61.379 20.7916 23.3
    endloop
  endfacet
  facet normal 0 0 1
    outer loop
      vertex 61.4327 20.7881 23.3
      vertex 61.3592 20.3775 23.3
      vertex 61.4199 20.3734 23.3
    endloop
  endfacet
  facet normal 0 0 1
    outer loop
      vertex 61.2984 20.3833 23.3
      vertex 61.379 20.7916 23.3
      vertex 61.3247 20.7974 23.3
    endloop
  endfacet
  facet normal 0 0 1
    outer loop
      vertex 61.379 20.7916 23.3
      vertex 61.2984 20.3833 23.3
      vertex 61.3592 20.3775 23.3
    endloop
  endfacet
  facet normal 0 0 1
    outer loop
      vertex 61.2376 20.3907 23.3
      vertex 61.3247 20.7974 23.3
      vertex 61.2698 20.8056 23.3
    endloop
  endfacet
  facet normal 0 0 1
    outer loop
      vertex 61.3247 20.7974 23.3
      vertex 61.2376 20.3907 23.3
      vertex 61.2984 20.3833 23.3
    endloop
  endfacet
  facet normal 0 0 1
    outer loop
      vertex 61.1768 20.3997 23.3
      vertex 61.2698 20.8056 23.3
      vertex 61.2143 20.8162 23.3
    endloop
  endfacet
  facet normal 0 0 1
    outer loop
      vertex 61.2698 20.8056 23.3
      vertex 61.1768 20.3997 23.3
      vertex 61.2376 20.3907 23.3
    endloop
  endfacet
  facet normal 0 0 1
    outer loop
      vertex 61.1158 20.4104 23.3
      vertex 61.2143 20.8162 23.3
      vertex 61.1583 20.829 23.3
    endloop
  endfacet
  facet normal 0 0 1
    outer loop
      vertex 61.2143 20.8162 23.3
      vertex 61.1158 20.4104 23.3
      vertex 61.1768 20.3997 23.3
    endloop
  endfacet
  facet normal 0 0 1
    outer loop
      vertex 61.0549 20.4227 23.3
      vertex 61.1583 20.829 23.3
      vertex 61.1017 20.8443 23.3
    endloop
  endfacet
  facet normal 0 0 1
    outer loop
      vertex 61.1583 20.829 23.3
      vertex 61.0549 20.4227 23.3
      vertex 61.1158 20.4104 23.3
    endloop
  endfacet
  facet normal 0 0 1
    outer loop
      vertex 60.933 20.4521 23.3
      vertex 61.1017 20.8443 23.3
      vertex 61.0445 20.8618 23.3
    endloop
  endfacet
  facet normal 0 0 1
    outer loop
      vertex 61.1017 20.8443 23.3
      vertex 60.9939 20.4366 23.3
      vertex 61.0549 20.4227 23.3
    endloop
  endfacet
  facet normal 0 0 1
    outer loop
      vertex 60.872 20.4692 23.3
      vertex 61.0445 20.8618 23.3
      vertex 60.9867 20.8816 23.3
    endloop
  endfacet
  facet normal 0 0 1
    outer loop
      vertex 61.1017 20.8443 23.3
      vertex 60.933 20.4521 23.3
      vertex 60.9939 20.4366 23.3
    endloop
  endfacet
  facet normal 0 0 1
    outer loop
      vertex 60.8111 20.4879 23.3
      vertex 60.9867 20.8816 23.3
      vertex 60.9284 20.9037 23.3
    endloop
  endfacet
  facet normal 0 0 1
    outer loop
      vertex 61.0445 20.8618 23.3
      vertex 60.872 20.4692 23.3
      vertex 60.933 20.4521 23.3
    endloop
  endfacet
  facet normal 0 0 1
    outer loop
      vertex 60.7501 20.5081 23.3
      vertex 60.9284 20.9037 23.3
      vertex 60.8694 20.9281 23.3
    endloop
  endfacet
  facet normal 0 0 1
    outer loop
      vertex 60.9867 20.8816 23.3
      vertex 60.8111 20.4879 23.3
      vertex 60.872 20.4692 23.3
    endloop
  endfacet
  facet normal 0 0 1
    outer loop
      vertex 60.6892 20.5299 23.3
      vertex 60.8694 20.9281 23.3
      vertex 60.8099 20.9548 23.3
    endloop
  endfacet
  facet normal 0 0 1
    outer loop
      vertex 60.9284 20.9037 23.3
      vertex 60.7501 20.5081 23.3
      vertex 60.8111 20.4879 23.3
    endloop
  endfacet
  facet normal 0 0 1
    outer loop
      vertex 60.6892 20.5299 23.3
      vertex 60.8099 20.9548 23.3
      vertex 60.7498 20.9837 23.3
    endloop
  endfacet
  facet normal 0 0 1
    outer loop
      vertex 60.6892 20.5299 23.3
      vertex 60.7498 20.9837 23.3
      vertex 60.6892 21.015 23.3
    endloop
  endfacet
  facet normal 0 0 1
    outer loop
      vertex 60.8694 20.9281 23.3
      vertex 60.6892 20.5299 23.3
      vertex 60.7501 20.5081 23.3
    endloop
  endfacet
  facet normal 0.0958785 -0.995393 0
    outer loop
      vertex 61.6646 20.3738 22.92
      vertex 61.7788 20.3848 23.3
      vertex 61.6646 20.3738 23.3
    endloop
  endfacet
  facet normal 0.0958785 -0.995393 0
    outer loop
      vertex 61.7788 20.3848 23.3
      vertex 61.6646 20.3738 22.92
      vertex 61.7788 20.3848 22.92
    endloop
  endfacet
  facet normal 0.172016 -0.985094 0
    outer loop
      vertex 61.7788 20.3848 22.92
      vertex 61.8836 20.4031 23.3
      vertex 61.7788 20.3848 23.3
    endloop
  endfacet
  facet normal 0.172016 -0.985094 0
    outer loop
      vertex 61.8836 20.4031 23.3
      vertex 61.7788 20.3848 22.92
      vertex 61.8836 20.4031 22.92
    endloop
  endfacet
  facet normal 0.260119 -0.965577 0
    outer loop
      vertex 61.8836 20.4031 22.92
      vertex 61.979 20.4288 23.3
      vertex 61.8836 20.4031 23.3
    endloop
  endfacet
  facet normal 0.260119 -0.965577 0
    outer loop
      vertex 61.979 20.4288 23.3
      vertex 61.8836 20.4031 22.92
      vertex 61.979 20.4288 22.92
    endloop
  endfacet
  facet normal 0.358615 -0.933486 0
    outer loop
      vertex 61.979 20.4288 22.92
      vertex 62.0649 20.4618 23.3
      vertex 61.979 20.4288 23.3
    endloop
  endfacet
  facet normal 0.358615 -0.933486 0
    outer loop
      vertex 62.0649 20.4618 23.3
      vertex 61.979 20.4288 22.92
      vertex 62.0649 20.4618 22.92
    endloop
  endfacet
  facet normal 0.466508 -0.884517 0
    outer loop
      vertex 62.0649 20.4618 22.92
      vertex 62.1415 20.5022 23.3
      vertex 62.0649 20.4618 23.3
    endloop
  endfacet
  facet normal 0.466508 -0.884517 0
    outer loop
      vertex 62.1415 20.5022 23.3
      vertex 62.0649 20.4618 22.92
      vertex 62.1415 20.5022 22.92
    endloop
  endfacet
  facet normal 0.579398 -0.815045 0
    outer loop
      vertex 62.1415 20.5022 22.92
      vertex 62.2086 20.5499 23.3
      vertex 62.1415 20.5022 23.3
    endloop
  endfacet
  facet normal 0.579398 -0.815045 0
    outer loop
      vertex 62.2086 20.5499 23.3
      vertex 62.1415 20.5022 22.92
      vertex 62.2086 20.5499 22.92
    endloop
  endfacet
  facet normal 0.689406 -0.724375 0
    outer loop
      vertex 62.2086 20.5499 22.92
      vertex 62.2666 20.6051 23.3
      vertex 62.2086 20.5499 23.3
    endloop
  endfacet
  facet normal 0.689406 -0.724375 0
    outer loop
      vertex 62.2666 20.6051 23.3
      vertex 62.2086 20.5499 22.92
      vertex 62.2666 20.6051 22.92
    endloop
  endfacet
  facet normal 0.788271 -0.615328 0
    outer loop
      vertex 62.2666 20.6051 23.3
      vertex 62.3157 20.668 22.92
      vertex 62.3157 20.668 23.3
    endloop
  endfacet
  facet normal 0.788271 -0.615328 0
    outer loop
      vertex 62.3157 20.668 22.92
      vertex 62.2666 20.6051 23.3
      vertex 62.2666 20.6051 22.92
    endloop
  endfacet
  facet normal 0.869829 -0.493354 0
    outer loop
      vertex 62.3157 20.668 23.3
      vertex 62.3558 20.7387 22.92
      vertex 62.3558 20.7387 23.3
    endloop
  endfacet
  facet normal 0.869829 -0.493354 0
    outer loop
      vertex 62.3558 20.7387 22.92
      vertex 62.3157 20.668 23.3
      vertex 62.3157 20.668 22.92
    endloop
  endfacet
  facet normal 0.928967 -0.370163 0
    outer loop
      vertex 62.3558 20.7387 23.3
      vertex 62.387 20.817 22.92
      vertex 62.387 20.817 23.3
    endloop
  endfacet
  facet normal 0.928967 -0.370163 0
    outer loop
      vertex 62.387 20.817 22.92
      vertex 62.3558 20.7387 23.3
      vertex 62.3558 20.7387 22.92
    endloop
  endfacet
  facet normal 0.967713 -0.252055 0
    outer loop
      vertex 62.387 20.817 23.3
      vertex 62.4094 20.903 22.92
      vertex 62.4094 20.903 23.3
    endloop
  endfacet
  facet normal 0.967713 -0.252055 0
    outer loop
      vertex 62.4094 20.903 22.92
      vertex 62.387 20.817 23.3
      vertex 62.387 20.817 22.92
    endloop
  endfacet
  facet normal 0.990076 -0.140534 0
    outer loop
      vertex 62.4094 20.903 23.3
      vertex 62.4227 20.9967 22.92
      vertex 62.4227 20.9967 23.3
    endloop
  endfacet
  facet normal 0.990076 -0.140534 0
    outer loop
      vertex 62.4227 20.9967 22.92
      vertex 62.4094 20.903 23.3
      vertex 62.4094 20.903 22.92
    endloop
  endfacet
  facet normal 0.999019 -0.0442915 0
    outer loop
      vertex 62.4227 20.9967 23.3
      vertex 62.4272 21.0982 22.92
      vertex 62.4272 21.0982 23.3
    endloop
  endfacet
  facet normal 0.999019 -0.0442915 0
    outer loop
      vertex 62.4272 21.0982 22.92
      vertex 62.4227 20.9967 23.3
      vertex 62.4227 20.9967 22.92
    endloop
  endfacet
  facet normal 0.999149 0.0412552 0
    outer loop
      vertex 62.4272 21.0982 23.3
      vertex 62.424 21.1757 22.92
      vertex 62.424 21.1757 23.3
    endloop
  endfacet
  facet normal 0.999149 0.0412552 0
    outer loop
      vertex 62.424 21.1757 22.92
      vertex 62.4272 21.0982 23.3
      vertex 62.4272 21.0982 22.92
    endloop
  endfacet
  facet normal 0.9913 0.131625 0
    outer loop
      vertex 62.424 21.1757 23.3
      vertex 62.4144 21.248 22.92
      vertex 62.4144 21.248 23.3
    endloop
  endfacet
  facet normal 0.9913 0.131625 0
    outer loop
      vertex 62.4144 21.248 22.92
      vertex 62.424 21.1757 23.3
      vertex 62.424 21.1757 22.92
    endloop
  endfacet
  facet normal 0.97265 0.232275 0
    outer loop
      vertex 62.4144 21.248 23.3
      vertex 62.3984 21.315 22.92
      vertex 62.3984 21.315 23.3
    endloop
  endfacet
  facet normal 0.97265 0.232275 0
    outer loop
      vertex 62.3984 21.315 22.92
      vertex 62.4144 21.248 23.3
      vertex 62.4144 21.248 22.92
    endloop
  endfacet
  facet normal 0.940148 0.340766 0
    outer loop
      vertex 62.3984 21.315 23.3
      vertex 62.376 21.3768 22.92
      vertex 62.376 21.3768 23.3
    endloop
  endfacet
  facet normal 0.940148 0.340766 0
    outer loop
      vertex 62.376 21.3768 22.92
      vertex 62.3984 21.315 23.3
      vertex 62.3984 21.315 22.92
    endloop
  endfacet
  facet normal 0.891892 0.452249 0
    outer loop
      vertex 62.376 21.3768 23.3
      vertex 62.3473 21.4334 22.92
      vertex 62.3473 21.4334 23.3
    endloop
  endfacet
  facet normal 0.891892 0.452249 0
    outer loop
      vertex 62.3473 21.4334 22.92
      vertex 62.376 21.3768 23.3
      vertex 62.376 21.3768 22.92
    endloop
  endfacet
  facet normal 0.825071 0.565029 0
    outer loop
      vertex 62.3473 21.4334 23.3
      vertex 62.3121 21.4848 22.92
      vertex 62.3121 21.4848 23.3
    endloop
  endfacet
  facet normal 0.825071 0.565029 0
    outer loop
      vertex 62.3121 21.4848 22.92
      vertex 62.3473 21.4334 23.3
      vertex 62.3473 21.4334 22.92
    endloop
  endfacet
  facet normal 0.741689 0.670744 0
    outer loop
      vertex 62.3121 21.4848 23.3
      vertex 62.2705 21.5308 22.92
      vertex 62.2705 21.5308 23.3
    endloop
  endfacet
  facet normal 0.741689 0.670744 0
    outer loop
      vertex 62.2705 21.5308 22.92
      vertex 62.3121 21.4848 23.3
      vertex 62.3121 21.4848 22.92
    endloop
  endfacet
  facet normal 0.649131 0.760676 -0
    outer loop
      vertex 62.2705 21.5308 22.92
      vertex 62.2214 21.5727 23.3
      vertex 62.2705 21.5308 23.3
    endloop
  endfacet
  facet normal 0.649131 0.760676 0
    outer loop
      vertex 62.2214 21.5727 23.3
      vertex 62.2705 21.5308 22.92
      vertex 62.2214 21.5727 22.92
    endloop
  endfacet
  facet normal 0.556685 0.830724 -0
    outer loop
      vertex 62.2214 21.5727 22.92
      vertex 62.1635 21.6115 23.3
      vertex 62.2214 21.5727 23.3
    endloop
  endfacet
  facet normal 0.556685 0.830724 0
    outer loop
      vertex 62.1635 21.6115 23.3
      vertex 62.2214 21.5727 22.92
      vertex 62.1635 21.6115 22.92
    endloop
  endfacet
  facet normal 0.469832 0.882756 -0
    outer loop
      vertex 62.1635 21.6115 22.92
      vertex 62.0968 21.647 23.3
      vertex 62.1635 21.6115 23.3
    endloop
  endfacet
  facet normal 0.469832 0.882756 0
    outer loop
      vertex 62.0968 21.647 23.3
      vertex 62.1635 21.6115 22.92
      vertex 62.0968 21.647 22.92
    endloop
  endfacet
  facet normal 0.394801 0.918766 -0
    outer loop
      vertex 62.0968 21.647 22.92
      vertex 62.0214 21.6794 23.3
      vertex 62.0968 21.647 23.3
    endloop
  endfacet
  facet normal 0.394801 0.918766 0
    outer loop
      vertex 62.0214 21.6794 23.3
      vertex 62.0968 21.647 22.92
      vertex 62.0214 21.6794 22.92
    endloop
  endfacet
  facet normal 0.32765 0.944799 -0
    outer loop
      vertex 62.0214 21.6794 22.92
      vertex 61.9372 21.7086 23.3
      vertex 62.0214 21.6794 23.3
    endloop
  endfacet
  facet normal 0.32765 0.944799 0
    outer loop
      vertex 61.9372 21.7086 23.3
      vertex 62.0214 21.6794 22.92
      vertex 61.9372 21.7086 22.92
    endloop
  endfacet
  facet normal 0.270206 0.962803 -0
    outer loop
      vertex 61.9372 21.7086 22.92
      vertex 61.8442 21.7347 23.3
      vertex 61.9372 21.7086 23.3
    endloop
  endfacet
  facet normal 0.270206 0.962803 0
    outer loop
      vertex 61.8442 21.7347 23.3
      vertex 61.9372 21.7086 22.92
      vertex 61.8442 21.7347 22.92
    endloop
  endfacet
  facet normal 0.219467 0.97562 -0
    outer loop
      vertex 61.8442 21.7347 22.92
      vertex 61.7424 21.7576 23.3
      vertex 61.8442 21.7347 23.3
    endloop
  endfacet
  facet normal 0.219467 0.97562 0
    outer loop
      vertex 61.7424 21.7576 23.3
      vertex 61.8442 21.7347 22.92
      vertex 61.7424 21.7576 22.92
    endloop
  endfacet
  facet normal 0.197118 0.98038 -0
    outer loop
      vertex 61.7424 21.7576 22.92
      vertex 61.4977 21.8068 23.3
      vertex 61.7424 21.7576 23.3
    endloop
  endfacet
  facet normal 0.197118 0.98038 0
    outer loop
      vertex 61.4977 21.8068 23.3
      vertex 61.7424 21.7576 22.92
      vertex 61.4977 21.8068 22.92
    endloop
  endfacet
  facet normal 0.217365 0.97609 -0
    outer loop
      vertex 61.4977 21.8068 22.92
      vertex 61.4501 21.8174 23.3
      vertex 61.4977 21.8068 23.3
    endloop
  endfacet
  facet normal 0.217365 0.97609 0
    outer loop
      vertex 61.4501 21.8174 23.3
      vertex 61.4977 21.8068 22.92
      vertex 61.4501 21.8174 22.92
    endloop
  endfacet
  facet normal 0.248322 0.968678 -0
    outer loop
      vertex 61.4501 21.8174 22.92
      vertex 61.4068 21.8285 23.3
      vertex 61.4501 21.8174 23.3
    endloop
  endfacet
  facet normal 0.248322 0.968678 0
    outer loop
      vertex 61.4068 21.8285 23.3
      vertex 61.4501 21.8174 22.92
      vertex 61.4068 21.8285 22.92
    endloop
  endfacet
  facet normal 0.286442 0.958098 -0
    outer loop
      vertex 61.4068 21.8285 22.92
      vertex 61.368 21.8401 23.3
      vertex 61.4068 21.8285 23.3
    endloop
  endfacet
  facet normal 0.286442 0.958098 0
    outer loop
      vertex 61.368 21.8401 23.3
      vertex 61.4068 21.8285 22.92
      vertex 61.368 21.8401 22.92
    endloop
  endfacet
  facet normal 0.336683 0.941618 -0
    outer loop
      vertex 61.368 21.8401 22.92
      vertex 61.3336 21.8524 23.3
      vertex 61.368 21.8401 23.3
    endloop
  endfacet
  facet normal 0.336683 0.941618 0
    outer loop
      vertex 61.3336 21.8524 23.3
      vertex 61.368 21.8401 22.92
      vertex 61.3336 21.8524 22.92
    endloop
  endfacet
  facet normal 0.395028 0.918669 -0
    outer loop
      vertex 61.3336 21.8524 22.92
      vertex 61.3036 21.8653 23.3
      vertex 61.3336 21.8524 23.3
    endloop
  endfacet
  facet normal 0.395028 0.918669 0
    outer loop
      vertex 61.3036 21.8653 23.3
      vertex 61.3336 21.8524 22.92
      vertex 61.3036 21.8653 22.92
    endloop
  endfacet
  facet normal 0.463748 0.885967 -0
    outer loop
      vertex 61.3036 21.8653 22.92
      vertex 61.278 21.8787 23.3
      vertex 61.3036 21.8653 23.3
    endloop
  endfacet
  facet normal 0.463748 0.885967 0
    outer loop
      vertex 61.278 21.8787 23.3
      vertex 61.3036 21.8653 22.92
      vertex 61.278 21.8787 22.92
    endloop
  endfacet
  facet normal 0.551062 0.834465 -0
    outer loop
      vertex 61.278 21.8787 22.92
      vertex 61.2568 21.8927 23.3
      vertex 61.278 21.8787 23.3
    endloop
  endfacet
  facet normal 0.551062 0.834465 0
    outer loop
      vertex 61.2568 21.8927 23.3
      vertex 61.278 21.8787 22.92
      vertex 61.2568 21.8927 22.92
    endloop
  endfacet
  facet normal 0.651146 0.758952 -0
    outer loop
      vertex 61.2568 21.8927 22.92
      vertex 61.2392 21.9078 23.3
      vertex 61.2568 21.8927 23.3
    endloop
  endfacet
  facet normal 0.651146 0.758952 0
    outer loop
      vertex 61.2392 21.9078 23.3
      vertex 61.2568 21.8927 22.92
      vertex 61.2392 21.9078 22.92
    endloop
  endfacet
  facet normal 0.746175 0.665749 0
    outer loop
      vertex 61.2392 21.9078 23.3
      vertex 61.2243 21.9245 22.92
      vertex 61.2243 21.9245 23.3
    endloop
  endfacet
  facet normal 0.746175 0.665749 0
    outer loop
      vertex 61.2243 21.9245 22.92
      vertex 61.2392 21.9078 23.3
      vertex 61.2392 21.9078 22.92
    endloop
  endfacet
  facet normal 0.83205 0.5547 0
    outer loop
      vertex 61.2243 21.9245 23.3
      vertex 61.2121 21.9428 22.92
      vertex 61.2121 21.9428 23.3
    endloop
  endfacet
  facet normal 0.83205 0.5547 0
    outer loop
      vertex 61.2121 21.9428 22.92
      vertex 61.2243 21.9245 23.3
      vertex 61.2243 21.9245 22.92
    endloop
  endfacet
  facet normal 0.903278 0.429057 0
    outer loop
      vertex 61.2121 21.9428 23.3
      vertex 61.2026 21.9628 22.92
      vertex 61.2026 21.9628 23.3
    endloop
  endfacet
  facet normal 0.903278 0.429057 0
    outer loop
      vertex 61.2026 21.9628 22.92
      vertex 61.2121 21.9428 23.3
      vertex 61.2121 21.9428 22.92
    endloop
  endfacet
  facet normal 0.954717 0.297516 0
    outer loop
      vertex 61.2026 21.9628 23.3
      vertex 61.1959 21.9843 22.92
      vertex 61.1959 21.9843 23.3
    endloop
  endfacet
  facet normal 0.954717 0.297516 0
    outer loop
      vertex 61.1959 21.9843 22.92
      vertex 61.2026 21.9628 23.3
      vertex 61.2026 21.9628 22.92
    endloop
  endfacet
  facet normal 0.984741 0.174027 0
    outer loop
      vertex 61.1959 21.9843 23.3
      vertex 61.1918 22.0075 22.92
      vertex 61.1918 22.0075 23.3
    endloop
  endfacet
  facet normal 0.984741 0.174027 0
    outer loop
      vertex 61.1918 22.0075 22.92
      vertex 61.1959 21.9843 23.3
      vertex 61.1959 21.9843 22.92
    endloop
  endfacet
  facet normal 0.99841 0.0563619 0
    outer loop
      vertex 61.1918 22.0075 23.3
      vertex 61.1904 22.0323 22.92
      vertex 61.1904 22.0323 23.3
    endloop
  endfacet
  facet normal 0.99841 0.0563619 0
    outer loop
      vertex 61.1904 22.0323 22.92
      vertex 61.1918 22.0075 23.3
      vertex 61.1918 22.0075 22.92
    endloop
  endfacet
  facet normal 0.997969 -0.0637002 0
    outer loop
      vertex 61.1904 22.0323 23.3
      vertex 61.1925 22.0652 22.92
      vertex 61.1925 22.0652 23.3
    endloop
  endfacet
  facet normal 0.997969 -0.0637002 0
    outer loop
      vertex 61.1925 22.0652 22.92
      vertex 61.1904 22.0323 23.3
      vertex 61.1904 22.0323 22.92
    endloop
  endfacet
  facet normal 0.98083 -0.194867 0
    outer loop
      vertex 61.1925 22.0652 23.3
      vertex 61.1985 22.0954 22.92
      vertex 61.1985 22.0954 23.3
    endloop
  endfacet
  facet normal 0.98083 -0.194867 0
    outer loop
      vertex 61.1985 22.0954 22.92
      vertex 61.1925 22.0652 23.3
      vertex 61.1925 22.0652 22.92
    endloop
  endfacet
  facet normal 0.940974 -0.33848 0
    outer loop
      vertex 61.1985 22.0954 23.3
      vertex 61.2085 22.1232 22.92
      vertex 61.2085 22.1232 23.3
    endloop
  endfacet
  facet normal 0.940974 -0.33848 0
    outer loop
      vertex 61.2085 22.1232 22.92
      vertex 61.1985 22.0954 23.3
      vertex 61.1985 22.0954 22.92
    endloop
  endfacet
  facet normal 0.871854 -0.489766 0
    outer loop
      vertex 61.2085 22.1232 23.3
      vertex 61.2226 22.1483 22.92
      vertex 61.2226 22.1483 23.3
    endloop
  endfacet
  facet normal 0.871854 -0.489766 0
    outer loop
      vertex 61.2226 22.1483 22.92
      vertex 61.2085 22.1232 23.3
      vertex 61.2085 22.1232 22.92
    endloop
  endfacet
  facet normal 0.781876 -0.623434 0
    outer loop
      vertex 61.2226 22.1483 23.3
      vertex 61.2407 22.171 22.92
      vertex 61.2407 22.171 23.3
    endloop
  endfacet
  facet normal 0.781876 -0.623434 0
    outer loop
      vertex 61.2407 22.171 22.92
      vertex 61.2226 22.1483 23.3
      vertex 61.2226 22.1483 22.92
    endloop
  endfacet
  facet normal 0.671001 -0.741456 0
    outer loop
      vertex 61.2407 22.171 22.92
      vertex 61.2628 22.191 23.3
      vertex 61.2407 22.171 23.3
    endloop
  endfacet
  facet normal 0.671001 -0.741456 0
    outer loop
      vertex 61.2628 22.191 23.3
      vertex 61.2407 22.171 22.92
      vertex 61.2628 22.191 22.92
    endloop
  endfacet
  facet normal 0.556901 -0.830579 0
    outer loop
      vertex 61.2628 22.191 22.92
      vertex 61.2889 22.2085 23.3
      vertex 61.2628 22.191 23.3
    endloop
  endfacet
  facet normal 0.556901 -0.830579 0
    outer loop
      vertex 61.2889 22.2085 23.3
      vertex 61.2628 22.191 22.92
      vertex 61.2889 22.2085 22.92
    endloop
  endfacet
  facet normal 0.446032 -0.895017 0
    outer loop
      vertex 61.2889 22.2085 22.92
      vertex 61.3192 22.2236 23.3
      vertex 61.2889 22.2085 23.3
    endloop
  endfacet
  facet normal 0.446032 -0.895017 0
    outer loop
      vertex 61.3192 22.2236 23.3
      vertex 61.2889 22.2085 22.92
      vertex 61.3192 22.2236 22.92
    endloop
  endfacet
  facet normal 0.343698 -0.93908 0
    outer loop
      vertex 61.3192 22.2236 22.92
      vertex 61.3539 22.2363 23.3
      vertex 61.3192 22.2236 23.3
    endloop
  endfacet
  facet normal 0.343698 -0.93908 0
    outer loop
      vertex 61.3539 22.2363 23.3
      vertex 61.3192 22.2236 22.92
      vertex 61.3539 22.2363 22.92
    endloop
  endfacet
  facet normal 0.257047 -0.966399 0
    outer loop
      vertex 61.3539 22.2363 22.92
      vertex 61.393 22.2467 23.3
      vertex 61.3539 22.2363 23.3
    endloop
  endfacet
  facet normal 0.257047 -0.966399 0
    outer loop
      vertex 61.393 22.2467 23.3
      vertex 61.3539 22.2363 22.92
      vertex 61.393 22.2467 22.92
    endloop
  endfacet
  facet normal 0.18306 -0.983102 0
    outer loop
      vertex 61.393 22.2467 22.92
      vertex 61.4365 22.2548 23.3
      vertex 61.393 22.2467 23.3
    endloop
  endfacet
  facet normal 0.18306 -0.983102 0
    outer loop
      vertex 61.4365 22.2548 23.3
      vertex 61.393 22.2467 22.92
      vertex 61.4365 22.2548 22.92
    endloop
  endfacet
  facet normal 0.120208 -0.992749 0
    outer loop
      vertex 61.4365 22.2548 22.92
      vertex 61.4844 22.2606 23.3
      vertex 61.4365 22.2548 23.3
    endloop
  endfacet
  facet normal 0.120208 -0.992749 0
    outer loop
      vertex 61.4844 22.2606 23.3
      vertex 61.4365 22.2548 22.92
      vertex 61.4844 22.2606 22.92
    endloop
  endfacet
  facet normal 0.0668996 -0.99776 0
    outer loop
      vertex 61.4844 22.2606 22.92
      vertex 61.5366 22.2641 23.3
      vertex 61.4844 22.2606 23.3
    endloop
  endfacet
  facet normal 0.0668996 -0.99776 0
    outer loop
      vertex 61.5366 22.2641 23.3
      vertex 61.4844 22.2606 22.92
      vertex 61.5366 22.2641 22.92
    endloop
  endfacet
  facet normal 0.0211967 -0.999775 0
    outer loop
      vertex 61.5366 22.2641 22.92
      vertex 61.5932 22.2653 23.3
      vertex 61.5366 22.2641 23.3
    endloop
  endfacet
  facet normal 0.0211967 -0.999775 0
    outer loop
      vertex 61.5932 22.2653 23.3
      vertex 61.5366 22.2641 22.92
      vertex 61.5932 22.2653 22.92
    endloop
  endfacet
  facet normal -0.0201301 -0.999797 0
    outer loop
      vertex 61.5932 22.2653 22.92
      vertex 61.6379 22.2644 23.3
      vertex 61.5932 22.2653 23.3
    endloop
  endfacet
  facet normal -0.0201301 -0.999797 -0
    outer loop
      vertex 61.6379 22.2644 23.3
      vertex 61.5932 22.2653 22.92
      vertex 61.6379 22.2644 22.92
    endloop
  endfacet
  facet normal -0.0569251 -0.998378 0
    outer loop
      vertex 61.6379 22.2644 22.92
      vertex 61.6835 22.2618 23.3
      vertex 61.6379 22.2644 23.3
    endloop
  endfacet
  facet normal -0.0569251 -0.998378 -0
    outer loop
      vertex 61.6835 22.2618 23.3
      vertex 61.6379 22.2644 22.92
      vertex 61.6835 22.2618 22.92
    endloop
  endfacet
  facet normal -0.0903418 -0.995911 0
    outer loop
      vertex 61.6835 22.2618 22.92
      vertex 61.7298 22.2576 23.3
      vertex 61.6835 22.2618 23.3
    endloop
  endfacet
  facet normal -0.0903418 -0.995911 -0
    outer loop
      vertex 61.7298 22.2576 23.3
      vertex 61.6835 22.2618 22.92
      vertex 61.7298 22.2576 22.92
    endloop
  endfacet
  facet normal -0.126367 -0.991984 0
    outer loop
      vertex 61.7298 22.2576 22.92
      vertex 61.7769 22.2516 23.3
      vertex 61.7298 22.2576 23.3
    endloop
  endfacet
  facet normal -0.126367 -0.991984 -0
    outer loop
      vertex 61.7769 22.2516 23.3
      vertex 61.7298 22.2576 22.92
      vertex 61.7769 22.2516 22.92
    endloop
  endfacet
  facet normal -0.158714 -0.987325 0
    outer loop
      vertex 61.7769 22.2516 22.92
      vertex 61.8248 22.2439 23.3
      vertex 61.7769 22.2516 23.3
    endloop
  endfacet
  facet normal -0.158714 -0.987325 -0
    outer loop
      vertex 61.8248 22.2439 23.3
      vertex 61.7769 22.2516 22.92
      vertex 61.8248 22.2439 22.92
    endloop
  endfacet
  facet normal -0.18952 -0.981877 0
    outer loop
      vertex 61.8248 22.2439 22.92
      vertex 61.8735 22.2345 23.3
      vertex 61.8248 22.2439 23.3
    endloop
  endfacet
  facet normal -0.18952 -0.981877 -0
    outer loop
      vertex 61.8735 22.2345 23.3
      vertex 61.8248 22.2439 22.92
      vertex 61.8735 22.2345 22.92
    endloop
  endfacet
  facet normal -0.21923 -0.975673 0
    outer loop
      vertex 61.8735 22.2345 22.92
      vertex 61.9229 22.2234 23.3
      vertex 61.8735 22.2345 23.3
    endloop
  endfacet
  facet normal -0.21923 -0.975673 -0
    outer loop
      vertex 61.9229 22.2234 23.3
      vertex 61.8735 22.2345 22.92
      vertex 61.9229 22.2234 22.92
    endloop
  endfacet
  facet normal -0.247538 -0.968878 0
    outer loop
      vertex 61.9229 22.2234 22.92
      vertex 61.973 22.2106 23.3
      vertex 61.9229 22.2234 23.3
    endloop
  endfacet
  facet normal -0.247538 -0.968878 -0
    outer loop
      vertex 61.973 22.2106 23.3
      vertex 61.9229 22.2234 22.92
      vertex 61.973 22.2106 22.92
    endloop
  endfacet
  facet normal -0.276484 -0.961019 0
    outer loop
      vertex 61.973 22.2106 22.92
      vertex 62.0234 22.1961 23.3
      vertex 61.973 22.2106 23.3
    endloop
  endfacet
  facet normal -0.276484 -0.961019 -0
    outer loop
      vertex 62.0234 22.1961 23.3
      vertex 61.973 22.2106 22.92
      vertex 62.0234 22.1961 22.92
    endloop
  endfacet
  facet normal -0.302119 -0.95327 0
    outer loop
      vertex 62.0234 22.1961 22.92
      vertex 62.0742 22.18 23.3
      vertex 62.0234 22.1961 23.3
    endloop
  endfacet
  facet normal -0.302119 -0.95327 -0
    outer loop
      vertex 62.0742 22.18 23.3
      vertex 62.0234 22.1961 22.92
      vertex 62.0742 22.18 22.92
    endloop
  endfacet
  facet normal -0.327301 -0.94492 0
    outer loop
      vertex 62.0742 22.18 22.92
      vertex 62.1253 22.1623 23.3
      vertex 62.0742 22.18 23.3
    endloop
  endfacet
  facet normal -0.327301 -0.94492 -0
    outer loop
      vertex 62.1253 22.1623 23.3
      vertex 62.0742 22.18 22.92
      vertex 62.1253 22.1623 22.92
    endloop
  endfacet
  facet normal -0.351918 -0.936031 0
    outer loop
      vertex 62.1253 22.1623 22.92
      vertex 62.1769 22.1429 23.3
      vertex 62.1253 22.1623 23.3
    endloop
  endfacet
  facet normal -0.351918 -0.936031 -0
    outer loop
      vertex 62.1769 22.1429 23.3
      vertex 62.1253 22.1623 22.92
      vertex 62.1769 22.1429 22.92
    endloop
  endfacet
  facet normal -0.37724 -0.926115 0
    outer loop
      vertex 62.1769 22.1429 22.92
      vertex 62.2287 22.1218 23.3
      vertex 62.1769 22.1429 23.3
    endloop
  endfacet
  facet normal -0.37724 -0.926115 -0
    outer loop
      vertex 62.2287 22.1218 23.3
      vertex 62.1769 22.1429 22.92
      vertex 62.2287 22.1218 22.92
    endloop
  endfacet
  facet normal -0.398149 -0.917321 0
    outer loop
      vertex 62.2287 22.1218 22.92
      vertex 62.281 22.0991 23.3
      vertex 62.2287 22.1218 23.3
    endloop
  endfacet
  facet normal -0.398149 -0.917321 -0
    outer loop
      vertex 62.281 22.0991 23.3
      vertex 62.2287 22.1218 22.92
      vertex 62.281 22.0991 22.92
    endloop
  endfacet
  facet normal 1 -0 0
    outer loop
      vertex 62.281 22.0991 23.3
      vertex 62.281 22.5715 22.92
      vertex 62.281 22.5715 23.3
    endloop
  endfacet
  facet normal 1 0 0
    outer loop
      vertex 62.281 22.5715 22.92
      vertex 62.281 22.0991 23.3
      vertex 62.281 22.0991 22.92
    endloop
  endfacet
  facet normal 0.249481 0.96838 -0
    outer loop
      vertex 62.281 22.5715 22.92
      vertex 62.222 22.5867 23.3
      vertex 62.281 22.5715 23.3
    endloop
  endfacet
  facet normal 0.249481 0.96838 0
    outer loop
      vertex 62.222 22.5867 23.3
      vertex 62.281 22.5715 22.92
      vertex 62.222 22.5867 22.92
    endloop
  endfacet
  facet normal 0.234695 0.972069 -0
    outer loop
      vertex 62.222 22.5867 22.92
      vertex 62.1636 22.6008 23.3
      vertex 62.222 22.5867 23.3
    endloop
  endfacet
  facet normal 0.234695 0.972069 0
    outer loop
      vertex 62.1636 22.6008 23.3
      vertex 62.222 22.5867 22.92
      vertex 62.1636 22.6008 22.92
    endloop
  endfacet
  facet normal 0.219071 0.975709 -0
    outer loop
      vertex 62.1636 22.6008 22.92
      vertex 62.1057 22.6138 23.3
      vertex 62.1636 22.6008 23.3
    endloop
  endfacet
  facet normal 0.219071 0.975709 0
    outer loop
      vertex 62.1057 22.6138 23.3
      vertex 62.1636 22.6008 22.92
      vertex 62.1057 22.6138 22.92
    endloop
  endfacet
  facet normal 0.201701 0.979447 -0
    outer loop
      vertex 62.1057 22.6138 22.92
      vertex 62.0484 22.6256 23.3
      vertex 62.1057 22.6138 23.3
    endloop
  endfacet
  facet normal 0.201701 0.979447 0
    outer loop
      vertex 62.0484 22.6256 23.3
      vertex 62.1057 22.6138 22.92
      vertex 62.0484 22.6256 22.92
    endloop
  endfacet
  facet normal 0.186794 0.982399 -0
    outer loop
      vertex 62.0484 22.6256 22.92
      vertex 61.9916 22.6364 23.3
      vertex 62.0484 22.6256 23.3
    endloop
  endfacet
  facet normal 0.186794 0.982399 0
    outer loop
      vertex 61.9916 22.6364 23.3
      vertex 62.0484 22.6256 22.92
      vertex 61.9916 22.6364 22.92
    endloop
  endfacet
  facet normal 0.166675 0.986012 -0
    outer loop
      vertex 61.9916 22.6364 22.92
      vertex 61.9354 22.6459 23.3
      vertex 61.9916 22.6364 23.3
    endloop
  endfacet
  facet normal 0.166675 0.986012 0
    outer loop
      vertex 61.9354 22.6459 23.3
      vertex 61.9916 22.6364 22.92
      vertex 61.9354 22.6459 22.92
    endloop
  endfacet
  facet normal 0.150857 0.988556 -0
    outer loop
      vertex 61.9354 22.6459 22.92
      vertex 61.8797 22.6544 23.3
      vertex 61.9354 22.6459 23.3
    endloop
  endfacet
  facet normal 0.150857 0.988556 0
    outer loop
      vertex 61.8797 22.6544 23.3
      vertex 61.9354 22.6459 22.92
      vertex 61.8797 22.6544 22.92
    endloop
  endfacet
  facet normal 0.131105 0.991369 -0
    outer loop
      vertex 61.8797 22.6544 22.92
      vertex 61.8245 22.6617 23.3
      vertex 61.8797 22.6544 23.3
    endloop
  endfacet
  facet normal 0.131105 0.991369 0
    outer loop
      vertex 61.8245 22.6617 23.3
      vertex 61.8797 22.6544 22.92
      vertex 61.8245 22.6617 22.92
    endloop
  endfacet
  facet normal 0.112421 0.993661 -0
    outer loop
      vertex 61.8245 22.6617 22.92
      vertex 61.7697 22.6679 23.3
      vertex 61.8245 22.6617 23.3
    endloop
  endfacet
  facet normal 0.112421 0.993661 0
    outer loop
      vertex 61.7697 22.6679 23.3
      vertex 61.8245 22.6617 22.92
      vertex 61.7697 22.6679 22.92
    endloop
  endfacet
  facet normal 0.0935111 0.995618 -0
    outer loop
      vertex 61.7697 22.6679 22.92
      vertex 61.7154 22.673 23.3
      vertex 61.7697 22.6679 23.3
    endloop
  endfacet
  facet normal 0.0935111 0.995618 0
    outer loop
      vertex 61.7154 22.673 23.3
      vertex 61.7697 22.6679 22.92
      vertex 61.7154 22.673 22.92
    endloop
  endfacet
  facet normal 0.0738717 0.997268 -0
    outer loop
      vertex 61.7154 22.673 22.92
      vertex 61.6614 22.677 23.3
      vertex 61.7154 22.673 23.3
    endloop
  endfacet
  facet normal 0.0738717 0.997268 0
    outer loop
      vertex 61.6614 22.677 23.3
      vertex 61.7154 22.673 22.92
      vertex 61.6614 22.677 22.92
    endloop
  endfacet
  facet normal 0.0522649 0.998633 -0
    outer loop
      vertex 61.6614 22.677 22.92
      vertex 61.6079 22.6798 23.3
      vertex 61.6614 22.677 23.3
    endloop
  endfacet
  facet normal 0.0522649 0.998633 0
    outer loop
      vertex 61.6079 22.6798 23.3
      vertex 61.6614 22.677 22.92
      vertex 61.6079 22.6798 22.92
    endloop
  endfacet
  facet normal 0.032059 0.999486 -0
    outer loop
      vertex 61.6079 22.6798 22.92
      vertex 61.5549 22.6815 23.3
      vertex 61.6079 22.6798 23.3
    endloop
  endfacet
  facet normal 0.032059 0.999486 0
    outer loop
      vertex 61.5549 22.6815 23.3
      vertex 61.6079 22.6798 22.92
      vertex 61.5549 22.6815 22.92
    endloop
  endfacet
  facet normal 0.00950527 0.999955 -0
    outer loop
      vertex 61.5549 22.6815 22.92
      vertex 61.5023 22.682 23.3
      vertex 61.5549 22.6815 23.3
    endloop
  endfacet
  facet normal 0.00950527 0.999955 0
    outer loop
      vertex 61.5023 22.682 23.3
      vertex 61.5549 22.6815 22.92
      vertex 61.5023 22.682 22.92
    endloop
  endfacet
  facet normal -0.0323281 0.999477 0
    outer loop
      vertex 61.5023 22.682 22.92
      vertex 61.391 22.6784 23.3
      vertex 61.5023 22.682 23.3
    endloop
  endfacet
  facet normal -0.0323281 0.999477 0
    outer loop
      vertex 61.391 22.6784 23.3
      vertex 61.5023 22.682 22.92
      vertex 61.391 22.6784 22.92
    endloop
  endfacet
  facet normal -0.105584 0.99441 0
    outer loop
      vertex 61.391 22.6784 22.92
      vertex 61.2874 22.6674 23.3
      vertex 61.391 22.6784 23.3
    endloop
  endfacet
  facet normal -0.105584 0.99441 0
    outer loop
      vertex 61.2874 22.6674 23.3
      vertex 61.391 22.6784 22.92
      vertex 61.2874 22.6674 22.92
    endloop
  endfacet
  facet normal -0.187442 0.982276 0
    outer loop
      vertex 61.2874 22.6674 22.92
      vertex 61.1915 22.6491 23.3
      vertex 61.2874 22.6674 23.3
    endloop
  endfacet
  facet normal -0.187442 0.982276 0
    outer loop
      vertex 61.1915 22.6491 23.3
      vertex 61.2874 22.6674 22.92
      vertex 61.1915 22.6491 22.92
    endloop
  endfacet
  facet normal -0.278745 0.960365 0
    outer loop
      vertex 61.1915 22.6491 22.92
      vertex 61.1033 22.6235 23.3
      vertex 61.1915 22.6491 23.3
    endloop
  endfacet
  facet normal -0.278745 0.960365 0
    outer loop
      vertex 61.1033 22.6235 23.3
      vertex 61.1915 22.6491 22.92
      vertex 61.1033 22.6235 22.92
    endloop
  endfacet
  facet normal -0.377917 0.925839 0
    outer loop
      vertex 61.1033 22.6235 22.92
      vertex 61.0227 22.5906 23.3
      vertex 61.1033 22.6235 23.3
    endloop
  endfacet
  facet normal -0.377917 0.925839 0
    outer loop
      vertex 61.0227 22.5906 23.3
      vertex 61.1033 22.6235 22.92
      vertex 61.0227 22.5906 22.92
    endloop
  endfacet
  facet normal -0.482887 0.875683 0
    outer loop
      vertex 61.0227 22.5906 22.92
      vertex 60.9498 22.5504 23.3
      vertex 61.0227 22.5906 23.3
    endloop
  endfacet
  facet normal -0.482887 0.875683 0
    outer loop
      vertex 60.9498 22.5504 23.3
      vertex 61.0227 22.5906 22.92
      vertex 60.9498 22.5504 22.92
    endloop
  endfacet
  facet normal -0.588835 0.808253 0
    outer loop
      vertex 60.9498 22.5504 22.92
      vertex 60.8846 22.5029 23.3
      vertex 60.9498 22.5504 23.3
    endloop
  endfacet
  facet normal -0.588835 0.808253 0
    outer loop
      vertex 60.8846 22.5029 23.3
      vertex 60.9498 22.5504 22.92
      vertex 60.8846 22.5029 22.92
    endloop
  endfacet
  facet normal -0.68975 0.724047 0
    outer loop
      vertex 60.8846 22.5029 22.92
      vertex 60.8276 22.4486 23.3
      vertex 60.8846 22.5029 23.3
    endloop
  endfacet
  facet normal -0.68975 0.724047 0
    outer loop
      vertex 60.8276 22.4486 23.3
      vertex 60.8846 22.5029 22.92
      vertex 60.8276 22.4486 22.92
    endloop
  endfacet
  facet normal -0.78263 0.622488 0
    outer loop
      vertex 60.7794 22.388 22.92
      vertex 60.8276 22.4486 23.3
      vertex 60.8276 22.4486 22.92
    endloop
  endfacet
  facet normal -0.78263 0.622488 0
    outer loop
      vertex 60.8276 22.4486 23.3
      vertex 60.7794 22.388 22.92
      vertex 60.7794 22.388 23.3
    endloop
  endfacet
  facet normal -0.861106 0.508426 0
    outer loop
      vertex 60.7399 22.3211 22.92
      vertex 60.7794 22.388 23.3
      vertex 60.7794 22.388 22.92
    endloop
  endfacet
  facet normal -0.861106 0.508426 0
    outer loop
      vertex 60.7794 22.388 23.3
      vertex 60.7399 22.3211 22.92
      vertex 60.7399 22.3211 23.3
    endloop
  endfacet
  facet normal -0.921991 0.387211 0
    outer loop
      vertex 60.7092 22.248 22.92
      vertex 60.7399 22.3211 23.3
      vertex 60.7399 22.3211 22.92
    endloop
  endfacet
  facet normal -0.921991 0.387211 0
    outer loop
      vertex 60.7399 22.3211 23.3
      vertex 60.7092 22.248 22.92
      vertex 60.7092 22.248 23.3
    endloop
  endfacet
  facet normal -0.964089 0.265579 0
    outer loop
      vertex 60.6873 22.1685 22.92
      vertex 60.7092 22.248 23.3
      vertex 60.7092 22.248 22.92
    endloop
  endfacet
  facet normal -0.964089 0.265579 0
    outer loop
      vertex 60.7092 22.248 23.3
      vertex 60.6873 22.1685 22.92
      vertex 60.6873 22.1685 23.3
    endloop
  endfacet
  facet normal -0.988318 0.152404 0
    outer loop
      vertex 60.6741 22.0829 22.92
      vertex 60.6873 22.1685 23.3
      vertex 60.6873 22.1685 22.92
    endloop
  endfacet
  facet normal -0.988318 0.152404 0
    outer loop
      vertex 60.6873 22.1685 23.3
      vertex 60.6741 22.0829 22.92
      vertex 60.6741 22.0829 23.3
    endloop
  endfacet
  facet normal -0.99891 0.0466882 0
    outer loop
      vertex 60.6698 21.9909 22.92
      vertex 60.6741 22.0829 23.3
      vertex 60.6741 22.0829 22.92
    endloop
  endfacet
  facet normal -0.99891 0.0466882 0
    outer loop
      vertex 60.6741 22.0829 23.3
      vertex 60.6698 21.9909 22.92
      vertex 60.6698 21.9909 23.3
    endloop
  endfacet
  facet normal -0.999117 -0.0420253 0
    outer loop
      vertex 60.6729 21.9172 22.92
      vertex 60.6698 21.9909 23.3
      vertex 60.6698 21.9909 22.92
    endloop
  endfacet
  facet normal -0.999117 -0.0420253 0
    outer loop
      vertex 60.6698 21.9909 23.3
      vertex 60.6729 21.9172 22.92
      vertex 60.6729 21.9172 23.3
    endloop
  endfacet
  facet normal -0.990734 -0.135815 0
    outer loop
      vertex 60.6824 21.8479 22.92
      vertex 60.6729 21.9172 23.3
      vertex 60.6729 21.9172 22.92
    endloop
  endfacet
  facet normal -0.990734 -0.135815 0
    outer loop
      vertex 60.6729 21.9172 23.3
      vertex 60.6824 21.8479 22.92
      vertex 60.6824 21.8479 23.3
    endloop
  endfacet
  facet normal -0.971798 -0.235815 0
    outer loop
      vertex 60.6981 21.7832 22.92
      vertex 60.6824 21.8479 23.3
      vertex 60.6824 21.8479 22.92
    endloop
  endfacet
  facet normal -0.971798 -0.235815 0
    outer loop
      vertex 60.6824 21.8479 23.3
      vertex 60.6981 21.7832 22.92
      vertex 60.6981 21.7832 23.3
    endloop
  endfacet
  facet normal -0.939111 -0.343615 0
    outer loop
      vertex 60.7202 21.7228 22.92
      vertex 60.6981 21.7832 23.3
      vertex 60.6981 21.7832 22.92
    endloop
  endfacet
  facet normal -0.939111 -0.343615 0
    outer loop
      vertex 60.6981 21.7832 23.3
      vertex 60.7202 21.7228 22.92
      vertex 60.7202 21.7228 23.3
    endloop
  endfacet
  facet normal -0.892182 -0.451677 0
    outer loop
      vertex 60.7485 21.6669 22.92
      vertex 60.7202 21.7228 23.3
      vertex 60.7202 21.7228 22.92
    endloop
  endfacet
  facet normal -0.892182 -0.451677 0
    outer loop
      vertex 60.7202 21.7228 23.3
      vertex 60.7485 21.6669 22.92
      vertex 60.7485 21.6669 23.3
    endloop
  endfacet
  facet normal -0.829315 -0.558781 0
    outer loop
      vertex 60.7832 21.6154 22.92
      vertex 60.7485 21.6669 23.3
      vertex 60.7485 21.6669 22.92
    endloop
  endfacet
  facet normal -0.829315 -0.558781 0
    outer loop
      vertex 60.7485 21.6669 23.3
      vertex 60.7832 21.6154 22.92
      vertex 60.7832 21.6154 23.3
    endloop
  endfacet
  facet normal -0.753569 -0.657369 0
    outer loop
      vertex 60.8242 21.5684 22.92
      vertex 60.7832 21.6154 23.3
      vertex 60.7832 21.6154 22.92
    endloop
  endfacet
  facet normal -0.753569 -0.657369 0
    outer loop
      vertex 60.7832 21.6154 23.3
      vertex 60.8242 21.5684 22.92
      vertex 60.8242 21.5684 23.3
    endloop
  endfacet
  facet normal -0.668793 -0.743449 0
    outer loop
      vertex 60.8242 21.5684 22.92
      vertex 60.872 21.5254 23.3
      vertex 60.8242 21.5684 23.3
    endloop
  endfacet
  facet normal -0.668793 -0.743449 -0
    outer loop
      vertex 60.872 21.5254 23.3
      vertex 60.8242 21.5684 22.92
      vertex 60.872 21.5254 22.92
    endloop
  endfacet
  facet normal -0.583606 -0.812037 0
    outer loop
      vertex 60.872 21.5254 22.92
      vertex 60.9271 21.4858 23.3
      vertex 60.872 21.5254 23.3
    endloop
  endfacet
  facet normal -0.583606 -0.812037 -0
    outer loop
      vertex 60.9271 21.4858 23.3
      vertex 60.872 21.5254 22.92
      vertex 60.9271 21.4858 22.92
    endloop
  endfacet
  facet normal -0.500162 -0.865932 0
    outer loop
      vertex 60.9271 21.4858 22.92
      vertex 60.9896 21.4497 23.3
      vertex 60.9271 21.4858 23.3
    endloop
  endfacet
  facet normal -0.500162 -0.865932 -0
    outer loop
      vertex 60.9896 21.4497 23.3
      vertex 60.9271 21.4858 22.92
      vertex 60.9896 21.4497 22.92
    endloop
  endfacet
  facet normal -0.42317 -0.90605 0
    outer loop
      vertex 60.9896 21.4497 22.92
      vertex 61.0594 21.4171 23.3
      vertex 60.9896 21.4497 23.3
    endloop
  endfacet
  facet normal -0.42317 -0.90605 -0
    outer loop
      vertex 61.0594 21.4171 23.3
      vertex 60.9896 21.4497 22.92
      vertex 61.0594 21.4171 22.92
    endloop
  endfacet
  facet normal -0.353117 -0.935579 0
    outer loop
      vertex 61.0594 21.4171 22.92
      vertex 61.1365 21.388 23.3
      vertex 61.0594 21.4171 23.3
    endloop
  endfacet
  facet normal -0.353117 -0.935579 -0
    outer loop
      vertex 61.1365 21.388 23.3
      vertex 61.0594 21.4171 22.92
      vertex 61.1365 21.388 22.92
    endloop
  endfacet
  facet normal -0.290981 -0.956729 0
    outer loop
      vertex 61.1365 21.388 22.92
      vertex 61.221 21.3623 23.3
      vertex 61.1365 21.388 23.3
    endloop
  endfacet
  facet normal -0.290981 -0.956729 -0
    outer loop
      vertex 61.221 21.3623 23.3
      vertex 61.1365 21.388 22.92
      vertex 61.221 21.3623 22.92
    endloop
  endfacet
  facet normal -0.235055 -0.971982 0
    outer loop
      vertex 61.221 21.3623 22.92
      vertex 61.3128 21.3401 23.3
      vertex 61.221 21.3623 23.3
    endloop
  endfacet
  facet normal -0.235055 -0.971982 -0
    outer loop
      vertex 61.3128 21.3401 23.3
      vertex 61.221 21.3623 22.92
      vertex 61.3128 21.3401 22.92
    endloop
  endfacet
  facet normal -0.216512 -0.97628 0
    outer loop
      vertex 61.3128 21.3401 22.92
      vertex 61.5351 21.2908 23.3
      vertex 61.3128 21.3401 23.3
    endloop
  endfacet
  facet normal -0.216512 -0.97628 -0
    outer loop
      vertex 61.5351 21.2908 23.3
      vertex 61.3128 21.3401 22.92
      vertex 61.5351 21.2908 22.92
    endloop
  endfacet
  facet normal -0.229236 -0.973371 0
    outer loop
      vertex 61.5351 21.2908 22.92
      vertex 61.5903 21.2778 23.3
      vertex 61.5351 21.2908 23.3
    endloop
  endfacet
  facet normal -0.229236 -0.973371 -0
    outer loop
      vertex 61.5903 21.2778 23.3
      vertex 61.5351 21.2908 22.92
      vertex 61.5903 21.2778 22.92
    endloop
  endfacet
  facet normal -0.262131 -0.965032 0
    outer loop
      vertex 61.5903 21.2778 22.92
      vertex 61.64 21.2643 23.3
      vertex 61.5903 21.2778 23.3
    endloop
  endfacet
  facet normal -0.262131 -0.965032 -0
    outer loop
      vertex 61.64 21.2643 23.3
      vertex 61.5903 21.2778 22.92
      vertex 61.64 21.2643 22.92
    endloop
  endfacet
  facet normal -0.301957 -0.953322 0
    outer loop
      vertex 61.64 21.2643 22.92
      vertex 61.6842 21.2503 23.3
      vertex 61.64 21.2643 23.3
    endloop
  endfacet
  facet normal -0.301957 -0.953322 -0
    outer loop
      vertex 61.6842 21.2503 23.3
      vertex 61.64 21.2643 22.92
      vertex 61.6842 21.2503 22.92
    endloop
  endfacet
  facet normal -0.351655 -0.93613 0
    outer loop
      vertex 61.6842 21.2503 22.92
      vertex 61.7228 21.2358 23.3
      vertex 61.6842 21.2503 23.3
    endloop
  endfacet
  facet normal -0.351655 -0.93613 -0
    outer loop
      vertex 61.7228 21.2358 23.3
      vertex 61.6842 21.2503 22.92
      vertex 61.7228 21.2358 22.92
    endloop
  endfacet
  facet normal -0.40945 -0.912332 0
    outer loop
      vertex 61.7228 21.2358 22.92
      vertex 61.756 21.2209 23.3
      vertex 61.7228 21.2358 23.3
    endloop
  endfacet
  facet normal -0.40945 -0.912332 -0
    outer loop
      vertex 61.756 21.2209 23.3
      vertex 61.7228 21.2358 22.92
      vertex 61.756 21.2209 22.92
    endloop
  endfacet
  facet normal -0.488316 -0.872667 0
    outer loop
      vertex 61.756 21.2209 22.92
      vertex 61.7837 21.2054 23.3
      vertex 61.756 21.2209 23.3
    endloop
  endfacet
  facet normal -0.488316 -0.872667 -0
    outer loop
      vertex 61.7837 21.2054 23.3
      vertex 61.756 21.2209 22.92
      vertex 61.7837 21.2054 22.92
    endloop
  endfacet
  facet normal -0.584014 -0.811743 0
    outer loop
      vertex 61.7837 21.2054 22.92
      vertex 61.8058 21.1895 23.3
      vertex 61.7837 21.2054 23.3
    endloop
  endfacet
  facet normal -0.584014 -0.811743 -0
    outer loop
      vertex 61.8058 21.1895 23.3
      vertex 61.7837 21.2054 22.92
      vertex 61.8058 21.1895 22.92
    endloop
  endfacet
  facet normal -0.690858 -0.722991 0
    outer loop
      vertex 61.8058 21.1895 22.92
      vertex 61.8238 21.1723 23.3
      vertex 61.8058 21.1895 23.3
    endloop
  endfacet
  facet normal -0.690858 -0.722991 -0
    outer loop
      vertex 61.8238 21.1723 23.3
      vertex 61.8058 21.1895 22.92
      vertex 61.8238 21.1723 22.92
    endloop
  endfacet
  facet normal -0.78047 -0.625193 0
    outer loop
      vertex 61.8391 21.1532 22.92
      vertex 61.8238 21.1723 23.3
      vertex 61.8238 21.1723 22.92
    endloop
  endfacet
  facet normal -0.78047 -0.625193 0
    outer loop
      vertex 61.8238 21.1723 23.3
      vertex 61.8391 21.1532 22.92
      vertex 61.8391 21.1532 23.3
    endloop
  endfacet
  facet normal -0.862144 -0.506663 0
    outer loop
      vertex 61.8515 21.1321 22.92
      vertex 61.8391 21.1532 23.3
      vertex 61.8391 21.1532 22.92
    endloop
  endfacet
  facet normal -0.862144 -0.506663 0
    outer loop
      vertex 61.8391 21.1532 23.3
      vertex 61.8515 21.1321 22.92
      vertex 61.8515 21.1321 23.3
    endloop
  endfacet
  facet normal -0.921409 -0.388594 0
    outer loop
      vertex 61.8612 21.1091 22.92
      vertex 61.8515 21.1321 23.3
      vertex 61.8515 21.1321 22.92
    endloop
  endfacet
  facet normal -0.921409 -0.388594 0
    outer loop
      vertex 61.8515 21.1321 23.3
      vertex 61.8612 21.1091 22.92
      vertex 61.8612 21.1091 23.3
    endloop
  endfacet
  facet normal -0.962682 -0.270634 0
    outer loop
      vertex 61.8682 21.0842 22.92
      vertex 61.8612 21.1091 23.3
      vertex 61.8612 21.1091 22.92
    endloop
  endfacet
  facet normal -0.962682 -0.270634 0
    outer loop
      vertex 61.8612 21.1091 23.3
      vertex 61.8682 21.0842 22.92
      vertex 61.8682 21.0842 23.3
    endloop
  endfacet
  facet normal -0.988583 -0.150676 0
    outer loop
      vertex 61.8723 21.0573 22.92
      vertex 61.8682 21.0842 23.3
      vertex 61.8682 21.0842 22.92
    endloop
  endfacet
  facet normal -0.988583 -0.150676 0
    outer loop
      vertex 61.8682 21.0842 23.3
      vertex 61.8723 21.0573 22.92
      vertex 61.8723 21.0573 23.3
    endloop
  endfacet
  facet normal -0.998829 -0.0483862 0
    outer loop
      vertex 61.8737 21.0284 22.92
      vertex 61.8723 21.0573 23.3
      vertex 61.8723 21.0573 22.92
    endloop
  endfacet
  facet normal -0.998829 -0.0483862 0
    outer loop
      vertex 61.8723 21.0573 23.3
      vertex 61.8737 21.0284 22.92
      vertex 61.8737 21.0284 23.3
    endloop
  endfacet
  facet normal -0.998065 0.0621847 0
    outer loop
      vertex 61.8717 20.9963 22.92
      vertex 61.8737 21.0284 23.3
      vertex 61.8737 21.0284 22.92
    endloop
  endfacet
  facet normal -0.998065 0.0621847 0
    outer loop
      vertex 61.8737 21.0284 23.3
      vertex 61.8717 20.9963 22.92
      vertex 61.8717 20.9963 23.3
    endloop
  endfacet
  facet normal -0.979171 0.203039 0
    outer loop
      vertex 61.8655 20.9664 22.92
      vertex 61.8717 20.9963 23.3
      vertex 61.8717 20.9963 22.92
    endloop
  endfacet
  facet normal -0.979171 0.203039 0
    outer loop
      vertex 61.8717 20.9963 23.3
      vertex 61.8655 20.9664 22.92
      vertex 61.8655 20.9664 23.3
    endloop
  endfacet
  facet normal -0.938804 0.344453 0
    outer loop
      vertex 61.8553 20.9386 22.92
      vertex 61.8655 20.9664 23.3
      vertex 61.8655 20.9664 22.92
    endloop
  endfacet
  facet normal -0.938804 0.344453 0
    outer loop
      vertex 61.8655 20.9664 23.3
      vertex 61.8553 20.9386 22.92
      vertex 61.8553 20.9386 23.3
    endloop
  endfacet
  facet normal -0.874479 0.485063 0
    outer loop
      vertex 61.8411 20.913 22.92
      vertex 61.8553 20.9386 23.3
      vertex 61.8553 20.9386 22.92
    endloop
  endfacet
  facet normal -0.874479 0.485063 0
    outer loop
      vertex 61.8553 20.9386 23.3
      vertex 61.8411 20.913 22.92
      vertex 61.8411 20.913 23.3
    endloop
  endfacet
  facet normal -0.784797 0.619753 0
    outer loop
      vertex 61.8227 20.8897 22.92
      vertex 61.8411 20.913 23.3
      vertex 61.8411 20.913 22.92
    endloop
  endfacet
  facet normal -0.784797 0.619753 0
    outer loop
      vertex 61.8411 20.913 23.3
      vertex 61.8227 20.8897 22.92
      vertex 61.8227 20.8897 23.3
    endloop
  endfacet
  facet normal -0.687385 0.726293 0
    outer loop
      vertex 61.8227 20.8897 22.92
      vertex 61.8003 20.8685 23.3
      vertex 61.8227 20.8897 23.3
    endloop
  endfacet
  facet normal -0.687385 0.726293 0
    outer loop
      vertex 61.8003 20.8685 23.3
      vertex 61.8227 20.8897 22.92
      vertex 61.8003 20.8685 22.92
    endloop
  endfacet
  facet normal -0.581238 0.813733 0
    outer loop
      vertex 61.8003 20.8685 22.92
      vertex 61.7737 20.8495 23.3
      vertex 61.8003 20.8685 23.3
    endloop
  endfacet
  facet normal -0.581238 0.813733 0
    outer loop
      vertex 61.7737 20.8495 23.3
      vertex 61.8003 20.8685 22.92
      vertex 61.7737 20.8495 22.92
    endloop
  endfacet
  facet normal -0.480474 0.877009 0
    outer loop
      vertex 61.7737 20.8495 22.92
      vertex 61.7434 20.8329 23.3
      vertex 61.7737 20.8495 23.3
    endloop
  endfacet
  facet normal -0.480474 0.877009 0
    outer loop
      vertex 61.7434 20.8329 23.3
      vertex 61.7737 20.8495 22.92
      vertex 61.7434 20.8329 22.92
    endloop
  endfacet
  facet normal -0.383072 0.923719 0
    outer loop
      vertex 61.7434 20.8329 22.92
      vertex 61.7094 20.8188 23.3
      vertex 61.7434 20.8329 23.3
    endloop
  endfacet
  facet normal -0.383072 0.923719 0
    outer loop
      vertex 61.7094 20.8188 23.3
      vertex 61.7434 20.8329 22.92
      vertex 61.7094 20.8188 22.92
    endloop
  endfacet
  facet normal -0.29319 0.956054 0
    outer loop
      vertex 61.7094 20.8188 22.92
      vertex 61.6719 20.8073 23.3
      vertex 61.7094 20.8188 23.3
    endloop
  endfacet
  facet normal -0.29319 0.956054 0
    outer loop
      vertex 61.6719 20.8073 23.3
      vertex 61.7094 20.8188 22.92
      vertex 61.6719 20.8073 22.92
    endloop
  endfacet
  facet normal -0.21164 0.977348 0
    outer loop
      vertex 61.6719 20.8073 22.92
      vertex 61.6308 20.7984 23.3
      vertex 61.6719 20.8073 23.3
    endloop
  endfacet
  facet normal -0.21164 0.977348 0
    outer loop
      vertex 61.6308 20.7984 23.3
      vertex 61.6719 20.8073 22.92
      vertex 61.6308 20.7984 22.92
    endloop
  endfacet
  facet normal -0.141421 0.989949 0
    outer loop
      vertex 61.6308 20.7984 22.92
      vertex 61.586 20.792 23.3
      vertex 61.6308 20.7984 23.3
    endloop
  endfacet
  facet normal -0.141421 0.989949 0
    outer loop
      vertex 61.586 20.792 23.3
      vertex 61.6308 20.7984 22.92
      vertex 61.586 20.792 22.92
    endloop
  endfacet
  facet normal -0.0784326 0.996919 0
    outer loop
      vertex 61.586 20.792 22.92
      vertex 61.5377 20.7882 23.3
      vertex 61.586 20.792 23.3
    endloop
  endfacet
  facet normal -0.0784326 0.996919 0
    outer loop
      vertex 61.5377 20.7882 23.3
      vertex 61.586 20.792 22.92
      vertex 61.5377 20.7882 22.92
    endloop
  endfacet
  facet normal -0.0250403 0.999686 0
    outer loop
      vertex 61.5377 20.7882 22.92
      vertex 61.4858 20.7869 23.3
      vertex 61.5377 20.7882 23.3
    endloop
  endfacet
  facet normal -0.0250403 0.999686 0
    outer loop
      vertex 61.4858 20.7869 23.3
      vertex 61.5377 20.7882 22.92
      vertex 61.4858 20.7869 22.92
    endloop
  endfacet
  facet normal 0.0225931 0.999745 -0
    outer loop
      vertex 61.4858 20.7869 22.92
      vertex 61.4327 20.7881 23.3
      vertex 61.4858 20.7869 23.3
    endloop
  endfacet
  facet normal 0.0225931 0.999745 0
    outer loop
      vertex 61.4327 20.7881 23.3
      vertex 61.4858 20.7869 22.92
      vertex 61.4327 20.7881 22.92
    endloop
  endfacet
  facet normal 0.0650389 0.997883 -0
    outer loop
      vertex 61.4327 20.7881 22.92
      vertex 61.379 20.7916 23.3
      vertex 61.4327 20.7881 23.3
    endloop
  endfacet
  facet normal 0.0650389 0.997883 0
    outer loop
      vertex 61.379 20.7916 23.3
      vertex 61.4327 20.7881 22.92
      vertex 61.379 20.7916 22.92
    endloop
  endfacet
  facet normal 0.10621 0.994344 -0
    outer loop
      vertex 61.379 20.7916 22.92
      vertex 61.3247 20.7974 23.3
      vertex 61.379 20.7916 23.3
    endloop
  endfacet
  facet normal 0.10621 0.994344 0
    outer loop
      vertex 61.3247 20.7974 23.3
      vertex 61.379 20.7916 22.92
      vertex 61.3247 20.7974 22.92
    endloop
  endfacet
  facet normal 0.147724 0.989029 -0
    outer loop
      vertex 61.3247 20.7974 22.92
      vertex 61.2698 20.8056 23.3
      vertex 61.3247 20.7974 23.3
    endloop
  endfacet
  facet normal 0.147724 0.989029 0
    outer loop
      vertex 61.2698 20.8056 23.3
      vertex 61.3247 20.7974 22.92
      vertex 61.2698 20.8056 22.92
    endloop
  endfacet
  facet normal 0.1876 0.982246 -0
    outer loop
      vertex 61.2698 20.8056 22.92
      vertex 61.2143 20.8162 23.3
      vertex 61.2698 20.8056 23.3
    endloop
  endfacet
  facet normal 0.1876 0.982246 0
    outer loop
      vertex 61.2143 20.8162 23.3
      vertex 61.2698 20.8056 22.92
      vertex 61.2143 20.8162 22.92
    endloop
  endfacet
  facet normal 0.222825 0.974859 -0
    outer loop
      vertex 61.2143 20.8162 22.92
      vertex 61.1583 20.829 23.3
      vertex 61.2143 20.8162 23.3
    endloop
  endfacet
  facet normal 0.222825 0.974859 0
    outer loop
      vertex 61.1583 20.829 23.3
      vertex 61.2143 20.8162 22.92
      vertex 61.1583 20.829 22.92
    endloop
  endfacet
  facet normal 0.260952 0.965352 -0
    outer loop
      vertex 61.1583 20.829 22.92
      vertex 61.1017 20.8443 23.3
      vertex 61.1583 20.829 23.3
    endloop
  endfacet
  facet normal 0.260952 0.965352 0
    outer loop
      vertex 61.1017 20.8443 23.3
      vertex 61.1583 20.829 22.92
      vertex 61.1017 20.8443 22.92
    endloop
  endfacet
  facet normal 0.292558 0.956248 -0
    outer loop
      vertex 61.1017 20.8443 22.92
      vertex 61.0445 20.8618 23.3
      vertex 61.1017 20.8443 23.3
    endloop
  endfacet
  facet normal 0.292558 0.956248 0
    outer loop
      vertex 61.0445 20.8618 23.3
      vertex 61.1017 20.8443 22.92
      vertex 61.0445 20.8618 22.92
    endloop
  endfacet
  facet normal 0.324073 0.946032 -0
    outer loop
      vertex 61.0445 20.8618 22.92
      vertex 60.9867 20.8816 23.3
      vertex 61.0445 20.8618 23.3
    endloop
  endfacet
  facet normal 0.324073 0.946032 0
    outer loop
      vertex 60.9867 20.8816 23.3
      vertex 61.0445 20.8618 22.92
      vertex 60.9867 20.8816 22.92
    endloop
  endfacet
  facet normal 0.354461 0.935071 -0
    outer loop
      vertex 60.9867 20.8816 22.92
      vertex 60.9284 20.9037 23.3
      vertex 60.9867 20.8816 23.3
    endloop
  endfacet
  facet normal 0.354461 0.935071 0
    outer loop
      vertex 60.9284 20.9037 23.3
      vertex 60.9867 20.8816 22.92
      vertex 60.9284 20.9037 22.92
    endloop
  endfacet
  facet normal 0.382167 0.924093 -0
    outer loop
      vertex 60.9284 20.9037 22.92
      vertex 60.8694 20.9281 23.3
      vertex 60.9284 20.9037 23.3
    endloop
  endfacet
  facet normal 0.382167 0.924093 0
    outer loop
      vertex 60.8694 20.9281 23.3
      vertex 60.9284 20.9037 22.92
      vertex 60.8694 20.9281 22.92
    endloop
  endfacet
  facet normal 0.409408 0.912351 -0
    outer loop
      vertex 60.8694 20.9281 22.92
      vertex 60.8099 20.9548 23.3
      vertex 60.8694 20.9281 23.3
    endloop
  endfacet
  facet normal 0.409408 0.912351 0
    outer loop
      vertex 60.8099 20.9548 23.3
      vertex 60.8694 20.9281 22.92
      vertex 60.8099 20.9548 22.92
    endloop
  endfacet
  facet normal 0.433365 0.901219 -0
    outer loop
      vertex 60.8099 20.9548 22.92
      vertex 60.7498 20.9837 23.3
      vertex 60.8099 20.9548 23.3
    endloop
  endfacet
  facet normal 0.433365 0.901219 0
    outer loop
      vertex 60.7498 20.9837 23.3
      vertex 60.8099 20.9548 22.92
      vertex 60.7498 20.9837 22.92
    endloop
  endfacet
  facet normal 0.458904 0.888486 -0
    outer loop
      vertex 60.7498 20.9837 22.92
      vertex 60.6892 21.015 23.3
      vertex 60.7498 20.9837 23.3
    endloop
  endfacet
  facet normal 0.458904 0.888486 0
    outer loop
      vertex 60.6892 21.015 23.3
      vertex 60.7498 20.9837 22.92
      vertex 60.6892 21.015 22.92
    endloop
  endfacet
  facet normal -1 0 0
    outer loop
      vertex 60.6892 20.5299 22.92
      vertex 60.6892 21.015 23.3
      vertex 60.6892 21.015 22.92
    endloop
  endfacet
  facet normal -1 -0 0
    outer loop
      vertex 60.6892 21.015 23.3
      vertex 60.6892 20.5299 22.92
      vertex 60.6892 20.5299 23.3
    endloop
  endfacet
  facet normal -0.337022 -0.941497 0
    outer loop
      vertex 60.6892 20.5299 22.92
      vertex 60.7501 20.5081 23.3
      vertex 60.6892 20.5299 23.3
    endloop
  endfacet
  facet normal -0.337022 -0.941497 -0
    outer loop
      vertex 60.7501 20.5081 23.3
      vertex 60.6892 20.5299 22.92
      vertex 60.7501 20.5081 22.92
    endloop
  endfacet
  facet normal -0.31436 -0.949304 0
    outer loop
      vertex 60.7501 20.5081 22.92
      vertex 60.8111 20.4879 23.3
      vertex 60.7501 20.5081 23.3
    endloop
  endfacet
  facet normal -0.31436 -0.949304 -0
    outer loop
      vertex 60.8111 20.4879 23.3
      vertex 60.7501 20.5081 22.92
      vertex 60.8111 20.4879 22.92
    endloop
  endfacet
  facet normal -0.293534 -0.955949 0
    outer loop
      vertex 60.8111 20.4879 22.92
      vertex 60.872 20.4692 23.3
      vertex 60.8111 20.4879 23.3
    endloop
  endfacet
  facet normal -0.293534 -0.955949 -0
    outer loop
      vertex 60.872 20.4692 23.3
      vertex 60.8111 20.4879 22.92
      vertex 60.872 20.4692 22.92
    endloop
  endfacet
  facet normal -0.269923 -0.962882 0
    outer loop
      vertex 60.872 20.4692 22.92
      vertex 60.933 20.4521 23.3
      vertex 60.872 20.4692 23.3
    endloop
  endfacet
  facet normal -0.269923 -0.962882 -0
    outer loop
      vertex 60.933 20.4521 23.3
      vertex 60.872 20.4692 22.92
      vertex 60.933 20.4521 22.92
    endloop
  endfacet
  facet normal -0.246652 -0.969104 0
    outer loop
      vertex 60.933 20.4521 22.92
      vertex 60.9939 20.4366 23.3
      vertex 60.933 20.4521 23.3
    endloop
  endfacet
  facet normal -0.246652 -0.969104 -0
    outer loop
      vertex 60.9939 20.4366 23.3
      vertex 60.933 20.4521 22.92
      vertex 60.9939 20.4366 22.92
    endloop
  endfacet
  facet normal -0.222174 -0.975007 0
    outer loop
      vertex 60.9939 20.4366 22.92
      vertex 61.0549 20.4227 23.3
      vertex 60.9939 20.4366 23.3
    endloop
  endfacet
  facet normal -0.222174 -0.975007 -0
    outer loop
      vertex 61.0549 20.4227 23.3
      vertex 60.9939 20.4366 22.92
      vertex 61.0549 20.4227 22.92
    endloop
  endfacet
  facet normal -0.197973 -0.980207 0
    outer loop
      vertex 61.0549 20.4227 22.92
      vertex 61.1158 20.4104 23.3
      vertex 61.0549 20.4227 23.3
    endloop
  endfacet
  facet normal -0.197973 -0.980207 -0
    outer loop
      vertex 61.1158 20.4104 23.3
      vertex 61.0549 20.4227 22.92
      vertex 61.1158 20.4104 22.92
    endloop
  endfacet
  facet normal -0.172772 -0.984962 0
    outer loop
      vertex 61.1158 20.4104 22.92
      vertex 61.1768 20.3997 23.3
      vertex 61.1158 20.4104 23.3
    endloop
  endfacet
  facet normal -0.172772 -0.984962 -0
    outer loop
      vertex 61.1768 20.3997 23.3
      vertex 61.1158 20.4104 22.92
      vertex 61.1768 20.3997 22.92
    endloop
  endfacet
  facet normal -0.146431 -0.989221 0
    outer loop
      vertex 61.1768 20.3997 22.92
      vertex 61.2376 20.3907 23.3
      vertex 61.1768 20.3997 23.3
    endloop
  endfacet
  facet normal -0.146431 -0.989221 -0
    outer loop
      vertex 61.2376 20.3907 23.3
      vertex 61.1768 20.3997 22.92
      vertex 61.2376 20.3907 22.92
    endloop
  endfacet
  facet normal -0.120819 -0.992675 0
    outer loop
      vertex 61.2376 20.3907 22.92
      vertex 61.2984 20.3833 23.3
      vertex 61.2376 20.3907 23.3
    endloop
  endfacet
  facet normal -0.120819 -0.992675 -0
    outer loop
      vertex 61.2984 20.3833 23.3
      vertex 61.2376 20.3907 22.92
      vertex 61.2984 20.3833 22.92
    endloop
  endfacet
  facet normal -0.0949636 -0.995481 0
    outer loop
      vertex 61.2984 20.3833 22.92
      vertex 61.3592 20.3775 23.3
      vertex 61.2984 20.3833 23.3
    endloop
  endfacet
  facet normal -0.0949636 -0.995481 -0
    outer loop
      vertex 61.3592 20.3775 23.3
      vertex 61.2984 20.3833 22.92
      vertex 61.3592 20.3775 22.92
    endloop
  endfacet
  facet normal -0.0673917 -0.997727 0
    outer loop
      vertex 61.3592 20.3775 22.92
      vertex 61.4199 20.3734 23.3
      vertex 61.3592 20.3775 23.3
    endloop
  endfacet
  facet normal -0.0673917 -0.997727 -0
    outer loop
      vertex 61.4199 20.3734 23.3
      vertex 61.3592 20.3775 22.92
      vertex 61.4199 20.3734 22.92
    endloop
  endfacet
  facet normal -0.0412191 -0.99915 0
    outer loop
      vertex 61.4199 20.3734 22.92
      vertex 61.4805 20.3709 23.3
      vertex 61.4199 20.3734 23.3
    endloop
  endfacet
  facet normal -0.0412191 -0.99915 -0
    outer loop
      vertex 61.4805 20.3709 23.3
      vertex 61.4199 20.3734 22.92
      vertex 61.4805 20.3709 22.92
    endloop
  endfacet
  facet normal -0.013222 -0.999913 0
    outer loop
      vertex 61.4805 20.3709 22.92
      vertex 61.541 20.3701 23.3
      vertex 61.4805 20.3709 23.3
    endloop
  endfacet
  facet normal -0.013222 -0.999913 -0
    outer loop
      vertex 61.541 20.3701 23.3
      vertex 61.4805 20.3709 22.92
      vertex 61.541 20.3701 22.92
    endloop
  endfacet
  facet normal 0.0299219 -0.999552 0
    outer loop
      vertex 61.541 20.3701 22.92
      vertex 61.6646 20.3738 23.3
      vertex 61.541 20.3701 23.3
    endloop
  endfacet
  facet normal 0.0299219 -0.999552 0
    outer loop
      vertex 61.6646 20.3738 23.3
      vertex 61.541 20.3701 22.92
      vertex 61.6646 20.3738 22.92
    endloop
  endfacet
  facet normal 0 0 -1
    outer loop
      vertex 79.999 21.4284 22.92
      vertex 80.5942 21.5253 22.92
      vertex 80.588 21.3757 22.92
    endloop
  endfacet
  facet normal 0 0 -1
    outer loop
      vertex 79.9902 21.3378 22.92
      vertex 80.588 21.3757 22.92
      vertex 80.5694 21.2356 22.92
    endloop
  endfacet
  facet normal 0 0 -1
    outer loop
      vertex 79.999 21.6227 22.92
      vertex 80.5942 21.5253 22.92
      vertex 80.002 21.5253 22.92
    endloop
  endfacet
  facet normal 0 0 -1
    outer loop
      vertex 79.9754 21.2536 22.92
      vertex 80.5694 21.2356 22.92
      vertex 80.5383 21.105 22.92
    endloop
  endfacet
  facet normal 0 0 -1
    outer loop
      vertex 80.5942 21.5253 22.92
      vertex 79.999 21.6227 22.92
      vertex 80.588 21.6753 22.92
    endloop
  endfacet
  facet normal 0 0 -1
    outer loop
      vertex 79.9754 21.2536 22.92
      vertex 80.5383 21.105 22.92
      vertex 80.4949 20.9839 22.92
    endloop
  endfacet
  facet normal 0 0 -1
    outer loop
      vertex 79.9902 21.7136 22.92
      vertex 80.588 21.6753 22.92
      vertex 79.999 21.6227 22.92
    endloop
  endfacet
  facet normal 0 0 -1
    outer loop
      vertex 79.9547 21.1758 22.92
      vertex 80.4949 20.9839 22.92
      vertex 80.439 20.8723 22.92
    endloop
  endfacet
  facet normal 0 0 -1
    outer loop
      vertex 80.588 21.6753 22.92
      vertex 79.9902 21.7136 22.92
      vertex 80.5694 21.8158 22.92
    endloop
  endfacet
  facet normal 0 0 -1
    outer loop
      vertex 79.9281 21.1044 22.92
      vertex 80.439 20.8723 22.92
      vertex 80.3707 20.7702 22.92
    endloop
  endfacet
  facet normal 0 0 -1
    outer loop
      vertex 79.9754 21.798 22.92
      vertex 80.5694 21.8158 22.92
      vertex 79.9902 21.7136 22.92
    endloop
  endfacet
  facet normal 0 0 -1
    outer loop
      vertex 79.8956 21.0394 22.92
      vertex 80.3707 20.7702 22.92
      vertex 80.2899 20.6776 22.92
    endloop
  endfacet
  facet normal -0 0 -1
    outer loop
      vertex 80.5694 21.8158 22.92
      vertex 79.9754 21.798 22.92
      vertex 80.5383 21.9467 22.92
    endloop
  endfacet
  facet normal 0 0 -1
    outer loop
      vertex 79.8573 20.9808 22.92
      vertex 80.2899 20.6776 22.92
      vertex 80.1982 20.596 22.92
    endloop
  endfacet
  facet normal -0 0 -1
    outer loop
      vertex 80.5383 21.9467 22.92
      vertex 79.9754 21.798 22.92
      vertex 80.4949 22.068 22.92
    endloop
  endfacet
  facet normal 0 0 -1
    outer loop
      vertex 79.8135 20.9294 22.92
      vertex 80.1982 20.596 22.92
      vertex 80.097 20.527 22.92
    endloop
  endfacet
  facet normal -0 0 -1
    outer loop
      vertex 80.5942 21.5253 22.92
      vertex 79.999 21.4284 22.92
      vertex 80.002 21.5253 22.92
    endloop
  endfacet
  facet normal -0 0 -1
    outer loop
      vertex 80.4949 22.068 22.92
      vertex 79.9547 21.876 22.92
      vertex 80.439 22.1797 22.92
    endloop
  endfacet
  facet normal 0 0 -1
    outer loop
      vertex 79.9547 21.876 22.92
      vertex 80.4949 22.068 22.92
      vertex 79.9754 21.798 22.92
    endloop
  endfacet
  facet normal -0 0 -1
    outer loop
      vertex 80.588 21.3757 22.92
      vertex 79.9902 21.3378 22.92
      vertex 79.999 21.4284 22.92
    endloop
  endfacet
  facet normal 0 0 -1
    outer loop
      vertex 79.7648 20.8858 22.92
      vertex 80.097 20.527 22.92
      vertex 79.9863 20.4705 22.92
    endloop
  endfacet
  facet normal 0 0 -1
    outer loop
      vertex 80.5694 21.2356 22.92
      vertex 79.9754 21.2536 22.92
      vertex 79.9902 21.3378 22.92
    endloop
  endfacet
  facet normal 0 0 -1
    outer loop
      vertex 80.4949 20.9839 22.92
      vertex 79.9547 21.1758 22.92
      vertex 79.9754 21.2536 22.92
    endloop
  endfacet
  facet normal 0 0 -1
    outer loop
      vertex 80.439 20.8723 22.92
      vertex 79.9281 21.1044 22.92
      vertex 79.9547 21.1758 22.92
    endloop
  endfacet
  facet normal 0 0 -1
    outer loop
      vertex 80.3707 20.7702 22.92
      vertex 79.8956 21.0394 22.92
      vertex 79.9281 21.1044 22.92
    endloop
  endfacet
  facet normal 0 0 -1
    outer loop
      vertex 79.7113 20.8502 22.92
      vertex 79.9863 20.4705 22.92
      vertex 79.8661 20.4266 22.92
    endloop
  endfacet
  facet normal 0 0 -1
    outer loop
      vertex 80.2899 20.6776 22.92
      vertex 79.8573 20.9808 22.92
      vertex 79.8956 21.0394 22.92
    endloop
  endfacet
  facet normal 0 0 -1
    outer loop
      vertex 80.1982 20.596 22.92
      vertex 79.8135 20.9294 22.92
      vertex 79.8573 20.9808 22.92
    endloop
  endfacet
  facet normal 0 0 -1
    outer loop
      vertex 80.097 20.527 22.92
      vertex 79.7648 20.8858 22.92
      vertex 79.8135 20.9294 22.92
    endloop
  endfacet
  facet normal 0 0 -1
    outer loop
      vertex 79.6529 20.8225 22.92
      vertex 79.8661 20.4266 22.92
      vertex 79.7364 20.3952 22.92
    endloop
  endfacet
  facet normal 0 0 -1
    outer loop
      vertex 79.9863 20.4705 22.92
      vertex 79.7113 20.8502 22.92
      vertex 79.7648 20.8858 22.92
    endloop
  endfacet
  facet normal 0 0 -1
    outer loop
      vertex 79.8661 20.4266 22.92
      vertex 79.6529 20.8225 22.92
      vertex 79.7113 20.8502 22.92
    endloop
  endfacet
  facet normal 0 0 -1
    outer loop
      vertex 79.5896 20.8027 22.92
      vertex 79.7364 20.3952 22.92
      vertex 79.5972 20.3764 22.92
    endloop
  endfacet
  facet normal 0 0 -1
    outer loop
      vertex 79.7364 20.3952 22.92
      vertex 79.5896 20.8027 22.92
      vertex 79.6529 20.8225 22.92
    endloop
  endfacet
  facet normal 0 0 -1
    outer loop
      vertex 79.5972 20.3764 22.92
      vertex 79.5215 20.7908 22.92
      vertex 79.5896 20.8027 22.92
    endloop
  endfacet
  facet normal 0 0 -1
    outer loop
      vertex 79.4485 20.3701 22.92
      vertex 79.5215 20.7908 22.92
      vertex 79.5972 20.3764 22.92
    endloop
  endfacet
  facet normal 0 0 -1
    outer loop
      vertex 79.4485 20.3701 22.92
      vertex 79.4485 20.7869 22.92
      vertex 79.5215 20.7908 22.92
    endloop
  endfacet
  facet normal 0 0 -1
    outer loop
      vertex 79.4485 20.3701 22.92
      vertex 79.3759 20.7908 22.92
      vertex 79.4485 20.7869 22.92
    endloop
  endfacet
  facet normal 0 0 -1
    outer loop
      vertex 79.3002 20.3764 22.92
      vertex 79.3759 20.7908 22.92
      vertex 79.4485 20.3701 22.92
    endloop
  endfacet
  facet normal -0 0 -1
    outer loop
      vertex 79.3759 20.7908 22.92
      vertex 79.3002 20.3764 22.92
      vertex 79.3081 20.8027 22.92
    endloop
  endfacet
  facet normal 0 0 -1
    outer loop
      vertex 79.1613 20.3952 22.92
      vertex 79.3081 20.8027 22.92
      vertex 79.3002 20.3764 22.92
    endloop
  endfacet
  facet normal -0 0 -1
    outer loop
      vertex 79.3081 20.8027 22.92
      vertex 79.1613 20.3952 22.92
      vertex 79.2451 20.8225 22.92
    endloop
  endfacet
  facet normal 0 0 -1
    outer loop
      vertex 79.0318 20.4266 22.92
      vertex 79.2451 20.8225 22.92
      vertex 79.1613 20.3952 22.92
    endloop
  endfacet
  facet normal -0 0 -1
    outer loop
      vertex 79.2451 20.8225 22.92
      vertex 79.0318 20.4266 22.92
      vertex 79.1869 20.8502 22.92
    endloop
  endfacet
  facet normal 0 0 -1
    outer loop
      vertex 78.9117 20.4705 22.92
      vertex 79.1869 20.8502 22.92
      vertex 79.0318 20.4266 22.92
    endloop
  endfacet
  facet normal -0 0 -1
    outer loop
      vertex 79.1869 20.8502 22.92
      vertex 78.9117 20.4705 22.92
      vertex 79.1335 20.8858 22.92
    endloop
  endfacet
  facet normal 0 0 -1
    outer loop
      vertex 78.801 20.527 22.92
      vertex 79.1335 20.8858 22.92
      vertex 78.9117 20.4705 22.92
    endloop
  endfacet
  facet normal -0 0 -1
    outer loop
      vertex 79.1335 20.8858 22.92
      vertex 78.801 20.527 22.92
      vertex 79.085 20.9294 22.92
    endloop
  endfacet
  facet normal 0 0 -1
    outer loop
      vertex 78.6997 20.596 22.92
      vertex 79.085 20.9294 22.92
      vertex 78.801 20.527 22.92
    endloop
  endfacet
  facet normal -0 0 -1
    outer loop
      vertex 79.085 20.9294 22.92
      vertex 78.6997 20.596 22.92
      vertex 79.0412 20.9808 22.92
    endloop
  endfacet
  facet normal 0 0 -1
    outer loop
      vertex 78.6078 20.6776 22.92
      vertex 79.0412 20.9808 22.92
      vertex 78.6997 20.596 22.92
    endloop
  endfacet
  facet normal -0 0 -1
    outer loop
      vertex 79.0412 20.9808 22.92
      vertex 78.6078 20.6776 22.92
      vertex 79.0028 21.0394 22.92
    endloop
  endfacet
  facet normal 0 0 -1
    outer loop
      vertex 78.5269 20.7702 22.92
      vertex 79.0028 21.0394 22.92
      vertex 78.6078 20.6776 22.92
    endloop
  endfacet
  facet normal -0 0 -1
    outer loop
      vertex 79.0028 21.0394 22.92
      vertex 78.5269 20.7702 22.92
      vertex 78.9703 21.1044 22.92
    endloop
  endfacet
  facet normal 0 0 -1
    outer loop
      vertex 78.4584 20.8723 22.92
      vertex 78.9703 21.1044 22.92
      vertex 78.5269 20.7702 22.92
    endloop
  endfacet
  facet normal -0 0 -1
    outer loop
      vertex 78.9703 21.1044 22.92
      vertex 78.4584 20.8723 22.92
      vertex 78.9437 21.1758 22.92
    endloop
  endfacet
  facet normal 0 0 -1
    outer loop
      vertex 79.9281 21.9476 22.92
      vertex 80.439 22.1797 22.92
      vertex 79.9547 21.876 22.92
    endloop
  endfacet
  facet normal -0 0 -1
    outer loop
      vertex 80.439 22.1797 22.92
      vertex 79.9281 21.9476 22.92
      vertex 80.3707 22.2819 22.92
    endloop
  endfacet
  facet normal 0 0 -1
    outer loop
      vertex 79.8956 22.0127 22.92
      vertex 80.3707 22.2819 22.92
      vertex 79.9281 21.9476 22.92
    endloop
  endfacet
  facet normal -0 0 -1
    outer loop
      vertex 80.3707 22.2819 22.92
      vertex 79.8956 22.0127 22.92
      vertex 80.2899 22.3746 22.92
    endloop
  endfacet
  facet normal 0 0 -1
    outer loop
      vertex 79.8573 22.0713 22.92
      vertex 80.2899 22.3746 22.92
      vertex 79.8956 22.0127 22.92
    endloop
  endfacet
  facet normal -0 0 -1
    outer loop
      vertex 80.2899 22.3746 22.92
      vertex 79.8573 22.0713 22.92
      vertex 80.1982 22.4561 22.92
    endloop
  endfacet
  facet normal 0 0 -1
    outer loop
      vertex 79.8135 22.1228 22.92
      vertex 80.1982 22.4561 22.92
      vertex 79.8573 22.0713 22.92
    endloop
  endfacet
  facet normal -0 0 -1
    outer loop
      vertex 80.1982 22.4561 22.92
      vertex 79.8135 22.1228 22.92
      vertex 80.097 22.5252 22.92
    endloop
  endfacet
  facet normal 0 0 -1
    outer loop
      vertex 79.7648 22.1663 22.92
      vertex 80.097 22.5252 22.92
      vertex 79.8135 22.1228 22.92
    endloop
  endfacet
  facet normal -0 0 -1
    outer loop
      vertex 80.097 22.5252 22.92
      vertex 79.7648 22.1663 22.92
      vertex 79.9863 22.5816 22.92
    endloop
  endfacet
  facet normal 0 0 -1
    outer loop
      vertex 79.7113 22.2019 22.92
      vertex 79.9863 22.5816 22.92
      vertex 79.7648 22.1663 22.92
    endloop
  endfacet
  facet normal -0 0 -1
    outer loop
      vertex 79.9863 22.5816 22.92
      vertex 79.7113 22.2019 22.92
      vertex 79.8661 22.6255 22.92
    endloop
  endfacet
  facet normal 0 0 -1
    outer loop
      vertex 79.6529 22.2296 22.92
      vertex 79.8661 22.6255 22.92
      vertex 79.7113 22.2019 22.92
    endloop
  endfacet
  facet normal -0 0 -1
    outer loop
      vertex 79.8661 22.6255 22.92
      vertex 79.6529 22.2296 22.92
      vertex 79.7364 22.6569 22.92
    endloop
  endfacet
  facet normal 0 0 -1
    outer loop
      vertex 79.5896 22.2494 22.92
      vertex 79.7364 22.6569 22.92
      vertex 79.6529 22.2296 22.92
    endloop
  endfacet
  facet normal -0 0 -1
    outer loop
      vertex 79.7364 22.6569 22.92
      vertex 79.5896 22.2494 22.92
      vertex 79.5972 22.6758 22.92
    endloop
  endfacet
  facet normal 0 0 -1
    outer loop
      vertex 79.5215 22.2613 22.92
      vertex 79.5972 22.6758 22.92
      vertex 79.5896 22.2494 22.92
    endloop
  endfacet
  facet normal 0 0 -1
    outer loop
      vertex 79.4485 22.682 22.92
      vertex 79.5215 22.2613 22.92
      vertex 79.4485 22.2653 22.92
    endloop
  endfacet
  facet normal 0 0 -1
    outer loop
      vertex 79.5215 22.2613 22.92
      vertex 79.4485 22.682 22.92
      vertex 79.5972 22.6758 22.92
    endloop
  endfacet
  facet normal 0 0 -1
    outer loop
      vertex 79.3759 22.2613 22.92
      vertex 79.4485 22.682 22.92
      vertex 79.4485 22.2653 22.92
    endloop
  endfacet
  facet normal 0 0 -1
    outer loop
      vertex 79.3002 22.6758 22.92
      vertex 79.3759 22.2613 22.92
      vertex 79.3081 22.2494 22.92
    endloop
  endfacet
  facet normal 0 0 -1
    outer loop
      vertex 79.3759 22.2613 22.92
      vertex 79.3002 22.6758 22.92
      vertex 79.4485 22.682 22.92
    endloop
  endfacet
  facet normal 0 0 -1
    outer loop
      vertex 79.1613 22.6569 22.92
      vertex 79.3081 22.2494 22.92
      vertex 79.2451 22.2296 22.92
    endloop
  endfacet
  facet normal 0 0 -1
    outer loop
      vertex 79.0318 22.6255 22.92
      vertex 79.2451 22.2296 22.92
      vertex 79.1869 22.2019 22.92
    endloop
  endfacet
  facet normal 0 0 -1
    outer loop
      vertex 79.3081 22.2494 22.92
      vertex 79.1613 22.6569 22.92
      vertex 79.3002 22.6758 22.92
    endloop
  endfacet
  facet normal 0 0 -1
    outer loop
      vertex 78.9117 22.5816 22.92
      vertex 79.1869 22.2019 22.92
      vertex 79.1335 22.1663 22.92
    endloop
  endfacet
  facet normal 0 0 -1
    outer loop
      vertex 78.801 22.5252 22.92
      vertex 79.1335 22.1663 22.92
      vertex 79.085 22.1228 22.92
    endloop
  endfacet
  facet normal 0 0 -1
    outer loop
      vertex 78.6997 22.4561 22.92
      vertex 79.085 22.1228 22.92
      vertex 79.0412 22.0713 22.92
    endloop
  endfacet
  facet normal 0 0 -1
    outer loop
      vertex 79.2451 22.2296 22.92
      vertex 79.0318 22.6255 22.92
      vertex 79.1613 22.6569 22.92
    endloop
  endfacet
  facet normal 0 0 -1
    outer loop
      vertex 78.6078 22.3746 22.92
      vertex 79.0412 22.0713 22.92
      vertex 79.0028 22.0127 22.92
    endloop
  endfacet
  facet normal 0 0 -1
    outer loop
      vertex 78.5269 22.2819 22.92
      vertex 79.0028 22.0127 22.92
      vertex 78.9703 21.9476 22.92
    endloop
  endfacet
  facet normal 0 0 -1
    outer loop
      vertex 78.4584 22.1797 22.92
      vertex 78.9703 21.9476 22.92
      vertex 78.9437 21.876 22.92
    endloop
  endfacet
  facet normal 0 0 -1
    outer loop
      vertex 78.4023 22.068 22.92
      vertex 78.9437 21.876 22.92
      vertex 78.9231 21.798 22.92
    endloop
  endfacet
  facet normal 0 0 -1
    outer loop
      vertex 79.1869 22.2019 22.92
      vertex 78.9117 22.5816 22.92
      vertex 79.0318 22.6255 22.92
    endloop
  endfacet
  facet normal 0 0 -1
    outer loop
      vertex 78.3276 21.8158 22.92
      vertex 78.9231 21.798 22.92
      vertex 78.9083 21.7136 22.92
    endloop
  endfacet
  facet normal 0 0 -1
    outer loop
      vertex 78.309 21.6753 22.92
      vertex 78.9083 21.7136 22.92
      vertex 78.8994 21.6227 22.92
    endloop
  endfacet
  facet normal 0 0 -1
    outer loop
      vertex 78.3027 21.5253 22.92
      vertex 78.8994 21.6227 22.92
      vertex 78.8965 21.5253 22.92
    endloop
  endfacet
  facet normal 0 0 -1
    outer loop
      vertex 78.4023 20.9839 22.92
      vertex 78.9437 21.1758 22.92
      vertex 78.4584 20.8723 22.92
    endloop
  endfacet
  facet normal -0 0 -1
    outer loop
      vertex 78.8994 21.6227 22.92
      vertex 78.3027 21.5253 22.92
      vertex 78.309 21.6753 22.92
    endloop
  endfacet
  facet normal -0 0 -1
    outer loop
      vertex 78.9437 21.1758 22.92
      vertex 78.4023 20.9839 22.92
      vertex 78.9231 21.2536 22.92
    endloop
  endfacet
  facet normal -0 0 -1
    outer loop
      vertex 78.9083 21.7136 22.92
      vertex 78.309 21.6753 22.92
      vertex 78.3276 21.8158 22.92
    endloop
  endfacet
  facet normal 0 0 -1
    outer loop
      vertex 78.3588 21.105 22.92
      vertex 78.9231 21.2536 22.92
      vertex 78.4023 20.9839 22.92
    endloop
  endfacet
  facet normal 0 0 -1
    outer loop
      vertex 78.9231 21.798 22.92
      vertex 78.3276 21.8158 22.92
      vertex 78.3588 21.9467 22.92
    endloop
  endfacet
  facet normal 0 0 -1
    outer loop
      vertex 78.3276 21.2356 22.92
      vertex 78.9231 21.2536 22.92
      vertex 78.3588 21.105 22.92
    endloop
  endfacet
  facet normal 0 0 -1
    outer loop
      vertex 79.1335 22.1663 22.92
      vertex 78.801 22.5252 22.92
      vertex 78.9117 22.5816 22.92
    endloop
  endfacet
  facet normal -0 0 -1
    outer loop
      vertex 78.9231 21.2536 22.92
      vertex 78.3276 21.2356 22.92
      vertex 78.9083 21.3378 22.92
    endloop
  endfacet
  facet normal 0 0 -1
    outer loop
      vertex 79.085 22.1228 22.92
      vertex 78.6997 22.4561 22.92
      vertex 78.801 22.5252 22.92
    endloop
  endfacet
  facet normal 0 0 -1
    outer loop
      vertex 78.309 21.3757 22.92
      vertex 78.9083 21.3378 22.92
      vertex 78.3276 21.2356 22.92
    endloop
  endfacet
  facet normal 0 0 -1
    outer loop
      vertex 79.0412 22.0713 22.92
      vertex 78.6078 22.3746 22.92
      vertex 78.6997 22.4561 22.92
    endloop
  endfacet
  facet normal 0 0 -1
    outer loop
      vertex 78.9083 21.3378 22.92
      vertex 78.309 21.3757 22.92
      vertex 78.8994 21.4284 22.92
    endloop
  endfacet
  facet normal 0 0 -1
    outer loop
      vertex 78.8994 21.4284 22.92
      vertex 78.3027 21.5253 22.92
      vertex 78.8965 21.5253 22.92
    endloop
  endfacet
  facet normal 0 0 -1
    outer loop
      vertex 78.3027 21.5253 22.92
      vertex 78.8994 21.4284 22.92
      vertex 78.309 21.3757 22.92
    endloop
  endfacet
  facet normal 0 0 -1
    outer loop
      vertex 79.0028 22.0127 22.92
      vertex 78.5269 22.2819 22.92
      vertex 78.6078 22.3746 22.92
    endloop
  endfacet
  facet normal 0 0 -1
    outer loop
      vertex 78.9703 21.9476 22.92
      vertex 78.4584 22.1797 22.92
      vertex 78.5269 22.2819 22.92
    endloop
  endfacet
  facet normal 0 0 -1
    outer loop
      vertex 78.9231 21.798 22.92
      vertex 78.3588 21.9467 22.92
      vertex 78.4023 22.068 22.92
    endloop
  endfacet
  facet normal 0 0 -1
    outer loop
      vertex 78.9437 21.876 22.92
      vertex 78.4023 22.068 22.92
      vertex 78.4584 22.1797 22.92
    endloop
  endfacet
  facet normal 0 0 -1
    outer loop
      vertex 82.4282 20.4138 22.92
      vertex 81.9642 21.5864 22.92
      vertex 83.1473 20.4138 22.92
    endloop
  endfacet
  facet normal 0 -0 -1
    outer loop
      vertex 81.9642 21.5864 22.92
      vertex 82.4282 20.4138 22.92
      vertex 81.542 21.291 22.92
    endloop
  endfacet
  facet normal 0 0 -1
    outer loop
      vertex 81.9642 21.5864 22.92
      vertex 82.37 22.6412 22.92
      vertex 83.0369 22.6412 22.92
    endloop
  endfacet
  facet normal 0 0 -1
    outer loop
      vertex 81.542 21.8281 22.92
      vertex 81.9642 21.5864 22.92
      vertex 81.542 21.291 22.92
    endloop
  endfacet
  facet normal 0 0 -1
    outer loop
      vertex 81.9642 21.5864 22.92
      vertex 81.542 21.8281 22.92
      vertex 82.37 22.6412 22.92
    endloop
  endfacet
  facet normal 0 0 -1
    outer loop
      vertex 80.9677 20.4138 22.92
      vertex 81.542 21.291 22.92
      vertex 81.542 20.4138 22.92
    endloop
  endfacet
  facet normal 0 0 -1
    outer loop
      vertex 80.9677 22.6412 22.92
      vertex 81.542 21.291 22.92
      vertex 80.9677 20.4138 22.92
    endloop
  endfacet
  facet normal 0 0 -1
    outer loop
      vertex 81.542 21.291 22.92
      vertex 80.9677 22.6412 22.92
      vertex 81.542 21.8281 22.92
    endloop
  endfacet
  facet normal 0 0 -1
    outer loop
      vertex 81.542 21.8281 22.92
      vertex 80.9677 22.6412 22.92
      vertex 81.542 22.6412 22.92
    endloop
  endfacet
  facet normal -0 0 1
    outer loop
      vertex 79.999 21.6227 23.3
      vertex 80.5942 21.5253 23.3
      vertex 80.588 21.6753 23.3
    endloop
  endfacet
  facet normal -0 0 1
    outer loop
      vertex 79.9902 21.7136 23.3
      vertex 80.588 21.6753 23.3
      vertex 80.5694 21.8158 23.3
    endloop
  endfacet
  facet normal 0 0 1
    outer loop
      vertex 79.999 21.4284 23.3
      vertex 80.5942 21.5253 23.3
      vertex 80.002 21.5253 23.3
    endloop
  endfacet
  facet normal 0 0 1
    outer loop
      vertex 79.9754 21.798 23.3
      vertex 80.5694 21.8158 23.3
      vertex 80.5383 21.9467 23.3
    endloop
  endfacet
  facet normal 0 0 1
    outer loop
      vertex 80.5942 21.5253 23.3
      vertex 79.999 21.4284 23.3
      vertex 80.588 21.3757 23.3
    endloop
  endfacet
  facet normal 0 0 1
    outer loop
      vertex 79.9754 21.798 23.3
      vertex 80.5383 21.9467 23.3
      vertex 80.4949 22.068 23.3
    endloop
  endfacet
  facet normal 0 0 1
    outer loop
      vertex 79.9902 21.3378 23.3
      vertex 80.588 21.3757 23.3
      vertex 79.999 21.4284 23.3
    endloop
  endfacet
  facet normal 0 0 1
    outer loop
      vertex 79.9547 21.876 23.3
      vertex 80.4949 22.068 23.3
      vertex 80.439 22.1797 23.3
    endloop
  endfacet
  facet normal 0 0 1
    outer loop
      vertex 80.588 21.3757 23.3
      vertex 79.9902 21.3378 23.3
      vertex 80.5694 21.2356 23.3
    endloop
  endfacet
  facet normal 0 0 1
    outer loop
      vertex 79.9281 21.9476 23.3
      vertex 80.439 22.1797 23.3
      vertex 80.3707 22.2819 23.3
    endloop
  endfacet
  facet normal -0 0 1
    outer loop
      vertex 79.9754 21.2536 23.3
      vertex 80.5694 21.2356 23.3
      vertex 79.9902 21.3378 23.3
    endloop
  endfacet
  facet normal 0 0 1
    outer loop
      vertex 79.8956 22.0127 23.3
      vertex 80.3707 22.2819 23.3
      vertex 80.2899 22.3746 23.3
    endloop
  endfacet
  facet normal 0 0 1
    outer loop
      vertex 80.5694 21.2356 23.3
      vertex 79.9754 21.2536 23.3
      vertex 80.5383 21.105 23.3
    endloop
  endfacet
  facet normal 0 0 1
    outer loop
      vertex 79.8573 22.0713 23.3
      vertex 80.2899 22.3746 23.3
      vertex 80.1982 22.4561 23.3
    endloop
  endfacet
  facet normal 0 0 1
    outer loop
      vertex 80.5942 21.5253 23.3
      vertex 79.999 21.6227 23.3
      vertex 80.002 21.5253 23.3
    endloop
  endfacet
  facet normal 0 0 1
    outer loop
      vertex 79.8135 22.1228 23.3
      vertex 80.1982 22.4561 23.3
      vertex 80.097 22.5252 23.3
    endloop
  endfacet
  facet normal 0 0 1
    outer loop
      vertex 80.5383 21.105 23.3
      vertex 79.9754 21.2536 23.3
      vertex 80.4949 20.9839 23.3
    endloop
  endfacet
  facet normal 0 0 1
    outer loop
      vertex 80.4949 20.9839 23.3
      vertex 79.9547 21.1758 23.3
      vertex 80.439 20.8723 23.3
    endloop
  endfacet
  facet normal -0 0 1
    outer loop
      vertex 79.9547 21.1758 23.3
      vertex 80.4949 20.9839 23.3
      vertex 79.9754 21.2536 23.3
    endloop
  endfacet
  facet normal 0 0 1
    outer loop
      vertex 80.588 21.6753 23.3
      vertex 79.9902 21.7136 23.3
      vertex 79.999 21.6227 23.3
    endloop
  endfacet
  facet normal 0 0 1
    outer loop
      vertex 79.7648 22.1663 23.3
      vertex 80.097 22.5252 23.3
      vertex 79.9863 22.5816 23.3
    endloop
  endfacet
  facet normal 0 0 1
    outer loop
      vertex 80.5694 21.8158 23.3
      vertex 79.9754 21.798 23.3
      vertex 79.9902 21.7136 23.3
    endloop
  endfacet
  facet normal 0 0 1
    outer loop
      vertex 80.4949 22.068 23.3
      vertex 79.9547 21.876 23.3
      vertex 79.9754 21.798 23.3
    endloop
  endfacet
  facet normal 0 0 1
    outer loop
      vertex 80.439 22.1797 23.3
      vertex 79.9281 21.9476 23.3
      vertex 79.9547 21.876 23.3
    endloop
  endfacet
  facet normal 0 0 1
    outer loop
      vertex 80.3707 22.2819 23.3
      vertex 79.8956 22.0127 23.3
      vertex 79.9281 21.9476 23.3
    endloop
  endfacet
  facet normal 0 0 1
    outer loop
      vertex 79.7113 22.2019 23.3
      vertex 79.9863 22.5816 23.3
      vertex 79.8661 22.6255 23.3
    endloop
  endfacet
  facet normal 0 0 1
    outer loop
      vertex 80.2899 22.3746 23.3
      vertex 79.8573 22.0713 23.3
      vertex 79.8956 22.0127 23.3
    endloop
  endfacet
  facet normal 0 0 1
    outer loop
      vertex 80.1982 22.4561 23.3
      vertex 79.8135 22.1228 23.3
      vertex 79.8573 22.0713 23.3
    endloop
  endfacet
  facet normal 0 0 1
    outer loop
      vertex 80.097 22.5252 23.3
      vertex 79.7648 22.1663 23.3
      vertex 79.8135 22.1228 23.3
    endloop
  endfacet
  facet normal 0 0 1
    outer loop
      vertex 79.6529 22.2296 23.3
      vertex 79.8661 22.6255 23.3
      vertex 79.7364 22.6569 23.3
    endloop
  endfacet
  facet normal 0 0 1
    outer loop
      vertex 79.9863 22.5816 23.3
      vertex 79.7113 22.2019 23.3
      vertex 79.7648 22.1663 23.3
    endloop
  endfacet
  facet normal 0 0 1
    outer loop
      vertex 79.8661 22.6255 23.3
      vertex 79.6529 22.2296 23.3
      vertex 79.7113 22.2019 23.3
    endloop
  endfacet
  facet normal 0 0 1
    outer loop
      vertex 79.5896 22.2494 23.3
      vertex 79.7364 22.6569 23.3
      vertex 79.5972 22.6758 23.3
    endloop
  endfacet
  facet normal 0 0 1
    outer loop
      vertex 79.7364 22.6569 23.3
      vertex 79.5896 22.2494 23.3
      vertex 79.6529 22.2296 23.3
    endloop
  endfacet
  facet normal 0 0 1
    outer loop
      vertex 79.5972 22.6758 23.3
      vertex 79.5215 22.2613 23.3
      vertex 79.5896 22.2494 23.3
    endloop
  endfacet
  facet normal 0 0 1
    outer loop
      vertex 79.4485 22.682 23.3
      vertex 79.5215 22.2613 23.3
      vertex 79.5972 22.6758 23.3
    endloop
  endfacet
  facet normal 0 0 1
    outer loop
      vertex 79.4485 22.682 23.3
      vertex 79.4485 22.2653 23.3
      vertex 79.5215 22.2613 23.3
    endloop
  endfacet
  facet normal 0 0 1
    outer loop
      vertex 79.4485 22.682 23.3
      vertex 79.3759 22.2613 23.3
      vertex 79.4485 22.2653 23.3
    endloop
  endfacet
  facet normal -0 0 1
    outer loop
      vertex 79.3002 22.6758 23.3
      vertex 79.3759 22.2613 23.3
      vertex 79.4485 22.682 23.3
    endloop
  endfacet
  facet normal 0 0 1
    outer loop
      vertex 79.3759 22.2613 23.3
      vertex 79.3002 22.6758 23.3
      vertex 79.3081 22.2494 23.3
    endloop
  endfacet
  facet normal -0 0 1
    outer loop
      vertex 79.1613 22.6569 23.3
      vertex 79.3081 22.2494 23.3
      vertex 79.3002 22.6758 23.3
    endloop
  endfacet
  facet normal 0 0 1
    outer loop
      vertex 79.3081 22.2494 23.3
      vertex 79.1613 22.6569 23.3
      vertex 79.2451 22.2296 23.3
    endloop
  endfacet
  facet normal -0 0 1
    outer loop
      vertex 79.0318 22.6255 23.3
      vertex 79.2451 22.2296 23.3
      vertex 79.1613 22.6569 23.3
    endloop
  endfacet
  facet normal 0 0 1
    outer loop
      vertex 79.2451 22.2296 23.3
      vertex 79.0318 22.6255 23.3
      vertex 79.1869 22.2019 23.3
    endloop
  endfacet
  facet normal -0 0 1
    outer loop
      vertex 78.9117 22.5816 23.3
      vertex 79.1869 22.2019 23.3
      vertex 79.0318 22.6255 23.3
    endloop
  endfacet
  facet normal 0 0 1
    outer loop
      vertex 79.1869 22.2019 23.3
      vertex 78.9117 22.5816 23.3
      vertex 79.1335 22.1663 23.3
    endloop
  endfacet
  facet normal -0 0 1
    outer loop
      vertex 78.801 22.5252 23.3
      vertex 79.1335 22.1663 23.3
      vertex 78.9117 22.5816 23.3
    endloop
  endfacet
  facet normal 0 0 1
    outer loop
      vertex 79.1335 22.1663 23.3
      vertex 78.801 22.5252 23.3
      vertex 79.085 22.1228 23.3
    endloop
  endfacet
  facet normal -0 0 1
    outer loop
      vertex 78.6997 22.4561 23.3
      vertex 79.085 22.1228 23.3
      vertex 78.801 22.5252 23.3
    endloop
  endfacet
  facet normal 0 0 1
    outer loop
      vertex 79.085 22.1228 23.3
      vertex 78.6997 22.4561 23.3
      vertex 79.0412 22.0713 23.3
    endloop
  endfacet
  facet normal -0 0 1
    outer loop
      vertex 78.6078 22.3746 23.3
      vertex 79.0412 22.0713 23.3
      vertex 78.6997 22.4561 23.3
    endloop
  endfacet
  facet normal 0 0 1
    outer loop
      vertex 79.0412 22.0713 23.3
      vertex 78.6078 22.3746 23.3
      vertex 79.0028 22.0127 23.3
    endloop
  endfacet
  facet normal -0 0 1
    outer loop
      vertex 78.5269 22.2819 23.3
      vertex 79.0028 22.0127 23.3
      vertex 78.6078 22.3746 23.3
    endloop
  endfacet
  facet normal 0 0 1
    outer loop
      vertex 79.0028 22.0127 23.3
      vertex 78.5269 22.2819 23.3
      vertex 78.9703 21.9476 23.3
    endloop
  endfacet
  facet normal -0 0 1
    outer loop
      vertex 78.4584 22.1797 23.3
      vertex 78.9703 21.9476 23.3
      vertex 78.5269 22.2819 23.3
    endloop
  endfacet
  facet normal 0 0 1
    outer loop
      vertex 78.9703 21.9476 23.3
      vertex 78.4584 22.1797 23.3
      vertex 78.9437 21.876 23.3
    endloop
  endfacet
  facet normal -0 0 1
    outer loop
      vertex 79.9281 21.1044 23.3
      vertex 80.439 20.8723 23.3
      vertex 79.9547 21.1758 23.3
    endloop
  endfacet
  facet normal 0 0 1
    outer loop
      vertex 80.439 20.8723 23.3
      vertex 79.9281 21.1044 23.3
      vertex 80.3707 20.7702 23.3
    endloop
  endfacet
  facet normal -0 0 1
    outer loop
      vertex 79.8956 21.0394 23.3
      vertex 80.3707 20.7702 23.3
      vertex 79.9281 21.1044 23.3
    endloop
  endfacet
  facet normal 0 0 1
    outer loop
      vertex 80.3707 20.7702 23.3
      vertex 79.8956 21.0394 23.3
      vertex 80.2899 20.6776 23.3
    endloop
  endfacet
  facet normal -0 0 1
    outer loop
      vertex 79.8573 20.9808 23.3
      vertex 80.2899 20.6776 23.3
      vertex 79.8956 21.0394 23.3
    endloop
  endfacet
  facet normal 0 0 1
    outer loop
      vertex 80.2899 20.6776 23.3
      vertex 79.8573 20.9808 23.3
      vertex 80.1982 20.596 23.3
    endloop
  endfacet
  facet normal -0 0 1
    outer loop
      vertex 79.8135 20.9294 23.3
      vertex 80.1982 20.596 23.3
      vertex 79.8573 20.9808 23.3
    endloop
  endfacet
  facet normal 0 0 1
    outer loop
      vertex 80.1982 20.596 23.3
      vertex 79.8135 20.9294 23.3
      vertex 80.097 20.527 23.3
    endloop
  endfacet
  facet normal -0 0 1
    outer loop
      vertex 79.7648 20.8858 23.3
      vertex 80.097 20.527 23.3
      vertex 79.8135 20.9294 23.3
    endloop
  endfacet
  facet normal 0 0 1
    outer loop
      vertex 80.097 20.527 23.3
      vertex 79.7648 20.8858 23.3
      vertex 79.9863 20.4705 23.3
    endloop
  endfacet
  facet normal -0 0 1
    outer loop
      vertex 79.7113 20.8502 23.3
      vertex 79.9863 20.4705 23.3
      vertex 79.7648 20.8858 23.3
    endloop
  endfacet
  facet normal 0 0 1
    outer loop
      vertex 79.9863 20.4705 23.3
      vertex 79.7113 20.8502 23.3
      vertex 79.8661 20.4266 23.3
    endloop
  endfacet
  facet normal -0 0 1
    outer loop
      vertex 79.6529 20.8225 23.3
      vertex 79.8661 20.4266 23.3
      vertex 79.7113 20.8502 23.3
    endloop
  endfacet
  facet normal 0 0 1
    outer loop
      vertex 79.8661 20.4266 23.3
      vertex 79.6529 20.8225 23.3
      vertex 79.7364 20.3952 23.3
    endloop
  endfacet
  facet normal -0 0 1
    outer loop
      vertex 79.5896 20.8027 23.3
      vertex 79.7364 20.3952 23.3
      vertex 79.6529 20.8225 23.3
    endloop
  endfacet
  facet normal 0 0 1
    outer loop
      vertex 79.7364 20.3952 23.3
      vertex 79.5896 20.8027 23.3
      vertex 79.5972 20.3764 23.3
    endloop
  endfacet
  facet normal -0 0 1
    outer loop
      vertex 79.5215 20.7908 23.3
      vertex 79.5972 20.3764 23.3
      vertex 79.5896 20.8027 23.3
    endloop
  endfacet
  facet normal 0 0 1
    outer loop
      vertex 79.4485 20.3701 23.3
      vertex 79.5215 20.7908 23.3
      vertex 79.4485 20.7869 23.3
    endloop
  endfacet
  facet normal 0 0 1
    outer loop
      vertex 79.5215 20.7908 23.3
      vertex 79.4485 20.3701 23.3
      vertex 79.5972 20.3764 23.3
    endloop
  endfacet
  facet normal 0 0 1
    outer loop
      vertex 79.3759 20.7908 23.3
      vertex 79.4485 20.3701 23.3
      vertex 79.4485 20.7869 23.3
    endloop
  endfacet
  facet normal 0 0 1
    outer loop
      vertex 79.3002 20.3764 23.3
      vertex 79.3759 20.7908 23.3
      vertex 79.3081 20.8027 23.3
    endloop
  endfacet
  facet normal 0 0 1
    outer loop
      vertex 79.3759 20.7908 23.3
      vertex 79.3002 20.3764 23.3
      vertex 79.4485 20.3701 23.3
    endloop
  endfacet
  facet normal 0 0 1
    outer loop
      vertex 79.1613 20.3952 23.3
      vertex 79.3081 20.8027 23.3
      vertex 79.2451 20.8225 23.3
    endloop
  endfacet
  facet normal 0 0 1
    outer loop
      vertex 79.0318 20.4266 23.3
      vertex 79.2451 20.8225 23.3
      vertex 79.1869 20.8502 23.3
    endloop
  endfacet
  facet normal 0 0 1
    outer loop
      vertex 79.3081 20.8027 23.3
      vertex 79.1613 20.3952 23.3
      vertex 79.3002 20.3764 23.3
    endloop
  endfacet
  facet normal 0 0 1
    outer loop
      vertex 78.9117 20.4705 23.3
      vertex 79.1869 20.8502 23.3
      vertex 79.1335 20.8858 23.3
    endloop
  endfacet
  facet normal 0 0 1
    outer loop
      vertex 78.801 20.527 23.3
      vertex 79.1335 20.8858 23.3
      vertex 79.085 20.9294 23.3
    endloop
  endfacet
  facet normal 0 0 1
    outer loop
      vertex 78.6997 20.596 23.3
      vertex 79.085 20.9294 23.3
      vertex 79.0412 20.9808 23.3
    endloop
  endfacet
  facet normal 0 0 1
    outer loop
      vertex 79.2451 20.8225 23.3
      vertex 79.0318 20.4266 23.3
      vertex 79.1613 20.3952 23.3
    endloop
  endfacet
  facet normal 0 0 1
    outer loop
      vertex 78.6078 20.6776 23.3
      vertex 79.0412 20.9808 23.3
      vertex 79.0028 21.0394 23.3
    endloop
  endfacet
  facet normal 0 0 1
    outer loop
      vertex 78.5269 20.7702 23.3
      vertex 79.0028 21.0394 23.3
      vertex 78.9703 21.1044 23.3
    endloop
  endfacet
  facet normal 0 0 1
    outer loop
      vertex 78.4584 20.8723 23.3
      vertex 78.9703 21.1044 23.3
      vertex 78.9437 21.1758 23.3
    endloop
  endfacet
  facet normal 0 0 1
    outer loop
      vertex 78.4023 20.9839 23.3
      vertex 78.9437 21.1758 23.3
      vertex 78.9231 21.2536 23.3
    endloop
  endfacet
  facet normal 0 0 1
    outer loop
      vertex 79.1869 20.8502 23.3
      vertex 78.9117 20.4705 23.3
      vertex 79.0318 20.4266 23.3
    endloop
  endfacet
  facet normal 0 0 1
    outer loop
      vertex 78.3276 21.2356 23.3
      vertex 78.9231 21.2536 23.3
      vertex 78.9083 21.3378 23.3
    endloop
  endfacet
  facet normal -0 0 1
    outer loop
      vertex 78.309 21.3757 23.3
      vertex 78.9083 21.3378 23.3
      vertex 78.8994 21.4284 23.3
    endloop
  endfacet
  facet normal -0 0 1
    outer loop
      vertex 78.3027 21.5253 23.3
      vertex 78.8994 21.4284 23.3
      vertex 78.8965 21.5253 23.3
    endloop
  endfacet
  facet normal -0 0 1
    outer loop
      vertex 78.4023 22.068 23.3
      vertex 78.9437 21.876 23.3
      vertex 78.4584 22.1797 23.3
    endloop
  endfacet
  facet normal 0 0 1
    outer loop
      vertex 78.8994 21.4284 23.3
      vertex 78.3027 21.5253 23.3
      vertex 78.309 21.3757 23.3
    endloop
  endfacet
  facet normal 0 0 1
    outer loop
      vertex 78.9437 21.876 23.3
      vertex 78.4023 22.068 23.3
      vertex 78.9231 21.798 23.3
    endloop
  endfacet
  facet normal 0 0 1
    outer loop
      vertex 78.9083 21.3378 23.3
      vertex 78.309 21.3757 23.3
      vertex 78.3276 21.2356 23.3
    endloop
  endfacet
  facet normal -0 0 1
    outer loop
      vertex 78.3588 21.9467 23.3
      vertex 78.9231 21.798 23.3
      vertex 78.4023 22.068 23.3
    endloop
  endfacet
  facet normal 0 0 1
    outer loop
      vertex 78.9231 21.2536 23.3
      vertex 78.3276 21.2356 23.3
      vertex 78.3588 21.105 23.3
    endloop
  endfacet
  facet normal -0 0 1
    outer loop
      vertex 78.3276 21.8158 23.3
      vertex 78.9231 21.798 23.3
      vertex 78.3588 21.9467 23.3
    endloop
  endfacet
  facet normal 0 0 1
    outer loop
      vertex 79.1335 20.8858 23.3
      vertex 78.801 20.527 23.3
      vertex 78.9117 20.4705 23.3
    endloop
  endfacet
  facet normal 0 0 1
    outer loop
      vertex 78.9231 21.798 23.3
      vertex 78.3276 21.8158 23.3
      vertex 78.9083 21.7136 23.3
    endloop
  endfacet
  facet normal 0 0 1
    outer loop
      vertex 79.085 20.9294 23.3
      vertex 78.6997 20.596 23.3
      vertex 78.801 20.527 23.3
    endloop
  endfacet
  facet normal 0 0 1
    outer loop
      vertex 78.309 21.6753 23.3
      vertex 78.9083 21.7136 23.3
      vertex 78.3276 21.8158 23.3
    endloop
  endfacet
  facet normal 0 0 1
    outer loop
      vertex 79.0412 20.9808 23.3
      vertex 78.6078 20.6776 23.3
      vertex 78.6997 20.596 23.3
    endloop
  endfacet
  facet normal 0 0 1
    outer loop
      vertex 78.9083 21.7136 23.3
      vertex 78.309 21.6753 23.3
      vertex 78.8994 21.6227 23.3
    endloop
  endfacet
  facet normal 0 0 1
    outer loop
      vertex 78.8994 21.6227 23.3
      vertex 78.3027 21.5253 23.3
      vertex 78.8965 21.5253 23.3
    endloop
  endfacet
  facet normal 0 0 1
    outer loop
      vertex 78.3027 21.5253 23.3
      vertex 78.8994 21.6227 23.3
      vertex 78.309 21.6753 23.3
    endloop
  endfacet
  facet normal 0 0 1
    outer loop
      vertex 79.0028 21.0394 23.3
      vertex 78.5269 20.7702 23.3
      vertex 78.6078 20.6776 23.3
    endloop
  endfacet
  facet normal 0 0 1
    outer loop
      vertex 78.9703 21.1044 23.3
      vertex 78.4584 20.8723 23.3
      vertex 78.5269 20.7702 23.3
    endloop
  endfacet
  facet normal 0 0 1
    outer loop
      vertex 78.9231 21.2536 23.3
      vertex 78.3588 21.105 23.3
      vertex 78.4023 20.9839 23.3
    endloop
  endfacet
  facet normal 0 0 1
    outer loop
      vertex 78.9437 21.1758 23.3
      vertex 78.4023 20.9839 23.3
      vertex 78.4584 20.8723 23.3
    endloop
  endfacet
  facet normal -0 0 1
    outer loop
      vertex 82.37 22.6412 23.3
      vertex 81.9642 21.5864 23.3
      vertex 83.0369 22.6412 23.3
    endloop
  endfacet
  facet normal 0 -0 1
    outer loop
      vertex 81.9642 21.5864 23.3
      vertex 82.37 22.6412 23.3
      vertex 81.542 21.8281 23.3
    endloop
  endfacet
  facet normal 0 0 1
    outer loop
      vertex 81.9642 21.5864 23.3
      vertex 82.4282 20.4138 23.3
      vertex 83.1473 20.4138 23.3
    endloop
  endfacet
  facet normal 0 0 1
    outer loop
      vertex 81.542 21.291 23.3
      vertex 81.9642 21.5864 23.3
      vertex 81.542 21.8281 23.3
    endloop
  endfacet
  facet normal 0 0 1
    outer loop
      vertex 81.9642 21.5864 23.3
      vertex 81.542 21.291 23.3
      vertex 82.4282 20.4138 23.3
    endloop
  endfacet
  facet normal -0 0 1
    outer loop
      vertex 80.9677 22.6412 23.3
      vertex 81.542 21.8281 23.3
      vertex 81.542 22.6412 23.3
    endloop
  endfacet
  facet normal 0 0 1
    outer loop
      vertex 81.542 21.8281 23.3
      vertex 80.9677 22.6412 23.3
      vertex 81.542 21.291 23.3
    endloop
  endfacet
  facet normal 0 0 1
    outer loop
      vertex 80.9677 20.4138 23.3
      vertex 81.542 21.291 23.3
      vertex 80.9677 22.6412 23.3
    endloop
  endfacet
  facet normal 0 0 1
    outer loop
      vertex 81.542 21.291 23.3
      vertex 80.9677 20.4138 23.3
      vertex 81.542 20.4138 23.3
    endloop
  endfacet
  facet normal 0.133842 -0.991003 0
    outer loop
      vertex 79.5972 20.3764 22.92
      vertex 79.7364 20.3952 23.3
      vertex 79.5972 20.3764 23.3
    endloop
  endfacet
  facet normal 0.133842 -0.991003 0
    outer loop
      vertex 79.7364 20.3952 23.3
      vertex 79.5972 20.3764 22.92
      vertex 79.7364 20.3952 22.92
    endloop
  endfacet
  facet normal 0.2353 -0.971923 0
    outer loop
      vertex 79.7364 20.3952 22.92
      vertex 79.8661 20.4266 23.3
      vertex 79.7364 20.3952 23.3
    endloop
  endfacet
  facet normal 0.2353 -0.971923 0
    outer loop
      vertex 79.8661 20.4266 23.3
      vertex 79.7364 20.3952 22.92
      vertex 79.8661 20.4266 22.92
    endloop
  endfacet
  facet normal 0.34306 -0.939313 0
    outer loop
      vertex 79.8661 20.4266 22.92
      vertex 79.9863 20.4705 23.3
      vertex 79.8661 20.4266 23.3
    endloop
  endfacet
  facet normal 0.34306 -0.939313 0
    outer loop
      vertex 79.9863 20.4705 23.3
      vertex 79.8661 20.4266 22.92
      vertex 79.9863 20.4705 22.92
    endloop
  endfacet
  facet normal 0.454601 -0.890695 0
    outer loop
      vertex 79.9863 20.4705 22.92
      vertex 80.097 20.527 23.3
      vertex 79.9863 20.4705 23.3
    endloop
  endfacet
  facet normal 0.454601 -0.890695 0
    outer loop
      vertex 80.097 20.527 23.3
      vertex 79.9863 20.4705 22.92
      vertex 80.097 20.527 22.92
    endloop
  endfacet
  facet normal 0.563337 -0.826227 0
    outer loop
      vertex 80.097 20.527 22.92
      vertex 80.1982 20.596 23.3
      vertex 80.097 20.527 23.3
    endloop
  endfacet
  facet normal 0.563337 -0.826227 0
    outer loop
      vertex 80.1982 20.596 23.3
      vertex 80.097 20.527 22.92
      vertex 80.1982 20.596 22.92
    endloop
  endfacet
  facet normal 0.664768 -0.74705 0
    outer loop
      vertex 80.1982 20.596 22.92
      vertex 80.2899 20.6776 23.3
      vertex 80.1982 20.596 23.3
    endloop
  endfacet
  facet normal 0.664768 -0.74705 0
    outer loop
      vertex 80.2899 20.6776 23.3
      vertex 80.1982 20.596 22.92
      vertex 80.2899 20.6776 22.92
    endloop
  endfacet
  facet normal 0.753483 -0.657467 0
    outer loop
      vertex 80.2899 20.6776 23.3
      vertex 80.3707 20.7702 22.92
      vertex 80.3707 20.7702 23.3
    endloop
  endfacet
  facet normal 0.753483 -0.657467 0
    outer loop
      vertex 80.3707 20.7702 22.92
      vertex 80.2899 20.6776 23.3
      vertex 80.2899 20.6776 22.92
    endloop
  endfacet
  facet normal 0.831173 -0.556015 0
    outer loop
      vertex 80.3707 20.7702 23.3
      vertex 80.439 20.8723 22.92
      vertex 80.439 20.8723 23.3
    endloop
  endfacet
  facet normal 0.831173 -0.556015 0
    outer loop
      vertex 80.439 20.8723 22.92
      vertex 80.3707 20.7702 23.3
      vertex 80.3707 20.7702 22.92
    endloop
  endfacet
  facet normal 0.894106 -0.447854 0
    outer loop
      vertex 80.439 20.8723 23.3
      vertex 80.4949 20.9839 22.92
      vertex 80.4949 20.9839 23.3
    endloop
  endfacet
  facet normal 0.894106 -0.447854 0
    outer loop
      vertex 80.4949 20.9839 22.92
      vertex 80.439 20.8723 23.3
      vertex 80.439 20.8723 22.92
    endloop
  endfacet
  facet normal 0.941372 -0.33737 0
    outer loop
      vertex 80.4949 20.9839 23.3
      vertex 80.5383 21.105 22.92
      vertex 80.5383 21.105 23.3
    endloop
  endfacet
  facet normal 0.941372 -0.33737 0
    outer loop
      vertex 80.5383 21.105 22.92
      vertex 80.4949 20.9839 23.3
      vertex 80.4949 20.9839 22.92
    endloop
  endfacet
  facet normal 0.972798 -0.231654 0
    outer loop
      vertex 80.5383 21.105 23.3
      vertex 80.5694 21.2356 22.92
      vertex 80.5694 21.2356 23.3
    endloop
  endfacet
  facet normal 0.972798 -0.231654 0
    outer loop
      vertex 80.5694 21.2356 22.92
      vertex 80.5383 21.105 23.3
      vertex 80.5383 21.105 22.92
    endloop
  endfacet
  facet normal 0.991302 -0.131608 0
    outer loop
      vertex 80.5694 21.2356 23.3
      vertex 80.588 21.3757 22.92
      vertex 80.588 21.3757 23.3
    endloop
  endfacet
  facet normal 0.991302 -0.131608 0
    outer loop
      vertex 80.588 21.3757 22.92
      vertex 80.5694 21.2356 23.3
      vertex 80.5694 21.2356 22.92
    endloop
  endfacet
  facet normal 0.999142 -0.0414083 0
    outer loop
      vertex 80.588 21.3757 23.3
      vertex 80.5942 21.5253 22.92
      vertex 80.5942 21.5253 23.3
    endloop
  endfacet
  facet normal 0.999142 -0.0414083 0
    outer loop
      vertex 80.5942 21.5253 22.92
      vertex 80.588 21.3757 23.3
      vertex 80.588 21.3757 22.92
    endloop
  endfacet
  facet normal 0.999147 0.0412981 0
    outer loop
      vertex 80.5942 21.5253 23.3
      vertex 80.588 21.6753 22.92
      vertex 80.588 21.6753 23.3
    endloop
  endfacet
  facet normal 0.999147 0.0412981 0
    outer loop
      vertex 80.588 21.6753 22.92
      vertex 80.5942 21.5253 23.3
      vertex 80.5942 21.5253 22.92
    endloop
  endfacet
  facet normal 0.991351 0.131239 0
    outer loop
      vertex 80.588 21.6753 23.3
      vertex 80.5694 21.8158 22.92
      vertex 80.5694 21.8158 23.3
    endloop
  endfacet
  facet normal 0.991351 0.131239 0
    outer loop
      vertex 80.5694 21.8158 22.92
      vertex 80.588 21.6753 23.3
      vertex 80.588 21.6753 22.92
    endloop
  endfacet
  facet normal 0.972918 0.231152 0
    outer loop
      vertex 80.5694 21.8158 23.3
      vertex 80.5383 21.9467 22.92
      vertex 80.5383 21.9467 23.3
    endloop
  endfacet
  facet normal 0.972918 0.231152 0
    outer loop
      vertex 80.5383 21.9467 22.92
      vertex 80.5694 21.8158 23.3
      vertex 80.5694 21.8158 22.92
    endloop
  endfacet
  facet normal 0.941549 0.336877 0
    outer loop
      vertex 80.5383 21.9467 23.3
      vertex 80.4949 22.068 22.92
      vertex 80.4949 22.068 23.3
    endloop
  endfacet
  facet normal 0.941549 0.336877 0
    outer loop
      vertex 80.4949 22.068 22.92
      vertex 80.5383 21.9467 23.3
      vertex 80.5383 21.9467 22.92
    endloop
  endfacet
  facet normal 0.894267 0.447534 0
    outer loop
      vertex 80.4949 22.068 23.3
      vertex 80.439 22.1797 22.92
      vertex 80.439 22.1797 23.3
    endloop
  endfacet
  facet normal 0.894267 0.447534 0
    outer loop
      vertex 80.439 22.1797 22.92
      vertex 80.4949 22.068 23.3
      vertex 80.4949 22.068 22.92
    endloop
  endfacet
  facet normal 0.831424 0.555639 0
    outer loop
      vertex 80.439 22.1797 23.3
      vertex 80.3707 22.2819 22.92
      vertex 80.3707 22.2819 23.3
    endloop
  endfacet
  facet normal 0.831424 0.555639 0
    outer loop
      vertex 80.3707 22.2819 22.92
      vertex 80.439 22.1797 23.3
      vertex 80.439 22.1797 22.92
    endloop
  endfacet
  facet normal 0.753835 0.657064 0
    outer loop
      vertex 80.3707 22.2819 23.3
      vertex 80.2899 22.3746 22.92
      vertex 80.2899 22.3746 23.3
    endloop
  endfacet
  facet normal 0.753835 0.657064 0
    outer loop
      vertex 80.2899 22.3746 22.92
      vertex 80.3707 22.2819 23.3
      vertex 80.3707 22.2819 22.92
    endloop
  endfacet
  facet normal 0.664313 0.747454 -0
    outer loop
      vertex 80.2899 22.3746 22.92
      vertex 80.1982 22.4561 23.3
      vertex 80.2899 22.3746 23.3
    endloop
  endfacet
  facet normal 0.664313 0.747454 0
    outer loop
      vertex 80.1982 22.4561 23.3
      vertex 80.2899 22.3746 22.92
      vertex 80.1982 22.4561 22.92
    endloop
  endfacet
  facet normal 0.563894 0.825847 -0
    outer loop
      vertex 80.1982 22.4561 22.92
      vertex 80.097 22.5252 23.3
      vertex 80.1982 22.4561 23.3
    endloop
  endfacet
  facet normal 0.563894 0.825847 0
    outer loop
      vertex 80.097 22.5252 23.3
      vertex 80.1982 22.4561 22.92
      vertex 80.097 22.5252 22.92
    endloop
  endfacet
  facet normal 0.453962 0.891021 -0
    outer loop
      vertex 80.097 22.5252 22.92
      vertex 79.9863 22.5816 23.3
      vertex 80.097 22.5252 23.3
    endloop
  endfacet
  facet normal 0.453962 0.891021 0
    outer loop
      vertex 79.9863 22.5816 23.3
      vertex 80.097 22.5252 22.92
      vertex 79.9863 22.5816 22.92
    endloop
  endfacet
  facet normal 0.34306 0.939313 -0
    outer loop
      vertex 79.9863 22.5816 22.92
      vertex 79.8661 22.6255 23.3
      vertex 79.9863 22.5816 23.3
    endloop
  endfacet
  facet normal 0.34306 0.939313 0
    outer loop
      vertex 79.8661 22.6255 23.3
      vertex 79.9863 22.5816 22.92
      vertex 79.8661 22.6255 22.92
    endloop
  endfacet
  facet normal 0.2353 0.971923 -0
    outer loop
      vertex 79.8661 22.6255 22.92
      vertex 79.7364 22.6569 23.3
      vertex 79.8661 22.6255 23.3
    endloop
  endfacet
  facet normal 0.2353 0.971923 0
    outer loop
      vertex 79.7364 22.6569 23.3
      vertex 79.8661 22.6255 22.92
      vertex 79.7364 22.6569 22.92
    endloop
  endfacet
  facet normal 0.134541 0.990908 -0
    outer loop
      vertex 79.7364 22.6569 22.92
      vertex 79.5972 22.6758 23.3
      vertex 79.7364 22.6569 23.3
    endloop
  endfacet
  facet normal 0.134541 0.990908 0
    outer loop
      vertex 79.5972 22.6758 23.3
      vertex 79.7364 22.6569 22.92
      vertex 79.5972 22.6758 22.92
    endloop
  endfacet
  facet normal 0.0416585 0.999132 -0
    outer loop
      vertex 79.5972 22.6758 22.92
      vertex 79.4485 22.682 23.3
      vertex 79.5972 22.6758 23.3
    endloop
  endfacet
  facet normal 0.0416585 0.999132 0
    outer loop
      vertex 79.4485 22.682 23.3
      vertex 79.5972 22.6758 22.92
      vertex 79.4485 22.682 22.92
    endloop
  endfacet
  facet normal -0.0417707 0.999127 0
    outer loop
      vertex 79.4485 22.682 22.92
      vertex 79.3002 22.6758 23.3
      vertex 79.4485 22.682 23.3
    endloop
  endfacet
  facet normal -0.0417707 0.999127 0
    outer loop
      vertex 79.3002 22.6758 23.3
      vertex 79.4485 22.682 22.92
      vertex 79.3002 22.6758 22.92
    endloop
  endfacet
  facet normal -0.134827 0.990869 0
    outer loop
      vertex 79.3002 22.6758 22.92
      vertex 79.1613 22.6569 23.3
      vertex 79.3002 22.6758 23.3
    endloop
  endfacet
  facet normal -0.134827 0.990869 0
    outer loop
      vertex 79.1613 22.6569 23.3
      vertex 79.3002 22.6758 22.92
      vertex 79.1613 22.6569 22.92
    endloop
  endfacet
  facet normal -0.235643 0.97184 0
    outer loop
      vertex 79.1613 22.6569 22.92
      vertex 79.0318 22.6255 23.3
      vertex 79.1613 22.6569 23.3
    endloop
  endfacet
  facet normal -0.235643 0.97184 0
    outer loop
      vertex 79.0318 22.6255 23.3
      vertex 79.1613 22.6569 22.92
      vertex 79.0318 22.6255 22.92
    endloop
  endfacet
  facet normal -0.343312 0.939221 0
    outer loop
      vertex 79.0318 22.6255 22.92
      vertex 78.9117 22.5816 23.3
      vertex 79.0318 22.6255 23.3
    endloop
  endfacet
  facet normal -0.343312 0.939221 0
    outer loop
      vertex 78.9117 22.5816 23.3
      vertex 79.0318 22.6255 22.92
      vertex 78.9117 22.5816 22.92
    endloop
  endfacet
  facet normal -0.453962 0.891021 0
    outer loop
      vertex 78.9117 22.5816 22.92
      vertex 78.801 22.5252 23.3
      vertex 78.9117 22.5816 23.3
    endloop
  endfacet
  facet normal -0.453962 0.891021 0
    outer loop
      vertex 78.801 22.5252 23.3
      vertex 78.9117 22.5816 22.92
      vertex 78.801 22.5252 22.92
    endloop
  endfacet
  facet normal -0.563514 0.826107 0
    outer loop
      vertex 78.801 22.5252 22.92
      vertex 78.6997 22.4561 23.3
      vertex 78.801 22.5252 23.3
    endloop
  endfacet
  facet normal -0.563514 0.826107 0
    outer loop
      vertex 78.6997 22.4561 23.3
      vertex 78.801 22.5252 22.92
      vertex 78.6997 22.4561 22.92
    endloop
  endfacet
  facet normal -0.663504 0.748172 0
    outer loop
      vertex 78.6997 22.4561 22.92
      vertex 78.6078 22.3746 23.3
      vertex 78.6997 22.4561 23.3
    endloop
  endfacet
  facet normal -0.663504 0.748172 0
    outer loop
      vertex 78.6078 22.3746 23.3
      vertex 78.6997 22.4561 22.92
      vertex 78.6078 22.3746 22.92
    endloop
  endfacet
  facet normal -0.753432 0.657526 0
    outer loop
      vertex 78.5269 22.2819 22.92
      vertex 78.6078 22.3746 23.3
      vertex 78.6078 22.3746 22.92
    endloop
  endfacet
  facet normal -0.753432 0.657526 0
    outer loop
      vertex 78.6078 22.3746 23.3
      vertex 78.5269 22.2819 22.92
      vertex 78.5269 22.2819 23.3
    endloop
  endfacet
  facet normal -0.830672 0.556762 0
    outer loop
      vertex 78.4584 22.1797 22.92
      vertex 78.5269 22.2819 23.3
      vertex 78.5269 22.2819 22.92
    endloop
  endfacet
  facet normal -0.830672 0.556762 0
    outer loop
      vertex 78.5269 22.2819 23.3
      vertex 78.4584 22.1797 22.92
      vertex 78.4584 22.1797 23.3
    endloop
  endfacet
  facet normal -0.893626 0.448813 0
    outer loop
      vertex 78.4023 22.068 22.92
      vertex 78.4584 22.1797 23.3
      vertex 78.4584 22.1797 22.92
    endloop
  endfacet
  facet normal -0.893626 0.448813 0
    outer loop
      vertex 78.4584 22.1797 23.3
      vertex 78.4023 22.068 22.92
      vertex 78.4023 22.068 23.3
    endloop
  endfacet
  facet normal -0.941302 0.337565 0
    outer loop
      vertex 78.3588 21.9467 22.92
      vertex 78.4023 22.068 23.3
      vertex 78.4023 22.068 22.92
    endloop
  endfacet
  facet normal -0.941302 0.337565 0
    outer loop
      vertex 78.4023 22.068 23.3
      vertex 78.3588 21.9467 22.92
      vertex 78.3588 21.9467 23.3
    endloop
  endfacet
  facet normal -0.97275 0.231855 0
    outer loop
      vertex 78.3276 21.8158 22.92
      vertex 78.3588 21.9467 23.3
      vertex 78.3588 21.9467 22.92
    endloop
  endfacet
  facet normal -0.97275 0.231855 0
    outer loop
      vertex 78.3588 21.9467 23.3
      vertex 78.3276 21.8158 22.92
      vertex 78.3276 21.8158 23.3
    endloop
  endfacet
  facet normal -0.991351 0.131239 0
    outer loop
      vertex 78.309 21.6753 22.92
      vertex 78.3276 21.8158 23.3
      vertex 78.3276 21.8158 22.92
    endloop
  endfacet
  facet normal -0.991351 0.131239 0
    outer loop
      vertex 78.3276 21.8158 23.3
      vertex 78.309 21.6753 22.92
      vertex 78.309 21.6753 23.3
    endloop
  endfacet
  facet normal -0.999119 0.041963 0
    outer loop
      vertex 78.3027 21.5253 22.92
      vertex 78.309 21.6753 23.3
      vertex 78.309 21.6753 22.92
    endloop
  endfacet
  facet normal -0.999119 0.041963 0
    outer loop
      vertex 78.309 21.6753 23.3
      vertex 78.3027 21.5253 22.92
      vertex 78.3027 21.5253 23.3
    endloop
  endfacet
  facet normal -0.999114 -0.042075 0
    outer loop
      vertex 78.309 21.3757 22.92
      vertex 78.3027 21.5253 23.3
      vertex 78.3027 21.5253 22.92
    endloop
  endfacet
  facet normal -0.999114 -0.042075 0
    outer loop
      vertex 78.3027 21.5253 23.3
      vertex 78.309 21.3757 22.92
      vertex 78.309 21.3757 23.3
    endloop
  endfacet
  facet normal -0.991302 -0.131608 0
    outer loop
      vertex 78.3276 21.2356 22.92
      vertex 78.309 21.3757 23.3
      vertex 78.309 21.3757 22.92
    endloop
  endfacet
  facet normal -0.991302 -0.131608 0
    outer loop
      vertex 78.309 21.3757 23.3
      vertex 78.3276 21.2356 22.92
      vertex 78.3276 21.2356 23.3
    endloop
  endfacet
  facet normal -0.97263 -0.232359 0
    outer loop
      vertex 78.3588 21.105 22.92
      vertex 78.3276 21.2356 23.3
      vertex 78.3276 21.2356 22.92
    endloop
  endfacet
  facet normal -0.97263 -0.232359 0
    outer loop
      vertex 78.3276 21.2356 23.3
      vertex 78.3588 21.105 22.92
      vertex 78.3588 21.105 23.3
    endloop
  endfacet
  facet normal -0.941125 -0.338059 0
    outer loop
      vertex 78.4023 20.9839 22.92
      vertex 78.3588 21.105 23.3
      vertex 78.3588 21.105 22.92
    endloop
  endfacet
  facet normal -0.941125 -0.338059 0
    outer loop
      vertex 78.3588 21.105 23.3
      vertex 78.4023 20.9839 22.92
      vertex 78.4023 20.9839 23.3
    endloop
  endfacet
  facet normal -0.893464 -0.449134 0
    outer loop
      vertex 78.4584 20.8723 22.92
      vertex 78.4023 20.9839 23.3
      vertex 78.4023 20.9839 22.92
    endloop
  endfacet
  facet normal -0.893464 -0.449134 0
    outer loop
      vertex 78.4023 20.9839 23.3
      vertex 78.4584 20.8723 22.92
      vertex 78.4584 20.8723 23.3
    endloop
  endfacet
  facet normal -0.83042 -0.557138 0
    outer loop
      vertex 78.5269 20.7702 22.92
      vertex 78.4584 20.8723 23.3
      vertex 78.4584 20.8723 22.92
    endloop
  endfacet
  facet normal -0.83042 -0.557138 0
    outer loop
      vertex 78.4584 20.8723 23.3
      vertex 78.5269 20.7702 22.92
      vertex 78.5269 20.7702 23.3
    endloop
  endfacet
  facet normal -0.75308 -0.657929 0
    outer loop
      vertex 78.6078 20.6776 22.92
      vertex 78.5269 20.7702 23.3
      vertex 78.5269 20.7702 22.92
    endloop
  endfacet
  facet normal -0.75308 -0.657929 0
    outer loop
      vertex 78.5269 20.7702 23.3
      vertex 78.6078 20.6776 22.92
      vertex 78.6078 20.6776 23.3
    endloop
  endfacet
  facet normal -0.66396 -0.747768 0
    outer loop
      vertex 78.6078 20.6776 22.92
      vertex 78.6997 20.596 23.3
      vertex 78.6078 20.6776 23.3
    endloop
  endfacet
  facet normal -0.66396 -0.747768 -0
    outer loop
      vertex 78.6997 20.596 23.3
      vertex 78.6078 20.6776 22.92
      vertex 78.6997 20.596 22.92
    endloop
  endfacet
  facet normal -0.562957 -0.826486 0
    outer loop
      vertex 78.6997 20.596 22.92
      vertex 78.801 20.527 23.3
      vertex 78.6997 20.596 23.3
    endloop
  endfacet
  facet normal -0.562957 -0.826486 -0
    outer loop
      vertex 78.801 20.527 23.3
      vertex 78.6997 20.596 22.92
      vertex 78.801 20.527 22.92
    endloop
  endfacet
  facet normal -0.454601 -0.890695 0
    outer loop
      vertex 78.801 20.527 22.92
      vertex 78.9117 20.4705 23.3
      vertex 78.801 20.527 23.3
    endloop
  endfacet
  facet normal -0.454601 -0.890695 -0
    outer loop
      vertex 78.9117 20.4705 23.3
      vertex 78.801 20.527 22.92
      vertex 78.9117 20.4705 22.92
    endloop
  endfacet
  facet normal -0.343312 -0.939221 0
    outer loop
      vertex 78.9117 20.4705 22.92
      vertex 79.0318 20.4266 23.3
      vertex 78.9117 20.4705 23.3
    endloop
  endfacet
  facet normal -0.343312 -0.939221 -0
    outer loop
      vertex 79.0318 20.4266 23.3
      vertex 78.9117 20.4705 22.92
      vertex 79.0318 20.4266 22.92
    endloop
  endfacet
  facet normal -0.235643 -0.97184 0
    outer loop
      vertex 79.0318 20.4266 22.92
      vertex 79.1613 20.3952 23.3
      vertex 79.0318 20.4266 23.3
    endloop
  endfacet
  facet normal -0.235643 -0.97184 -0
    outer loop
      vertex 79.1613 20.3952 23.3
      vertex 79.0318 20.4266 22.92
      vertex 79.1613 20.3952 22.92
    endloop
  endfacet
  facet normal -0.134126 -0.990964 0
    outer loop
      vertex 79.1613 20.3952 22.92
      vertex 79.3002 20.3764 23.3
      vertex 79.1613 20.3952 23.3
    endloop
  endfacet
  facet normal -0.134126 -0.990964 -0
    outer loop
      vertex 79.3002 20.3764 23.3
      vertex 79.1613 20.3952 22.92
      vertex 79.3002 20.3764 22.92
    endloop
  endfacet
  facet normal -0.0424432 -0.999099 0
    outer loop
      vertex 79.3002 20.3764 22.92
      vertex 79.4485 20.3701 23.3
      vertex 79.3002 20.3764 23.3
    endloop
  endfacet
  facet normal -0.0424432 -0.999099 -0
    outer loop
      vertex 79.4485 20.3701 23.3
      vertex 79.3002 20.3764 22.92
      vertex 79.4485 20.3701 22.92
    endloop
  endfacet
  facet normal 0.0423292 -0.999104 0
    outer loop
      vertex 79.4485 20.3701 22.92
      vertex 79.5972 20.3764 23.3
      vertex 79.4485 20.3701 23.3
    endloop
  endfacet
  facet normal 0.0423292 -0.999104 0
    outer loop
      vertex 79.5972 20.3764 23.3
      vertex 79.4485 20.3701 22.92
      vertex 79.5972 20.3764 22.92
    endloop
  endfacet
  facet normal 0.172874 0.984944 -0
    outer loop
      vertex 79.3759 20.7908 22.92
      vertex 79.3081 20.8027 23.3
      vertex 79.3759 20.7908 23.3
    endloop
  endfacet
  facet normal 0.172874 0.984944 0
    outer loop
      vertex 79.3081 20.8027 23.3
      vertex 79.3759 20.7908 22.92
      vertex 79.3081 20.8027 22.92
    endloop
  endfacet
  facet normal 0.299827 0.953994 -0
    outer loop
      vertex 79.3081 20.8027 22.92
      vertex 79.2451 20.8225 23.3
      vertex 79.3081 20.8027 23.3
    endloop
  endfacet
  facet normal 0.299827 0.953994 0
    outer loop
      vertex 79.2451 20.8225 23.3
      vertex 79.3081 20.8027 22.92
      vertex 79.2451 20.8225 22.92
    endloop
  endfacet
  facet normal 0.429753 0.902947 -0
    outer loop
      vertex 79.2451 20.8225 22.92
      vertex 79.1869 20.8502 23.3
      vertex 79.2451 20.8225 23.3
    endloop
  endfacet
  facet normal 0.429753 0.902947 0
    outer loop
      vertex 79.1869 20.8502 23.3
      vertex 79.2451 20.8225 22.92
      vertex 79.1869 20.8502 22.92
    endloop
  endfacet
  facet normal 0.5547 0.83205 -0
    outer loop
      vertex 79.1869 20.8502 22.92
      vertex 79.1335 20.8858 23.3
      vertex 79.1869 20.8502 23.3
    endloop
  endfacet
  facet normal 0.5547 0.83205 0
    outer loop
      vertex 79.1335 20.8858 23.3
      vertex 79.1869 20.8502 22.92
      vertex 79.1335 20.8858 22.92
    endloop
  endfacet
  facet normal 0.668541 0.743675 -0
    outer loop
      vertex 79.1335 20.8858 22.92
      vertex 79.085 20.9294 23.3
      vertex 79.1335 20.8858 23.3
    endloop
  endfacet
  facet normal 0.668541 0.743675 0
    outer loop
      vertex 79.085 20.9294 23.3
      vertex 79.1335 20.8858 22.92
      vertex 79.085 20.9294 22.92
    endloop
  endfacet
  facet normal 0.761135 0.648594 0
    outer loop
      vertex 79.085 20.9294 23.3
      vertex 79.0412 20.9808 22.92
      vertex 79.0412 20.9808 23.3
    endloop
  endfacet
  facet normal 0.761135 0.648594 0
    outer loop
      vertex 79.0412 20.9808 22.92
      vertex 79.085 20.9294 23.3
      vertex 79.085 20.9294 22.92
    endloop
  endfacet
  facet normal 0.836416 0.548095 0
    outer loop
      vertex 79.0412 20.9808 23.3
      vertex 79.0028 21.0394 22.92
      vertex 79.0028 21.0394 23.3
    endloop
  endfacet
  facet normal 0.836416 0.548095 0
    outer loop
      vertex 79.0028 21.0394 22.92
      vertex 79.0412 20.9808 23.3
      vertex 79.0412 20.9808 22.92
    endloop
  endfacet
  facet normal 0.894427 0.447214 0
    outer loop
      vertex 79.0028 21.0394 23.3
      vertex 78.9703 21.1044 22.92
      vertex 78.9703 21.1044 23.3
    endloop
  endfacet
  facet normal 0.894427 0.447214 0
    outer loop
      vertex 78.9703 21.1044 22.92
      vertex 79.0028 21.0394 23.3
      vertex 79.0028 21.0394 22.92
    endloop
  endfacet
  facet normal 0.937082 0.349109 0
    outer loop
      vertex 78.9703 21.1044 23.3
      vertex 78.9437 21.1758 22.92
      vertex 78.9437 21.1758 23.3
    endloop
  endfacet
  facet normal 0.937082 0.349109 0
    outer loop
      vertex 78.9437 21.1758 22.92
      vertex 78.9703 21.1044 23.3
      vertex 78.9703 21.1044 22.92
    endloop
  endfacet
  facet normal 0.966687 0.255961 0
    outer loop
      vertex 78.9437 21.1758 23.3
      vertex 78.9231 21.2536 22.92
      vertex 78.9231 21.2536 23.3
    endloop
  endfacet
  facet normal 0.966687 0.255961 0
    outer loop
      vertex 78.9231 21.2536 22.92
      vertex 78.9437 21.1758 23.3
      vertex 78.9437 21.1758 22.92
    endloop
  endfacet
  facet normal 0.984901 0.173118 0
    outer loop
      vertex 78.9231 21.2536 23.3
      vertex 78.9083 21.3378 22.92
      vertex 78.9083 21.3378 23.3
    endloop
  endfacet
  facet normal 0.984901 0.173118 0
    outer loop
      vertex 78.9083 21.3378 22.92
      vertex 78.9231 21.2536 23.3
      vertex 78.9231 21.2536 22.92
    endloop
  endfacet
  facet normal 0.99521 0.0977634 0
    outer loop
      vertex 78.9083 21.3378 23.3
      vertex 78.8994 21.4284 22.92
      vertex 78.8994 21.4284 23.3
    endloop
  endfacet
  facet normal 0.99521 0.0977634 0
    outer loop
      vertex 78.8994 21.4284 22.92
      vertex 78.9083 21.3378 23.3
      vertex 78.9083 21.3378 22.92
    endloop
  endfacet
  facet normal 0.999552 0.0299144 0
    outer loop
      vertex 78.8994 21.4284 23.3
      vertex 78.8965 21.5253 22.92
      vertex 78.8965 21.5253 23.3
    endloop
  endfacet
  facet normal 0.999552 0.0299144 0
    outer loop
      vertex 78.8965 21.5253 22.92
      vertex 78.8994 21.4284 23.3
      vertex 78.8994 21.4284 22.92
    endloop
  endfacet
  facet normal 0.999557 -0.0297609 0
    outer loop
      vertex 78.8965 21.5253 23.3
      vertex 78.8994 21.6227 22.92
      vertex 78.8994 21.6227 23.3
    endloop
  endfacet
  facet normal 0.999557 -0.0297609 0
    outer loop
      vertex 78.8994 21.6227 22.92
      vertex 78.8965 21.5253 23.3
      vertex 78.8965 21.5253 22.92
    endloop
  endfacet
  facet normal 0.995241 -0.0974438 0
    outer loop
      vertex 78.8994 21.6227 23.3
      vertex 78.9083 21.7136 22.92
      vertex 78.9083 21.7136 23.3
    endloop
  endfacet
  facet normal 0.995241 -0.0974438 0
    outer loop
      vertex 78.9083 21.7136 22.92
      vertex 78.8994 21.6227 23.3
      vertex 78.8994 21.6227 22.92
    endloop
  endfacet
  facet normal 0.984971 -0.17272 0
    outer loop
      vertex 78.9083 21.7136 23.3
      vertex 78.9231 21.798 22.92
      vertex 78.9231 21.798 23.3
    endloop
  endfacet
  facet normal 0.984971 -0.17272 0
    outer loop
      vertex 78.9231 21.798 22.92
      vertex 78.9083 21.7136 23.3
      vertex 78.9083 21.7136 22.92
    endloop
  endfacet
  facet normal 0.966849 -0.255347 0
    outer loop
      vertex 78.9231 21.798 23.3
      vertex 78.9437 21.876 22.92
      vertex 78.9437 21.876 23.3
    endloop
  endfacet
  facet normal 0.966849 -0.255347 0
    outer loop
      vertex 78.9437 21.876 22.92
      vertex 78.9231 21.798 23.3
      vertex 78.9231 21.798 22.92
    endloop
  endfacet
  facet normal 0.937401 -0.348252 0
    outer loop
      vertex 78.9437 21.876 23.3
      vertex 78.9703 21.9476 22.92
      vertex 78.9703 21.9476 23.3
    endloop
  endfacet
  facet normal 0.937401 -0.348252 0
    outer loop
      vertex 78.9703 21.9476 22.92
      vertex 78.9437 21.876 23.3
      vertex 78.9437 21.876 22.92
    endloop
  endfacet
  facet normal 0.894702 -0.446664 0
    outer loop
      vertex 78.9703 21.9476 23.3
      vertex 79.0028 22.0127 22.92
      vertex 79.0028 22.0127 23.3
    endloop
  endfacet
  facet normal 0.894702 -0.446664 0
    outer loop
      vertex 79.0028 22.0127 22.92
      vertex 78.9703 21.9476 23.3
      vertex 78.9703 21.9476 22.92
    endloop
  endfacet
  facet normal 0.836416 -0.548095 0
    outer loop
      vertex 79.0028 22.0127 23.3
      vertex 79.0412 22.0713 22.92
      vertex 79.0412 22.0713 23.3
    endloop
  endfacet
  facet normal 0.836416 -0.548095 0
    outer loop
      vertex 79.0412 22.0713 22.92
      vertex 79.0028 22.0127 23.3
      vertex 79.0028 22.0127 22.92
    endloop
  endfacet
  facet normal 0.761757 -0.647863 0
    outer loop
      vertex 79.0412 22.0713 23.3
      vertex 79.085 22.1228 22.92
      vertex 79.085 22.1228 23.3
    endloop
  endfacet
  facet normal 0.761757 -0.647863 0
    outer loop
      vertex 79.085 22.1228 22.92
      vertex 79.0412 22.0713 23.3
      vertex 79.0412 22.0713 22.92
    endloop
  endfacet
  facet normal 0.667692 -0.744438 0
    outer loop
      vertex 79.085 22.1228 22.92
      vertex 79.1335 22.1663 23.3
      vertex 79.085 22.1228 23.3
    endloop
  endfacet
  facet normal 0.667692 -0.744438 0
    outer loop
      vertex 79.1335 22.1663 23.3
      vertex 79.085 22.1228 22.92
      vertex 79.1335 22.1663 22.92
    endloop
  endfacet
  facet normal 0.5547 -0.83205 0
    outer loop
      vertex 79.1335 22.1663 22.92
      vertex 79.1869 22.2019 23.3
      vertex 79.1335 22.1663 23.3
    endloop
  endfacet
  facet normal 0.5547 -0.83205 0
    outer loop
      vertex 79.1869 22.2019 23.3
      vertex 79.1335 22.1663 22.92
      vertex 79.1869 22.2019 22.92
    endloop
  endfacet
  facet normal 0.429753 -0.902947 0
    outer loop
      vertex 79.1869 22.2019 22.92
      vertex 79.2451 22.2296 23.3
      vertex 79.1869 22.2019 23.3
    endloop
  endfacet
  facet normal 0.429753 -0.902947 0
    outer loop
      vertex 79.2451 22.2296 23.3
      vertex 79.1869 22.2019 22.92
      vertex 79.2451 22.2296 22.92
    endloop
  endfacet
  facet normal 0.299827 -0.953994 0
    outer loop
      vertex 79.2451 22.2296 22.92
      vertex 79.3081 22.2494 23.3
      vertex 79.2451 22.2296 23.3
    endloop
  endfacet
  facet normal 0.299827 -0.953994 0
    outer loop
      vertex 79.3081 22.2494 23.3
      vertex 79.2451 22.2296 22.92
      vertex 79.3081 22.2494 22.92
    endloop
  endfacet
  facet normal 0.172874 -0.984944 0
    outer loop
      vertex 79.3081 22.2494 22.92
      vertex 79.3759 22.2613 23.3
      vertex 79.3081 22.2494 23.3
    endloop
  endfacet
  facet normal 0.172874 -0.984944 0
    outer loop
      vertex 79.3759 22.2613 23.3
      vertex 79.3081 22.2494 22.92
      vertex 79.3759 22.2613 22.92
    endloop
  endfacet
  facet normal 0.055013 -0.998486 0
    outer loop
      vertex 79.3759 22.2613 22.92
      vertex 79.4485 22.2653 23.3
      vertex 79.3759 22.2613 23.3
    endloop
  endfacet
  facet normal 0.055013 -0.998486 0
    outer loop
      vertex 79.4485 22.2653 23.3
      vertex 79.3759 22.2613 22.92
      vertex 79.4485 22.2653 22.92
    endloop
  endfacet
  facet normal -0.0547124 -0.998502 0
    outer loop
      vertex 79.4485 22.2653 22.92
      vertex 79.5215 22.2613 23.3
      vertex 79.4485 22.2653 23.3
    endloop
  endfacet
  facet normal -0.0547124 -0.998502 -0
    outer loop
      vertex 79.5215 22.2613 23.3
      vertex 79.4485 22.2653 22.92
      vertex 79.5215 22.2613 22.92
    endloop
  endfacet
  facet normal -0.172135 -0.985073 0
    outer loop
      vertex 79.5215 22.2613 22.92
      vertex 79.5896 22.2494 23.3
      vertex 79.5215 22.2613 23.3
    endloop
  endfacet
  facet normal -0.172135 -0.985073 -0
    outer loop
      vertex 79.5896 22.2494 23.3
      vertex 79.5215 22.2613 22.92
      vertex 79.5896 22.2494 22.92
    endloop
  endfacet
  facet normal -0.298533 -0.954399 0
    outer loop
      vertex 79.5896 22.2494 22.92
      vertex 79.6529 22.2296 23.3
      vertex 79.5896 22.2494 23.3
    endloop
  endfacet
  facet normal -0.298533 -0.954399 -0
    outer loop
      vertex 79.6529 22.2296 23.3
      vertex 79.5896 22.2494 22.92
      vertex 79.6529 22.2296 22.92
    endloop
  endfacet
  facet normal -0.428552 -0.903517 0
    outer loop
      vertex 79.6529 22.2296 22.92
      vertex 79.7113 22.2019 23.3
      vertex 79.6529 22.2296 23.3
    endloop
  endfacet
  facet normal -0.428552 -0.903517 -0
    outer loop
      vertex 79.7113 22.2019 23.3
      vertex 79.6529 22.2296 22.92
      vertex 79.7113 22.2019 22.92
    endloop
  endfacet
  facet normal -0.553982 -0.832529 0
    outer loop
      vertex 79.7113 22.2019 22.92
      vertex 79.7648 22.1663 23.3
      vertex 79.7113 22.2019 23.3
    endloop
  endfacet
  facet normal -0.553982 -0.832529 -0
    outer loop
      vertex 79.7648 22.1663 23.3
      vertex 79.7113 22.2019 22.92
      vertex 79.7648 22.1663 22.92
    endloop
  endfacet
  facet normal -0.666168 -0.745802 0
    outer loop
      vertex 79.7648 22.1663 22.92
      vertex 79.8135 22.1228 23.3
      vertex 79.7648 22.1663 23.3
    endloop
  endfacet
  facet normal -0.666168 -0.745802 -0
    outer loop
      vertex 79.8135 22.1228 23.3
      vertex 79.7648 22.1663 22.92
      vertex 79.8135 22.1228 22.92
    endloop
  endfacet
  facet normal -0.761757 -0.647863 0
    outer loop
      vertex 79.8573 22.0713 22.92
      vertex 79.8135 22.1228 23.3
      vertex 79.8135 22.1228 22.92
    endloop
  endfacet
  facet normal -0.761757 -0.647863 0
    outer loop
      vertex 79.8135 22.1228 23.3
      vertex 79.8573 22.0713 22.92
      vertex 79.8573 22.0713 23.3
    endloop
  endfacet
  facet normal -0.83707 -0.547095 0
    outer loop
      vertex 79.8956 22.0127 22.92
      vertex 79.8573 22.0713 23.3
      vertex 79.8573 22.0713 22.92
    endloop
  endfacet
  facet normal -0.83707 -0.547095 0
    outer loop
      vertex 79.8573 22.0713 23.3
      vertex 79.8956 22.0127 22.92
      vertex 79.8956 22.0127 23.3
    endloop
  endfacet
  facet normal -0.894702 -0.446664 0
    outer loop
      vertex 79.9281 21.9476 22.92
      vertex 79.8956 22.0127 23.3
      vertex 79.8956 22.0127 22.92
    endloop
  endfacet
  facet normal -0.894702 -0.446664 0
    outer loop
      vertex 79.8956 22.0127 23.3
      vertex 79.9281 21.9476 22.92
      vertex 79.9281 21.9476 23.3
    endloop
  endfacet
  facet normal -0.937401 -0.348252 0
    outer loop
      vertex 79.9547 21.876 22.92
      vertex 79.9281 21.9476 23.3
      vertex 79.9281 21.9476 22.92
    endloop
  endfacet
  facet normal -0.937401 -0.348252 0
    outer loop
      vertex 79.9281 21.9476 23.3
      vertex 79.9547 21.876 22.92
      vertex 79.9547 21.876 23.3
    endloop
  endfacet
  facet normal -0.966543 -0.256506 0
    outer loop
      vertex 79.9754 21.798 22.92
      vertex 79.9547 21.876 23.3
      vertex 79.9547 21.876 22.92
    endloop
  endfacet
  facet normal -0.966543 -0.256506 0
    outer loop
      vertex 79.9547 21.876 23.3
      vertex 79.9754 21.798 22.92
      vertex 79.9754 21.798 23.3
    endloop
  endfacet
  facet normal -0.984971 -0.17272 0
    outer loop
      vertex 79.9902 21.7136 22.92
      vertex 79.9754 21.798 23.3
      vertex 79.9754 21.798 22.92
    endloop
  endfacet
  facet normal -0.984971 -0.17272 0
    outer loop
      vertex 79.9754 21.798 23.3
      vertex 79.9902 21.7136 22.92
      vertex 79.9902 21.7136 23.3
    endloop
  endfacet
  facet normal -0.995347 -0.0963592 0
    outer loop
      vertex 79.999 21.6227 22.92
      vertex 79.9902 21.7136 23.3
      vertex 79.9902 21.7136 22.92
    endloop
  endfacet
  facet normal -0.995347 -0.0963592 0
    outer loop
      vertex 79.9902 21.7136 23.3
      vertex 79.999 21.6227 22.92
      vertex 79.999 21.6227 23.3
    endloop
  endfacet
  facet normal -0.999526 -0.0307862 0
    outer loop
      vertex 80.002 21.5253 22.92
      vertex 79.999 21.6227 23.3
      vertex 79.999 21.6227 22.92
    endloop
  endfacet
  facet normal -0.999526 -0.0307862 0
    outer loop
      vertex 79.999 21.6227 23.3
      vertex 80.002 21.5253 22.92
      vertex 80.002 21.5253 23.3
    endloop
  endfacet
  facet normal -0.999521 0.0309449 0
    outer loop
      vertex 79.999 21.4284 22.92
      vertex 80.002 21.5253 23.3
      vertex 80.002 21.5253 22.92
    endloop
  endfacet
  facet normal -0.999521 0.0309449 0
    outer loop
      vertex 80.002 21.5253 23.3
      vertex 79.999 21.4284 22.92
      vertex 79.999 21.4284 23.3
    endloop
  endfacet
  facet normal -0.995316 0.0966753 0
    outer loop
      vertex 79.9902 21.3378 22.92
      vertex 79.999 21.4284 23.3
      vertex 79.999 21.4284 22.92
    endloop
  endfacet
  facet normal -0.995316 0.0966753 0
    outer loop
      vertex 79.999 21.4284 23.3
      vertex 79.9902 21.3378 22.92
      vertex 79.9902 21.3378 23.3
    endloop
  endfacet
  facet normal -0.984901 0.173118 0
    outer loop
      vertex 79.9754 21.2536 22.92
      vertex 79.9902 21.3378 23.3
      vertex 79.9902 21.3378 22.92
    endloop
  endfacet
  facet normal -0.984901 0.173118 0
    outer loop
      vertex 79.9902 21.3378 23.3
      vertex 79.9754 21.2536 22.92
      vertex 79.9754 21.2536 23.3
    endloop
  endfacet
  facet normal -0.966379 0.257121 0
    outer loop
      vertex 79.9547 21.1758 22.92
      vertex 79.9754 21.2536 23.3
      vertex 79.9754 21.2536 22.92
    endloop
  endfacet
  facet normal -0.966379 0.257121 0
    outer loop
      vertex 79.9754 21.2536 23.3
      vertex 79.9547 21.1758 22.92
      vertex 79.9547 21.1758 23.3
    endloop
  endfacet
  facet normal -0.937082 0.349109 0
    outer loop
      vertex 79.9281 21.1044 22.92
      vertex 79.9547 21.1758 23.3
      vertex 79.9547 21.1758 22.92
    endloop
  endfacet
  facet normal -0.937082 0.349109 0
    outer loop
      vertex 79.9547 21.1758 23.3
      vertex 79.9281 21.1044 22.92
      vertex 79.9281 21.1044 23.3
    endloop
  endfacet
  facet normal -0.894427 0.447214 0
    outer loop
      vertex 79.8956 21.0394 22.92
      vertex 79.9281 21.1044 23.3
      vertex 79.9281 21.1044 22.92
    endloop
  endfacet
  facet normal -0.894427 0.447214 0
    outer loop
      vertex 79.9281 21.1044 23.3
      vertex 79.8956 21.0394 22.92
      vertex 79.8956 21.0394 23.3
    endloop
  endfacet
  facet normal -0.83707 0.547095 0
    outer loop
      vertex 79.8573 20.9808 22.92
      vertex 79.8956 21.0394 23.3
      vertex 79.8956 21.0394 22.92
    endloop
  endfacet
  facet normal -0.83707 0.547095 0
    outer loop
      vertex 79.8956 21.0394 23.3
      vertex 79.8573 20.9808 22.92
      vertex 79.8573 20.9808 23.3
    endloop
  endfacet
  facet normal -0.761135 0.648594 0
    outer loop
      vertex 79.8135 20.9294 22.92
      vertex 79.8573 20.9808 23.3
      vertex 79.8573 20.9808 22.92
    endloop
  endfacet
  facet normal -0.761135 0.648594 0
    outer loop
      vertex 79.8573 20.9808 23.3
      vertex 79.8135 20.9294 22.92
      vertex 79.8135 20.9294 23.3
    endloop
  endfacet
  facet normal -0.667018 0.745041 0
    outer loop
      vertex 79.8135 20.9294 22.92
      vertex 79.7648 20.8858 23.3
      vertex 79.8135 20.9294 23.3
    endloop
  endfacet
  facet normal -0.667018 0.745041 0
    outer loop
      vertex 79.7648 20.8858 23.3
      vertex 79.8135 20.9294 22.92
      vertex 79.7648 20.8858 22.92
    endloop
  endfacet
  facet normal -0.553982 0.832529 0
    outer loop
      vertex 79.7648 20.8858 22.92
      vertex 79.7113 20.8502 23.3
      vertex 79.7648 20.8858 23.3
    endloop
  endfacet
  facet normal -0.553982 0.832529 0
    outer loop
      vertex 79.7113 20.8502 23.3
      vertex 79.7648 20.8858 22.92
      vertex 79.7113 20.8502 22.92
    endloop
  endfacet
  facet normal -0.428552 0.903517 0
    outer loop
      vertex 79.7113 20.8502 22.92
      vertex 79.6529 20.8225 23.3
      vertex 79.7113 20.8502 23.3
    endloop
  endfacet
  facet normal -0.428552 0.903517 0
    outer loop
      vertex 79.6529 20.8225 23.3
      vertex 79.7113 20.8502 22.92
      vertex 79.6529 20.8225 22.92
    endloop
  endfacet
  facet normal -0.298533 0.954399 0
    outer loop
      vertex 79.6529 20.8225 22.92
      vertex 79.5896 20.8027 23.3
      vertex 79.6529 20.8225 23.3
    endloop
  endfacet
  facet normal -0.298533 0.954399 0
    outer loop
      vertex 79.5896 20.8027 23.3
      vertex 79.6529 20.8225 22.92
      vertex 79.5896 20.8027 22.92
    endloop
  endfacet
  facet normal -0.172135 0.985073 0
    outer loop
      vertex 79.5896 20.8027 22.92
      vertex 79.5215 20.7908 23.3
      vertex 79.5896 20.8027 23.3
    endloop
  endfacet
  facet normal -0.172135 0.985073 0
    outer loop
      vertex 79.5215 20.7908 23.3
      vertex 79.5896 20.8027 22.92
      vertex 79.5215 20.7908 22.92
    endloop
  endfacet
  facet normal -0.0533486 0.998576 0
    outer loop
      vertex 79.5215 20.7908 22.92
      vertex 79.4485 20.7869 23.3
      vertex 79.5215 20.7908 23.3
    endloop
  endfacet
  facet normal -0.0533486 0.998576 0
    outer loop
      vertex 79.4485 20.7869 23.3
      vertex 79.5215 20.7908 22.92
      vertex 79.4485 20.7869 22.92
    endloop
  endfacet
  facet normal 0.0536417 0.99856 -0
    outer loop
      vertex 79.4485 20.7869 22.92
      vertex 79.3759 20.7908 23.3
      vertex 79.4485 20.7869 23.3
    endloop
  endfacet
  facet normal 0.0536417 0.99856 0
    outer loop
      vertex 79.3759 20.7908 23.3
      vertex 79.4485 20.7869 22.92
      vertex 79.3759 20.7908 22.92
    endloop
  endfacet
  facet normal -0.703489 -0.710706 0
    outer loop
      vertex 81.542 21.291 22.92
      vertex 82.4282 20.4138 23.3
      vertex 81.542 21.291 23.3
    endloop
  endfacet
  facet normal -0.703489 -0.710706 -0
    outer loop
      vertex 82.4282 20.4138 23.3
      vertex 81.542 21.291 22.92
      vertex 82.4282 20.4138 22.92
    endloop
  endfacet
  facet normal 0 -1 0
    outer loop
      vertex 82.4282 20.4138 22.92
      vertex 83.1473 20.4138 23.3
      vertex 82.4282 20.4138 23.3
    endloop
  endfacet
  facet normal 0 -1 -0
    outer loop
      vertex 83.1473 20.4138 23.3
      vertex 82.4282 20.4138 22.92
      vertex 83.1473 20.4138 22.92
    endloop
  endfacet
  facet normal 0.703948 0.710251 -0
    outer loop
      vertex 83.1473 20.4138 22.92
      vertex 81.9642 21.5864 23.3
      vertex 83.1473 20.4138 23.3
    endloop
  endfacet
  facet normal 0.703948 0.710251 0
    outer loop
      vertex 81.9642 21.5864 23.3
      vertex 83.1473 20.4138 22.92
      vertex 81.9642 21.5864 22.92
    endloop
  endfacet
  facet normal 0.701133 -0.713031 0
    outer loop
      vertex 81.9642 21.5864 22.92
      vertex 83.0369 22.6412 23.3
      vertex 81.9642 21.5864 23.3
    endloop
  endfacet
  facet normal 0.701133 -0.713031 0
    outer loop
      vertex 83.0369 22.6412 23.3
      vertex 81.9642 21.5864 22.92
      vertex 83.0369 22.6412 22.92
    endloop
  endfacet
  facet normal 0 1 -0
    outer loop
      vertex 83.0369 22.6412 22.92
      vertex 82.37 22.6412 23.3
      vertex 83.0369 22.6412 23.3
    endloop
  endfacet
  facet normal 0 1 0
    outer loop
      vertex 82.37 22.6412 23.3
      vertex 83.0369 22.6412 22.92
      vertex 82.37 22.6412 22.92
    endloop
  endfacet
  facet normal -0.700658 0.713497 0
    outer loop
      vertex 82.37 22.6412 22.92
      vertex 81.542 21.8281 23.3
      vertex 82.37 22.6412 23.3
    endloop
  endfacet
  facet normal -0.700658 0.713497 0
    outer loop
      vertex 81.542 21.8281 23.3
      vertex 82.37 22.6412 22.92
      vertex 81.542 21.8281 22.92
    endloop
  endfacet
  facet normal 1 -0 0
    outer loop
      vertex 81.542 21.8281 23.3
      vertex 81.542 22.6412 22.92
      vertex 81.542 22.6412 23.3
    endloop
  endfacet
  facet normal 1 0 0
    outer loop
      vertex 81.542 22.6412 22.92
      vertex 81.542 21.8281 23.3
      vertex 81.542 21.8281 22.92
    endloop
  endfacet
  facet normal 0 1 -0
    outer loop
      vertex 81.542 22.6412 22.92
      vertex 80.9677 22.6412 23.3
      vertex 81.542 22.6412 23.3
    endloop
  endfacet
  facet normal 0 1 0
    outer loop
      vertex 80.9677 22.6412 23.3
      vertex 81.542 22.6412 22.92
      vertex 80.9677 22.6412 22.92
    endloop
  endfacet
  facet normal -1 0 0
    outer loop
      vertex 80.9677 20.4138 22.92
      vertex 80.9677 22.6412 23.3
      vertex 80.9677 22.6412 22.92
    endloop
  endfacet
  facet normal -1 -0 0
    outer loop
      vertex 80.9677 22.6412 23.3
      vertex 80.9677 20.4138 22.92
      vertex 80.9677 20.4138 23.3
    endloop
  endfacet
  facet normal 0 -1 0
    outer loop
      vertex 80.9677 20.4138 22.92
      vertex 81.542 20.4138 23.3
      vertex 80.9677 20.4138 23.3
    endloop
  endfacet
  facet normal 0 -1 -0
    outer loop
      vertex 81.542 20.4138 23.3
      vertex 80.9677 20.4138 22.92
      vertex 81.542 20.4138 22.92
    endloop
  endfacet
  facet normal 1 -0 0
    outer loop
      vertex 81.542 20.4138 23.3
      vertex 81.542 21.291 22.92
      vertex 81.542 21.291 23.3
    endloop
  endfacet
  facet normal 1 0 0
    outer loop
      vertex 81.542 21.291 22.92
      vertex 81.542 20.4138 23.3
      vertex 81.542 20.4138 22.92
    endloop
  endfacet
endsolid OpenSCAD_Model
