solid OpenSCAD_Model
  facet normal -0.98077 -0.195165 0
    outer loop
      vertex 13.1855 12.7219 15.5
      vertex 13.1421 12.94 17.9
      vertex 13.1421 12.94 15.5
    endloop
  endfacet
  facet normal -0.98077 -0.195165 0
    outer loop
      vertex 13.1421 12.94 17.9
      vertex 13.1855 12.7219 15.5
      vertex 13.1855 12.7219 17.9
    endloop
  endfacet
  facet normal -0.997872 -0.0652057 0
    outer loop
      vertex 13.2 12.5 15.5
      vertex 13.1855 12.7219 17.9
      vertex 13.1855 12.7219 15.5
    endloop
  endfacet
  facet normal -0.997872 -0.0652057 0
    outer loop
      vertex 13.1855 12.7219 17.9
      vertex 13.2 12.5 15.5
      vertex 13.2 12.5 17.9
    endloop
  endfacet
  facet normal 0.44253 -0.896754 0
    outer loop
      vertex 10.65 13.9722 15.5
      vertex 10.8494 14.0706 17.9
      vertex 10.65 13.9722 17.9
    endloop
  endfacet
  facet normal 0.44253 -0.896754 0
    outer loop
      vertex 10.8494 14.0706 17.9
      vertex 10.65 13.9722 15.5
      vertex 10.8494 14.0706 15.5
    endloop
  endfacet
  facet normal -0.555426 -0.831566 0
    outer loop
      vertex 12.35 13.9722 15.5
      vertex 12.5349 13.8487 17.9
      vertex 12.35 13.9722 17.9
    endloop
  endfacet
  facet normal -0.555426 -0.831566 -0
    outer loop
      vertex 12.5349 13.8487 17.9
      vertex 12.35 13.9722 15.5
      vertex 12.5349 13.8487 15.5
    endloop
  endfacet
  facet normal 0.659268 -0.751908 0
    outer loop
      vertex 10.2979 13.7021 15.5
      vertex 10.4651 13.8487 17.9
      vertex 10.2979 13.7021 17.9
    endloop
  endfacet
  facet normal 0.659268 -0.751908 0
    outer loop
      vertex 10.4651 13.8487 17.9
      vertex 10.2979 13.7021 15.5
      vertex 10.4651 13.8487 15.5
    endloop
  endfacet
  facet normal -0.321484 0.946915 0
    outer loop
      vertex 12.1506 10.9294 15.5
      vertex 11.94 10.8579 17.9
      vertex 12.1506 10.9294 17.9
    endloop
  endfacet
  facet normal -0.321484 0.946915 0
    outer loop
      vertex 11.94 10.8579 17.9
      vertex 12.1506 10.9294 15.5
      vertex 11.94 10.8579 15.5
    endloop
  endfacet
  facet normal -0.831566 0.555426 0
    outer loop
      vertex 12.8487 11.4651 15.5
      vertex 12.9722 11.65 17.9
      vertex 12.9722 11.65 15.5
    endloop
  endfacet
  facet normal -0.831566 0.555426 0
    outer loop
      vertex 12.9722 11.65 17.9
      vertex 12.8487 11.4651 15.5
      vertex 12.8487 11.4651 17.9
    endloop
  endfacet
  facet normal -0.946915 0.321484 0
    outer loop
      vertex 13.0706 11.8494 15.5
      vertex 13.1421 12.06 17.9
      vertex 13.1421 12.06 15.5
    endloop
  endfacet
  facet normal -0.946915 0.321484 0
    outer loop
      vertex 13.1421 12.06 17.9
      vertex 13.0706 11.8494 15.5
      vertex 13.0706 11.8494 17.9
    endloop
  endfacet
  facet normal -0.321484 -0.946915 0
    outer loop
      vertex 11.94 14.1421 15.5
      vertex 12.1506 14.0706 17.9
      vertex 11.94 14.1421 17.9
    endloop
  endfacet
  facet normal -0.321484 -0.946915 -0
    outer loop
      vertex 12.1506 14.0706 17.9
      vertex 11.94 14.1421 15.5
      vertex 12.1506 14.0706 15.5
    endloop
  endfacet
  facet normal -0.195165 -0.98077 0
    outer loop
      vertex 11.7219 14.1855 15.5
      vertex 11.94 14.1421 17.9
      vertex 11.7219 14.1855 17.9
    endloop
  endfacet
  facet normal -0.195165 -0.98077 -0
    outer loop
      vertex 11.94 14.1421 17.9
      vertex 11.7219 14.1855 15.5
      vertex 11.94 14.1421 15.5
    endloop
  endfacet
  facet normal 0.555426 -0.831566 0
    outer loop
      vertex 10.4651 13.8487 15.5
      vertex 10.65 13.9722 17.9
      vertex 10.4651 13.8487 17.9
    endloop
  endfacet
  facet normal 0.555426 -0.831566 0
    outer loop
      vertex 10.65 13.9722 17.9
      vertex 10.4651 13.8487 15.5
      vertex 10.65 13.9722 15.5
    endloop
  endfacet
  facet normal -0.896754 0.44253 0
    outer loop
      vertex 12.9722 11.65 15.5
      vertex 13.0706 11.8494 17.9
      vertex 13.0706 11.8494 15.5
    endloop
  endfacet
  facet normal -0.896754 0.44253 0
    outer loop
      vertex 13.0706 11.8494 17.9
      vertex 12.9722 11.65 15.5
      vertex 12.9722 11.65 17.9
    endloop
  endfacet
  facet normal -0.659268 -0.751908 0
    outer loop
      vertex 12.5349 13.8487 15.5
      vertex 12.7021 13.7021 17.9
      vertex 12.5349 13.8487 17.9
    endloop
  endfacet
  facet normal -0.659268 -0.751908 -0
    outer loop
      vertex 12.7021 13.7021 17.9
      vertex 12.5349 13.8487 15.5
      vertex 12.7021 13.7021 15.5
    endloop
  endfacet
  facet normal -0.555426 0.831566 0
    outer loop
      vertex 12.5349 11.1513 15.5
      vertex 12.35 11.0278 17.9
      vertex 12.5349 11.1513 17.9
    endloop
  endfacet
  facet normal -0.555426 0.831566 0
    outer loop
      vertex 12.35 11.0278 17.9
      vertex 12.5349 11.1513 15.5
      vertex 12.35 11.0278 15.5
    endloop
  endfacet
  facet normal -0.44253 -0.896754 0
    outer loop
      vertex 12.1506 14.0706 15.5
      vertex 12.35 13.9722 17.9
      vertex 12.1506 14.0706 17.9
    endloop
  endfacet
  facet normal -0.44253 -0.896754 -0
    outer loop
      vertex 12.35 13.9722 17.9
      vertex 12.1506 14.0706 15.5
      vertex 12.35 13.9722 15.5
    endloop
  endfacet
  facet normal 0.659268 0.751908 -0
    outer loop
      vertex 10.4651 11.1513 15.5
      vertex 10.2979 11.2979 17.9
      vertex 10.4651 11.1513 17.9
    endloop
  endfacet
  facet normal 0.659268 0.751908 0
    outer loop
      vertex 10.2979 11.2979 17.9
      vertex 10.4651 11.1513 15.5
      vertex 10.2979 11.2979 15.5
    endloop
  endfacet
  facet normal 0.751908 0.659268 0
    outer loop
      vertex 10.2979 11.2979 17.9
      vertex 10.1513 11.4651 15.5
      vertex 10.1513 11.4651 17.9
    endloop
  endfacet
  facet normal 0.751908 0.659268 0
    outer loop
      vertex 10.1513 11.4651 15.5
      vertex 10.2979 11.2979 17.9
      vertex 10.2979 11.2979 15.5
    endloop
  endfacet
  facet normal 0.831566 0.555426 0
    outer loop
      vertex 10.1513 11.4651 17.9
      vertex 10.0278 11.65 15.5
      vertex 10.0278 11.65 17.9
    endloop
  endfacet
  facet normal 0.831566 0.555426 0
    outer loop
      vertex 10.0278 11.65 15.5
      vertex 10.1513 11.4651 17.9
      vertex 10.1513 11.4651 15.5
    endloop
  endfacet
  facet normal -0.831566 -0.555426 0
    outer loop
      vertex 12.9722 13.35 15.5
      vertex 12.8487 13.5349 17.9
      vertex 12.8487 13.5349 15.5
    endloop
  endfacet
  facet normal -0.831566 -0.555426 0
    outer loop
      vertex 12.8487 13.5349 17.9
      vertex 12.9722 13.35 15.5
      vertex 12.9722 13.35 17.9
    endloop
  endfacet
  facet normal -0.195165 0.98077 0
    outer loop
      vertex 11.94 10.8579 15.5
      vertex 11.7219 10.8145 17.9
      vertex 11.94 10.8579 17.9
    endloop
  endfacet
  facet normal -0.195165 0.98077 0
    outer loop
      vertex 11.7219 10.8145 17.9
      vertex 11.94 10.8579 15.5
      vertex 11.7219 10.8145 15.5
    endloop
  endfacet
  facet normal -0.98077 0.195165 0
    outer loop
      vertex 13.1421 12.06 15.5
      vertex 13.1855 12.2781 17.9
      vertex 13.1855 12.2781 15.5
    endloop
  endfacet
  facet normal -0.98077 0.195165 0
    outer loop
      vertex 13.1855 12.2781 17.9
      vertex 13.1421 12.06 15.5
      vertex 13.1421 12.06 17.9
    endloop
  endfacet
  facet normal 0.946956 0.321363 0
    outer loop
      vertex 9.9294 11.8494 17.9
      vertex 9.85793 12.06 15.5
      vertex 9.85793 12.06 17.9
    endloop
  endfacet
  facet normal 0.946956 0.321363 0
    outer loop
      vertex 9.85793 12.06 15.5
      vertex 9.9294 11.8494 17.9
      vertex 9.9294 11.8494 15.5
    endloop
  endfacet
  facet normal -0.44253 0.896754 0
    outer loop
      vertex 12.35 11.0278 15.5
      vertex 12.1506 10.9294 17.9
      vertex 12.35 11.0278 17.9
    endloop
  endfacet
  facet normal -0.44253 0.896754 0
    outer loop
      vertex 12.1506 10.9294 17.9
      vertex 12.35 11.0278 15.5
      vertex 12.1506 10.9294 15.5
    endloop
  endfacet
  facet normal -0.0652057 -0.997872 0
    outer loop
      vertex 11.5 14.2 15.5
      vertex 11.7219 14.1855 17.9
      vertex 11.5 14.2 17.9
    endloop
  endfacet
  facet normal -0.0652057 -0.997872 -0
    outer loop
      vertex 11.7219 14.1855 17.9
      vertex 11.5 14.2 15.5
      vertex 11.7219 14.1855 15.5
    endloop
  endfacet
  facet normal 0.321484 -0.946915 0
    outer loop
      vertex 10.8494 14.0706 15.5
      vertex 11.06 14.1421 17.9
      vertex 10.8494 14.0706 17.9
    endloop
  endfacet
  facet normal 0.321484 -0.946915 0
    outer loop
      vertex 11.06 14.1421 17.9
      vertex 10.8494 14.0706 15.5
      vertex 11.06 14.1421 15.5
    endloop
  endfacet
  facet normal 0.195165 -0.98077 0
    outer loop
      vertex 11.06 14.1421 15.5
      vertex 11.2781 14.1855 17.9
      vertex 11.06 14.1421 17.9
    endloop
  endfacet
  facet normal 0.195165 -0.98077 0
    outer loop
      vertex 11.2781 14.1855 17.9
      vertex 11.06 14.1421 15.5
      vertex 11.2781 14.1855 15.5
    endloop
  endfacet
  facet normal -0.896754 -0.44253 0
    outer loop
      vertex 13.0706 13.1506 15.5
      vertex 12.9722 13.35 17.9
      vertex 12.9722 13.35 15.5
    endloop
  endfacet
  facet normal -0.896754 -0.44253 0
    outer loop
      vertex 12.9722 13.35 17.9
      vertex 13.0706 13.1506 15.5
      vertex 13.0706 13.1506 17.9
    endloop
  endfacet
  facet normal -0.997872 0.0652057 0
    outer loop
      vertex 13.1855 12.2781 15.5
      vertex 13.2 12.5 17.9
      vertex 13.2 12.5 15.5
    endloop
  endfacet
  facet normal -0.997872 0.0652057 0
    outer loop
      vertex 13.2 12.5 17.9
      vertex 13.1855 12.2781 15.5
      vertex 13.1855 12.2781 17.9
    endloop
  endfacet
  facet normal -0.0652057 0.997872 0
    outer loop
      vertex 11.7219 10.8145 15.5
      vertex 11.5 10.8 17.9
      vertex 11.7219 10.8145 17.9
    endloop
  endfacet
  facet normal -0.0652057 0.997872 0
    outer loop
      vertex 11.5 10.8 17.9
      vertex 11.7219 10.8145 15.5
      vertex 11.5 10.8 15.5
    endloop
  endfacet
  facet normal -0.751908 -0.659268 0
    outer loop
      vertex 12.8487 13.5349 15.5
      vertex 12.7021 13.7021 17.9
      vertex 12.7021 13.7021 15.5
    endloop
  endfacet
  facet normal -0.751908 -0.659268 0
    outer loop
      vertex 12.7021 13.7021 17.9
      vertex 12.8487 13.5349 15.5
      vertex 12.8487 13.5349 17.9
    endloop
  endfacet
  facet normal 0.99786 0.0653848 0
    outer loop
      vertex 9.81454 12.2781 17.9
      vertex 9.8 12.5 15.5
      vertex 9.8 12.5 17.9
    endloop
  endfacet
  facet normal 0.99786 0.0653848 0
    outer loop
      vertex 9.8 12.5 15.5
      vertex 9.81454 12.2781 17.9
      vertex 9.81454 12.2781 15.5
    endloop
  endfacet
  facet normal -0.751908 0.659268 0
    outer loop
      vertex 12.7021 11.2979 15.5
      vertex 12.8487 11.4651 17.9
      vertex 12.8487 11.4651 15.5
    endloop
  endfacet
  facet normal -0.751908 0.659268 0
    outer loop
      vertex 12.8487 11.4651 17.9
      vertex 12.7021 11.2979 15.5
      vertex 12.7021 11.2979 17.9
    endloop
  endfacet
  facet normal 0.751908 -0.659268 0
    outer loop
      vertex 10.1513 13.5349 17.9
      vertex 10.2979 13.7021 15.5
      vertex 10.2979 13.7021 17.9
    endloop
  endfacet
  facet normal 0.751908 -0.659268 0
    outer loop
      vertex 10.2979 13.7021 15.5
      vertex 10.1513 13.5349 17.9
      vertex 10.1513 13.5349 15.5
    endloop
  endfacet
  facet normal 0.831566 -0.555426 0
    outer loop
      vertex 10.0278 13.35 17.9
      vertex 10.1513 13.5349 15.5
      vertex 10.1513 13.5349 17.9
    endloop
  endfacet
  facet normal 0.831566 -0.555426 0
    outer loop
      vertex 10.1513 13.5349 15.5
      vertex 10.0278 13.35 17.9
      vertex 10.0278 13.35 15.5
    endloop
  endfacet
  facet normal 0.0652057 -0.997872 0
    outer loop
      vertex 11.2781 14.1855 15.5
      vertex 11.5 14.2 17.9
      vertex 11.2781 14.1855 17.9
    endloop
  endfacet
  facet normal 0.0652057 -0.997872 0
    outer loop
      vertex 11.5 14.2 17.9
      vertex 11.2781 14.1855 15.5
      vertex 11.5 14.2 15.5
    endloop
  endfacet
  facet normal 0.980779 0.195122 0
    outer loop
      vertex 9.85793 12.06 17.9
      vertex 9.81454 12.2781 15.5
      vertex 9.81454 12.2781 17.9
    endloop
  endfacet
  facet normal 0.980779 0.195122 0
    outer loop
      vertex 9.81454 12.2781 15.5
      vertex 9.85793 12.06 17.9
      vertex 9.85793 12.06 15.5
    endloop
  endfacet
  facet normal 0.321484 0.946915 -0
    outer loop
      vertex 11.06 10.8579 15.5
      vertex 10.8494 10.9294 17.9
      vertex 11.06 10.8579 17.9
    endloop
  endfacet
  facet normal 0.321484 0.946915 0
    outer loop
      vertex 10.8494 10.9294 17.9
      vertex 11.06 10.8579 15.5
      vertex 10.8494 10.9294 15.5
    endloop
  endfacet
  facet normal -0.946915 -0.321484 0
    outer loop
      vertex 13.1421 12.94 15.5
      vertex 13.0706 13.1506 17.9
      vertex 13.0706 13.1506 15.5
    endloop
  endfacet
  facet normal -0.946915 -0.321484 0
    outer loop
      vertex 13.0706 13.1506 17.9
      vertex 13.1421 12.94 15.5
      vertex 13.1421 12.94 17.9
    endloop
  endfacet
  facet normal 0.44253 0.896754 -0
    outer loop
      vertex 10.8494 10.9294 15.5
      vertex 10.65 11.0278 17.9
      vertex 10.8494 10.9294 17.9
    endloop
  endfacet
  facet normal 0.44253 0.896754 0
    outer loop
      vertex 10.65 11.0278 17.9
      vertex 10.8494 10.9294 15.5
      vertex 10.65 11.0278 15.5
    endloop
  endfacet
  facet normal 0.555426 0.831566 -0
    outer loop
      vertex 10.65 11.0278 15.5
      vertex 10.4651 11.1513 17.9
      vertex 10.65 11.0278 17.9
    endloop
  endfacet
  facet normal 0.555426 0.831566 0
    outer loop
      vertex 10.4651 11.1513 17.9
      vertex 10.65 11.0278 15.5
      vertex 10.4651 11.1513 15.5
    endloop
  endfacet
  facet normal 0.195165 0.98077 -0
    outer loop
      vertex 11.2781 10.8145 15.5
      vertex 11.06 10.8579 17.9
      vertex 11.2781 10.8145 17.9
    endloop
  endfacet
  facet normal 0.195165 0.98077 0
    outer loop
      vertex 11.06 10.8579 17.9
      vertex 11.2781 10.8145 15.5
      vertex 11.06 10.8579 15.5
    endloop
  endfacet
  facet normal 0.896754 -0.44253 0
    outer loop
      vertex 9.9294 13.1506 17.9
      vertex 10.0278 13.35 15.5
      vertex 10.0278 13.35 17.9
    endloop
  endfacet
  facet normal 0.896754 -0.44253 0
    outer loop
      vertex 10.0278 13.35 15.5
      vertex 9.9294 13.1506 17.9
      vertex 9.9294 13.1506 15.5
    endloop
  endfacet
  facet normal 0.0652057 0.997872 -0
    outer loop
      vertex 11.5 10.8 15.5
      vertex 11.2781 10.8145 17.9
      vertex 11.5 10.8 17.9
    endloop
  endfacet
  facet normal 0.0652057 0.997872 0
    outer loop
      vertex 11.2781 10.8145 17.9
      vertex 11.5 10.8 15.5
      vertex 11.2781 10.8145 15.5
    endloop
  endfacet
  facet normal 0.896754 0.44253 0
    outer loop
      vertex 10.0278 11.65 17.9
      vertex 9.9294 11.8494 15.5
      vertex 9.9294 11.8494 17.9
    endloop
  endfacet
  facet normal 0.896754 0.44253 0
    outer loop
      vertex 9.9294 11.8494 15.5
      vertex 10.0278 11.65 17.9
      vertex 10.0278 11.65 15.5
    endloop
  endfacet
  facet normal 0.99786 -0.0653848 0
    outer loop
      vertex 9.8 12.5 17.9
      vertex 9.81454 12.7219 15.5
      vertex 9.81454 12.7219 17.9
    endloop
  endfacet
  facet normal 0.99786 -0.0653848 0
    outer loop
      vertex 9.81454 12.7219 15.5
      vertex 9.8 12.5 17.9
      vertex 9.8 12.5 15.5
    endloop
  endfacet
  facet normal 0.980779 -0.195122 0
    outer loop
      vertex 9.81454 12.7219 17.9
      vertex 9.85793 12.94 15.5
      vertex 9.85793 12.94 17.9
    endloop
  endfacet
  facet normal 0.980779 -0.195122 0
    outer loop
      vertex 9.85793 12.94 15.5
      vertex 9.81454 12.7219 17.9
      vertex 9.81454 12.7219 15.5
    endloop
  endfacet
  facet normal 0.946956 -0.321363 0
    outer loop
      vertex 9.85793 12.94 17.9
      vertex 9.9294 13.1506 15.5
      vertex 9.9294 13.1506 17.9
    endloop
  endfacet
  facet normal 0.946956 -0.321363 0
    outer loop
      vertex 9.9294 13.1506 15.5
      vertex 9.85793 12.94 17.9
      vertex 9.85793 12.94 15.5
    endloop
  endfacet
  facet normal -0.659268 0.751908 0
    outer loop
      vertex 12.7021 11.2979 15.5
      vertex 12.5349 11.1513 17.9
      vertex 12.7021 11.2979 17.9
    endloop
  endfacet
  facet normal -0.659268 0.751908 0
    outer loop
      vertex 12.5349 11.1513 17.9
      vertex 12.7021 11.2979 15.5
      vertex 12.5349 11.1513 15.5
    endloop
  endfacet
  facet normal -0.98077 -0.195165 0
    outer loop
      vertex 98.1855 12.7219 15.5
      vertex 98.1421 12.94 17.9
      vertex 98.1421 12.94 15.5
    endloop
  endfacet
  facet normal -0.98077 -0.195165 0
    outer loop
      vertex 98.1421 12.94 17.9
      vertex 98.1855 12.7219 15.5
      vertex 98.1855 12.7219 17.9
    endloop
  endfacet
  facet normal -0.997872 -0.0652057 0
    outer loop
      vertex 98.2 12.5 15.5
      vertex 98.1855 12.7219 17.9
      vertex 98.1855 12.7219 15.5
    endloop
  endfacet
  facet normal -0.997872 -0.0652057 0
    outer loop
      vertex 98.1855 12.7219 17.9
      vertex 98.2 12.5 15.5
      vertex 98.2 12.5 17.9
    endloop
  endfacet
  facet normal 0.44253 -0.896754 0
    outer loop
      vertex 95.65 13.9722 15.5
      vertex 95.8494 14.0706 17.9
      vertex 95.65 13.9722 17.9
    endloop
  endfacet
  facet normal 0.44253 -0.896754 0
    outer loop
      vertex 95.8494 14.0706 17.9
      vertex 95.65 13.9722 15.5
      vertex 95.8494 14.0706 15.5
    endloop
  endfacet
  facet normal -0.555426 -0.831566 0
    outer loop
      vertex 97.35 13.9722 15.5
      vertex 97.5349 13.8487 17.9
      vertex 97.35 13.9722 17.9
    endloop
  endfacet
  facet normal -0.555426 -0.831566 -0
    outer loop
      vertex 97.5349 13.8487 17.9
      vertex 97.35 13.9722 15.5
      vertex 97.5349 13.8487 15.5
    endloop
  endfacet
  facet normal 0.659268 -0.751908 0
    outer loop
      vertex 95.2979 13.7021 15.5
      vertex 95.4651 13.8487 17.9
      vertex 95.2979 13.7021 17.9
    endloop
  endfacet
  facet normal 0.659268 -0.751908 0
    outer loop
      vertex 95.4651 13.8487 17.9
      vertex 95.2979 13.7021 15.5
      vertex 95.4651 13.8487 15.5
    endloop
  endfacet
  facet normal -0.321484 0.946915 0
    outer loop
      vertex 97.1506 10.9294 15.5
      vertex 96.94 10.8579 17.9
      vertex 97.1506 10.9294 17.9
    endloop
  endfacet
  facet normal -0.321484 0.946915 0
    outer loop
      vertex 96.94 10.8579 17.9
      vertex 97.1506 10.9294 15.5
      vertex 96.94 10.8579 15.5
    endloop
  endfacet
  facet normal -0.946915 0.321484 0
    outer loop
      vertex 98.0706 11.8494 15.5
      vertex 98.1421 12.06 17.9
      vertex 98.1421 12.06 15.5
    endloop
  endfacet
  facet normal -0.946915 0.321484 0
    outer loop
      vertex 98.1421 12.06 17.9
      vertex 98.0706 11.8494 15.5
      vertex 98.0706 11.8494 17.9
    endloop
  endfacet
  facet normal -0.321484 -0.946915 0
    outer loop
      vertex 96.94 14.1421 15.5
      vertex 97.1506 14.0706 17.9
      vertex 96.94 14.1421 17.9
    endloop
  endfacet
  facet normal -0.321484 -0.946915 -0
    outer loop
      vertex 97.1506 14.0706 17.9
      vertex 96.94 14.1421 15.5
      vertex 97.1506 14.0706 15.5
    endloop
  endfacet
  facet normal -0.195165 -0.98077 0
    outer loop
      vertex 96.7219 14.1855 15.5
      vertex 96.94 14.1421 17.9
      vertex 96.7219 14.1855 17.9
    endloop
  endfacet
  facet normal -0.195165 -0.98077 -0
    outer loop
      vertex 96.94 14.1421 17.9
      vertex 96.7219 14.1855 15.5
      vertex 96.94 14.1421 15.5
    endloop
  endfacet
  facet normal 0.555426 -0.831566 0
    outer loop
      vertex 95.4651 13.8487 15.5
      vertex 95.65 13.9722 17.9
      vertex 95.4651 13.8487 17.9
    endloop
  endfacet
  facet normal 0.555426 -0.831566 0
    outer loop
      vertex 95.65 13.9722 17.9
      vertex 95.4651 13.8487 15.5
      vertex 95.65 13.9722 15.5
    endloop
  endfacet
  facet normal -0.896754 0.44253 0
    outer loop
      vertex 97.9722 11.65 15.5
      vertex 98.0706 11.8494 17.9
      vertex 98.0706 11.8494 15.5
    endloop
  endfacet
  facet normal -0.896754 0.44253 0
    outer loop
      vertex 98.0706 11.8494 17.9
      vertex 97.9722 11.65 15.5
      vertex 97.9722 11.65 17.9
    endloop
  endfacet
  facet normal -0.659268 -0.751908 0
    outer loop
      vertex 97.5349 13.8487 15.5
      vertex 97.7021 13.7021 17.9
      vertex 97.5349 13.8487 17.9
    endloop
  endfacet
  facet normal -0.659268 -0.751908 -0
    outer loop
      vertex 97.7021 13.7021 17.9
      vertex 97.5349 13.8487 15.5
      vertex 97.7021 13.7021 15.5
    endloop
  endfacet
  facet normal -0.555426 0.831566 0
    outer loop
      vertex 97.5349 11.1513 15.5
      vertex 97.35 11.0278 17.9
      vertex 97.5349 11.1513 17.9
    endloop
  endfacet
  facet normal -0.555426 0.831566 0
    outer loop
      vertex 97.35 11.0278 17.9
      vertex 97.5349 11.1513 15.5
      vertex 97.35 11.0278 15.5
    endloop
  endfacet
  facet normal -0.44253 -0.896754 0
    outer loop
      vertex 97.1506 14.0706 15.5
      vertex 97.35 13.9722 17.9
      vertex 97.1506 14.0706 17.9
    endloop
  endfacet
  facet normal -0.44253 -0.896754 -0
    outer loop
      vertex 97.35 13.9722 17.9
      vertex 97.1506 14.0706 15.5
      vertex 97.35 13.9722 15.5
    endloop
  endfacet
  facet normal 0.997872 -0.0652057 0
    outer loop
      vertex 94.8 12.5 17.9
      vertex 94.8145 12.7219 15.5
      vertex 94.8145 12.7219 17.9
    endloop
  endfacet
  facet normal 0.997872 -0.0652057 0
    outer loop
      vertex 94.8145 12.7219 15.5
      vertex 94.8 12.5 17.9
      vertex 94.8 12.5 15.5
    endloop
  endfacet
  facet normal 0.659268 0.751908 -0
    outer loop
      vertex 95.4651 11.1513 15.5
      vertex 95.2979 11.2979 17.9
      vertex 95.4651 11.1513 17.9
    endloop
  endfacet
  facet normal 0.659268 0.751908 0
    outer loop
      vertex 95.2979 11.2979 17.9
      vertex 95.4651 11.1513 15.5
      vertex 95.2979 11.2979 15.5
    endloop
  endfacet
  facet normal 0.751908 0.659268 0
    outer loop
      vertex 95.2979 11.2979 17.9
      vertex 95.1513 11.4651 15.5
      vertex 95.1513 11.4651 17.9
    endloop
  endfacet
  facet normal 0.751908 0.659268 0
    outer loop
      vertex 95.1513 11.4651 15.5
      vertex 95.2979 11.2979 17.9
      vertex 95.2979 11.2979 15.5
    endloop
  endfacet
  facet normal 0.831566 0.555426 0
    outer loop
      vertex 95.1513 11.4651 17.9
      vertex 95.0278 11.65 15.5
      vertex 95.0278 11.65 17.9
    endloop
  endfacet
  facet normal 0.831566 0.555426 0
    outer loop
      vertex 95.0278 11.65 15.5
      vertex 95.1513 11.4651 17.9
      vertex 95.1513 11.4651 15.5
    endloop
  endfacet
  facet normal -0.831566 -0.555426 0
    outer loop
      vertex 97.9722 13.35 15.5
      vertex 97.8487 13.5349 17.9
      vertex 97.8487 13.5349 15.5
    endloop
  endfacet
  facet normal -0.831566 -0.555426 0
    outer loop
      vertex 97.8487 13.5349 17.9
      vertex 97.9722 13.35 15.5
      vertex 97.9722 13.35 17.9
    endloop
  endfacet
  facet normal -0.195165 0.98077 0
    outer loop
      vertex 96.94 10.8579 15.5
      vertex 96.7219 10.8145 17.9
      vertex 96.94 10.8579 17.9
    endloop
  endfacet
  facet normal -0.195165 0.98077 0
    outer loop
      vertex 96.7219 10.8145 17.9
      vertex 96.94 10.8579 15.5
      vertex 96.7219 10.8145 15.5
    endloop
  endfacet
  facet normal -0.98077 0.195165 0
    outer loop
      vertex 98.1421 12.06 15.5
      vertex 98.1855 12.2781 17.9
      vertex 98.1855 12.2781 15.5
    endloop
  endfacet
  facet normal -0.98077 0.195165 0
    outer loop
      vertex 98.1855 12.2781 17.9
      vertex 98.1421 12.06 15.5
      vertex 98.1421 12.06 17.9
    endloop
  endfacet
  facet normal 0.946915 0.321484 0
    outer loop
      vertex 94.9294 11.8494 17.9
      vertex 94.8579 12.06 15.5
      vertex 94.8579 12.06 17.9
    endloop
  endfacet
  facet normal 0.946915 0.321484 0
    outer loop
      vertex 94.8579 12.06 15.5
      vertex 94.9294 11.8494 17.9
      vertex 94.9294 11.8494 15.5
    endloop
  endfacet
  facet normal -0.44253 0.896754 0
    outer loop
      vertex 97.35 11.0278 15.5
      vertex 97.1506 10.9294 17.9
      vertex 97.35 11.0278 17.9
    endloop
  endfacet
  facet normal -0.44253 0.896754 0
    outer loop
      vertex 97.1506 10.9294 17.9
      vertex 97.35 11.0278 15.5
      vertex 97.1506 10.9294 15.5
    endloop
  endfacet
  facet normal -0.0652057 -0.997872 0
    outer loop
      vertex 96.5 14.2 15.5
      vertex 96.7219 14.1855 17.9
      vertex 96.5 14.2 17.9
    endloop
  endfacet
  facet normal -0.0652057 -0.997872 -0
    outer loop
      vertex 96.7219 14.1855 17.9
      vertex 96.5 14.2 15.5
      vertex 96.7219 14.1855 15.5
    endloop
  endfacet
  facet normal 0.321484 -0.946915 0
    outer loop
      vertex 95.8494 14.0706 15.5
      vertex 96.06 14.1421 17.9
      vertex 95.8494 14.0706 17.9
    endloop
  endfacet
  facet normal 0.321484 -0.946915 0
    outer loop
      vertex 96.06 14.1421 17.9
      vertex 95.8494 14.0706 15.5
      vertex 96.06 14.1421 15.5
    endloop
  endfacet
  facet normal 0.195165 -0.98077 0
    outer loop
      vertex 96.06 14.1421 15.5
      vertex 96.2781 14.1855 17.9
      vertex 96.06 14.1421 17.9
    endloop
  endfacet
  facet normal 0.195165 -0.98077 0
    outer loop
      vertex 96.2781 14.1855 17.9
      vertex 96.06 14.1421 15.5
      vertex 96.2781 14.1855 15.5
    endloop
  endfacet
  facet normal -0.896754 -0.44253 0
    outer loop
      vertex 98.0706 13.1506 15.5
      vertex 97.9722 13.35 17.9
      vertex 97.9722 13.35 15.5
    endloop
  endfacet
  facet normal -0.896754 -0.44253 0
    outer loop
      vertex 97.9722 13.35 17.9
      vertex 98.0706 13.1506 15.5
      vertex 98.0706 13.1506 17.9
    endloop
  endfacet
  facet normal -0.997872 0.0652057 0
    outer loop
      vertex 98.1855 12.2781 15.5
      vertex 98.2 12.5 17.9
      vertex 98.2 12.5 15.5
    endloop
  endfacet
  facet normal -0.997872 0.0652057 0
    outer loop
      vertex 98.2 12.5 17.9
      vertex 98.1855 12.2781 15.5
      vertex 98.1855 12.2781 17.9
    endloop
  endfacet
  facet normal -0.0652057 0.997872 0
    outer loop
      vertex 96.7219 10.8145 15.5
      vertex 96.5 10.8 17.9
      vertex 96.7219 10.8145 17.9
    endloop
  endfacet
  facet normal -0.0652057 0.997872 0
    outer loop
      vertex 96.5 10.8 17.9
      vertex 96.7219 10.8145 15.5
      vertex 96.5 10.8 15.5
    endloop
  endfacet
  facet normal -0.751908 -0.659268 0
    outer loop
      vertex 97.8487 13.5349 15.5
      vertex 97.7021 13.7021 17.9
      vertex 97.7021 13.7021 15.5
    endloop
  endfacet
  facet normal -0.751908 -0.659268 0
    outer loop
      vertex 97.7021 13.7021 17.9
      vertex 97.8487 13.5349 15.5
      vertex 97.8487 13.5349 17.9
    endloop
  endfacet
  facet normal 0.997872 0.0652057 0
    outer loop
      vertex 94.8145 12.2781 17.9
      vertex 94.8 12.5 15.5
      vertex 94.8 12.5 17.9
    endloop
  endfacet
  facet normal 0.997872 0.0652057 0
    outer loop
      vertex 94.8 12.5 15.5
      vertex 94.8145 12.2781 17.9
      vertex 94.8145 12.2781 15.5
    endloop
  endfacet
  facet normal -0.751908 0.659268 0
    outer loop
      vertex 97.7021 11.2979 15.5
      vertex 97.8487 11.4651 17.9
      vertex 97.8487 11.4651 15.5
    endloop
  endfacet
  facet normal -0.751908 0.659268 0
    outer loop
      vertex 97.8487 11.4651 17.9
      vertex 97.7021 11.2979 15.5
      vertex 97.7021 11.2979 17.9
    endloop
  endfacet
  facet normal 0.751908 -0.659268 0
    outer loop
      vertex 95.1513 13.5349 17.9
      vertex 95.2979 13.7021 15.5
      vertex 95.2979 13.7021 17.9
    endloop
  endfacet
  facet normal 0.751908 -0.659268 0
    outer loop
      vertex 95.2979 13.7021 15.5
      vertex 95.1513 13.5349 17.9
      vertex 95.1513 13.5349 15.5
    endloop
  endfacet
  facet normal 0.831566 -0.555426 0
    outer loop
      vertex 95.0278 13.35 17.9
      vertex 95.1513 13.5349 15.5
      vertex 95.1513 13.5349 17.9
    endloop
  endfacet
  facet normal 0.831566 -0.555426 0
    outer loop
      vertex 95.1513 13.5349 15.5
      vertex 95.0278 13.35 17.9
      vertex 95.0278 13.35 15.5
    endloop
  endfacet
  facet normal 0.0652057 -0.997872 0
    outer loop
      vertex 96.2781 14.1855 15.5
      vertex 96.5 14.2 17.9
      vertex 96.2781 14.1855 17.9
    endloop
  endfacet
  facet normal 0.0652057 -0.997872 0
    outer loop
      vertex 96.5 14.2 17.9
      vertex 96.2781 14.1855 15.5
      vertex 96.5 14.2 15.5
    endloop
  endfacet
  facet normal 0.98077 0.195165 0
    outer loop
      vertex 94.8579 12.06 17.9
      vertex 94.8145 12.2781 15.5
      vertex 94.8145 12.2781 17.9
    endloop
  endfacet
  facet normal 0.98077 0.195165 0
    outer loop
      vertex 94.8145 12.2781 15.5
      vertex 94.8579 12.06 17.9
      vertex 94.8579 12.06 15.5
    endloop
  endfacet
  facet normal 0.321484 0.946915 -0
    outer loop
      vertex 96.06 10.8579 15.5
      vertex 95.8494 10.9294 17.9
      vertex 96.06 10.8579 17.9
    endloop
  endfacet
  facet normal 0.321484 0.946915 0
    outer loop
      vertex 95.8494 10.9294 17.9
      vertex 96.06 10.8579 15.5
      vertex 95.8494 10.9294 15.5
    endloop
  endfacet
  facet normal -0.946915 -0.321484 0
    outer loop
      vertex 98.1421 12.94 15.5
      vertex 98.0706 13.1506 17.9
      vertex 98.0706 13.1506 15.5
    endloop
  endfacet
  facet normal -0.946915 -0.321484 0
    outer loop
      vertex 98.0706 13.1506 17.9
      vertex 98.1421 12.94 15.5
      vertex 98.1421 12.94 17.9
    endloop
  endfacet
  facet normal 0.44253 0.896754 -0
    outer loop
      vertex 95.8494 10.9294 15.5
      vertex 95.65 11.0278 17.9
      vertex 95.8494 10.9294 17.9
    endloop
  endfacet
  facet normal 0.44253 0.896754 0
    outer loop
      vertex 95.65 11.0278 17.9
      vertex 95.8494 10.9294 15.5
      vertex 95.65 11.0278 15.5
    endloop
  endfacet
  facet normal -0.831566 0.555426 0
    outer loop
      vertex 97.8487 11.4651 15.5
      vertex 97.9722 11.65 17.9
      vertex 97.9722 11.65 15.5
    endloop
  endfacet
  facet normal -0.831566 0.555426 0
    outer loop
      vertex 97.9722 11.65 17.9
      vertex 97.8487 11.4651 15.5
      vertex 97.8487 11.4651 17.9
    endloop
  endfacet
  facet normal 0.555426 0.831566 -0
    outer loop
      vertex 95.65 11.0278 15.5
      vertex 95.4651 11.1513 17.9
      vertex 95.65 11.0278 17.9
    endloop
  endfacet
  facet normal 0.555426 0.831566 0
    outer loop
      vertex 95.4651 11.1513 17.9
      vertex 95.65 11.0278 15.5
      vertex 95.4651 11.1513 15.5
    endloop
  endfacet
  facet normal 0.0652057 0.997872 -0
    outer loop
      vertex 96.5 10.8 15.5
      vertex 96.2781 10.8145 17.9
      vertex 96.5 10.8 17.9
    endloop
  endfacet
  facet normal 0.0652057 0.997872 0
    outer loop
      vertex 96.2781 10.8145 17.9
      vertex 96.5 10.8 15.5
      vertex 96.2781 10.8145 15.5
    endloop
  endfacet
  facet normal 0.195165 0.98077 -0
    outer loop
      vertex 96.2781 10.8145 15.5
      vertex 96.06 10.8579 17.9
      vertex 96.2781 10.8145 17.9
    endloop
  endfacet
  facet normal 0.195165 0.98077 0
    outer loop
      vertex 96.06 10.8579 17.9
      vertex 96.2781 10.8145 15.5
      vertex 96.06 10.8579 15.5
    endloop
  endfacet
  facet normal 0.896754 -0.44253 0
    outer loop
      vertex 94.9294 13.1506 17.9
      vertex 95.0278 13.35 15.5
      vertex 95.0278 13.35 17.9
    endloop
  endfacet
  facet normal 0.896754 -0.44253 0
    outer loop
      vertex 95.0278 13.35 15.5
      vertex 94.9294 13.1506 17.9
      vertex 94.9294 13.1506 15.5
    endloop
  endfacet
  facet normal 0.896754 0.44253 0
    outer loop
      vertex 95.0278 11.65 17.9
      vertex 94.9294 11.8494 15.5
      vertex 94.9294 11.8494 17.9
    endloop
  endfacet
  facet normal 0.896754 0.44253 0
    outer loop
      vertex 94.9294 11.8494 15.5
      vertex 95.0278 11.65 17.9
      vertex 95.0278 11.65 15.5
    endloop
  endfacet
  facet normal 0.98077 -0.195165 0
    outer loop
      vertex 94.8145 12.7219 17.9
      vertex 94.8579 12.94 15.5
      vertex 94.8579 12.94 17.9
    endloop
  endfacet
  facet normal 0.98077 -0.195165 0
    outer loop
      vertex 94.8579 12.94 15.5
      vertex 94.8145 12.7219 17.9
      vertex 94.8145 12.7219 15.5
    endloop
  endfacet
  facet normal 0.946915 -0.321484 0
    outer loop
      vertex 94.8579 12.94 17.9
      vertex 94.9294 13.1506 15.5
      vertex 94.9294 13.1506 17.9
    endloop
  endfacet
  facet normal 0.946915 -0.321484 0
    outer loop
      vertex 94.9294 13.1506 15.5
      vertex 94.8579 12.94 17.9
      vertex 94.8579 12.94 15.5
    endloop
  endfacet
  facet normal -0.659268 0.751908 0
    outer loop
      vertex 97.7021 11.2979 15.5
      vertex 97.5349 11.1513 17.9
      vertex 97.7021 11.2979 17.9
    endloop
  endfacet
  facet normal -0.659268 0.751908 0
    outer loop
      vertex 97.5349 11.1513 17.9
      vertex 97.7021 11.2979 15.5
      vertex 97.5349 11.1513 15.5
    endloop
  endfacet
  facet normal -0.98077 -0.195165 0
    outer loop
      vertex 13.1855 93.7219 15.5
      vertex 13.1421 93.94 17.9
      vertex 13.1421 93.94 15.5
    endloop
  endfacet
  facet normal -0.98077 -0.195165 0
    outer loop
      vertex 13.1421 93.94 17.9
      vertex 13.1855 93.7219 15.5
      vertex 13.1855 93.7219 17.9
    endloop
  endfacet
  facet normal -0.997872 -0.0652057 0
    outer loop
      vertex 13.2 93.5 15.5
      vertex 13.1855 93.7219 17.9
      vertex 13.1855 93.7219 15.5
    endloop
  endfacet
  facet normal -0.997872 -0.0652057 0
    outer loop
      vertex 13.1855 93.7219 17.9
      vertex 13.2 93.5 15.5
      vertex 13.2 93.5 17.9
    endloop
  endfacet
  facet normal 0.44253 -0.896754 0
    outer loop
      vertex 10.65 94.9722 15.5
      vertex 10.8494 95.0706 17.9
      vertex 10.65 94.9722 17.9
    endloop
  endfacet
  facet normal 0.44253 -0.896754 0
    outer loop
      vertex 10.8494 95.0706 17.9
      vertex 10.65 94.9722 15.5
      vertex 10.8494 95.0706 15.5
    endloop
  endfacet
  facet normal -0.555426 -0.831566 0
    outer loop
      vertex 12.35 94.9722 15.5
      vertex 12.5349 94.8487 17.9
      vertex 12.35 94.9722 17.9
    endloop
  endfacet
  facet normal -0.555426 -0.831566 -0
    outer loop
      vertex 12.5349 94.8487 17.9
      vertex 12.35 94.9722 15.5
      vertex 12.5349 94.8487 15.5
    endloop
  endfacet
  facet normal 0.659268 -0.751908 0
    outer loop
      vertex 10.2979 94.7021 15.5
      vertex 10.4651 94.8487 17.9
      vertex 10.2979 94.7021 17.9
    endloop
  endfacet
  facet normal 0.659268 -0.751908 0
    outer loop
      vertex 10.4651 94.8487 17.9
      vertex 10.2979 94.7021 15.5
      vertex 10.4651 94.8487 15.5
    endloop
  endfacet
  facet normal -0.321484 0.946915 0
    outer loop
      vertex 12.1506 91.9294 15.5
      vertex 11.94 91.8579 17.9
      vertex 12.1506 91.9294 17.9
    endloop
  endfacet
  facet normal -0.321484 0.946915 0
    outer loop
      vertex 11.94 91.8579 17.9
      vertex 12.1506 91.9294 15.5
      vertex 11.94 91.8579 15.5
    endloop
  endfacet
  facet normal -0.946915 0.321484 0
    outer loop
      vertex 13.0706 92.8494 15.5
      vertex 13.1421 93.06 17.9
      vertex 13.1421 93.06 15.5
    endloop
  endfacet
  facet normal -0.946915 0.321484 0
    outer loop
      vertex 13.1421 93.06 17.9
      vertex 13.0706 92.8494 15.5
      vertex 13.0706 92.8494 17.9
    endloop
  endfacet
  facet normal -0.321484 -0.946915 0
    outer loop
      vertex 11.94 95.1421 15.5
      vertex 12.1506 95.0706 17.9
      vertex 11.94 95.1421 17.9
    endloop
  endfacet
  facet normal -0.321484 -0.946915 -0
    outer loop
      vertex 12.1506 95.0706 17.9
      vertex 11.94 95.1421 15.5
      vertex 12.1506 95.0706 15.5
    endloop
  endfacet
  facet normal -0.195165 -0.98077 0
    outer loop
      vertex 11.7219 95.1855 15.5
      vertex 11.94 95.1421 17.9
      vertex 11.7219 95.1855 17.9
    endloop
  endfacet
  facet normal -0.195165 -0.98077 -0
    outer loop
      vertex 11.94 95.1421 17.9
      vertex 11.7219 95.1855 15.5
      vertex 11.94 95.1421 15.5
    endloop
  endfacet
  facet normal 0.555426 -0.831566 0
    outer loop
      vertex 10.4651 94.8487 15.5
      vertex 10.65 94.9722 17.9
      vertex 10.4651 94.8487 17.9
    endloop
  endfacet
  facet normal 0.555426 -0.831566 0
    outer loop
      vertex 10.65 94.9722 17.9
      vertex 10.4651 94.8487 15.5
      vertex 10.65 94.9722 15.5
    endloop
  endfacet
  facet normal -0.896754 0.44253 0
    outer loop
      vertex 12.9722 92.65 15.5
      vertex 13.0706 92.8494 17.9
      vertex 13.0706 92.8494 15.5
    endloop
  endfacet
  facet normal -0.896754 0.44253 0
    outer loop
      vertex 13.0706 92.8494 17.9
      vertex 12.9722 92.65 15.5
      vertex 12.9722 92.65 17.9
    endloop
  endfacet
  facet normal -0.659268 -0.751908 0
    outer loop
      vertex 12.5349 94.8487 15.5
      vertex 12.7021 94.7021 17.9
      vertex 12.5349 94.8487 17.9
    endloop
  endfacet
  facet normal -0.659268 -0.751908 -0
    outer loop
      vertex 12.7021 94.7021 17.9
      vertex 12.5349 94.8487 15.5
      vertex 12.7021 94.7021 15.5
    endloop
  endfacet
  facet normal -0.555426 0.831566 0
    outer loop
      vertex 12.5349 92.1513 15.5
      vertex 12.35 92.0278 17.9
      vertex 12.5349 92.1513 17.9
    endloop
  endfacet
  facet normal -0.555426 0.831566 0
    outer loop
      vertex 12.35 92.0278 17.9
      vertex 12.5349 92.1513 15.5
      vertex 12.35 92.0278 15.5
    endloop
  endfacet
  facet normal -0.44253 -0.896754 0
    outer loop
      vertex 12.1506 95.0706 15.5
      vertex 12.35 94.9722 17.9
      vertex 12.1506 95.0706 17.9
    endloop
  endfacet
  facet normal -0.44253 -0.896754 -0
    outer loop
      vertex 12.35 94.9722 17.9
      vertex 12.1506 95.0706 15.5
      vertex 12.35 94.9722 15.5
    endloop
  endfacet
  facet normal 0.659268 0.751908 -0
    outer loop
      vertex 10.4651 92.1513 15.5
      vertex 10.2979 92.2979 17.9
      vertex 10.4651 92.1513 17.9
    endloop
  endfacet
  facet normal 0.659268 0.751908 0
    outer loop
      vertex 10.2979 92.2979 17.9
      vertex 10.4651 92.1513 15.5
      vertex 10.2979 92.2979 15.5
    endloop
  endfacet
  facet normal 0.751908 0.659268 0
    outer loop
      vertex 10.2979 92.2979 17.9
      vertex 10.1513 92.4651 15.5
      vertex 10.1513 92.4651 17.9
    endloop
  endfacet
  facet normal 0.751908 0.659268 0
    outer loop
      vertex 10.1513 92.4651 15.5
      vertex 10.2979 92.2979 17.9
      vertex 10.2979 92.2979 15.5
    endloop
  endfacet
  facet normal 0.831566 0.555426 0
    outer loop
      vertex 10.1513 92.4651 17.9
      vertex 10.0278 92.65 15.5
      vertex 10.0278 92.65 17.9
    endloop
  endfacet
  facet normal 0.831566 0.555426 0
    outer loop
      vertex 10.0278 92.65 15.5
      vertex 10.1513 92.4651 17.9
      vertex 10.1513 92.4651 15.5
    endloop
  endfacet
  facet normal -0.831566 -0.555426 0
    outer loop
      vertex 12.9722 94.35 15.5
      vertex 12.8487 94.5349 17.9
      vertex 12.8487 94.5349 15.5
    endloop
  endfacet
  facet normal -0.831566 -0.555426 0
    outer loop
      vertex 12.8487 94.5349 17.9
      vertex 12.9722 94.35 15.5
      vertex 12.9722 94.35 17.9
    endloop
  endfacet
  facet normal -0.195165 0.98077 0
    outer loop
      vertex 11.94 91.8579 15.5
      vertex 11.7219 91.8145 17.9
      vertex 11.94 91.8579 17.9
    endloop
  endfacet
  facet normal -0.195165 0.98077 0
    outer loop
      vertex 11.7219 91.8145 17.9
      vertex 11.94 91.8579 15.5
      vertex 11.7219 91.8145 15.5
    endloop
  endfacet
  facet normal -0.98077 0.195165 0
    outer loop
      vertex 13.1421 93.06 15.5
      vertex 13.1855 93.2781 17.9
      vertex 13.1855 93.2781 15.5
    endloop
  endfacet
  facet normal -0.98077 0.195165 0
    outer loop
      vertex 13.1855 93.2781 17.9
      vertex 13.1421 93.06 15.5
      vertex 13.1421 93.06 17.9
    endloop
  endfacet
  facet normal 0.946956 0.321363 0
    outer loop
      vertex 9.9294 92.8494 17.9
      vertex 9.85793 93.06 15.5
      vertex 9.85793 93.06 17.9
    endloop
  endfacet
  facet normal 0.946956 0.321363 0
    outer loop
      vertex 9.85793 93.06 15.5
      vertex 9.9294 92.8494 17.9
      vertex 9.9294 92.8494 15.5
    endloop
  endfacet
  facet normal -0.44253 0.896754 0
    outer loop
      vertex 12.35 92.0278 15.5
      vertex 12.1506 91.9294 17.9
      vertex 12.35 92.0278 17.9
    endloop
  endfacet
  facet normal -0.44253 0.896754 0
    outer loop
      vertex 12.1506 91.9294 17.9
      vertex 12.35 92.0278 15.5
      vertex 12.1506 91.9294 15.5
    endloop
  endfacet
  facet normal -0.0652057 -0.997872 0
    outer loop
      vertex 11.5 95.2 15.5
      vertex 11.7219 95.1855 17.9
      vertex 11.5 95.2 17.9
    endloop
  endfacet
  facet normal -0.0652057 -0.997872 -0
    outer loop
      vertex 11.7219 95.1855 17.9
      vertex 11.5 95.2 15.5
      vertex 11.7219 95.1855 15.5
    endloop
  endfacet
  facet normal 0.321484 -0.946915 0
    outer loop
      vertex 10.8494 95.0706 15.5
      vertex 11.06 95.1421 17.9
      vertex 10.8494 95.0706 17.9
    endloop
  endfacet
  facet normal 0.321484 -0.946915 0
    outer loop
      vertex 11.06 95.1421 17.9
      vertex 10.8494 95.0706 15.5
      vertex 11.06 95.1421 15.5
    endloop
  endfacet
  facet normal 0.195165 -0.98077 0
    outer loop
      vertex 11.06 95.1421 15.5
      vertex 11.2781 95.1855 17.9
      vertex 11.06 95.1421 17.9
    endloop
  endfacet
  facet normal 0.195165 -0.98077 0
    outer loop
      vertex 11.2781 95.1855 17.9
      vertex 11.06 95.1421 15.5
      vertex 11.2781 95.1855 15.5
    endloop
  endfacet
  facet normal -0.896754 -0.44253 0
    outer loop
      vertex 13.0706 94.1506 15.5
      vertex 12.9722 94.35 17.9
      vertex 12.9722 94.35 15.5
    endloop
  endfacet
  facet normal -0.896754 -0.44253 0
    outer loop
      vertex 12.9722 94.35 17.9
      vertex 13.0706 94.1506 15.5
      vertex 13.0706 94.1506 17.9
    endloop
  endfacet
  facet normal -0.997872 0.0652057 0
    outer loop
      vertex 13.1855 93.2781 15.5
      vertex 13.2 93.5 17.9
      vertex 13.2 93.5 15.5
    endloop
  endfacet
  facet normal -0.997872 0.0652057 0
    outer loop
      vertex 13.2 93.5 17.9
      vertex 13.1855 93.2781 15.5
      vertex 13.1855 93.2781 17.9
    endloop
  endfacet
  facet normal -0.0652057 0.997872 0
    outer loop
      vertex 11.7219 91.8145 15.5
      vertex 11.5 91.8 17.9
      vertex 11.7219 91.8145 17.9
    endloop
  endfacet
  facet normal -0.0652057 0.997872 0
    outer loop
      vertex 11.5 91.8 17.9
      vertex 11.7219 91.8145 15.5
      vertex 11.5 91.8 15.5
    endloop
  endfacet
  facet normal -0.751908 -0.659268 0
    outer loop
      vertex 12.8487 94.5349 15.5
      vertex 12.7021 94.7021 17.9
      vertex 12.7021 94.7021 15.5
    endloop
  endfacet
  facet normal -0.751908 -0.659268 0
    outer loop
      vertex 12.7021 94.7021 17.9
      vertex 12.8487 94.5349 15.5
      vertex 12.8487 94.5349 17.9
    endloop
  endfacet
  facet normal 0.99786 0.0653848 0
    outer loop
      vertex 9.81454 93.2781 17.9
      vertex 9.8 93.5 15.5
      vertex 9.8 93.5 17.9
    endloop
  endfacet
  facet normal 0.99786 0.0653848 0
    outer loop
      vertex 9.8 93.5 15.5
      vertex 9.81454 93.2781 17.9
      vertex 9.81454 93.2781 15.5
    endloop
  endfacet
  facet normal -0.751908 0.659268 0
    outer loop
      vertex 12.7021 92.2979 15.5
      vertex 12.8487 92.4651 17.9
      vertex 12.8487 92.4651 15.5
    endloop
  endfacet
  facet normal -0.751908 0.659268 0
    outer loop
      vertex 12.8487 92.4651 17.9
      vertex 12.7021 92.2979 15.5
      vertex 12.7021 92.2979 17.9
    endloop
  endfacet
  facet normal 0.751908 -0.659268 0
    outer loop
      vertex 10.1513 94.5349 17.9
      vertex 10.2979 94.7021 15.5
      vertex 10.2979 94.7021 17.9
    endloop
  endfacet
  facet normal 0.751908 -0.659268 0
    outer loop
      vertex 10.2979 94.7021 15.5
      vertex 10.1513 94.5349 17.9
      vertex 10.1513 94.5349 15.5
    endloop
  endfacet
  facet normal 0.831566 -0.555426 0
    outer loop
      vertex 10.0278 94.35 17.9
      vertex 10.1513 94.5349 15.5
      vertex 10.1513 94.5349 17.9
    endloop
  endfacet
  facet normal 0.831566 -0.555426 0
    outer loop
      vertex 10.1513 94.5349 15.5
      vertex 10.0278 94.35 17.9
      vertex 10.0278 94.35 15.5
    endloop
  endfacet
  facet normal 0.0652057 -0.997872 0
    outer loop
      vertex 11.2781 95.1855 15.5
      vertex 11.5 95.2 17.9
      vertex 11.2781 95.1855 17.9
    endloop
  endfacet
  facet normal 0.0652057 -0.997872 0
    outer loop
      vertex 11.5 95.2 17.9
      vertex 11.2781 95.1855 15.5
      vertex 11.5 95.2 15.5
    endloop
  endfacet
  facet normal 0.980779 0.195122 0
    outer loop
      vertex 9.85793 93.06 17.9
      vertex 9.81454 93.2781 15.5
      vertex 9.81454 93.2781 17.9
    endloop
  endfacet
  facet normal 0.980779 0.195122 0
    outer loop
      vertex 9.81454 93.2781 15.5
      vertex 9.85793 93.06 17.9
      vertex 9.85793 93.06 15.5
    endloop
  endfacet
  facet normal 0.321484 0.946915 -0
    outer loop
      vertex 11.06 91.8579 15.5
      vertex 10.8494 91.9294 17.9
      vertex 11.06 91.8579 17.9
    endloop
  endfacet
  facet normal 0.321484 0.946915 0
    outer loop
      vertex 10.8494 91.9294 17.9
      vertex 11.06 91.8579 15.5
      vertex 10.8494 91.9294 15.5
    endloop
  endfacet
  facet normal -0.946915 -0.321484 0
    outer loop
      vertex 13.1421 93.94 15.5
      vertex 13.0706 94.1506 17.9
      vertex 13.0706 94.1506 15.5
    endloop
  endfacet
  facet normal -0.946915 -0.321484 0
    outer loop
      vertex 13.0706 94.1506 17.9
      vertex 13.1421 93.94 15.5
      vertex 13.1421 93.94 17.9
    endloop
  endfacet
  facet normal 0.44253 0.896754 -0
    outer loop
      vertex 10.8494 91.9294 15.5
      vertex 10.65 92.0278 17.9
      vertex 10.8494 91.9294 17.9
    endloop
  endfacet
  facet normal 0.44253 0.896754 0
    outer loop
      vertex 10.65 92.0278 17.9
      vertex 10.8494 91.9294 15.5
      vertex 10.65 92.0278 15.5
    endloop
  endfacet
  facet normal -0.831566 0.555426 0
    outer loop
      vertex 12.8487 92.4651 15.5
      vertex 12.9722 92.65 17.9
      vertex 12.9722 92.65 15.5
    endloop
  endfacet
  facet normal -0.831566 0.555426 0
    outer loop
      vertex 12.9722 92.65 17.9
      vertex 12.8487 92.4651 15.5
      vertex 12.8487 92.4651 17.9
    endloop
  endfacet
  facet normal 0.555426 0.831566 -0
    outer loop
      vertex 10.65 92.0278 15.5
      vertex 10.4651 92.1513 17.9
      vertex 10.65 92.0278 17.9
    endloop
  endfacet
  facet normal 0.555426 0.831566 0
    outer loop
      vertex 10.4651 92.1513 17.9
      vertex 10.65 92.0278 15.5
      vertex 10.4651 92.1513 15.5
    endloop
  endfacet
  facet normal 0.0652057 0.997872 -0
    outer loop
      vertex 11.5 91.8 15.5
      vertex 11.2781 91.8145 17.9
      vertex 11.5 91.8 17.9
    endloop
  endfacet
  facet normal 0.0652057 0.997872 0
    outer loop
      vertex 11.2781 91.8145 17.9
      vertex 11.5 91.8 15.5
      vertex 11.2781 91.8145 15.5
    endloop
  endfacet
  facet normal 0.195165 0.98077 -0
    outer loop
      vertex 11.2781 91.8145 15.5
      vertex 11.06 91.8579 17.9
      vertex 11.2781 91.8145 17.9
    endloop
  endfacet
  facet normal 0.195165 0.98077 0
    outer loop
      vertex 11.06 91.8579 17.9
      vertex 11.2781 91.8145 15.5
      vertex 11.06 91.8579 15.5
    endloop
  endfacet
  facet normal 0.896754 -0.44253 0
    outer loop
      vertex 9.9294 94.1506 17.9
      vertex 10.0278 94.35 15.5
      vertex 10.0278 94.35 17.9
    endloop
  endfacet
  facet normal 0.896754 -0.44253 0
    outer loop
      vertex 10.0278 94.35 15.5
      vertex 9.9294 94.1506 17.9
      vertex 9.9294 94.1506 15.5
    endloop
  endfacet
  facet normal 0.896754 0.44253 0
    outer loop
      vertex 10.0278 92.65 17.9
      vertex 9.9294 92.8494 15.5
      vertex 9.9294 92.8494 17.9
    endloop
  endfacet
  facet normal 0.896754 0.44253 0
    outer loop
      vertex 9.9294 92.8494 15.5
      vertex 10.0278 92.65 17.9
      vertex 10.0278 92.65 15.5
    endloop
  endfacet
  facet normal 0.99786 -0.0653848 0
    outer loop
      vertex 9.8 93.5 17.9
      vertex 9.81454 93.7219 15.5
      vertex 9.81454 93.7219 17.9
    endloop
  endfacet
  facet normal 0.99786 -0.0653848 0
    outer loop
      vertex 9.81454 93.7219 15.5
      vertex 9.8 93.5 17.9
      vertex 9.8 93.5 15.5
    endloop
  endfacet
  facet normal 0.980779 -0.195122 0
    outer loop
      vertex 9.81454 93.7219 17.9
      vertex 9.85793 93.94 15.5
      vertex 9.85793 93.94 17.9
    endloop
  endfacet
  facet normal 0.980779 -0.195122 0
    outer loop
      vertex 9.85793 93.94 15.5
      vertex 9.81454 93.7219 17.9
      vertex 9.81454 93.7219 15.5
    endloop
  endfacet
  facet normal 0.946956 -0.321363 0
    outer loop
      vertex 9.85793 93.94 17.9
      vertex 9.9294 94.1506 15.5
      vertex 9.9294 94.1506 17.9
    endloop
  endfacet
  facet normal 0.946956 -0.321363 0
    outer loop
      vertex 9.9294 94.1506 15.5
      vertex 9.85793 93.94 17.9
      vertex 9.85793 93.94 15.5
    endloop
  endfacet
  facet normal -0.659268 0.751908 0
    outer loop
      vertex 12.7021 92.2979 15.5
      vertex 12.5349 92.1513 17.9
      vertex 12.7021 92.2979 17.9
    endloop
  endfacet
  facet normal -0.659268 0.751908 0
    outer loop
      vertex 12.5349 92.1513 17.9
      vertex 12.7021 92.2979 15.5
      vertex 12.5349 92.1513 15.5
    endloop
  endfacet
  facet normal -0.98077 -0.195165 0
    outer loop
      vertex 98.1855 93.7219 15.5
      vertex 98.1421 93.94 17.9
      vertex 98.1421 93.94 15.5
    endloop
  endfacet
  facet normal -0.98077 -0.195165 0
    outer loop
      vertex 98.1421 93.94 17.9
      vertex 98.1855 93.7219 15.5
      vertex 98.1855 93.7219 17.9
    endloop
  endfacet
  facet normal -0.997872 -0.0652057 0
    outer loop
      vertex 98.2 93.5 15.5
      vertex 98.1855 93.7219 17.9
      vertex 98.1855 93.7219 15.5
    endloop
  endfacet
  facet normal -0.997872 -0.0652057 0
    outer loop
      vertex 98.1855 93.7219 17.9
      vertex 98.2 93.5 15.5
      vertex 98.2 93.5 17.9
    endloop
  endfacet
  facet normal 0.44253 -0.896754 0
    outer loop
      vertex 95.65 94.9722 15.5
      vertex 95.8494 95.0706 17.9
      vertex 95.65 94.9722 17.9
    endloop
  endfacet
  facet normal 0.44253 -0.896754 0
    outer loop
      vertex 95.8494 95.0706 17.9
      vertex 95.65 94.9722 15.5
      vertex 95.8494 95.0706 15.5
    endloop
  endfacet
  facet normal -0.555426 -0.831566 0
    outer loop
      vertex 97.35 94.9722 15.5
      vertex 97.5349 94.8487 17.9
      vertex 97.35 94.9722 17.9
    endloop
  endfacet
  facet normal -0.555426 -0.831566 -0
    outer loop
      vertex 97.5349 94.8487 17.9
      vertex 97.35 94.9722 15.5
      vertex 97.5349 94.8487 15.5
    endloop
  endfacet
  facet normal 0.659268 -0.751908 0
    outer loop
      vertex 95.2979 94.7021 15.5
      vertex 95.4651 94.8487 17.9
      vertex 95.2979 94.7021 17.9
    endloop
  endfacet
  facet normal 0.659268 -0.751908 0
    outer loop
      vertex 95.4651 94.8487 17.9
      vertex 95.2979 94.7021 15.5
      vertex 95.4651 94.8487 15.5
    endloop
  endfacet
  facet normal -0.321484 0.946915 0
    outer loop
      vertex 97.1506 91.9294 15.5
      vertex 96.94 91.8579 17.9
      vertex 97.1506 91.9294 17.9
    endloop
  endfacet
  facet normal -0.321484 0.946915 0
    outer loop
      vertex 96.94 91.8579 17.9
      vertex 97.1506 91.9294 15.5
      vertex 96.94 91.8579 15.5
    endloop
  endfacet
  facet normal -0.831566 0.555426 0
    outer loop
      vertex 97.8487 92.4651 15.5
      vertex 97.9722 92.65 17.9
      vertex 97.9722 92.65 15.5
    endloop
  endfacet
  facet normal -0.831566 0.555426 0
    outer loop
      vertex 97.9722 92.65 17.9
      vertex 97.8487 92.4651 15.5
      vertex 97.8487 92.4651 17.9
    endloop
  endfacet
  facet normal -0.946915 0.321484 0
    outer loop
      vertex 98.0706 92.8494 15.5
      vertex 98.1421 93.06 17.9
      vertex 98.1421 93.06 15.5
    endloop
  endfacet
  facet normal -0.946915 0.321484 0
    outer loop
      vertex 98.1421 93.06 17.9
      vertex 98.0706 92.8494 15.5
      vertex 98.0706 92.8494 17.9
    endloop
  endfacet
  facet normal -0.321484 -0.946915 0
    outer loop
      vertex 96.94 95.1421 15.5
      vertex 97.1506 95.0706 17.9
      vertex 96.94 95.1421 17.9
    endloop
  endfacet
  facet normal -0.321484 -0.946915 -0
    outer loop
      vertex 97.1506 95.0706 17.9
      vertex 96.94 95.1421 15.5
      vertex 97.1506 95.0706 15.5
    endloop
  endfacet
  facet normal -0.195165 -0.98077 0
    outer loop
      vertex 96.7219 95.1855 15.5
      vertex 96.94 95.1421 17.9
      vertex 96.7219 95.1855 17.9
    endloop
  endfacet
  facet normal -0.195165 -0.98077 -0
    outer loop
      vertex 96.94 95.1421 17.9
      vertex 96.7219 95.1855 15.5
      vertex 96.94 95.1421 15.5
    endloop
  endfacet
  facet normal 0.555426 -0.831566 0
    outer loop
      vertex 95.4651 94.8487 15.5
      vertex 95.65 94.9722 17.9
      vertex 95.4651 94.8487 17.9
    endloop
  endfacet
  facet normal 0.555426 -0.831566 0
    outer loop
      vertex 95.65 94.9722 17.9
      vertex 95.4651 94.8487 15.5
      vertex 95.65 94.9722 15.5
    endloop
  endfacet
  facet normal -0.896754 0.44253 0
    outer loop
      vertex 97.9722 92.65 15.5
      vertex 98.0706 92.8494 17.9
      vertex 98.0706 92.8494 15.5
    endloop
  endfacet
  facet normal -0.896754 0.44253 0
    outer loop
      vertex 98.0706 92.8494 17.9
      vertex 97.9722 92.65 15.5
      vertex 97.9722 92.65 17.9
    endloop
  endfacet
  facet normal -0.659268 -0.751908 0
    outer loop
      vertex 97.5349 94.8487 15.5
      vertex 97.7021 94.7021 17.9
      vertex 97.5349 94.8487 17.9
    endloop
  endfacet
  facet normal -0.659268 -0.751908 -0
    outer loop
      vertex 97.7021 94.7021 17.9
      vertex 97.5349 94.8487 15.5
      vertex 97.7021 94.7021 15.5
    endloop
  endfacet
  facet normal -0.555426 0.831566 0
    outer loop
      vertex 97.5349 92.1513 15.5
      vertex 97.35 92.0278 17.9
      vertex 97.5349 92.1513 17.9
    endloop
  endfacet
  facet normal -0.555426 0.831566 0
    outer loop
      vertex 97.35 92.0278 17.9
      vertex 97.5349 92.1513 15.5
      vertex 97.35 92.0278 15.5
    endloop
  endfacet
  facet normal -0.44253 -0.896754 0
    outer loop
      vertex 97.1506 95.0706 15.5
      vertex 97.35 94.9722 17.9
      vertex 97.1506 95.0706 17.9
    endloop
  endfacet
  facet normal -0.44253 -0.896754 -0
    outer loop
      vertex 97.35 94.9722 17.9
      vertex 97.1506 95.0706 15.5
      vertex 97.35 94.9722 15.5
    endloop
  endfacet
  facet normal 0.997872 -0.0652057 0
    outer loop
      vertex 94.8 93.5 17.9
      vertex 94.8145 93.7219 15.5
      vertex 94.8145 93.7219 17.9
    endloop
  endfacet
  facet normal 0.997872 -0.0652057 0
    outer loop
      vertex 94.8145 93.7219 15.5
      vertex 94.8 93.5 17.9
      vertex 94.8 93.5 15.5
    endloop
  endfacet
  facet normal 0.659268 0.751908 -0
    outer loop
      vertex 95.4651 92.1513 15.5
      vertex 95.2979 92.2979 17.9
      vertex 95.4651 92.1513 17.9
    endloop
  endfacet
  facet normal 0.659268 0.751908 0
    outer loop
      vertex 95.2979 92.2979 17.9
      vertex 95.4651 92.1513 15.5
      vertex 95.2979 92.2979 15.5
    endloop
  endfacet
  facet normal 0.751908 0.659268 0
    outer loop
      vertex 95.2979 92.2979 17.9
      vertex 95.1513 92.4651 15.5
      vertex 95.1513 92.4651 17.9
    endloop
  endfacet
  facet normal 0.751908 0.659268 0
    outer loop
      vertex 95.1513 92.4651 15.5
      vertex 95.2979 92.2979 17.9
      vertex 95.2979 92.2979 15.5
    endloop
  endfacet
  facet normal 0.831566 0.555426 0
    outer loop
      vertex 95.1513 92.4651 17.9
      vertex 95.0278 92.65 15.5
      vertex 95.0278 92.65 17.9
    endloop
  endfacet
  facet normal 0.831566 0.555426 0
    outer loop
      vertex 95.0278 92.65 15.5
      vertex 95.1513 92.4651 17.9
      vertex 95.1513 92.4651 15.5
    endloop
  endfacet
  facet normal -0.831566 -0.555426 0
    outer loop
      vertex 97.9722 94.35 15.5
      vertex 97.8487 94.5349 17.9
      vertex 97.8487 94.5349 15.5
    endloop
  endfacet
  facet normal -0.831566 -0.555426 0
    outer loop
      vertex 97.8487 94.5349 17.9
      vertex 97.9722 94.35 15.5
      vertex 97.9722 94.35 17.9
    endloop
  endfacet
  facet normal -0.195165 0.98077 0
    outer loop
      vertex 96.94 91.8579 15.5
      vertex 96.7219 91.8145 17.9
      vertex 96.94 91.8579 17.9
    endloop
  endfacet
  facet normal -0.195165 0.98077 0
    outer loop
      vertex 96.7219 91.8145 17.9
      vertex 96.94 91.8579 15.5
      vertex 96.7219 91.8145 15.5
    endloop
  endfacet
  facet normal -0.98077 0.195165 0
    outer loop
      vertex 98.1421 93.06 15.5
      vertex 98.1855 93.2781 17.9
      vertex 98.1855 93.2781 15.5
    endloop
  endfacet
  facet normal -0.98077 0.195165 0
    outer loop
      vertex 98.1855 93.2781 17.9
      vertex 98.1421 93.06 15.5
      vertex 98.1421 93.06 17.9
    endloop
  endfacet
  facet normal 0.946915 0.321484 0
    outer loop
      vertex 94.9294 92.8494 17.9
      vertex 94.8579 93.06 15.5
      vertex 94.8579 93.06 17.9
    endloop
  endfacet
  facet normal 0.946915 0.321484 0
    outer loop
      vertex 94.8579 93.06 15.5
      vertex 94.9294 92.8494 17.9
      vertex 94.9294 92.8494 15.5
    endloop
  endfacet
  facet normal -0.44253 0.896754 0
    outer loop
      vertex 97.35 92.0278 15.5
      vertex 97.1506 91.9294 17.9
      vertex 97.35 92.0278 17.9
    endloop
  endfacet
  facet normal -0.44253 0.896754 0
    outer loop
      vertex 97.1506 91.9294 17.9
      vertex 97.35 92.0278 15.5
      vertex 97.1506 91.9294 15.5
    endloop
  endfacet
  facet normal -0.0652057 -0.997872 0
    outer loop
      vertex 96.5 95.2 15.5
      vertex 96.7219 95.1855 17.9
      vertex 96.5 95.2 17.9
    endloop
  endfacet
  facet normal -0.0652057 -0.997872 -0
    outer loop
      vertex 96.7219 95.1855 17.9
      vertex 96.5 95.2 15.5
      vertex 96.7219 95.1855 15.5
    endloop
  endfacet
  facet normal 0.321484 -0.946915 0
    outer loop
      vertex 95.8494 95.0706 15.5
      vertex 96.06 95.1421 17.9
      vertex 95.8494 95.0706 17.9
    endloop
  endfacet
  facet normal 0.321484 -0.946915 0
    outer loop
      vertex 96.06 95.1421 17.9
      vertex 95.8494 95.0706 15.5
      vertex 96.06 95.1421 15.5
    endloop
  endfacet
  facet normal 0.195165 -0.98077 0
    outer loop
      vertex 96.06 95.1421 15.5
      vertex 96.2781 95.1855 17.9
      vertex 96.06 95.1421 17.9
    endloop
  endfacet
  facet normal 0.195165 -0.98077 0
    outer loop
      vertex 96.2781 95.1855 17.9
      vertex 96.06 95.1421 15.5
      vertex 96.2781 95.1855 15.5
    endloop
  endfacet
  facet normal -0.896754 -0.44253 0
    outer loop
      vertex 98.0706 94.1506 15.5
      vertex 97.9722 94.35 17.9
      vertex 97.9722 94.35 15.5
    endloop
  endfacet
  facet normal -0.896754 -0.44253 0
    outer loop
      vertex 97.9722 94.35 17.9
      vertex 98.0706 94.1506 15.5
      vertex 98.0706 94.1506 17.9
    endloop
  endfacet
  facet normal -0.997872 0.0652057 0
    outer loop
      vertex 98.1855 93.2781 15.5
      vertex 98.2 93.5 17.9
      vertex 98.2 93.5 15.5
    endloop
  endfacet
  facet normal -0.997872 0.0652057 0
    outer loop
      vertex 98.2 93.5 17.9
      vertex 98.1855 93.2781 15.5
      vertex 98.1855 93.2781 17.9
    endloop
  endfacet
  facet normal -0.0652057 0.997872 0
    outer loop
      vertex 96.7219 91.8145 15.5
      vertex 96.5 91.8 17.9
      vertex 96.7219 91.8145 17.9
    endloop
  endfacet
  facet normal -0.0652057 0.997872 0
    outer loop
      vertex 96.5 91.8 17.9
      vertex 96.7219 91.8145 15.5
      vertex 96.5 91.8 15.5
    endloop
  endfacet
  facet normal -0.751908 -0.659268 0
    outer loop
      vertex 97.8487 94.5349 15.5
      vertex 97.7021 94.7021 17.9
      vertex 97.7021 94.7021 15.5
    endloop
  endfacet
  facet normal -0.751908 -0.659268 0
    outer loop
      vertex 97.7021 94.7021 17.9
      vertex 97.8487 94.5349 15.5
      vertex 97.8487 94.5349 17.9
    endloop
  endfacet
  facet normal 0.997872 0.0652057 0
    outer loop
      vertex 94.8145 93.2781 17.9
      vertex 94.8 93.5 15.5
      vertex 94.8 93.5 17.9
    endloop
  endfacet
  facet normal 0.997872 0.0652057 0
    outer loop
      vertex 94.8 93.5 15.5
      vertex 94.8145 93.2781 17.9
      vertex 94.8145 93.2781 15.5
    endloop
  endfacet
  facet normal -0.751908 0.659268 0
    outer loop
      vertex 97.7021 92.2979 15.5
      vertex 97.8487 92.4651 17.9
      vertex 97.8487 92.4651 15.5
    endloop
  endfacet
  facet normal -0.751908 0.659268 0
    outer loop
      vertex 97.8487 92.4651 17.9
      vertex 97.7021 92.2979 15.5
      vertex 97.7021 92.2979 17.9
    endloop
  endfacet
  facet normal 0.751908 -0.659268 0
    outer loop
      vertex 95.1513 94.5349 17.9
      vertex 95.2979 94.7021 15.5
      vertex 95.2979 94.7021 17.9
    endloop
  endfacet
  facet normal 0.751908 -0.659268 0
    outer loop
      vertex 95.2979 94.7021 15.5
      vertex 95.1513 94.5349 17.9
      vertex 95.1513 94.5349 15.5
    endloop
  endfacet
  facet normal 0.831566 -0.555426 0
    outer loop
      vertex 95.0278 94.35 17.9
      vertex 95.1513 94.5349 15.5
      vertex 95.1513 94.5349 17.9
    endloop
  endfacet
  facet normal 0.831566 -0.555426 0
    outer loop
      vertex 95.1513 94.5349 15.5
      vertex 95.0278 94.35 17.9
      vertex 95.0278 94.35 15.5
    endloop
  endfacet
  facet normal 0.0652057 -0.997872 0
    outer loop
      vertex 96.2781 95.1855 15.5
      vertex 96.5 95.2 17.9
      vertex 96.2781 95.1855 17.9
    endloop
  endfacet
  facet normal 0.0652057 -0.997872 0
    outer loop
      vertex 96.5 95.2 17.9
      vertex 96.2781 95.1855 15.5
      vertex 96.5 95.2 15.5
    endloop
  endfacet
  facet normal 0.98077 0.195165 0
    outer loop
      vertex 94.8579 93.06 17.9
      vertex 94.8145 93.2781 15.5
      vertex 94.8145 93.2781 17.9
    endloop
  endfacet
  facet normal 0.98077 0.195165 0
    outer loop
      vertex 94.8145 93.2781 15.5
      vertex 94.8579 93.06 17.9
      vertex 94.8579 93.06 15.5
    endloop
  endfacet
  facet normal 0.321484 0.946915 -0
    outer loop
      vertex 96.06 91.8579 15.5
      vertex 95.8494 91.9294 17.9
      vertex 96.06 91.8579 17.9
    endloop
  endfacet
  facet normal 0.321484 0.946915 0
    outer loop
      vertex 95.8494 91.9294 17.9
      vertex 96.06 91.8579 15.5
      vertex 95.8494 91.9294 15.5
    endloop
  endfacet
  facet normal -0.946915 -0.321484 0
    outer loop
      vertex 98.1421 93.94 15.5
      vertex 98.0706 94.1506 17.9
      vertex 98.0706 94.1506 15.5
    endloop
  endfacet
  facet normal -0.946915 -0.321484 0
    outer loop
      vertex 98.0706 94.1506 17.9
      vertex 98.1421 93.94 15.5
      vertex 98.1421 93.94 17.9
    endloop
  endfacet
  facet normal 0.44253 0.896754 -0
    outer loop
      vertex 95.8494 91.9294 15.5
      vertex 95.65 92.0278 17.9
      vertex 95.8494 91.9294 17.9
    endloop
  endfacet
  facet normal 0.44253 0.896754 0
    outer loop
      vertex 95.65 92.0278 17.9
      vertex 95.8494 91.9294 15.5
      vertex 95.65 92.0278 15.5
    endloop
  endfacet
  facet normal 0.555426 0.831566 -0
    outer loop
      vertex 95.65 92.0278 15.5
      vertex 95.4651 92.1513 17.9
      vertex 95.65 92.0278 17.9
    endloop
  endfacet
  facet normal 0.555426 0.831566 0
    outer loop
      vertex 95.4651 92.1513 17.9
      vertex 95.65 92.0278 15.5
      vertex 95.4651 92.1513 15.5
    endloop
  endfacet
  facet normal 0.195165 0.98077 -0
    outer loop
      vertex 96.2781 91.8145 15.5
      vertex 96.06 91.8579 17.9
      vertex 96.2781 91.8145 17.9
    endloop
  endfacet
  facet normal 0.195165 0.98077 0
    outer loop
      vertex 96.06 91.8579 17.9
      vertex 96.2781 91.8145 15.5
      vertex 96.06 91.8579 15.5
    endloop
  endfacet
  facet normal 0.896754 -0.44253 0
    outer loop
      vertex 94.9294 94.1506 17.9
      vertex 95.0278 94.35 15.5
      vertex 95.0278 94.35 17.9
    endloop
  endfacet
  facet normal 0.896754 -0.44253 0
    outer loop
      vertex 95.0278 94.35 15.5
      vertex 94.9294 94.1506 17.9
      vertex 94.9294 94.1506 15.5
    endloop
  endfacet
  facet normal 0.0652057 0.997872 -0
    outer loop
      vertex 96.5 91.8 15.5
      vertex 96.2781 91.8145 17.9
      vertex 96.5 91.8 17.9
    endloop
  endfacet
  facet normal 0.0652057 0.997872 0
    outer loop
      vertex 96.2781 91.8145 17.9
      vertex 96.5 91.8 15.5
      vertex 96.2781 91.8145 15.5
    endloop
  endfacet
  facet normal 0.896754 0.44253 0
    outer loop
      vertex 95.0278 92.65 17.9
      vertex 94.9294 92.8494 15.5
      vertex 94.9294 92.8494 17.9
    endloop
  endfacet
  facet normal 0.896754 0.44253 0
    outer loop
      vertex 94.9294 92.8494 15.5
      vertex 95.0278 92.65 17.9
      vertex 95.0278 92.65 15.5
    endloop
  endfacet
  facet normal 0.98077 -0.195165 0
    outer loop
      vertex 94.8145 93.7219 17.9
      vertex 94.8579 93.94 15.5
      vertex 94.8579 93.94 17.9
    endloop
  endfacet
  facet normal 0.98077 -0.195165 0
    outer loop
      vertex 94.8579 93.94 15.5
      vertex 94.8145 93.7219 17.9
      vertex 94.8145 93.7219 15.5
    endloop
  endfacet
  facet normal 0.946915 -0.321484 0
    outer loop
      vertex 94.8579 93.94 17.9
      vertex 94.9294 94.1506 15.5
      vertex 94.9294 94.1506 17.9
    endloop
  endfacet
  facet normal 0.946915 -0.321484 0
    outer loop
      vertex 94.9294 94.1506 15.5
      vertex 94.8579 93.94 17.9
      vertex 94.8579 93.94 15.5
    endloop
  endfacet
  facet normal -0.659268 0.751908 0
    outer loop
      vertex 97.7021 92.2979 15.5
      vertex 97.5349 92.1513 17.9
      vertex 97.7021 92.2979 17.9
    endloop
  endfacet
  facet normal -0.659268 0.751908 0
    outer loop
      vertex 97.5349 92.1513 17.9
      vertex 97.7021 92.2979 15.5
      vertex 97.5349 92.1513 15.5
    endloop
  endfacet
  facet normal -0.322337 0.946625 0
    outer loop
      vertex 30.1546 14.4457 15.5
      vertex 30.0803 14.4204 17.9
      vertex 30.1546 14.4457 17.9
    endloop
  endfacet
  facet normal -0.322337 0.946625 0
    outer loop
      vertex 30.0803 14.4204 17.9
      vertex 30.1546 14.4457 15.5
      vertex 30.0803 14.4204 15.5
    endloop
  endfacet
  facet normal -0.896961 0.44211 0
    outer loop
      vertex 30.4446 14.7 15.5
      vertex 30.4793 14.7704 17.9
      vertex 30.4793 14.7704 15.5
    endloop
  endfacet
  facet normal -0.896961 0.44211 0
    outer loop
      vertex 30.4793 14.7704 17.9
      vertex 30.4446 14.7 15.5
      vertex 30.4446 14.7 17.9
    endloop
  endfacet
  facet normal 0 1 -0
    outer loop
      vertex 29.925 14.4 15.5
      vertex 16.925 14.4 17.9
      vertex 29.925 14.4 17.9
    endloop
  endfacet
  facet normal 0 1 0
    outer loop
      vertex 16.925 14.4 17.9
      vertex 29.925 14.4 15.5
      vertex 16.925 14.4 15.5
    endloop
  endfacet
  facet normal -0.194891 0.980825 0
    outer loop
      vertex 30.0803 14.4204 15.5
      vertex 30.0033 14.4051 17.9
      vertex 30.0803 14.4204 17.9
    endloop
  endfacet
  facet normal -0.194891 0.980825 0
    outer loop
      vertex 30.0033 14.4051 17.9
      vertex 30.0803 14.4204 15.5
      vertex 30.0033 14.4051 15.5
    endloop
  endfacet
  facet normal -0.0649964 -0.997886 0
    outer loop
      vertex 29.925 28.6 15.5
      vertex 30.0033 28.5949 17.9
      vertex 29.925 28.6 17.9
    endloop
  endfacet
  facet normal -0.0649964 -0.997886 -0
    outer loop
      vertex 30.0033 28.5949 17.9
      vertex 29.925 28.6 15.5
      vertex 30.0033 28.5949 15.5
    endloop
  endfacet
  facet normal 0.980825 0.194891 0
    outer loop
      vertex 16.3454 14.8447 17.9
      vertex 16.3301 14.9217 15.5
      vertex 16.3301 14.9217 17.9
    endloop
  endfacet
  facet normal 0.980825 0.194891 0
    outer loop
      vertex 16.3301 14.9217 15.5
      vertex 16.3454 14.8447 17.9
      vertex 16.3454 14.8447 15.5
    endloop
  endfacet
  facet normal -0.0649964 0.997886 0
    outer loop
      vertex 30.0033 14.4051 15.5
      vertex 29.925 14.4 17.9
      vertex 30.0033 14.4051 17.9
    endloop
  endfacet
  facet normal -0.0649964 0.997886 0
    outer loop
      vertex 29.925 14.4 17.9
      vertex 30.0033 14.4051 15.5
      vertex 29.925 14.4 15.5
    endloop
  endfacet
  facet normal 0.44211 0.896961 -0
    outer loop
      vertex 16.6954 14.4457 15.5
      vertex 16.625 14.4804 17.9
      vertex 16.6954 14.4457 17.9
    endloop
  endfacet
  facet normal 0.44211 0.896961 0
    outer loop
      vertex 16.625 14.4804 17.9
      vertex 16.6954 14.4457 15.5
      vertex 16.625 14.4804 15.5
    endloop
  endfacet
  facet normal 0.659046 0.752103 -0
    outer loop
      vertex 16.5597 14.524 15.5
      vertex 16.5007 14.5757 17.9
      vertex 16.5597 14.524 17.9
    endloop
  endfacet
  facet normal 0.659046 0.752103 0
    outer loop
      vertex 16.5007 14.5757 17.9
      vertex 16.5597 14.524 15.5
      vertex 16.5007 14.5757 15.5
    endloop
  endfacet
  facet normal -0.896961 -0.44211 0
    outer loop
      vertex 30.4793 28.2296 15.5
      vertex 30.4446 28.3 17.9
      vertex 30.4446 28.3 15.5
    endloop
  endfacet
  facet normal -0.896961 -0.44211 0
    outer loop
      vertex 30.4446 28.3 17.9
      vertex 30.4793 28.2296 15.5
      vertex 30.4793 28.2296 17.9
    endloop
  endfacet
  facet normal 0.555288 0.831658 -0
    outer loop
      vertex 16.625 14.4804 15.5
      vertex 16.5597 14.524 17.9
      vertex 16.625 14.4804 17.9
    endloop
  endfacet
  facet normal 0.555288 0.831658 0
    outer loop
      vertex 16.5597 14.524 17.9
      vertex 16.625 14.4804 15.5
      vertex 16.5597 14.524 15.5
    endloop
  endfacet
  facet normal 0.659046 -0.752103 0
    outer loop
      vertex 16.5007 28.4243 15.5
      vertex 16.5597 28.476 17.9
      vertex 16.5007 28.4243 17.9
    endloop
  endfacet
  facet normal 0.659046 -0.752103 0
    outer loop
      vertex 16.5597 28.476 17.9
      vertex 16.5007 28.4243 15.5
      vertex 16.5597 28.476 15.5
    endloop
  endfacet
  facet normal 0.896961 0.44211 0
    outer loop
      vertex 16.4054 14.7 17.9
      vertex 16.3707 14.7704 15.5
      vertex 16.3707 14.7704 17.9
    endloop
  endfacet
  facet normal 0.896961 0.44211 0
    outer loop
      vertex 16.3707 14.7704 15.5
      vertex 16.4054 14.7 17.9
      vertex 16.4054 14.7 15.5
    endloop
  endfacet
  facet normal -1 0 0
    outer loop
      vertex 30.525 15 15.5
      vertex 30.525 28 17.9
      vertex 30.525 28 15.5
    endloop
  endfacet
  facet normal -1 -0 0
    outer loop
      vertex 30.525 28 17.9
      vertex 30.525 15 15.5
      vertex 30.525 15 17.9
    endloop
  endfacet
  facet normal -0.44211 -0.896961 0
    outer loop
      vertex 30.1546 28.5543 15.5
      vertex 30.225 28.5196 17.9
      vertex 30.1546 28.5543 17.9
    endloop
  endfacet
  facet normal -0.44211 -0.896961 -0
    outer loop
      vertex 30.225 28.5196 17.9
      vertex 30.1546 28.5543 15.5
      vertex 30.225 28.5196 15.5
    endloop
  endfacet
  facet normal 1 -0 0
    outer loop
      vertex 16.325 15 17.9
      vertex 16.325 28 15.5
      vertex 16.325 28 17.9
    endloop
  endfacet
  facet normal 1 0 0
    outer loop
      vertex 16.325 28 15.5
      vertex 16.325 15 17.9
      vertex 16.325 15 15.5
    endloop
  endfacet
  facet normal 0.44211 -0.896961 0
    outer loop
      vertex 16.625 28.5196 15.5
      vertex 16.6954 28.5543 17.9
      vertex 16.625 28.5196 17.9
    endloop
  endfacet
  facet normal 0.44211 -0.896961 0
    outer loop
      vertex 16.6954 28.5543 17.9
      vertex 16.625 28.5196 15.5
      vertex 16.6954 28.5543 15.5
    endloop
  endfacet
  facet normal 0.946625 0.322337 0
    outer loop
      vertex 16.3707 14.7704 17.9
      vertex 16.3454 14.8447 15.5
      vertex 16.3454 14.8447 17.9
    endloop
  endfacet
  facet normal 0.946625 0.322337 0
    outer loop
      vertex 16.3454 14.8447 15.5
      vertex 16.3707 14.7704 17.9
      vertex 16.3707 14.7704 15.5
    endloop
  endfacet
  facet normal 0.322337 0.946625 -0
    outer loop
      vertex 16.7697 14.4204 15.5
      vertex 16.6954 14.4457 17.9
      vertex 16.7697 14.4204 17.9
    endloop
  endfacet
  facet normal 0.322337 0.946625 0
    outer loop
      vertex 16.6954 14.4457 17.9
      vertex 16.7697 14.4204 15.5
      vertex 16.6954 14.4457 15.5
    endloop
  endfacet
  facet normal 0.0649964 0.997886 -0
    outer loop
      vertex 16.925 14.4 15.5
      vertex 16.8467 14.4051 17.9
      vertex 16.925 14.4 17.9
    endloop
  endfacet
  facet normal 0.0649964 0.997886 0
    outer loop
      vertex 16.8467 14.4051 17.9
      vertex 16.925 14.4 15.5
      vertex 16.8467 14.4051 15.5
    endloop
  endfacet
  facet normal -0.980825 -0.194891 0
    outer loop
      vertex 30.5199 28.0783 15.5
      vertex 30.5046 28.1553 17.9
      vertex 30.5046 28.1553 15.5
    endloop
  endfacet
  facet normal -0.980825 -0.194891 0
    outer loop
      vertex 30.5046 28.1553 17.9
      vertex 30.5199 28.0783 15.5
      vertex 30.5199 28.0783 17.9
    endloop
  endfacet
  facet normal -0.555877 -0.831265 0
    outer loop
      vertex 30.225 28.5196 15.5
      vertex 30.2902 28.476 17.9
      vertex 30.225 28.5196 17.9
    endloop
  endfacet
  facet normal -0.555877 -0.831265 -0
    outer loop
      vertex 30.2902 28.476 17.9
      vertex 30.225 28.5196 15.5
      vertex 30.2902 28.476 15.5
    endloop
  endfacet
  facet normal 0.946625 -0.322337 0
    outer loop
      vertex 16.3454 28.1553 17.9
      vertex 16.3707 28.2296 15.5
      vertex 16.3707 28.2296 17.9
    endloop
  endfacet
  facet normal 0.946625 -0.322337 0
    outer loop
      vertex 16.3707 28.2296 15.5
      vertex 16.3454 28.1553 17.9
      vertex 16.3454 28.1553 15.5
    endloop
  endfacet
  facet normal -0.831265 -0.555877 0
    outer loop
      vertex 30.4446 28.3 15.5
      vertex 30.401 28.3652 17.9
      vertex 30.401 28.3652 15.5
    endloop
  endfacet
  facet normal -0.831265 -0.555877 0
    outer loop
      vertex 30.401 28.3652 17.9
      vertex 30.4446 28.3 15.5
      vertex 30.4446 28.3 17.9
    endloop
  endfacet
  facet normal 0 -1 0
    outer loop
      vertex 16.925 28.6 15.5
      vertex 29.925 28.6 17.9
      vertex 16.925 28.6 17.9
    endloop
  endfacet
  facet normal 0 -1 -0
    outer loop
      vertex 29.925 28.6 17.9
      vertex 16.925 28.6 15.5
      vertex 29.925 28.6 15.5
    endloop
  endfacet
  facet normal 0.980825 -0.194891 0
    outer loop
      vertex 16.3301 28.0783 17.9
      vertex 16.3454 28.1553 15.5
      vertex 16.3454 28.1553 17.9
    endloop
  endfacet
  facet normal 0.980825 -0.194891 0
    outer loop
      vertex 16.3454 28.1553 15.5
      vertex 16.3301 28.0783 17.9
      vertex 16.3301 28.0783 15.5
    endloop
  endfacet
  facet normal 0.194891 0.980825 -0
    outer loop
      vertex 16.8467 14.4051 15.5
      vertex 16.7697 14.4204 17.9
      vertex 16.8467 14.4051 17.9
    endloop
  endfacet
  facet normal 0.194891 0.980825 0
    outer loop
      vertex 16.7697 14.4204 17.9
      vertex 16.8467 14.4051 15.5
      vertex 16.7697 14.4204 15.5
    endloop
  endfacet
  facet normal 0.322337 -0.946625 0
    outer loop
      vertex 16.6954 28.5543 15.5
      vertex 16.7697 28.5796 17.9
      vertex 16.6954 28.5543 17.9
    endloop
  endfacet
  facet normal 0.322337 -0.946625 0
    outer loop
      vertex 16.7697 28.5796 17.9
      vertex 16.6954 28.5543 15.5
      vertex 16.7697 28.5796 15.5
    endloop
  endfacet
  facet normal 0.896961 -0.44211 0
    outer loop
      vertex 16.3707 28.2296 17.9
      vertex 16.4054 28.3 15.5
      vertex 16.4054 28.3 17.9
    endloop
  endfacet
  facet normal 0.896961 -0.44211 0
    outer loop
      vertex 16.4054 28.3 15.5
      vertex 16.3707 28.2296 17.9
      vertex 16.3707 28.2296 15.5
    endloop
  endfacet
  facet normal 0.831265 -0.555877 0
    outer loop
      vertex 16.4054 28.3 17.9
      vertex 16.449 28.3652 15.5
      vertex 16.449 28.3652 17.9
    endloop
  endfacet
  facet normal 0.831265 -0.555877 0
    outer loop
      vertex 16.449 28.3652 15.5
      vertex 16.4054 28.3 17.9
      vertex 16.4054 28.3 15.5
    endloop
  endfacet
  facet normal 0.0649964 -0.997886 0
    outer loop
      vertex 16.8467 28.5949 15.5
      vertex 16.925 28.6 17.9
      vertex 16.8467 28.5949 17.9
    endloop
  endfacet
  facet normal 0.0649964 -0.997886 0
    outer loop
      vertex 16.925 28.6 17.9
      vertex 16.8467 28.5949 15.5
      vertex 16.925 28.6 15.5
    endloop
  endfacet
  facet normal 0.752656 -0.658414 0
    outer loop
      vertex 16.449 28.3652 17.9
      vertex 16.5007 28.4243 15.5
      vertex 16.5007 28.4243 17.9
    endloop
  endfacet
  facet normal 0.752656 -0.658414 0
    outer loop
      vertex 16.5007 28.4243 15.5
      vertex 16.449 28.3652 17.9
      vertex 16.449 28.3652 15.5
    endloop
  endfacet
  facet normal 0.194891 -0.980825 0
    outer loop
      vertex 16.7697 28.5796 15.5
      vertex 16.8467 28.5949 17.9
      vertex 16.7697 28.5796 17.9
    endloop
  endfacet
  facet normal 0.194891 -0.980825 0
    outer loop
      vertex 16.8467 28.5949 17.9
      vertex 16.7697 28.5796 15.5
      vertex 16.8467 28.5949 15.5
    endloop
  endfacet
  facet normal -0.946625 -0.322337 0
    outer loop
      vertex 30.5046 28.1553 15.5
      vertex 30.4793 28.2296 17.9
      vertex 30.4793 28.2296 15.5
    endloop
  endfacet
  facet normal -0.946625 -0.322337 0
    outer loop
      vertex 30.4793 28.2296 17.9
      vertex 30.5046 28.1553 15.5
      vertex 30.5046 28.1553 17.9
    endloop
  endfacet
  facet normal -0.322337 -0.946625 0
    outer loop
      vertex 30.0803 28.5796 15.5
      vertex 30.1546 28.5543 17.9
      vertex 30.0803 28.5796 17.9
    endloop
  endfacet
  facet normal -0.322337 -0.946625 -0
    outer loop
      vertex 30.1546 28.5543 17.9
      vertex 30.0803 28.5796 15.5
      vertex 30.1546 28.5543 15.5
    endloop
  endfacet
  facet normal -0.658414 -0.752656 0
    outer loop
      vertex 30.2902 28.476 15.5
      vertex 30.3493 28.4243 17.9
      vertex 30.2902 28.476 17.9
    endloop
  endfacet
  facet normal -0.658414 -0.752656 -0
    outer loop
      vertex 30.3493 28.4243 17.9
      vertex 30.2902 28.476 15.5
      vertex 30.3493 28.4243 15.5
    endloop
  endfacet
  facet normal -0.194891 -0.980825 0
    outer loop
      vertex 30.0033 28.5949 15.5
      vertex 30.0803 28.5796 17.9
      vertex 30.0033 28.5949 17.9
    endloop
  endfacet
  facet normal -0.194891 -0.980825 -0
    outer loop
      vertex 30.0803 28.5796 17.9
      vertex 30.0033 28.5949 15.5
      vertex 30.0803 28.5796 15.5
    endloop
  endfacet
  facet normal -0.752656 -0.658414 0
    outer loop
      vertex 30.401 28.3652 15.5
      vertex 30.3493 28.4243 17.9
      vertex 30.3493 28.4243 15.5
    endloop
  endfacet
  facet normal -0.752656 -0.658414 0
    outer loop
      vertex 30.3493 28.4243 17.9
      vertex 30.401 28.3652 15.5
      vertex 30.401 28.3652 17.9
    endloop
  endfacet
  facet normal -0.831265 0.555877 0
    outer loop
      vertex 30.401 14.6348 15.5
      vertex 30.4446 14.7 17.9
      vertex 30.4446 14.7 15.5
    endloop
  endfacet
  facet normal -0.831265 0.555877 0
    outer loop
      vertex 30.4446 14.7 17.9
      vertex 30.401 14.6348 15.5
      vertex 30.401 14.6348 17.9
    endloop
  endfacet
  facet normal 0.831265 0.555877 0
    outer loop
      vertex 16.449 14.6348 17.9
      vertex 16.4054 14.7 15.5
      vertex 16.4054 14.7 17.9
    endloop
  endfacet
  facet normal 0.831265 0.555877 0
    outer loop
      vertex 16.4054 14.7 15.5
      vertex 16.449 14.6348 17.9
      vertex 16.449 14.6348 15.5
    endloop
  endfacet
  facet normal 0.555288 -0.831658 0
    outer loop
      vertex 16.5597 28.476 15.5
      vertex 16.625 28.5196 17.9
      vertex 16.5597 28.476 17.9
    endloop
  endfacet
  facet normal 0.555288 -0.831658 0
    outer loop
      vertex 16.625 28.5196 17.9
      vertex 16.5597 28.476 15.5
      vertex 16.625 28.5196 15.5
    endloop
  endfacet
  facet normal -0.946625 0.322337 0
    outer loop
      vertex 30.4793 14.7704 15.5
      vertex 30.5046 14.8447 17.9
      vertex 30.5046 14.8447 15.5
    endloop
  endfacet
  facet normal -0.946625 0.322337 0
    outer loop
      vertex 30.5046 14.8447 17.9
      vertex 30.4793 14.7704 15.5
      vertex 30.4793 14.7704 17.9
    endloop
  endfacet
  facet normal 0.752656 0.658414 0
    outer loop
      vertex 16.5007 14.5757 17.9
      vertex 16.449 14.6348 15.5
      vertex 16.449 14.6348 17.9
    endloop
  endfacet
  facet normal 0.752656 0.658414 0
    outer loop
      vertex 16.449 14.6348 15.5
      vertex 16.5007 14.5757 17.9
      vertex 16.5007 14.5757 15.5
    endloop
  endfacet
  facet normal -0.752656 0.658414 0
    outer loop
      vertex 30.3493 14.5757 15.5
      vertex 30.401 14.6348 17.9
      vertex 30.401 14.6348 15.5
    endloop
  endfacet
  facet normal -0.752656 0.658414 0
    outer loop
      vertex 30.401 14.6348 17.9
      vertex 30.3493 14.5757 15.5
      vertex 30.3493 14.5757 17.9
    endloop
  endfacet
  facet normal -0.997886 -0.0649964 0
    outer loop
      vertex 30.525 28 15.5
      vertex 30.5199 28.0783 17.9
      vertex 30.5199 28.0783 15.5
    endloop
  endfacet
  facet normal -0.997886 -0.0649964 0
    outer loop
      vertex 30.5199 28.0783 17.9
      vertex 30.525 28 15.5
      vertex 30.525 28 17.9
    endloop
  endfacet
  facet normal 0.997886 -0.0649964 0
    outer loop
      vertex 16.325 28 17.9
      vertex 16.3301 28.0783 15.5
      vertex 16.3301 28.0783 17.9
    endloop
  endfacet
  facet normal 0.997886 -0.0649964 0
    outer loop
      vertex 16.3301 28.0783 15.5
      vertex 16.325 28 17.9
      vertex 16.325 28 15.5
    endloop
  endfacet
  facet normal -0.658414 0.752656 0
    outer loop
      vertex 30.3493 14.5757 15.5
      vertex 30.2902 14.524 17.9
      vertex 30.3493 14.5757 17.9
    endloop
  endfacet
  facet normal -0.658414 0.752656 0
    outer loop
      vertex 30.2902 14.524 17.9
      vertex 30.3493 14.5757 15.5
      vertex 30.2902 14.524 15.5
    endloop
  endfacet
  facet normal 0.997886 0.0649964 0
    outer loop
      vertex 16.3301 14.9217 17.9
      vertex 16.325 15 15.5
      vertex 16.325 15 17.9
    endloop
  endfacet
  facet normal 0.997886 0.0649964 0
    outer loop
      vertex 16.325 15 15.5
      vertex 16.3301 14.9217 17.9
      vertex 16.3301 14.9217 15.5
    endloop
  endfacet
  facet normal -0.980825 0.194891 0
    outer loop
      vertex 30.5046 14.8447 15.5
      vertex 30.5199 14.9217 17.9
      vertex 30.5199 14.9217 15.5
    endloop
  endfacet
  facet normal -0.980825 0.194891 0
    outer loop
      vertex 30.5199 14.9217 17.9
      vertex 30.5046 14.8447 15.5
      vertex 30.5046 14.8447 17.9
    endloop
  endfacet
  facet normal -0.997886 0.0649964 0
    outer loop
      vertex 30.5199 14.9217 15.5
      vertex 30.525 15 17.9
      vertex 30.525 15 15.5
    endloop
  endfacet
  facet normal -0.997886 0.0649964 0
    outer loop
      vertex 30.525 15 17.9
      vertex 30.5199 14.9217 15.5
      vertex 30.5199 14.9217 17.9
    endloop
  endfacet
  facet normal -0.44211 0.896961 0
    outer loop
      vertex 30.225 14.4804 15.5
      vertex 30.1546 14.4457 17.9
      vertex 30.225 14.4804 17.9
    endloop
  endfacet
  facet normal -0.44211 0.896961 0
    outer loop
      vertex 30.1546 14.4457 17.9
      vertex 30.225 14.4804 15.5
      vertex 30.1546 14.4457 15.5
    endloop
  endfacet
  facet normal -0.555877 0.831265 0
    outer loop
      vertex 30.2902 14.524 15.5
      vertex 30.225 14.4804 17.9
      vertex 30.2902 14.524 17.9
    endloop
  endfacet
  facet normal -0.555877 0.831265 0
    outer loop
      vertex 30.225 14.4804 17.9
      vertex 30.2902 14.524 15.5
      vertex 30.225 14.4804 15.5
    endloop
  endfacet
  facet normal -0.322337 0.946625 0
    outer loop
      vertex 30.1546 33.4957 15.5
      vertex 30.0803 33.4704 17.9
      vertex 30.1546 33.4957 17.9
    endloop
  endfacet
  facet normal -0.322337 0.946625 0
    outer loop
      vertex 30.0803 33.4704 17.9
      vertex 30.1546 33.4957 15.5
      vertex 30.0803 33.4704 15.5
    endloop
  endfacet
  facet normal -0.896961 0.44211 0
    outer loop
      vertex 30.4446 33.75 15.5
      vertex 30.4793 33.8204 17.9
      vertex 30.4793 33.8204 15.5
    endloop
  endfacet
  facet normal -0.896961 0.44211 0
    outer loop
      vertex 30.4793 33.8204 17.9
      vertex 30.4446 33.75 15.5
      vertex 30.4446 33.75 17.9
    endloop
  endfacet
  facet normal 0 1 -0
    outer loop
      vertex 29.925 33.45 15.5
      vertex 16.925 33.45 17.9
      vertex 29.925 33.45 17.9
    endloop
  endfacet
  facet normal 0 1 0
    outer loop
      vertex 16.925 33.45 17.9
      vertex 29.925 33.45 15.5
      vertex 16.925 33.45 15.5
    endloop
  endfacet
  facet normal -0.194891 0.980825 0
    outer loop
      vertex 30.0803 33.4704 15.5
      vertex 30.0033 33.4551 17.9
      vertex 30.0803 33.4704 17.9
    endloop
  endfacet
  facet normal -0.194891 0.980825 0
    outer loop
      vertex 30.0033 33.4551 17.9
      vertex 30.0803 33.4704 15.5
      vertex 30.0033 33.4551 15.5
    endloop
  endfacet
  facet normal -0.0649964 -0.997886 0
    outer loop
      vertex 29.925 47.65 15.5
      vertex 30.0033 47.6449 17.9
      vertex 29.925 47.65 17.9
    endloop
  endfacet
  facet normal -0.0649964 -0.997886 -0
    outer loop
      vertex 30.0033 47.6449 17.9
      vertex 29.925 47.65 15.5
      vertex 30.0033 47.6449 15.5
    endloop
  endfacet
  facet normal 0.980825 0.194891 0
    outer loop
      vertex 16.3454 33.8947 17.9
      vertex 16.3301 33.9717 15.5
      vertex 16.3301 33.9717 17.9
    endloop
  endfacet
  facet normal 0.980825 0.194891 0
    outer loop
      vertex 16.3301 33.9717 15.5
      vertex 16.3454 33.8947 17.9
      vertex 16.3454 33.8947 15.5
    endloop
  endfacet
  facet normal -0.0649964 0.997886 0
    outer loop
      vertex 30.0033 33.4551 15.5
      vertex 29.925 33.45 17.9
      vertex 30.0033 33.4551 17.9
    endloop
  endfacet
  facet normal -0.0649964 0.997886 0
    outer loop
      vertex 29.925 33.45 17.9
      vertex 30.0033 33.4551 15.5
      vertex 29.925 33.45 15.5
    endloop
  endfacet
  facet normal 0.44211 0.896961 -0
    outer loop
      vertex 16.6954 33.4957 15.5
      vertex 16.625 33.5304 17.9
      vertex 16.6954 33.4957 17.9
    endloop
  endfacet
  facet normal 0.44211 0.896961 0
    outer loop
      vertex 16.625 33.5304 17.9
      vertex 16.6954 33.4957 15.5
      vertex 16.625 33.5304 15.5
    endloop
  endfacet
  facet normal 0.659046 0.752103 -0
    outer loop
      vertex 16.5597 33.574 15.5
      vertex 16.5007 33.6257 17.9
      vertex 16.5597 33.574 17.9
    endloop
  endfacet
  facet normal 0.659046 0.752103 0
    outer loop
      vertex 16.5007 33.6257 17.9
      vertex 16.5597 33.574 15.5
      vertex 16.5007 33.6257 15.5
    endloop
  endfacet
  facet normal -0.896961 -0.44211 0
    outer loop
      vertex 30.4793 47.2796 15.5
      vertex 30.4446 47.35 17.9
      vertex 30.4446 47.35 15.5
    endloop
  endfacet
  facet normal -0.896961 -0.44211 0
    outer loop
      vertex 30.4446 47.35 17.9
      vertex 30.4793 47.2796 15.5
      vertex 30.4793 47.2796 17.9
    endloop
  endfacet
  facet normal 0.555288 0.831658 -0
    outer loop
      vertex 16.625 33.5304 15.5
      vertex 16.5597 33.574 17.9
      vertex 16.625 33.5304 17.9
    endloop
  endfacet
  facet normal 0.555288 0.831658 0
    outer loop
      vertex 16.5597 33.574 17.9
      vertex 16.625 33.5304 15.5
      vertex 16.5597 33.574 15.5
    endloop
  endfacet
  facet normal 0.659046 -0.752103 0
    outer loop
      vertex 16.5007 47.4743 15.5
      vertex 16.5597 47.526 17.9
      vertex 16.5007 47.4743 17.9
    endloop
  endfacet
  facet normal 0.659046 -0.752103 0
    outer loop
      vertex 16.5597 47.526 17.9
      vertex 16.5007 47.4743 15.5
      vertex 16.5597 47.526 15.5
    endloop
  endfacet
  facet normal 0.896961 0.44211 0
    outer loop
      vertex 16.4054 33.75 17.9
      vertex 16.3707 33.8204 15.5
      vertex 16.3707 33.8204 17.9
    endloop
  endfacet
  facet normal 0.896961 0.44211 0
    outer loop
      vertex 16.3707 33.8204 15.5
      vertex 16.4054 33.75 17.9
      vertex 16.4054 33.75 15.5
    endloop
  endfacet
  facet normal -1 0 0
    outer loop
      vertex 30.525 34.05 15.5
      vertex 30.525 47.05 17.9
      vertex 30.525 47.05 15.5
    endloop
  endfacet
  facet normal -1 -0 0
    outer loop
      vertex 30.525 47.05 17.9
      vertex 30.525 34.05 15.5
      vertex 30.525 34.05 17.9
    endloop
  endfacet
  facet normal -0.44211 -0.896961 0
    outer loop
      vertex 30.1546 47.6043 15.5
      vertex 30.225 47.5696 17.9
      vertex 30.1546 47.6043 17.9
    endloop
  endfacet
  facet normal -0.44211 -0.896961 -0
    outer loop
      vertex 30.225 47.5696 17.9
      vertex 30.1546 47.6043 15.5
      vertex 30.225 47.5696 15.5
    endloop
  endfacet
  facet normal 1 -0 0
    outer loop
      vertex 16.325 34.05 17.9
      vertex 16.325 47.05 15.5
      vertex 16.325 47.05 17.9
    endloop
  endfacet
  facet normal 1 0 0
    outer loop
      vertex 16.325 47.05 15.5
      vertex 16.325 34.05 17.9
      vertex 16.325 34.05 15.5
    endloop
  endfacet
  facet normal 0.44211 -0.896961 0
    outer loop
      vertex 16.625 47.5696 15.5
      vertex 16.6954 47.6043 17.9
      vertex 16.625 47.5696 17.9
    endloop
  endfacet
  facet normal 0.44211 -0.896961 0
    outer loop
      vertex 16.6954 47.6043 17.9
      vertex 16.625 47.5696 15.5
      vertex 16.6954 47.6043 15.5
    endloop
  endfacet
  facet normal 0.946625 0.322337 0
    outer loop
      vertex 16.3707 33.8204 17.9
      vertex 16.3454 33.8947 15.5
      vertex 16.3454 33.8947 17.9
    endloop
  endfacet
  facet normal 0.946625 0.322337 0
    outer loop
      vertex 16.3454 33.8947 15.5
      vertex 16.3707 33.8204 17.9
      vertex 16.3707 33.8204 15.5
    endloop
  endfacet
  facet normal 0.322337 0.946625 -0
    outer loop
      vertex 16.7697 33.4704 15.5
      vertex 16.6954 33.4957 17.9
      vertex 16.7697 33.4704 17.9
    endloop
  endfacet
  facet normal 0.322337 0.946625 0
    outer loop
      vertex 16.6954 33.4957 17.9
      vertex 16.7697 33.4704 15.5
      vertex 16.6954 33.4957 15.5
    endloop
  endfacet
  facet normal 0.0649964 0.997886 -0
    outer loop
      vertex 16.925 33.45 15.5
      vertex 16.8467 33.4551 17.9
      vertex 16.925 33.45 17.9
    endloop
  endfacet
  facet normal 0.0649964 0.997886 0
    outer loop
      vertex 16.8467 33.4551 17.9
      vertex 16.925 33.45 15.5
      vertex 16.8467 33.4551 15.5
    endloop
  endfacet
  facet normal -0.980825 -0.194891 0
    outer loop
      vertex 30.5199 47.1283 15.5
      vertex 30.5046 47.2053 17.9
      vertex 30.5046 47.2053 15.5
    endloop
  endfacet
  facet normal -0.980825 -0.194891 0
    outer loop
      vertex 30.5046 47.2053 17.9
      vertex 30.5199 47.1283 15.5
      vertex 30.5199 47.1283 17.9
    endloop
  endfacet
  facet normal -0.555877 -0.831265 0
    outer loop
      vertex 30.225 47.5696 15.5
      vertex 30.2902 47.526 17.9
      vertex 30.225 47.5696 17.9
    endloop
  endfacet
  facet normal -0.555877 -0.831265 -0
    outer loop
      vertex 30.2902 47.526 17.9
      vertex 30.225 47.5696 15.5
      vertex 30.2902 47.526 15.5
    endloop
  endfacet
  facet normal 0.946625 -0.322337 0
    outer loop
      vertex 16.3454 47.2053 17.9
      vertex 16.3707 47.2796 15.5
      vertex 16.3707 47.2796 17.9
    endloop
  endfacet
  facet normal 0.946625 -0.322337 0
    outer loop
      vertex 16.3707 47.2796 15.5
      vertex 16.3454 47.2053 17.9
      vertex 16.3454 47.2053 15.5
    endloop
  endfacet
  facet normal -0.831265 -0.555877 0
    outer loop
      vertex 30.4446 47.35 15.5
      vertex 30.401 47.4152 17.9
      vertex 30.401 47.4152 15.5
    endloop
  endfacet
  facet normal -0.831265 -0.555877 0
    outer loop
      vertex 30.401 47.4152 17.9
      vertex 30.4446 47.35 15.5
      vertex 30.4446 47.35 17.9
    endloop
  endfacet
  facet normal 0 -1 0
    outer loop
      vertex 16.925 47.65 15.5
      vertex 29.925 47.65 17.9
      vertex 16.925 47.65 17.9
    endloop
  endfacet
  facet normal 0 -1 -0
    outer loop
      vertex 29.925 47.65 17.9
      vertex 16.925 47.65 15.5
      vertex 29.925 47.65 15.5
    endloop
  endfacet
  facet normal 0.980825 -0.194891 0
    outer loop
      vertex 16.3301 47.1283 17.9
      vertex 16.3454 47.2053 15.5
      vertex 16.3454 47.2053 17.9
    endloop
  endfacet
  facet normal 0.980825 -0.194891 0
    outer loop
      vertex 16.3454 47.2053 15.5
      vertex 16.3301 47.1283 17.9
      vertex 16.3301 47.1283 15.5
    endloop
  endfacet
  facet normal 0.194891 0.980825 -0
    outer loop
      vertex 16.8467 33.4551 15.5
      vertex 16.7697 33.4704 17.9
      vertex 16.8467 33.4551 17.9
    endloop
  endfacet
  facet normal 0.194891 0.980825 0
    outer loop
      vertex 16.7697 33.4704 17.9
      vertex 16.8467 33.4551 15.5
      vertex 16.7697 33.4704 15.5
    endloop
  endfacet
  facet normal 0.322337 -0.946625 0
    outer loop
      vertex 16.6954 47.6043 15.5
      vertex 16.7697 47.6296 17.9
      vertex 16.6954 47.6043 17.9
    endloop
  endfacet
  facet normal 0.322337 -0.946625 0
    outer loop
      vertex 16.7697 47.6296 17.9
      vertex 16.6954 47.6043 15.5
      vertex 16.7697 47.6296 15.5
    endloop
  endfacet
  facet normal 0.896961 -0.44211 0
    outer loop
      vertex 16.3707 47.2796 17.9
      vertex 16.4054 47.35 15.5
      vertex 16.4054 47.35 17.9
    endloop
  endfacet
  facet normal 0.896961 -0.44211 0
    outer loop
      vertex 16.4054 47.35 15.5
      vertex 16.3707 47.2796 17.9
      vertex 16.3707 47.2796 15.5
    endloop
  endfacet
  facet normal 0.831265 -0.555877 0
    outer loop
      vertex 16.4054 47.35 17.9
      vertex 16.449 47.4152 15.5
      vertex 16.449 47.4152 17.9
    endloop
  endfacet
  facet normal 0.831265 -0.555877 0
    outer loop
      vertex 16.449 47.4152 15.5
      vertex 16.4054 47.35 17.9
      vertex 16.4054 47.35 15.5
    endloop
  endfacet
  facet normal 0.0649964 -0.997886 0
    outer loop
      vertex 16.8467 47.6449 15.5
      vertex 16.925 47.65 17.9
      vertex 16.8467 47.6449 17.9
    endloop
  endfacet
  facet normal 0.0649964 -0.997886 0
    outer loop
      vertex 16.925 47.65 17.9
      vertex 16.8467 47.6449 15.5
      vertex 16.925 47.65 15.5
    endloop
  endfacet
  facet normal -0.980825 0.194891 0
    outer loop
      vertex 30.5046 33.8947 15.5
      vertex 30.5199 33.9717 17.9
      vertex 30.5199 33.9717 15.5
    endloop
  endfacet
  facet normal -0.980825 0.194891 0
    outer loop
      vertex 30.5199 33.9717 17.9
      vertex 30.5046 33.8947 15.5
      vertex 30.5046 33.8947 17.9
    endloop
  endfacet
  facet normal 0.752656 -0.658414 0
    outer loop
      vertex 16.449 47.4152 17.9
      vertex 16.5007 47.4743 15.5
      vertex 16.5007 47.4743 17.9
    endloop
  endfacet
  facet normal 0.752656 -0.658414 0
    outer loop
      vertex 16.5007 47.4743 15.5
      vertex 16.449 47.4152 17.9
      vertex 16.449 47.4152 15.5
    endloop
  endfacet
  facet normal 0.194891 -0.980825 0
    outer loop
      vertex 16.7697 47.6296 15.5
      vertex 16.8467 47.6449 17.9
      vertex 16.7697 47.6296 17.9
    endloop
  endfacet
  facet normal 0.194891 -0.980825 0
    outer loop
      vertex 16.8467 47.6449 17.9
      vertex 16.7697 47.6296 15.5
      vertex 16.8467 47.6449 15.5
    endloop
  endfacet
  facet normal -0.946625 -0.322337 0
    outer loop
      vertex 30.5046 47.2053 15.5
      vertex 30.4793 47.2796 17.9
      vertex 30.4793 47.2796 15.5
    endloop
  endfacet
  facet normal -0.946625 -0.322337 0
    outer loop
      vertex 30.4793 47.2796 17.9
      vertex 30.5046 47.2053 15.5
      vertex 30.5046 47.2053 17.9
    endloop
  endfacet
  facet normal -0.322337 -0.946625 0
    outer loop
      vertex 30.0803 47.6296 15.5
      vertex 30.1546 47.6043 17.9
      vertex 30.0803 47.6296 17.9
    endloop
  endfacet
  facet normal -0.322337 -0.946625 -0
    outer loop
      vertex 30.1546 47.6043 17.9
      vertex 30.0803 47.6296 15.5
      vertex 30.1546 47.6043 15.5
    endloop
  endfacet
  facet normal -0.658414 -0.752656 0
    outer loop
      vertex 30.2902 47.526 15.5
      vertex 30.3493 47.4743 17.9
      vertex 30.2902 47.526 17.9
    endloop
  endfacet
  facet normal -0.658414 -0.752656 -0
    outer loop
      vertex 30.3493 47.4743 17.9
      vertex 30.2902 47.526 15.5
      vertex 30.3493 47.4743 15.5
    endloop
  endfacet
  facet normal -0.194891 -0.980825 0
    outer loop
      vertex 30.0033 47.6449 15.5
      vertex 30.0803 47.6296 17.9
      vertex 30.0033 47.6449 17.9
    endloop
  endfacet
  facet normal -0.194891 -0.980825 -0
    outer loop
      vertex 30.0803 47.6296 17.9
      vertex 30.0033 47.6449 15.5
      vertex 30.0803 47.6296 15.5
    endloop
  endfacet
  facet normal -0.752656 -0.658414 0
    outer loop
      vertex 30.401 47.4152 15.5
      vertex 30.3493 47.4743 17.9
      vertex 30.3493 47.4743 15.5
    endloop
  endfacet
  facet normal -0.752656 -0.658414 0
    outer loop
      vertex 30.3493 47.4743 17.9
      vertex 30.401 47.4152 15.5
      vertex 30.401 47.4152 17.9
    endloop
  endfacet
  facet normal -0.831658 0.555288 0
    outer loop
      vertex 30.401 33.6847 15.5
      vertex 30.4446 33.75 17.9
      vertex 30.4446 33.75 15.5
    endloop
  endfacet
  facet normal -0.831658 0.555288 0
    outer loop
      vertex 30.4446 33.75 17.9
      vertex 30.401 33.6847 15.5
      vertex 30.401 33.6847 17.9
    endloop
  endfacet
  facet normal 0.831658 0.555288 0
    outer loop
      vertex 16.449 33.6847 17.9
      vertex 16.4054 33.75 15.5
      vertex 16.4054 33.75 17.9
    endloop
  endfacet
  facet normal 0.831658 0.555288 0
    outer loop
      vertex 16.4054 33.75 15.5
      vertex 16.449 33.6847 17.9
      vertex 16.449 33.6847 15.5
    endloop
  endfacet
  facet normal 0.555288 -0.831658 0
    outer loop
      vertex 16.5597 47.526 15.5
      vertex 16.625 47.5696 17.9
      vertex 16.5597 47.526 17.9
    endloop
  endfacet
  facet normal 0.555288 -0.831658 0
    outer loop
      vertex 16.625 47.5696 17.9
      vertex 16.5597 47.526 15.5
      vertex 16.625 47.5696 15.5
    endloop
  endfacet
  facet normal -0.946625 0.322337 0
    outer loop
      vertex 30.4793 33.8204 15.5
      vertex 30.5046 33.8947 17.9
      vertex 30.5046 33.8947 15.5
    endloop
  endfacet
  facet normal -0.946625 0.322337 0
    outer loop
      vertex 30.5046 33.8947 17.9
      vertex 30.4793 33.8204 15.5
      vertex 30.4793 33.8204 17.9
    endloop
  endfacet
  facet normal 0.752103 0.659046 0
    outer loop
      vertex 16.5007 33.6257 17.9
      vertex 16.449 33.6847 15.5
      vertex 16.449 33.6847 17.9
    endloop
  endfacet
  facet normal 0.752103 0.659046 0
    outer loop
      vertex 16.449 33.6847 15.5
      vertex 16.5007 33.6257 17.9
      vertex 16.5007 33.6257 15.5
    endloop
  endfacet
  facet normal -0.752103 0.659046 0
    outer loop
      vertex 30.3493 33.6257 15.5
      vertex 30.401 33.6847 17.9
      vertex 30.401 33.6847 15.5
    endloop
  endfacet
  facet normal -0.752103 0.659046 0
    outer loop
      vertex 30.401 33.6847 17.9
      vertex 30.3493 33.6257 15.5
      vertex 30.3493 33.6257 17.9
    endloop
  endfacet
  facet normal -0.997886 -0.0649964 0
    outer loop
      vertex 30.525 47.05 15.5
      vertex 30.5199 47.1283 17.9
      vertex 30.5199 47.1283 15.5
    endloop
  endfacet
  facet normal -0.997886 -0.0649964 0
    outer loop
      vertex 30.5199 47.1283 17.9
      vertex 30.525 47.05 15.5
      vertex 30.525 47.05 17.9
    endloop
  endfacet
  facet normal 0.997886 -0.0649964 0
    outer loop
      vertex 16.325 47.05 17.9
      vertex 16.3301 47.1283 15.5
      vertex 16.3301 47.1283 17.9
    endloop
  endfacet
  facet normal 0.997886 -0.0649964 0
    outer loop
      vertex 16.3301 47.1283 15.5
      vertex 16.325 47.05 17.9
      vertex 16.325 47.05 15.5
    endloop
  endfacet
  facet normal -0.658414 0.752656 0
    outer loop
      vertex 30.3493 33.6257 15.5
      vertex 30.2902 33.574 17.9
      vertex 30.3493 33.6257 17.9
    endloop
  endfacet
  facet normal -0.658414 0.752656 0
    outer loop
      vertex 30.2902 33.574 17.9
      vertex 30.3493 33.6257 15.5
      vertex 30.2902 33.574 15.5
    endloop
  endfacet
  facet normal 0.997886 0.0649964 0
    outer loop
      vertex 16.3301 33.9717 17.9
      vertex 16.325 34.05 15.5
      vertex 16.325 34.05 17.9
    endloop
  endfacet
  facet normal 0.997886 0.0649964 0
    outer loop
      vertex 16.325 34.05 15.5
      vertex 16.3301 33.9717 17.9
      vertex 16.3301 33.9717 15.5
    endloop
  endfacet
  facet normal -0.997886 0.0649964 0
    outer loop
      vertex 30.5199 33.9717 15.5
      vertex 30.525 34.05 17.9
      vertex 30.525 34.05 15.5
    endloop
  endfacet
  facet normal -0.997886 0.0649964 0
    outer loop
      vertex 30.525 34.05 17.9
      vertex 30.5199 33.9717 15.5
      vertex 30.5199 33.9717 17.9
    endloop
  endfacet
  facet normal -0.44211 0.896961 0
    outer loop
      vertex 30.225 33.5304 15.5
      vertex 30.1546 33.4957 17.9
      vertex 30.225 33.5304 17.9
    endloop
  endfacet
  facet normal -0.44211 0.896961 0
    outer loop
      vertex 30.1546 33.4957 17.9
      vertex 30.225 33.5304 15.5
      vertex 30.1546 33.4957 15.5
    endloop
  endfacet
  facet normal -0.555877 0.831265 0
    outer loop
      vertex 30.2902 33.574 15.5
      vertex 30.225 33.5304 17.9
      vertex 30.2902 33.574 17.9
    endloop
  endfacet
  facet normal -0.555877 0.831265 0
    outer loop
      vertex 30.225 33.5304 17.9
      vertex 30.2902 33.574 15.5
      vertex 30.225 33.5304 15.5
    endloop
  endfacet
  facet normal -0.322337 0.946625 0
    outer loop
      vertex 30.1546 52.5457 15.5
      vertex 30.0803 52.5204 17.9
      vertex 30.1546 52.5457 17.9
    endloop
  endfacet
  facet normal -0.322337 0.946625 0
    outer loop
      vertex 30.0803 52.5204 17.9
      vertex 30.1546 52.5457 15.5
      vertex 30.0803 52.5204 15.5
    endloop
  endfacet
  facet normal -0.896961 0.44211 0
    outer loop
      vertex 30.4446 52.8 15.5
      vertex 30.4793 52.8704 17.9
      vertex 30.4793 52.8704 15.5
    endloop
  endfacet
  facet normal -0.896961 0.44211 0
    outer loop
      vertex 30.4793 52.8704 17.9
      vertex 30.4446 52.8 15.5
      vertex 30.4446 52.8 17.9
    endloop
  endfacet
  facet normal 0 1 -0
    outer loop
      vertex 29.925 52.5 15.5
      vertex 16.925 52.5 17.9
      vertex 29.925 52.5 17.9
    endloop
  endfacet
  facet normal 0 1 0
    outer loop
      vertex 16.925 52.5 17.9
      vertex 29.925 52.5 15.5
      vertex 16.925 52.5 15.5
    endloop
  endfacet
  facet normal -0.194891 0.980825 0
    outer loop
      vertex 30.0803 52.5204 15.5
      vertex 30.0033 52.5051 17.9
      vertex 30.0803 52.5204 17.9
    endloop
  endfacet
  facet normal -0.194891 0.980825 0
    outer loop
      vertex 30.0033 52.5051 17.9
      vertex 30.0803 52.5204 15.5
      vertex 30.0033 52.5051 15.5
    endloop
  endfacet
  facet normal -0.0649964 -0.997886 0
    outer loop
      vertex 29.925 66.7 15.5
      vertex 30.0033 66.6949 17.9
      vertex 29.925 66.7 17.9
    endloop
  endfacet
  facet normal -0.0649964 -0.997886 -0
    outer loop
      vertex 30.0033 66.6949 17.9
      vertex 29.925 66.7 15.5
      vertex 30.0033 66.6949 15.5
    endloop
  endfacet
  facet normal 0.980825 0.194891 0
    outer loop
      vertex 16.3454 52.9447 17.9
      vertex 16.3301 53.0217 15.5
      vertex 16.3301 53.0217 17.9
    endloop
  endfacet
  facet normal 0.980825 0.194891 0
    outer loop
      vertex 16.3301 53.0217 15.5
      vertex 16.3454 52.9447 17.9
      vertex 16.3454 52.9447 15.5
    endloop
  endfacet
  facet normal -0.0649964 0.997886 0
    outer loop
      vertex 30.0033 52.5051 15.5
      vertex 29.925 52.5 17.9
      vertex 30.0033 52.5051 17.9
    endloop
  endfacet
  facet normal -0.0649964 0.997886 0
    outer loop
      vertex 29.925 52.5 17.9
      vertex 30.0033 52.5051 15.5
      vertex 29.925 52.5 15.5
    endloop
  endfacet
  facet normal 0.44211 0.896961 -0
    outer loop
      vertex 16.6954 52.5457 15.5
      vertex 16.625 52.5804 17.9
      vertex 16.6954 52.5457 17.9
    endloop
  endfacet
  facet normal 0.44211 0.896961 0
    outer loop
      vertex 16.625 52.5804 17.9
      vertex 16.6954 52.5457 15.5
      vertex 16.625 52.5804 15.5
    endloop
  endfacet
  facet normal 0.659046 0.752103 -0
    outer loop
      vertex 16.5597 52.624 15.5
      vertex 16.5007 52.6757 17.9
      vertex 16.5597 52.624 17.9
    endloop
  endfacet
  facet normal 0.659046 0.752103 0
    outer loop
      vertex 16.5007 52.6757 17.9
      vertex 16.5597 52.624 15.5
      vertex 16.5007 52.6757 15.5
    endloop
  endfacet
  facet normal -0.896961 -0.44211 0
    outer loop
      vertex 30.4793 66.3296 15.5
      vertex 30.4446 66.4 17.9
      vertex 30.4446 66.4 15.5
    endloop
  endfacet
  facet normal -0.896961 -0.44211 0
    outer loop
      vertex 30.4446 66.4 17.9
      vertex 30.4793 66.3296 15.5
      vertex 30.4793 66.3296 17.9
    endloop
  endfacet
  facet normal 0.555288 0.831658 -0
    outer loop
      vertex 16.625 52.5804 15.5
      vertex 16.5597 52.624 17.9
      vertex 16.625 52.5804 17.9
    endloop
  endfacet
  facet normal 0.555288 0.831658 0
    outer loop
      vertex 16.5597 52.624 17.9
      vertex 16.625 52.5804 15.5
      vertex 16.5597 52.624 15.5
    endloop
  endfacet
  facet normal 0.659046 -0.752103 0
    outer loop
      vertex 16.5007 66.5243 15.5
      vertex 16.5597 66.576 17.9
      vertex 16.5007 66.5243 17.9
    endloop
  endfacet
  facet normal 0.659046 -0.752103 0
    outer loop
      vertex 16.5597 66.576 17.9
      vertex 16.5007 66.5243 15.5
      vertex 16.5597 66.576 15.5
    endloop
  endfacet
  facet normal 0.896961 0.44211 0
    outer loop
      vertex 16.4054 52.8 17.9
      vertex 16.3707 52.8704 15.5
      vertex 16.3707 52.8704 17.9
    endloop
  endfacet
  facet normal 0.896961 0.44211 0
    outer loop
      vertex 16.3707 52.8704 15.5
      vertex 16.4054 52.8 17.9
      vertex 16.4054 52.8 15.5
    endloop
  endfacet
  facet normal -1 0 0
    outer loop
      vertex 30.525 53.1 15.5
      vertex 30.525 66.1 17.9
      vertex 30.525 66.1 15.5
    endloop
  endfacet
  facet normal -1 -0 0
    outer loop
      vertex 30.525 66.1 17.9
      vertex 30.525 53.1 15.5
      vertex 30.525 53.1 17.9
    endloop
  endfacet
  facet normal -0.44211 -0.896961 0
    outer loop
      vertex 30.1546 66.6543 15.5
      vertex 30.225 66.6196 17.9
      vertex 30.1546 66.6543 17.9
    endloop
  endfacet
  facet normal -0.44211 -0.896961 -0
    outer loop
      vertex 30.225 66.6196 17.9
      vertex 30.1546 66.6543 15.5
      vertex 30.225 66.6196 15.5
    endloop
  endfacet
  facet normal 1 -0 0
    outer loop
      vertex 16.325 53.1 17.9
      vertex 16.325 66.1 15.5
      vertex 16.325 66.1 17.9
    endloop
  endfacet
  facet normal 1 0 0
    outer loop
      vertex 16.325 66.1 15.5
      vertex 16.325 53.1 17.9
      vertex 16.325 53.1 15.5
    endloop
  endfacet
  facet normal 0.44211 -0.896961 0
    outer loop
      vertex 16.625 66.6196 15.5
      vertex 16.6954 66.6543 17.9
      vertex 16.625 66.6196 17.9
    endloop
  endfacet
  facet normal 0.44211 -0.896961 0
    outer loop
      vertex 16.6954 66.6543 17.9
      vertex 16.625 66.6196 15.5
      vertex 16.6954 66.6543 15.5
    endloop
  endfacet
  facet normal 0.946625 0.322337 0
    outer loop
      vertex 16.3707 52.8704 17.9
      vertex 16.3454 52.9447 15.5
      vertex 16.3454 52.9447 17.9
    endloop
  endfacet
  facet normal 0.946625 0.322337 0
    outer loop
      vertex 16.3454 52.9447 15.5
      vertex 16.3707 52.8704 17.9
      vertex 16.3707 52.8704 15.5
    endloop
  endfacet
  facet normal 0.322337 0.946625 -0
    outer loop
      vertex 16.7697 52.5204 15.5
      vertex 16.6954 52.5457 17.9
      vertex 16.7697 52.5204 17.9
    endloop
  endfacet
  facet normal 0.322337 0.946625 0
    outer loop
      vertex 16.6954 52.5457 17.9
      vertex 16.7697 52.5204 15.5
      vertex 16.6954 52.5457 15.5
    endloop
  endfacet
  facet normal 0.0649964 0.997886 -0
    outer loop
      vertex 16.925 52.5 15.5
      vertex 16.8467 52.5051 17.9
      vertex 16.925 52.5 17.9
    endloop
  endfacet
  facet normal 0.0649964 0.997886 0
    outer loop
      vertex 16.8467 52.5051 17.9
      vertex 16.925 52.5 15.5
      vertex 16.8467 52.5051 15.5
    endloop
  endfacet
  facet normal -0.555877 -0.831265 0
    outer loop
      vertex 30.225 66.6196 15.5
      vertex 30.2902 66.576 17.9
      vertex 30.225 66.6196 17.9
    endloop
  endfacet
  facet normal -0.555877 -0.831265 -0
    outer loop
      vertex 30.2902 66.576 17.9
      vertex 30.225 66.6196 15.5
      vertex 30.2902 66.576 15.5
    endloop
  endfacet
  facet normal 0.946625 -0.322337 0
    outer loop
      vertex 16.3454 66.2553 17.9
      vertex 16.3707 66.3296 15.5
      vertex 16.3707 66.3296 17.9
    endloop
  endfacet
  facet normal 0.946625 -0.322337 0
    outer loop
      vertex 16.3707 66.3296 15.5
      vertex 16.3454 66.2553 17.9
      vertex 16.3454 66.2553 15.5
    endloop
  endfacet
  facet normal -0.831265 -0.555877 0
    outer loop
      vertex 30.4446 66.4 15.5
      vertex 30.401 66.4652 17.9
      vertex 30.401 66.4652 15.5
    endloop
  endfacet
  facet normal -0.831265 -0.555877 0
    outer loop
      vertex 30.401 66.4652 17.9
      vertex 30.4446 66.4 15.5
      vertex 30.4446 66.4 17.9
    endloop
  endfacet
  facet normal 0 -1 0
    outer loop
      vertex 16.925 66.7 15.5
      vertex 29.925 66.7 17.9
      vertex 16.925 66.7 17.9
    endloop
  endfacet
  facet normal 0 -1 -0
    outer loop
      vertex 29.925 66.7 17.9
      vertex 16.925 66.7 15.5
      vertex 29.925 66.7 15.5
    endloop
  endfacet
  facet normal 0.980825 -0.194891 0
    outer loop
      vertex 16.3301 66.1783 17.9
      vertex 16.3454 66.2553 15.5
      vertex 16.3454 66.2553 17.9
    endloop
  endfacet
  facet normal 0.980825 -0.194891 0
    outer loop
      vertex 16.3454 66.2553 15.5
      vertex 16.3301 66.1783 17.9
      vertex 16.3301 66.1783 15.5
    endloop
  endfacet
  facet normal 0.194891 0.980825 -0
    outer loop
      vertex 16.8467 52.5051 15.5
      vertex 16.7697 52.5204 17.9
      vertex 16.8467 52.5051 17.9
    endloop
  endfacet
  facet normal 0.194891 0.980825 0
    outer loop
      vertex 16.7697 52.5204 17.9
      vertex 16.8467 52.5051 15.5
      vertex 16.7697 52.5204 15.5
    endloop
  endfacet
  facet normal 0.322337 -0.946625 0
    outer loop
      vertex 16.6954 66.6543 15.5
      vertex 16.7697 66.6796 17.9
      vertex 16.6954 66.6543 17.9
    endloop
  endfacet
  facet normal 0.322337 -0.946625 0
    outer loop
      vertex 16.7697 66.6796 17.9
      vertex 16.6954 66.6543 15.5
      vertex 16.7697 66.6796 15.5
    endloop
  endfacet
  facet normal 0.896961 -0.44211 0
    outer loop
      vertex 16.3707 66.3296 17.9
      vertex 16.4054 66.4 15.5
      vertex 16.4054 66.4 17.9
    endloop
  endfacet
  facet normal 0.896961 -0.44211 0
    outer loop
      vertex 16.4054 66.4 15.5
      vertex 16.3707 66.3296 17.9
      vertex 16.3707 66.3296 15.5
    endloop
  endfacet
  facet normal 0.831265 -0.555877 0
    outer loop
      vertex 16.4054 66.4 17.9
      vertex 16.449 66.4652 15.5
      vertex 16.449 66.4652 17.9
    endloop
  endfacet
  facet normal 0.831265 -0.555877 0
    outer loop
      vertex 16.449 66.4652 15.5
      vertex 16.4054 66.4 17.9
      vertex 16.4054 66.4 15.5
    endloop
  endfacet
  facet normal 0.0649964 -0.997886 0
    outer loop
      vertex 16.8467 66.6949 15.5
      vertex 16.925 66.7 17.9
      vertex 16.8467 66.6949 17.9
    endloop
  endfacet
  facet normal 0.0649964 -0.997886 0
    outer loop
      vertex 16.925 66.7 17.9
      vertex 16.8467 66.6949 15.5
      vertex 16.925 66.7 15.5
    endloop
  endfacet
  facet normal -0.980825 0.194891 0
    outer loop
      vertex 30.5046 52.9447 15.5
      vertex 30.5199 53.0217 17.9
      vertex 30.5199 53.0217 15.5
    endloop
  endfacet
  facet normal -0.980825 0.194891 0
    outer loop
      vertex 30.5199 53.0217 17.9
      vertex 30.5046 52.9447 15.5
      vertex 30.5046 52.9447 17.9
    endloop
  endfacet
  facet normal 0.752656 -0.658414 0
    outer loop
      vertex 16.449 66.4652 17.9
      vertex 16.5007 66.5243 15.5
      vertex 16.5007 66.5243 17.9
    endloop
  endfacet
  facet normal 0.752656 -0.658414 0
    outer loop
      vertex 16.5007 66.5243 15.5
      vertex 16.449 66.4652 17.9
      vertex 16.449 66.4652 15.5
    endloop
  endfacet
  facet normal 0.194891 -0.980825 0
    outer loop
      vertex 16.7697 66.6796 15.5
      vertex 16.8467 66.6949 17.9
      vertex 16.7697 66.6796 17.9
    endloop
  endfacet
  facet normal 0.194891 -0.980825 0
    outer loop
      vertex 16.8467 66.6949 17.9
      vertex 16.7697 66.6796 15.5
      vertex 16.8467 66.6949 15.5
    endloop
  endfacet
  facet normal -0.946625 -0.322337 0
    outer loop
      vertex 30.5046 66.2553 15.5
      vertex 30.4793 66.3296 17.9
      vertex 30.4793 66.3296 15.5
    endloop
  endfacet
  facet normal -0.946625 -0.322337 0
    outer loop
      vertex 30.4793 66.3296 17.9
      vertex 30.5046 66.2553 15.5
      vertex 30.5046 66.2553 17.9
    endloop
  endfacet
  facet normal -0.322337 -0.946625 0
    outer loop
      vertex 30.0803 66.6796 15.5
      vertex 30.1546 66.6543 17.9
      vertex 30.0803 66.6796 17.9
    endloop
  endfacet
  facet normal -0.322337 -0.946625 -0
    outer loop
      vertex 30.1546 66.6543 17.9
      vertex 30.0803 66.6796 15.5
      vertex 30.1546 66.6543 15.5
    endloop
  endfacet
  facet normal -0.658414 -0.752656 0
    outer loop
      vertex 30.2902 66.576 15.5
      vertex 30.3493 66.5243 17.9
      vertex 30.2902 66.576 17.9
    endloop
  endfacet
  facet normal -0.658414 -0.752656 -0
    outer loop
      vertex 30.3493 66.5243 17.9
      vertex 30.2902 66.576 15.5
      vertex 30.3493 66.5243 15.5
    endloop
  endfacet
  facet normal -0.194891 -0.980825 0
    outer loop
      vertex 30.0033 66.6949 15.5
      vertex 30.0803 66.6796 17.9
      vertex 30.0033 66.6949 17.9
    endloop
  endfacet
  facet normal -0.194891 -0.980825 -0
    outer loop
      vertex 30.0803 66.6796 17.9
      vertex 30.0033 66.6949 15.5
      vertex 30.0803 66.6796 15.5
    endloop
  endfacet
  facet normal -0.752656 -0.658414 0
    outer loop
      vertex 30.401 66.4652 15.5
      vertex 30.3493 66.5243 17.9
      vertex 30.3493 66.5243 15.5
    endloop
  endfacet
  facet normal -0.752656 -0.658414 0
    outer loop
      vertex 30.3493 66.5243 17.9
      vertex 30.401 66.4652 15.5
      vertex 30.401 66.4652 17.9
    endloop
  endfacet
  facet normal -0.831658 0.555288 0
    outer loop
      vertex 30.401 52.7347 15.5
      vertex 30.4446 52.8 17.9
      vertex 30.4446 52.8 15.5
    endloop
  endfacet
  facet normal -0.831658 0.555288 0
    outer loop
      vertex 30.4446 52.8 17.9
      vertex 30.401 52.7347 15.5
      vertex 30.401 52.7347 17.9
    endloop
  endfacet
  facet normal 0.831658 0.555288 0
    outer loop
      vertex 16.449 52.7347 17.9
      vertex 16.4054 52.8 15.5
      vertex 16.4054 52.8 17.9
    endloop
  endfacet
  facet normal 0.831658 0.555288 0
    outer loop
      vertex 16.4054 52.8 15.5
      vertex 16.449 52.7347 17.9
      vertex 16.449 52.7347 15.5
    endloop
  endfacet
  facet normal -0.946625 0.322337 0
    outer loop
      vertex 30.4793 52.8704 15.5
      vertex 30.5046 52.9447 17.9
      vertex 30.5046 52.9447 15.5
    endloop
  endfacet
  facet normal -0.946625 0.322337 0
    outer loop
      vertex 30.5046 52.9447 17.9
      vertex 30.4793 52.8704 15.5
      vertex 30.4793 52.8704 17.9
    endloop
  endfacet
  facet normal 0.555288 -0.831658 0
    outer loop
      vertex 16.5597 66.576 15.5
      vertex 16.625 66.6196 17.9
      vertex 16.5597 66.576 17.9
    endloop
  endfacet
  facet normal 0.555288 -0.831658 0
    outer loop
      vertex 16.625 66.6196 17.9
      vertex 16.5597 66.576 15.5
      vertex 16.625 66.6196 15.5
    endloop
  endfacet
  facet normal 0.752103 0.659046 0
    outer loop
      vertex 16.5007 52.6757 17.9
      vertex 16.449 52.7347 15.5
      vertex 16.449 52.7347 17.9
    endloop
  endfacet
  facet normal 0.752103 0.659046 0
    outer loop
      vertex 16.449 52.7347 15.5
      vertex 16.5007 52.6757 17.9
      vertex 16.5007 52.6757 15.5
    endloop
  endfacet
  facet normal -0.752103 0.659046 0
    outer loop
      vertex 30.3493 52.6757 15.5
      vertex 30.401 52.7347 17.9
      vertex 30.401 52.7347 15.5
    endloop
  endfacet
  facet normal -0.752103 0.659046 0
    outer loop
      vertex 30.401 52.7347 17.9
      vertex 30.3493 52.6757 15.5
      vertex 30.3493 52.6757 17.9
    endloop
  endfacet
  facet normal -0.997886 -0.0649964 0
    outer loop
      vertex 30.525 66.1 15.5
      vertex 30.5199 66.1783 17.9
      vertex 30.5199 66.1783 15.5
    endloop
  endfacet
  facet normal -0.997886 -0.0649964 0
    outer loop
      vertex 30.5199 66.1783 17.9
      vertex 30.525 66.1 15.5
      vertex 30.525 66.1 17.9
    endloop
  endfacet
  facet normal 0.997886 -0.0649964 0
    outer loop
      vertex 16.325 66.1 17.9
      vertex 16.3301 66.1783 15.5
      vertex 16.3301 66.1783 17.9
    endloop
  endfacet
  facet normal 0.997886 -0.0649964 0
    outer loop
      vertex 16.3301 66.1783 15.5
      vertex 16.325 66.1 17.9
      vertex 16.325 66.1 15.5
    endloop
  endfacet
  facet normal -0.658414 0.752656 0
    outer loop
      vertex 30.3493 52.6757 15.5
      vertex 30.2902 52.624 17.9
      vertex 30.3493 52.6757 17.9
    endloop
  endfacet
  facet normal -0.658414 0.752656 0
    outer loop
      vertex 30.2902 52.624 17.9
      vertex 30.3493 52.6757 15.5
      vertex 30.2902 52.624 15.5
    endloop
  endfacet
  facet normal -0.980825 -0.194891 0
    outer loop
      vertex 30.5199 66.1783 15.5
      vertex 30.5046 66.2553 17.9
      vertex 30.5046 66.2553 15.5
    endloop
  endfacet
  facet normal -0.980825 -0.194891 0
    outer loop
      vertex 30.5046 66.2553 17.9
      vertex 30.5199 66.1783 15.5
      vertex 30.5199 66.1783 17.9
    endloop
  endfacet
  facet normal 0.997886 0.0649964 0
    outer loop
      vertex 16.3301 53.0217 17.9
      vertex 16.325 53.1 15.5
      vertex 16.325 53.1 17.9
    endloop
  endfacet
  facet normal 0.997886 0.0649964 0
    outer loop
      vertex 16.325 53.1 15.5
      vertex 16.3301 53.0217 17.9
      vertex 16.3301 53.0217 15.5
    endloop
  endfacet
  facet normal -0.997886 0.0649964 0
    outer loop
      vertex 30.5199 53.0217 15.5
      vertex 30.525 53.1 17.9
      vertex 30.525 53.1 15.5
    endloop
  endfacet
  facet normal -0.997886 0.0649964 0
    outer loop
      vertex 30.525 53.1 17.9
      vertex 30.5199 53.0217 15.5
      vertex 30.5199 53.0217 17.9
    endloop
  endfacet
  facet normal -0.44211 0.896961 0
    outer loop
      vertex 30.225 52.5804 15.5
      vertex 30.1546 52.5457 17.9
      vertex 30.225 52.5804 17.9
    endloop
  endfacet
  facet normal -0.44211 0.896961 0
    outer loop
      vertex 30.1546 52.5457 17.9
      vertex 30.225 52.5804 15.5
      vertex 30.1546 52.5457 15.5
    endloop
  endfacet
  facet normal -0.555877 0.831265 0
    outer loop
      vertex 30.2902 52.624 15.5
      vertex 30.225 52.5804 17.9
      vertex 30.2902 52.624 17.9
    endloop
  endfacet
  facet normal -0.555877 0.831265 0
    outer loop
      vertex 30.225 52.5804 17.9
      vertex 30.2902 52.624 15.5
      vertex 30.225 52.5804 15.5
    endloop
  endfacet
  facet normal -0.322337 0.946625 0
    outer loop
      vertex 49.2046 14.4457 15.5
      vertex 49.1303 14.4204 17.9
      vertex 49.2046 14.4457 17.9
    endloop
  endfacet
  facet normal -0.322337 0.946625 0
    outer loop
      vertex 49.1303 14.4204 17.9
      vertex 49.2046 14.4457 15.5
      vertex 49.1303 14.4204 15.5
    endloop
  endfacet
  facet normal -0.896961 0.44211 0
    outer loop
      vertex 49.4946 14.7 15.5
      vertex 49.5293 14.7704 17.9
      vertex 49.5293 14.7704 15.5
    endloop
  endfacet
  facet normal -0.896961 0.44211 0
    outer loop
      vertex 49.5293 14.7704 17.9
      vertex 49.4946 14.7 15.5
      vertex 49.4946 14.7 17.9
    endloop
  endfacet
  facet normal 0 1 -0
    outer loop
      vertex 48.975 14.4 15.5
      vertex 35.975 14.4 17.9
      vertex 48.975 14.4 17.9
    endloop
  endfacet
  facet normal 0 1 0
    outer loop
      vertex 35.975 14.4 17.9
      vertex 48.975 14.4 15.5
      vertex 35.975 14.4 15.5
    endloop
  endfacet
  facet normal -0.194891 0.980825 0
    outer loop
      vertex 49.1303 14.4204 15.5
      vertex 49.0533 14.4051 17.9
      vertex 49.1303 14.4204 17.9
    endloop
  endfacet
  facet normal -0.194891 0.980825 0
    outer loop
      vertex 49.0533 14.4051 17.9
      vertex 49.1303 14.4204 15.5
      vertex 49.0533 14.4051 15.5
    endloop
  endfacet
  facet normal -0.0649964 -0.997886 0
    outer loop
      vertex 48.975 28.6 15.5
      vertex 49.0533 28.5949 17.9
      vertex 48.975 28.6 17.9
    endloop
  endfacet
  facet normal -0.0649964 -0.997886 -0
    outer loop
      vertex 49.0533 28.5949 17.9
      vertex 48.975 28.6 15.5
      vertex 49.0533 28.5949 15.5
    endloop
  endfacet
  facet normal 0.980825 0.194891 0
    outer loop
      vertex 35.3954 14.8447 17.9
      vertex 35.3801 14.9217 15.5
      vertex 35.3801 14.9217 17.9
    endloop
  endfacet
  facet normal 0.980825 0.194891 0
    outer loop
      vertex 35.3801 14.9217 15.5
      vertex 35.3954 14.8447 17.9
      vertex 35.3954 14.8447 15.5
    endloop
  endfacet
  facet normal -0.0649964 0.997886 0
    outer loop
      vertex 49.0533 14.4051 15.5
      vertex 48.975 14.4 17.9
      vertex 49.0533 14.4051 17.9
    endloop
  endfacet
  facet normal -0.0649964 0.997886 0
    outer loop
      vertex 48.975 14.4 17.9
      vertex 49.0533 14.4051 15.5
      vertex 48.975 14.4 15.5
    endloop
  endfacet
  facet normal 0.44211 0.896961 -0
    outer loop
      vertex 35.7454 14.4457 15.5
      vertex 35.675 14.4804 17.9
      vertex 35.7454 14.4457 17.9
    endloop
  endfacet
  facet normal 0.44211 0.896961 0
    outer loop
      vertex 35.675 14.4804 17.9
      vertex 35.7454 14.4457 15.5
      vertex 35.675 14.4804 15.5
    endloop
  endfacet
  facet normal 0.659046 0.752103 -0
    outer loop
      vertex 35.6097 14.524 15.5
      vertex 35.5507 14.5757 17.9
      vertex 35.6097 14.524 17.9
    endloop
  endfacet
  facet normal 0.659046 0.752103 0
    outer loop
      vertex 35.5507 14.5757 17.9
      vertex 35.6097 14.524 15.5
      vertex 35.5507 14.5757 15.5
    endloop
  endfacet
  facet normal -0.896961 -0.44211 0
    outer loop
      vertex 49.5293 28.2296 15.5
      vertex 49.4946 28.3 17.9
      vertex 49.4946 28.3 15.5
    endloop
  endfacet
  facet normal -0.896961 -0.44211 0
    outer loop
      vertex 49.4946 28.3 17.9
      vertex 49.5293 28.2296 15.5
      vertex 49.5293 28.2296 17.9
    endloop
  endfacet
  facet normal 0.555288 0.831658 -0
    outer loop
      vertex 35.675 14.4804 15.5
      vertex 35.6097 14.524 17.9
      vertex 35.675 14.4804 17.9
    endloop
  endfacet
  facet normal 0.555288 0.831658 0
    outer loop
      vertex 35.6097 14.524 17.9
      vertex 35.675 14.4804 15.5
      vertex 35.6097 14.524 15.5
    endloop
  endfacet
  facet normal 0.659046 -0.752103 0
    outer loop
      vertex 35.5507 28.4243 15.5
      vertex 35.6097 28.476 17.9
      vertex 35.5507 28.4243 17.9
    endloop
  endfacet
  facet normal 0.659046 -0.752103 0
    outer loop
      vertex 35.6097 28.476 17.9
      vertex 35.5507 28.4243 15.5
      vertex 35.6097 28.476 15.5
    endloop
  endfacet
  facet normal 0.896961 0.44211 0
    outer loop
      vertex 35.4554 14.7 17.9
      vertex 35.4207 14.7704 15.5
      vertex 35.4207 14.7704 17.9
    endloop
  endfacet
  facet normal 0.896961 0.44211 0
    outer loop
      vertex 35.4207 14.7704 15.5
      vertex 35.4554 14.7 17.9
      vertex 35.4554 14.7 15.5
    endloop
  endfacet
  facet normal -1 0 0
    outer loop
      vertex 49.575 15 15.5
      vertex 49.575 28 17.9
      vertex 49.575 28 15.5
    endloop
  endfacet
  facet normal -1 -0 0
    outer loop
      vertex 49.575 28 17.9
      vertex 49.575 15 15.5
      vertex 49.575 15 17.9
    endloop
  endfacet
  facet normal -0.44211 -0.896961 0
    outer loop
      vertex 49.2046 28.5543 15.5
      vertex 49.275 28.5196 17.9
      vertex 49.2046 28.5543 17.9
    endloop
  endfacet
  facet normal -0.44211 -0.896961 -0
    outer loop
      vertex 49.275 28.5196 17.9
      vertex 49.2046 28.5543 15.5
      vertex 49.275 28.5196 15.5
    endloop
  endfacet
  facet normal 1 -0 0
    outer loop
      vertex 35.375 15 17.9
      vertex 35.375 28 15.5
      vertex 35.375 28 17.9
    endloop
  endfacet
  facet normal 1 0 0
    outer loop
      vertex 35.375 28 15.5
      vertex 35.375 15 17.9
      vertex 35.375 15 15.5
    endloop
  endfacet
  facet normal 0.44211 -0.896961 0
    outer loop
      vertex 35.675 28.5196 15.5
      vertex 35.7454 28.5543 17.9
      vertex 35.675 28.5196 17.9
    endloop
  endfacet
  facet normal 0.44211 -0.896961 0
    outer loop
      vertex 35.7454 28.5543 17.9
      vertex 35.675 28.5196 15.5
      vertex 35.7454 28.5543 15.5
    endloop
  endfacet
  facet normal 0.946625 0.322337 0
    outer loop
      vertex 35.4207 14.7704 17.9
      vertex 35.3954 14.8447 15.5
      vertex 35.3954 14.8447 17.9
    endloop
  endfacet
  facet normal 0.946625 0.322337 0
    outer loop
      vertex 35.3954 14.8447 15.5
      vertex 35.4207 14.7704 17.9
      vertex 35.4207 14.7704 15.5
    endloop
  endfacet
  facet normal 0.322337 0.946625 -0
    outer loop
      vertex 35.8197 14.4204 15.5
      vertex 35.7454 14.4457 17.9
      vertex 35.8197 14.4204 17.9
    endloop
  endfacet
  facet normal 0.322337 0.946625 0
    outer loop
      vertex 35.7454 14.4457 17.9
      vertex 35.8197 14.4204 15.5
      vertex 35.7454 14.4457 15.5
    endloop
  endfacet
  facet normal 0.0649964 0.997886 -0
    outer loop
      vertex 35.975 14.4 15.5
      vertex 35.8967 14.4051 17.9
      vertex 35.975 14.4 17.9
    endloop
  endfacet
  facet normal 0.0649964 0.997886 0
    outer loop
      vertex 35.8967 14.4051 17.9
      vertex 35.975 14.4 15.5
      vertex 35.8967 14.4051 15.5
    endloop
  endfacet
  facet normal -0.980825 -0.194891 0
    outer loop
      vertex 49.5699 28.0783 15.5
      vertex 49.5546 28.1553 17.9
      vertex 49.5546 28.1553 15.5
    endloop
  endfacet
  facet normal -0.980825 -0.194891 0
    outer loop
      vertex 49.5546 28.1553 17.9
      vertex 49.5699 28.0783 15.5
      vertex 49.5699 28.0783 17.9
    endloop
  endfacet
  facet normal -0.555877 -0.831265 0
    outer loop
      vertex 49.275 28.5196 15.5
      vertex 49.3402 28.476 17.9
      vertex 49.275 28.5196 17.9
    endloop
  endfacet
  facet normal -0.555877 -0.831265 -0
    outer loop
      vertex 49.3402 28.476 17.9
      vertex 49.275 28.5196 15.5
      vertex 49.3402 28.476 15.5
    endloop
  endfacet
  facet normal 0.946625 -0.322337 0
    outer loop
      vertex 35.3954 28.1553 17.9
      vertex 35.4207 28.2296 15.5
      vertex 35.4207 28.2296 17.9
    endloop
  endfacet
  facet normal 0.946625 -0.322337 0
    outer loop
      vertex 35.4207 28.2296 15.5
      vertex 35.3954 28.1553 17.9
      vertex 35.3954 28.1553 15.5
    endloop
  endfacet
  facet normal -0.831265 -0.555877 0
    outer loop
      vertex 49.4946 28.3 15.5
      vertex 49.451 28.3652 17.9
      vertex 49.451 28.3652 15.5
    endloop
  endfacet
  facet normal -0.831265 -0.555877 0
    outer loop
      vertex 49.451 28.3652 17.9
      vertex 49.4946 28.3 15.5
      vertex 49.4946 28.3 17.9
    endloop
  endfacet
  facet normal 0 -1 0
    outer loop
      vertex 35.975 28.6 15.5
      vertex 48.975 28.6 17.9
      vertex 35.975 28.6 17.9
    endloop
  endfacet
  facet normal 0 -1 -0
    outer loop
      vertex 48.975 28.6 17.9
      vertex 35.975 28.6 15.5
      vertex 48.975 28.6 15.5
    endloop
  endfacet
  facet normal 0.980825 -0.194891 0
    outer loop
      vertex 35.3801 28.0783 17.9
      vertex 35.3954 28.1553 15.5
      vertex 35.3954 28.1553 17.9
    endloop
  endfacet
  facet normal 0.980825 -0.194891 0
    outer loop
      vertex 35.3954 28.1553 15.5
      vertex 35.3801 28.0783 17.9
      vertex 35.3801 28.0783 15.5
    endloop
  endfacet
  facet normal 0.194891 0.980825 -0
    outer loop
      vertex 35.8967 14.4051 15.5
      vertex 35.8197 14.4204 17.9
      vertex 35.8967 14.4051 17.9
    endloop
  endfacet
  facet normal 0.194891 0.980825 0
    outer loop
      vertex 35.8197 14.4204 17.9
      vertex 35.8967 14.4051 15.5
      vertex 35.8197 14.4204 15.5
    endloop
  endfacet
  facet normal 0.322337 -0.946625 0
    outer loop
      vertex 35.7454 28.5543 15.5
      vertex 35.8197 28.5796 17.9
      vertex 35.7454 28.5543 17.9
    endloop
  endfacet
  facet normal 0.322337 -0.946625 0
    outer loop
      vertex 35.8197 28.5796 17.9
      vertex 35.7454 28.5543 15.5
      vertex 35.8197 28.5796 15.5
    endloop
  endfacet
  facet normal 0.896961 -0.44211 0
    outer loop
      vertex 35.4207 28.2296 17.9
      vertex 35.4554 28.3 15.5
      vertex 35.4554 28.3 17.9
    endloop
  endfacet
  facet normal 0.896961 -0.44211 0
    outer loop
      vertex 35.4554 28.3 15.5
      vertex 35.4207 28.2296 17.9
      vertex 35.4207 28.2296 15.5
    endloop
  endfacet
  facet normal 0.831265 -0.555877 0
    outer loop
      vertex 35.4554 28.3 17.9
      vertex 35.499 28.3652 15.5
      vertex 35.499 28.3652 17.9
    endloop
  endfacet
  facet normal 0.831265 -0.555877 0
    outer loop
      vertex 35.499 28.3652 15.5
      vertex 35.4554 28.3 17.9
      vertex 35.4554 28.3 15.5
    endloop
  endfacet
  facet normal 0.0649964 -0.997886 0
    outer loop
      vertex 35.8967 28.5949 15.5
      vertex 35.975 28.6 17.9
      vertex 35.8967 28.5949 17.9
    endloop
  endfacet
  facet normal 0.0649964 -0.997886 0
    outer loop
      vertex 35.975 28.6 17.9
      vertex 35.8967 28.5949 15.5
      vertex 35.975 28.6 15.5
    endloop
  endfacet
  facet normal -0.980825 0.194891 0
    outer loop
      vertex 49.5546 14.8447 15.5
      vertex 49.5699 14.9217 17.9
      vertex 49.5699 14.9217 15.5
    endloop
  endfacet
  facet normal -0.980825 0.194891 0
    outer loop
      vertex 49.5699 14.9217 17.9
      vertex 49.5546 14.8447 15.5
      vertex 49.5546 14.8447 17.9
    endloop
  endfacet
  facet normal 0.752656 -0.658414 0
    outer loop
      vertex 35.499 28.3652 17.9
      vertex 35.5507 28.4243 15.5
      vertex 35.5507 28.4243 17.9
    endloop
  endfacet
  facet normal 0.752656 -0.658414 0
    outer loop
      vertex 35.5507 28.4243 15.5
      vertex 35.499 28.3652 17.9
      vertex 35.499 28.3652 15.5
    endloop
  endfacet
  facet normal 0.194891 -0.980825 0
    outer loop
      vertex 35.8197 28.5796 15.5
      vertex 35.8967 28.5949 17.9
      vertex 35.8197 28.5796 17.9
    endloop
  endfacet
  facet normal 0.194891 -0.980825 0
    outer loop
      vertex 35.8967 28.5949 17.9
      vertex 35.8197 28.5796 15.5
      vertex 35.8967 28.5949 15.5
    endloop
  endfacet
  facet normal -0.946625 -0.322337 0
    outer loop
      vertex 49.5546 28.1553 15.5
      vertex 49.5293 28.2296 17.9
      vertex 49.5293 28.2296 15.5
    endloop
  endfacet
  facet normal -0.946625 -0.322337 0
    outer loop
      vertex 49.5293 28.2296 17.9
      vertex 49.5546 28.1553 15.5
      vertex 49.5546 28.1553 17.9
    endloop
  endfacet
  facet normal -0.322337 -0.946625 0
    outer loop
      vertex 49.1303 28.5796 15.5
      vertex 49.2046 28.5543 17.9
      vertex 49.1303 28.5796 17.9
    endloop
  endfacet
  facet normal -0.322337 -0.946625 -0
    outer loop
      vertex 49.2046 28.5543 17.9
      vertex 49.1303 28.5796 15.5
      vertex 49.2046 28.5543 15.5
    endloop
  endfacet
  facet normal -0.658414 -0.752656 0
    outer loop
      vertex 49.3402 28.476 15.5
      vertex 49.3993 28.4243 17.9
      vertex 49.3402 28.476 17.9
    endloop
  endfacet
  facet normal -0.658414 -0.752656 -0
    outer loop
      vertex 49.3993 28.4243 17.9
      vertex 49.3402 28.476 15.5
      vertex 49.3993 28.4243 15.5
    endloop
  endfacet
  facet normal -0.194891 -0.980825 0
    outer loop
      vertex 49.0533 28.5949 15.5
      vertex 49.1303 28.5796 17.9
      vertex 49.0533 28.5949 17.9
    endloop
  endfacet
  facet normal -0.194891 -0.980825 -0
    outer loop
      vertex 49.1303 28.5796 17.9
      vertex 49.0533 28.5949 15.5
      vertex 49.1303 28.5796 15.5
    endloop
  endfacet
  facet normal -0.831265 0.555877 0
    outer loop
      vertex 49.451 14.6348 15.5
      vertex 49.4946 14.7 17.9
      vertex 49.4946 14.7 15.5
    endloop
  endfacet
  facet normal -0.831265 0.555877 0
    outer loop
      vertex 49.4946 14.7 17.9
      vertex 49.451 14.6348 15.5
      vertex 49.451 14.6348 17.9
    endloop
  endfacet
  facet normal 0.831265 0.555877 0
    outer loop
      vertex 35.499 14.6348 17.9
      vertex 35.4554 14.7 15.5
      vertex 35.4554 14.7 17.9
    endloop
  endfacet
  facet normal 0.831265 0.555877 0
    outer loop
      vertex 35.4554 14.7 15.5
      vertex 35.499 14.6348 17.9
      vertex 35.499 14.6348 15.5
    endloop
  endfacet
  facet normal -0.946625 0.322337 0
    outer loop
      vertex 49.5293 14.7704 15.5
      vertex 49.5546 14.8447 17.9
      vertex 49.5546 14.8447 15.5
    endloop
  endfacet
  facet normal -0.946625 0.322337 0
    outer loop
      vertex 49.5546 14.8447 17.9
      vertex 49.5293 14.7704 15.5
      vertex 49.5293 14.7704 17.9
    endloop
  endfacet
  facet normal 0.555288 -0.831658 0
    outer loop
      vertex 35.6097 28.476 15.5
      vertex 35.675 28.5196 17.9
      vertex 35.6097 28.476 17.9
    endloop
  endfacet
  facet normal 0.555288 -0.831658 0
    outer loop
      vertex 35.675 28.5196 17.9
      vertex 35.6097 28.476 15.5
      vertex 35.675 28.5196 15.5
    endloop
  endfacet
  facet normal 0.752656 0.658414 0
    outer loop
      vertex 35.5507 14.5757 17.9
      vertex 35.499 14.6348 15.5
      vertex 35.499 14.6348 17.9
    endloop
  endfacet
  facet normal 0.752656 0.658414 0
    outer loop
      vertex 35.499 14.6348 15.5
      vertex 35.5507 14.5757 17.9
      vertex 35.5507 14.5757 15.5
    endloop
  endfacet
  facet normal -0.752656 0.658414 0
    outer loop
      vertex 49.3993 14.5757 15.5
      vertex 49.451 14.6348 17.9
      vertex 49.451 14.6348 15.5
    endloop
  endfacet
  facet normal -0.752656 0.658414 0
    outer loop
      vertex 49.451 14.6348 17.9
      vertex 49.3993 14.5757 15.5
      vertex 49.3993 14.5757 17.9
    endloop
  endfacet
  facet normal -0.997886 -0.0649964 0
    outer loop
      vertex 49.575 28 15.5
      vertex 49.5699 28.0783 17.9
      vertex 49.5699 28.0783 15.5
    endloop
  endfacet
  facet normal -0.997886 -0.0649964 0
    outer loop
      vertex 49.5699 28.0783 17.9
      vertex 49.575 28 15.5
      vertex 49.575 28 17.9
    endloop
  endfacet
  facet normal 0.997886 -0.0649964 0
    outer loop
      vertex 35.375 28 17.9
      vertex 35.3801 28.0783 15.5
      vertex 35.3801 28.0783 17.9
    endloop
  endfacet
  facet normal 0.997886 -0.0649964 0
    outer loop
      vertex 35.3801 28.0783 15.5
      vertex 35.375 28 17.9
      vertex 35.375 28 15.5
    endloop
  endfacet
  facet normal -0.658414 0.752656 0
    outer loop
      vertex 49.3993 14.5757 15.5
      vertex 49.3402 14.524 17.9
      vertex 49.3993 14.5757 17.9
    endloop
  endfacet
  facet normal -0.658414 0.752656 0
    outer loop
      vertex 49.3402 14.524 17.9
      vertex 49.3993 14.5757 15.5
      vertex 49.3402 14.524 15.5
    endloop
  endfacet
  facet normal -0.752656 -0.658414 0
    outer loop
      vertex 49.451 28.3652 15.5
      vertex 49.3993 28.4243 17.9
      vertex 49.3993 28.4243 15.5
    endloop
  endfacet
  facet normal -0.752656 -0.658414 0
    outer loop
      vertex 49.3993 28.4243 17.9
      vertex 49.451 28.3652 15.5
      vertex 49.451 28.3652 17.9
    endloop
  endfacet
  facet normal 0.997886 0.0649964 0
    outer loop
      vertex 35.3801 14.9217 17.9
      vertex 35.375 15 15.5
      vertex 35.375 15 17.9
    endloop
  endfacet
  facet normal 0.997886 0.0649964 0
    outer loop
      vertex 35.375 15 15.5
      vertex 35.3801 14.9217 17.9
      vertex 35.3801 14.9217 15.5
    endloop
  endfacet
  facet normal -0.997886 0.0649964 0
    outer loop
      vertex 49.5699 14.9217 15.5
      vertex 49.575 15 17.9
      vertex 49.575 15 15.5
    endloop
  endfacet
  facet normal -0.997886 0.0649964 0
    outer loop
      vertex 49.575 15 17.9
      vertex 49.5699 14.9217 15.5
      vertex 49.5699 14.9217 17.9
    endloop
  endfacet
  facet normal -0.44211 0.896961 0
    outer loop
      vertex 49.275 14.4804 15.5
      vertex 49.2046 14.4457 17.9
      vertex 49.275 14.4804 17.9
    endloop
  endfacet
  facet normal -0.44211 0.896961 0
    outer loop
      vertex 49.2046 14.4457 17.9
      vertex 49.275 14.4804 15.5
      vertex 49.2046 14.4457 15.5
    endloop
  endfacet
  facet normal -0.555877 0.831265 0
    outer loop
      vertex 49.3402 14.524 15.5
      vertex 49.275 14.4804 17.9
      vertex 49.3402 14.524 17.9
    endloop
  endfacet
  facet normal -0.555877 0.831265 0
    outer loop
      vertex 49.275 14.4804 17.9
      vertex 49.3402 14.524 15.5
      vertex 49.275 14.4804 15.5
    endloop
  endfacet
  facet normal -0.322337 0.946625 0
    outer loop
      vertex 49.2046 33.4957 15.5
      vertex 49.1303 33.4704 17.9
      vertex 49.2046 33.4957 17.9
    endloop
  endfacet
  facet normal -0.322337 0.946625 0
    outer loop
      vertex 49.1303 33.4704 17.9
      vertex 49.2046 33.4957 15.5
      vertex 49.1303 33.4704 15.5
    endloop
  endfacet
  facet normal -0.896961 0.44211 0
    outer loop
      vertex 49.4946 33.75 15.5
      vertex 49.5293 33.8204 17.9
      vertex 49.5293 33.8204 15.5
    endloop
  endfacet
  facet normal -0.896961 0.44211 0
    outer loop
      vertex 49.5293 33.8204 17.9
      vertex 49.4946 33.75 15.5
      vertex 49.4946 33.75 17.9
    endloop
  endfacet
  facet normal 0 1 -0
    outer loop
      vertex 48.975 33.45 15.5
      vertex 35.975 33.45 17.9
      vertex 48.975 33.45 17.9
    endloop
  endfacet
  facet normal 0 1 0
    outer loop
      vertex 35.975 33.45 17.9
      vertex 48.975 33.45 15.5
      vertex 35.975 33.45 15.5
    endloop
  endfacet
  facet normal -0.194891 0.980825 0
    outer loop
      vertex 49.1303 33.4704 15.5
      vertex 49.0533 33.4551 17.9
      vertex 49.1303 33.4704 17.9
    endloop
  endfacet
  facet normal -0.194891 0.980825 0
    outer loop
      vertex 49.0533 33.4551 17.9
      vertex 49.1303 33.4704 15.5
      vertex 49.0533 33.4551 15.5
    endloop
  endfacet
  facet normal -0.0649964 -0.997886 0
    outer loop
      vertex 48.975 47.65 15.5
      vertex 49.0533 47.6449 17.9
      vertex 48.975 47.65 17.9
    endloop
  endfacet
  facet normal -0.0649964 -0.997886 -0
    outer loop
      vertex 49.0533 47.6449 17.9
      vertex 48.975 47.65 15.5
      vertex 49.0533 47.6449 15.5
    endloop
  endfacet
  facet normal 0.980825 0.194891 0
    outer loop
      vertex 35.3954 33.8947 17.9
      vertex 35.3801 33.9717 15.5
      vertex 35.3801 33.9717 17.9
    endloop
  endfacet
  facet normal 0.980825 0.194891 0
    outer loop
      vertex 35.3801 33.9717 15.5
      vertex 35.3954 33.8947 17.9
      vertex 35.3954 33.8947 15.5
    endloop
  endfacet
  facet normal -0.0649964 0.997886 0
    outer loop
      vertex 49.0533 33.4551 15.5
      vertex 48.975 33.45 17.9
      vertex 49.0533 33.4551 17.9
    endloop
  endfacet
  facet normal -0.0649964 0.997886 0
    outer loop
      vertex 48.975 33.45 17.9
      vertex 49.0533 33.4551 15.5
      vertex 48.975 33.45 15.5
    endloop
  endfacet
  facet normal 0.44211 0.896961 -0
    outer loop
      vertex 35.7454 33.4957 15.5
      vertex 35.675 33.5304 17.9
      vertex 35.7454 33.4957 17.9
    endloop
  endfacet
  facet normal 0.44211 0.896961 0
    outer loop
      vertex 35.675 33.5304 17.9
      vertex 35.7454 33.4957 15.5
      vertex 35.675 33.5304 15.5
    endloop
  endfacet
  facet normal 0.659046 0.752103 -0
    outer loop
      vertex 35.6097 33.574 15.5
      vertex 35.5507 33.6257 17.9
      vertex 35.6097 33.574 17.9
    endloop
  endfacet
  facet normal 0.659046 0.752103 0
    outer loop
      vertex 35.5507 33.6257 17.9
      vertex 35.6097 33.574 15.5
      vertex 35.5507 33.6257 15.5
    endloop
  endfacet
  facet normal -0.896961 -0.44211 0
    outer loop
      vertex 49.5293 47.2796 15.5
      vertex 49.4946 47.35 17.9
      vertex 49.4946 47.35 15.5
    endloop
  endfacet
  facet normal -0.896961 -0.44211 0
    outer loop
      vertex 49.4946 47.35 17.9
      vertex 49.5293 47.2796 15.5
      vertex 49.5293 47.2796 17.9
    endloop
  endfacet
  facet normal 0.555288 0.831658 -0
    outer loop
      vertex 35.675 33.5304 15.5
      vertex 35.6097 33.574 17.9
      vertex 35.675 33.5304 17.9
    endloop
  endfacet
  facet normal 0.555288 0.831658 0
    outer loop
      vertex 35.6097 33.574 17.9
      vertex 35.675 33.5304 15.5
      vertex 35.6097 33.574 15.5
    endloop
  endfacet
  facet normal 0.659046 -0.752103 0
    outer loop
      vertex 35.5507 47.4743 15.5
      vertex 35.6097 47.526 17.9
      vertex 35.5507 47.4743 17.9
    endloop
  endfacet
  facet normal 0.659046 -0.752103 0
    outer loop
      vertex 35.6097 47.526 17.9
      vertex 35.5507 47.4743 15.5
      vertex 35.6097 47.526 15.5
    endloop
  endfacet
  facet normal 0.896961 0.44211 0
    outer loop
      vertex 35.4554 33.75 17.9
      vertex 35.4207 33.8204 15.5
      vertex 35.4207 33.8204 17.9
    endloop
  endfacet
  facet normal 0.896961 0.44211 0
    outer loop
      vertex 35.4207 33.8204 15.5
      vertex 35.4554 33.75 17.9
      vertex 35.4554 33.75 15.5
    endloop
  endfacet
  facet normal -1 0 0
    outer loop
      vertex 49.575 34.05 15.5
      vertex 49.575 47.05 17.9
      vertex 49.575 47.05 15.5
    endloop
  endfacet
  facet normal -1 -0 0
    outer loop
      vertex 49.575 47.05 17.9
      vertex 49.575 34.05 15.5
      vertex 49.575 34.05 17.9
    endloop
  endfacet
  facet normal -0.44211 -0.896961 0
    outer loop
      vertex 49.2046 47.6043 15.5
      vertex 49.275 47.5696 17.9
      vertex 49.2046 47.6043 17.9
    endloop
  endfacet
  facet normal -0.44211 -0.896961 -0
    outer loop
      vertex 49.275 47.5696 17.9
      vertex 49.2046 47.6043 15.5
      vertex 49.275 47.5696 15.5
    endloop
  endfacet
  facet normal 1 -0 0
    outer loop
      vertex 35.375 34.05 17.9
      vertex 35.375 47.05 15.5
      vertex 35.375 47.05 17.9
    endloop
  endfacet
  facet normal 1 0 0
    outer loop
      vertex 35.375 47.05 15.5
      vertex 35.375 34.05 17.9
      vertex 35.375 34.05 15.5
    endloop
  endfacet
  facet normal 0.44211 -0.896961 0
    outer loop
      vertex 35.675 47.5696 15.5
      vertex 35.7454 47.6043 17.9
      vertex 35.675 47.5696 17.9
    endloop
  endfacet
  facet normal 0.44211 -0.896961 0
    outer loop
      vertex 35.7454 47.6043 17.9
      vertex 35.675 47.5696 15.5
      vertex 35.7454 47.6043 15.5
    endloop
  endfacet
  facet normal 0.946625 0.322337 0
    outer loop
      vertex 35.4207 33.8204 17.9
      vertex 35.3954 33.8947 15.5
      vertex 35.3954 33.8947 17.9
    endloop
  endfacet
  facet normal 0.946625 0.322337 0
    outer loop
      vertex 35.3954 33.8947 15.5
      vertex 35.4207 33.8204 17.9
      vertex 35.4207 33.8204 15.5
    endloop
  endfacet
  facet normal 0.322337 0.946625 -0
    outer loop
      vertex 35.8197 33.4704 15.5
      vertex 35.7454 33.4957 17.9
      vertex 35.8197 33.4704 17.9
    endloop
  endfacet
  facet normal 0.322337 0.946625 0
    outer loop
      vertex 35.7454 33.4957 17.9
      vertex 35.8197 33.4704 15.5
      vertex 35.7454 33.4957 15.5
    endloop
  endfacet
  facet normal 0.0649964 0.997886 -0
    outer loop
      vertex 35.975 33.45 15.5
      vertex 35.8967 33.4551 17.9
      vertex 35.975 33.45 17.9
    endloop
  endfacet
  facet normal 0.0649964 0.997886 0
    outer loop
      vertex 35.8967 33.4551 17.9
      vertex 35.975 33.45 15.5
      vertex 35.8967 33.4551 15.5
    endloop
  endfacet
  facet normal -0.555877 -0.831265 0
    outer loop
      vertex 49.275 47.5696 15.5
      vertex 49.3402 47.526 17.9
      vertex 49.275 47.5696 17.9
    endloop
  endfacet
  facet normal -0.555877 -0.831265 -0
    outer loop
      vertex 49.3402 47.526 17.9
      vertex 49.275 47.5696 15.5
      vertex 49.3402 47.526 15.5
    endloop
  endfacet
  facet normal 0.946625 -0.322337 0
    outer loop
      vertex 35.3954 47.2053 17.9
      vertex 35.4207 47.2796 15.5
      vertex 35.4207 47.2796 17.9
    endloop
  endfacet
  facet normal 0.946625 -0.322337 0
    outer loop
      vertex 35.4207 47.2796 15.5
      vertex 35.3954 47.2053 17.9
      vertex 35.3954 47.2053 15.5
    endloop
  endfacet
  facet normal -0.831265 -0.555877 0
    outer loop
      vertex 49.4946 47.35 15.5
      vertex 49.451 47.4152 17.9
      vertex 49.451 47.4152 15.5
    endloop
  endfacet
  facet normal -0.831265 -0.555877 0
    outer loop
      vertex 49.451 47.4152 17.9
      vertex 49.4946 47.35 15.5
      vertex 49.4946 47.35 17.9
    endloop
  endfacet
  facet normal 0 -1 0
    outer loop
      vertex 35.975 47.65 15.5
      vertex 48.975 47.65 17.9
      vertex 35.975 47.65 17.9
    endloop
  endfacet
  facet normal 0 -1 -0
    outer loop
      vertex 48.975 47.65 17.9
      vertex 35.975 47.65 15.5
      vertex 48.975 47.65 15.5
    endloop
  endfacet
  facet normal 0.980825 -0.194891 0
    outer loop
      vertex 35.3801 47.1283 17.9
      vertex 35.3954 47.2053 15.5
      vertex 35.3954 47.2053 17.9
    endloop
  endfacet
  facet normal 0.980825 -0.194891 0
    outer loop
      vertex 35.3954 47.2053 15.5
      vertex 35.3801 47.1283 17.9
      vertex 35.3801 47.1283 15.5
    endloop
  endfacet
  facet normal 0.194891 0.980825 -0
    outer loop
      vertex 35.8967 33.4551 15.5
      vertex 35.8197 33.4704 17.9
      vertex 35.8967 33.4551 17.9
    endloop
  endfacet
  facet normal 0.194891 0.980825 0
    outer loop
      vertex 35.8197 33.4704 17.9
      vertex 35.8967 33.4551 15.5
      vertex 35.8197 33.4704 15.5
    endloop
  endfacet
  facet normal 0.322337 -0.946625 0
    outer loop
      vertex 35.7454 47.6043 15.5
      vertex 35.8197 47.6296 17.9
      vertex 35.7454 47.6043 17.9
    endloop
  endfacet
  facet normal 0.322337 -0.946625 0
    outer loop
      vertex 35.8197 47.6296 17.9
      vertex 35.7454 47.6043 15.5
      vertex 35.8197 47.6296 15.5
    endloop
  endfacet
  facet normal 0.896961 -0.44211 0
    outer loop
      vertex 35.4207 47.2796 17.9
      vertex 35.4554 47.35 15.5
      vertex 35.4554 47.35 17.9
    endloop
  endfacet
  facet normal 0.896961 -0.44211 0
    outer loop
      vertex 35.4554 47.35 15.5
      vertex 35.4207 47.2796 17.9
      vertex 35.4207 47.2796 15.5
    endloop
  endfacet
  facet normal 0.831265 -0.555877 0
    outer loop
      vertex 35.4554 47.35 17.9
      vertex 35.499 47.4152 15.5
      vertex 35.499 47.4152 17.9
    endloop
  endfacet
  facet normal 0.831265 -0.555877 0
    outer loop
      vertex 35.499 47.4152 15.5
      vertex 35.4554 47.35 17.9
      vertex 35.4554 47.35 15.5
    endloop
  endfacet
  facet normal 0.0649964 -0.997886 0
    outer loop
      vertex 35.8967 47.6449 15.5
      vertex 35.975 47.65 17.9
      vertex 35.8967 47.6449 17.9
    endloop
  endfacet
  facet normal 0.0649964 -0.997886 0
    outer loop
      vertex 35.975 47.65 17.9
      vertex 35.8967 47.6449 15.5
      vertex 35.975 47.65 15.5
    endloop
  endfacet
  facet normal -0.980825 0.194891 0
    outer loop
      vertex 49.5546 33.8947 15.5
      vertex 49.5699 33.9717 17.9
      vertex 49.5699 33.9717 15.5
    endloop
  endfacet
  facet normal -0.980825 0.194891 0
    outer loop
      vertex 49.5699 33.9717 17.9
      vertex 49.5546 33.8947 15.5
      vertex 49.5546 33.8947 17.9
    endloop
  endfacet
  facet normal 0.752656 -0.658414 0
    outer loop
      vertex 35.499 47.4152 17.9
      vertex 35.5507 47.4743 15.5
      vertex 35.5507 47.4743 17.9
    endloop
  endfacet
  facet normal 0.752656 -0.658414 0
    outer loop
      vertex 35.5507 47.4743 15.5
      vertex 35.499 47.4152 17.9
      vertex 35.499 47.4152 15.5
    endloop
  endfacet
  facet normal 0.194891 -0.980825 0
    outer loop
      vertex 35.8197 47.6296 15.5
      vertex 35.8967 47.6449 17.9
      vertex 35.8197 47.6296 17.9
    endloop
  endfacet
  facet normal 0.194891 -0.980825 0
    outer loop
      vertex 35.8967 47.6449 17.9
      vertex 35.8197 47.6296 15.5
      vertex 35.8967 47.6449 15.5
    endloop
  endfacet
  facet normal -0.946625 -0.322337 0
    outer loop
      vertex 49.5546 47.2053 15.5
      vertex 49.5293 47.2796 17.9
      vertex 49.5293 47.2796 15.5
    endloop
  endfacet
  facet normal -0.946625 -0.322337 0
    outer loop
      vertex 49.5293 47.2796 17.9
      vertex 49.5546 47.2053 15.5
      vertex 49.5546 47.2053 17.9
    endloop
  endfacet
  facet normal -0.322337 -0.946625 0
    outer loop
      vertex 49.1303 47.6296 15.5
      vertex 49.2046 47.6043 17.9
      vertex 49.1303 47.6296 17.9
    endloop
  endfacet
  facet normal -0.322337 -0.946625 -0
    outer loop
      vertex 49.2046 47.6043 17.9
      vertex 49.1303 47.6296 15.5
      vertex 49.2046 47.6043 15.5
    endloop
  endfacet
  facet normal -0.658414 -0.752656 0
    outer loop
      vertex 49.3402 47.526 15.5
      vertex 49.3993 47.4743 17.9
      vertex 49.3402 47.526 17.9
    endloop
  endfacet
  facet normal -0.658414 -0.752656 -0
    outer loop
      vertex 49.3993 47.4743 17.9
      vertex 49.3402 47.526 15.5
      vertex 49.3993 47.4743 15.5
    endloop
  endfacet
  facet normal -0.194891 -0.980825 0
    outer loop
      vertex 49.0533 47.6449 15.5
      vertex 49.1303 47.6296 17.9
      vertex 49.0533 47.6449 17.9
    endloop
  endfacet
  facet normal -0.194891 -0.980825 -0
    outer loop
      vertex 49.1303 47.6296 17.9
      vertex 49.0533 47.6449 15.5
      vertex 49.1303 47.6296 15.5
    endloop
  endfacet
  facet normal -0.752656 -0.658414 0
    outer loop
      vertex 49.451 47.4152 15.5
      vertex 49.3993 47.4743 17.9
      vertex 49.3993 47.4743 15.5
    endloop
  endfacet
  facet normal -0.752656 -0.658414 0
    outer loop
      vertex 49.3993 47.4743 17.9
      vertex 49.451 47.4152 15.5
      vertex 49.451 47.4152 17.9
    endloop
  endfacet
  facet normal -0.831658 0.555288 0
    outer loop
      vertex 49.451 33.6847 15.5
      vertex 49.4946 33.75 17.9
      vertex 49.4946 33.75 15.5
    endloop
  endfacet
  facet normal -0.831658 0.555288 0
    outer loop
      vertex 49.4946 33.75 17.9
      vertex 49.451 33.6847 15.5
      vertex 49.451 33.6847 17.9
    endloop
  endfacet
  facet normal 0.831658 0.555288 0
    outer loop
      vertex 35.499 33.6847 17.9
      vertex 35.4554 33.75 15.5
      vertex 35.4554 33.75 17.9
    endloop
  endfacet
  facet normal 0.831658 0.555288 0
    outer loop
      vertex 35.4554 33.75 15.5
      vertex 35.499 33.6847 17.9
      vertex 35.499 33.6847 15.5
    endloop
  endfacet
  facet normal -0.946625 0.322337 0
    outer loop
      vertex 49.5293 33.8204 15.5
      vertex 49.5546 33.8947 17.9
      vertex 49.5546 33.8947 15.5
    endloop
  endfacet
  facet normal -0.946625 0.322337 0
    outer loop
      vertex 49.5546 33.8947 17.9
      vertex 49.5293 33.8204 15.5
      vertex 49.5293 33.8204 17.9
    endloop
  endfacet
  facet normal 0.555288 -0.831658 0
    outer loop
      vertex 35.6097 47.526 15.5
      vertex 35.675 47.5696 17.9
      vertex 35.6097 47.526 17.9
    endloop
  endfacet
  facet normal 0.555288 -0.831658 0
    outer loop
      vertex 35.675 47.5696 17.9
      vertex 35.6097 47.526 15.5
      vertex 35.675 47.5696 15.5
    endloop
  endfacet
  facet normal 0.752103 0.659046 0
    outer loop
      vertex 35.5507 33.6257 17.9
      vertex 35.499 33.6847 15.5
      vertex 35.499 33.6847 17.9
    endloop
  endfacet
  facet normal 0.752103 0.659046 0
    outer loop
      vertex 35.499 33.6847 15.5
      vertex 35.5507 33.6257 17.9
      vertex 35.5507 33.6257 15.5
    endloop
  endfacet
  facet normal -0.752103 0.659046 0
    outer loop
      vertex 49.3993 33.6257 15.5
      vertex 49.451 33.6847 17.9
      vertex 49.451 33.6847 15.5
    endloop
  endfacet
  facet normal -0.752103 0.659046 0
    outer loop
      vertex 49.451 33.6847 17.9
      vertex 49.3993 33.6257 15.5
      vertex 49.3993 33.6257 17.9
    endloop
  endfacet
  facet normal -0.997886 -0.0649964 0
    outer loop
      vertex 49.575 47.05 15.5
      vertex 49.5699 47.1283 17.9
      vertex 49.5699 47.1283 15.5
    endloop
  endfacet
  facet normal -0.997886 -0.0649964 0
    outer loop
      vertex 49.5699 47.1283 17.9
      vertex 49.575 47.05 15.5
      vertex 49.575 47.05 17.9
    endloop
  endfacet
  facet normal 0.997886 -0.0649964 0
    outer loop
      vertex 35.375 47.05 17.9
      vertex 35.3801 47.1283 15.5
      vertex 35.3801 47.1283 17.9
    endloop
  endfacet
  facet normal 0.997886 -0.0649964 0
    outer loop
      vertex 35.3801 47.1283 15.5
      vertex 35.375 47.05 17.9
      vertex 35.375 47.05 15.5
    endloop
  endfacet
  facet normal -0.658414 0.752656 0
    outer loop
      vertex 49.3993 33.6257 15.5
      vertex 49.3402 33.574 17.9
      vertex 49.3993 33.6257 17.9
    endloop
  endfacet
  facet normal -0.658414 0.752656 0
    outer loop
      vertex 49.3402 33.574 17.9
      vertex 49.3993 33.6257 15.5
      vertex 49.3402 33.574 15.5
    endloop
  endfacet
  facet normal -0.980825 -0.194891 0
    outer loop
      vertex 49.5699 47.1283 15.5
      vertex 49.5546 47.2053 17.9
      vertex 49.5546 47.2053 15.5
    endloop
  endfacet
  facet normal -0.980825 -0.194891 0
    outer loop
      vertex 49.5546 47.2053 17.9
      vertex 49.5699 47.1283 15.5
      vertex 49.5699 47.1283 17.9
    endloop
  endfacet
  facet normal 0.997886 0.0649964 0
    outer loop
      vertex 35.3801 33.9717 17.9
      vertex 35.375 34.05 15.5
      vertex 35.375 34.05 17.9
    endloop
  endfacet
  facet normal 0.997886 0.0649964 0
    outer loop
      vertex 35.375 34.05 15.5
      vertex 35.3801 33.9717 17.9
      vertex 35.3801 33.9717 15.5
    endloop
  endfacet
  facet normal -0.997886 0.0649964 0
    outer loop
      vertex 49.5699 33.9717 15.5
      vertex 49.575 34.05 17.9
      vertex 49.575 34.05 15.5
    endloop
  endfacet
  facet normal -0.997886 0.0649964 0
    outer loop
      vertex 49.575 34.05 17.9
      vertex 49.5699 33.9717 15.5
      vertex 49.5699 33.9717 17.9
    endloop
  endfacet
  facet normal -0.44211 0.896961 0
    outer loop
      vertex 49.275 33.5304 15.5
      vertex 49.2046 33.4957 17.9
      vertex 49.275 33.5304 17.9
    endloop
  endfacet
  facet normal -0.44211 0.896961 0
    outer loop
      vertex 49.2046 33.4957 17.9
      vertex 49.275 33.5304 15.5
      vertex 49.2046 33.4957 15.5
    endloop
  endfacet
  facet normal -0.555877 0.831265 0
    outer loop
      vertex 49.3402 33.574 15.5
      vertex 49.275 33.5304 17.9
      vertex 49.3402 33.574 17.9
    endloop
  endfacet
  facet normal -0.555877 0.831265 0
    outer loop
      vertex 49.275 33.5304 17.9
      vertex 49.3402 33.574 15.5
      vertex 49.275 33.5304 15.5
    endloop
  endfacet
  facet normal -0.322337 0.946625 0
    outer loop
      vertex 49.2046 52.5457 15.5
      vertex 49.1303 52.5204 17.9
      vertex 49.2046 52.5457 17.9
    endloop
  endfacet
  facet normal -0.322337 0.946625 0
    outer loop
      vertex 49.1303 52.5204 17.9
      vertex 49.2046 52.5457 15.5
      vertex 49.1303 52.5204 15.5
    endloop
  endfacet
  facet normal -0.896961 0.44211 0
    outer loop
      vertex 49.4946 52.8 15.5
      vertex 49.5293 52.8704 17.9
      vertex 49.5293 52.8704 15.5
    endloop
  endfacet
  facet normal -0.896961 0.44211 0
    outer loop
      vertex 49.5293 52.8704 17.9
      vertex 49.4946 52.8 15.5
      vertex 49.4946 52.8 17.9
    endloop
  endfacet
  facet normal 0 1 -0
    outer loop
      vertex 48.975 52.5 15.5
      vertex 35.975 52.5 17.9
      vertex 48.975 52.5 17.9
    endloop
  endfacet
  facet normal 0 1 0
    outer loop
      vertex 35.975 52.5 17.9
      vertex 48.975 52.5 15.5
      vertex 35.975 52.5 15.5
    endloop
  endfacet
  facet normal -0.194891 0.980825 0
    outer loop
      vertex 49.1303 52.5204 15.5
      vertex 49.0533 52.5051 17.9
      vertex 49.1303 52.5204 17.9
    endloop
  endfacet
  facet normal -0.194891 0.980825 0
    outer loop
      vertex 49.0533 52.5051 17.9
      vertex 49.1303 52.5204 15.5
      vertex 49.0533 52.5051 15.5
    endloop
  endfacet
  facet normal -0.0649964 -0.997886 0
    outer loop
      vertex 48.975 66.7 15.5
      vertex 49.0533 66.6949 17.9
      vertex 48.975 66.7 17.9
    endloop
  endfacet
  facet normal -0.0649964 -0.997886 -0
    outer loop
      vertex 49.0533 66.6949 17.9
      vertex 48.975 66.7 15.5
      vertex 49.0533 66.6949 15.5
    endloop
  endfacet
  facet normal 0.980825 0.194891 0
    outer loop
      vertex 35.3954 52.9447 17.9
      vertex 35.3801 53.0217 15.5
      vertex 35.3801 53.0217 17.9
    endloop
  endfacet
  facet normal 0.980825 0.194891 0
    outer loop
      vertex 35.3801 53.0217 15.5
      vertex 35.3954 52.9447 17.9
      vertex 35.3954 52.9447 15.5
    endloop
  endfacet
  facet normal -0.0649964 0.997886 0
    outer loop
      vertex 49.0533 52.5051 15.5
      vertex 48.975 52.5 17.9
      vertex 49.0533 52.5051 17.9
    endloop
  endfacet
  facet normal -0.0649964 0.997886 0
    outer loop
      vertex 48.975 52.5 17.9
      vertex 49.0533 52.5051 15.5
      vertex 48.975 52.5 15.5
    endloop
  endfacet
  facet normal 0.44211 0.896961 -0
    outer loop
      vertex 35.7454 52.5457 15.5
      vertex 35.675 52.5804 17.9
      vertex 35.7454 52.5457 17.9
    endloop
  endfacet
  facet normal 0.44211 0.896961 0
    outer loop
      vertex 35.675 52.5804 17.9
      vertex 35.7454 52.5457 15.5
      vertex 35.675 52.5804 15.5
    endloop
  endfacet
  facet normal 0.659046 0.752103 -0
    outer loop
      vertex 35.6097 52.624 15.5
      vertex 35.5507 52.6757 17.9
      vertex 35.6097 52.624 17.9
    endloop
  endfacet
  facet normal 0.659046 0.752103 0
    outer loop
      vertex 35.5507 52.6757 17.9
      vertex 35.6097 52.624 15.5
      vertex 35.5507 52.6757 15.5
    endloop
  endfacet
  facet normal -0.896961 -0.44211 0
    outer loop
      vertex 49.5293 66.3296 15.5
      vertex 49.4946 66.4 17.9
      vertex 49.4946 66.4 15.5
    endloop
  endfacet
  facet normal -0.896961 -0.44211 0
    outer loop
      vertex 49.4946 66.4 17.9
      vertex 49.5293 66.3296 15.5
      vertex 49.5293 66.3296 17.9
    endloop
  endfacet
  facet normal 0.555288 0.831658 -0
    outer loop
      vertex 35.675 52.5804 15.5
      vertex 35.6097 52.624 17.9
      vertex 35.675 52.5804 17.9
    endloop
  endfacet
  facet normal 0.555288 0.831658 0
    outer loop
      vertex 35.6097 52.624 17.9
      vertex 35.675 52.5804 15.5
      vertex 35.6097 52.624 15.5
    endloop
  endfacet
  facet normal 0.659046 -0.752103 0
    outer loop
      vertex 35.5507 66.5243 15.5
      vertex 35.6097 66.576 17.9
      vertex 35.5507 66.5243 17.9
    endloop
  endfacet
  facet normal 0.659046 -0.752103 0
    outer loop
      vertex 35.6097 66.576 17.9
      vertex 35.5507 66.5243 15.5
      vertex 35.6097 66.576 15.5
    endloop
  endfacet
  facet normal 0.896961 0.44211 0
    outer loop
      vertex 35.4554 52.8 17.9
      vertex 35.4207 52.8704 15.5
      vertex 35.4207 52.8704 17.9
    endloop
  endfacet
  facet normal 0.896961 0.44211 0
    outer loop
      vertex 35.4207 52.8704 15.5
      vertex 35.4554 52.8 17.9
      vertex 35.4554 52.8 15.5
    endloop
  endfacet
  facet normal -1 0 0
    outer loop
      vertex 49.575 53.1 15.5
      vertex 49.575 66.1 17.9
      vertex 49.575 66.1 15.5
    endloop
  endfacet
  facet normal -1 -0 0
    outer loop
      vertex 49.575 66.1 17.9
      vertex 49.575 53.1 15.5
      vertex 49.575 53.1 17.9
    endloop
  endfacet
  facet normal -0.44211 -0.896961 0
    outer loop
      vertex 49.2046 66.6543 15.5
      vertex 49.275 66.6196 17.9
      vertex 49.2046 66.6543 17.9
    endloop
  endfacet
  facet normal -0.44211 -0.896961 -0
    outer loop
      vertex 49.275 66.6196 17.9
      vertex 49.2046 66.6543 15.5
      vertex 49.275 66.6196 15.5
    endloop
  endfacet
  facet normal 1 -0 0
    outer loop
      vertex 35.375 53.1 17.9
      vertex 35.375 66.1 15.5
      vertex 35.375 66.1 17.9
    endloop
  endfacet
  facet normal 1 0 0
    outer loop
      vertex 35.375 66.1 15.5
      vertex 35.375 53.1 17.9
      vertex 35.375 53.1 15.5
    endloop
  endfacet
  facet normal 0.44211 -0.896961 0
    outer loop
      vertex 35.675 66.6196 15.5
      vertex 35.7454 66.6543 17.9
      vertex 35.675 66.6196 17.9
    endloop
  endfacet
  facet normal 0.44211 -0.896961 0
    outer loop
      vertex 35.7454 66.6543 17.9
      vertex 35.675 66.6196 15.5
      vertex 35.7454 66.6543 15.5
    endloop
  endfacet
  facet normal 0.946625 0.322337 0
    outer loop
      vertex 35.4207 52.8704 17.9
      vertex 35.3954 52.9447 15.5
      vertex 35.3954 52.9447 17.9
    endloop
  endfacet
  facet normal 0.946625 0.322337 0
    outer loop
      vertex 35.3954 52.9447 15.5
      vertex 35.4207 52.8704 17.9
      vertex 35.4207 52.8704 15.5
    endloop
  endfacet
  facet normal 0.322337 0.946625 -0
    outer loop
      vertex 35.8197 52.5204 15.5
      vertex 35.7454 52.5457 17.9
      vertex 35.8197 52.5204 17.9
    endloop
  endfacet
  facet normal 0.322337 0.946625 0
    outer loop
      vertex 35.7454 52.5457 17.9
      vertex 35.8197 52.5204 15.5
      vertex 35.7454 52.5457 15.5
    endloop
  endfacet
  facet normal 0.0649964 0.997886 -0
    outer loop
      vertex 35.975 52.5 15.5
      vertex 35.8967 52.5051 17.9
      vertex 35.975 52.5 17.9
    endloop
  endfacet
  facet normal 0.0649964 0.997886 0
    outer loop
      vertex 35.8967 52.5051 17.9
      vertex 35.975 52.5 15.5
      vertex 35.8967 52.5051 15.5
    endloop
  endfacet
  facet normal -0.555877 -0.831265 0
    outer loop
      vertex 49.275 66.6196 15.5
      vertex 49.3402 66.576 17.9
      vertex 49.275 66.6196 17.9
    endloop
  endfacet
  facet normal -0.555877 -0.831265 -0
    outer loop
      vertex 49.3402 66.576 17.9
      vertex 49.275 66.6196 15.5
      vertex 49.3402 66.576 15.5
    endloop
  endfacet
  facet normal 0.946625 -0.322337 0
    outer loop
      vertex 35.3954 66.2553 17.9
      vertex 35.4207 66.3296 15.5
      vertex 35.4207 66.3296 17.9
    endloop
  endfacet
  facet normal 0.946625 -0.322337 0
    outer loop
      vertex 35.4207 66.3296 15.5
      vertex 35.3954 66.2553 17.9
      vertex 35.3954 66.2553 15.5
    endloop
  endfacet
  facet normal -0.831265 -0.555877 0
    outer loop
      vertex 49.4946 66.4 15.5
      vertex 49.451 66.4652 17.9
      vertex 49.451 66.4652 15.5
    endloop
  endfacet
  facet normal -0.831265 -0.555877 0
    outer loop
      vertex 49.451 66.4652 17.9
      vertex 49.4946 66.4 15.5
      vertex 49.4946 66.4 17.9
    endloop
  endfacet
  facet normal 0 -1 0
    outer loop
      vertex 35.975 66.7 15.5
      vertex 48.975 66.7 17.9
      vertex 35.975 66.7 17.9
    endloop
  endfacet
  facet normal 0 -1 -0
    outer loop
      vertex 48.975 66.7 17.9
      vertex 35.975 66.7 15.5
      vertex 48.975 66.7 15.5
    endloop
  endfacet
  facet normal 0.980825 -0.194891 0
    outer loop
      vertex 35.3801 66.1783 17.9
      vertex 35.3954 66.2553 15.5
      vertex 35.3954 66.2553 17.9
    endloop
  endfacet
  facet normal 0.980825 -0.194891 0
    outer loop
      vertex 35.3954 66.2553 15.5
      vertex 35.3801 66.1783 17.9
      vertex 35.3801 66.1783 15.5
    endloop
  endfacet
  facet normal 0.194891 0.980825 -0
    outer loop
      vertex 35.8967 52.5051 15.5
      vertex 35.8197 52.5204 17.9
      vertex 35.8967 52.5051 17.9
    endloop
  endfacet
  facet normal 0.194891 0.980825 0
    outer loop
      vertex 35.8197 52.5204 17.9
      vertex 35.8967 52.5051 15.5
      vertex 35.8197 52.5204 15.5
    endloop
  endfacet
  facet normal 0.322337 -0.946625 0
    outer loop
      vertex 35.7454 66.6543 15.5
      vertex 35.8197 66.6796 17.9
      vertex 35.7454 66.6543 17.9
    endloop
  endfacet
  facet normal 0.322337 -0.946625 0
    outer loop
      vertex 35.8197 66.6796 17.9
      vertex 35.7454 66.6543 15.5
      vertex 35.8197 66.6796 15.5
    endloop
  endfacet
  facet normal 0.896961 -0.44211 0
    outer loop
      vertex 35.4207 66.3296 17.9
      vertex 35.4554 66.4 15.5
      vertex 35.4554 66.4 17.9
    endloop
  endfacet
  facet normal 0.896961 -0.44211 0
    outer loop
      vertex 35.4554 66.4 15.5
      vertex 35.4207 66.3296 17.9
      vertex 35.4207 66.3296 15.5
    endloop
  endfacet
  facet normal 0.831265 -0.555877 0
    outer loop
      vertex 35.4554 66.4 17.9
      vertex 35.499 66.4652 15.5
      vertex 35.499 66.4652 17.9
    endloop
  endfacet
  facet normal 0.831265 -0.555877 0
    outer loop
      vertex 35.499 66.4652 15.5
      vertex 35.4554 66.4 17.9
      vertex 35.4554 66.4 15.5
    endloop
  endfacet
  facet normal 0.0649964 -0.997886 0
    outer loop
      vertex 35.8967 66.6949 15.5
      vertex 35.975 66.7 17.9
      vertex 35.8967 66.6949 17.9
    endloop
  endfacet
  facet normal 0.0649964 -0.997886 0
    outer loop
      vertex 35.975 66.7 17.9
      vertex 35.8967 66.6949 15.5
      vertex 35.975 66.7 15.5
    endloop
  endfacet
  facet normal -0.980825 0.194891 0
    outer loop
      vertex 49.5546 52.9447 15.5
      vertex 49.5699 53.0217 17.9
      vertex 49.5699 53.0217 15.5
    endloop
  endfacet
  facet normal -0.980825 0.194891 0
    outer loop
      vertex 49.5699 53.0217 17.9
      vertex 49.5546 52.9447 15.5
      vertex 49.5546 52.9447 17.9
    endloop
  endfacet
  facet normal 0.752656 -0.658414 0
    outer loop
      vertex 35.499 66.4652 17.9
      vertex 35.5507 66.5243 15.5
      vertex 35.5507 66.5243 17.9
    endloop
  endfacet
  facet normal 0.752656 -0.658414 0
    outer loop
      vertex 35.5507 66.5243 15.5
      vertex 35.499 66.4652 17.9
      vertex 35.499 66.4652 15.5
    endloop
  endfacet
  facet normal 0.194891 -0.980825 0
    outer loop
      vertex 35.8197 66.6796 15.5
      vertex 35.8967 66.6949 17.9
      vertex 35.8197 66.6796 17.9
    endloop
  endfacet
  facet normal 0.194891 -0.980825 0
    outer loop
      vertex 35.8967 66.6949 17.9
      vertex 35.8197 66.6796 15.5
      vertex 35.8967 66.6949 15.5
    endloop
  endfacet
  facet normal -0.946625 -0.322337 0
    outer loop
      vertex 49.5546 66.2553 15.5
      vertex 49.5293 66.3296 17.9
      vertex 49.5293 66.3296 15.5
    endloop
  endfacet
  facet normal -0.946625 -0.322337 0
    outer loop
      vertex 49.5293 66.3296 17.9
      vertex 49.5546 66.2553 15.5
      vertex 49.5546 66.2553 17.9
    endloop
  endfacet
  facet normal -0.322337 -0.946625 0
    outer loop
      vertex 49.1303 66.6796 15.5
      vertex 49.2046 66.6543 17.9
      vertex 49.1303 66.6796 17.9
    endloop
  endfacet
  facet normal -0.322337 -0.946625 -0
    outer loop
      vertex 49.2046 66.6543 17.9
      vertex 49.1303 66.6796 15.5
      vertex 49.2046 66.6543 15.5
    endloop
  endfacet
  facet normal -0.658414 -0.752656 0
    outer loop
      vertex 49.3402 66.576 15.5
      vertex 49.3993 66.5243 17.9
      vertex 49.3402 66.576 17.9
    endloop
  endfacet
  facet normal -0.658414 -0.752656 -0
    outer loop
      vertex 49.3993 66.5243 17.9
      vertex 49.3402 66.576 15.5
      vertex 49.3993 66.5243 15.5
    endloop
  endfacet
  facet normal -0.194891 -0.980825 0
    outer loop
      vertex 49.0533 66.6949 15.5
      vertex 49.1303 66.6796 17.9
      vertex 49.0533 66.6949 17.9
    endloop
  endfacet
  facet normal -0.194891 -0.980825 -0
    outer loop
      vertex 49.1303 66.6796 17.9
      vertex 49.0533 66.6949 15.5
      vertex 49.1303 66.6796 15.5
    endloop
  endfacet
  facet normal -0.752656 -0.658414 0
    outer loop
      vertex 49.451 66.4652 15.5
      vertex 49.3993 66.5243 17.9
      vertex 49.3993 66.5243 15.5
    endloop
  endfacet
  facet normal -0.752656 -0.658414 0
    outer loop
      vertex 49.3993 66.5243 17.9
      vertex 49.451 66.4652 15.5
      vertex 49.451 66.4652 17.9
    endloop
  endfacet
  facet normal -0.831658 0.555288 0
    outer loop
      vertex 49.451 52.7347 15.5
      vertex 49.4946 52.8 17.9
      vertex 49.4946 52.8 15.5
    endloop
  endfacet
  facet normal -0.831658 0.555288 0
    outer loop
      vertex 49.4946 52.8 17.9
      vertex 49.451 52.7347 15.5
      vertex 49.451 52.7347 17.9
    endloop
  endfacet
  facet normal 0.831658 0.555288 0
    outer loop
      vertex 35.499 52.7347 17.9
      vertex 35.4554 52.8 15.5
      vertex 35.4554 52.8 17.9
    endloop
  endfacet
  facet normal 0.831658 0.555288 0
    outer loop
      vertex 35.4554 52.8 15.5
      vertex 35.499 52.7347 17.9
      vertex 35.499 52.7347 15.5
    endloop
  endfacet
  facet normal -0.946625 0.322337 0
    outer loop
      vertex 49.5293 52.8704 15.5
      vertex 49.5546 52.9447 17.9
      vertex 49.5546 52.9447 15.5
    endloop
  endfacet
  facet normal -0.946625 0.322337 0
    outer loop
      vertex 49.5546 52.9447 17.9
      vertex 49.5293 52.8704 15.5
      vertex 49.5293 52.8704 17.9
    endloop
  endfacet
  facet normal 0.555288 -0.831658 0
    outer loop
      vertex 35.6097 66.576 15.5
      vertex 35.675 66.6196 17.9
      vertex 35.6097 66.576 17.9
    endloop
  endfacet
  facet normal 0.555288 -0.831658 0
    outer loop
      vertex 35.675 66.6196 17.9
      vertex 35.6097 66.576 15.5
      vertex 35.675 66.6196 15.5
    endloop
  endfacet
  facet normal 0.752103 0.659046 0
    outer loop
      vertex 35.5507 52.6757 17.9
      vertex 35.499 52.7347 15.5
      vertex 35.499 52.7347 17.9
    endloop
  endfacet
  facet normal 0.752103 0.659046 0
    outer loop
      vertex 35.499 52.7347 15.5
      vertex 35.5507 52.6757 17.9
      vertex 35.5507 52.6757 15.5
    endloop
  endfacet
  facet normal -0.752103 0.659046 0
    outer loop
      vertex 49.3993 52.6757 15.5
      vertex 49.451 52.7347 17.9
      vertex 49.451 52.7347 15.5
    endloop
  endfacet
  facet normal -0.752103 0.659046 0
    outer loop
      vertex 49.451 52.7347 17.9
      vertex 49.3993 52.6757 15.5
      vertex 49.3993 52.6757 17.9
    endloop
  endfacet
  facet normal -0.997886 -0.0649964 0
    outer loop
      vertex 49.575 66.1 15.5
      vertex 49.5699 66.1783 17.9
      vertex 49.5699 66.1783 15.5
    endloop
  endfacet
  facet normal -0.997886 -0.0649964 0
    outer loop
      vertex 49.5699 66.1783 17.9
      vertex 49.575 66.1 15.5
      vertex 49.575 66.1 17.9
    endloop
  endfacet
  facet normal 0.997886 -0.0649964 0
    outer loop
      vertex 35.375 66.1 17.9
      vertex 35.3801 66.1783 15.5
      vertex 35.3801 66.1783 17.9
    endloop
  endfacet
  facet normal 0.997886 -0.0649964 0
    outer loop
      vertex 35.3801 66.1783 15.5
      vertex 35.375 66.1 17.9
      vertex 35.375 66.1 15.5
    endloop
  endfacet
  facet normal -0.658414 0.752656 0
    outer loop
      vertex 49.3993 52.6757 15.5
      vertex 49.3402 52.624 17.9
      vertex 49.3993 52.6757 17.9
    endloop
  endfacet
  facet normal -0.658414 0.752656 0
    outer loop
      vertex 49.3402 52.624 17.9
      vertex 49.3993 52.6757 15.5
      vertex 49.3402 52.624 15.5
    endloop
  endfacet
  facet normal -0.980825 -0.194891 0
    outer loop
      vertex 49.5699 66.1783 15.5
      vertex 49.5546 66.2553 17.9
      vertex 49.5546 66.2553 15.5
    endloop
  endfacet
  facet normal -0.980825 -0.194891 0
    outer loop
      vertex 49.5546 66.2553 17.9
      vertex 49.5699 66.1783 15.5
      vertex 49.5699 66.1783 17.9
    endloop
  endfacet
  facet normal 0.997886 0.0649964 0
    outer loop
      vertex 35.3801 53.0217 17.9
      vertex 35.375 53.1 15.5
      vertex 35.375 53.1 17.9
    endloop
  endfacet
  facet normal 0.997886 0.0649964 0
    outer loop
      vertex 35.375 53.1 15.5
      vertex 35.3801 53.0217 17.9
      vertex 35.3801 53.0217 15.5
    endloop
  endfacet
  facet normal -0.997886 0.0649964 0
    outer loop
      vertex 49.5699 53.0217 15.5
      vertex 49.575 53.1 17.9
      vertex 49.575 53.1 15.5
    endloop
  endfacet
  facet normal -0.997886 0.0649964 0
    outer loop
      vertex 49.575 53.1 17.9
      vertex 49.5699 53.0217 15.5
      vertex 49.5699 53.0217 17.9
    endloop
  endfacet
  facet normal -0.44211 0.896961 0
    outer loop
      vertex 49.275 52.5804 15.5
      vertex 49.2046 52.5457 17.9
      vertex 49.275 52.5804 17.9
    endloop
  endfacet
  facet normal -0.44211 0.896961 0
    outer loop
      vertex 49.2046 52.5457 17.9
      vertex 49.275 52.5804 15.5
      vertex 49.2046 52.5457 15.5
    endloop
  endfacet
  facet normal -0.555877 0.831265 0
    outer loop
      vertex 49.3402 52.624 15.5
      vertex 49.275 52.5804 17.9
      vertex 49.3402 52.624 17.9
    endloop
  endfacet
  facet normal -0.555877 0.831265 0
    outer loop
      vertex 49.275 52.5804 17.9
      vertex 49.3402 52.624 15.5
      vertex 49.275 52.5804 15.5
    endloop
  endfacet
  facet normal -0.322337 0.946625 0
    outer loop
      vertex 68.2546 14.4457 15.5
      vertex 68.1803 14.4204 17.9
      vertex 68.2546 14.4457 17.9
    endloop
  endfacet
  facet normal -0.322337 0.946625 0
    outer loop
      vertex 68.1803 14.4204 17.9
      vertex 68.2546 14.4457 15.5
      vertex 68.1803 14.4204 15.5
    endloop
  endfacet
  facet normal -0.896961 0.44211 0
    outer loop
      vertex 68.5446 14.7 15.5
      vertex 68.5793 14.7704 17.9
      vertex 68.5793 14.7704 15.5
    endloop
  endfacet
  facet normal -0.896961 0.44211 0
    outer loop
      vertex 68.5793 14.7704 17.9
      vertex 68.5446 14.7 15.5
      vertex 68.5446 14.7 17.9
    endloop
  endfacet
  facet normal 0 1 -0
    outer loop
      vertex 68.025 14.4 15.5
      vertex 55.025 14.4 17.9
      vertex 68.025 14.4 17.9
    endloop
  endfacet
  facet normal 0 1 0
    outer loop
      vertex 55.025 14.4 17.9
      vertex 68.025 14.4 15.5
      vertex 55.025 14.4 15.5
    endloop
  endfacet
  facet normal -0.194891 0.980825 0
    outer loop
      vertex 68.1803 14.4204 15.5
      vertex 68.1033 14.4051 17.9
      vertex 68.1803 14.4204 17.9
    endloop
  endfacet
  facet normal -0.194891 0.980825 0
    outer loop
      vertex 68.1033 14.4051 17.9
      vertex 68.1803 14.4204 15.5
      vertex 68.1033 14.4051 15.5
    endloop
  endfacet
  facet normal -0.0649964 -0.997886 0
    outer loop
      vertex 68.025 28.6 15.5
      vertex 68.1033 28.5949 17.9
      vertex 68.025 28.6 17.9
    endloop
  endfacet
  facet normal -0.0649964 -0.997886 -0
    outer loop
      vertex 68.1033 28.5949 17.9
      vertex 68.025 28.6 15.5
      vertex 68.1033 28.5949 15.5
    endloop
  endfacet
  facet normal 0.980825 0.194891 0
    outer loop
      vertex 54.4454 14.8447 17.9
      vertex 54.4301 14.9217 15.5
      vertex 54.4301 14.9217 17.9
    endloop
  endfacet
  facet normal 0.980825 0.194891 0
    outer loop
      vertex 54.4301 14.9217 15.5
      vertex 54.4454 14.8447 17.9
      vertex 54.4454 14.8447 15.5
    endloop
  endfacet
  facet normal -0.0649964 0.997886 0
    outer loop
      vertex 68.1033 14.4051 15.5
      vertex 68.025 14.4 17.9
      vertex 68.1033 14.4051 17.9
    endloop
  endfacet
  facet normal -0.0649964 0.997886 0
    outer loop
      vertex 68.025 14.4 17.9
      vertex 68.1033 14.4051 15.5
      vertex 68.025 14.4 15.5
    endloop
  endfacet
  facet normal 0.44211 0.896961 -0
    outer loop
      vertex 54.7954 14.4457 15.5
      vertex 54.725 14.4804 17.9
      vertex 54.7954 14.4457 17.9
    endloop
  endfacet
  facet normal 0.44211 0.896961 0
    outer loop
      vertex 54.725 14.4804 17.9
      vertex 54.7954 14.4457 15.5
      vertex 54.725 14.4804 15.5
    endloop
  endfacet
  facet normal 0.658414 0.752656 -0
    outer loop
      vertex 54.6598 14.524 15.5
      vertex 54.6007 14.5757 17.9
      vertex 54.6598 14.524 17.9
    endloop
  endfacet
  facet normal 0.658414 0.752656 0
    outer loop
      vertex 54.6007 14.5757 17.9
      vertex 54.6598 14.524 15.5
      vertex 54.6007 14.5757 15.5
    endloop
  endfacet
  facet normal -0.896961 -0.44211 0
    outer loop
      vertex 68.5793 28.2296 15.5
      vertex 68.5446 28.3 17.9
      vertex 68.5446 28.3 15.5
    endloop
  endfacet
  facet normal -0.896961 -0.44211 0
    outer loop
      vertex 68.5446 28.3 17.9
      vertex 68.5793 28.2296 15.5
      vertex 68.5793 28.2296 17.9
    endloop
  endfacet
  facet normal 0.555877 0.831265 -0
    outer loop
      vertex 54.725 14.4804 15.5
      vertex 54.6598 14.524 17.9
      vertex 54.725 14.4804 17.9
    endloop
  endfacet
  facet normal 0.555877 0.831265 0
    outer loop
      vertex 54.6598 14.524 17.9
      vertex 54.725 14.4804 15.5
      vertex 54.6598 14.524 15.5
    endloop
  endfacet
  facet normal 0.658414 -0.752656 0
    outer loop
      vertex 54.6007 28.4243 15.5
      vertex 54.6598 28.476 17.9
      vertex 54.6007 28.4243 17.9
    endloop
  endfacet
  facet normal 0.658414 -0.752656 0
    outer loop
      vertex 54.6598 28.476 17.9
      vertex 54.6007 28.4243 15.5
      vertex 54.6598 28.476 15.5
    endloop
  endfacet
  facet normal 0.896961 0.44211 0
    outer loop
      vertex 54.5054 14.7 17.9
      vertex 54.4707 14.7704 15.5
      vertex 54.4707 14.7704 17.9
    endloop
  endfacet
  facet normal 0.896961 0.44211 0
    outer loop
      vertex 54.4707 14.7704 15.5
      vertex 54.5054 14.7 17.9
      vertex 54.5054 14.7 15.5
    endloop
  endfacet
  facet normal -1 0 0
    outer loop
      vertex 68.625 15 15.5
      vertex 68.625 28 17.9
      vertex 68.625 28 15.5
    endloop
  endfacet
  facet normal -1 -0 0
    outer loop
      vertex 68.625 28 17.9
      vertex 68.625 15 15.5
      vertex 68.625 15 17.9
    endloop
  endfacet
  facet normal -0.44211 -0.896961 0
    outer loop
      vertex 68.2546 28.5543 15.5
      vertex 68.325 28.5196 17.9
      vertex 68.2546 28.5543 17.9
    endloop
  endfacet
  facet normal -0.44211 -0.896961 -0
    outer loop
      vertex 68.325 28.5196 17.9
      vertex 68.2546 28.5543 15.5
      vertex 68.325 28.5196 15.5
    endloop
  endfacet
  facet normal 1 -0 0
    outer loop
      vertex 54.425 15 17.9
      vertex 54.425 28 15.5
      vertex 54.425 28 17.9
    endloop
  endfacet
  facet normal 1 0 0
    outer loop
      vertex 54.425 28 15.5
      vertex 54.425 15 17.9
      vertex 54.425 15 15.5
    endloop
  endfacet
  facet normal 0.44211 -0.896961 0
    outer loop
      vertex 54.725 28.5196 15.5
      vertex 54.7954 28.5543 17.9
      vertex 54.725 28.5196 17.9
    endloop
  endfacet
  facet normal 0.44211 -0.896961 0
    outer loop
      vertex 54.7954 28.5543 17.9
      vertex 54.725 28.5196 15.5
      vertex 54.7954 28.5543 15.5
    endloop
  endfacet
  facet normal 0.946625 0.322337 0
    outer loop
      vertex 54.4707 14.7704 17.9
      vertex 54.4454 14.8447 15.5
      vertex 54.4454 14.8447 17.9
    endloop
  endfacet
  facet normal 0.946625 0.322337 0
    outer loop
      vertex 54.4454 14.8447 15.5
      vertex 54.4707 14.7704 17.9
      vertex 54.4707 14.7704 15.5
    endloop
  endfacet
  facet normal 0.322337 0.946625 -0
    outer loop
      vertex 54.8697 14.4204 15.5
      vertex 54.7954 14.4457 17.9
      vertex 54.8697 14.4204 17.9
    endloop
  endfacet
  facet normal 0.322337 0.946625 0
    outer loop
      vertex 54.7954 14.4457 17.9
      vertex 54.8697 14.4204 15.5
      vertex 54.7954 14.4457 15.5
    endloop
  endfacet
  facet normal 0.0649964 0.997886 -0
    outer loop
      vertex 55.025 14.4 15.5
      vertex 54.9467 14.4051 17.9
      vertex 55.025 14.4 17.9
    endloop
  endfacet
  facet normal 0.0649964 0.997886 0
    outer loop
      vertex 54.9467 14.4051 17.9
      vertex 55.025 14.4 15.5
      vertex 54.9467 14.4051 15.5
    endloop
  endfacet
  facet normal -0.980825 -0.194891 0
    outer loop
      vertex 68.6199 28.0783 15.5
      vertex 68.6046 28.1553 17.9
      vertex 68.6046 28.1553 15.5
    endloop
  endfacet
  facet normal -0.980825 -0.194891 0
    outer loop
      vertex 68.6046 28.1553 17.9
      vertex 68.6199 28.0783 15.5
      vertex 68.6199 28.0783 17.9
    endloop
  endfacet
  facet normal -0.555288 -0.831658 0
    outer loop
      vertex 68.325 28.5196 15.5
      vertex 68.3903 28.476 17.9
      vertex 68.325 28.5196 17.9
    endloop
  endfacet
  facet normal -0.555288 -0.831658 -0
    outer loop
      vertex 68.3903 28.476 17.9
      vertex 68.325 28.5196 15.5
      vertex 68.3903 28.476 15.5
    endloop
  endfacet
  facet normal 0.946625 -0.322337 0
    outer loop
      vertex 54.4454 28.1553 17.9
      vertex 54.4707 28.2296 15.5
      vertex 54.4707 28.2296 17.9
    endloop
  endfacet
  facet normal 0.946625 -0.322337 0
    outer loop
      vertex 54.4707 28.2296 15.5
      vertex 54.4454 28.1553 17.9
      vertex 54.4454 28.1553 15.5
    endloop
  endfacet
  facet normal -0.831265 -0.555877 0
    outer loop
      vertex 68.5446 28.3 15.5
      vertex 68.501 28.3652 17.9
      vertex 68.501 28.3652 15.5
    endloop
  endfacet
  facet normal -0.831265 -0.555877 0
    outer loop
      vertex 68.501 28.3652 17.9
      vertex 68.5446 28.3 15.5
      vertex 68.5446 28.3 17.9
    endloop
  endfacet
  facet normal 0 -1 0
    outer loop
      vertex 55.025 28.6 15.5
      vertex 68.025 28.6 17.9
      vertex 55.025 28.6 17.9
    endloop
  endfacet
  facet normal 0 -1 -0
    outer loop
      vertex 68.025 28.6 17.9
      vertex 55.025 28.6 15.5
      vertex 68.025 28.6 15.5
    endloop
  endfacet
  facet normal 0.980825 -0.194891 0
    outer loop
      vertex 54.4301 28.0783 17.9
      vertex 54.4454 28.1553 15.5
      vertex 54.4454 28.1553 17.9
    endloop
  endfacet
  facet normal 0.980825 -0.194891 0
    outer loop
      vertex 54.4454 28.1553 15.5
      vertex 54.4301 28.0783 17.9
      vertex 54.4301 28.0783 15.5
    endloop
  endfacet
  facet normal 0.194891 0.980825 -0
    outer loop
      vertex 54.9467 14.4051 15.5
      vertex 54.8697 14.4204 17.9
      vertex 54.9467 14.4051 17.9
    endloop
  endfacet
  facet normal 0.194891 0.980825 0
    outer loop
      vertex 54.8697 14.4204 17.9
      vertex 54.9467 14.4051 15.5
      vertex 54.8697 14.4204 15.5
    endloop
  endfacet
  facet normal 0.322337 -0.946625 0
    outer loop
      vertex 54.7954 28.5543 15.5
      vertex 54.8697 28.5796 17.9
      vertex 54.7954 28.5543 17.9
    endloop
  endfacet
  facet normal 0.322337 -0.946625 0
    outer loop
      vertex 54.8697 28.5796 17.9
      vertex 54.7954 28.5543 15.5
      vertex 54.8697 28.5796 15.5
    endloop
  endfacet
  facet normal 0.896961 -0.44211 0
    outer loop
      vertex 54.4707 28.2296 17.9
      vertex 54.5054 28.3 15.5
      vertex 54.5054 28.3 17.9
    endloop
  endfacet
  facet normal 0.896961 -0.44211 0
    outer loop
      vertex 54.5054 28.3 15.5
      vertex 54.4707 28.2296 17.9
      vertex 54.4707 28.2296 15.5
    endloop
  endfacet
  facet normal 0.831265 -0.555877 0
    outer loop
      vertex 54.5054 28.3 17.9
      vertex 54.549 28.3652 15.5
      vertex 54.549 28.3652 17.9
    endloop
  endfacet
  facet normal 0.831265 -0.555877 0
    outer loop
      vertex 54.549 28.3652 15.5
      vertex 54.5054 28.3 17.9
      vertex 54.5054 28.3 15.5
    endloop
  endfacet
  facet normal 0.0649964 -0.997886 0
    outer loop
      vertex 54.9467 28.5949 15.5
      vertex 55.025 28.6 17.9
      vertex 54.9467 28.5949 17.9
    endloop
  endfacet
  facet normal 0.0649964 -0.997886 0
    outer loop
      vertex 55.025 28.6 17.9
      vertex 54.9467 28.5949 15.5
      vertex 55.025 28.6 15.5
    endloop
  endfacet
  facet normal 0.752656 -0.658414 0
    outer loop
      vertex 54.549 28.3652 17.9
      vertex 54.6007 28.4243 15.5
      vertex 54.6007 28.4243 17.9
    endloop
  endfacet
  facet normal 0.752656 -0.658414 0
    outer loop
      vertex 54.6007 28.4243 15.5
      vertex 54.549 28.3652 17.9
      vertex 54.549 28.3652 15.5
    endloop
  endfacet
  facet normal 0.194891 -0.980825 0
    outer loop
      vertex 54.8697 28.5796 15.5
      vertex 54.9467 28.5949 17.9
      vertex 54.8697 28.5796 17.9
    endloop
  endfacet
  facet normal 0.194891 -0.980825 0
    outer loop
      vertex 54.9467 28.5949 17.9
      vertex 54.8697 28.5796 15.5
      vertex 54.9467 28.5949 15.5
    endloop
  endfacet
  facet normal -0.946625 -0.322337 0
    outer loop
      vertex 68.6046 28.1553 15.5
      vertex 68.5793 28.2296 17.9
      vertex 68.5793 28.2296 15.5
    endloop
  endfacet
  facet normal -0.946625 -0.322337 0
    outer loop
      vertex 68.5793 28.2296 17.9
      vertex 68.6046 28.1553 15.5
      vertex 68.6046 28.1553 17.9
    endloop
  endfacet
  facet normal -0.322337 -0.946625 0
    outer loop
      vertex 68.1803 28.5796 15.5
      vertex 68.2546 28.5543 17.9
      vertex 68.1803 28.5796 17.9
    endloop
  endfacet
  facet normal -0.322337 -0.946625 -0
    outer loop
      vertex 68.2546 28.5543 17.9
      vertex 68.1803 28.5796 15.5
      vertex 68.2546 28.5543 15.5
    endloop
  endfacet
  facet normal -0.659046 -0.752103 0
    outer loop
      vertex 68.3903 28.476 15.5
      vertex 68.4493 28.4243 17.9
      vertex 68.3903 28.476 17.9
    endloop
  endfacet
  facet normal -0.659046 -0.752103 -0
    outer loop
      vertex 68.4493 28.4243 17.9
      vertex 68.3903 28.476 15.5
      vertex 68.4493 28.4243 15.5
    endloop
  endfacet
  facet normal -0.194891 -0.980825 0
    outer loop
      vertex 68.1033 28.5949 15.5
      vertex 68.1803 28.5796 17.9
      vertex 68.1033 28.5949 17.9
    endloop
  endfacet
  facet normal -0.194891 -0.980825 -0
    outer loop
      vertex 68.1803 28.5796 17.9
      vertex 68.1033 28.5949 15.5
      vertex 68.1803 28.5796 15.5
    endloop
  endfacet
  facet normal -0.752656 -0.658414 0
    outer loop
      vertex 68.501 28.3652 15.5
      vertex 68.4493 28.4243 17.9
      vertex 68.4493 28.4243 15.5
    endloop
  endfacet
  facet normal -0.752656 -0.658414 0
    outer loop
      vertex 68.4493 28.4243 17.9
      vertex 68.501 28.3652 15.5
      vertex 68.501 28.3652 17.9
    endloop
  endfacet
  facet normal -0.831265 0.555877 0
    outer loop
      vertex 68.501 14.6348 15.5
      vertex 68.5446 14.7 17.9
      vertex 68.5446 14.7 15.5
    endloop
  endfacet
  facet normal -0.831265 0.555877 0
    outer loop
      vertex 68.5446 14.7 17.9
      vertex 68.501 14.6348 15.5
      vertex 68.501 14.6348 17.9
    endloop
  endfacet
  facet normal 0.831265 0.555877 0
    outer loop
      vertex 54.549 14.6348 17.9
      vertex 54.5054 14.7 15.5
      vertex 54.5054 14.7 17.9
    endloop
  endfacet
  facet normal 0.831265 0.555877 0
    outer loop
      vertex 54.5054 14.7 15.5
      vertex 54.549 14.6348 17.9
      vertex 54.549 14.6348 15.5
    endloop
  endfacet
  facet normal 0.555877 -0.831265 0
    outer loop
      vertex 54.6598 28.476 15.5
      vertex 54.725 28.5196 17.9
      vertex 54.6598 28.476 17.9
    endloop
  endfacet
  facet normal 0.555877 -0.831265 0
    outer loop
      vertex 54.725 28.5196 17.9
      vertex 54.6598 28.476 15.5
      vertex 54.725 28.5196 15.5
    endloop
  endfacet
  facet normal -0.946625 0.322337 0
    outer loop
      vertex 68.5793 14.7704 15.5
      vertex 68.6046 14.8447 17.9
      vertex 68.6046 14.8447 15.5
    endloop
  endfacet
  facet normal -0.946625 0.322337 0
    outer loop
      vertex 68.6046 14.8447 17.9
      vertex 68.5793 14.7704 15.5
      vertex 68.5793 14.7704 17.9
    endloop
  endfacet
  facet normal 0.752656 0.658414 0
    outer loop
      vertex 54.6007 14.5757 17.9
      vertex 54.549 14.6348 15.5
      vertex 54.549 14.6348 17.9
    endloop
  endfacet
  facet normal 0.752656 0.658414 0
    outer loop
      vertex 54.549 14.6348 15.5
      vertex 54.6007 14.5757 17.9
      vertex 54.6007 14.5757 15.5
    endloop
  endfacet
  facet normal -0.752656 0.658414 0
    outer loop
      vertex 68.4493 14.5757 15.5
      vertex 68.501 14.6348 17.9
      vertex 68.501 14.6348 15.5
    endloop
  endfacet
  facet normal -0.752656 0.658414 0
    outer loop
      vertex 68.501 14.6348 17.9
      vertex 68.4493 14.5757 15.5
      vertex 68.4493 14.5757 17.9
    endloop
  endfacet
  facet normal -0.997886 -0.0649964 0
    outer loop
      vertex 68.625 28 15.5
      vertex 68.6199 28.0783 17.9
      vertex 68.6199 28.0783 15.5
    endloop
  endfacet
  facet normal -0.997886 -0.0649964 0
    outer loop
      vertex 68.6199 28.0783 17.9
      vertex 68.625 28 15.5
      vertex 68.625 28 17.9
    endloop
  endfacet
  facet normal 0.997886 -0.0649964 0
    outer loop
      vertex 54.425 28 17.9
      vertex 54.4301 28.0783 15.5
      vertex 54.4301 28.0783 17.9
    endloop
  endfacet
  facet normal 0.997886 -0.0649964 0
    outer loop
      vertex 54.4301 28.0783 15.5
      vertex 54.425 28 17.9
      vertex 54.425 28 15.5
    endloop
  endfacet
  facet normal -0.659046 0.752103 0
    outer loop
      vertex 68.4493 14.5757 15.5
      vertex 68.3903 14.524 17.9
      vertex 68.4493 14.5757 17.9
    endloop
  endfacet
  facet normal -0.659046 0.752103 0
    outer loop
      vertex 68.3903 14.524 17.9
      vertex 68.4493 14.5757 15.5
      vertex 68.3903 14.524 15.5
    endloop
  endfacet
  facet normal 0.997886 0.0649964 0
    outer loop
      vertex 54.4301 14.9217 17.9
      vertex 54.425 15 15.5
      vertex 54.425 15 17.9
    endloop
  endfacet
  facet normal 0.997886 0.0649964 0
    outer loop
      vertex 54.425 15 15.5
      vertex 54.4301 14.9217 17.9
      vertex 54.4301 14.9217 15.5
    endloop
  endfacet
  facet normal -0.980825 0.194891 0
    outer loop
      vertex 68.6046 14.8447 15.5
      vertex 68.6199 14.9217 17.9
      vertex 68.6199 14.9217 15.5
    endloop
  endfacet
  facet normal -0.980825 0.194891 0
    outer loop
      vertex 68.6199 14.9217 17.9
      vertex 68.6046 14.8447 15.5
      vertex 68.6046 14.8447 17.9
    endloop
  endfacet
  facet normal -0.997886 0.0649964 0
    outer loop
      vertex 68.6199 14.9217 15.5
      vertex 68.625 15 17.9
      vertex 68.625 15 15.5
    endloop
  endfacet
  facet normal -0.997886 0.0649964 0
    outer loop
      vertex 68.625 15 17.9
      vertex 68.6199 14.9217 15.5
      vertex 68.6199 14.9217 17.9
    endloop
  endfacet
  facet normal -0.44211 0.896961 0
    outer loop
      vertex 68.325 14.4804 15.5
      vertex 68.2546 14.4457 17.9
      vertex 68.325 14.4804 17.9
    endloop
  endfacet
  facet normal -0.44211 0.896961 0
    outer loop
      vertex 68.2546 14.4457 17.9
      vertex 68.325 14.4804 15.5
      vertex 68.2546 14.4457 15.5
    endloop
  endfacet
  facet normal -0.555288 0.831658 0
    outer loop
      vertex 68.3903 14.524 15.5
      vertex 68.325 14.4804 17.9
      vertex 68.3903 14.524 17.9
    endloop
  endfacet
  facet normal -0.555288 0.831658 0
    outer loop
      vertex 68.325 14.4804 17.9
      vertex 68.3903 14.524 15.5
      vertex 68.325 14.4804 15.5
    endloop
  endfacet
  facet normal -0.322337 0.946625 0
    outer loop
      vertex 68.2546 33.4957 15.5
      vertex 68.1803 33.4704 17.9
      vertex 68.2546 33.4957 17.9
    endloop
  endfacet
  facet normal -0.322337 0.946625 0
    outer loop
      vertex 68.1803 33.4704 17.9
      vertex 68.2546 33.4957 15.5
      vertex 68.1803 33.4704 15.5
    endloop
  endfacet
  facet normal -0.896961 0.44211 0
    outer loop
      vertex 68.5446 33.75 15.5
      vertex 68.5793 33.8204 17.9
      vertex 68.5793 33.8204 15.5
    endloop
  endfacet
  facet normal -0.896961 0.44211 0
    outer loop
      vertex 68.5793 33.8204 17.9
      vertex 68.5446 33.75 15.5
      vertex 68.5446 33.75 17.9
    endloop
  endfacet
  facet normal 0 1 -0
    outer loop
      vertex 68.025 33.45 15.5
      vertex 55.025 33.45 17.9
      vertex 68.025 33.45 17.9
    endloop
  endfacet
  facet normal 0 1 0
    outer loop
      vertex 55.025 33.45 17.9
      vertex 68.025 33.45 15.5
      vertex 55.025 33.45 15.5
    endloop
  endfacet
  facet normal -0.194891 0.980825 0
    outer loop
      vertex 68.1803 33.4704 15.5
      vertex 68.1033 33.4551 17.9
      vertex 68.1803 33.4704 17.9
    endloop
  endfacet
  facet normal -0.194891 0.980825 0
    outer loop
      vertex 68.1033 33.4551 17.9
      vertex 68.1803 33.4704 15.5
      vertex 68.1033 33.4551 15.5
    endloop
  endfacet
  facet normal -0.0649964 -0.997886 0
    outer loop
      vertex 68.025 47.65 15.5
      vertex 68.1033 47.6449 17.9
      vertex 68.025 47.65 17.9
    endloop
  endfacet
  facet normal -0.0649964 -0.997886 -0
    outer loop
      vertex 68.1033 47.6449 17.9
      vertex 68.025 47.65 15.5
      vertex 68.1033 47.6449 15.5
    endloop
  endfacet
  facet normal 0.980825 0.194891 0
    outer loop
      vertex 54.4454 33.8947 17.9
      vertex 54.4301 33.9717 15.5
      vertex 54.4301 33.9717 17.9
    endloop
  endfacet
  facet normal 0.980825 0.194891 0
    outer loop
      vertex 54.4301 33.9717 15.5
      vertex 54.4454 33.8947 17.9
      vertex 54.4454 33.8947 15.5
    endloop
  endfacet
  facet normal -0.0649964 0.997886 0
    outer loop
      vertex 68.1033 33.4551 15.5
      vertex 68.025 33.45 17.9
      vertex 68.1033 33.4551 17.9
    endloop
  endfacet
  facet normal -0.0649964 0.997886 0
    outer loop
      vertex 68.025 33.45 17.9
      vertex 68.1033 33.4551 15.5
      vertex 68.025 33.45 15.5
    endloop
  endfacet
  facet normal 0.44211 0.896961 -0
    outer loop
      vertex 54.7954 33.4957 15.5
      vertex 54.725 33.5304 17.9
      vertex 54.7954 33.4957 17.9
    endloop
  endfacet
  facet normal 0.44211 0.896961 0
    outer loop
      vertex 54.725 33.5304 17.9
      vertex 54.7954 33.4957 15.5
      vertex 54.725 33.5304 15.5
    endloop
  endfacet
  facet normal 0.658414 0.752656 -0
    outer loop
      vertex 54.6598 33.574 15.5
      vertex 54.6007 33.6257 17.9
      vertex 54.6598 33.574 17.9
    endloop
  endfacet
  facet normal 0.658414 0.752656 0
    outer loop
      vertex 54.6007 33.6257 17.9
      vertex 54.6598 33.574 15.5
      vertex 54.6007 33.6257 15.5
    endloop
  endfacet
  facet normal -0.896961 -0.44211 0
    outer loop
      vertex 68.5793 47.2796 15.5
      vertex 68.5446 47.35 17.9
      vertex 68.5446 47.35 15.5
    endloop
  endfacet
  facet normal -0.896961 -0.44211 0
    outer loop
      vertex 68.5446 47.35 17.9
      vertex 68.5793 47.2796 15.5
      vertex 68.5793 47.2796 17.9
    endloop
  endfacet
  facet normal 0.555877 0.831265 -0
    outer loop
      vertex 54.725 33.5304 15.5
      vertex 54.6598 33.574 17.9
      vertex 54.725 33.5304 17.9
    endloop
  endfacet
  facet normal 0.555877 0.831265 0
    outer loop
      vertex 54.6598 33.574 17.9
      vertex 54.725 33.5304 15.5
      vertex 54.6598 33.574 15.5
    endloop
  endfacet
  facet normal 0.658414 -0.752656 0
    outer loop
      vertex 54.6007 47.4743 15.5
      vertex 54.6598 47.526 17.9
      vertex 54.6007 47.4743 17.9
    endloop
  endfacet
  facet normal 0.658414 -0.752656 0
    outer loop
      vertex 54.6598 47.526 17.9
      vertex 54.6007 47.4743 15.5
      vertex 54.6598 47.526 15.5
    endloop
  endfacet
  facet normal 0.896961 0.44211 0
    outer loop
      vertex 54.5054 33.75 17.9
      vertex 54.4707 33.8204 15.5
      vertex 54.4707 33.8204 17.9
    endloop
  endfacet
  facet normal 0.896961 0.44211 0
    outer loop
      vertex 54.4707 33.8204 15.5
      vertex 54.5054 33.75 17.9
      vertex 54.5054 33.75 15.5
    endloop
  endfacet
  facet normal -1 0 0
    outer loop
      vertex 68.625 34.05 15.5
      vertex 68.625 47.05 17.9
      vertex 68.625 47.05 15.5
    endloop
  endfacet
  facet normal -1 -0 0
    outer loop
      vertex 68.625 47.05 17.9
      vertex 68.625 34.05 15.5
      vertex 68.625 34.05 17.9
    endloop
  endfacet
  facet normal -0.44211 -0.896961 0
    outer loop
      vertex 68.2546 47.6043 15.5
      vertex 68.325 47.5696 17.9
      vertex 68.2546 47.6043 17.9
    endloop
  endfacet
  facet normal -0.44211 -0.896961 -0
    outer loop
      vertex 68.325 47.5696 17.9
      vertex 68.2546 47.6043 15.5
      vertex 68.325 47.5696 15.5
    endloop
  endfacet
  facet normal 1 -0 0
    outer loop
      vertex 54.425 34.05 17.9
      vertex 54.425 47.05 15.5
      vertex 54.425 47.05 17.9
    endloop
  endfacet
  facet normal 1 0 0
    outer loop
      vertex 54.425 47.05 15.5
      vertex 54.425 34.05 17.9
      vertex 54.425 34.05 15.5
    endloop
  endfacet
  facet normal 0.44211 -0.896961 0
    outer loop
      vertex 54.725 47.5696 15.5
      vertex 54.7954 47.6043 17.9
      vertex 54.725 47.5696 17.9
    endloop
  endfacet
  facet normal 0.44211 -0.896961 0
    outer loop
      vertex 54.7954 47.6043 17.9
      vertex 54.725 47.5696 15.5
      vertex 54.7954 47.6043 15.5
    endloop
  endfacet
  facet normal 0.946625 0.322337 0
    outer loop
      vertex 54.4707 33.8204 17.9
      vertex 54.4454 33.8947 15.5
      vertex 54.4454 33.8947 17.9
    endloop
  endfacet
  facet normal 0.946625 0.322337 0
    outer loop
      vertex 54.4454 33.8947 15.5
      vertex 54.4707 33.8204 17.9
      vertex 54.4707 33.8204 15.5
    endloop
  endfacet
  facet normal 0.322337 0.946625 -0
    outer loop
      vertex 54.8697 33.4704 15.5
      vertex 54.7954 33.4957 17.9
      vertex 54.8697 33.4704 17.9
    endloop
  endfacet
  facet normal 0.322337 0.946625 0
    outer loop
      vertex 54.7954 33.4957 17.9
      vertex 54.8697 33.4704 15.5
      vertex 54.7954 33.4957 15.5
    endloop
  endfacet
  facet normal 0.0649964 0.997886 -0
    outer loop
      vertex 55.025 33.45 15.5
      vertex 54.9467 33.4551 17.9
      vertex 55.025 33.45 17.9
    endloop
  endfacet
  facet normal 0.0649964 0.997886 0
    outer loop
      vertex 54.9467 33.4551 17.9
      vertex 55.025 33.45 15.5
      vertex 54.9467 33.4551 15.5
    endloop
  endfacet
  facet normal -0.980825 -0.194891 0
    outer loop
      vertex 68.6199 47.1283 15.5
      vertex 68.6046 47.2053 17.9
      vertex 68.6046 47.2053 15.5
    endloop
  endfacet
  facet normal -0.980825 -0.194891 0
    outer loop
      vertex 68.6046 47.2053 17.9
      vertex 68.6199 47.1283 15.5
      vertex 68.6199 47.1283 17.9
    endloop
  endfacet
  facet normal -0.555288 -0.831658 0
    outer loop
      vertex 68.325 47.5696 15.5
      vertex 68.3903 47.526 17.9
      vertex 68.325 47.5696 17.9
    endloop
  endfacet
  facet normal -0.555288 -0.831658 -0
    outer loop
      vertex 68.3903 47.526 17.9
      vertex 68.325 47.5696 15.5
      vertex 68.3903 47.526 15.5
    endloop
  endfacet
  facet normal 0.946625 -0.322337 0
    outer loop
      vertex 54.4454 47.2053 17.9
      vertex 54.4707 47.2796 15.5
      vertex 54.4707 47.2796 17.9
    endloop
  endfacet
  facet normal 0.946625 -0.322337 0
    outer loop
      vertex 54.4707 47.2796 15.5
      vertex 54.4454 47.2053 17.9
      vertex 54.4454 47.2053 15.5
    endloop
  endfacet
  facet normal -0.831265 -0.555877 0
    outer loop
      vertex 68.5446 47.35 15.5
      vertex 68.501 47.4152 17.9
      vertex 68.501 47.4152 15.5
    endloop
  endfacet
  facet normal -0.831265 -0.555877 0
    outer loop
      vertex 68.501 47.4152 17.9
      vertex 68.5446 47.35 15.5
      vertex 68.5446 47.35 17.9
    endloop
  endfacet
  facet normal 0 -1 0
    outer loop
      vertex 55.025 47.65 15.5
      vertex 68.025 47.65 17.9
      vertex 55.025 47.65 17.9
    endloop
  endfacet
  facet normal 0 -1 -0
    outer loop
      vertex 68.025 47.65 17.9
      vertex 55.025 47.65 15.5
      vertex 68.025 47.65 15.5
    endloop
  endfacet
  facet normal 0.980825 -0.194891 0
    outer loop
      vertex 54.4301 47.1283 17.9
      vertex 54.4454 47.2053 15.5
      vertex 54.4454 47.2053 17.9
    endloop
  endfacet
  facet normal 0.980825 -0.194891 0
    outer loop
      vertex 54.4454 47.2053 15.5
      vertex 54.4301 47.1283 17.9
      vertex 54.4301 47.1283 15.5
    endloop
  endfacet
  facet normal 0.194891 0.980825 -0
    outer loop
      vertex 54.9467 33.4551 15.5
      vertex 54.8697 33.4704 17.9
      vertex 54.9467 33.4551 17.9
    endloop
  endfacet
  facet normal 0.194891 0.980825 0
    outer loop
      vertex 54.8697 33.4704 17.9
      vertex 54.9467 33.4551 15.5
      vertex 54.8697 33.4704 15.5
    endloop
  endfacet
  facet normal 0.322337 -0.946625 0
    outer loop
      vertex 54.7954 47.6043 15.5
      vertex 54.8697 47.6296 17.9
      vertex 54.7954 47.6043 17.9
    endloop
  endfacet
  facet normal 0.322337 -0.946625 0
    outer loop
      vertex 54.8697 47.6296 17.9
      vertex 54.7954 47.6043 15.5
      vertex 54.8697 47.6296 15.5
    endloop
  endfacet
  facet normal 0.896961 -0.44211 0
    outer loop
      vertex 54.4707 47.2796 17.9
      vertex 54.5054 47.35 15.5
      vertex 54.5054 47.35 17.9
    endloop
  endfacet
  facet normal 0.896961 -0.44211 0
    outer loop
      vertex 54.5054 47.35 15.5
      vertex 54.4707 47.2796 17.9
      vertex 54.4707 47.2796 15.5
    endloop
  endfacet
  facet normal 0.831265 -0.555877 0
    outer loop
      vertex 54.5054 47.35 17.9
      vertex 54.549 47.4152 15.5
      vertex 54.549 47.4152 17.9
    endloop
  endfacet
  facet normal 0.831265 -0.555877 0
    outer loop
      vertex 54.549 47.4152 15.5
      vertex 54.5054 47.35 17.9
      vertex 54.5054 47.35 15.5
    endloop
  endfacet
  facet normal 0.0649964 -0.997886 0
    outer loop
      vertex 54.9467 47.6449 15.5
      vertex 55.025 47.65 17.9
      vertex 54.9467 47.6449 17.9
    endloop
  endfacet
  facet normal 0.0649964 -0.997886 0
    outer loop
      vertex 55.025 47.65 17.9
      vertex 54.9467 47.6449 15.5
      vertex 55.025 47.65 15.5
    endloop
  endfacet
  facet normal -0.980825 0.194891 0
    outer loop
      vertex 68.6046 33.8947 15.5
      vertex 68.6199 33.9717 17.9
      vertex 68.6199 33.9717 15.5
    endloop
  endfacet
  facet normal -0.980825 0.194891 0
    outer loop
      vertex 68.6199 33.9717 17.9
      vertex 68.6046 33.8947 15.5
      vertex 68.6046 33.8947 17.9
    endloop
  endfacet
  facet normal 0.752656 -0.658414 0
    outer loop
      vertex 54.549 47.4152 17.9
      vertex 54.6007 47.4743 15.5
      vertex 54.6007 47.4743 17.9
    endloop
  endfacet
  facet normal 0.752656 -0.658414 0
    outer loop
      vertex 54.6007 47.4743 15.5
      vertex 54.549 47.4152 17.9
      vertex 54.549 47.4152 15.5
    endloop
  endfacet
  facet normal 0.194891 -0.980825 0
    outer loop
      vertex 54.8697 47.6296 15.5
      vertex 54.9467 47.6449 17.9
      vertex 54.8697 47.6296 17.9
    endloop
  endfacet
  facet normal 0.194891 -0.980825 0
    outer loop
      vertex 54.9467 47.6449 17.9
      vertex 54.8697 47.6296 15.5
      vertex 54.9467 47.6449 15.5
    endloop
  endfacet
  facet normal -0.946625 -0.322337 0
    outer loop
      vertex 68.6046 47.2053 15.5
      vertex 68.5793 47.2796 17.9
      vertex 68.5793 47.2796 15.5
    endloop
  endfacet
  facet normal -0.946625 -0.322337 0
    outer loop
      vertex 68.5793 47.2796 17.9
      vertex 68.6046 47.2053 15.5
      vertex 68.6046 47.2053 17.9
    endloop
  endfacet
  facet normal -0.322337 -0.946625 0
    outer loop
      vertex 68.1803 47.6296 15.5
      vertex 68.2546 47.6043 17.9
      vertex 68.1803 47.6296 17.9
    endloop
  endfacet
  facet normal -0.322337 -0.946625 -0
    outer loop
      vertex 68.2546 47.6043 17.9
      vertex 68.1803 47.6296 15.5
      vertex 68.2546 47.6043 15.5
    endloop
  endfacet
  facet normal -0.659046 -0.752103 0
    outer loop
      vertex 68.3903 47.526 15.5
      vertex 68.4493 47.4743 17.9
      vertex 68.3903 47.526 17.9
    endloop
  endfacet
  facet normal -0.659046 -0.752103 -0
    outer loop
      vertex 68.4493 47.4743 17.9
      vertex 68.3903 47.526 15.5
      vertex 68.4493 47.4743 15.5
    endloop
  endfacet
  facet normal -0.194891 -0.980825 0
    outer loop
      vertex 68.1033 47.6449 15.5
      vertex 68.1803 47.6296 17.9
      vertex 68.1033 47.6449 17.9
    endloop
  endfacet
  facet normal -0.194891 -0.980825 -0
    outer loop
      vertex 68.1803 47.6296 17.9
      vertex 68.1033 47.6449 15.5
      vertex 68.1803 47.6296 15.5
    endloop
  endfacet
  facet normal -0.752656 -0.658414 0
    outer loop
      vertex 68.501 47.4152 15.5
      vertex 68.4493 47.4743 17.9
      vertex 68.4493 47.4743 15.5
    endloop
  endfacet
  facet normal -0.752656 -0.658414 0
    outer loop
      vertex 68.4493 47.4743 17.9
      vertex 68.501 47.4152 15.5
      vertex 68.501 47.4152 17.9
    endloop
  endfacet
  facet normal -0.831658 0.555288 0
    outer loop
      vertex 68.501 33.6847 15.5
      vertex 68.5446 33.75 17.9
      vertex 68.5446 33.75 15.5
    endloop
  endfacet
  facet normal -0.831658 0.555288 0
    outer loop
      vertex 68.5446 33.75 17.9
      vertex 68.501 33.6847 15.5
      vertex 68.501 33.6847 17.9
    endloop
  endfacet
  facet normal 0.831658 0.555288 0
    outer loop
      vertex 54.549 33.6847 17.9
      vertex 54.5054 33.75 15.5
      vertex 54.5054 33.75 17.9
    endloop
  endfacet
  facet normal 0.831658 0.555288 0
    outer loop
      vertex 54.5054 33.75 15.5
      vertex 54.549 33.6847 17.9
      vertex 54.549 33.6847 15.5
    endloop
  endfacet
  facet normal -0.946625 0.322337 0
    outer loop
      vertex 68.5793 33.8204 15.5
      vertex 68.6046 33.8947 17.9
      vertex 68.6046 33.8947 15.5
    endloop
  endfacet
  facet normal -0.946625 0.322337 0
    outer loop
      vertex 68.6046 33.8947 17.9
      vertex 68.5793 33.8204 15.5
      vertex 68.5793 33.8204 17.9
    endloop
  endfacet
  facet normal 0.555877 -0.831265 0
    outer loop
      vertex 54.6598 47.526 15.5
      vertex 54.725 47.5696 17.9
      vertex 54.6598 47.526 17.9
    endloop
  endfacet
  facet normal 0.555877 -0.831265 0
    outer loop
      vertex 54.725 47.5696 17.9
      vertex 54.6598 47.526 15.5
      vertex 54.725 47.5696 15.5
    endloop
  endfacet
  facet normal 0.752103 0.659046 0
    outer loop
      vertex 54.6007 33.6257 17.9
      vertex 54.549 33.6847 15.5
      vertex 54.549 33.6847 17.9
    endloop
  endfacet
  facet normal 0.752103 0.659046 0
    outer loop
      vertex 54.549 33.6847 15.5
      vertex 54.6007 33.6257 17.9
      vertex 54.6007 33.6257 15.5
    endloop
  endfacet
  facet normal -0.752103 0.659046 0
    outer loop
      vertex 68.4493 33.6257 15.5
      vertex 68.501 33.6847 17.9
      vertex 68.501 33.6847 15.5
    endloop
  endfacet
  facet normal -0.752103 0.659046 0
    outer loop
      vertex 68.501 33.6847 17.9
      vertex 68.4493 33.6257 15.5
      vertex 68.4493 33.6257 17.9
    endloop
  endfacet
  facet normal -0.997886 -0.0649964 0
    outer loop
      vertex 68.625 47.05 15.5
      vertex 68.6199 47.1283 17.9
      vertex 68.6199 47.1283 15.5
    endloop
  endfacet
  facet normal -0.997886 -0.0649964 0
    outer loop
      vertex 68.6199 47.1283 17.9
      vertex 68.625 47.05 15.5
      vertex 68.625 47.05 17.9
    endloop
  endfacet
  facet normal 0.997886 -0.0649964 0
    outer loop
      vertex 54.425 47.05 17.9
      vertex 54.4301 47.1283 15.5
      vertex 54.4301 47.1283 17.9
    endloop
  endfacet
  facet normal 0.997886 -0.0649964 0
    outer loop
      vertex 54.4301 47.1283 15.5
      vertex 54.425 47.05 17.9
      vertex 54.425 47.05 15.5
    endloop
  endfacet
  facet normal -0.659046 0.752103 0
    outer loop
      vertex 68.4493 33.6257 15.5
      vertex 68.3903 33.574 17.9
      vertex 68.4493 33.6257 17.9
    endloop
  endfacet
  facet normal -0.659046 0.752103 0
    outer loop
      vertex 68.3903 33.574 17.9
      vertex 68.4493 33.6257 15.5
      vertex 68.3903 33.574 15.5
    endloop
  endfacet
  facet normal 0.997886 0.0649964 0
    outer loop
      vertex 54.4301 33.9717 17.9
      vertex 54.425 34.05 15.5
      vertex 54.425 34.05 17.9
    endloop
  endfacet
  facet normal 0.997886 0.0649964 0
    outer loop
      vertex 54.425 34.05 15.5
      vertex 54.4301 33.9717 17.9
      vertex 54.4301 33.9717 15.5
    endloop
  endfacet
  facet normal -0.997886 0.0649964 0
    outer loop
      vertex 68.6199 33.9717 15.5
      vertex 68.625 34.05 17.9
      vertex 68.625 34.05 15.5
    endloop
  endfacet
  facet normal -0.997886 0.0649964 0
    outer loop
      vertex 68.625 34.05 17.9
      vertex 68.6199 33.9717 15.5
      vertex 68.6199 33.9717 17.9
    endloop
  endfacet
  facet normal -0.44211 0.896961 0
    outer loop
      vertex 68.325 33.5304 15.5
      vertex 68.2546 33.4957 17.9
      vertex 68.325 33.5304 17.9
    endloop
  endfacet
  facet normal -0.44211 0.896961 0
    outer loop
      vertex 68.2546 33.4957 17.9
      vertex 68.325 33.5304 15.5
      vertex 68.2546 33.4957 15.5
    endloop
  endfacet
  facet normal -0.555288 0.831658 0
    outer loop
      vertex 68.3903 33.574 15.5
      vertex 68.325 33.5304 17.9
      vertex 68.3903 33.574 17.9
    endloop
  endfacet
  facet normal -0.555288 0.831658 0
    outer loop
      vertex 68.325 33.5304 17.9
      vertex 68.3903 33.574 15.5
      vertex 68.325 33.5304 15.5
    endloop
  endfacet
  facet normal -0.322337 0.946625 0
    outer loop
      vertex 68.2546 52.5457 15.5
      vertex 68.1803 52.5204 17.9
      vertex 68.2546 52.5457 17.9
    endloop
  endfacet
  facet normal -0.322337 0.946625 0
    outer loop
      vertex 68.1803 52.5204 17.9
      vertex 68.2546 52.5457 15.5
      vertex 68.1803 52.5204 15.5
    endloop
  endfacet
  facet normal -0.896961 0.44211 0
    outer loop
      vertex 68.5446 52.8 15.5
      vertex 68.5793 52.8704 17.9
      vertex 68.5793 52.8704 15.5
    endloop
  endfacet
  facet normal -0.896961 0.44211 0
    outer loop
      vertex 68.5793 52.8704 17.9
      vertex 68.5446 52.8 15.5
      vertex 68.5446 52.8 17.9
    endloop
  endfacet
  facet normal 0 1 -0
    outer loop
      vertex 68.025 52.5 15.5
      vertex 55.025 52.5 17.9
      vertex 68.025 52.5 17.9
    endloop
  endfacet
  facet normal 0 1 0
    outer loop
      vertex 55.025 52.5 17.9
      vertex 68.025 52.5 15.5
      vertex 55.025 52.5 15.5
    endloop
  endfacet
  facet normal -0.194891 0.980825 0
    outer loop
      vertex 68.1803 52.5204 15.5
      vertex 68.1033 52.5051 17.9
      vertex 68.1803 52.5204 17.9
    endloop
  endfacet
  facet normal -0.194891 0.980825 0
    outer loop
      vertex 68.1033 52.5051 17.9
      vertex 68.1803 52.5204 15.5
      vertex 68.1033 52.5051 15.5
    endloop
  endfacet
  facet normal -0.0649964 -0.997886 0
    outer loop
      vertex 68.025 66.7 15.5
      vertex 68.1033 66.6949 17.9
      vertex 68.025 66.7 17.9
    endloop
  endfacet
  facet normal -0.0649964 -0.997886 -0
    outer loop
      vertex 68.1033 66.6949 17.9
      vertex 68.025 66.7 15.5
      vertex 68.1033 66.6949 15.5
    endloop
  endfacet
  facet normal 0.980825 0.194891 0
    outer loop
      vertex 54.4454 52.9447 17.9
      vertex 54.4301 53.0217 15.5
      vertex 54.4301 53.0217 17.9
    endloop
  endfacet
  facet normal 0.980825 0.194891 0
    outer loop
      vertex 54.4301 53.0217 15.5
      vertex 54.4454 52.9447 17.9
      vertex 54.4454 52.9447 15.5
    endloop
  endfacet
  facet normal -0.0649964 0.997886 0
    outer loop
      vertex 68.1033 52.5051 15.5
      vertex 68.025 52.5 17.9
      vertex 68.1033 52.5051 17.9
    endloop
  endfacet
  facet normal -0.0649964 0.997886 0
    outer loop
      vertex 68.025 52.5 17.9
      vertex 68.1033 52.5051 15.5
      vertex 68.025 52.5 15.5
    endloop
  endfacet
  facet normal 0.44211 0.896961 -0
    outer loop
      vertex 54.7954 52.5457 15.5
      vertex 54.725 52.5804 17.9
      vertex 54.7954 52.5457 17.9
    endloop
  endfacet
  facet normal 0.44211 0.896961 0
    outer loop
      vertex 54.725 52.5804 17.9
      vertex 54.7954 52.5457 15.5
      vertex 54.725 52.5804 15.5
    endloop
  endfacet
  facet normal 0.658414 0.752656 -0
    outer loop
      vertex 54.6598 52.624 15.5
      vertex 54.6007 52.6757 17.9
      vertex 54.6598 52.624 17.9
    endloop
  endfacet
  facet normal 0.658414 0.752656 0
    outer loop
      vertex 54.6007 52.6757 17.9
      vertex 54.6598 52.624 15.5
      vertex 54.6007 52.6757 15.5
    endloop
  endfacet
  facet normal -0.896961 -0.44211 0
    outer loop
      vertex 68.5793 66.3296 15.5
      vertex 68.5446 66.4 17.9
      vertex 68.5446 66.4 15.5
    endloop
  endfacet
  facet normal -0.896961 -0.44211 0
    outer loop
      vertex 68.5446 66.4 17.9
      vertex 68.5793 66.3296 15.5
      vertex 68.5793 66.3296 17.9
    endloop
  endfacet
  facet normal 0.555877 0.831265 -0
    outer loop
      vertex 54.725 52.5804 15.5
      vertex 54.6598 52.624 17.9
      vertex 54.725 52.5804 17.9
    endloop
  endfacet
  facet normal 0.555877 0.831265 0
    outer loop
      vertex 54.6598 52.624 17.9
      vertex 54.725 52.5804 15.5
      vertex 54.6598 52.624 15.5
    endloop
  endfacet
  facet normal 0.658414 -0.752656 0
    outer loop
      vertex 54.6007 66.5243 15.5
      vertex 54.6598 66.576 17.9
      vertex 54.6007 66.5243 17.9
    endloop
  endfacet
  facet normal 0.658414 -0.752656 0
    outer loop
      vertex 54.6598 66.576 17.9
      vertex 54.6007 66.5243 15.5
      vertex 54.6598 66.576 15.5
    endloop
  endfacet
  facet normal 0.896961 0.44211 0
    outer loop
      vertex 54.5054 52.8 17.9
      vertex 54.4707 52.8704 15.5
      vertex 54.4707 52.8704 17.9
    endloop
  endfacet
  facet normal 0.896961 0.44211 0
    outer loop
      vertex 54.4707 52.8704 15.5
      vertex 54.5054 52.8 17.9
      vertex 54.5054 52.8 15.5
    endloop
  endfacet
  facet normal -1 0 0
    outer loop
      vertex 68.625 53.1 15.5
      vertex 68.625 66.1 17.9
      vertex 68.625 66.1 15.5
    endloop
  endfacet
  facet normal -1 -0 0
    outer loop
      vertex 68.625 66.1 17.9
      vertex 68.625 53.1 15.5
      vertex 68.625 53.1 17.9
    endloop
  endfacet
  facet normal -0.44211 -0.896961 0
    outer loop
      vertex 68.2546 66.6543 15.5
      vertex 68.325 66.6196 17.9
      vertex 68.2546 66.6543 17.9
    endloop
  endfacet
  facet normal -0.44211 -0.896961 -0
    outer loop
      vertex 68.325 66.6196 17.9
      vertex 68.2546 66.6543 15.5
      vertex 68.325 66.6196 15.5
    endloop
  endfacet
  facet normal 1 -0 0
    outer loop
      vertex 54.425 53.1 17.9
      vertex 54.425 66.1 15.5
      vertex 54.425 66.1 17.9
    endloop
  endfacet
  facet normal 1 0 0
    outer loop
      vertex 54.425 66.1 15.5
      vertex 54.425 53.1 17.9
      vertex 54.425 53.1 15.5
    endloop
  endfacet
  facet normal 0.44211 -0.896961 0
    outer loop
      vertex 54.725 66.6196 15.5
      vertex 54.7954 66.6543 17.9
      vertex 54.725 66.6196 17.9
    endloop
  endfacet
  facet normal 0.44211 -0.896961 0
    outer loop
      vertex 54.7954 66.6543 17.9
      vertex 54.725 66.6196 15.5
      vertex 54.7954 66.6543 15.5
    endloop
  endfacet
  facet normal 0.946625 0.322337 0
    outer loop
      vertex 54.4707 52.8704 17.9
      vertex 54.4454 52.9447 15.5
      vertex 54.4454 52.9447 17.9
    endloop
  endfacet
  facet normal 0.946625 0.322337 0
    outer loop
      vertex 54.4454 52.9447 15.5
      vertex 54.4707 52.8704 17.9
      vertex 54.4707 52.8704 15.5
    endloop
  endfacet
  facet normal 0.322337 0.946625 -0
    outer loop
      vertex 54.8697 52.5204 15.5
      vertex 54.7954 52.5457 17.9
      vertex 54.8697 52.5204 17.9
    endloop
  endfacet
  facet normal 0.322337 0.946625 0
    outer loop
      vertex 54.7954 52.5457 17.9
      vertex 54.8697 52.5204 15.5
      vertex 54.7954 52.5457 15.5
    endloop
  endfacet
  facet normal 0.0649964 0.997886 -0
    outer loop
      vertex 55.025 52.5 15.5
      vertex 54.9467 52.5051 17.9
      vertex 55.025 52.5 17.9
    endloop
  endfacet
  facet normal 0.0649964 0.997886 0
    outer loop
      vertex 54.9467 52.5051 17.9
      vertex 55.025 52.5 15.5
      vertex 54.9467 52.5051 15.5
    endloop
  endfacet
  facet normal -0.555288 -0.831658 0
    outer loop
      vertex 68.325 66.6196 15.5
      vertex 68.3903 66.576 17.9
      vertex 68.325 66.6196 17.9
    endloop
  endfacet
  facet normal -0.555288 -0.831658 -0
    outer loop
      vertex 68.3903 66.576 17.9
      vertex 68.325 66.6196 15.5
      vertex 68.3903 66.576 15.5
    endloop
  endfacet
  facet normal 0.946625 -0.322337 0
    outer loop
      vertex 54.4454 66.2553 17.9
      vertex 54.4707 66.3296 15.5
      vertex 54.4707 66.3296 17.9
    endloop
  endfacet
  facet normal 0.946625 -0.322337 0
    outer loop
      vertex 54.4707 66.3296 15.5
      vertex 54.4454 66.2553 17.9
      vertex 54.4454 66.2553 15.5
    endloop
  endfacet
  facet normal -0.831265 -0.555877 0
    outer loop
      vertex 68.5446 66.4 15.5
      vertex 68.501 66.4652 17.9
      vertex 68.501 66.4652 15.5
    endloop
  endfacet
  facet normal -0.831265 -0.555877 0
    outer loop
      vertex 68.501 66.4652 17.9
      vertex 68.5446 66.4 15.5
      vertex 68.5446 66.4 17.9
    endloop
  endfacet
  facet normal 0 -1 0
    outer loop
      vertex 55.025 66.7 15.5
      vertex 68.025 66.7 17.9
      vertex 55.025 66.7 17.9
    endloop
  endfacet
  facet normal 0 -1 -0
    outer loop
      vertex 68.025 66.7 17.9
      vertex 55.025 66.7 15.5
      vertex 68.025 66.7 15.5
    endloop
  endfacet
  facet normal 0.980825 -0.194891 0
    outer loop
      vertex 54.4301 66.1783 17.9
      vertex 54.4454 66.2553 15.5
      vertex 54.4454 66.2553 17.9
    endloop
  endfacet
  facet normal 0.980825 -0.194891 0
    outer loop
      vertex 54.4454 66.2553 15.5
      vertex 54.4301 66.1783 17.9
      vertex 54.4301 66.1783 15.5
    endloop
  endfacet
  facet normal 0.194891 0.980825 -0
    outer loop
      vertex 54.9467 52.5051 15.5
      vertex 54.8697 52.5204 17.9
      vertex 54.9467 52.5051 17.9
    endloop
  endfacet
  facet normal 0.194891 0.980825 0
    outer loop
      vertex 54.8697 52.5204 17.9
      vertex 54.9467 52.5051 15.5
      vertex 54.8697 52.5204 15.5
    endloop
  endfacet
  facet normal 0.322337 -0.946625 0
    outer loop
      vertex 54.7954 66.6543 15.5
      vertex 54.8697 66.6796 17.9
      vertex 54.7954 66.6543 17.9
    endloop
  endfacet
  facet normal 0.322337 -0.946625 0
    outer loop
      vertex 54.8697 66.6796 17.9
      vertex 54.7954 66.6543 15.5
      vertex 54.8697 66.6796 15.5
    endloop
  endfacet
  facet normal 0.896961 -0.44211 0
    outer loop
      vertex 54.4707 66.3296 17.9
      vertex 54.5054 66.4 15.5
      vertex 54.5054 66.4 17.9
    endloop
  endfacet
  facet normal 0.896961 -0.44211 0
    outer loop
      vertex 54.5054 66.4 15.5
      vertex 54.4707 66.3296 17.9
      vertex 54.4707 66.3296 15.5
    endloop
  endfacet
  facet normal 0.831265 -0.555877 0
    outer loop
      vertex 54.5054 66.4 17.9
      vertex 54.549 66.4652 15.5
      vertex 54.549 66.4652 17.9
    endloop
  endfacet
  facet normal 0.831265 -0.555877 0
    outer loop
      vertex 54.549 66.4652 15.5
      vertex 54.5054 66.4 17.9
      vertex 54.5054 66.4 15.5
    endloop
  endfacet
  facet normal 0.0649964 -0.997886 0
    outer loop
      vertex 54.9467 66.6949 15.5
      vertex 55.025 66.7 17.9
      vertex 54.9467 66.6949 17.9
    endloop
  endfacet
  facet normal 0.0649964 -0.997886 0
    outer loop
      vertex 55.025 66.7 17.9
      vertex 54.9467 66.6949 15.5
      vertex 55.025 66.7 15.5
    endloop
  endfacet
  facet normal -0.980825 0.194891 0
    outer loop
      vertex 68.6046 52.9447 15.5
      vertex 68.6199 53.0217 17.9
      vertex 68.6199 53.0217 15.5
    endloop
  endfacet
  facet normal -0.980825 0.194891 0
    outer loop
      vertex 68.6199 53.0217 17.9
      vertex 68.6046 52.9447 15.5
      vertex 68.6046 52.9447 17.9
    endloop
  endfacet
  facet normal 0.752656 -0.658414 0
    outer loop
      vertex 54.549 66.4652 17.9
      vertex 54.6007 66.5243 15.5
      vertex 54.6007 66.5243 17.9
    endloop
  endfacet
  facet normal 0.752656 -0.658414 0
    outer loop
      vertex 54.6007 66.5243 15.5
      vertex 54.549 66.4652 17.9
      vertex 54.549 66.4652 15.5
    endloop
  endfacet
  facet normal 0.194891 -0.980825 0
    outer loop
      vertex 54.8697 66.6796 15.5
      vertex 54.9467 66.6949 17.9
      vertex 54.8697 66.6796 17.9
    endloop
  endfacet
  facet normal 0.194891 -0.980825 0
    outer loop
      vertex 54.9467 66.6949 17.9
      vertex 54.8697 66.6796 15.5
      vertex 54.9467 66.6949 15.5
    endloop
  endfacet
  facet normal -0.946625 -0.322337 0
    outer loop
      vertex 68.6046 66.2553 15.5
      vertex 68.5793 66.3296 17.9
      vertex 68.5793 66.3296 15.5
    endloop
  endfacet
  facet normal -0.946625 -0.322337 0
    outer loop
      vertex 68.5793 66.3296 17.9
      vertex 68.6046 66.2553 15.5
      vertex 68.6046 66.2553 17.9
    endloop
  endfacet
  facet normal -0.322337 -0.946625 0
    outer loop
      vertex 68.1803 66.6796 15.5
      vertex 68.2546 66.6543 17.9
      vertex 68.1803 66.6796 17.9
    endloop
  endfacet
  facet normal -0.322337 -0.946625 -0
    outer loop
      vertex 68.2546 66.6543 17.9
      vertex 68.1803 66.6796 15.5
      vertex 68.2546 66.6543 15.5
    endloop
  endfacet
  facet normal -0.659046 -0.752103 0
    outer loop
      vertex 68.3903 66.576 15.5
      vertex 68.4493 66.5243 17.9
      vertex 68.3903 66.576 17.9
    endloop
  endfacet
  facet normal -0.659046 -0.752103 -0
    outer loop
      vertex 68.4493 66.5243 17.9
      vertex 68.3903 66.576 15.5
      vertex 68.4493 66.5243 15.5
    endloop
  endfacet
  facet normal -0.194891 -0.980825 0
    outer loop
      vertex 68.1033 66.6949 15.5
      vertex 68.1803 66.6796 17.9
      vertex 68.1033 66.6949 17.9
    endloop
  endfacet
  facet normal -0.194891 -0.980825 -0
    outer loop
      vertex 68.1803 66.6796 17.9
      vertex 68.1033 66.6949 15.5
      vertex 68.1803 66.6796 15.5
    endloop
  endfacet
  facet normal -0.752656 -0.658414 0
    outer loop
      vertex 68.501 66.4652 15.5
      vertex 68.4493 66.5243 17.9
      vertex 68.4493 66.5243 15.5
    endloop
  endfacet
  facet normal -0.752656 -0.658414 0
    outer loop
      vertex 68.4493 66.5243 17.9
      vertex 68.501 66.4652 15.5
      vertex 68.501 66.4652 17.9
    endloop
  endfacet
  facet normal -0.831658 0.555288 0
    outer loop
      vertex 68.501 52.7347 15.5
      vertex 68.5446 52.8 17.9
      vertex 68.5446 52.8 15.5
    endloop
  endfacet
  facet normal -0.831658 0.555288 0
    outer loop
      vertex 68.5446 52.8 17.9
      vertex 68.501 52.7347 15.5
      vertex 68.501 52.7347 17.9
    endloop
  endfacet
  facet normal 0.831658 0.555288 0
    outer loop
      vertex 54.549 52.7347 17.9
      vertex 54.5054 52.8 15.5
      vertex 54.5054 52.8 17.9
    endloop
  endfacet
  facet normal 0.831658 0.555288 0
    outer loop
      vertex 54.5054 52.8 15.5
      vertex 54.549 52.7347 17.9
      vertex 54.549 52.7347 15.5
    endloop
  endfacet
  facet normal -0.946625 0.322337 0
    outer loop
      vertex 68.5793 52.8704 15.5
      vertex 68.6046 52.9447 17.9
      vertex 68.6046 52.9447 15.5
    endloop
  endfacet
  facet normal -0.946625 0.322337 0
    outer loop
      vertex 68.6046 52.9447 17.9
      vertex 68.5793 52.8704 15.5
      vertex 68.5793 52.8704 17.9
    endloop
  endfacet
  facet normal 0.555877 -0.831265 0
    outer loop
      vertex 54.6598 66.576 15.5
      vertex 54.725 66.6196 17.9
      vertex 54.6598 66.576 17.9
    endloop
  endfacet
  facet normal 0.555877 -0.831265 0
    outer loop
      vertex 54.725 66.6196 17.9
      vertex 54.6598 66.576 15.5
      vertex 54.725 66.6196 15.5
    endloop
  endfacet
  facet normal 0.752103 0.659046 0
    outer loop
      vertex 54.6007 52.6757 17.9
      vertex 54.549 52.7347 15.5
      vertex 54.549 52.7347 17.9
    endloop
  endfacet
  facet normal 0.752103 0.659046 0
    outer loop
      vertex 54.549 52.7347 15.5
      vertex 54.6007 52.6757 17.9
      vertex 54.6007 52.6757 15.5
    endloop
  endfacet
  facet normal -0.752103 0.659046 0
    outer loop
      vertex 68.4493 52.6757 15.5
      vertex 68.501 52.7347 17.9
      vertex 68.501 52.7347 15.5
    endloop
  endfacet
  facet normal -0.752103 0.659046 0
    outer loop
      vertex 68.501 52.7347 17.9
      vertex 68.4493 52.6757 15.5
      vertex 68.4493 52.6757 17.9
    endloop
  endfacet
  facet normal -0.997886 -0.0649964 0
    outer loop
      vertex 68.625 66.1 15.5
      vertex 68.6199 66.1783 17.9
      vertex 68.6199 66.1783 15.5
    endloop
  endfacet
  facet normal -0.997886 -0.0649964 0
    outer loop
      vertex 68.6199 66.1783 17.9
      vertex 68.625 66.1 15.5
      vertex 68.625 66.1 17.9
    endloop
  endfacet
  facet normal 0.997886 -0.0649964 0
    outer loop
      vertex 54.425 66.1 17.9
      vertex 54.4301 66.1783 15.5
      vertex 54.4301 66.1783 17.9
    endloop
  endfacet
  facet normal 0.997886 -0.0649964 0
    outer loop
      vertex 54.4301 66.1783 15.5
      vertex 54.425 66.1 17.9
      vertex 54.425 66.1 15.5
    endloop
  endfacet
  facet normal -0.659046 0.752103 0
    outer loop
      vertex 68.4493 52.6757 15.5
      vertex 68.3903 52.624 17.9
      vertex 68.4493 52.6757 17.9
    endloop
  endfacet
  facet normal -0.659046 0.752103 0
    outer loop
      vertex 68.3903 52.624 17.9
      vertex 68.4493 52.6757 15.5
      vertex 68.3903 52.624 15.5
    endloop
  endfacet
  facet normal -0.980825 -0.194891 0
    outer loop
      vertex 68.6199 66.1783 15.5
      vertex 68.6046 66.2553 17.9
      vertex 68.6046 66.2553 15.5
    endloop
  endfacet
  facet normal -0.980825 -0.194891 0
    outer loop
      vertex 68.6046 66.2553 17.9
      vertex 68.6199 66.1783 15.5
      vertex 68.6199 66.1783 17.9
    endloop
  endfacet
  facet normal 0.997886 0.0649964 0
    outer loop
      vertex 54.4301 53.0217 17.9
      vertex 54.425 53.1 15.5
      vertex 54.425 53.1 17.9
    endloop
  endfacet
  facet normal 0.997886 0.0649964 0
    outer loop
      vertex 54.425 53.1 15.5
      vertex 54.4301 53.0217 17.9
      vertex 54.4301 53.0217 15.5
    endloop
  endfacet
  facet normal -0.997886 0.0649964 0
    outer loop
      vertex 68.6199 53.0217 15.5
      vertex 68.625 53.1 17.9
      vertex 68.625 53.1 15.5
    endloop
  endfacet
  facet normal -0.997886 0.0649964 0
    outer loop
      vertex 68.625 53.1 17.9
      vertex 68.6199 53.0217 15.5
      vertex 68.6199 53.0217 17.9
    endloop
  endfacet
  facet normal -0.44211 0.896961 0
    outer loop
      vertex 68.325 52.5804 15.5
      vertex 68.2546 52.5457 17.9
      vertex 68.325 52.5804 17.9
    endloop
  endfacet
  facet normal -0.44211 0.896961 0
    outer loop
      vertex 68.2546 52.5457 17.9
      vertex 68.325 52.5804 15.5
      vertex 68.2546 52.5457 15.5
    endloop
  endfacet
  facet normal -0.555288 0.831658 0
    outer loop
      vertex 68.3903 52.624 15.5
      vertex 68.325 52.5804 17.9
      vertex 68.3903 52.624 17.9
    endloop
  endfacet
  facet normal -0.555288 0.831658 0
    outer loop
      vertex 68.325 52.5804 17.9
      vertex 68.3903 52.624 15.5
      vertex 68.325 52.5804 15.5
    endloop
  endfacet
  facet normal -0.322337 0.946625 0
    outer loop
      vertex 87.3046 14.4457 15.5
      vertex 87.2303 14.4204 17.9
      vertex 87.3046 14.4457 17.9
    endloop
  endfacet
  facet normal -0.322337 0.946625 0
    outer loop
      vertex 87.2303 14.4204 17.9
      vertex 87.3046 14.4457 15.5
      vertex 87.2303 14.4204 15.5
    endloop
  endfacet
  facet normal -0.896961 0.44211 0
    outer loop
      vertex 87.5946 14.7 15.5
      vertex 87.6293 14.7704 17.9
      vertex 87.6293 14.7704 15.5
    endloop
  endfacet
  facet normal -0.896961 0.44211 0
    outer loop
      vertex 87.6293 14.7704 17.9
      vertex 87.5946 14.7 15.5
      vertex 87.5946 14.7 17.9
    endloop
  endfacet
  facet normal 0 1 -0
    outer loop
      vertex 87.075 14.4 15.5
      vertex 74.075 14.4 17.9
      vertex 87.075 14.4 17.9
    endloop
  endfacet
  facet normal 0 1 0
    outer loop
      vertex 74.075 14.4 17.9
      vertex 87.075 14.4 15.5
      vertex 74.075 14.4 15.5
    endloop
  endfacet
  facet normal -0.194891 0.980825 0
    outer loop
      vertex 87.2303 14.4204 15.5
      vertex 87.1533 14.4051 17.9
      vertex 87.2303 14.4204 17.9
    endloop
  endfacet
  facet normal -0.194891 0.980825 0
    outer loop
      vertex 87.1533 14.4051 17.9
      vertex 87.2303 14.4204 15.5
      vertex 87.1533 14.4051 15.5
    endloop
  endfacet
  facet normal -0.0649964 -0.997886 0
    outer loop
      vertex 87.075 28.6 15.5
      vertex 87.1533 28.5949 17.9
      vertex 87.075 28.6 17.9
    endloop
  endfacet
  facet normal -0.0649964 -0.997886 -0
    outer loop
      vertex 87.1533 28.5949 17.9
      vertex 87.075 28.6 15.5
      vertex 87.1533 28.5949 15.5
    endloop
  endfacet
  facet normal 0.980825 0.194891 0
    outer loop
      vertex 73.4954 14.8447 17.9
      vertex 73.4801 14.9217 15.5
      vertex 73.4801 14.9217 17.9
    endloop
  endfacet
  facet normal 0.980825 0.194891 0
    outer loop
      vertex 73.4801 14.9217 15.5
      vertex 73.4954 14.8447 17.9
      vertex 73.4954 14.8447 15.5
    endloop
  endfacet
  facet normal -0.0649964 0.997886 0
    outer loop
      vertex 87.1533 14.4051 15.5
      vertex 87.075 14.4 17.9
      vertex 87.1533 14.4051 17.9
    endloop
  endfacet
  facet normal -0.0649964 0.997886 0
    outer loop
      vertex 87.075 14.4 17.9
      vertex 87.1533 14.4051 15.5
      vertex 87.075 14.4 15.5
    endloop
  endfacet
  facet normal 0.44211 0.896961 -0
    outer loop
      vertex 73.8454 14.4457 15.5
      vertex 73.775 14.4804 17.9
      vertex 73.8454 14.4457 17.9
    endloop
  endfacet
  facet normal 0.44211 0.896961 0
    outer loop
      vertex 73.775 14.4804 17.9
      vertex 73.8454 14.4457 15.5
      vertex 73.775 14.4804 15.5
    endloop
  endfacet
  facet normal 0.659046 0.752103 -0
    outer loop
      vertex 73.7097 14.524 15.5
      vertex 73.6507 14.5757 17.9
      vertex 73.7097 14.524 17.9
    endloop
  endfacet
  facet normal 0.659046 0.752103 0
    outer loop
      vertex 73.6507 14.5757 17.9
      vertex 73.7097 14.524 15.5
      vertex 73.6507 14.5757 15.5
    endloop
  endfacet
  facet normal -0.896961 -0.44211 0
    outer loop
      vertex 87.6293 28.2296 15.5
      vertex 87.5946 28.3 17.9
      vertex 87.5946 28.3 15.5
    endloop
  endfacet
  facet normal -0.896961 -0.44211 0
    outer loop
      vertex 87.5946 28.3 17.9
      vertex 87.6293 28.2296 15.5
      vertex 87.6293 28.2296 17.9
    endloop
  endfacet
  facet normal 0.555288 0.831658 -0
    outer loop
      vertex 73.775 14.4804 15.5
      vertex 73.7097 14.524 17.9
      vertex 73.775 14.4804 17.9
    endloop
  endfacet
  facet normal 0.555288 0.831658 0
    outer loop
      vertex 73.7097 14.524 17.9
      vertex 73.775 14.4804 15.5
      vertex 73.7097 14.524 15.5
    endloop
  endfacet
  facet normal 0.659046 -0.752103 0
    outer loop
      vertex 73.6507 28.4243 15.5
      vertex 73.7097 28.476 17.9
      vertex 73.6507 28.4243 17.9
    endloop
  endfacet
  facet normal 0.659046 -0.752103 0
    outer loop
      vertex 73.7097 28.476 17.9
      vertex 73.6507 28.4243 15.5
      vertex 73.7097 28.476 15.5
    endloop
  endfacet
  facet normal 0.896961 0.44211 0
    outer loop
      vertex 73.5554 14.7 17.9
      vertex 73.5207 14.7704 15.5
      vertex 73.5207 14.7704 17.9
    endloop
  endfacet
  facet normal 0.896961 0.44211 0
    outer loop
      vertex 73.5207 14.7704 15.5
      vertex 73.5554 14.7 17.9
      vertex 73.5554 14.7 15.5
    endloop
  endfacet
  facet normal -1 0 0
    outer loop
      vertex 87.675 15 15.5
      vertex 87.675 28 17.9
      vertex 87.675 28 15.5
    endloop
  endfacet
  facet normal -1 -0 0
    outer loop
      vertex 87.675 28 17.9
      vertex 87.675 15 15.5
      vertex 87.675 15 17.9
    endloop
  endfacet
  facet normal -0.44211 -0.896961 0
    outer loop
      vertex 87.3046 28.5543 15.5
      vertex 87.375 28.5196 17.9
      vertex 87.3046 28.5543 17.9
    endloop
  endfacet
  facet normal -0.44211 -0.896961 -0
    outer loop
      vertex 87.375 28.5196 17.9
      vertex 87.3046 28.5543 15.5
      vertex 87.375 28.5196 15.5
    endloop
  endfacet
  facet normal 1 -0 0
    outer loop
      vertex 73.475 15 17.9
      vertex 73.475 28 15.5
      vertex 73.475 28 17.9
    endloop
  endfacet
  facet normal 1 0 0
    outer loop
      vertex 73.475 28 15.5
      vertex 73.475 15 17.9
      vertex 73.475 15 15.5
    endloop
  endfacet
  facet normal 0.44211 -0.896961 0
    outer loop
      vertex 73.775 28.5196 15.5
      vertex 73.8454 28.5543 17.9
      vertex 73.775 28.5196 17.9
    endloop
  endfacet
  facet normal 0.44211 -0.896961 0
    outer loop
      vertex 73.8454 28.5543 17.9
      vertex 73.775 28.5196 15.5
      vertex 73.8454 28.5543 15.5
    endloop
  endfacet
  facet normal 0.946625 0.322337 0
    outer loop
      vertex 73.5207 14.7704 17.9
      vertex 73.4954 14.8447 15.5
      vertex 73.4954 14.8447 17.9
    endloop
  endfacet
  facet normal 0.946625 0.322337 0
    outer loop
      vertex 73.4954 14.8447 15.5
      vertex 73.5207 14.7704 17.9
      vertex 73.5207 14.7704 15.5
    endloop
  endfacet
  facet normal 0.322337 0.946625 -0
    outer loop
      vertex 73.9197 14.4204 15.5
      vertex 73.8454 14.4457 17.9
      vertex 73.9197 14.4204 17.9
    endloop
  endfacet
  facet normal 0.322337 0.946625 0
    outer loop
      vertex 73.8454 14.4457 17.9
      vertex 73.9197 14.4204 15.5
      vertex 73.8454 14.4457 15.5
    endloop
  endfacet
  facet normal 0.0649964 0.997886 -0
    outer loop
      vertex 74.075 14.4 15.5
      vertex 73.9967 14.4051 17.9
      vertex 74.075 14.4 17.9
    endloop
  endfacet
  facet normal 0.0649964 0.997886 0
    outer loop
      vertex 73.9967 14.4051 17.9
      vertex 74.075 14.4 15.5
      vertex 73.9967 14.4051 15.5
    endloop
  endfacet
  facet normal -0.555877 -0.831265 0
    outer loop
      vertex 87.375 28.5196 15.5
      vertex 87.4402 28.476 17.9
      vertex 87.375 28.5196 17.9
    endloop
  endfacet
  facet normal -0.555877 -0.831265 -0
    outer loop
      vertex 87.4402 28.476 17.9
      vertex 87.375 28.5196 15.5
      vertex 87.4402 28.476 15.5
    endloop
  endfacet
  facet normal 0.946625 -0.322337 0
    outer loop
      vertex 73.4954 28.1553 17.9
      vertex 73.5207 28.2296 15.5
      vertex 73.5207 28.2296 17.9
    endloop
  endfacet
  facet normal 0.946625 -0.322337 0
    outer loop
      vertex 73.5207 28.2296 15.5
      vertex 73.4954 28.1553 17.9
      vertex 73.4954 28.1553 15.5
    endloop
  endfacet
  facet normal -0.831265 -0.555877 0
    outer loop
      vertex 87.5946 28.3 15.5
      vertex 87.551 28.3652 17.9
      vertex 87.551 28.3652 15.5
    endloop
  endfacet
  facet normal -0.831265 -0.555877 0
    outer loop
      vertex 87.551 28.3652 17.9
      vertex 87.5946 28.3 15.5
      vertex 87.5946 28.3 17.9
    endloop
  endfacet
  facet normal 0 -1 0
    outer loop
      vertex 74.075 28.6 15.5
      vertex 87.075 28.6 17.9
      vertex 74.075 28.6 17.9
    endloop
  endfacet
  facet normal 0 -1 -0
    outer loop
      vertex 87.075 28.6 17.9
      vertex 74.075 28.6 15.5
      vertex 87.075 28.6 15.5
    endloop
  endfacet
  facet normal 0.980825 -0.194891 0
    outer loop
      vertex 73.4801 28.0783 17.9
      vertex 73.4954 28.1553 15.5
      vertex 73.4954 28.1553 17.9
    endloop
  endfacet
  facet normal 0.980825 -0.194891 0
    outer loop
      vertex 73.4954 28.1553 15.5
      vertex 73.4801 28.0783 17.9
      vertex 73.4801 28.0783 15.5
    endloop
  endfacet
  facet normal 0.194891 0.980825 -0
    outer loop
      vertex 73.9967 14.4051 15.5
      vertex 73.9197 14.4204 17.9
      vertex 73.9967 14.4051 17.9
    endloop
  endfacet
  facet normal 0.194891 0.980825 0
    outer loop
      vertex 73.9197 14.4204 17.9
      vertex 73.9967 14.4051 15.5
      vertex 73.9197 14.4204 15.5
    endloop
  endfacet
  facet normal 0.322337 -0.946625 0
    outer loop
      vertex 73.8454 28.5543 15.5
      vertex 73.9197 28.5796 17.9
      vertex 73.8454 28.5543 17.9
    endloop
  endfacet
  facet normal 0.322337 -0.946625 0
    outer loop
      vertex 73.9197 28.5796 17.9
      vertex 73.8454 28.5543 15.5
      vertex 73.9197 28.5796 15.5
    endloop
  endfacet
  facet normal 0.896961 -0.44211 0
    outer loop
      vertex 73.5207 28.2296 17.9
      vertex 73.5554 28.3 15.5
      vertex 73.5554 28.3 17.9
    endloop
  endfacet
  facet normal 0.896961 -0.44211 0
    outer loop
      vertex 73.5554 28.3 15.5
      vertex 73.5207 28.2296 17.9
      vertex 73.5207 28.2296 15.5
    endloop
  endfacet
  facet normal 0.831265 -0.555877 0
    outer loop
      vertex 73.5554 28.3 17.9
      vertex 73.599 28.3652 15.5
      vertex 73.599 28.3652 17.9
    endloop
  endfacet
  facet normal 0.831265 -0.555877 0
    outer loop
      vertex 73.599 28.3652 15.5
      vertex 73.5554 28.3 17.9
      vertex 73.5554 28.3 15.5
    endloop
  endfacet
  facet normal 0.0649964 -0.997886 0
    outer loop
      vertex 73.9967 28.5949 15.5
      vertex 74.075 28.6 17.9
      vertex 73.9967 28.5949 17.9
    endloop
  endfacet
  facet normal 0.0649964 -0.997886 0
    outer loop
      vertex 74.075 28.6 17.9
      vertex 73.9967 28.5949 15.5
      vertex 74.075 28.6 15.5
    endloop
  endfacet
  facet normal 0.752656 -0.658414 0
    outer loop
      vertex 73.599 28.3652 17.9
      vertex 73.6507 28.4243 15.5
      vertex 73.6507 28.4243 17.9
    endloop
  endfacet
  facet normal 0.752656 -0.658414 0
    outer loop
      vertex 73.6507 28.4243 15.5
      vertex 73.599 28.3652 17.9
      vertex 73.599 28.3652 15.5
    endloop
  endfacet
  facet normal 0.194891 -0.980825 0
    outer loop
      vertex 73.9197 28.5796 15.5
      vertex 73.9967 28.5949 17.9
      vertex 73.9197 28.5796 17.9
    endloop
  endfacet
  facet normal 0.194891 -0.980825 0
    outer loop
      vertex 73.9967 28.5949 17.9
      vertex 73.9197 28.5796 15.5
      vertex 73.9967 28.5949 15.5
    endloop
  endfacet
  facet normal -0.946625 -0.322337 0
    outer loop
      vertex 87.6546 28.1553 15.5
      vertex 87.6293 28.2296 17.9
      vertex 87.6293 28.2296 15.5
    endloop
  endfacet
  facet normal -0.946625 -0.322337 0
    outer loop
      vertex 87.6293 28.2296 17.9
      vertex 87.6546 28.1553 15.5
      vertex 87.6546 28.1553 17.9
    endloop
  endfacet
  facet normal -0.322337 -0.946625 0
    outer loop
      vertex 87.2303 28.5796 15.5
      vertex 87.3046 28.5543 17.9
      vertex 87.2303 28.5796 17.9
    endloop
  endfacet
  facet normal -0.322337 -0.946625 -0
    outer loop
      vertex 87.3046 28.5543 17.9
      vertex 87.2303 28.5796 15.5
      vertex 87.3046 28.5543 15.5
    endloop
  endfacet
  facet normal -0.658414 -0.752656 0
    outer loop
      vertex 87.4402 28.476 15.5
      vertex 87.4993 28.4243 17.9
      vertex 87.4402 28.476 17.9
    endloop
  endfacet
  facet normal -0.658414 -0.752656 -0
    outer loop
      vertex 87.4993 28.4243 17.9
      vertex 87.4402 28.476 15.5
      vertex 87.4993 28.4243 15.5
    endloop
  endfacet
  facet normal -0.194891 -0.980825 0
    outer loop
      vertex 87.1533 28.5949 15.5
      vertex 87.2303 28.5796 17.9
      vertex 87.1533 28.5949 17.9
    endloop
  endfacet
  facet normal -0.194891 -0.980825 -0
    outer loop
      vertex 87.2303 28.5796 17.9
      vertex 87.1533 28.5949 15.5
      vertex 87.2303 28.5796 15.5
    endloop
  endfacet
  facet normal -0.831265 0.555877 0
    outer loop
      vertex 87.551 14.6348 15.5
      vertex 87.5946 14.7 17.9
      vertex 87.5946 14.7 15.5
    endloop
  endfacet
  facet normal -0.831265 0.555877 0
    outer loop
      vertex 87.5946 14.7 17.9
      vertex 87.551 14.6348 15.5
      vertex 87.551 14.6348 17.9
    endloop
  endfacet
  facet normal 0.831265 0.555877 0
    outer loop
      vertex 73.599 14.6348 17.9
      vertex 73.5554 14.7 15.5
      vertex 73.5554 14.7 17.9
    endloop
  endfacet
  facet normal 0.831265 0.555877 0
    outer loop
      vertex 73.5554 14.7 15.5
      vertex 73.599 14.6348 17.9
      vertex 73.599 14.6348 15.5
    endloop
  endfacet
  facet normal -0.946625 0.322337 0
    outer loop
      vertex 87.6293 14.7704 15.5
      vertex 87.6546 14.8447 17.9
      vertex 87.6546 14.8447 15.5
    endloop
  endfacet
  facet normal -0.946625 0.322337 0
    outer loop
      vertex 87.6546 14.8447 17.9
      vertex 87.6293 14.7704 15.5
      vertex 87.6293 14.7704 17.9
    endloop
  endfacet
  facet normal 0.555288 -0.831658 0
    outer loop
      vertex 73.7097 28.476 15.5
      vertex 73.775 28.5196 17.9
      vertex 73.7097 28.476 17.9
    endloop
  endfacet
  facet normal 0.555288 -0.831658 0
    outer loop
      vertex 73.775 28.5196 17.9
      vertex 73.7097 28.476 15.5
      vertex 73.775 28.5196 15.5
    endloop
  endfacet
  facet normal 0.752656 0.658414 0
    outer loop
      vertex 73.6507 14.5757 17.9
      vertex 73.599 14.6348 15.5
      vertex 73.599 14.6348 17.9
    endloop
  endfacet
  facet normal 0.752656 0.658414 0
    outer loop
      vertex 73.599 14.6348 15.5
      vertex 73.6507 14.5757 17.9
      vertex 73.6507 14.5757 15.5
    endloop
  endfacet
  facet normal -0.752656 0.658414 0
    outer loop
      vertex 87.4993 14.5757 15.5
      vertex 87.551 14.6348 17.9
      vertex 87.551 14.6348 15.5
    endloop
  endfacet
  facet normal -0.752656 0.658414 0
    outer loop
      vertex 87.551 14.6348 17.9
      vertex 87.4993 14.5757 15.5
      vertex 87.4993 14.5757 17.9
    endloop
  endfacet
  facet normal -0.997886 -0.0649964 0
    outer loop
      vertex 87.675 28 15.5
      vertex 87.6699 28.0783 17.9
      vertex 87.6699 28.0783 15.5
    endloop
  endfacet
  facet normal -0.997886 -0.0649964 0
    outer loop
      vertex 87.6699 28.0783 17.9
      vertex 87.675 28 15.5
      vertex 87.675 28 17.9
    endloop
  endfacet
  facet normal 0.997886 -0.0649964 0
    outer loop
      vertex 73.475 28 17.9
      vertex 73.4801 28.0783 15.5
      vertex 73.4801 28.0783 17.9
    endloop
  endfacet
  facet normal 0.997886 -0.0649964 0
    outer loop
      vertex 73.4801 28.0783 15.5
      vertex 73.475 28 17.9
      vertex 73.475 28 15.5
    endloop
  endfacet
  facet normal -0.658414 0.752656 0
    outer loop
      vertex 87.4993 14.5757 15.5
      vertex 87.4402 14.524 17.9
      vertex 87.4993 14.5757 17.9
    endloop
  endfacet
  facet normal -0.658414 0.752656 0
    outer loop
      vertex 87.4402 14.524 17.9
      vertex 87.4993 14.5757 15.5
      vertex 87.4402 14.524 15.5
    endloop
  endfacet
  facet normal -0.752656 -0.658414 0
    outer loop
      vertex 87.551 28.3652 15.5
      vertex 87.4993 28.4243 17.9
      vertex 87.4993 28.4243 15.5
    endloop
  endfacet
  facet normal -0.752656 -0.658414 0
    outer loop
      vertex 87.4993 28.4243 17.9
      vertex 87.551 28.3652 15.5
      vertex 87.551 28.3652 17.9
    endloop
  endfacet
  facet normal -0.980825 -0.194891 0
    outer loop
      vertex 87.6699 28.0783 15.5
      vertex 87.6546 28.1553 17.9
      vertex 87.6546 28.1553 15.5
    endloop
  endfacet
  facet normal -0.980825 -0.194891 0
    outer loop
      vertex 87.6546 28.1553 17.9
      vertex 87.6699 28.0783 15.5
      vertex 87.6699 28.0783 17.9
    endloop
  endfacet
  facet normal 0.997886 0.0649964 0
    outer loop
      vertex 73.4801 14.9217 17.9
      vertex 73.475 15 15.5
      vertex 73.475 15 17.9
    endloop
  endfacet
  facet normal 0.997886 0.0649964 0
    outer loop
      vertex 73.475 15 15.5
      vertex 73.4801 14.9217 17.9
      vertex 73.4801 14.9217 15.5
    endloop
  endfacet
  facet normal -0.980825 0.194891 0
    outer loop
      vertex 87.6546 14.8447 15.5
      vertex 87.6699 14.9217 17.9
      vertex 87.6699 14.9217 15.5
    endloop
  endfacet
  facet normal -0.980825 0.194891 0
    outer loop
      vertex 87.6699 14.9217 17.9
      vertex 87.6546 14.8447 15.5
      vertex 87.6546 14.8447 17.9
    endloop
  endfacet
  facet normal -0.997886 0.0649964 0
    outer loop
      vertex 87.6699 14.9217 15.5
      vertex 87.675 15 17.9
      vertex 87.675 15 15.5
    endloop
  endfacet
  facet normal -0.997886 0.0649964 0
    outer loop
      vertex 87.675 15 17.9
      vertex 87.6699 14.9217 15.5
      vertex 87.6699 14.9217 17.9
    endloop
  endfacet
  facet normal -0.44211 0.896961 0
    outer loop
      vertex 87.375 14.4804 15.5
      vertex 87.3046 14.4457 17.9
      vertex 87.375 14.4804 17.9
    endloop
  endfacet
  facet normal -0.44211 0.896961 0
    outer loop
      vertex 87.3046 14.4457 17.9
      vertex 87.375 14.4804 15.5
      vertex 87.3046 14.4457 15.5
    endloop
  endfacet
  facet normal -0.555877 0.831265 0
    outer loop
      vertex 87.4402 14.524 15.5
      vertex 87.375 14.4804 17.9
      vertex 87.4402 14.524 17.9
    endloop
  endfacet
  facet normal -0.555877 0.831265 0
    outer loop
      vertex 87.375 14.4804 17.9
      vertex 87.4402 14.524 15.5
      vertex 87.375 14.4804 15.5
    endloop
  endfacet
  facet normal -0.322337 0.946625 0
    outer loop
      vertex 87.3046 33.4957 15.5
      vertex 87.2303 33.4704 17.9
      vertex 87.3046 33.4957 17.9
    endloop
  endfacet
  facet normal -0.322337 0.946625 0
    outer loop
      vertex 87.2303 33.4704 17.9
      vertex 87.3046 33.4957 15.5
      vertex 87.2303 33.4704 15.5
    endloop
  endfacet
  facet normal -0.896961 0.44211 0
    outer loop
      vertex 87.5946 33.75 15.5
      vertex 87.6293 33.8204 17.9
      vertex 87.6293 33.8204 15.5
    endloop
  endfacet
  facet normal -0.896961 0.44211 0
    outer loop
      vertex 87.6293 33.8204 17.9
      vertex 87.5946 33.75 15.5
      vertex 87.5946 33.75 17.9
    endloop
  endfacet
  facet normal 0 1 -0
    outer loop
      vertex 87.075 33.45 15.5
      vertex 74.075 33.45 17.9
      vertex 87.075 33.45 17.9
    endloop
  endfacet
  facet normal 0 1 0
    outer loop
      vertex 74.075 33.45 17.9
      vertex 87.075 33.45 15.5
      vertex 74.075 33.45 15.5
    endloop
  endfacet
  facet normal -0.194891 0.980825 0
    outer loop
      vertex 87.2303 33.4704 15.5
      vertex 87.1533 33.4551 17.9
      vertex 87.2303 33.4704 17.9
    endloop
  endfacet
  facet normal -0.194891 0.980825 0
    outer loop
      vertex 87.1533 33.4551 17.9
      vertex 87.2303 33.4704 15.5
      vertex 87.1533 33.4551 15.5
    endloop
  endfacet
  facet normal -0.0649964 -0.997886 0
    outer loop
      vertex 87.075 47.65 15.5
      vertex 87.1533 47.6449 17.9
      vertex 87.075 47.65 17.9
    endloop
  endfacet
  facet normal -0.0649964 -0.997886 -0
    outer loop
      vertex 87.1533 47.6449 17.9
      vertex 87.075 47.65 15.5
      vertex 87.1533 47.6449 15.5
    endloop
  endfacet
  facet normal 0.980825 0.194891 0
    outer loop
      vertex 73.4954 33.8947 17.9
      vertex 73.4801 33.9717 15.5
      vertex 73.4801 33.9717 17.9
    endloop
  endfacet
  facet normal 0.980825 0.194891 0
    outer loop
      vertex 73.4801 33.9717 15.5
      vertex 73.4954 33.8947 17.9
      vertex 73.4954 33.8947 15.5
    endloop
  endfacet
  facet normal -0.0649964 0.997886 0
    outer loop
      vertex 87.1533 33.4551 15.5
      vertex 87.075 33.45 17.9
      vertex 87.1533 33.4551 17.9
    endloop
  endfacet
  facet normal -0.0649964 0.997886 0
    outer loop
      vertex 87.075 33.45 17.9
      vertex 87.1533 33.4551 15.5
      vertex 87.075 33.45 15.5
    endloop
  endfacet
  facet normal 0.44211 0.896961 -0
    outer loop
      vertex 73.8454 33.4957 15.5
      vertex 73.775 33.5304 17.9
      vertex 73.8454 33.4957 17.9
    endloop
  endfacet
  facet normal 0.44211 0.896961 0
    outer loop
      vertex 73.775 33.5304 17.9
      vertex 73.8454 33.4957 15.5
      vertex 73.775 33.5304 15.5
    endloop
  endfacet
  facet normal 0.659046 0.752103 -0
    outer loop
      vertex 73.7097 33.574 15.5
      vertex 73.6507 33.6257 17.9
      vertex 73.7097 33.574 17.9
    endloop
  endfacet
  facet normal 0.659046 0.752103 0
    outer loop
      vertex 73.6507 33.6257 17.9
      vertex 73.7097 33.574 15.5
      vertex 73.6507 33.6257 15.5
    endloop
  endfacet
  facet normal -0.896961 -0.44211 0
    outer loop
      vertex 87.6293 47.2796 15.5
      vertex 87.5946 47.35 17.9
      vertex 87.5946 47.35 15.5
    endloop
  endfacet
  facet normal -0.896961 -0.44211 0
    outer loop
      vertex 87.5946 47.35 17.9
      vertex 87.6293 47.2796 15.5
      vertex 87.6293 47.2796 17.9
    endloop
  endfacet
  facet normal 0.555288 0.831658 -0
    outer loop
      vertex 73.775 33.5304 15.5
      vertex 73.7097 33.574 17.9
      vertex 73.775 33.5304 17.9
    endloop
  endfacet
  facet normal 0.555288 0.831658 0
    outer loop
      vertex 73.7097 33.574 17.9
      vertex 73.775 33.5304 15.5
      vertex 73.7097 33.574 15.5
    endloop
  endfacet
  facet normal 0.659046 -0.752103 0
    outer loop
      vertex 73.6507 47.4743 15.5
      vertex 73.7097 47.526 17.9
      vertex 73.6507 47.4743 17.9
    endloop
  endfacet
  facet normal 0.659046 -0.752103 0
    outer loop
      vertex 73.7097 47.526 17.9
      vertex 73.6507 47.4743 15.5
      vertex 73.7097 47.526 15.5
    endloop
  endfacet
  facet normal 0.896961 0.44211 0
    outer loop
      vertex 73.5554 33.75 17.9
      vertex 73.5207 33.8204 15.5
      vertex 73.5207 33.8204 17.9
    endloop
  endfacet
  facet normal 0.896961 0.44211 0
    outer loop
      vertex 73.5207 33.8204 15.5
      vertex 73.5554 33.75 17.9
      vertex 73.5554 33.75 15.5
    endloop
  endfacet
  facet normal -1 0 0
    outer loop
      vertex 87.675 34.05 15.5
      vertex 87.675 47.05 17.9
      vertex 87.675 47.05 15.5
    endloop
  endfacet
  facet normal -1 -0 0
    outer loop
      vertex 87.675 47.05 17.9
      vertex 87.675 34.05 15.5
      vertex 87.675 34.05 17.9
    endloop
  endfacet
  facet normal -0.44211 -0.896961 0
    outer loop
      vertex 87.3046 47.6043 15.5
      vertex 87.375 47.5696 17.9
      vertex 87.3046 47.6043 17.9
    endloop
  endfacet
  facet normal -0.44211 -0.896961 -0
    outer loop
      vertex 87.375 47.5696 17.9
      vertex 87.3046 47.6043 15.5
      vertex 87.375 47.5696 15.5
    endloop
  endfacet
  facet normal 1 -0 0
    outer loop
      vertex 73.475 34.05 17.9
      vertex 73.475 47.05 15.5
      vertex 73.475 47.05 17.9
    endloop
  endfacet
  facet normal 1 0 0
    outer loop
      vertex 73.475 47.05 15.5
      vertex 73.475 34.05 17.9
      vertex 73.475 34.05 15.5
    endloop
  endfacet
  facet normal 0.44211 -0.896961 0
    outer loop
      vertex 73.775 47.5696 15.5
      vertex 73.8454 47.6043 17.9
      vertex 73.775 47.5696 17.9
    endloop
  endfacet
  facet normal 0.44211 -0.896961 0
    outer loop
      vertex 73.8454 47.6043 17.9
      vertex 73.775 47.5696 15.5
      vertex 73.8454 47.6043 15.5
    endloop
  endfacet
  facet normal 0.946625 0.322337 0
    outer loop
      vertex 73.5207 33.8204 17.9
      vertex 73.4954 33.8947 15.5
      vertex 73.4954 33.8947 17.9
    endloop
  endfacet
  facet normal 0.946625 0.322337 0
    outer loop
      vertex 73.4954 33.8947 15.5
      vertex 73.5207 33.8204 17.9
      vertex 73.5207 33.8204 15.5
    endloop
  endfacet
  facet normal 0.322337 0.946625 -0
    outer loop
      vertex 73.9197 33.4704 15.5
      vertex 73.8454 33.4957 17.9
      vertex 73.9197 33.4704 17.9
    endloop
  endfacet
  facet normal 0.322337 0.946625 0
    outer loop
      vertex 73.8454 33.4957 17.9
      vertex 73.9197 33.4704 15.5
      vertex 73.8454 33.4957 15.5
    endloop
  endfacet
  facet normal 0.0649964 0.997886 -0
    outer loop
      vertex 74.075 33.45 15.5
      vertex 73.9967 33.4551 17.9
      vertex 74.075 33.45 17.9
    endloop
  endfacet
  facet normal 0.0649964 0.997886 0
    outer loop
      vertex 73.9967 33.4551 17.9
      vertex 74.075 33.45 15.5
      vertex 73.9967 33.4551 15.5
    endloop
  endfacet
  facet normal -0.980825 -0.194891 0
    outer loop
      vertex 87.6699 47.1283 15.5
      vertex 87.6546 47.2053 17.9
      vertex 87.6546 47.2053 15.5
    endloop
  endfacet
  facet normal -0.980825 -0.194891 0
    outer loop
      vertex 87.6546 47.2053 17.9
      vertex 87.6699 47.1283 15.5
      vertex 87.6699 47.1283 17.9
    endloop
  endfacet
  facet normal -0.555877 -0.831265 0
    outer loop
      vertex 87.375 47.5696 15.5
      vertex 87.4402 47.526 17.9
      vertex 87.375 47.5696 17.9
    endloop
  endfacet
  facet normal -0.555877 -0.831265 -0
    outer loop
      vertex 87.4402 47.526 17.9
      vertex 87.375 47.5696 15.5
      vertex 87.4402 47.526 15.5
    endloop
  endfacet
  facet normal 0.946625 -0.322337 0
    outer loop
      vertex 73.4954 47.2053 17.9
      vertex 73.5207 47.2796 15.5
      vertex 73.5207 47.2796 17.9
    endloop
  endfacet
  facet normal 0.946625 -0.322337 0
    outer loop
      vertex 73.5207 47.2796 15.5
      vertex 73.4954 47.2053 17.9
      vertex 73.4954 47.2053 15.5
    endloop
  endfacet
  facet normal -0.831265 -0.555877 0
    outer loop
      vertex 87.5946 47.35 15.5
      vertex 87.551 47.4152 17.9
      vertex 87.551 47.4152 15.5
    endloop
  endfacet
  facet normal -0.831265 -0.555877 0
    outer loop
      vertex 87.551 47.4152 17.9
      vertex 87.5946 47.35 15.5
      vertex 87.5946 47.35 17.9
    endloop
  endfacet
  facet normal 0 -1 0
    outer loop
      vertex 74.075 47.65 15.5
      vertex 87.075 47.65 17.9
      vertex 74.075 47.65 17.9
    endloop
  endfacet
  facet normal 0 -1 -0
    outer loop
      vertex 87.075 47.65 17.9
      vertex 74.075 47.65 15.5
      vertex 87.075 47.65 15.5
    endloop
  endfacet
  facet normal 0.980825 -0.194891 0
    outer loop
      vertex 73.4801 47.1283 17.9
      vertex 73.4954 47.2053 15.5
      vertex 73.4954 47.2053 17.9
    endloop
  endfacet
  facet normal 0.980825 -0.194891 0
    outer loop
      vertex 73.4954 47.2053 15.5
      vertex 73.4801 47.1283 17.9
      vertex 73.4801 47.1283 15.5
    endloop
  endfacet
  facet normal 0.194891 0.980825 -0
    outer loop
      vertex 73.9967 33.4551 15.5
      vertex 73.9197 33.4704 17.9
      vertex 73.9967 33.4551 17.9
    endloop
  endfacet
  facet normal 0.194891 0.980825 0
    outer loop
      vertex 73.9197 33.4704 17.9
      vertex 73.9967 33.4551 15.5
      vertex 73.9197 33.4704 15.5
    endloop
  endfacet
  facet normal 0.322337 -0.946625 0
    outer loop
      vertex 73.8454 47.6043 15.5
      vertex 73.9197 47.6296 17.9
      vertex 73.8454 47.6043 17.9
    endloop
  endfacet
  facet normal 0.322337 -0.946625 0
    outer loop
      vertex 73.9197 47.6296 17.9
      vertex 73.8454 47.6043 15.5
      vertex 73.9197 47.6296 15.5
    endloop
  endfacet
  facet normal 0.896961 -0.44211 0
    outer loop
      vertex 73.5207 47.2796 17.9
      vertex 73.5554 47.35 15.5
      vertex 73.5554 47.35 17.9
    endloop
  endfacet
  facet normal 0.896961 -0.44211 0
    outer loop
      vertex 73.5554 47.35 15.5
      vertex 73.5207 47.2796 17.9
      vertex 73.5207 47.2796 15.5
    endloop
  endfacet
  facet normal 0.831265 -0.555877 0
    outer loop
      vertex 73.5554 47.35 17.9
      vertex 73.599 47.4152 15.5
      vertex 73.599 47.4152 17.9
    endloop
  endfacet
  facet normal 0.831265 -0.555877 0
    outer loop
      vertex 73.599 47.4152 15.5
      vertex 73.5554 47.35 17.9
      vertex 73.5554 47.35 15.5
    endloop
  endfacet
  facet normal 0.0649964 -0.997886 0
    outer loop
      vertex 73.9967 47.6449 15.5
      vertex 74.075 47.65 17.9
      vertex 73.9967 47.6449 17.9
    endloop
  endfacet
  facet normal 0.0649964 -0.997886 0
    outer loop
      vertex 74.075 47.65 17.9
      vertex 73.9967 47.6449 15.5
      vertex 74.075 47.65 15.5
    endloop
  endfacet
  facet normal 0.752656 -0.658414 0
    outer loop
      vertex 73.599 47.4152 17.9
      vertex 73.6507 47.4743 15.5
      vertex 73.6507 47.4743 17.9
    endloop
  endfacet
  facet normal 0.752656 -0.658414 0
    outer loop
      vertex 73.6507 47.4743 15.5
      vertex 73.599 47.4152 17.9
      vertex 73.599 47.4152 15.5
    endloop
  endfacet
  facet normal 0.194891 -0.980825 0
    outer loop
      vertex 73.9197 47.6296 15.5
      vertex 73.9967 47.6449 17.9
      vertex 73.9197 47.6296 17.9
    endloop
  endfacet
  facet normal 0.194891 -0.980825 0
    outer loop
      vertex 73.9967 47.6449 17.9
      vertex 73.9197 47.6296 15.5
      vertex 73.9967 47.6449 15.5
    endloop
  endfacet
  facet normal -0.946625 -0.322337 0
    outer loop
      vertex 87.6546 47.2053 15.5
      vertex 87.6293 47.2796 17.9
      vertex 87.6293 47.2796 15.5
    endloop
  endfacet
  facet normal -0.946625 -0.322337 0
    outer loop
      vertex 87.6293 47.2796 17.9
      vertex 87.6546 47.2053 15.5
      vertex 87.6546 47.2053 17.9
    endloop
  endfacet
  facet normal -0.322337 -0.946625 0
    outer loop
      vertex 87.2303 47.6296 15.5
      vertex 87.3046 47.6043 17.9
      vertex 87.2303 47.6296 17.9
    endloop
  endfacet
  facet normal -0.322337 -0.946625 -0
    outer loop
      vertex 87.3046 47.6043 17.9
      vertex 87.2303 47.6296 15.5
      vertex 87.3046 47.6043 15.5
    endloop
  endfacet
  facet normal -0.658414 -0.752656 0
    outer loop
      vertex 87.4402 47.526 15.5
      vertex 87.4993 47.4743 17.9
      vertex 87.4402 47.526 17.9
    endloop
  endfacet
  facet normal -0.658414 -0.752656 -0
    outer loop
      vertex 87.4993 47.4743 17.9
      vertex 87.4402 47.526 15.5
      vertex 87.4993 47.4743 15.5
    endloop
  endfacet
  facet normal -0.194891 -0.980825 0
    outer loop
      vertex 87.1533 47.6449 15.5
      vertex 87.2303 47.6296 17.9
      vertex 87.1533 47.6449 17.9
    endloop
  endfacet
  facet normal -0.194891 -0.980825 -0
    outer loop
      vertex 87.2303 47.6296 17.9
      vertex 87.1533 47.6449 15.5
      vertex 87.2303 47.6296 15.5
    endloop
  endfacet
  facet normal -0.752656 -0.658414 0
    outer loop
      vertex 87.551 47.4152 15.5
      vertex 87.4993 47.4743 17.9
      vertex 87.4993 47.4743 15.5
    endloop
  endfacet
  facet normal -0.752656 -0.658414 0
    outer loop
      vertex 87.4993 47.4743 17.9
      vertex 87.551 47.4152 15.5
      vertex 87.551 47.4152 17.9
    endloop
  endfacet
  facet normal -0.831658 0.555288 0
    outer loop
      vertex 87.551 33.6847 15.5
      vertex 87.5946 33.75 17.9
      vertex 87.5946 33.75 15.5
    endloop
  endfacet
  facet normal -0.831658 0.555288 0
    outer loop
      vertex 87.5946 33.75 17.9
      vertex 87.551 33.6847 15.5
      vertex 87.551 33.6847 17.9
    endloop
  endfacet
  facet normal 0.831658 0.555288 0
    outer loop
      vertex 73.599 33.6847 17.9
      vertex 73.5554 33.75 15.5
      vertex 73.5554 33.75 17.9
    endloop
  endfacet
  facet normal 0.831658 0.555288 0
    outer loop
      vertex 73.5554 33.75 15.5
      vertex 73.599 33.6847 17.9
      vertex 73.599 33.6847 15.5
    endloop
  endfacet
  facet normal 0.555288 -0.831658 0
    outer loop
      vertex 73.7097 47.526 15.5
      vertex 73.775 47.5696 17.9
      vertex 73.7097 47.526 17.9
    endloop
  endfacet
  facet normal 0.555288 -0.831658 0
    outer loop
      vertex 73.775 47.5696 17.9
      vertex 73.7097 47.526 15.5
      vertex 73.775 47.5696 15.5
    endloop
  endfacet
  facet normal -0.946625 0.322337 0
    outer loop
      vertex 87.6293 33.8204 15.5
      vertex 87.6546 33.8947 17.9
      vertex 87.6546 33.8947 15.5
    endloop
  endfacet
  facet normal -0.946625 0.322337 0
    outer loop
      vertex 87.6546 33.8947 17.9
      vertex 87.6293 33.8204 15.5
      vertex 87.6293 33.8204 17.9
    endloop
  endfacet
  facet normal 0.752103 0.659046 0
    outer loop
      vertex 73.6507 33.6257 17.9
      vertex 73.599 33.6847 15.5
      vertex 73.599 33.6847 17.9
    endloop
  endfacet
  facet normal 0.752103 0.659046 0
    outer loop
      vertex 73.599 33.6847 15.5
      vertex 73.6507 33.6257 17.9
      vertex 73.6507 33.6257 15.5
    endloop
  endfacet
  facet normal -0.752103 0.659046 0
    outer loop
      vertex 87.4993 33.6257 15.5
      vertex 87.551 33.6847 17.9
      vertex 87.551 33.6847 15.5
    endloop
  endfacet
  facet normal -0.752103 0.659046 0
    outer loop
      vertex 87.551 33.6847 17.9
      vertex 87.4993 33.6257 15.5
      vertex 87.4993 33.6257 17.9
    endloop
  endfacet
  facet normal -0.997886 -0.0649964 0
    outer loop
      vertex 87.675 47.05 15.5
      vertex 87.6699 47.1283 17.9
      vertex 87.6699 47.1283 15.5
    endloop
  endfacet
  facet normal -0.997886 -0.0649964 0
    outer loop
      vertex 87.6699 47.1283 17.9
      vertex 87.675 47.05 15.5
      vertex 87.675 47.05 17.9
    endloop
  endfacet
  facet normal 0.997886 -0.0649964 0
    outer loop
      vertex 73.475 47.05 17.9
      vertex 73.4801 47.1283 15.5
      vertex 73.4801 47.1283 17.9
    endloop
  endfacet
  facet normal 0.997886 -0.0649964 0
    outer loop
      vertex 73.4801 47.1283 15.5
      vertex 73.475 47.05 17.9
      vertex 73.475 47.05 15.5
    endloop
  endfacet
  facet normal -0.658414 0.752656 0
    outer loop
      vertex 87.4993 33.6257 15.5
      vertex 87.4402 33.574 17.9
      vertex 87.4993 33.6257 17.9
    endloop
  endfacet
  facet normal -0.658414 0.752656 0
    outer loop
      vertex 87.4402 33.574 17.9
      vertex 87.4993 33.6257 15.5
      vertex 87.4402 33.574 15.5
    endloop
  endfacet
  facet normal 0.997886 0.0649964 0
    outer loop
      vertex 73.4801 33.9717 17.9
      vertex 73.475 34.05 15.5
      vertex 73.475 34.05 17.9
    endloop
  endfacet
  facet normal 0.997886 0.0649964 0
    outer loop
      vertex 73.475 34.05 15.5
      vertex 73.4801 33.9717 17.9
      vertex 73.4801 33.9717 15.5
    endloop
  endfacet
  facet normal -0.980825 0.194891 0
    outer loop
      vertex 87.6546 33.8947 15.5
      vertex 87.6699 33.9717 17.9
      vertex 87.6699 33.9717 15.5
    endloop
  endfacet
  facet normal -0.980825 0.194891 0
    outer loop
      vertex 87.6699 33.9717 17.9
      vertex 87.6546 33.8947 15.5
      vertex 87.6546 33.8947 17.9
    endloop
  endfacet
  facet normal -0.997886 0.0649964 0
    outer loop
      vertex 87.6699 33.9717 15.5
      vertex 87.675 34.05 17.9
      vertex 87.675 34.05 15.5
    endloop
  endfacet
  facet normal -0.997886 0.0649964 0
    outer loop
      vertex 87.675 34.05 17.9
      vertex 87.6699 33.9717 15.5
      vertex 87.6699 33.9717 17.9
    endloop
  endfacet
  facet normal -0.44211 0.896961 0
    outer loop
      vertex 87.375 33.5304 15.5
      vertex 87.3046 33.4957 17.9
      vertex 87.375 33.5304 17.9
    endloop
  endfacet
  facet normal -0.44211 0.896961 0
    outer loop
      vertex 87.3046 33.4957 17.9
      vertex 87.375 33.5304 15.5
      vertex 87.3046 33.4957 15.5
    endloop
  endfacet
  facet normal -0.555877 0.831265 0
    outer loop
      vertex 87.4402 33.574 15.5
      vertex 87.375 33.5304 17.9
      vertex 87.4402 33.574 17.9
    endloop
  endfacet
  facet normal -0.555877 0.831265 0
    outer loop
      vertex 87.375 33.5304 17.9
      vertex 87.4402 33.574 15.5
      vertex 87.375 33.5304 15.5
    endloop
  endfacet
  facet normal -0.322337 0.946625 0
    outer loop
      vertex 87.3046 52.5457 15.5
      vertex 87.2303 52.5204 17.9
      vertex 87.3046 52.5457 17.9
    endloop
  endfacet
  facet normal -0.322337 0.946625 0
    outer loop
      vertex 87.2303 52.5204 17.9
      vertex 87.3046 52.5457 15.5
      vertex 87.2303 52.5204 15.5
    endloop
  endfacet
  facet normal -0.896961 0.44211 0
    outer loop
      vertex 87.5946 52.8 15.5
      vertex 87.6293 52.8704 17.9
      vertex 87.6293 52.8704 15.5
    endloop
  endfacet
  facet normal -0.896961 0.44211 0
    outer loop
      vertex 87.6293 52.8704 17.9
      vertex 87.5946 52.8 15.5
      vertex 87.5946 52.8 17.9
    endloop
  endfacet
  facet normal 0 1 -0
    outer loop
      vertex 87.075 52.5 15.5
      vertex 74.075 52.5 17.9
      vertex 87.075 52.5 17.9
    endloop
  endfacet
  facet normal 0 1 0
    outer loop
      vertex 74.075 52.5 17.9
      vertex 87.075 52.5 15.5
      vertex 74.075 52.5 15.5
    endloop
  endfacet
  facet normal -0.194891 0.980825 0
    outer loop
      vertex 87.2303 52.5204 15.5
      vertex 87.1533 52.5051 17.9
      vertex 87.2303 52.5204 17.9
    endloop
  endfacet
  facet normal -0.194891 0.980825 0
    outer loop
      vertex 87.1533 52.5051 17.9
      vertex 87.2303 52.5204 15.5
      vertex 87.1533 52.5051 15.5
    endloop
  endfacet
  facet normal -0.0649964 -0.997886 0
    outer loop
      vertex 87.075 66.7 15.5
      vertex 87.1533 66.6949 17.9
      vertex 87.075 66.7 17.9
    endloop
  endfacet
  facet normal -0.0649964 -0.997886 -0
    outer loop
      vertex 87.1533 66.6949 17.9
      vertex 87.075 66.7 15.5
      vertex 87.1533 66.6949 15.5
    endloop
  endfacet
  facet normal 0.980825 0.194891 0
    outer loop
      vertex 73.4954 52.9447 17.9
      vertex 73.4801 53.0217 15.5
      vertex 73.4801 53.0217 17.9
    endloop
  endfacet
  facet normal 0.980825 0.194891 0
    outer loop
      vertex 73.4801 53.0217 15.5
      vertex 73.4954 52.9447 17.9
      vertex 73.4954 52.9447 15.5
    endloop
  endfacet
  facet normal -0.0649964 0.997886 0
    outer loop
      vertex 87.1533 52.5051 15.5
      vertex 87.075 52.5 17.9
      vertex 87.1533 52.5051 17.9
    endloop
  endfacet
  facet normal -0.0649964 0.997886 0
    outer loop
      vertex 87.075 52.5 17.9
      vertex 87.1533 52.5051 15.5
      vertex 87.075 52.5 15.5
    endloop
  endfacet
  facet normal 0.44211 0.896961 -0
    outer loop
      vertex 73.8454 52.5457 15.5
      vertex 73.775 52.5804 17.9
      vertex 73.8454 52.5457 17.9
    endloop
  endfacet
  facet normal 0.44211 0.896961 0
    outer loop
      vertex 73.775 52.5804 17.9
      vertex 73.8454 52.5457 15.5
      vertex 73.775 52.5804 15.5
    endloop
  endfacet
  facet normal 0.659046 0.752103 -0
    outer loop
      vertex 73.7097 52.624 15.5
      vertex 73.6507 52.6757 17.9
      vertex 73.7097 52.624 17.9
    endloop
  endfacet
  facet normal 0.659046 0.752103 0
    outer loop
      vertex 73.6507 52.6757 17.9
      vertex 73.7097 52.624 15.5
      vertex 73.6507 52.6757 15.5
    endloop
  endfacet
  facet normal -0.896961 -0.44211 0
    outer loop
      vertex 87.6293 66.3296 15.5
      vertex 87.5946 66.4 17.9
      vertex 87.5946 66.4 15.5
    endloop
  endfacet
  facet normal -0.896961 -0.44211 0
    outer loop
      vertex 87.5946 66.4 17.9
      vertex 87.6293 66.3296 15.5
      vertex 87.6293 66.3296 17.9
    endloop
  endfacet
  facet normal 0.555288 0.831658 -0
    outer loop
      vertex 73.775 52.5804 15.5
      vertex 73.7097 52.624 17.9
      vertex 73.775 52.5804 17.9
    endloop
  endfacet
  facet normal 0.555288 0.831658 0
    outer loop
      vertex 73.7097 52.624 17.9
      vertex 73.775 52.5804 15.5
      vertex 73.7097 52.624 15.5
    endloop
  endfacet
  facet normal 0.659046 -0.752103 0
    outer loop
      vertex 73.6507 66.5243 15.5
      vertex 73.7097 66.576 17.9
      vertex 73.6507 66.5243 17.9
    endloop
  endfacet
  facet normal 0.659046 -0.752103 0
    outer loop
      vertex 73.7097 66.576 17.9
      vertex 73.6507 66.5243 15.5
      vertex 73.7097 66.576 15.5
    endloop
  endfacet
  facet normal 0.896961 0.44211 0
    outer loop
      vertex 73.5554 52.8 17.9
      vertex 73.5207 52.8704 15.5
      vertex 73.5207 52.8704 17.9
    endloop
  endfacet
  facet normal 0.896961 0.44211 0
    outer loop
      vertex 73.5207 52.8704 15.5
      vertex 73.5554 52.8 17.9
      vertex 73.5554 52.8 15.5
    endloop
  endfacet
  facet normal -1 0 0
    outer loop
      vertex 87.675 53.1 15.5
      vertex 87.675 66.1 17.9
      vertex 87.675 66.1 15.5
    endloop
  endfacet
  facet normal -1 -0 0
    outer loop
      vertex 87.675 66.1 17.9
      vertex 87.675 53.1 15.5
      vertex 87.675 53.1 17.9
    endloop
  endfacet
  facet normal -0.44211 -0.896961 0
    outer loop
      vertex 87.3046 66.6543 15.5
      vertex 87.375 66.6196 17.9
      vertex 87.3046 66.6543 17.9
    endloop
  endfacet
  facet normal -0.44211 -0.896961 -0
    outer loop
      vertex 87.375 66.6196 17.9
      vertex 87.3046 66.6543 15.5
      vertex 87.375 66.6196 15.5
    endloop
  endfacet
  facet normal 1 -0 0
    outer loop
      vertex 73.475 53.1 17.9
      vertex 73.475 66.1 15.5
      vertex 73.475 66.1 17.9
    endloop
  endfacet
  facet normal 1 0 0
    outer loop
      vertex 73.475 66.1 15.5
      vertex 73.475 53.1 17.9
      vertex 73.475 53.1 15.5
    endloop
  endfacet
  facet normal 0.44211 -0.896961 0
    outer loop
      vertex 73.775 66.6196 15.5
      vertex 73.8454 66.6543 17.9
      vertex 73.775 66.6196 17.9
    endloop
  endfacet
  facet normal 0.44211 -0.896961 0
    outer loop
      vertex 73.8454 66.6543 17.9
      vertex 73.775 66.6196 15.5
      vertex 73.8454 66.6543 15.5
    endloop
  endfacet
  facet normal 0.946625 0.322337 0
    outer loop
      vertex 73.5207 52.8704 17.9
      vertex 73.4954 52.9447 15.5
      vertex 73.4954 52.9447 17.9
    endloop
  endfacet
  facet normal 0.946625 0.322337 0
    outer loop
      vertex 73.4954 52.9447 15.5
      vertex 73.5207 52.8704 17.9
      vertex 73.5207 52.8704 15.5
    endloop
  endfacet
  facet normal 0.322337 0.946625 -0
    outer loop
      vertex 73.9197 52.5204 15.5
      vertex 73.8454 52.5457 17.9
      vertex 73.9197 52.5204 17.9
    endloop
  endfacet
  facet normal 0.322337 0.946625 0
    outer loop
      vertex 73.8454 52.5457 17.9
      vertex 73.9197 52.5204 15.5
      vertex 73.8454 52.5457 15.5
    endloop
  endfacet
  facet normal 0.0649964 0.997886 -0
    outer loop
      vertex 74.075 52.5 15.5
      vertex 73.9967 52.5051 17.9
      vertex 74.075 52.5 17.9
    endloop
  endfacet
  facet normal 0.0649964 0.997886 0
    outer loop
      vertex 73.9967 52.5051 17.9
      vertex 74.075 52.5 15.5
      vertex 73.9967 52.5051 15.5
    endloop
  endfacet
  facet normal -0.980825 -0.194891 0
    outer loop
      vertex 87.6699 66.1783 15.5
      vertex 87.6546 66.2553 17.9
      vertex 87.6546 66.2553 15.5
    endloop
  endfacet
  facet normal -0.980825 -0.194891 0
    outer loop
      vertex 87.6546 66.2553 17.9
      vertex 87.6699 66.1783 15.5
      vertex 87.6699 66.1783 17.9
    endloop
  endfacet
  facet normal -0.555877 -0.831265 0
    outer loop
      vertex 87.375 66.6196 15.5
      vertex 87.4402 66.576 17.9
      vertex 87.375 66.6196 17.9
    endloop
  endfacet
  facet normal -0.555877 -0.831265 -0
    outer loop
      vertex 87.4402 66.576 17.9
      vertex 87.375 66.6196 15.5
      vertex 87.4402 66.576 15.5
    endloop
  endfacet
  facet normal 0.946625 -0.322337 0
    outer loop
      vertex 73.4954 66.2553 17.9
      vertex 73.5207 66.3296 15.5
      vertex 73.5207 66.3296 17.9
    endloop
  endfacet
  facet normal 0.946625 -0.322337 0
    outer loop
      vertex 73.5207 66.3296 15.5
      vertex 73.4954 66.2553 17.9
      vertex 73.4954 66.2553 15.5
    endloop
  endfacet
  facet normal -0.831265 -0.555877 0
    outer loop
      vertex 87.5946 66.4 15.5
      vertex 87.551 66.4652 17.9
      vertex 87.551 66.4652 15.5
    endloop
  endfacet
  facet normal -0.831265 -0.555877 0
    outer loop
      vertex 87.551 66.4652 17.9
      vertex 87.5946 66.4 15.5
      vertex 87.5946 66.4 17.9
    endloop
  endfacet
  facet normal 0 -1 0
    outer loop
      vertex 74.075 66.7 15.5
      vertex 87.075 66.7 17.9
      vertex 74.075 66.7 17.9
    endloop
  endfacet
  facet normal 0 -1 -0
    outer loop
      vertex 87.075 66.7 17.9
      vertex 74.075 66.7 15.5
      vertex 87.075 66.7 15.5
    endloop
  endfacet
  facet normal 0.980825 -0.194891 0
    outer loop
      vertex 73.4801 66.1783 17.9
      vertex 73.4954 66.2553 15.5
      vertex 73.4954 66.2553 17.9
    endloop
  endfacet
  facet normal 0.980825 -0.194891 0
    outer loop
      vertex 73.4954 66.2553 15.5
      vertex 73.4801 66.1783 17.9
      vertex 73.4801 66.1783 15.5
    endloop
  endfacet
  facet normal 0.194891 0.980825 -0
    outer loop
      vertex 73.9967 52.5051 15.5
      vertex 73.9197 52.5204 17.9
      vertex 73.9967 52.5051 17.9
    endloop
  endfacet
  facet normal 0.194891 0.980825 0
    outer loop
      vertex 73.9197 52.5204 17.9
      vertex 73.9967 52.5051 15.5
      vertex 73.9197 52.5204 15.5
    endloop
  endfacet
  facet normal 0.322337 -0.946625 0
    outer loop
      vertex 73.8454 66.6543 15.5
      vertex 73.9197 66.6796 17.9
      vertex 73.8454 66.6543 17.9
    endloop
  endfacet
  facet normal 0.322337 -0.946625 0
    outer loop
      vertex 73.9197 66.6796 17.9
      vertex 73.8454 66.6543 15.5
      vertex 73.9197 66.6796 15.5
    endloop
  endfacet
  facet normal 0.896961 -0.44211 0
    outer loop
      vertex 73.5207 66.3296 17.9
      vertex 73.5554 66.4 15.5
      vertex 73.5554 66.4 17.9
    endloop
  endfacet
  facet normal 0.896961 -0.44211 0
    outer loop
      vertex 73.5554 66.4 15.5
      vertex 73.5207 66.3296 17.9
      vertex 73.5207 66.3296 15.5
    endloop
  endfacet
  facet normal 0.831265 -0.555877 0
    outer loop
      vertex 73.5554 66.4 17.9
      vertex 73.599 66.4652 15.5
      vertex 73.599 66.4652 17.9
    endloop
  endfacet
  facet normal 0.831265 -0.555877 0
    outer loop
      vertex 73.599 66.4652 15.5
      vertex 73.5554 66.4 17.9
      vertex 73.5554 66.4 15.5
    endloop
  endfacet
  facet normal 0.0649964 -0.997886 0
    outer loop
      vertex 73.9967 66.6949 15.5
      vertex 74.075 66.7 17.9
      vertex 73.9967 66.6949 17.9
    endloop
  endfacet
  facet normal 0.0649964 -0.997886 0
    outer loop
      vertex 74.075 66.7 17.9
      vertex 73.9967 66.6949 15.5
      vertex 74.075 66.7 15.5
    endloop
  endfacet
  facet normal 0.752656 -0.658414 0
    outer loop
      vertex 73.599 66.4652 17.9
      vertex 73.6507 66.5243 15.5
      vertex 73.6507 66.5243 17.9
    endloop
  endfacet
  facet normal 0.752656 -0.658414 0
    outer loop
      vertex 73.6507 66.5243 15.5
      vertex 73.599 66.4652 17.9
      vertex 73.599 66.4652 15.5
    endloop
  endfacet
  facet normal 0.194891 -0.980825 0
    outer loop
      vertex 73.9197 66.6796 15.5
      vertex 73.9967 66.6949 17.9
      vertex 73.9197 66.6796 17.9
    endloop
  endfacet
  facet normal 0.194891 -0.980825 0
    outer loop
      vertex 73.9967 66.6949 17.9
      vertex 73.9197 66.6796 15.5
      vertex 73.9967 66.6949 15.5
    endloop
  endfacet
  facet normal -0.946625 -0.322337 0
    outer loop
      vertex 87.6546 66.2553 15.5
      vertex 87.6293 66.3296 17.9
      vertex 87.6293 66.3296 15.5
    endloop
  endfacet
  facet normal -0.946625 -0.322337 0
    outer loop
      vertex 87.6293 66.3296 17.9
      vertex 87.6546 66.2553 15.5
      vertex 87.6546 66.2553 17.9
    endloop
  endfacet
  facet normal -0.322337 -0.946625 0
    outer loop
      vertex 87.2303 66.6796 15.5
      vertex 87.3046 66.6543 17.9
      vertex 87.2303 66.6796 17.9
    endloop
  endfacet
  facet normal -0.322337 -0.946625 -0
    outer loop
      vertex 87.3046 66.6543 17.9
      vertex 87.2303 66.6796 15.5
      vertex 87.3046 66.6543 15.5
    endloop
  endfacet
  facet normal -0.658414 -0.752656 0
    outer loop
      vertex 87.4402 66.576 15.5
      vertex 87.4993 66.5243 17.9
      vertex 87.4402 66.576 17.9
    endloop
  endfacet
  facet normal -0.658414 -0.752656 -0
    outer loop
      vertex 87.4993 66.5243 17.9
      vertex 87.4402 66.576 15.5
      vertex 87.4993 66.5243 15.5
    endloop
  endfacet
  facet normal -0.194891 -0.980825 0
    outer loop
      vertex 87.1533 66.6949 15.5
      vertex 87.2303 66.6796 17.9
      vertex 87.1533 66.6949 17.9
    endloop
  endfacet
  facet normal -0.194891 -0.980825 -0
    outer loop
      vertex 87.2303 66.6796 17.9
      vertex 87.1533 66.6949 15.5
      vertex 87.2303 66.6796 15.5
    endloop
  endfacet
  facet normal -0.831658 0.555288 0
    outer loop
      vertex 87.551 52.7347 15.5
      vertex 87.5946 52.8 17.9
      vertex 87.5946 52.8 15.5
    endloop
  endfacet
  facet normal -0.831658 0.555288 0
    outer loop
      vertex 87.5946 52.8 17.9
      vertex 87.551 52.7347 15.5
      vertex 87.551 52.7347 17.9
    endloop
  endfacet
  facet normal 0.831658 0.555288 0
    outer loop
      vertex 73.599 52.7347 17.9
      vertex 73.5554 52.8 15.5
      vertex 73.5554 52.8 17.9
    endloop
  endfacet
  facet normal 0.831658 0.555288 0
    outer loop
      vertex 73.5554 52.8 15.5
      vertex 73.599 52.7347 17.9
      vertex 73.599 52.7347 15.5
    endloop
  endfacet
  facet normal -0.946625 0.322337 0
    outer loop
      vertex 87.6293 52.8704 15.5
      vertex 87.6546 52.9447 17.9
      vertex 87.6546 52.9447 15.5
    endloop
  endfacet
  facet normal -0.946625 0.322337 0
    outer loop
      vertex 87.6546 52.9447 17.9
      vertex 87.6293 52.8704 15.5
      vertex 87.6293 52.8704 17.9
    endloop
  endfacet
  facet normal 0.555288 -0.831658 0
    outer loop
      vertex 73.7097 66.576 15.5
      vertex 73.775 66.6196 17.9
      vertex 73.7097 66.576 17.9
    endloop
  endfacet
  facet normal 0.555288 -0.831658 0
    outer loop
      vertex 73.775 66.6196 17.9
      vertex 73.7097 66.576 15.5
      vertex 73.775 66.6196 15.5
    endloop
  endfacet
  facet normal 0.752103 0.659046 0
    outer loop
      vertex 73.6507 52.6757 17.9
      vertex 73.599 52.7347 15.5
      vertex 73.599 52.7347 17.9
    endloop
  endfacet
  facet normal 0.752103 0.659046 0
    outer loop
      vertex 73.599 52.7347 15.5
      vertex 73.6507 52.6757 17.9
      vertex 73.6507 52.6757 15.5
    endloop
  endfacet
  facet normal -0.752103 0.659046 0
    outer loop
      vertex 87.4993 52.6757 15.5
      vertex 87.551 52.7347 17.9
      vertex 87.551 52.7347 15.5
    endloop
  endfacet
  facet normal -0.752103 0.659046 0
    outer loop
      vertex 87.551 52.7347 17.9
      vertex 87.4993 52.6757 15.5
      vertex 87.4993 52.6757 17.9
    endloop
  endfacet
  facet normal -0.997886 -0.0649964 0
    outer loop
      vertex 87.675 66.1 15.5
      vertex 87.6699 66.1783 17.9
      vertex 87.6699 66.1783 15.5
    endloop
  endfacet
  facet normal -0.997886 -0.0649964 0
    outer loop
      vertex 87.6699 66.1783 17.9
      vertex 87.675 66.1 15.5
      vertex 87.675 66.1 17.9
    endloop
  endfacet
  facet normal 0.997886 -0.0649964 0
    outer loop
      vertex 73.475 66.1 17.9
      vertex 73.4801 66.1783 15.5
      vertex 73.4801 66.1783 17.9
    endloop
  endfacet
  facet normal 0.997886 -0.0649964 0
    outer loop
      vertex 73.4801 66.1783 15.5
      vertex 73.475 66.1 17.9
      vertex 73.475 66.1 15.5
    endloop
  endfacet
  facet normal -0.658414 0.752656 0
    outer loop
      vertex 87.4993 52.6757 15.5
      vertex 87.4402 52.624 17.9
      vertex 87.4993 52.6757 17.9
    endloop
  endfacet
  facet normal -0.658414 0.752656 0
    outer loop
      vertex 87.4402 52.624 17.9
      vertex 87.4993 52.6757 15.5
      vertex 87.4402 52.624 15.5
    endloop
  endfacet
  facet normal -0.752656 -0.658414 0
    outer loop
      vertex 87.551 66.4652 15.5
      vertex 87.4993 66.5243 17.9
      vertex 87.4993 66.5243 15.5
    endloop
  endfacet
  facet normal -0.752656 -0.658414 0
    outer loop
      vertex 87.4993 66.5243 17.9
      vertex 87.551 66.4652 15.5
      vertex 87.551 66.4652 17.9
    endloop
  endfacet
  facet normal 0.997886 0.0649964 0
    outer loop
      vertex 73.4801 53.0217 17.9
      vertex 73.475 53.1 15.5
      vertex 73.475 53.1 17.9
    endloop
  endfacet
  facet normal 0.997886 0.0649964 0
    outer loop
      vertex 73.475 53.1 15.5
      vertex 73.4801 53.0217 17.9
      vertex 73.4801 53.0217 15.5
    endloop
  endfacet
  facet normal -0.980825 0.194891 0
    outer loop
      vertex 87.6546 52.9447 15.5
      vertex 87.6699 53.0217 17.9
      vertex 87.6699 53.0217 15.5
    endloop
  endfacet
  facet normal -0.980825 0.194891 0
    outer loop
      vertex 87.6699 53.0217 17.9
      vertex 87.6546 52.9447 15.5
      vertex 87.6546 52.9447 17.9
    endloop
  endfacet
  facet normal -0.997886 0.0649964 0
    outer loop
      vertex 87.6699 53.0217 15.5
      vertex 87.675 53.1 17.9
      vertex 87.675 53.1 15.5
    endloop
  endfacet
  facet normal -0.997886 0.0649964 0
    outer loop
      vertex 87.675 53.1 17.9
      vertex 87.6699 53.0217 15.5
      vertex 87.6699 53.0217 17.9
    endloop
  endfacet
  facet normal -0.44211 0.896961 0
    outer loop
      vertex 87.375 52.5804 15.5
      vertex 87.3046 52.5457 17.9
      vertex 87.375 52.5804 17.9
    endloop
  endfacet
  facet normal -0.44211 0.896961 0
    outer loop
      vertex 87.3046 52.5457 17.9
      vertex 87.375 52.5804 15.5
      vertex 87.3046 52.5457 15.5
    endloop
  endfacet
  facet normal -0.555877 0.831265 0
    outer loop
      vertex 87.4402 52.624 15.5
      vertex 87.375 52.5804 17.9
      vertex 87.4402 52.624 17.9
    endloop
  endfacet
  facet normal -0.555877 0.831265 0
    outer loop
      vertex 87.375 52.5804 17.9
      vertex 87.4402 52.624 15.5
      vertex 87.375 52.5804 15.5
    endloop
  endfacet
  facet normal -0.55516 -0.831743 0
    outer loop
      vertex 34.575 93.9959 15.5
      vertex 34.7001 93.9124 17.9
      vertex 34.575 93.9959 17.9
    endloop
  endfacet
  facet normal -0.55516 -0.831743 -0
    outer loop
      vertex 34.7001 93.9124 17.9
      vertex 34.575 93.9959 15.5
      vertex 34.7001 93.9124 15.5
    endloop
  endfacet
  facet normal 0.55516 0.831743 -0
    outer loop
      vertex 33.425 86.0041 15.5
      vertex 33.2999 86.0876 17.9
      vertex 33.425 86.0041 17.9
    endloop
  endfacet
  facet normal 0.55516 0.831743 0
    outer loop
      vertex 33.2999 86.0876 17.9
      vertex 33.425 86.0041 15.5
      vertex 33.2999 86.0876 15.5
    endloop
  endfacet
  facet normal -1 0 0
    outer loop
      vertex 35.15 87 15.5
      vertex 35.15 93 17.9
      vertex 35.15 93 15.5
    endloop
  endfacet
  facet normal -1 -0 0
    outer loop
      vertex 35.15 93 17.9
      vertex 35.15 87 15.5
      vertex 35.15 87 17.9
    endloop
  endfacet
  facet normal 0.751794 0.659398 0
    outer loop
      vertex 33.1868 86.1868 17.9
      vertex 33.0876 86.2999 15.5
      vertex 33.0876 86.2999 17.9
    endloop
  endfacet
  facet normal 0.751794 0.659398 0
    outer loop
      vertex 33.0876 86.2999 15.5
      vertex 33.1868 86.1868 17.9
      vertex 33.1868 86.1868 15.5
    endloop
  endfacet
  facet normal 0.997875 -0.0651511 0
    outer loop
      vertex 32.85 93 17.9
      vertex 32.8598 93.1501 15.5
      vertex 32.8598 93.1501 17.9
    endloop
  endfacet
  facet normal 0.997875 -0.0651511 0
    outer loop
      vertex 32.8598 93.1501 15.5
      vertex 32.85 93 17.9
      vertex 32.85 93 15.5
    endloop
  endfacet
  facet normal -0.751794 -0.659398 0
    outer loop
      vertex 34.9124 93.7001 15.5
      vertex 34.8132 93.8132 17.9
      vertex 34.8132 93.8132 15.5
    endloop
  endfacet
  facet normal -0.751794 -0.659398 0
    outer loop
      vertex 34.8132 93.8132 17.9
      vertex 34.9124 93.7001 15.5
      vertex 34.9124 93.7001 17.9
    endloop
  endfacet
  facet normal -0.831743 0.55516 0
    outer loop
      vertex 34.9124 86.2999 15.5
      vertex 34.9959 86.425 17.9
      vertex 34.9959 86.425 15.5
    endloop
  endfacet
  facet normal -0.831743 0.55516 0
    outer loop
      vertex 34.9959 86.425 17.9
      vertex 34.9124 86.2999 15.5
      vertex 34.9124 86.2999 17.9
    endloop
  endfacet
  facet normal -0.997875 0.0651511 0
    outer loop
      vertex 35.1402 86.8499 15.5
      vertex 35.15 87 17.9
      vertex 35.15 87 15.5
    endloop
  endfacet
  facet normal -0.997875 0.0651511 0
    outer loop
      vertex 35.15 87 17.9
      vertex 35.1402 86.8499 15.5
      vertex 35.1402 86.8499 17.9
    endloop
  endfacet
  facet normal 0.751794 -0.659398 0
    outer loop
      vertex 33.0876 93.7001 17.9
      vertex 33.1868 93.8132 15.5
      vertex 33.1868 93.8132 17.9
    endloop
  endfacet
  facet normal 0.751794 -0.659398 0
    outer loop
      vertex 33.1868 93.8132 15.5
      vertex 33.0876 93.7001 17.9
      vertex 33.0876 93.7001 15.5
    endloop
  endfacet
  facet normal -0.980708 0.195477 0
    outer loop
      vertex 35.1108 86.7024 15.5
      vertex 35.1402 86.8499 17.9
      vertex 35.1402 86.8499 15.5
    endloop
  endfacet
  facet normal -0.980708 0.195477 0
    outer loop
      vertex 35.1402 86.8499 17.9
      vertex 35.1108 86.7024 15.5
      vertex 35.1108 86.7024 17.9
    endloop
  endfacet
  facet normal -0.997875 -0.0651511 0
    outer loop
      vertex 35.15 93 15.5
      vertex 35.1402 93.1501 17.9
      vertex 35.1402 93.1501 15.5
    endloop
  endfacet
  facet normal -0.997875 -0.0651511 0
    outer loop
      vertex 35.1402 93.1501 17.9
      vertex 35.15 93 15.5
      vertex 35.15 93 17.9
    endloop
  endfacet
  facet normal 0.442688 0.896676 -0
    outer loop
      vertex 33.5599 85.9375 15.5
      vertex 33.425 86.0041 17.9
      vertex 33.5599 85.9375 17.9
    endloop
  endfacet
  facet normal 0.442688 0.896676 0
    outer loop
      vertex 33.425 86.0041 17.9
      vertex 33.5599 85.9375 15.5
      vertex 33.425 86.0041 15.5
    endloop
  endfacet
  facet normal -0.442688 -0.896676 0
    outer loop
      vertex 34.4401 94.0625 15.5
      vertex 34.575 93.9959 17.9
      vertex 34.4401 94.0625 17.9
    endloop
  endfacet
  facet normal -0.442688 -0.896676 -0
    outer loop
      vertex 34.575 93.9959 17.9
      vertex 34.4401 94.0625 15.5
      vertex 34.575 93.9959 15.5
    endloop
  endfacet
  facet normal 0.947076 -0.321009 0
    outer loop
      vertex 32.8892 93.2976 17.9
      vertex 32.9375 93.4401 15.5
      vertex 32.9375 93.4401 17.9
    endloop
  endfacet
  facet normal 0.947076 -0.321009 0
    outer loop
      vertex 32.9375 93.4401 15.5
      vertex 32.8892 93.2976 17.9
      vertex 32.8892 93.2976 15.5
    endloop
  endfacet
  facet normal 1 -0 0
    outer loop
      vertex 32.85 87 17.9
      vertex 32.85 93 15.5
      vertex 32.85 93 17.9
    endloop
  endfacet
  facet normal 1 0 0
    outer loop
      vertex 32.85 93 15.5
      vertex 32.85 87 17.9
      vertex 32.85 87 15.5
    endloop
  endfacet
  facet normal -0.831743 -0.55516 0
    outer loop
      vertex 34.9959 93.575 15.5
      vertex 34.9124 93.7001 17.9
      vertex 34.9124 93.7001 15.5
    endloop
  endfacet
  facet normal -0.831743 -0.55516 0
    outer loop
      vertex 34.9124 93.7001 17.9
      vertex 34.9959 93.575 15.5
      vertex 34.9959 93.575 17.9
    endloop
  endfacet
  facet normal 0.55516 -0.831743 0
    outer loop
      vertex 33.2999 93.9124 15.5
      vertex 33.425 93.9959 17.9
      vertex 33.2999 93.9124 17.9
    endloop
  endfacet
  facet normal 0.55516 -0.831743 0
    outer loop
      vertex 33.425 93.9959 17.9
      vertex 33.2999 93.9124 15.5
      vertex 33.425 93.9959 15.5
    endloop
  endfacet
  facet normal 0.0651511 -0.997875 0
    outer loop
      vertex 33.8499 94.1402 15.5
      vertex 34 94.15 17.9
      vertex 33.8499 94.1402 17.9
    endloop
  endfacet
  facet normal 0.0651511 -0.997875 0
    outer loop
      vertex 34 94.15 17.9
      vertex 33.8499 94.1402 15.5
      vertex 34 94.15 15.5
    endloop
  endfacet
  facet normal 0.195477 0.980708 -0
    outer loop
      vertex 33.8499 85.8598 15.5
      vertex 33.7024 85.8892 17.9
      vertex 33.8499 85.8598 17.9
    endloop
  endfacet
  facet normal 0.195477 0.980708 0
    outer loop
      vertex 33.7024 85.8892 17.9
      vertex 33.8499 85.8598 15.5
      vertex 33.7024 85.8892 15.5
    endloop
  endfacet
  facet normal 0.831743 -0.55516 0
    outer loop
      vertex 33.0041 93.575 17.9
      vertex 33.0876 93.7001 15.5
      vertex 33.0876 93.7001 17.9
    endloop
  endfacet
  facet normal 0.831743 -0.55516 0
    outer loop
      vertex 33.0876 93.7001 15.5
      vertex 33.0041 93.575 17.9
      vertex 33.0041 93.575 15.5
    endloop
  endfacet
  facet normal 0.659398 0.751794 -0
    outer loop
      vertex 33.2999 86.0876 15.5
      vertex 33.1868 86.1868 17.9
      vertex 33.2999 86.0876 17.9
    endloop
  endfacet
  facet normal 0.659398 0.751794 0
    outer loop
      vertex 33.1868 86.1868 17.9
      vertex 33.2999 86.0876 15.5
      vertex 33.1868 86.1868 15.5
    endloop
  endfacet
  facet normal -0.751794 0.659398 0
    outer loop
      vertex 34.8132 86.1868 15.5
      vertex 34.9124 86.2999 17.9
      vertex 34.9124 86.2999 15.5
    endloop
  endfacet
  facet normal -0.751794 0.659398 0
    outer loop
      vertex 34.9124 86.2999 17.9
      vertex 34.8132 86.1868 15.5
      vertex 34.8132 86.1868 17.9
    endloop
  endfacet
  facet normal -0.896676 0.442688 0
    outer loop
      vertex 34.9959 86.425 15.5
      vertex 35.0625 86.5599 17.9
      vertex 35.0625 86.5599 15.5
    endloop
  endfacet
  facet normal -0.896676 0.442688 0
    outer loop
      vertex 35.0625 86.5599 17.9
      vertex 34.9959 86.425 15.5
      vertex 34.9959 86.425 17.9
    endloop
  endfacet
  facet normal -0.0651511 -0.997875 0
    outer loop
      vertex 34 94.15 15.5
      vertex 34.1501 94.1402 17.9
      vertex 34 94.15 17.9
    endloop
  endfacet
  facet normal -0.0651511 -0.997875 -0
    outer loop
      vertex 34.1501 94.1402 17.9
      vertex 34 94.15 15.5
      vertex 34.1501 94.1402 15.5
    endloop
  endfacet
  facet normal -0.0651511 0.997875 0
    outer loop
      vertex 34.1501 85.8598 15.5
      vertex 34 85.85 17.9
      vertex 34.1501 85.8598 17.9
    endloop
  endfacet
  facet normal -0.0651511 0.997875 0
    outer loop
      vertex 34 85.85 17.9
      vertex 34.1501 85.8598 15.5
      vertex 34 85.85 15.5
    endloop
  endfacet
  facet normal -0.55516 0.831743 0
    outer loop
      vertex 34.7001 86.0876 15.5
      vertex 34.575 86.0041 17.9
      vertex 34.7001 86.0876 17.9
    endloop
  endfacet
  facet normal -0.55516 0.831743 0
    outer loop
      vertex 34.575 86.0041 17.9
      vertex 34.7001 86.0876 15.5
      vertex 34.575 86.0041 15.5
    endloop
  endfacet
  facet normal 0.659398 -0.751794 0
    outer loop
      vertex 33.1868 93.8132 15.5
      vertex 33.2999 93.9124 17.9
      vertex 33.1868 93.8132 17.9
    endloop
  endfacet
  facet normal 0.659398 -0.751794 0
    outer loop
      vertex 33.2999 93.9124 17.9
      vertex 33.1868 93.8132 15.5
      vertex 33.2999 93.9124 15.5
    endloop
  endfacet
  facet normal -0.896676 -0.442688 0
    outer loop
      vertex 35.0625 93.4401 15.5
      vertex 34.9959 93.575 17.9
      vertex 34.9959 93.575 15.5
    endloop
  endfacet
  facet normal -0.896676 -0.442688 0
    outer loop
      vertex 34.9959 93.575 17.9
      vertex 35.0625 93.4401 15.5
      vertex 35.0625 93.4401 17.9
    endloop
  endfacet
  facet normal 0.321009 -0.947076 0
    outer loop
      vertex 33.5599 94.0625 15.5
      vertex 33.7024 94.1108 17.9
      vertex 33.5599 94.0625 17.9
    endloop
  endfacet
  facet normal 0.321009 -0.947076 0
    outer loop
      vertex 33.7024 94.1108 17.9
      vertex 33.5599 94.0625 15.5
      vertex 33.7024 94.1108 15.5
    endloop
  endfacet
  facet normal 0.980708 -0.195477 0
    outer loop
      vertex 32.8598 93.1501 17.9
      vertex 32.8892 93.2976 15.5
      vertex 32.8892 93.2976 17.9
    endloop
  endfacet
  facet normal 0.980708 -0.195477 0
    outer loop
      vertex 32.8892 93.2976 15.5
      vertex 32.8598 93.1501 17.9
      vertex 32.8598 93.1501 15.5
    endloop
  endfacet
  facet normal -0.947076 0.321009 0
    outer loop
      vertex 35.0625 86.5599 15.5
      vertex 35.1108 86.7024 17.9
      vertex 35.1108 86.7024 15.5
    endloop
  endfacet
  facet normal -0.947076 0.321009 0
    outer loop
      vertex 35.1108 86.7024 17.9
      vertex 35.0625 86.5599 15.5
      vertex 35.0625 86.5599 17.9
    endloop
  endfacet
  facet normal -0.659398 0.751794 0
    outer loop
      vertex 34.8132 86.1868 15.5
      vertex 34.7001 86.0876 17.9
      vertex 34.8132 86.1868 17.9
    endloop
  endfacet
  facet normal -0.659398 0.751794 0
    outer loop
      vertex 34.7001 86.0876 17.9
      vertex 34.8132 86.1868 15.5
      vertex 34.7001 86.0876 15.5
    endloop
  endfacet
  facet normal 0.896676 -0.442688 0
    outer loop
      vertex 32.9375 93.4401 17.9
      vertex 33.0041 93.575 15.5
      vertex 33.0041 93.575 17.9
    endloop
  endfacet
  facet normal 0.896676 -0.442688 0
    outer loop
      vertex 33.0041 93.575 15.5
      vertex 32.9375 93.4401 17.9
      vertex 32.9375 93.4401 15.5
    endloop
  endfacet
  facet normal -0.659398 -0.751794 0
    outer loop
      vertex 34.7001 93.9124 15.5
      vertex 34.8132 93.8132 17.9
      vertex 34.7001 93.9124 17.9
    endloop
  endfacet
  facet normal -0.659398 -0.751794 -0
    outer loop
      vertex 34.8132 93.8132 17.9
      vertex 34.7001 93.9124 15.5
      vertex 34.8132 93.8132 15.5
    endloop
  endfacet
  facet normal -0.980708 -0.195477 0
    outer loop
      vertex 35.1402 93.1501 15.5
      vertex 35.1108 93.2976 17.9
      vertex 35.1108 93.2976 15.5
    endloop
  endfacet
  facet normal -0.980708 -0.195477 0
    outer loop
      vertex 35.1108 93.2976 17.9
      vertex 35.1402 93.1501 15.5
      vertex 35.1402 93.1501 17.9
    endloop
  endfacet
  facet normal 0.195477 -0.980708 0
    outer loop
      vertex 33.7024 94.1108 15.5
      vertex 33.8499 94.1402 17.9
      vertex 33.7024 94.1108 17.9
    endloop
  endfacet
  facet normal 0.195477 -0.980708 0
    outer loop
      vertex 33.8499 94.1402 17.9
      vertex 33.7024 94.1108 15.5
      vertex 33.8499 94.1402 15.5
    endloop
  endfacet
  facet normal -0.947076 -0.321009 0
    outer loop
      vertex 35.1108 93.2976 15.5
      vertex 35.0625 93.4401 17.9
      vertex 35.0625 93.4401 15.5
    endloop
  endfacet
  facet normal -0.947076 -0.321009 0
    outer loop
      vertex 35.0625 93.4401 17.9
      vertex 35.1108 93.2976 15.5
      vertex 35.1108 93.2976 17.9
    endloop
  endfacet
  facet normal 0.321009 0.947076 -0
    outer loop
      vertex 33.7024 85.8892 15.5
      vertex 33.5599 85.9375 17.9
      vertex 33.7024 85.8892 17.9
    endloop
  endfacet
  facet normal 0.321009 0.947076 0
    outer loop
      vertex 33.5599 85.9375 17.9
      vertex 33.7024 85.8892 15.5
      vertex 33.5599 85.9375 15.5
    endloop
  endfacet
  facet normal 0.0651511 0.997875 -0
    outer loop
      vertex 34 85.85 15.5
      vertex 33.8499 85.8598 17.9
      vertex 34 85.85 17.9
    endloop
  endfacet
  facet normal 0.0651511 0.997875 0
    outer loop
      vertex 33.8499 85.8598 17.9
      vertex 34 85.85 15.5
      vertex 33.8499 85.8598 15.5
    endloop
  endfacet
  facet normal 0.896676 0.442688 0
    outer loop
      vertex 33.0041 86.425 17.9
      vertex 32.9375 86.5599 15.5
      vertex 32.9375 86.5599 17.9
    endloop
  endfacet
  facet normal 0.896676 0.442688 0
    outer loop
      vertex 32.9375 86.5599 15.5
      vertex 33.0041 86.425 17.9
      vertex 33.0041 86.425 15.5
    endloop
  endfacet
  facet normal 0.980708 0.195477 0
    outer loop
      vertex 32.8892 86.7024 17.9
      vertex 32.8598 86.8499 15.5
      vertex 32.8598 86.8499 17.9
    endloop
  endfacet
  facet normal 0.980708 0.195477 0
    outer loop
      vertex 32.8598 86.8499 15.5
      vertex 32.8892 86.7024 17.9
      vertex 32.8892 86.7024 15.5
    endloop
  endfacet
  facet normal 0.997875 0.0651511 0
    outer loop
      vertex 32.8598 86.8499 17.9
      vertex 32.85 87 15.5
      vertex 32.85 87 17.9
    endloop
  endfacet
  facet normal 0.997875 0.0651511 0
    outer loop
      vertex 32.85 87 15.5
      vertex 32.8598 86.8499 17.9
      vertex 32.8598 86.8499 15.5
    endloop
  endfacet
  facet normal 0.442688 -0.896676 0
    outer loop
      vertex 33.425 93.9959 15.5
      vertex 33.5599 94.0625 17.9
      vertex 33.425 93.9959 17.9
    endloop
  endfacet
  facet normal 0.442688 -0.896676 0
    outer loop
      vertex 33.5599 94.0625 17.9
      vertex 33.425 93.9959 15.5
      vertex 33.5599 94.0625 15.5
    endloop
  endfacet
  facet normal -0.195477 0.980708 0
    outer loop
      vertex 34.2976 85.8892 15.5
      vertex 34.1501 85.8598 17.9
      vertex 34.2976 85.8892 17.9
    endloop
  endfacet
  facet normal -0.195477 0.980708 0
    outer loop
      vertex 34.1501 85.8598 17.9
      vertex 34.2976 85.8892 15.5
      vertex 34.1501 85.8598 15.5
    endloop
  endfacet
  facet normal -0.321009 0.947076 0
    outer loop
      vertex 34.4401 85.9375 15.5
      vertex 34.2976 85.8892 17.9
      vertex 34.4401 85.9375 17.9
    endloop
  endfacet
  facet normal -0.321009 0.947076 0
    outer loop
      vertex 34.2976 85.8892 17.9
      vertex 34.4401 85.9375 15.5
      vertex 34.2976 85.8892 15.5
    endloop
  endfacet
  facet normal -0.321009 -0.947076 0
    outer loop
      vertex 34.2976 94.1108 15.5
      vertex 34.4401 94.0625 17.9
      vertex 34.2976 94.1108 17.9
    endloop
  endfacet
  facet normal -0.321009 -0.947076 -0
    outer loop
      vertex 34.4401 94.0625 17.9
      vertex 34.2976 94.1108 15.5
      vertex 34.4401 94.0625 15.5
    endloop
  endfacet
  facet normal -0.195477 -0.980708 0
    outer loop
      vertex 34.1501 94.1402 15.5
      vertex 34.2976 94.1108 17.9
      vertex 34.1501 94.1402 17.9
    endloop
  endfacet
  facet normal -0.195477 -0.980708 -0
    outer loop
      vertex 34.2976 94.1108 17.9
      vertex 34.1501 94.1402 15.5
      vertex 34.2976 94.1108 15.5
    endloop
  endfacet
  facet normal 0.831743 0.55516 0
    outer loop
      vertex 33.0876 86.2999 17.9
      vertex 33.0041 86.425 15.5
      vertex 33.0041 86.425 17.9
    endloop
  endfacet
  facet normal 0.831743 0.55516 0
    outer loop
      vertex 33.0041 86.425 15.5
      vertex 33.0876 86.2999 17.9
      vertex 33.0876 86.2999 15.5
    endloop
  endfacet
  facet normal 0.947076 0.321009 0
    outer loop
      vertex 32.9375 86.5599 17.9
      vertex 32.8892 86.7024 15.5
      vertex 32.8892 86.7024 17.9
    endloop
  endfacet
  facet normal 0.947076 0.321009 0
    outer loop
      vertex 32.8892 86.7024 15.5
      vertex 32.9375 86.5599 17.9
      vertex 32.9375 86.5599 15.5
    endloop
  endfacet
  facet normal -0.442688 0.896676 0
    outer loop
      vertex 34.575 86.0041 15.5
      vertex 34.4401 85.9375 17.9
      vertex 34.575 86.0041 17.9
    endloop
  endfacet
  facet normal -0.442688 0.896676 0
    outer loop
      vertex 34.4401 85.9375 17.9
      vertex 34.575 86.0041 15.5
      vertex 34.4401 85.9375 15.5
    endloop
  endfacet
  facet normal -0.55516 -0.831743 0
    outer loop
      vertex 39.575 93.9959 15.5
      vertex 39.7001 93.9124 17.9
      vertex 39.575 93.9959 17.9
    endloop
  endfacet
  facet normal -0.55516 -0.831743 -0
    outer loop
      vertex 39.7001 93.9124 17.9
      vertex 39.575 93.9959 15.5
      vertex 39.7001 93.9124 15.5
    endloop
  endfacet
  facet normal 0.55516 0.831743 -0
    outer loop
      vertex 38.425 86.0041 15.5
      vertex 38.2999 86.0876 17.9
      vertex 38.425 86.0041 17.9
    endloop
  endfacet
  facet normal 0.55516 0.831743 0
    outer loop
      vertex 38.2999 86.0876 17.9
      vertex 38.425 86.0041 15.5
      vertex 38.2999 86.0876 15.5
    endloop
  endfacet
  facet normal -1 0 0
    outer loop
      vertex 40.15 87 15.5
      vertex 40.15 93 17.9
      vertex 40.15 93 15.5
    endloop
  endfacet
  facet normal -1 -0 0
    outer loop
      vertex 40.15 93 17.9
      vertex 40.15 87 15.5
      vertex 40.15 87 17.9
    endloop
  endfacet
  facet normal 0.751794 0.659398 0
    outer loop
      vertex 38.1868 86.1868 17.9
      vertex 38.0876 86.2999 15.5
      vertex 38.0876 86.2999 17.9
    endloop
  endfacet
  facet normal 0.751794 0.659398 0
    outer loop
      vertex 38.0876 86.2999 15.5
      vertex 38.1868 86.1868 17.9
      vertex 38.1868 86.1868 15.5
    endloop
  endfacet
  facet normal 0.997875 -0.0651511 0
    outer loop
      vertex 37.85 93 17.9
      vertex 37.8598 93.1501 15.5
      vertex 37.8598 93.1501 17.9
    endloop
  endfacet
  facet normal 0.997875 -0.0651511 0
    outer loop
      vertex 37.8598 93.1501 15.5
      vertex 37.85 93 17.9
      vertex 37.85 93 15.5
    endloop
  endfacet
  facet normal -0.751794 -0.659398 0
    outer loop
      vertex 39.9124 93.7001 15.5
      vertex 39.8132 93.8132 17.9
      vertex 39.8132 93.8132 15.5
    endloop
  endfacet
  facet normal -0.751794 -0.659398 0
    outer loop
      vertex 39.8132 93.8132 17.9
      vertex 39.9124 93.7001 15.5
      vertex 39.9124 93.7001 17.9
    endloop
  endfacet
  facet normal -0.831743 0.55516 0
    outer loop
      vertex 39.9124 86.2999 15.5
      vertex 39.9959 86.425 17.9
      vertex 39.9959 86.425 15.5
    endloop
  endfacet
  facet normal -0.831743 0.55516 0
    outer loop
      vertex 39.9959 86.425 17.9
      vertex 39.9124 86.2999 15.5
      vertex 39.9124 86.2999 17.9
    endloop
  endfacet
  facet normal -0.997875 0.0651511 0
    outer loop
      vertex 40.1402 86.8499 15.5
      vertex 40.15 87 17.9
      vertex 40.15 87 15.5
    endloop
  endfacet
  facet normal -0.997875 0.0651511 0
    outer loop
      vertex 40.15 87 17.9
      vertex 40.1402 86.8499 15.5
      vertex 40.1402 86.8499 17.9
    endloop
  endfacet
  facet normal 0.751794 -0.659398 0
    outer loop
      vertex 38.0876 93.7001 17.9
      vertex 38.1868 93.8132 15.5
      vertex 38.1868 93.8132 17.9
    endloop
  endfacet
  facet normal 0.751794 -0.659398 0
    outer loop
      vertex 38.1868 93.8132 15.5
      vertex 38.0876 93.7001 17.9
      vertex 38.0876 93.7001 15.5
    endloop
  endfacet
  facet normal -0.980708 0.195477 0
    outer loop
      vertex 40.1108 86.7024 15.5
      vertex 40.1402 86.8499 17.9
      vertex 40.1402 86.8499 15.5
    endloop
  endfacet
  facet normal -0.980708 0.195477 0
    outer loop
      vertex 40.1402 86.8499 17.9
      vertex 40.1108 86.7024 15.5
      vertex 40.1108 86.7024 17.9
    endloop
  endfacet
  facet normal -0.997875 -0.0651511 0
    outer loop
      vertex 40.15 93 15.5
      vertex 40.1402 93.1501 17.9
      vertex 40.1402 93.1501 15.5
    endloop
  endfacet
  facet normal -0.997875 -0.0651511 0
    outer loop
      vertex 40.1402 93.1501 17.9
      vertex 40.15 93 15.5
      vertex 40.15 93 17.9
    endloop
  endfacet
  facet normal 0.442688 0.896676 -0
    outer loop
      vertex 38.5599 85.9375 15.5
      vertex 38.425 86.0041 17.9
      vertex 38.5599 85.9375 17.9
    endloop
  endfacet
  facet normal 0.442688 0.896676 0
    outer loop
      vertex 38.425 86.0041 17.9
      vertex 38.5599 85.9375 15.5
      vertex 38.425 86.0041 15.5
    endloop
  endfacet
  facet normal -0.442688 -0.896676 0
    outer loop
      vertex 39.4401 94.0625 15.5
      vertex 39.575 93.9959 17.9
      vertex 39.4401 94.0625 17.9
    endloop
  endfacet
  facet normal -0.442688 -0.896676 -0
    outer loop
      vertex 39.575 93.9959 17.9
      vertex 39.4401 94.0625 15.5
      vertex 39.575 93.9959 15.5
    endloop
  endfacet
  facet normal 0.947076 -0.321009 0
    outer loop
      vertex 37.8892 93.2976 17.9
      vertex 37.9375 93.4401 15.5
      vertex 37.9375 93.4401 17.9
    endloop
  endfacet
  facet normal 0.947076 -0.321009 0
    outer loop
      vertex 37.9375 93.4401 15.5
      vertex 37.8892 93.2976 17.9
      vertex 37.8892 93.2976 15.5
    endloop
  endfacet
  facet normal 1 -0 0
    outer loop
      vertex 37.85 87 17.9
      vertex 37.85 93 15.5
      vertex 37.85 93 17.9
    endloop
  endfacet
  facet normal 1 0 0
    outer loop
      vertex 37.85 93 15.5
      vertex 37.85 87 17.9
      vertex 37.85 87 15.5
    endloop
  endfacet
  facet normal -0.831743 -0.55516 0
    outer loop
      vertex 39.9959 93.575 15.5
      vertex 39.9124 93.7001 17.9
      vertex 39.9124 93.7001 15.5
    endloop
  endfacet
  facet normal -0.831743 -0.55516 0
    outer loop
      vertex 39.9124 93.7001 17.9
      vertex 39.9959 93.575 15.5
      vertex 39.9959 93.575 17.9
    endloop
  endfacet
  facet normal 0.55516 -0.831743 0
    outer loop
      vertex 38.2999 93.9124 15.5
      vertex 38.425 93.9959 17.9
      vertex 38.2999 93.9124 17.9
    endloop
  endfacet
  facet normal 0.55516 -0.831743 0
    outer loop
      vertex 38.425 93.9959 17.9
      vertex 38.2999 93.9124 15.5
      vertex 38.425 93.9959 15.5
    endloop
  endfacet
  facet normal 0.0651511 -0.997875 0
    outer loop
      vertex 38.8499 94.1402 15.5
      vertex 39 94.15 17.9
      vertex 38.8499 94.1402 17.9
    endloop
  endfacet
  facet normal 0.0651511 -0.997875 0
    outer loop
      vertex 39 94.15 17.9
      vertex 38.8499 94.1402 15.5
      vertex 39 94.15 15.5
    endloop
  endfacet
  facet normal 0.195477 0.980708 -0
    outer loop
      vertex 38.8499 85.8598 15.5
      vertex 38.7024 85.8892 17.9
      vertex 38.8499 85.8598 17.9
    endloop
  endfacet
  facet normal 0.195477 0.980708 0
    outer loop
      vertex 38.7024 85.8892 17.9
      vertex 38.8499 85.8598 15.5
      vertex 38.7024 85.8892 15.5
    endloop
  endfacet
  facet normal 0.831743 -0.55516 0
    outer loop
      vertex 38.0041 93.575 17.9
      vertex 38.0876 93.7001 15.5
      vertex 38.0876 93.7001 17.9
    endloop
  endfacet
  facet normal 0.831743 -0.55516 0
    outer loop
      vertex 38.0876 93.7001 15.5
      vertex 38.0041 93.575 17.9
      vertex 38.0041 93.575 15.5
    endloop
  endfacet
  facet normal 0.659398 0.751794 -0
    outer loop
      vertex 38.2999 86.0876 15.5
      vertex 38.1868 86.1868 17.9
      vertex 38.2999 86.0876 17.9
    endloop
  endfacet
  facet normal 0.659398 0.751794 0
    outer loop
      vertex 38.1868 86.1868 17.9
      vertex 38.2999 86.0876 15.5
      vertex 38.1868 86.1868 15.5
    endloop
  endfacet
  facet normal -0.896676 0.442688 0
    outer loop
      vertex 39.9959 86.425 15.5
      vertex 40.0625 86.5599 17.9
      vertex 40.0625 86.5599 15.5
    endloop
  endfacet
  facet normal -0.896676 0.442688 0
    outer loop
      vertex 40.0625 86.5599 17.9
      vertex 39.9959 86.425 15.5
      vertex 39.9959 86.425 17.9
    endloop
  endfacet
  facet normal -0.0651511 -0.997875 0
    outer loop
      vertex 39 94.15 15.5
      vertex 39.1501 94.1402 17.9
      vertex 39 94.15 17.9
    endloop
  endfacet
  facet normal -0.0651511 -0.997875 -0
    outer loop
      vertex 39.1501 94.1402 17.9
      vertex 39 94.15 15.5
      vertex 39.1501 94.1402 15.5
    endloop
  endfacet
  facet normal -0.0651511 0.997875 0
    outer loop
      vertex 39.1501 85.8598 15.5
      vertex 39 85.85 17.9
      vertex 39.1501 85.8598 17.9
    endloop
  endfacet
  facet normal -0.0651511 0.997875 0
    outer loop
      vertex 39 85.85 17.9
      vertex 39.1501 85.8598 15.5
      vertex 39 85.85 15.5
    endloop
  endfacet
  facet normal 0.659398 -0.751794 0
    outer loop
      vertex 38.1868 93.8132 15.5
      vertex 38.2999 93.9124 17.9
      vertex 38.1868 93.8132 17.9
    endloop
  endfacet
  facet normal 0.659398 -0.751794 0
    outer loop
      vertex 38.2999 93.9124 17.9
      vertex 38.1868 93.8132 15.5
      vertex 38.2999 93.9124 15.5
    endloop
  endfacet
  facet normal -0.896676 -0.442688 0
    outer loop
      vertex 40.0625 93.4401 15.5
      vertex 39.9959 93.575 17.9
      vertex 39.9959 93.575 15.5
    endloop
  endfacet
  facet normal -0.896676 -0.442688 0
    outer loop
      vertex 39.9959 93.575 17.9
      vertex 40.0625 93.4401 15.5
      vertex 40.0625 93.4401 17.9
    endloop
  endfacet
  facet normal 0.321009 -0.947076 0
    outer loop
      vertex 38.5599 94.0625 15.5
      vertex 38.7024 94.1108 17.9
      vertex 38.5599 94.0625 17.9
    endloop
  endfacet
  facet normal 0.321009 -0.947076 0
    outer loop
      vertex 38.7024 94.1108 17.9
      vertex 38.5599 94.0625 15.5
      vertex 38.7024 94.1108 15.5
    endloop
  endfacet
  facet normal 0.980708 -0.195477 0
    outer loop
      vertex 37.8598 93.1501 17.9
      vertex 37.8892 93.2976 15.5
      vertex 37.8892 93.2976 17.9
    endloop
  endfacet
  facet normal 0.980708 -0.195477 0
    outer loop
      vertex 37.8892 93.2976 15.5
      vertex 37.8598 93.1501 17.9
      vertex 37.8598 93.1501 15.5
    endloop
  endfacet
  facet normal -0.947076 0.321009 0
    outer loop
      vertex 40.0625 86.5599 15.5
      vertex 40.1108 86.7024 17.9
      vertex 40.1108 86.7024 15.5
    endloop
  endfacet
  facet normal -0.947076 0.321009 0
    outer loop
      vertex 40.1108 86.7024 17.9
      vertex 40.0625 86.5599 15.5
      vertex 40.0625 86.5599 17.9
    endloop
  endfacet
  facet normal -0.659398 0.751794 0
    outer loop
      vertex 39.8132 86.1868 15.5
      vertex 39.7001 86.0876 17.9
      vertex 39.8132 86.1868 17.9
    endloop
  endfacet
  facet normal -0.659398 0.751794 0
    outer loop
      vertex 39.7001 86.0876 17.9
      vertex 39.8132 86.1868 15.5
      vertex 39.7001 86.0876 15.5
    endloop
  endfacet
  facet normal 0.896676 -0.442688 0
    outer loop
      vertex 37.9375 93.4401 17.9
      vertex 38.0041 93.575 15.5
      vertex 38.0041 93.575 17.9
    endloop
  endfacet
  facet normal 0.896676 -0.442688 0
    outer loop
      vertex 38.0041 93.575 15.5
      vertex 37.9375 93.4401 17.9
      vertex 37.9375 93.4401 15.5
    endloop
  endfacet
  facet normal -0.659398 -0.751794 0
    outer loop
      vertex 39.7001 93.9124 15.5
      vertex 39.8132 93.8132 17.9
      vertex 39.7001 93.9124 17.9
    endloop
  endfacet
  facet normal -0.659398 -0.751794 -0
    outer loop
      vertex 39.8132 93.8132 17.9
      vertex 39.7001 93.9124 15.5
      vertex 39.8132 93.8132 15.5
    endloop
  endfacet
  facet normal -0.980708 -0.195477 0
    outer loop
      vertex 40.1402 93.1501 15.5
      vertex 40.1108 93.2976 17.9
      vertex 40.1108 93.2976 15.5
    endloop
  endfacet
  facet normal -0.980708 -0.195477 0
    outer loop
      vertex 40.1108 93.2976 17.9
      vertex 40.1402 93.1501 15.5
      vertex 40.1402 93.1501 17.9
    endloop
  endfacet
  facet normal 0.195477 -0.980708 0
    outer loop
      vertex 38.7024 94.1108 15.5
      vertex 38.8499 94.1402 17.9
      vertex 38.7024 94.1108 17.9
    endloop
  endfacet
  facet normal 0.195477 -0.980708 0
    outer loop
      vertex 38.8499 94.1402 17.9
      vertex 38.7024 94.1108 15.5
      vertex 38.8499 94.1402 15.5
    endloop
  endfacet
  facet normal -0.947076 -0.321009 0
    outer loop
      vertex 40.1108 93.2976 15.5
      vertex 40.0625 93.4401 17.9
      vertex 40.0625 93.4401 15.5
    endloop
  endfacet
  facet normal -0.947076 -0.321009 0
    outer loop
      vertex 40.0625 93.4401 17.9
      vertex 40.1108 93.2976 15.5
      vertex 40.1108 93.2976 17.9
    endloop
  endfacet
  facet normal 0.321009 0.947076 -0
    outer loop
      vertex 38.7024 85.8892 15.5
      vertex 38.5599 85.9375 17.9
      vertex 38.7024 85.8892 17.9
    endloop
  endfacet
  facet normal 0.321009 0.947076 0
    outer loop
      vertex 38.5599 85.9375 17.9
      vertex 38.7024 85.8892 15.5
      vertex 38.5599 85.9375 15.5
    endloop
  endfacet
  facet normal 0.0651511 0.997875 -0
    outer loop
      vertex 39 85.85 15.5
      vertex 38.8499 85.8598 17.9
      vertex 39 85.85 17.9
    endloop
  endfacet
  facet normal 0.0651511 0.997875 0
    outer loop
      vertex 38.8499 85.8598 17.9
      vertex 39 85.85 15.5
      vertex 38.8499 85.8598 15.5
    endloop
  endfacet
  facet normal 0.896676 0.442688 0
    outer loop
      vertex 38.0041 86.425 17.9
      vertex 37.9375 86.5599 15.5
      vertex 37.9375 86.5599 17.9
    endloop
  endfacet
  facet normal 0.896676 0.442688 0
    outer loop
      vertex 37.9375 86.5599 15.5
      vertex 38.0041 86.425 17.9
      vertex 38.0041 86.425 15.5
    endloop
  endfacet
  facet normal 0.980708 0.195477 0
    outer loop
      vertex 37.8892 86.7024 17.9
      vertex 37.8598 86.8499 15.5
      vertex 37.8598 86.8499 17.9
    endloop
  endfacet
  facet normal 0.980708 0.195477 0
    outer loop
      vertex 37.8598 86.8499 15.5
      vertex 37.8892 86.7024 17.9
      vertex 37.8892 86.7024 15.5
    endloop
  endfacet
  facet normal -0.55516 0.831743 0
    outer loop
      vertex 39.7001 86.0876 15.5
      vertex 39.575 86.0041 17.9
      vertex 39.7001 86.0876 17.9
    endloop
  endfacet
  facet normal -0.55516 0.831743 0
    outer loop
      vertex 39.575 86.0041 17.9
      vertex 39.7001 86.0876 15.5
      vertex 39.575 86.0041 15.5
    endloop
  endfacet
  facet normal 0.997875 0.0651511 0
    outer loop
      vertex 37.8598 86.8499 17.9
      vertex 37.85 87 15.5
      vertex 37.85 87 17.9
    endloop
  endfacet
  facet normal 0.997875 0.0651511 0
    outer loop
      vertex 37.85 87 15.5
      vertex 37.8598 86.8499 17.9
      vertex 37.8598 86.8499 15.5
    endloop
  endfacet
  facet normal 0.442688 -0.896676 0
    outer loop
      vertex 38.425 93.9959 15.5
      vertex 38.5599 94.0625 17.9
      vertex 38.425 93.9959 17.9
    endloop
  endfacet
  facet normal 0.442688 -0.896676 0
    outer loop
      vertex 38.5599 94.0625 17.9
      vertex 38.425 93.9959 15.5
      vertex 38.5599 94.0625 15.5
    endloop
  endfacet
  facet normal -0.195477 0.980708 0
    outer loop
      vertex 39.2976 85.8892 15.5
      vertex 39.1501 85.8598 17.9
      vertex 39.2976 85.8892 17.9
    endloop
  endfacet
  facet normal -0.195477 0.980708 0
    outer loop
      vertex 39.1501 85.8598 17.9
      vertex 39.2976 85.8892 15.5
      vertex 39.1501 85.8598 15.5
    endloop
  endfacet
  facet normal -0.321009 0.947076 0
    outer loop
      vertex 39.4401 85.9375 15.5
      vertex 39.2976 85.8892 17.9
      vertex 39.4401 85.9375 17.9
    endloop
  endfacet
  facet normal -0.321009 0.947076 0
    outer loop
      vertex 39.2976 85.8892 17.9
      vertex 39.4401 85.9375 15.5
      vertex 39.2976 85.8892 15.5
    endloop
  endfacet
  facet normal -0.321009 -0.947076 0
    outer loop
      vertex 39.2976 94.1108 15.5
      vertex 39.4401 94.0625 17.9
      vertex 39.2976 94.1108 17.9
    endloop
  endfacet
  facet normal -0.321009 -0.947076 -0
    outer loop
      vertex 39.4401 94.0625 17.9
      vertex 39.2976 94.1108 15.5
      vertex 39.4401 94.0625 15.5
    endloop
  endfacet
  facet normal -0.195477 -0.980708 0
    outer loop
      vertex 39.1501 94.1402 15.5
      vertex 39.2976 94.1108 17.9
      vertex 39.1501 94.1402 17.9
    endloop
  endfacet
  facet normal -0.195477 -0.980708 -0
    outer loop
      vertex 39.2976 94.1108 17.9
      vertex 39.1501 94.1402 15.5
      vertex 39.2976 94.1108 15.5
    endloop
  endfacet
  facet normal 0.831743 0.55516 0
    outer loop
      vertex 38.0876 86.2999 17.9
      vertex 38.0041 86.425 15.5
      vertex 38.0041 86.425 17.9
    endloop
  endfacet
  facet normal 0.831743 0.55516 0
    outer loop
      vertex 38.0041 86.425 15.5
      vertex 38.0876 86.2999 17.9
      vertex 38.0876 86.2999 15.5
    endloop
  endfacet
  facet normal 0.947076 0.321009 0
    outer loop
      vertex 37.9375 86.5599 17.9
      vertex 37.8892 86.7024 15.5
      vertex 37.8892 86.7024 17.9
    endloop
  endfacet
  facet normal 0.947076 0.321009 0
    outer loop
      vertex 37.8892 86.7024 15.5
      vertex 37.9375 86.5599 17.9
      vertex 37.9375 86.5599 15.5
    endloop
  endfacet
  facet normal -0.751794 0.659398 0
    outer loop
      vertex 39.8132 86.1868 15.5
      vertex 39.9124 86.2999 17.9
      vertex 39.9124 86.2999 15.5
    endloop
  endfacet
  facet normal -0.751794 0.659398 0
    outer loop
      vertex 39.9124 86.2999 17.9
      vertex 39.8132 86.1868 15.5
      vertex 39.8132 86.1868 17.9
    endloop
  endfacet
  facet normal -0.442688 0.896676 0
    outer loop
      vertex 39.575 86.0041 15.5
      vertex 39.4401 85.9375 17.9
      vertex 39.575 86.0041 17.9
    endloop
  endfacet
  facet normal -0.442688 0.896676 0
    outer loop
      vertex 39.4401 85.9375 17.9
      vertex 39.575 86.0041 15.5
      vertex 39.4401 85.9375 15.5
    endloop
  endfacet
  facet normal -0.55516 -0.831743 0
    outer loop
      vertex 44.575 93.9959 15.5
      vertex 44.7001 93.9124 17.9
      vertex 44.575 93.9959 17.9
    endloop
  endfacet
  facet normal -0.55516 -0.831743 -0
    outer loop
      vertex 44.7001 93.9124 17.9
      vertex 44.575 93.9959 15.5
      vertex 44.7001 93.9124 15.5
    endloop
  endfacet
  facet normal 0.55516 0.831743 -0
    outer loop
      vertex 43.425 86.0041 15.5
      vertex 43.2999 86.0876 17.9
      vertex 43.425 86.0041 17.9
    endloop
  endfacet
  facet normal 0.55516 0.831743 0
    outer loop
      vertex 43.2999 86.0876 17.9
      vertex 43.425 86.0041 15.5
      vertex 43.2999 86.0876 15.5
    endloop
  endfacet
  facet normal -1 0 0
    outer loop
      vertex 45.15 87 15.5
      vertex 45.15 93 17.9
      vertex 45.15 93 15.5
    endloop
  endfacet
  facet normal -1 -0 0
    outer loop
      vertex 45.15 93 17.9
      vertex 45.15 87 15.5
      vertex 45.15 87 17.9
    endloop
  endfacet
  facet normal 0.751794 0.659398 0
    outer loop
      vertex 43.1868 86.1868 17.9
      vertex 43.0876 86.2999 15.5
      vertex 43.0876 86.2999 17.9
    endloop
  endfacet
  facet normal 0.751794 0.659398 0
    outer loop
      vertex 43.0876 86.2999 15.5
      vertex 43.1868 86.1868 17.9
      vertex 43.1868 86.1868 15.5
    endloop
  endfacet
  facet normal 0.997875 -0.0651511 0
    outer loop
      vertex 42.85 93 17.9
      vertex 42.8598 93.1501 15.5
      vertex 42.8598 93.1501 17.9
    endloop
  endfacet
  facet normal 0.997875 -0.0651511 0
    outer loop
      vertex 42.8598 93.1501 15.5
      vertex 42.85 93 17.9
      vertex 42.85 93 15.5
    endloop
  endfacet
  facet normal -0.751794 -0.659398 0
    outer loop
      vertex 44.9124 93.7001 15.5
      vertex 44.8132 93.8132 17.9
      vertex 44.8132 93.8132 15.5
    endloop
  endfacet
  facet normal -0.751794 -0.659398 0
    outer loop
      vertex 44.8132 93.8132 17.9
      vertex 44.9124 93.7001 15.5
      vertex 44.9124 93.7001 17.9
    endloop
  endfacet
  facet normal -0.831743 0.55516 0
    outer loop
      vertex 44.9124 86.2999 15.5
      vertex 44.9959 86.425 17.9
      vertex 44.9959 86.425 15.5
    endloop
  endfacet
  facet normal -0.831743 0.55516 0
    outer loop
      vertex 44.9959 86.425 17.9
      vertex 44.9124 86.2999 15.5
      vertex 44.9124 86.2999 17.9
    endloop
  endfacet
  facet normal -0.997875 0.0651511 0
    outer loop
      vertex 45.1402 86.8499 15.5
      vertex 45.15 87 17.9
      vertex 45.15 87 15.5
    endloop
  endfacet
  facet normal -0.997875 0.0651511 0
    outer loop
      vertex 45.15 87 17.9
      vertex 45.1402 86.8499 15.5
      vertex 45.1402 86.8499 17.9
    endloop
  endfacet
  facet normal 0.751794 -0.659398 0
    outer loop
      vertex 43.0876 93.7001 17.9
      vertex 43.1868 93.8132 15.5
      vertex 43.1868 93.8132 17.9
    endloop
  endfacet
  facet normal 0.751794 -0.659398 0
    outer loop
      vertex 43.1868 93.8132 15.5
      vertex 43.0876 93.7001 17.9
      vertex 43.0876 93.7001 15.5
    endloop
  endfacet
  facet normal -0.980708 0.195477 0
    outer loop
      vertex 45.1108 86.7024 15.5
      vertex 45.1402 86.8499 17.9
      vertex 45.1402 86.8499 15.5
    endloop
  endfacet
  facet normal -0.980708 0.195477 0
    outer loop
      vertex 45.1402 86.8499 17.9
      vertex 45.1108 86.7024 15.5
      vertex 45.1108 86.7024 17.9
    endloop
  endfacet
  facet normal -0.997875 -0.0651511 0
    outer loop
      vertex 45.15 93 15.5
      vertex 45.1402 93.1501 17.9
      vertex 45.1402 93.1501 15.5
    endloop
  endfacet
  facet normal -0.997875 -0.0651511 0
    outer loop
      vertex 45.1402 93.1501 17.9
      vertex 45.15 93 15.5
      vertex 45.15 93 17.9
    endloop
  endfacet
  facet normal 0.442688 0.896676 -0
    outer loop
      vertex 43.5599 85.9375 15.5
      vertex 43.425 86.0041 17.9
      vertex 43.5599 85.9375 17.9
    endloop
  endfacet
  facet normal 0.442688 0.896676 0
    outer loop
      vertex 43.425 86.0041 17.9
      vertex 43.5599 85.9375 15.5
      vertex 43.425 86.0041 15.5
    endloop
  endfacet
  facet normal -0.442688 -0.896676 0
    outer loop
      vertex 44.4401 94.0625 15.5
      vertex 44.575 93.9959 17.9
      vertex 44.4401 94.0625 17.9
    endloop
  endfacet
  facet normal -0.442688 -0.896676 -0
    outer loop
      vertex 44.575 93.9959 17.9
      vertex 44.4401 94.0625 15.5
      vertex 44.575 93.9959 15.5
    endloop
  endfacet
  facet normal 0.947076 -0.321009 0
    outer loop
      vertex 42.8892 93.2976 17.9
      vertex 42.9375 93.4401 15.5
      vertex 42.9375 93.4401 17.9
    endloop
  endfacet
  facet normal 0.947076 -0.321009 0
    outer loop
      vertex 42.9375 93.4401 15.5
      vertex 42.8892 93.2976 17.9
      vertex 42.8892 93.2976 15.5
    endloop
  endfacet
  facet normal 1 -0 0
    outer loop
      vertex 42.85 87 17.9
      vertex 42.85 93 15.5
      vertex 42.85 93 17.9
    endloop
  endfacet
  facet normal 1 0 0
    outer loop
      vertex 42.85 93 15.5
      vertex 42.85 87 17.9
      vertex 42.85 87 15.5
    endloop
  endfacet
  facet normal -0.831743 -0.55516 0
    outer loop
      vertex 44.9959 93.575 15.5
      vertex 44.9124 93.7001 17.9
      vertex 44.9124 93.7001 15.5
    endloop
  endfacet
  facet normal -0.831743 -0.55516 0
    outer loop
      vertex 44.9124 93.7001 17.9
      vertex 44.9959 93.575 15.5
      vertex 44.9959 93.575 17.9
    endloop
  endfacet
  facet normal 0.55516 -0.831743 0
    outer loop
      vertex 43.2999 93.9124 15.5
      vertex 43.425 93.9959 17.9
      vertex 43.2999 93.9124 17.9
    endloop
  endfacet
  facet normal 0.55516 -0.831743 0
    outer loop
      vertex 43.425 93.9959 17.9
      vertex 43.2999 93.9124 15.5
      vertex 43.425 93.9959 15.5
    endloop
  endfacet
  facet normal 0.0651511 -0.997875 0
    outer loop
      vertex 43.8499 94.1402 15.5
      vertex 44 94.15 17.9
      vertex 43.8499 94.1402 17.9
    endloop
  endfacet
  facet normal 0.0651511 -0.997875 0
    outer loop
      vertex 44 94.15 17.9
      vertex 43.8499 94.1402 15.5
      vertex 44 94.15 15.5
    endloop
  endfacet
  facet normal 0.195477 0.980708 -0
    outer loop
      vertex 43.8499 85.8598 15.5
      vertex 43.7024 85.8892 17.9
      vertex 43.8499 85.8598 17.9
    endloop
  endfacet
  facet normal 0.195477 0.980708 0
    outer loop
      vertex 43.7024 85.8892 17.9
      vertex 43.8499 85.8598 15.5
      vertex 43.7024 85.8892 15.5
    endloop
  endfacet
  facet normal 0.831743 -0.55516 0
    outer loop
      vertex 43.0041 93.575 17.9
      vertex 43.0876 93.7001 15.5
      vertex 43.0876 93.7001 17.9
    endloop
  endfacet
  facet normal 0.831743 -0.55516 0
    outer loop
      vertex 43.0876 93.7001 15.5
      vertex 43.0041 93.575 17.9
      vertex 43.0041 93.575 15.5
    endloop
  endfacet
  facet normal 0.659398 0.751794 -0
    outer loop
      vertex 43.2999 86.0876 15.5
      vertex 43.1868 86.1868 17.9
      vertex 43.2999 86.0876 17.9
    endloop
  endfacet
  facet normal 0.659398 0.751794 0
    outer loop
      vertex 43.1868 86.1868 17.9
      vertex 43.2999 86.0876 15.5
      vertex 43.1868 86.1868 15.5
    endloop
  endfacet
  facet normal -0.896676 0.442688 0
    outer loop
      vertex 44.9959 86.425 15.5
      vertex 45.0625 86.5599 17.9
      vertex 45.0625 86.5599 15.5
    endloop
  endfacet
  facet normal -0.896676 0.442688 0
    outer loop
      vertex 45.0625 86.5599 17.9
      vertex 44.9959 86.425 15.5
      vertex 44.9959 86.425 17.9
    endloop
  endfacet
  facet normal -0.0651511 -0.997875 0
    outer loop
      vertex 44 94.15 15.5
      vertex 44.1501 94.1402 17.9
      vertex 44 94.15 17.9
    endloop
  endfacet
  facet normal -0.0651511 -0.997875 -0
    outer loop
      vertex 44.1501 94.1402 17.9
      vertex 44 94.15 15.5
      vertex 44.1501 94.1402 15.5
    endloop
  endfacet
  facet normal -0.0651511 0.997875 0
    outer loop
      vertex 44.1501 85.8598 15.5
      vertex 44 85.85 17.9
      vertex 44.1501 85.8598 17.9
    endloop
  endfacet
  facet normal -0.0651511 0.997875 0
    outer loop
      vertex 44 85.85 17.9
      vertex 44.1501 85.8598 15.5
      vertex 44 85.85 15.5
    endloop
  endfacet
  facet normal 0.659398 -0.751794 0
    outer loop
      vertex 43.1868 93.8132 15.5
      vertex 43.2999 93.9124 17.9
      vertex 43.1868 93.8132 17.9
    endloop
  endfacet
  facet normal 0.659398 -0.751794 0
    outer loop
      vertex 43.2999 93.9124 17.9
      vertex 43.1868 93.8132 15.5
      vertex 43.2999 93.9124 15.5
    endloop
  endfacet
  facet normal -0.896676 -0.442688 0
    outer loop
      vertex 45.0625 93.4401 15.5
      vertex 44.9959 93.575 17.9
      vertex 44.9959 93.575 15.5
    endloop
  endfacet
  facet normal -0.896676 -0.442688 0
    outer loop
      vertex 44.9959 93.575 17.9
      vertex 45.0625 93.4401 15.5
      vertex 45.0625 93.4401 17.9
    endloop
  endfacet
  facet normal 0.321009 -0.947076 0
    outer loop
      vertex 43.5599 94.0625 15.5
      vertex 43.7024 94.1108 17.9
      vertex 43.5599 94.0625 17.9
    endloop
  endfacet
  facet normal 0.321009 -0.947076 0
    outer loop
      vertex 43.7024 94.1108 17.9
      vertex 43.5599 94.0625 15.5
      vertex 43.7024 94.1108 15.5
    endloop
  endfacet
  facet normal 0.980708 -0.195477 0
    outer loop
      vertex 42.8598 93.1501 17.9
      vertex 42.8892 93.2976 15.5
      vertex 42.8892 93.2976 17.9
    endloop
  endfacet
  facet normal 0.980708 -0.195477 0
    outer loop
      vertex 42.8892 93.2976 15.5
      vertex 42.8598 93.1501 17.9
      vertex 42.8598 93.1501 15.5
    endloop
  endfacet
  facet normal -0.947076 0.321009 0
    outer loop
      vertex 45.0625 86.5599 15.5
      vertex 45.1108 86.7024 17.9
      vertex 45.1108 86.7024 15.5
    endloop
  endfacet
  facet normal -0.947076 0.321009 0
    outer loop
      vertex 45.1108 86.7024 17.9
      vertex 45.0625 86.5599 15.5
      vertex 45.0625 86.5599 17.9
    endloop
  endfacet
  facet normal -0.659398 0.751794 0
    outer loop
      vertex 44.8132 86.1868 15.5
      vertex 44.7001 86.0876 17.9
      vertex 44.8132 86.1868 17.9
    endloop
  endfacet
  facet normal -0.659398 0.751794 0
    outer loop
      vertex 44.7001 86.0876 17.9
      vertex 44.8132 86.1868 15.5
      vertex 44.7001 86.0876 15.5
    endloop
  endfacet
  facet normal 0.896676 -0.442688 0
    outer loop
      vertex 42.9375 93.4401 17.9
      vertex 43.0041 93.575 15.5
      vertex 43.0041 93.575 17.9
    endloop
  endfacet
  facet normal 0.896676 -0.442688 0
    outer loop
      vertex 43.0041 93.575 15.5
      vertex 42.9375 93.4401 17.9
      vertex 42.9375 93.4401 15.5
    endloop
  endfacet
  facet normal -0.659398 -0.751794 0
    outer loop
      vertex 44.7001 93.9124 15.5
      vertex 44.8132 93.8132 17.9
      vertex 44.7001 93.9124 17.9
    endloop
  endfacet
  facet normal -0.659398 -0.751794 -0
    outer loop
      vertex 44.8132 93.8132 17.9
      vertex 44.7001 93.9124 15.5
      vertex 44.8132 93.8132 15.5
    endloop
  endfacet
  facet normal -0.980708 -0.195477 0
    outer loop
      vertex 45.1402 93.1501 15.5
      vertex 45.1108 93.2976 17.9
      vertex 45.1108 93.2976 15.5
    endloop
  endfacet
  facet normal -0.980708 -0.195477 0
    outer loop
      vertex 45.1108 93.2976 17.9
      vertex 45.1402 93.1501 15.5
      vertex 45.1402 93.1501 17.9
    endloop
  endfacet
  facet normal 0.195477 -0.980708 0
    outer loop
      vertex 43.7024 94.1108 15.5
      vertex 43.8499 94.1402 17.9
      vertex 43.7024 94.1108 17.9
    endloop
  endfacet
  facet normal 0.195477 -0.980708 0
    outer loop
      vertex 43.8499 94.1402 17.9
      vertex 43.7024 94.1108 15.5
      vertex 43.8499 94.1402 15.5
    endloop
  endfacet
  facet normal -0.947076 -0.321009 0
    outer loop
      vertex 45.1108 93.2976 15.5
      vertex 45.0625 93.4401 17.9
      vertex 45.0625 93.4401 15.5
    endloop
  endfacet
  facet normal -0.947076 -0.321009 0
    outer loop
      vertex 45.0625 93.4401 17.9
      vertex 45.1108 93.2976 15.5
      vertex 45.1108 93.2976 17.9
    endloop
  endfacet
  facet normal 0.321009 0.947076 -0
    outer loop
      vertex 43.7024 85.8892 15.5
      vertex 43.5599 85.9375 17.9
      vertex 43.7024 85.8892 17.9
    endloop
  endfacet
  facet normal 0.321009 0.947076 0
    outer loop
      vertex 43.5599 85.9375 17.9
      vertex 43.7024 85.8892 15.5
      vertex 43.5599 85.9375 15.5
    endloop
  endfacet
  facet normal 0.0651511 0.997875 -0
    outer loop
      vertex 44 85.85 15.5
      vertex 43.8499 85.8598 17.9
      vertex 44 85.85 17.9
    endloop
  endfacet
  facet normal 0.0651511 0.997875 0
    outer loop
      vertex 43.8499 85.8598 17.9
      vertex 44 85.85 15.5
      vertex 43.8499 85.8598 15.5
    endloop
  endfacet
  facet normal 0.896676 0.442688 0
    outer loop
      vertex 43.0041 86.425 17.9
      vertex 42.9375 86.5599 15.5
      vertex 42.9375 86.5599 17.9
    endloop
  endfacet
  facet normal 0.896676 0.442688 0
    outer loop
      vertex 42.9375 86.5599 15.5
      vertex 43.0041 86.425 17.9
      vertex 43.0041 86.425 15.5
    endloop
  endfacet
  facet normal 0.980708 0.195477 0
    outer loop
      vertex 42.8892 86.7024 17.9
      vertex 42.8598 86.8499 15.5
      vertex 42.8598 86.8499 17.9
    endloop
  endfacet
  facet normal 0.980708 0.195477 0
    outer loop
      vertex 42.8598 86.8499 15.5
      vertex 42.8892 86.7024 17.9
      vertex 42.8892 86.7024 15.5
    endloop
  endfacet
  facet normal -0.55516 0.831743 0
    outer loop
      vertex 44.7001 86.0876 15.5
      vertex 44.575 86.0041 17.9
      vertex 44.7001 86.0876 17.9
    endloop
  endfacet
  facet normal -0.55516 0.831743 0
    outer loop
      vertex 44.575 86.0041 17.9
      vertex 44.7001 86.0876 15.5
      vertex 44.575 86.0041 15.5
    endloop
  endfacet
  facet normal 0.997875 0.0651511 0
    outer loop
      vertex 42.8598 86.8499 17.9
      vertex 42.85 87 15.5
      vertex 42.85 87 17.9
    endloop
  endfacet
  facet normal 0.997875 0.0651511 0
    outer loop
      vertex 42.85 87 15.5
      vertex 42.8598 86.8499 17.9
      vertex 42.8598 86.8499 15.5
    endloop
  endfacet
  facet normal 0.442688 -0.896676 0
    outer loop
      vertex 43.425 93.9959 15.5
      vertex 43.5599 94.0625 17.9
      vertex 43.425 93.9959 17.9
    endloop
  endfacet
  facet normal 0.442688 -0.896676 0
    outer loop
      vertex 43.5599 94.0625 17.9
      vertex 43.425 93.9959 15.5
      vertex 43.5599 94.0625 15.5
    endloop
  endfacet
  facet normal -0.195477 0.980708 0
    outer loop
      vertex 44.2976 85.8892 15.5
      vertex 44.1501 85.8598 17.9
      vertex 44.2976 85.8892 17.9
    endloop
  endfacet
  facet normal -0.195477 0.980708 0
    outer loop
      vertex 44.1501 85.8598 17.9
      vertex 44.2976 85.8892 15.5
      vertex 44.1501 85.8598 15.5
    endloop
  endfacet
  facet normal -0.321009 0.947076 0
    outer loop
      vertex 44.4401 85.9375 15.5
      vertex 44.2976 85.8892 17.9
      vertex 44.4401 85.9375 17.9
    endloop
  endfacet
  facet normal -0.321009 0.947076 0
    outer loop
      vertex 44.2976 85.8892 17.9
      vertex 44.4401 85.9375 15.5
      vertex 44.2976 85.8892 15.5
    endloop
  endfacet
  facet normal -0.321009 -0.947076 0
    outer loop
      vertex 44.2976 94.1108 15.5
      vertex 44.4401 94.0625 17.9
      vertex 44.2976 94.1108 17.9
    endloop
  endfacet
  facet normal -0.321009 -0.947076 -0
    outer loop
      vertex 44.4401 94.0625 17.9
      vertex 44.2976 94.1108 15.5
      vertex 44.4401 94.0625 15.5
    endloop
  endfacet
  facet normal -0.195477 -0.980708 0
    outer loop
      vertex 44.1501 94.1402 15.5
      vertex 44.2976 94.1108 17.9
      vertex 44.1501 94.1402 17.9
    endloop
  endfacet
  facet normal -0.195477 -0.980708 -0
    outer loop
      vertex 44.2976 94.1108 17.9
      vertex 44.1501 94.1402 15.5
      vertex 44.2976 94.1108 15.5
    endloop
  endfacet
  facet normal 0.831743 0.55516 0
    outer loop
      vertex 43.0876 86.2999 17.9
      vertex 43.0041 86.425 15.5
      vertex 43.0041 86.425 17.9
    endloop
  endfacet
  facet normal 0.831743 0.55516 0
    outer loop
      vertex 43.0041 86.425 15.5
      vertex 43.0876 86.2999 17.9
      vertex 43.0876 86.2999 15.5
    endloop
  endfacet
  facet normal 0.947076 0.321009 0
    outer loop
      vertex 42.9375 86.5599 17.9
      vertex 42.8892 86.7024 15.5
      vertex 42.8892 86.7024 17.9
    endloop
  endfacet
  facet normal 0.947076 0.321009 0
    outer loop
      vertex 42.8892 86.7024 15.5
      vertex 42.9375 86.5599 17.9
      vertex 42.9375 86.5599 15.5
    endloop
  endfacet
  facet normal -0.751794 0.659398 0
    outer loop
      vertex 44.8132 86.1868 15.5
      vertex 44.9124 86.2999 17.9
      vertex 44.9124 86.2999 15.5
    endloop
  endfacet
  facet normal -0.751794 0.659398 0
    outer loop
      vertex 44.9124 86.2999 17.9
      vertex 44.8132 86.1868 15.5
      vertex 44.8132 86.1868 17.9
    endloop
  endfacet
  facet normal -0.442688 0.896676 0
    outer loop
      vertex 44.575 86.0041 15.5
      vertex 44.4401 85.9375 17.9
      vertex 44.575 86.0041 17.9
    endloop
  endfacet
  facet normal -0.442688 0.896676 0
    outer loop
      vertex 44.4401 85.9375 17.9
      vertex 44.575 86.0041 15.5
      vertex 44.4401 85.9375 15.5
    endloop
  endfacet
  facet normal -0.55516 -0.831743 0
    outer loop
      vertex 49.575 93.9959 15.5
      vertex 49.7001 93.9124 17.9
      vertex 49.575 93.9959 17.9
    endloop
  endfacet
  facet normal -0.55516 -0.831743 -0
    outer loop
      vertex 49.7001 93.9124 17.9
      vertex 49.575 93.9959 15.5
      vertex 49.7001 93.9124 15.5
    endloop
  endfacet
  facet normal 0.55516 0.831743 -0
    outer loop
      vertex 48.425 86.0041 15.5
      vertex 48.2999 86.0876 17.9
      vertex 48.425 86.0041 17.9
    endloop
  endfacet
  facet normal 0.55516 0.831743 0
    outer loop
      vertex 48.2999 86.0876 17.9
      vertex 48.425 86.0041 15.5
      vertex 48.2999 86.0876 15.5
    endloop
  endfacet
  facet normal -1 0 0
    outer loop
      vertex 50.15 87 15.5
      vertex 50.15 93 17.9
      vertex 50.15 93 15.5
    endloop
  endfacet
  facet normal -1 -0 0
    outer loop
      vertex 50.15 93 17.9
      vertex 50.15 87 15.5
      vertex 50.15 87 17.9
    endloop
  endfacet
  facet normal 0.751794 0.659398 0
    outer loop
      vertex 48.1868 86.1868 17.9
      vertex 48.0876 86.2999 15.5
      vertex 48.0876 86.2999 17.9
    endloop
  endfacet
  facet normal 0.751794 0.659398 0
    outer loop
      vertex 48.0876 86.2999 15.5
      vertex 48.1868 86.1868 17.9
      vertex 48.1868 86.1868 15.5
    endloop
  endfacet
  facet normal 0.997875 -0.0651511 0
    outer loop
      vertex 47.85 93 17.9
      vertex 47.8598 93.1501 15.5
      vertex 47.8598 93.1501 17.9
    endloop
  endfacet
  facet normal 0.997875 -0.0651511 0
    outer loop
      vertex 47.8598 93.1501 15.5
      vertex 47.85 93 17.9
      vertex 47.85 93 15.5
    endloop
  endfacet
  facet normal -0.751794 -0.659398 0
    outer loop
      vertex 49.9124 93.7001 15.5
      vertex 49.8132 93.8132 17.9
      vertex 49.8132 93.8132 15.5
    endloop
  endfacet
  facet normal -0.751794 -0.659398 0
    outer loop
      vertex 49.8132 93.8132 17.9
      vertex 49.9124 93.7001 15.5
      vertex 49.9124 93.7001 17.9
    endloop
  endfacet
  facet normal -0.831743 0.55516 0
    outer loop
      vertex 49.9124 86.2999 15.5
      vertex 49.9959 86.425 17.9
      vertex 49.9959 86.425 15.5
    endloop
  endfacet
  facet normal -0.831743 0.55516 0
    outer loop
      vertex 49.9959 86.425 17.9
      vertex 49.9124 86.2999 15.5
      vertex 49.9124 86.2999 17.9
    endloop
  endfacet
  facet normal -0.997875 0.0651511 0
    outer loop
      vertex 50.1402 86.8499 15.5
      vertex 50.15 87 17.9
      vertex 50.15 87 15.5
    endloop
  endfacet
  facet normal -0.997875 0.0651511 0
    outer loop
      vertex 50.15 87 17.9
      vertex 50.1402 86.8499 15.5
      vertex 50.1402 86.8499 17.9
    endloop
  endfacet
  facet normal 0.751794 -0.659398 0
    outer loop
      vertex 48.0876 93.7001 17.9
      vertex 48.1868 93.8132 15.5
      vertex 48.1868 93.8132 17.9
    endloop
  endfacet
  facet normal 0.751794 -0.659398 0
    outer loop
      vertex 48.1868 93.8132 15.5
      vertex 48.0876 93.7001 17.9
      vertex 48.0876 93.7001 15.5
    endloop
  endfacet
  facet normal -0.980708 0.195477 0
    outer loop
      vertex 50.1108 86.7024 15.5
      vertex 50.1402 86.8499 17.9
      vertex 50.1402 86.8499 15.5
    endloop
  endfacet
  facet normal -0.980708 0.195477 0
    outer loop
      vertex 50.1402 86.8499 17.9
      vertex 50.1108 86.7024 15.5
      vertex 50.1108 86.7024 17.9
    endloop
  endfacet
  facet normal -0.997875 -0.0651511 0
    outer loop
      vertex 50.15 93 15.5
      vertex 50.1402 93.1501 17.9
      vertex 50.1402 93.1501 15.5
    endloop
  endfacet
  facet normal -0.997875 -0.0651511 0
    outer loop
      vertex 50.1402 93.1501 17.9
      vertex 50.15 93 15.5
      vertex 50.15 93 17.9
    endloop
  endfacet
  facet normal 0.442688 0.896676 -0
    outer loop
      vertex 48.5599 85.9375 15.5
      vertex 48.425 86.0041 17.9
      vertex 48.5599 85.9375 17.9
    endloop
  endfacet
  facet normal 0.442688 0.896676 0
    outer loop
      vertex 48.425 86.0041 17.9
      vertex 48.5599 85.9375 15.5
      vertex 48.425 86.0041 15.5
    endloop
  endfacet
  facet normal -0.442688 -0.896676 0
    outer loop
      vertex 49.4401 94.0625 15.5
      vertex 49.575 93.9959 17.9
      vertex 49.4401 94.0625 17.9
    endloop
  endfacet
  facet normal -0.442688 -0.896676 -0
    outer loop
      vertex 49.575 93.9959 17.9
      vertex 49.4401 94.0625 15.5
      vertex 49.575 93.9959 15.5
    endloop
  endfacet
  facet normal 0.947076 -0.321009 0
    outer loop
      vertex 47.8892 93.2976 17.9
      vertex 47.9375 93.4401 15.5
      vertex 47.9375 93.4401 17.9
    endloop
  endfacet
  facet normal 0.947076 -0.321009 0
    outer loop
      vertex 47.9375 93.4401 15.5
      vertex 47.8892 93.2976 17.9
      vertex 47.8892 93.2976 15.5
    endloop
  endfacet
  facet normal 1 -0 0
    outer loop
      vertex 47.85 87 17.9
      vertex 47.85 93 15.5
      vertex 47.85 93 17.9
    endloop
  endfacet
  facet normal 1 0 0
    outer loop
      vertex 47.85 93 15.5
      vertex 47.85 87 17.9
      vertex 47.85 87 15.5
    endloop
  endfacet
  facet normal -0.831743 -0.55516 0
    outer loop
      vertex 49.9959 93.575 15.5
      vertex 49.9124 93.7001 17.9
      vertex 49.9124 93.7001 15.5
    endloop
  endfacet
  facet normal -0.831743 -0.55516 0
    outer loop
      vertex 49.9124 93.7001 17.9
      vertex 49.9959 93.575 15.5
      vertex 49.9959 93.575 17.9
    endloop
  endfacet
  facet normal 0.55516 -0.831743 0
    outer loop
      vertex 48.2999 93.9124 15.5
      vertex 48.425 93.9959 17.9
      vertex 48.2999 93.9124 17.9
    endloop
  endfacet
  facet normal 0.55516 -0.831743 0
    outer loop
      vertex 48.425 93.9959 17.9
      vertex 48.2999 93.9124 15.5
      vertex 48.425 93.9959 15.5
    endloop
  endfacet
  facet normal 0.0651511 -0.997875 0
    outer loop
      vertex 48.8499 94.1402 15.5
      vertex 49 94.15 17.9
      vertex 48.8499 94.1402 17.9
    endloop
  endfacet
  facet normal 0.0651511 -0.997875 0
    outer loop
      vertex 49 94.15 17.9
      vertex 48.8499 94.1402 15.5
      vertex 49 94.15 15.5
    endloop
  endfacet
  facet normal 0.195477 0.980708 -0
    outer loop
      vertex 48.8499 85.8598 15.5
      vertex 48.7024 85.8892 17.9
      vertex 48.8499 85.8598 17.9
    endloop
  endfacet
  facet normal 0.195477 0.980708 0
    outer loop
      vertex 48.7024 85.8892 17.9
      vertex 48.8499 85.8598 15.5
      vertex 48.7024 85.8892 15.5
    endloop
  endfacet
  facet normal 0.831743 -0.55516 0
    outer loop
      vertex 48.0041 93.575 17.9
      vertex 48.0876 93.7001 15.5
      vertex 48.0876 93.7001 17.9
    endloop
  endfacet
  facet normal 0.831743 -0.55516 0
    outer loop
      vertex 48.0876 93.7001 15.5
      vertex 48.0041 93.575 17.9
      vertex 48.0041 93.575 15.5
    endloop
  endfacet
  facet normal 0.659398 0.751794 -0
    outer loop
      vertex 48.2999 86.0876 15.5
      vertex 48.1868 86.1868 17.9
      vertex 48.2999 86.0876 17.9
    endloop
  endfacet
  facet normal 0.659398 0.751794 0
    outer loop
      vertex 48.1868 86.1868 17.9
      vertex 48.2999 86.0876 15.5
      vertex 48.1868 86.1868 15.5
    endloop
  endfacet
  facet normal -0.751794 0.659398 0
    outer loop
      vertex 49.8132 86.1868 15.5
      vertex 49.9124 86.2999 17.9
      vertex 49.9124 86.2999 15.5
    endloop
  endfacet
  facet normal -0.751794 0.659398 0
    outer loop
      vertex 49.9124 86.2999 17.9
      vertex 49.8132 86.1868 15.5
      vertex 49.8132 86.1868 17.9
    endloop
  endfacet
  facet normal -0.896676 0.442688 0
    outer loop
      vertex 49.9959 86.425 15.5
      vertex 50.0625 86.5599 17.9
      vertex 50.0625 86.5599 15.5
    endloop
  endfacet
  facet normal -0.896676 0.442688 0
    outer loop
      vertex 50.0625 86.5599 17.9
      vertex 49.9959 86.425 15.5
      vertex 49.9959 86.425 17.9
    endloop
  endfacet
  facet normal -0.0651511 -0.997875 0
    outer loop
      vertex 49 94.15 15.5
      vertex 49.1501 94.1402 17.9
      vertex 49 94.15 17.9
    endloop
  endfacet
  facet normal -0.0651511 -0.997875 -0
    outer loop
      vertex 49.1501 94.1402 17.9
      vertex 49 94.15 15.5
      vertex 49.1501 94.1402 15.5
    endloop
  endfacet
  facet normal -0.0651511 0.997875 0
    outer loop
      vertex 49.1501 85.8598 15.5
      vertex 49 85.85 17.9
      vertex 49.1501 85.8598 17.9
    endloop
  endfacet
  facet normal -0.0651511 0.997875 0
    outer loop
      vertex 49 85.85 17.9
      vertex 49.1501 85.8598 15.5
      vertex 49 85.85 15.5
    endloop
  endfacet
  facet normal 0.659398 -0.751794 0
    outer loop
      vertex 48.1868 93.8132 15.5
      vertex 48.2999 93.9124 17.9
      vertex 48.1868 93.8132 17.9
    endloop
  endfacet
  facet normal 0.659398 -0.751794 0
    outer loop
      vertex 48.2999 93.9124 17.9
      vertex 48.1868 93.8132 15.5
      vertex 48.2999 93.9124 15.5
    endloop
  endfacet
  facet normal -0.896676 -0.442688 0
    outer loop
      vertex 50.0625 93.4401 15.5
      vertex 49.9959 93.575 17.9
      vertex 49.9959 93.575 15.5
    endloop
  endfacet
  facet normal -0.896676 -0.442688 0
    outer loop
      vertex 49.9959 93.575 17.9
      vertex 50.0625 93.4401 15.5
      vertex 50.0625 93.4401 17.9
    endloop
  endfacet
  facet normal 0.321009 -0.947076 0
    outer loop
      vertex 48.5599 94.0625 15.5
      vertex 48.7024 94.1108 17.9
      vertex 48.5599 94.0625 17.9
    endloop
  endfacet
  facet normal 0.321009 -0.947076 0
    outer loop
      vertex 48.7024 94.1108 17.9
      vertex 48.5599 94.0625 15.5
      vertex 48.7024 94.1108 15.5
    endloop
  endfacet
  facet normal 0.980708 -0.195477 0
    outer loop
      vertex 47.8598 93.1501 17.9
      vertex 47.8892 93.2976 15.5
      vertex 47.8892 93.2976 17.9
    endloop
  endfacet
  facet normal 0.980708 -0.195477 0
    outer loop
      vertex 47.8892 93.2976 15.5
      vertex 47.8598 93.1501 17.9
      vertex 47.8598 93.1501 15.5
    endloop
  endfacet
  facet normal -0.947076 0.321009 0
    outer loop
      vertex 50.0625 86.5599 15.5
      vertex 50.1108 86.7024 17.9
      vertex 50.1108 86.7024 15.5
    endloop
  endfacet
  facet normal -0.947076 0.321009 0
    outer loop
      vertex 50.1108 86.7024 17.9
      vertex 50.0625 86.5599 15.5
      vertex 50.0625 86.5599 17.9
    endloop
  endfacet
  facet normal -0.659398 0.751794 0
    outer loop
      vertex 49.8132 86.1868 15.5
      vertex 49.7001 86.0876 17.9
      vertex 49.8132 86.1868 17.9
    endloop
  endfacet
  facet normal -0.659398 0.751794 0
    outer loop
      vertex 49.7001 86.0876 17.9
      vertex 49.8132 86.1868 15.5
      vertex 49.7001 86.0876 15.5
    endloop
  endfacet
  facet normal 0.896676 -0.442688 0
    outer loop
      vertex 47.9375 93.4401 17.9
      vertex 48.0041 93.575 15.5
      vertex 48.0041 93.575 17.9
    endloop
  endfacet
  facet normal 0.896676 -0.442688 0
    outer loop
      vertex 48.0041 93.575 15.5
      vertex 47.9375 93.4401 17.9
      vertex 47.9375 93.4401 15.5
    endloop
  endfacet
  facet normal -0.659398 -0.751794 0
    outer loop
      vertex 49.7001 93.9124 15.5
      vertex 49.8132 93.8132 17.9
      vertex 49.7001 93.9124 17.9
    endloop
  endfacet
  facet normal -0.659398 -0.751794 -0
    outer loop
      vertex 49.8132 93.8132 17.9
      vertex 49.7001 93.9124 15.5
      vertex 49.8132 93.8132 15.5
    endloop
  endfacet
  facet normal -0.980708 -0.195477 0
    outer loop
      vertex 50.1402 93.1501 15.5
      vertex 50.1108 93.2976 17.9
      vertex 50.1108 93.2976 15.5
    endloop
  endfacet
  facet normal -0.980708 -0.195477 0
    outer loop
      vertex 50.1108 93.2976 17.9
      vertex 50.1402 93.1501 15.5
      vertex 50.1402 93.1501 17.9
    endloop
  endfacet
  facet normal 0.195477 -0.980708 0
    outer loop
      vertex 48.7024 94.1108 15.5
      vertex 48.8499 94.1402 17.9
      vertex 48.7024 94.1108 17.9
    endloop
  endfacet
  facet normal 0.195477 -0.980708 0
    outer loop
      vertex 48.8499 94.1402 17.9
      vertex 48.7024 94.1108 15.5
      vertex 48.8499 94.1402 15.5
    endloop
  endfacet
  facet normal -0.947076 -0.321009 0
    outer loop
      vertex 50.1108 93.2976 15.5
      vertex 50.0625 93.4401 17.9
      vertex 50.0625 93.4401 15.5
    endloop
  endfacet
  facet normal -0.947076 -0.321009 0
    outer loop
      vertex 50.0625 93.4401 17.9
      vertex 50.1108 93.2976 15.5
      vertex 50.1108 93.2976 17.9
    endloop
  endfacet
  facet normal 0.321009 0.947076 -0
    outer loop
      vertex 48.7024 85.8892 15.5
      vertex 48.5599 85.9375 17.9
      vertex 48.7024 85.8892 17.9
    endloop
  endfacet
  facet normal 0.321009 0.947076 0
    outer loop
      vertex 48.5599 85.9375 17.9
      vertex 48.7024 85.8892 15.5
      vertex 48.5599 85.9375 15.5
    endloop
  endfacet
  facet normal 0.0651511 0.997875 -0
    outer loop
      vertex 49 85.85 15.5
      vertex 48.8499 85.8598 17.9
      vertex 49 85.85 17.9
    endloop
  endfacet
  facet normal 0.0651511 0.997875 0
    outer loop
      vertex 48.8499 85.8598 17.9
      vertex 49 85.85 15.5
      vertex 48.8499 85.8598 15.5
    endloop
  endfacet
  facet normal 0.896676 0.442688 0
    outer loop
      vertex 48.0041 86.425 17.9
      vertex 47.9375 86.5599 15.5
      vertex 47.9375 86.5599 17.9
    endloop
  endfacet
  facet normal 0.896676 0.442688 0
    outer loop
      vertex 47.9375 86.5599 15.5
      vertex 48.0041 86.425 17.9
      vertex 48.0041 86.425 15.5
    endloop
  endfacet
  facet normal 0.980708 0.195477 0
    outer loop
      vertex 47.8892 86.7024 17.9
      vertex 47.8598 86.8499 15.5
      vertex 47.8598 86.8499 17.9
    endloop
  endfacet
  facet normal 0.980708 0.195477 0
    outer loop
      vertex 47.8598 86.8499 15.5
      vertex 47.8892 86.7024 17.9
      vertex 47.8892 86.7024 15.5
    endloop
  endfacet
  facet normal -0.55516 0.831743 0
    outer loop
      vertex 49.7001 86.0876 15.5
      vertex 49.575 86.0041 17.9
      vertex 49.7001 86.0876 17.9
    endloop
  endfacet
  facet normal -0.55516 0.831743 0
    outer loop
      vertex 49.575 86.0041 17.9
      vertex 49.7001 86.0876 15.5
      vertex 49.575 86.0041 15.5
    endloop
  endfacet
  facet normal 0.997875 0.0651511 0
    outer loop
      vertex 47.8598 86.8499 17.9
      vertex 47.85 87 15.5
      vertex 47.85 87 17.9
    endloop
  endfacet
  facet normal 0.997875 0.0651511 0
    outer loop
      vertex 47.85 87 15.5
      vertex 47.8598 86.8499 17.9
      vertex 47.8598 86.8499 15.5
    endloop
  endfacet
  facet normal 0.442688 -0.896676 0
    outer loop
      vertex 48.425 93.9959 15.5
      vertex 48.5599 94.0625 17.9
      vertex 48.425 93.9959 17.9
    endloop
  endfacet
  facet normal 0.442688 -0.896676 0
    outer loop
      vertex 48.5599 94.0625 17.9
      vertex 48.425 93.9959 15.5
      vertex 48.5599 94.0625 15.5
    endloop
  endfacet
  facet normal -0.195477 0.980708 0
    outer loop
      vertex 49.2976 85.8892 15.5
      vertex 49.1501 85.8598 17.9
      vertex 49.2976 85.8892 17.9
    endloop
  endfacet
  facet normal -0.195477 0.980708 0
    outer loop
      vertex 49.1501 85.8598 17.9
      vertex 49.2976 85.8892 15.5
      vertex 49.1501 85.8598 15.5
    endloop
  endfacet
  facet normal -0.321009 0.947076 0
    outer loop
      vertex 49.4401 85.9375 15.5
      vertex 49.2976 85.8892 17.9
      vertex 49.4401 85.9375 17.9
    endloop
  endfacet
  facet normal -0.321009 0.947076 0
    outer loop
      vertex 49.2976 85.8892 17.9
      vertex 49.4401 85.9375 15.5
      vertex 49.2976 85.8892 15.5
    endloop
  endfacet
  facet normal -0.321009 -0.947076 0
    outer loop
      vertex 49.2976 94.1108 15.5
      vertex 49.4401 94.0625 17.9
      vertex 49.2976 94.1108 17.9
    endloop
  endfacet
  facet normal -0.321009 -0.947076 -0
    outer loop
      vertex 49.4401 94.0625 17.9
      vertex 49.2976 94.1108 15.5
      vertex 49.4401 94.0625 15.5
    endloop
  endfacet
  facet normal -0.195477 -0.980708 0
    outer loop
      vertex 49.1501 94.1402 15.5
      vertex 49.2976 94.1108 17.9
      vertex 49.1501 94.1402 17.9
    endloop
  endfacet
  facet normal -0.195477 -0.980708 -0
    outer loop
      vertex 49.2976 94.1108 17.9
      vertex 49.1501 94.1402 15.5
      vertex 49.2976 94.1108 15.5
    endloop
  endfacet
  facet normal 0.831743 0.55516 0
    outer loop
      vertex 48.0876 86.2999 17.9
      vertex 48.0041 86.425 15.5
      vertex 48.0041 86.425 17.9
    endloop
  endfacet
  facet normal 0.831743 0.55516 0
    outer loop
      vertex 48.0041 86.425 15.5
      vertex 48.0876 86.2999 17.9
      vertex 48.0876 86.2999 15.5
    endloop
  endfacet
  facet normal 0.947076 0.321009 0
    outer loop
      vertex 47.9375 86.5599 17.9
      vertex 47.8892 86.7024 15.5
      vertex 47.8892 86.7024 17.9
    endloop
  endfacet
  facet normal 0.947076 0.321009 0
    outer loop
      vertex 47.8892 86.7024 15.5
      vertex 47.9375 86.5599 17.9
      vertex 47.9375 86.5599 15.5
    endloop
  endfacet
  facet normal -0.442688 0.896676 0
    outer loop
      vertex 49.575 86.0041 15.5
      vertex 49.4401 85.9375 17.9
      vertex 49.575 86.0041 17.9
    endloop
  endfacet
  facet normal -0.442688 0.896676 0
    outer loop
      vertex 49.4401 85.9375 17.9
      vertex 49.575 86.0041 15.5
      vertex 49.4401 85.9375 15.5
    endloop
  endfacet
  facet normal -0.882947 0.469473 0
    outer loop
      vertex 15.8012 76.3737 16.3
      vertex 21.4349 86.9691 17.9
      vertex 21.4349 86.9691 16.3
    endloop
  endfacet
  facet normal -0.882947 0.469473 0
    outer loop
      vertex 21.4349 86.9691 17.9
      vertex 15.8012 76.3737 16.3
      vertex 15.8012 76.3737 17.9
    endloop
  endfacet
  facet normal 0 0 1
    outer loop
      vertex 20.1988 87.6263 16.3
      vertex 15.8012 76.3737 16.3
      vertex 21.4349 86.9691 16.3
    endloop
  endfacet
  facet normal 0 -0 1
    outer loop
      vertex 15.8012 76.3737 16.3
      vertex 20.1988 87.6263 16.3
      vertex 14.5651 77.0309 16.3
    endloop
  endfacet
  facet normal 0.882947 -0.469473 0
    outer loop
      vertex 14.5651 77.0309 17.9
      vertex 20.1988 87.6263 16.3
      vertex 20.1988 87.6263 17.9
    endloop
  endfacet
  facet normal 0.882947 -0.469473 0
    outer loop
      vertex 20.1988 87.6263 16.3
      vertex 14.5651 77.0309 17.9
      vertex 14.5651 77.0309 16.3
    endloop
  endfacet
  facet normal -0.469446 -0.882961 0
    outer loop
      vertex 20.1988 87.6263 16.3
      vertex 21.4349 86.9691 17.9
      vertex 20.1988 87.6263 17.9
    endloop
  endfacet
  facet normal -0.469446 -0.882961 -0
    outer loop
      vertex 21.4349 86.9691 17.9
      vertex 20.1988 87.6263 16.3
      vertex 21.4349 86.9691 16.3
    endloop
  endfacet
  facet normal 0.469446 0.882961 -0
    outer loop
      vertex 15.8012 76.3737 16.3
      vertex 14.5651 77.0309 17.9
      vertex 15.8012 76.3737 17.9
    endloop
  endfacet
  facet normal 0.469446 0.882961 0
    outer loop
      vertex 14.5651 77.0309 17.9
      vertex 15.8012 76.3737 16.3
      vertex 14.5651 77.0309 16.3
    endloop
  endfacet
  facet normal -0.882947 0.469473 0
    outer loop
      vertex 20.8012 76.3737 16.3
      vertex 26.4349 86.9691 17.9
      vertex 26.4349 86.9691 16.3
    endloop
  endfacet
  facet normal -0.882947 0.469473 0
    outer loop
      vertex 26.4349 86.9691 17.9
      vertex 20.8012 76.3737 16.3
      vertex 20.8012 76.3737 17.9
    endloop
  endfacet
  facet normal 0 0 1
    outer loop
      vertex 25.1988 87.6263 16.3
      vertex 20.8012 76.3737 16.3
      vertex 26.4349 86.9691 16.3
    endloop
  endfacet
  facet normal 0 -0 1
    outer loop
      vertex 20.8012 76.3737 16.3
      vertex 25.1988 87.6263 16.3
      vertex 19.5651 77.0309 16.3
    endloop
  endfacet
  facet normal 0.882947 -0.469473 0
    outer loop
      vertex 19.5651 77.0309 17.9
      vertex 25.1988 87.6263 16.3
      vertex 25.1988 87.6263 17.9
    endloop
  endfacet
  facet normal 0.882947 -0.469473 0
    outer loop
      vertex 25.1988 87.6263 16.3
      vertex 19.5651 77.0309 17.9
      vertex 19.5651 77.0309 16.3
    endloop
  endfacet
  facet normal -0.469446 -0.882961 0
    outer loop
      vertex 25.1988 87.6263 16.3
      vertex 26.4349 86.9691 17.9
      vertex 25.1988 87.6263 17.9
    endloop
  endfacet
  facet normal -0.469446 -0.882961 -0
    outer loop
      vertex 26.4349 86.9691 17.9
      vertex 25.1988 87.6263 16.3
      vertex 26.4349 86.9691 16.3
    endloop
  endfacet
  facet normal 0.469446 0.882961 -0
    outer loop
      vertex 20.8012 76.3737 16.3
      vertex 19.5651 77.0309 17.9
      vertex 20.8012 76.3737 17.9
    endloop
  endfacet
  facet normal 0.469446 0.882961 0
    outer loop
      vertex 19.5651 77.0309 17.9
      vertex 20.8012 76.3737 16.3
      vertex 19.5651 77.0309 16.3
    endloop
  endfacet
  facet normal -0.882947 0.469473 0
    outer loop
      vertex 25.8012 76.3737 16.3
      vertex 31.4349 86.9691 17.9
      vertex 31.4349 86.9691 16.3
    endloop
  endfacet
  facet normal -0.882947 0.469473 0
    outer loop
      vertex 31.4349 86.9691 17.9
      vertex 25.8012 76.3737 16.3
      vertex 25.8012 76.3737 17.9
    endloop
  endfacet
  facet normal 0 0 1
    outer loop
      vertex 30.1988 87.6263 16.3
      vertex 25.8012 76.3737 16.3
      vertex 31.4349 86.9691 16.3
    endloop
  endfacet
  facet normal 0 -0 1
    outer loop
      vertex 25.8012 76.3737 16.3
      vertex 30.1988 87.6263 16.3
      vertex 24.5651 77.0309 16.3
    endloop
  endfacet
  facet normal 0.882947 -0.469473 0
    outer loop
      vertex 24.5651 77.0309 17.9
      vertex 30.1988 87.6263 16.3
      vertex 30.1988 87.6263 17.9
    endloop
  endfacet
  facet normal 0.882947 -0.469473 0
    outer loop
      vertex 30.1988 87.6263 16.3
      vertex 24.5651 77.0309 17.9
      vertex 24.5651 77.0309 16.3
    endloop
  endfacet
  facet normal -0.469446 -0.882961 0
    outer loop
      vertex 30.1988 87.6263 16.3
      vertex 31.4349 86.9691 17.9
      vertex 30.1988 87.6263 17.9
    endloop
  endfacet
  facet normal -0.469446 -0.882961 -0
    outer loop
      vertex 31.4349 86.9691 17.9
      vertex 30.1988 87.6263 16.3
      vertex 31.4349 86.9691 16.3
    endloop
  endfacet
  facet normal 0.469446 0.882961 -0
    outer loop
      vertex 25.8012 76.3737 16.3
      vertex 24.5651 77.0309 17.9
      vertex 25.8012 76.3737 17.9
    endloop
  endfacet
  facet normal 0.469446 0.882961 0
    outer loop
      vertex 24.5651 77.0309 17.9
      vertex 25.8012 76.3737 16.3
      vertex 24.5651 77.0309 16.3
    endloop
  endfacet
  facet normal 0.0654111 -0.997858 0
    outer loop
      vertex 100 0 15.5
      vertex 101.044 0.0684357 17.9
      vertex 100 0 17.9
    endloop
  endfacet
  facet normal 0.0654111 -0.997858 0
    outer loop
      vertex 101.044 0.0684357 17.9
      vertex 100 0 15.5
      vertex 101.044 0.0684357 15.5
    endloop
  endfacet
  facet normal 0.997886 -0.064984 0
    outer loop
      vertex 107.932 6.9558 17.9
      vertex 108 8 15.5
      vertex 108 8 17.9
    endloop
  endfacet
  facet normal 0.997886 -0.064984 0
    outer loop
      vertex 108 8 15.5
      vertex 107.932 6.9558 17.9
      vertex 107.932 6.9558 15.5
    endloop
  endfacet
  facet normal -1 0 0
    outer loop
      vertex 0 8 15.5
      vertex 0 124 17.9
      vertex 0 124 15.5
    endloop
  endfacet
  facet normal -1 -0 0
    outer loop
      vertex 0 124 17.9
      vertex 0 8 15.5
      vertex 0 8 17.9
    endloop
  endfacet
  facet normal -0.997858 0.0654111 0
    outer loop
      vertex 0 124 15.5
      vertex 0.0684357 125.044 17.9
      vertex 0.0684357 125.044 15.5
    endloop
  endfacet
  facet normal -0.997858 0.0654111 0
    outer loop
      vertex 0.0684357 125.044 17.9
      vertex 0 124 15.5
      vertex 0 124 17.9
    endloop
  endfacet
  facet normal -0.195866 0.980631 0
    outer loop
      vertex 6.9558 131.932 15.5
      vertex 5.92944 131.727 17.9
      vertex 6.9558 131.932 17.9
    endloop
  endfacet
  facet normal -0.195866 0.980631 0
    outer loop
      vertex 5.92944 131.727 17.9
      vertex 6.9558 131.932 15.5
      vertex 5.92944 131.727 15.5
    endloop
  endfacet
  facet normal 0.997886 0.0649964 0
    outer loop
      vertex 108 124 17.9
      vertex 107.932 125.044 15.5
      vertex 107.932 125.044 17.9
    endloop
  endfacet
  facet normal 0.997886 0.0649964 0
    outer loop
      vertex 107.932 125.044 15.5
      vertex 108 124 17.9
      vertex 108 124 15.5
    endloop
  endfacet
  facet normal 0 -1 0
    outer loop
      vertex 8 0 15.5
      vertex 100 0 17.9
      vertex 8 0 17.9
    endloop
  endfacet
  facet normal 0 -1 -0
    outer loop
      vertex 100 0 17.9
      vertex 8 0 15.5
      vertex 100 0 15.5
    endloop
  endfacet
  facet normal -0.997859 -0.0653986 0
    outer loop
      vertex 0.0684357 6.9558 15.5
      vertex 0 8 17.9
      vertex 0 8 15.5
    endloop
  endfacet
  facet normal -0.997859 -0.0653986 0
    outer loop
      vertex 0 8 17.9
      vertex 0.0684357 6.9558 15.5
      vertex 0.0684357 6.9558 17.9
    endloop
  endfacet
  facet normal 0 1 -0
    outer loop
      vertex 100 132 15.5
      vertex 8 132 17.9
      vertex 100 132 17.9
    endloop
  endfacet
  facet normal 0 1 0
    outer loop
      vertex 8 132 17.9
      vertex 100 132 15.5
      vertex 8 132 15.5
    endloop
  endfacet
  facet normal 0.555362 0.831609 -0
    outer loop
      vertex 104.87 130.347 15.5
      vertex 104 130.928 17.9
      vertex 104.87 130.347 17.9
    endloop
  endfacet
  facet normal 0.555362 0.831609 0
    outer loop
      vertex 104 130.928 17.9
      vertex 104.87 130.347 15.5
      vertex 104 130.928 15.5
    endloop
  endfacet
  facet normal -0.751939 0.659232 0
    outer loop
      vertex 1.65317 128.87 15.5
      vertex 2.34314 129.657 17.9
      vertex 2.34314 129.657 15.5
    endloop
  endfacet
  facet normal -0.751939 0.659232 0
    outer loop
      vertex 2.34314 129.657 17.9
      vertex 1.65317 128.87 15.5
      vertex 1.65317 128.87 17.9
    endloop
  endfacet
  facet normal 0.195749 0.980654 -0
    outer loop
      vertex 102.071 131.727 15.5
      vertex 101.044 131.932 17.9
      vertex 102.071 131.727 17.9
    endloop
  endfacet
  facet normal 0.195749 0.980654 0
    outer loop
      vertex 101.044 131.932 17.9
      vertex 102.071 131.727 15.5
      vertex 101.044 131.932 15.5
    endloop
  endfacet
  facet normal -0.442414 0.896811 0
    outer loop
      vertex 4.93854 131.391 15.5
      vertex 4 130.928 17.9
      vertex 4.93854 131.391 17.9
    endloop
  endfacet
  facet normal -0.442414 0.896811 0
    outer loop
      vertex 4 130.928 17.9
      vertex 4.93854 131.391 15.5
      vertex 4 130.928 15.5
    endloop
  endfacet
  facet normal -0.831468 -0.555573 0
    outer loop
      vertex 1.65317 3.12991 15.5
      vertex 1.07179 4 17.9
      vertex 1.07179 4 15.5
    endloop
  endfacet
  facet normal -0.831468 -0.555573 0
    outer loop
      vertex 1.07179 4 17.9
      vertex 1.65317 3.12991 15.5
      vertex 1.65317 3.12991 17.9
    endloop
  endfacet
  facet normal -0.555573 -0.831468 0
    outer loop
      vertex 3.12991 1.65317 15.5
      vertex 4 1.07179 17.9
      vertex 3.12991 1.65317 17.9
    endloop
  endfacet
  facet normal -0.555573 -0.831468 -0
    outer loop
      vertex 4 1.07179 17.9
      vertex 3.12991 1.65317 15.5
      vertex 4 1.07179 15.5
    endloop
  endfacet
  facet normal -0.751844 -0.659341 0
    outer loop
      vertex 2.34314 2.34314 15.5
      vertex 1.65317 3.12991 17.9
      vertex 1.65317 3.12991 15.5
    endloop
  endfacet
  facet normal -0.751844 -0.659341 0
    outer loop
      vertex 1.65317 3.12991 17.9
      vertex 2.34314 2.34314 15.5
      vertex 2.34314 2.34314 17.9
    endloop
  endfacet
  facet normal 0.659232 -0.751939 0
    outer loop
      vertex 104.87 1.65317 15.5
      vertex 105.657 2.34314 17.9
      vertex 104.87 1.65317 17.9
    endloop
  endfacet
  facet normal 0.659232 -0.751939 0
    outer loop
      vertex 105.657 2.34314 17.9
      vertex 104.87 1.65317 15.5
      vertex 105.657 2.34314 15.5
    endloop
  endfacet
  facet normal -0.064984 0.997886 0
    outer loop
      vertex 8 132 15.5
      vertex 6.9558 131.932 17.9
      vertex 8 132 17.9
    endloop
  endfacet
  facet normal -0.064984 0.997886 0
    outer loop
      vertex 6.9558 131.932 17.9
      vertex 8 132 15.5
      vertex 6.9558 131.932 15.5
    endloop
  endfacet
  facet normal -0.555322 0.831635 0
    outer loop
      vertex 4 130.928 15.5
      vertex 3.12991 130.347 17.9
      vertex 4 130.928 17.9
    endloop
  endfacet
  facet normal -0.555322 0.831635 0
    outer loop
      vertex 3.12991 130.347 17.9
      vertex 4 130.928 15.5
      vertex 3.12991 130.347 15.5
    endloop
  endfacet
  facet normal -0.321126 0.947036 0
    outer loop
      vertex 5.92944 131.727 15.5
      vertex 4.93854 131.391 17.9
      vertex 5.92944 131.727 17.9
    endloop
  endfacet
  facet normal -0.321126 0.947036 0
    outer loop
      vertex 4.93854 131.391 17.9
      vertex 5.92944 131.727 15.5
      vertex 4.93854 131.391 15.5
    endloop
  endfacet
  facet normal 1 -0 0
    outer loop
      vertex 108 8 17.9
      vertex 108 124 15.5
      vertex 108 124 17.9
    endloop
  endfacet
  facet normal 1 0 0
    outer loop
      vertex 108 124 15.5
      vertex 108 8 17.9
      vertex 108 8 15.5
    endloop
  endfacet
  facet normal 0.946948 0.321388 0
    outer loop
      vertex 107.727 126.071 17.9
      vertex 107.391 127.061 15.5
      vertex 107.391 127.061 17.9
    endloop
  endfacet
  facet normal 0.946948 0.321388 0
    outer loop
      vertex 107.391 127.061 15.5
      vertex 107.727 126.071 17.9
      vertex 107.727 126.071 15.5
    endloop
  endfacet
  facet normal 0.751925 0.659248 0
    outer loop
      vertex 106.347 128.87 17.9
      vertex 105.657 129.657 15.5
      vertex 105.657 129.657 17.9
    endloop
  endfacet
  facet normal 0.751925 0.659248 0
    outer loop
      vertex 105.657 129.657 15.5
      vertex 106.347 128.87 17.9
      vertex 106.347 128.87 15.5
    endloop
  endfacet
  facet normal -0.321439 -0.94693 0
    outer loop
      vertex 4.93854 0.608963 15.5
      vertex 5.92944 0.272598 17.9
      vertex 4.93854 0.608963 17.9
    endloop
  endfacet
  facet normal -0.321439 -0.94693 -0
    outer loop
      vertex 5.92944 0.272598 17.9
      vertex 4.93854 0.608963 15.5
      vertex 5.92944 0.272598 15.5
    endloop
  endfacet
  facet normal -0.946841 0.321701 0
    outer loop
      vertex 0.272598 126.071 15.5
      vertex 0.608963 127.061 17.9
      vertex 0.608963 127.061 15.5
    endloop
  endfacet
  facet normal -0.946841 0.321701 0
    outer loop
      vertex 0.608963 127.061 17.9
      vertex 0.272598 126.071 15.5
      vertex 0.272598 126.071 17.9
    endloop
  endfacet
  facet normal -0.195096 -0.980784 0
    outer loop
      vertex 5.92944 0.272598 15.5
      vertex 6.9558 0.0684357 17.9
      vertex 5.92944 0.272598 17.9
    endloop
  endfacet
  facet normal -0.195096 -0.980784 -0
    outer loop
      vertex 6.9558 0.0684357 17.9
      vertex 5.92944 0.272598 15.5
      vertex 6.9558 0.0684357 15.5
    endloop
  endfacet
  facet normal 0.980654 0.195749 0
    outer loop
      vertex 107.932 125.044 17.9
      vertex 107.727 126.071 15.5
      vertex 107.727 126.071 17.9
    endloop
  endfacet
  facet normal 0.980654 0.195749 0
    outer loop
      vertex 107.727 126.071 15.5
      vertex 107.932 125.044 17.9
      vertex 107.932 125.044 15.5
    endloop
  endfacet
  facet normal -0.980807 0.194979 0
    outer loop
      vertex 0.0684357 125.044 15.5
      vertex 0.272598 126.071 17.9
      vertex 0.272598 126.071 15.5
    endloop
  endfacet
  facet normal -0.980807 0.194979 0
    outer loop
      vertex 0.272598 126.071 17.9
      vertex 0.0684357 125.044 15.5
      vertex 0.0684357 125.044 17.9
    endloop
  endfacet
  facet normal 0.0649964 0.997886 -0
    outer loop
      vertex 101.044 131.932 15.5
      vertex 100 132 17.9
      vertex 101.044 131.932 17.9
    endloop
  endfacet
  facet normal 0.0649964 0.997886 0
    outer loop
      vertex 100 132 17.9
      vertex 101.044 131.932 15.5
      vertex 100 132 15.5
    endloop
  endfacet
  facet normal 0.44224 0.896897 -0
    outer loop
      vertex 104 130.928 15.5
      vertex 103.061 131.391 17.9
      vertex 104 130.928 17.9
    endloop
  endfacet
  facet normal 0.44224 0.896897 0
    outer loop
      vertex 103.061 131.391 17.9
      vertex 104 130.928 15.5
      vertex 103.061 131.391 15.5
    endloop
  endfacet
  facet normal -0.659341 -0.751844 0
    outer loop
      vertex 2.34314 2.34314 15.5
      vertex 3.12991 1.65317 17.9
      vertex 2.34314 2.34314 17.9
    endloop
  endfacet
  facet normal -0.659341 -0.751844 -0
    outer loop
      vertex 3.12991 1.65317 17.9
      vertex 2.34314 2.34314 15.5
      vertex 3.12991 1.65317 15.5
    endloop
  endfacet
  facet normal -0.442281 -0.896876 0
    outer loop
      vertex 4 1.07179 15.5
      vertex 4.93854 0.608963 17.9
      vertex 4 1.07179 17.9
    endloop
  endfacet
  facet normal -0.442281 -0.896876 -0
    outer loop
      vertex 4.93854 0.608963 17.9
      vertex 4 1.07179 15.5
      vertex 4.93854 0.608963 15.5
    endloop
  endfacet
  facet normal 0.980631 -0.195866 0
    outer loop
      vertex 107.727 5.92944 17.9
      vertex 107.932 6.9558 15.5
      vertex 107.932 6.9558 17.9
    endloop
  endfacet
  facet normal 0.980631 -0.195866 0
    outer loop
      vertex 107.932 6.9558 15.5
      vertex 107.727 5.92944 17.9
      vertex 107.727 5.92944 15.5
    endloop
  endfacet
  facet normal 0.321388 0.946948 -0
    outer loop
      vertex 103.061 131.391 15.5
      vertex 102.071 131.727 17.9
      vertex 103.061 131.391 17.9
    endloop
  endfacet
  facet normal 0.321388 0.946948 0
    outer loop
      vertex 102.071 131.727 17.9
      vertex 103.061 131.391 15.5
      vertex 102.071 131.727 15.5
    endloop
  endfacet
  facet normal 0.659248 0.751925 -0
    outer loop
      vertex 105.657 129.657 15.5
      vertex 104.87 130.347 17.9
      vertex 105.657 129.657 17.9
    endloop
  endfacet
  facet normal 0.659248 0.751925 0
    outer loop
      vertex 104.87 130.347 17.9
      vertex 105.657 129.657 15.5
      vertex 104.87 130.347 15.5
    endloop
  endfacet
  facet normal -0.0653986 -0.997859 0
    outer loop
      vertex 6.9558 0.0684357 15.5
      vertex 8 0 17.9
      vertex 6.9558 0.0684357 17.9
    endloop
  endfacet
  facet normal -0.0653986 -0.997859 -0
    outer loop
      vertex 8 0 17.9
      vertex 6.9558 0.0684357 15.5
      vertex 8 0 15.5
    endloop
  endfacet
  facet normal -0.896876 -0.442281 0
    outer loop
      vertex 1.07179 4 15.5
      vertex 0.608963 4.93854 17.9
      vertex 0.608963 4.93854 15.5
    endloop
  endfacet
  facet normal -0.896876 -0.442281 0
    outer loop
      vertex 0.608963 4.93854 17.9
      vertex 1.07179 4 15.5
      vertex 1.07179 4 17.9
    endloop
  endfacet
  facet normal 0.321701 -0.946841 0
    outer loop
      vertex 102.071 0.272598 15.5
      vertex 103.061 0.608963 17.9
      vertex 102.071 0.272598 17.9
    endloop
  endfacet
  facet normal 0.321701 -0.946841 0
    outer loop
      vertex 103.061 0.608963 17.9
      vertex 102.071 0.272598 15.5
      vertex 103.061 0.608963 15.5
    endloop
  endfacet
  facet normal 0.75183 -0.659357 0
    outer loop
      vertex 105.657 2.34314 17.9
      vertex 106.347 3.12991 15.5
      vertex 106.347 3.12991 17.9
    endloop
  endfacet
  facet normal 0.75183 -0.659357 0
    outer loop
      vertex 106.347 3.12991 15.5
      vertex 105.657 2.34314 17.9
      vertex 105.657 2.34314 15.5
    endloop
  endfacet
  facet normal 0.896897 0.44224 0
    outer loop
      vertex 107.391 127.061 17.9
      vertex 106.928 128 15.5
      vertex 106.928 128 17.9
    endloop
  endfacet
  facet normal 0.896897 0.44224 0
    outer loop
      vertex 106.928 128 15.5
      vertex 107.391 127.061 17.9
      vertex 107.391 127.061 15.5
    endloop
  endfacet
  facet normal -0.896962 0.442107 0
    outer loop
      vertex 0.608963 127.061 15.5
      vertex 1.07179 128 17.9
      vertex 1.07179 128 15.5
    endloop
  endfacet
  facet normal -0.896962 0.442107 0
    outer loop
      vertex 1.07179 128 17.9
      vertex 0.608963 127.061 15.5
      vertex 0.608963 127.061 17.9
    endloop
  endfacet
  facet normal -0.94693 -0.321439 0
    outer loop
      vertex 0.608963 4.93854 15.5
      vertex 0.272598 5.92944 17.9
      vertex 0.272598 5.92944 15.5
    endloop
  endfacet
  facet normal -0.94693 -0.321439 0
    outer loop
      vertex 0.272598 5.92944 17.9
      vertex 0.608963 4.93854 15.5
      vertex 0.608963 4.93854 17.9
    endloop
  endfacet
  facet normal 0.555613 -0.831441 0
    outer loop
      vertex 104 1.07179 15.5
      vertex 104.87 1.65317 17.9
      vertex 104 1.07179 17.9
    endloop
  endfacet
  facet normal 0.555613 -0.831441 0
    outer loop
      vertex 104.87 1.65317 17.9
      vertex 104 1.07179 15.5
      vertex 104.87 1.65317 15.5
    endloop
  endfacet
  facet normal -0 0 1
    outer loop
      vertex 13.0706 92.8494 17.9
      vertex 20.1988 87.6263 17.9
      vertex 13.1421 93.06 17.9
    endloop
  endfacet
  facet normal 0 0 1
    outer loop
      vertex 14.5651 77.0309 17.9
      vertex 13.1855 12.7219 17.9
      vertex 13.2 12.5 17.9
    endloop
  endfacet
  facet normal -0 0 1
    outer loop
      vertex 12.9722 92.65 17.9
      vertex 20.1988 87.6263 17.9
      vertex 13.0706 92.8494 17.9
    endloop
  endfacet
  facet normal 0 0 1
    outer loop
      vertex 14.5651 77.0309 17.9
      vertex 13.1421 12.94 17.9
      vertex 13.1855 12.7219 17.9
    endloop
  endfacet
  facet normal -0 0 1
    outer loop
      vertex 12.8487 92.4651 17.9
      vertex 20.1988 87.6263 17.9
      vertex 12.9722 92.65 17.9
    endloop
  endfacet
  facet normal 0 0 1
    outer loop
      vertex 14.5651 77.0309 17.9
      vertex 13.0706 13.1506 17.9
      vertex 13.1421 12.94 17.9
    endloop
  endfacet
  facet normal -0 0 1
    outer loop
      vertex 12.7021 92.2979 17.9
      vertex 20.1988 87.6263 17.9
      vertex 12.8487 92.4651 17.9
    endloop
  endfacet
  facet normal 0 0 1
    outer loop
      vertex 14.5651 77.0309 17.9
      vertex 12.9722 13.35 17.9
      vertex 13.0706 13.1506 17.9
    endloop
  endfacet
  facet normal -0 0 1
    outer loop
      vertex 12.5349 92.1513 17.9
      vertex 20.1988 87.6263 17.9
      vertex 12.7021 92.2979 17.9
    endloop
  endfacet
  facet normal 0 0 1
    outer loop
      vertex 14.5651 77.0309 17.9
      vertex 12.8487 13.5349 17.9
      vertex 12.9722 13.35 17.9
    endloop
  endfacet
  facet normal -0 0 1
    outer loop
      vertex 12.35 92.0278 17.9
      vertex 20.1988 87.6263 17.9
      vertex 12.5349 92.1513 17.9
    endloop
  endfacet
  facet normal 0 0 1
    outer loop
      vertex 14.5651 77.0309 17.9
      vertex 12.7021 13.7021 17.9
      vertex 12.8487 13.5349 17.9
    endloop
  endfacet
  facet normal -0 0 1
    outer loop
      vertex 12.1506 91.9294 17.9
      vertex 20.1988 87.6263 17.9
      vertex 12.35 92.0278 17.9
    endloop
  endfacet
  facet normal 0 0 1
    outer loop
      vertex 14.5651 77.0309 17.9
      vertex 12.5349 13.8487 17.9
      vertex 12.7021 13.7021 17.9
    endloop
  endfacet
  facet normal -0 0 1
    outer loop
      vertex 11.94 91.8579 17.9
      vertex 20.1988 87.6263 17.9
      vertex 12.1506 91.9294 17.9
    endloop
  endfacet
  facet normal 0 0 1
    outer loop
      vertex 14.5651 77.0309 17.9
      vertex 12.35 13.9722 17.9
      vertex 12.5349 13.8487 17.9
    endloop
  endfacet
  facet normal 0 0 1
    outer loop
      vertex 20.1988 87.6263 17.9
      vertex 11.94 91.8579 17.9
      vertex 14.5651 77.0309 17.9
    endloop
  endfacet
  facet normal 0 0 1
    outer loop
      vertex 14.5651 77.0309 17.9
      vertex 12.1506 14.0706 17.9
      vertex 12.35 13.9722 17.9
    endloop
  endfacet
  facet normal -0 0 1
    outer loop
      vertex 11.7219 91.8145 17.9
      vertex 14.5651 77.0309 17.9
      vertex 11.94 91.8579 17.9
    endloop
  endfacet
  facet normal 0 0 1
    outer loop
      vertex 14.5651 77.0309 17.9
      vertex 11.94 14.1421 17.9
      vertex 12.1506 14.0706 17.9
    endloop
  endfacet
  facet normal -0 0 1
    outer loop
      vertex 11.5 91.8 17.9
      vertex 14.5651 77.0309 17.9
      vertex 11.7219 91.8145 17.9
    endloop
  endfacet
  facet normal 0 0 1
    outer loop
      vertex 14.5651 77.0309 17.9
      vertex 11.7219 14.1855 17.9
      vertex 11.94 14.1421 17.9
    endloop
  endfacet
  facet normal 0 0 1
    outer loop
      vertex 11.2781 91.8145 17.9
      vertex 14.5651 77.0309 17.9
      vertex 11.5 91.8 17.9
    endloop
  endfacet
  facet normal 0 0 1
    outer loop
      vertex 14.5651 77.0309 17.9
      vertex 11.5 14.2 17.9
      vertex 11.7219 14.1855 17.9
    endloop
  endfacet
  facet normal 0 0 1
    outer loop
      vertex 11.06 91.8579 17.9
      vertex 14.5651 77.0309 17.9
      vertex 11.2781 91.8145 17.9
    endloop
  endfacet
  facet normal 0 0 1
    outer loop
      vertex 14.5651 77.0309 17.9
      vertex 11.2781 14.1855 17.9
      vertex 11.5 14.2 17.9
    endloop
  endfacet
  facet normal 0 0 1
    outer loop
      vertex 10.8494 91.9294 17.9
      vertex 14.5651 77.0309 17.9
      vertex 11.06 91.8579 17.9
    endloop
  endfacet
  facet normal 0 0 1
    outer loop
      vertex 14.5651 77.0309 17.9
      vertex 11.06 14.1421 17.9
      vertex 11.2781 14.1855 17.9
    endloop
  endfacet
  facet normal 0 0 1
    outer loop
      vertex 10.65 92.0278 17.9
      vertex 14.5651 77.0309 17.9
      vertex 10.8494 91.9294 17.9
    endloop
  endfacet
  facet normal 0 0 1
    outer loop
      vertex 14.5651 77.0309 17.9
      vertex 10.8494 14.0706 17.9
      vertex 11.06 14.1421 17.9
    endloop
  endfacet
  facet normal 0 0 1
    outer loop
      vertex 10.4651 92.1513 17.9
      vertex 14.5651 77.0309 17.9
      vertex 10.65 92.0278 17.9
    endloop
  endfacet
  facet normal 0 0 1
    outer loop
      vertex 14.5651 77.0309 17.9
      vertex 10.65 13.9722 17.9
      vertex 10.8494 14.0706 17.9
    endloop
  endfacet
  facet normal 0 0 1
    outer loop
      vertex 10.2979 92.2979 17.9
      vertex 14.5651 77.0309 17.9
      vertex 10.4651 92.1513 17.9
    endloop
  endfacet
  facet normal 0 0 1
    outer loop
      vertex 14.5651 77.0309 17.9
      vertex 10.4651 13.8487 17.9
      vertex 10.65 13.9722 17.9
    endloop
  endfacet
  facet normal 0 0 1
    outer loop
      vertex 10.1513 92.4651 17.9
      vertex 14.5651 77.0309 17.9
      vertex 10.2979 92.2979 17.9
    endloop
  endfacet
  facet normal 0 0 1
    outer loop
      vertex 14.5651 77.0309 17.9
      vertex 0 8 17.9
      vertex 10.4651 13.8487 17.9
    endloop
  endfacet
  facet normal 0 0 1
    outer loop
      vertex 10.0278 92.65 17.9
      vertex 14.5651 77.0309 17.9
      vertex 10.1513 92.4651 17.9
    endloop
  endfacet
  facet normal 0 0 1
    outer loop
      vertex 10.4651 13.8487 17.9
      vertex 0 8 17.9
      vertex 10.2979 13.7021 17.9
    endloop
  endfacet
  facet normal 0 0 1
    outer loop
      vertex 9.9294 92.8494 17.9
      vertex 14.5651 77.0309 17.9
      vertex 10.0278 92.65 17.9
    endloop
  endfacet
  facet normal 0 0 1
    outer loop
      vertex 10.2979 13.7021 17.9
      vertex 0 8 17.9
      vertex 10.1513 13.5349 17.9
    endloop
  endfacet
  facet normal 0 0 1
    outer loop
      vertex 14.5651 77.0309 17.9
      vertex 9.9294 92.8494 17.9
      vertex 0 8 17.9
    endloop
  endfacet
  facet normal 0 0 1
    outer loop
      vertex 10.1513 13.5349 17.9
      vertex 0 8 17.9
      vertex 10.0278 13.35 17.9
    endloop
  endfacet
  facet normal 0 0 1
    outer loop
      vertex 0 8 17.9
      vertex 9.9294 92.8494 17.9
      vertex 9.85793 93.06 17.9
    endloop
  endfacet
  facet normal 0 0 1
    outer loop
      vertex 10.0278 13.35 17.9
      vertex 0 8 17.9
      vertex 9.9294 13.1506 17.9
    endloop
  endfacet
  facet normal 0 0 1
    outer loop
      vertex 0 8 17.9
      vertex 9.85793 93.06 17.9
      vertex 9.81454 93.2781 17.9
    endloop
  endfacet
  facet normal 0 0 1
    outer loop
      vertex 9.9294 13.1506 17.9
      vertex 0 8 17.9
      vertex 9.85793 12.94 17.9
    endloop
  endfacet
  facet normal 0 0 1
    outer loop
      vertex 0 124 17.9
      vertex 9.81454 93.2781 17.9
      vertex 9.8 93.5 17.9
    endloop
  endfacet
  facet normal 0 0 1
    outer loop
      vertex 9.85793 12.94 17.9
      vertex 0 8 17.9
      vertex 9.81454 12.7219 17.9
    endloop
  endfacet
  facet normal -0 0 1
    outer loop
      vertex 21.4349 86.9691 17.9
      vertex 19.5651 77.0309 17.9
      vertex 25.1988 87.6263 17.9
    endloop
  endfacet
  facet normal 0 0 1
    outer loop
      vertex 15.8012 76.3737 17.9
      vertex 19.5651 77.0309 17.9
      vertex 21.4349 86.9691 17.9
    endloop
  endfacet
  facet normal 0 0 1
    outer loop
      vertex 19.5651 77.0309 17.9
      vertex 15.8012 76.3737 17.9
      vertex 16.925 66.7 17.9
    endloop
  endfacet
  facet normal 0 0 1
    outer loop
      vertex 16.925 66.7 17.9
      vertex 15.8012 76.3737 17.9
      vertex 16.8467 66.6949 17.9
    endloop
  endfacet
  facet normal 0 0 1
    outer loop
      vertex 16.8467 66.6949 17.9
      vertex 15.8012 76.3737 17.9
      vertex 16.7697 66.6796 17.9
    endloop
  endfacet
  facet normal 0 0 1
    outer loop
      vertex 16.7697 66.6796 17.9
      vertex 15.8012 76.3737 17.9
      vertex 16.6954 66.6543 17.9
    endloop
  endfacet
  facet normal 0 0 1
    outer loop
      vertex 16.6954 66.6543 17.9
      vertex 15.8012 76.3737 17.9
      vertex 16.625 66.6196 17.9
    endloop
  endfacet
  facet normal 0 0 1
    outer loop
      vertex 16.625 66.6196 17.9
      vertex 15.8012 76.3737 17.9
      vertex 16.5597 66.576 17.9
    endloop
  endfacet
  facet normal 0 0 1
    outer loop
      vertex 16.5597 66.576 17.9
      vertex 15.8012 76.3737 17.9
      vertex 16.5007 66.5243 17.9
    endloop
  endfacet
  facet normal 0 0 1
    outer loop
      vertex 14.5651 77.0309 17.9
      vertex 16.5007 66.5243 17.9
      vertex 15.8012 76.3737 17.9
    endloop
  endfacet
  facet normal 0 0 1
    outer loop
      vertex 16.5007 66.5243 17.9
      vertex 14.5651 77.0309 17.9
      vertex 16.449 66.4652 17.9
    endloop
  endfacet
  facet normal 0 0 1
    outer loop
      vertex 16.449 66.4652 17.9
      vertex 14.5651 77.0309 17.9
      vertex 16.4054 66.4 17.9
    endloop
  endfacet
  facet normal 0 0 1
    outer loop
      vertex 14.5651 77.0309 17.9
      vertex 16.325 53.1 17.9
      vertex 16.325 66.1 17.9
    endloop
  endfacet
  facet normal 0 0 1
    outer loop
      vertex 16.325 53.1 17.9
      vertex 14.5651 77.0309 17.9
      vertex 16.325 47.05 17.9
    endloop
  endfacet
  facet normal 0 0 1
    outer loop
      vertex 13.2 12.5 17.9
      vertex 16.325 47.05 17.9
      vertex 14.5651 77.0309 17.9
    endloop
  endfacet
  facet normal 0 0 1
    outer loop
      vertex 16.325 34.05 17.9
      vertex 13.2 12.5 17.9
      vertex 16.325 28 17.9
    endloop
  endfacet
  facet normal 0 0 1
    outer loop
      vertex 16.3301 66.1783 17.9
      vertex 14.5651 77.0309 17.9
      vertex 16.325 66.1 17.9
    endloop
  endfacet
  facet normal 0 0 1
    outer loop
      vertex 16.3454 66.2553 17.9
      vertex 14.5651 77.0309 17.9
      vertex 16.3301 66.1783 17.9
    endloop
  endfacet
  facet normal 0 0 1
    outer loop
      vertex 16.3707 66.3296 17.9
      vertex 14.5651 77.0309 17.9
      vertex 16.3454 66.2553 17.9
    endloop
  endfacet
  facet normal 0 0 1
    outer loop
      vertex 16.4054 66.4 17.9
      vertex 14.5651 77.0309 17.9
      vertex 16.3707 66.3296 17.9
    endloop
  endfacet
  facet normal 0 0 1
    outer loop
      vertex 35.4554 33.75 17.9
      vertex 30.4446 33.75 17.9
      vertex 35.499 33.6847 17.9
    endloop
  endfacet
  facet normal 0 0 1
    outer loop
      vertex 35.5507 28.4243 17.9
      vertex 30.5199 28.0783 17.9
      vertex 30.525 28 17.9
    endloop
  endfacet
  facet normal 0 0 1
    outer loop
      vertex 30.401 33.6847 17.9
      vertex 35.499 33.6847 17.9
      vertex 30.4446 33.75 17.9
    endloop
  endfacet
  facet normal 0 0 1
    outer loop
      vertex 35.5507 28.4243 17.9
      vertex 30.5046 28.1553 17.9
      vertex 30.5199 28.0783 17.9
    endloop
  endfacet
  facet normal 0 0 1
    outer loop
      vertex 35.499 33.6847 17.9
      vertex 30.401 33.6847 17.9
      vertex 35.5507 33.6257 17.9
    endloop
  endfacet
  facet normal 0 0 1
    outer loop
      vertex 35.5507 28.4243 17.9
      vertex 30.4793 28.2296 17.9
      vertex 30.5046 28.1553 17.9
    endloop
  endfacet
  facet normal 0 0 1
    outer loop
      vertex 30.3493 33.6257 17.9
      vertex 35.5507 33.6257 17.9
      vertex 30.401 33.6847 17.9
    endloop
  endfacet
  facet normal 0 0 1
    outer loop
      vertex 35.5507 28.4243 17.9
      vertex 30.4446 28.3 17.9
      vertex 30.4793 28.2296 17.9
    endloop
  endfacet
  facet normal 0 0 1
    outer loop
      vertex 35.5507 33.6257 17.9
      vertex 30.3493 33.6257 17.9
      vertex 35.5507 28.4243 17.9
    endloop
  endfacet
  facet normal 0 0 1
    outer loop
      vertex 35.5507 28.4243 17.9
      vertex 30.401 28.3652 17.9
      vertex 30.4446 28.3 17.9
    endloop
  endfacet
  facet normal 0 0 1
    outer loop
      vertex 30.3493 28.4243 17.9
      vertex 35.5507 28.4243 17.9
      vertex 30.3493 33.6257 17.9
    endloop
  endfacet
  facet normal 0 0 1
    outer loop
      vertex 35.5507 28.4243 17.9
      vertex 30.3493 28.4243 17.9
      vertex 30.401 28.3652 17.9
    endloop
  endfacet
  facet normal -0 0 1
    outer loop
      vertex 30.2902 33.574 17.9
      vertex 30.3493 28.4243 17.9
      vertex 30.3493 33.6257 17.9
    endloop
  endfacet
  facet normal 0 0 1
    outer loop
      vertex 30.2902 33.574 17.9
      vertex 30.2902 28.476 17.9
      vertex 30.3493 28.4243 17.9
    endloop
  endfacet
  facet normal -0 0 1
    outer loop
      vertex 30.225 33.5304 17.9
      vertex 30.2902 28.476 17.9
      vertex 30.2902 33.574 17.9
    endloop
  endfacet
  facet normal 0 0 1
    outer loop
      vertex 30.225 33.5304 17.9
      vertex 30.225 28.5196 17.9
      vertex 30.2902 28.476 17.9
    endloop
  endfacet
  facet normal -0 0 1
    outer loop
      vertex 30.1546 33.4957 17.9
      vertex 30.225 28.5196 17.9
      vertex 30.225 33.5304 17.9
    endloop
  endfacet
  facet normal 0 0 1
    outer loop
      vertex 30.1546 33.4957 17.9
      vertex 30.1546 28.5543 17.9
      vertex 30.225 28.5196 17.9
    endloop
  endfacet
  facet normal -0 0 1
    outer loop
      vertex 30.0803 33.4704 17.9
      vertex 30.1546 28.5543 17.9
      vertex 30.1546 33.4957 17.9
    endloop
  endfacet
  facet normal 0 0 1
    outer loop
      vertex 30.0803 33.4704 17.9
      vertex 30.0803 28.5796 17.9
      vertex 30.1546 28.5543 17.9
    endloop
  endfacet
  facet normal -0 0 1
    outer loop
      vertex 30.0033 33.4551 17.9
      vertex 30.0803 28.5796 17.9
      vertex 30.0803 33.4704 17.9
    endloop
  endfacet
  facet normal 0 0 1
    outer loop
      vertex 30.0033 33.4551 17.9
      vertex 30.0033 28.5949 17.9
      vertex 30.0803 28.5796 17.9
    endloop
  endfacet
  facet normal -0 0 1
    outer loop
      vertex 29.925 33.45 17.9
      vertex 30.0033 28.5949 17.9
      vertex 30.0033 33.4551 17.9
    endloop
  endfacet
  facet normal 0 0 1
    outer loop
      vertex 29.925 33.45 17.9
      vertex 29.925 28.6 17.9
      vertex 30.0033 28.5949 17.9
    endloop
  endfacet
  facet normal -0 0 1
    outer loop
      vertex 16.925 33.45 17.9
      vertex 29.925 28.6 17.9
      vertex 29.925 33.45 17.9
    endloop
  endfacet
  facet normal 0 0 1
    outer loop
      vertex 16.925 33.45 17.9
      vertex 16.925 28.6 17.9
      vertex 29.925 28.6 17.9
    endloop
  endfacet
  facet normal 0 0 1
    outer loop
      vertex 16.8467 33.4551 17.9
      vertex 16.925 28.6 17.9
      vertex 16.925 33.45 17.9
    endloop
  endfacet
  facet normal 0 0 1
    outer loop
      vertex 16.8467 33.4551 17.9
      vertex 16.8467 28.5949 17.9
      vertex 16.925 28.6 17.9
    endloop
  endfacet
  facet normal 0 0 1
    outer loop
      vertex 16.7697 33.4704 17.9
      vertex 16.8467 28.5949 17.9
      vertex 16.8467 33.4551 17.9
    endloop
  endfacet
  facet normal 0 0 1
    outer loop
      vertex 16.7697 33.4704 17.9
      vertex 16.7697 28.5796 17.9
      vertex 16.8467 28.5949 17.9
    endloop
  endfacet
  facet normal 0 0 1
    outer loop
      vertex 16.6954 33.4957 17.9
      vertex 16.7697 28.5796 17.9
      vertex 16.7697 33.4704 17.9
    endloop
  endfacet
  facet normal 0 0 1
    outer loop
      vertex 16.6954 33.4957 17.9
      vertex 16.6954 28.5543 17.9
      vertex 16.7697 28.5796 17.9
    endloop
  endfacet
  facet normal 0 0 1
    outer loop
      vertex 16.625 33.5304 17.9
      vertex 16.6954 28.5543 17.9
      vertex 16.6954 33.4957 17.9
    endloop
  endfacet
  facet normal 0 0 1
    outer loop
      vertex 16.625 33.5304 17.9
      vertex 16.625 28.5196 17.9
      vertex 16.6954 28.5543 17.9
    endloop
  endfacet
  facet normal 0 0 1
    outer loop
      vertex 16.5597 33.574 17.9
      vertex 16.625 28.5196 17.9
      vertex 16.625 33.5304 17.9
    endloop
  endfacet
  facet normal 0 0 1
    outer loop
      vertex 16.5597 33.574 17.9
      vertex 16.5597 28.476 17.9
      vertex 16.625 28.5196 17.9
    endloop
  endfacet
  facet normal 0 0 1
    outer loop
      vertex 16.5007 33.6257 17.9
      vertex 16.5597 28.476 17.9
      vertex 16.5597 33.574 17.9
    endloop
  endfacet
  facet normal 0 0 1
    outer loop
      vertex 16.5007 33.6257 17.9
      vertex 16.5007 28.4243 17.9
      vertex 16.5597 28.476 17.9
    endloop
  endfacet
  facet normal 0 0 1
    outer loop
      vertex 16.449 33.6847 17.9
      vertex 16.5007 28.4243 17.9
      vertex 16.5007 33.6257 17.9
    endloop
  endfacet
  facet normal 0 0 1
    outer loop
      vertex 16.449 33.6847 17.9
      vertex 16.449 28.3652 17.9
      vertex 16.5007 28.4243 17.9
    endloop
  endfacet
  facet normal 0 0 1
    outer loop
      vertex 16.4054 33.75 17.9
      vertex 16.449 28.3652 17.9
      vertex 16.449 33.6847 17.9
    endloop
  endfacet
  facet normal 0 0 1
    outer loop
      vertex 16.4054 33.75 17.9
      vertex 16.4054 28.3 17.9
      vertex 16.449 28.3652 17.9
    endloop
  endfacet
  facet normal 0 0 1
    outer loop
      vertex 16.3707 33.8204 17.9
      vertex 16.4054 28.3 17.9
      vertex 16.4054 33.75 17.9
    endloop
  endfacet
  facet normal 0 0 1
    outer loop
      vertex 16.3707 33.8204 17.9
      vertex 16.3707 28.2296 17.9
      vertex 16.4054 28.3 17.9
    endloop
  endfacet
  facet normal 0 0 1
    outer loop
      vertex 16.3454 33.8947 17.9
      vertex 16.3707 28.2296 17.9
      vertex 16.3707 33.8204 17.9
    endloop
  endfacet
  facet normal 0 0 1
    outer loop
      vertex 16.3454 33.8947 17.9
      vertex 16.3454 28.1553 17.9
      vertex 16.3707 28.2296 17.9
    endloop
  endfacet
  facet normal 0 0 1
    outer loop
      vertex 16.3301 33.9717 17.9
      vertex 16.3454 28.1553 17.9
      vertex 16.3454 33.8947 17.9
    endloop
  endfacet
  facet normal 0 0 1
    outer loop
      vertex 16.3301 33.9717 17.9
      vertex 16.3301 28.0783 17.9
      vertex 16.3454 28.1553 17.9
    endloop
  endfacet
  facet normal 0 0 1
    outer loop
      vertex 16.325 34.05 17.9
      vertex 16.3301 28.0783 17.9
      vertex 16.3301 33.9717 17.9
    endloop
  endfacet
  facet normal 0 0 1
    outer loop
      vertex 16.3301 28.0783 17.9
      vertex 16.325 34.05 17.9
      vertex 16.325 28 17.9
    endloop
  endfacet
  facet normal 0 0 1
    outer loop
      vertex 35.4554 52.8 17.9
      vertex 30.4446 52.8 17.9
      vertex 35.499 52.7347 17.9
    endloop
  endfacet
  facet normal 0 0 1
    outer loop
      vertex 35.5507 47.4743 17.9
      vertex 30.5199 47.1283 17.9
      vertex 30.525 47.05 17.9
    endloop
  endfacet
  facet normal 0 0 1
    outer loop
      vertex 30.401 52.7347 17.9
      vertex 35.499 52.7347 17.9
      vertex 30.4446 52.8 17.9
    endloop
  endfacet
  facet normal 0 0 1
    outer loop
      vertex 35.5507 47.4743 17.9
      vertex 30.5046 47.2053 17.9
      vertex 30.5199 47.1283 17.9
    endloop
  endfacet
  facet normal 0 0 1
    outer loop
      vertex 35.499 52.7347 17.9
      vertex 30.401 52.7347 17.9
      vertex 35.5507 52.6757 17.9
    endloop
  endfacet
  facet normal 0 0 1
    outer loop
      vertex 35.5507 47.4743 17.9
      vertex 30.4793 47.2796 17.9
      vertex 30.5046 47.2053 17.9
    endloop
  endfacet
  facet normal 0 0 1
    outer loop
      vertex 30.3493 52.6757 17.9
      vertex 35.5507 52.6757 17.9
      vertex 30.401 52.7347 17.9
    endloop
  endfacet
  facet normal 0 0 1
    outer loop
      vertex 35.5507 47.4743 17.9
      vertex 30.4446 47.35 17.9
      vertex 30.4793 47.2796 17.9
    endloop
  endfacet
  facet normal 0 0 1
    outer loop
      vertex 35.5507 52.6757 17.9
      vertex 30.3493 52.6757 17.9
      vertex 35.5507 47.4743 17.9
    endloop
  endfacet
  facet normal 0 0 1
    outer loop
      vertex 35.5507 47.4743 17.9
      vertex 30.401 47.4152 17.9
      vertex 30.4446 47.35 17.9
    endloop
  endfacet
  facet normal 0 0 1
    outer loop
      vertex 30.3493 47.4743 17.9
      vertex 35.5507 47.4743 17.9
      vertex 30.3493 52.6757 17.9
    endloop
  endfacet
  facet normal 0 0 1
    outer loop
      vertex 35.5507 47.4743 17.9
      vertex 30.3493 47.4743 17.9
      vertex 30.401 47.4152 17.9
    endloop
  endfacet
  facet normal -0 0 1
    outer loop
      vertex 30.2902 52.624 17.9
      vertex 30.3493 47.4743 17.9
      vertex 30.3493 52.6757 17.9
    endloop
  endfacet
  facet normal 0 0 1
    outer loop
      vertex 30.2902 52.624 17.9
      vertex 30.2902 47.526 17.9
      vertex 30.3493 47.4743 17.9
    endloop
  endfacet
  facet normal -0 0 1
    outer loop
      vertex 30.225 52.5804 17.9
      vertex 30.2902 47.526 17.9
      vertex 30.2902 52.624 17.9
    endloop
  endfacet
  facet normal 0 0 1
    outer loop
      vertex 30.225 52.5804 17.9
      vertex 30.225 47.5696 17.9
      vertex 30.2902 47.526 17.9
    endloop
  endfacet
  facet normal -0 0 1
    outer loop
      vertex 30.1546 52.5457 17.9
      vertex 30.225 47.5696 17.9
      vertex 30.225 52.5804 17.9
    endloop
  endfacet
  facet normal 0 0 1
    outer loop
      vertex 30.1546 52.5457 17.9
      vertex 30.1546 47.6043 17.9
      vertex 30.225 47.5696 17.9
    endloop
  endfacet
  facet normal -0 0 1
    outer loop
      vertex 30.0803 52.5204 17.9
      vertex 30.1546 47.6043 17.9
      vertex 30.1546 52.5457 17.9
    endloop
  endfacet
  facet normal 0 0 1
    outer loop
      vertex 30.0803 52.5204 17.9
      vertex 30.0803 47.6296 17.9
      vertex 30.1546 47.6043 17.9
    endloop
  endfacet
  facet normal -0 0 1
    outer loop
      vertex 30.0033 52.5051 17.9
      vertex 30.0803 47.6296 17.9
      vertex 30.0803 52.5204 17.9
    endloop
  endfacet
  facet normal 0 0 1
    outer loop
      vertex 30.0033 52.5051 17.9
      vertex 30.0033 47.6449 17.9
      vertex 30.0803 47.6296 17.9
    endloop
  endfacet
  facet normal -0 0 1
    outer loop
      vertex 29.925 52.5 17.9
      vertex 30.0033 47.6449 17.9
      vertex 30.0033 52.5051 17.9
    endloop
  endfacet
  facet normal 0 0 1
    outer loop
      vertex 29.925 52.5 17.9
      vertex 29.925 47.65 17.9
      vertex 30.0033 47.6449 17.9
    endloop
  endfacet
  facet normal -0 0 1
    outer loop
      vertex 16.925 52.5 17.9
      vertex 29.925 47.65 17.9
      vertex 29.925 52.5 17.9
    endloop
  endfacet
  facet normal 0 0 1
    outer loop
      vertex 16.925 52.5 17.9
      vertex 16.925 47.65 17.9
      vertex 29.925 47.65 17.9
    endloop
  endfacet
  facet normal 0 0 1
    outer loop
      vertex 16.8467 52.5051 17.9
      vertex 16.925 47.65 17.9
      vertex 16.925 52.5 17.9
    endloop
  endfacet
  facet normal 0 0 1
    outer loop
      vertex 16.8467 52.5051 17.9
      vertex 16.8467 47.6449 17.9
      vertex 16.925 47.65 17.9
    endloop
  endfacet
  facet normal 0 0 1
    outer loop
      vertex 16.7697 52.5204 17.9
      vertex 16.8467 47.6449 17.9
      vertex 16.8467 52.5051 17.9
    endloop
  endfacet
  facet normal 0 0 1
    outer loop
      vertex 16.7697 52.5204 17.9
      vertex 16.7697 47.6296 17.9
      vertex 16.8467 47.6449 17.9
    endloop
  endfacet
  facet normal 0 0 1
    outer loop
      vertex 16.6954 52.5457 17.9
      vertex 16.7697 47.6296 17.9
      vertex 16.7697 52.5204 17.9
    endloop
  endfacet
  facet normal 0 0 1
    outer loop
      vertex 16.6954 52.5457 17.9
      vertex 16.6954 47.6043 17.9
      vertex 16.7697 47.6296 17.9
    endloop
  endfacet
  facet normal 0 0 1
    outer loop
      vertex 16.625 52.5804 17.9
      vertex 16.6954 47.6043 17.9
      vertex 16.6954 52.5457 17.9
    endloop
  endfacet
  facet normal 0 0 1
    outer loop
      vertex 16.625 52.5804 17.9
      vertex 16.625 47.5696 17.9
      vertex 16.6954 47.6043 17.9
    endloop
  endfacet
  facet normal 0 0 1
    outer loop
      vertex 16.5597 52.624 17.9
      vertex 16.625 47.5696 17.9
      vertex 16.625 52.5804 17.9
    endloop
  endfacet
  facet normal 0 0 1
    outer loop
      vertex 16.5597 52.624 17.9
      vertex 16.5597 47.526 17.9
      vertex 16.625 47.5696 17.9
    endloop
  endfacet
  facet normal 0 0 1
    outer loop
      vertex 16.5007 52.6757 17.9
      vertex 16.5597 47.526 17.9
      vertex 16.5597 52.624 17.9
    endloop
  endfacet
  facet normal 0 0 1
    outer loop
      vertex 16.5007 52.6757 17.9
      vertex 16.5007 47.4743 17.9
      vertex 16.5597 47.526 17.9
    endloop
  endfacet
  facet normal 0 0 1
    outer loop
      vertex 16.449 52.7347 17.9
      vertex 16.5007 47.4743 17.9
      vertex 16.5007 52.6757 17.9
    endloop
  endfacet
  facet normal 0 0 1
    outer loop
      vertex 16.449 52.7347 17.9
      vertex 16.449 47.4152 17.9
      vertex 16.5007 47.4743 17.9
    endloop
  endfacet
  facet normal 0 0 1
    outer loop
      vertex 16.4054 52.8 17.9
      vertex 16.449 47.4152 17.9
      vertex 16.449 52.7347 17.9
    endloop
  endfacet
  facet normal 0 0 1
    outer loop
      vertex 16.4054 52.8 17.9
      vertex 16.4054 47.35 17.9
      vertex 16.449 47.4152 17.9
    endloop
  endfacet
  facet normal 0 0 1
    outer loop
      vertex 16.3707 52.8704 17.9
      vertex 16.4054 47.35 17.9
      vertex 16.4054 52.8 17.9
    endloop
  endfacet
  facet normal 0 0 1
    outer loop
      vertex 16.3707 52.8704 17.9
      vertex 16.3707 47.2796 17.9
      vertex 16.4054 47.35 17.9
    endloop
  endfacet
  facet normal 0 0 1
    outer loop
      vertex 16.3454 52.9447 17.9
      vertex 16.3707 47.2796 17.9
      vertex 16.3707 52.8704 17.9
    endloop
  endfacet
  facet normal 0 0 1
    outer loop
      vertex 16.3454 52.9447 17.9
      vertex 16.3454 47.2053 17.9
      vertex 16.3707 47.2796 17.9
    endloop
  endfacet
  facet normal 0 0 1
    outer loop
      vertex 16.3301 53.0217 17.9
      vertex 16.3454 47.2053 17.9
      vertex 16.3454 52.9447 17.9
    endloop
  endfacet
  facet normal 0 0 1
    outer loop
      vertex 16.3301 53.0217 17.9
      vertex 16.3301 47.1283 17.9
      vertex 16.3454 47.2053 17.9
    endloop
  endfacet
  facet normal 0 0 1
    outer loop
      vertex 16.325 53.1 17.9
      vertex 16.3301 47.1283 17.9
      vertex 16.3301 53.0217 17.9
    endloop
  endfacet
  facet normal 0 0 1
    outer loop
      vertex 16.3301 47.1283 17.9
      vertex 16.325 53.1 17.9
      vertex 16.325 47.05 17.9
    endloop
  endfacet
  facet normal 0 0 1
    outer loop
      vertex 35.3801 66.1783 17.9
      vertex 30.5199 66.1783 17.9
      vertex 30.525 66.1 17.9
    endloop
  endfacet
  facet normal 0 0 1
    outer loop
      vertex 33.425 86.0041 17.9
      vertex 30.5046 66.2553 17.9
      vertex 30.5199 66.1783 17.9
    endloop
  endfacet
  facet normal 0 0 1
    outer loop
      vertex 33.425 86.0041 17.9
      vertex 30.4793 66.3296 17.9
      vertex 30.5046 66.2553 17.9
    endloop
  endfacet
  facet normal 0 0 1
    outer loop
      vertex 33.425 86.0041 17.9
      vertex 30.4446 66.4 17.9
      vertex 30.4793 66.3296 17.9
    endloop
  endfacet
  facet normal 0 0 1
    outer loop
      vertex 33.425 86.0041 17.9
      vertex 30.401 66.4652 17.9
      vertex 30.4446 66.4 17.9
    endloop
  endfacet
  facet normal 0 0 1
    outer loop
      vertex 33.425 86.0041 17.9
      vertex 30.3493 66.5243 17.9
      vertex 30.401 66.4652 17.9
    endloop
  endfacet
  facet normal 0 0 1
    outer loop
      vertex 33.425 86.0041 17.9
      vertex 30.2902 66.576 17.9
      vertex 30.3493 66.5243 17.9
    endloop
  endfacet
  facet normal 0 0 1
    outer loop
      vertex 33.425 86.0041 17.9
      vertex 25.8012 76.3737 17.9
      vertex 30.2902 66.576 17.9
    endloop
  endfacet
  facet normal 0 0 1
    outer loop
      vertex 30.2902 66.576 17.9
      vertex 25.8012 76.3737 17.9
      vertex 30.225 66.6196 17.9
    endloop
  endfacet
  facet normal 0 0 1
    outer loop
      vertex 30.225 66.6196 17.9
      vertex 25.8012 76.3737 17.9
      vertex 30.1546 66.6543 17.9
    endloop
  endfacet
  facet normal 0 0 1
    outer loop
      vertex 30.1546 66.6543 17.9
      vertex 25.8012 76.3737 17.9
      vertex 30.0803 66.6796 17.9
    endloop
  endfacet
  facet normal 0 0 1
    outer loop
      vertex 30.0803 66.6796 17.9
      vertex 25.8012 76.3737 17.9
      vertex 30.0033 66.6949 17.9
    endloop
  endfacet
  facet normal 0 0 1
    outer loop
      vertex 30.0033 66.6949 17.9
      vertex 25.8012 76.3737 17.9
      vertex 29.925 66.7 17.9
    endloop
  endfacet
  facet normal 0 0 1
    outer loop
      vertex 20.8012 76.3737 17.9
      vertex 25.8012 76.3737 17.9
      vertex 24.5651 77.0309 17.9
    endloop
  endfacet
  facet normal 0 0 1
    outer loop
      vertex 16.925 66.7 17.9
      vertex 25.8012 76.3737 17.9
      vertex 20.8012 76.3737 17.9
    endloop
  endfacet
  facet normal 0 0 1
    outer loop
      vertex 16.925 66.7 17.9
      vertex 20.8012 76.3737 17.9
      vertex 19.5651 77.0309 17.9
    endloop
  endfacet
  facet normal 0 0 1
    outer loop
      vertex 25.8012 76.3737 17.9
      vertex 16.925 66.7 17.9
      vertex 29.925 66.7 17.9
    endloop
  endfacet
  facet normal 0 0 1
    outer loop
      vertex 54.5054 33.75 17.9
      vertex 49.4946 33.75 17.9
      vertex 54.549 33.6847 17.9
    endloop
  endfacet
  facet normal 0 0 1
    outer loop
      vertex 54.6007 28.4243 17.9
      vertex 49.5699 28.0783 17.9
      vertex 49.575 28 17.9
    endloop
  endfacet
  facet normal 0 0 1
    outer loop
      vertex 49.451 33.6847 17.9
      vertex 54.549 33.6847 17.9
      vertex 49.4946 33.75 17.9
    endloop
  endfacet
  facet normal 0 0 1
    outer loop
      vertex 54.6007 28.4243 17.9
      vertex 49.5546 28.1553 17.9
      vertex 49.5699 28.0783 17.9
    endloop
  endfacet
  facet normal 0 0 1
    outer loop
      vertex 54.549 33.6847 17.9
      vertex 49.451 33.6847 17.9
      vertex 54.6007 33.6257 17.9
    endloop
  endfacet
  facet normal 0 0 1
    outer loop
      vertex 54.6007 28.4243 17.9
      vertex 49.5293 28.2296 17.9
      vertex 49.5546 28.1553 17.9
    endloop
  endfacet
  facet normal 0 0 1
    outer loop
      vertex 49.3993 33.6257 17.9
      vertex 54.6007 33.6257 17.9
      vertex 49.451 33.6847 17.9
    endloop
  endfacet
  facet normal 0 0 1
    outer loop
      vertex 54.6007 28.4243 17.9
      vertex 49.4946 28.3 17.9
      vertex 49.5293 28.2296 17.9
    endloop
  endfacet
  facet normal 0 0 1
    outer loop
      vertex 54.6007 33.6257 17.9
      vertex 49.3993 33.6257 17.9
      vertex 54.6007 28.4243 17.9
    endloop
  endfacet
  facet normal 0 0 1
    outer loop
      vertex 54.6007 28.4243 17.9
      vertex 49.451 28.3652 17.9
      vertex 49.4946 28.3 17.9
    endloop
  endfacet
  facet normal 0 0 1
    outer loop
      vertex 49.3993 28.4243 17.9
      vertex 54.6007 28.4243 17.9
      vertex 49.3993 33.6257 17.9
    endloop
  endfacet
  facet normal 0 0 1
    outer loop
      vertex 54.6007 28.4243 17.9
      vertex 49.3993 28.4243 17.9
      vertex 49.451 28.3652 17.9
    endloop
  endfacet
  facet normal -0 0 1
    outer loop
      vertex 49.3402 33.574 17.9
      vertex 49.3993 28.4243 17.9
      vertex 49.3993 33.6257 17.9
    endloop
  endfacet
  facet normal 0 0 1
    outer loop
      vertex 49.3402 33.574 17.9
      vertex 49.3402 28.476 17.9
      vertex 49.3993 28.4243 17.9
    endloop
  endfacet
  facet normal -0 0 1
    outer loop
      vertex 49.275 33.5304 17.9
      vertex 49.3402 28.476 17.9
      vertex 49.3402 33.574 17.9
    endloop
  endfacet
  facet normal 0 0 1
    outer loop
      vertex 49.275 33.5304 17.9
      vertex 49.275 28.5196 17.9
      vertex 49.3402 28.476 17.9
    endloop
  endfacet
  facet normal -0 0 1
    outer loop
      vertex 49.2046 33.4957 17.9
      vertex 49.275 28.5196 17.9
      vertex 49.275 33.5304 17.9
    endloop
  endfacet
  facet normal 0 0 1
    outer loop
      vertex 49.2046 33.4957 17.9
      vertex 49.2046 28.5543 17.9
      vertex 49.275 28.5196 17.9
    endloop
  endfacet
  facet normal -0 0 1
    outer loop
      vertex 49.1303 33.4704 17.9
      vertex 49.2046 28.5543 17.9
      vertex 49.2046 33.4957 17.9
    endloop
  endfacet
  facet normal 0 0 1
    outer loop
      vertex 49.1303 33.4704 17.9
      vertex 49.1303 28.5796 17.9
      vertex 49.2046 28.5543 17.9
    endloop
  endfacet
  facet normal -0 0 1
    outer loop
      vertex 49.0533 33.4551 17.9
      vertex 49.1303 28.5796 17.9
      vertex 49.1303 33.4704 17.9
    endloop
  endfacet
  facet normal 0 0 1
    outer loop
      vertex 49.0533 33.4551 17.9
      vertex 49.0533 28.5949 17.9
      vertex 49.1303 28.5796 17.9
    endloop
  endfacet
  facet normal -0 0 1
    outer loop
      vertex 48.975 33.45 17.9
      vertex 49.0533 28.5949 17.9
      vertex 49.0533 33.4551 17.9
    endloop
  endfacet
  facet normal 0 0 1
    outer loop
      vertex 48.975 33.45 17.9
      vertex 48.975 28.6 17.9
      vertex 49.0533 28.5949 17.9
    endloop
  endfacet
  facet normal -0 0 1
    outer loop
      vertex 35.975 33.45 17.9
      vertex 48.975 28.6 17.9
      vertex 48.975 33.45 17.9
    endloop
  endfacet
  facet normal 0 0 1
    outer loop
      vertex 35.975 33.45 17.9
      vertex 35.975 28.6 17.9
      vertex 48.975 28.6 17.9
    endloop
  endfacet
  facet normal 0 0 1
    outer loop
      vertex 35.8967 33.4551 17.9
      vertex 35.975 28.6 17.9
      vertex 35.975 33.45 17.9
    endloop
  endfacet
  facet normal 0 0 1
    outer loop
      vertex 35.8967 33.4551 17.9
      vertex 35.8967 28.5949 17.9
      vertex 35.975 28.6 17.9
    endloop
  endfacet
  facet normal 0 0 1
    outer loop
      vertex 35.8197 33.4704 17.9
      vertex 35.8967 28.5949 17.9
      vertex 35.8967 33.4551 17.9
    endloop
  endfacet
  facet normal 0 0 1
    outer loop
      vertex 35.8197 33.4704 17.9
      vertex 35.8197 28.5796 17.9
      vertex 35.8967 28.5949 17.9
    endloop
  endfacet
  facet normal 0 0 1
    outer loop
      vertex 35.7454 33.4957 17.9
      vertex 35.8197 28.5796 17.9
      vertex 35.8197 33.4704 17.9
    endloop
  endfacet
  facet normal 0 0 1
    outer loop
      vertex 35.7454 33.4957 17.9
      vertex 35.7454 28.5543 17.9
      vertex 35.8197 28.5796 17.9
    endloop
  endfacet
  facet normal 0 0 1
    outer loop
      vertex 35.675 33.5304 17.9
      vertex 35.7454 28.5543 17.9
      vertex 35.7454 33.4957 17.9
    endloop
  endfacet
  facet normal 0 0 1
    outer loop
      vertex 35.675 33.5304 17.9
      vertex 35.675 28.5196 17.9
      vertex 35.7454 28.5543 17.9
    endloop
  endfacet
  facet normal 0 0 1
    outer loop
      vertex 35.6097 33.574 17.9
      vertex 35.675 28.5196 17.9
      vertex 35.675 33.5304 17.9
    endloop
  endfacet
  facet normal 0 0 1
    outer loop
      vertex 35.6097 33.574 17.9
      vertex 35.6097 28.476 17.9
      vertex 35.675 28.5196 17.9
    endloop
  endfacet
  facet normal 0 0 1
    outer loop
      vertex 35.5507 33.6257 17.9
      vertex 35.6097 28.476 17.9
      vertex 35.6097 33.574 17.9
    endloop
  endfacet
  facet normal 0 0 1
    outer loop
      vertex 35.5507 33.6257 17.9
      vertex 35.5507 28.4243 17.9
      vertex 35.6097 28.476 17.9
    endloop
  endfacet
  facet normal 0 0 1
    outer loop
      vertex 30.4793 33.8204 17.9
      vertex 35.4207 33.8204 17.9
      vertex 30.5046 33.8947 17.9
    endloop
  endfacet
  facet normal 0 0 1
    outer loop
      vertex 35.4207 33.8204 17.9
      vertex 30.4793 33.8204 17.9
      vertex 35.4554 33.75 17.9
    endloop
  endfacet
  facet normal 0 0 1
    outer loop
      vertex 35.3954 33.8947 17.9
      vertex 30.5046 33.8947 17.9
      vertex 35.4207 33.8204 17.9
    endloop
  endfacet
  facet normal 0 0 1
    outer loop
      vertex 30.4446 33.75 17.9
      vertex 35.4554 33.75 17.9
      vertex 30.4793 33.8204 17.9
    endloop
  endfacet
  facet normal 0 0 1
    outer loop
      vertex 30.5046 33.8947 17.9
      vertex 35.3954 33.8947 17.9
      vertex 30.5199 33.9717 17.9
    endloop
  endfacet
  facet normal 0 0 1
    outer loop
      vertex 35.5507 28.4243 17.9
      vertex 30.525 28 17.9
      vertex 35.499 28.3652 17.9
    endloop
  endfacet
  facet normal 0 0 1
    outer loop
      vertex 35.3801 33.9717 17.9
      vertex 30.5199 33.9717 17.9
      vertex 35.3954 33.8947 17.9
    endloop
  endfacet
  facet normal 0 0 1
    outer loop
      vertex 35.499 28.3652 17.9
      vertex 30.525 28 17.9
      vertex 35.4554 28.3 17.9
    endloop
  endfacet
  facet normal 0 0 1
    outer loop
      vertex 30.5199 33.9717 17.9
      vertex 35.3801 33.9717 17.9
      vertex 30.525 34.05 17.9
    endloop
  endfacet
  facet normal 0 0 1
    outer loop
      vertex 35.4554 28.3 17.9
      vertex 30.525 28 17.9
      vertex 35.4207 28.2296 17.9
    endloop
  endfacet
  facet normal -0 0 1
    outer loop
      vertex 30.525 34.05 17.9
      vertex 35.3801 33.9717 17.9
      vertex 35.375 34.05 17.9
    endloop
  endfacet
  facet normal 0 0 1
    outer loop
      vertex 35.4207 28.2296 17.9
      vertex 30.525 28 17.9
      vertex 35.3954 28.1553 17.9
    endloop
  endfacet
  facet normal 0 0 1
    outer loop
      vertex 54.5054 52.8 17.9
      vertex 49.4946 52.8 17.9
      vertex 54.549 52.7347 17.9
    endloop
  endfacet
  facet normal 0 0 1
    outer loop
      vertex 54.6007 47.4743 17.9
      vertex 49.5699 47.1283 17.9
      vertex 49.575 47.05 17.9
    endloop
  endfacet
  facet normal 0 0 1
    outer loop
      vertex 49.451 52.7347 17.9
      vertex 54.549 52.7347 17.9
      vertex 49.4946 52.8 17.9
    endloop
  endfacet
  facet normal 0 0 1
    outer loop
      vertex 54.6007 47.4743 17.9
      vertex 49.5546 47.2053 17.9
      vertex 49.5699 47.1283 17.9
    endloop
  endfacet
  facet normal 0 0 1
    outer loop
      vertex 54.549 52.7347 17.9
      vertex 49.451 52.7347 17.9
      vertex 54.6007 52.6757 17.9
    endloop
  endfacet
  facet normal 0 0 1
    outer loop
      vertex 54.6007 47.4743 17.9
      vertex 49.5293 47.2796 17.9
      vertex 49.5546 47.2053 17.9
    endloop
  endfacet
  facet normal 0 0 1
    outer loop
      vertex 49.3993 52.6757 17.9
      vertex 54.6007 52.6757 17.9
      vertex 49.451 52.7347 17.9
    endloop
  endfacet
  facet normal 0 0 1
    outer loop
      vertex 54.6007 47.4743 17.9
      vertex 49.4946 47.35 17.9
      vertex 49.5293 47.2796 17.9
    endloop
  endfacet
  facet normal 0 0 1
    outer loop
      vertex 54.6007 52.6757 17.9
      vertex 49.3993 52.6757 17.9
      vertex 54.6007 47.4743 17.9
    endloop
  endfacet
  facet normal 0 0 1
    outer loop
      vertex 54.6007 47.4743 17.9
      vertex 49.451 47.4152 17.9
      vertex 49.4946 47.35 17.9
    endloop
  endfacet
  facet normal 0 0 1
    outer loop
      vertex 49.3993 47.4743 17.9
      vertex 54.6007 47.4743 17.9
      vertex 49.3993 52.6757 17.9
    endloop
  endfacet
  facet normal 0 0 1
    outer loop
      vertex 54.6007 47.4743 17.9
      vertex 49.3993 47.4743 17.9
      vertex 49.451 47.4152 17.9
    endloop
  endfacet
  facet normal -0 0 1
    outer loop
      vertex 49.3402 52.624 17.9
      vertex 49.3993 47.4743 17.9
      vertex 49.3993 52.6757 17.9
    endloop
  endfacet
  facet normal 0 0 1
    outer loop
      vertex 49.3402 52.624 17.9
      vertex 49.3402 47.526 17.9
      vertex 49.3993 47.4743 17.9
    endloop
  endfacet
  facet normal -0 0 1
    outer loop
      vertex 49.275 52.5804 17.9
      vertex 49.3402 47.526 17.9
      vertex 49.3402 52.624 17.9
    endloop
  endfacet
  facet normal 0 0 1
    outer loop
      vertex 49.275 52.5804 17.9
      vertex 49.275 47.5696 17.9
      vertex 49.3402 47.526 17.9
    endloop
  endfacet
  facet normal -0 0 1
    outer loop
      vertex 49.2046 52.5457 17.9
      vertex 49.275 47.5696 17.9
      vertex 49.275 52.5804 17.9
    endloop
  endfacet
  facet normal 0 0 1
    outer loop
      vertex 49.2046 52.5457 17.9
      vertex 49.2046 47.6043 17.9
      vertex 49.275 47.5696 17.9
    endloop
  endfacet
  facet normal -0 0 1
    outer loop
      vertex 49.1303 52.5204 17.9
      vertex 49.2046 47.6043 17.9
      vertex 49.2046 52.5457 17.9
    endloop
  endfacet
  facet normal 0 0 1
    outer loop
      vertex 49.1303 52.5204 17.9
      vertex 49.1303 47.6296 17.9
      vertex 49.2046 47.6043 17.9
    endloop
  endfacet
  facet normal -0 0 1
    outer loop
      vertex 49.0533 52.5051 17.9
      vertex 49.1303 47.6296 17.9
      vertex 49.1303 52.5204 17.9
    endloop
  endfacet
  facet normal 0 0 1
    outer loop
      vertex 49.0533 52.5051 17.9
      vertex 49.0533 47.6449 17.9
      vertex 49.1303 47.6296 17.9
    endloop
  endfacet
  facet normal -0 0 1
    outer loop
      vertex 48.975 52.5 17.9
      vertex 49.0533 47.6449 17.9
      vertex 49.0533 52.5051 17.9
    endloop
  endfacet
  facet normal 0 0 1
    outer loop
      vertex 48.975 52.5 17.9
      vertex 48.975 47.65 17.9
      vertex 49.0533 47.6449 17.9
    endloop
  endfacet
  facet normal -0 0 1
    outer loop
      vertex 35.975 52.5 17.9
      vertex 48.975 47.65 17.9
      vertex 48.975 52.5 17.9
    endloop
  endfacet
  facet normal 0 0 1
    outer loop
      vertex 35.975 52.5 17.9
      vertex 35.975 47.65 17.9
      vertex 48.975 47.65 17.9
    endloop
  endfacet
  facet normal 0 0 1
    outer loop
      vertex 35.8967 52.5051 17.9
      vertex 35.975 47.65 17.9
      vertex 35.975 52.5 17.9
    endloop
  endfacet
  facet normal 0 0 1
    outer loop
      vertex 35.8967 52.5051 17.9
      vertex 35.8967 47.6449 17.9
      vertex 35.975 47.65 17.9
    endloop
  endfacet
  facet normal 0 0 1
    outer loop
      vertex 35.8197 52.5204 17.9
      vertex 35.8967 47.6449 17.9
      vertex 35.8967 52.5051 17.9
    endloop
  endfacet
  facet normal 0 0 1
    outer loop
      vertex 35.8197 52.5204 17.9
      vertex 35.8197 47.6296 17.9
      vertex 35.8967 47.6449 17.9
    endloop
  endfacet
  facet normal 0 0 1
    outer loop
      vertex 35.7454 52.5457 17.9
      vertex 35.8197 47.6296 17.9
      vertex 35.8197 52.5204 17.9
    endloop
  endfacet
  facet normal 0 0 1
    outer loop
      vertex 35.7454 52.5457 17.9
      vertex 35.7454 47.6043 17.9
      vertex 35.8197 47.6296 17.9
    endloop
  endfacet
  facet normal 0 0 1
    outer loop
      vertex 35.675 52.5804 17.9
      vertex 35.7454 47.6043 17.9
      vertex 35.7454 52.5457 17.9
    endloop
  endfacet
  facet normal 0 0 1
    outer loop
      vertex 35.675 52.5804 17.9
      vertex 35.675 47.5696 17.9
      vertex 35.7454 47.6043 17.9
    endloop
  endfacet
  facet normal 0 0 1
    outer loop
      vertex 35.6097 52.624 17.9
      vertex 35.675 47.5696 17.9
      vertex 35.675 52.5804 17.9
    endloop
  endfacet
  facet normal 0 0 1
    outer loop
      vertex 35.6097 52.624 17.9
      vertex 35.6097 47.526 17.9
      vertex 35.675 47.5696 17.9
    endloop
  endfacet
  facet normal 0 0 1
    outer loop
      vertex 35.5507 52.6757 17.9
      vertex 35.6097 47.526 17.9
      vertex 35.6097 52.624 17.9
    endloop
  endfacet
  facet normal 0 0 1
    outer loop
      vertex 35.5507 52.6757 17.9
      vertex 35.5507 47.4743 17.9
      vertex 35.6097 47.526 17.9
    endloop
  endfacet
  facet normal 0 0 1
    outer loop
      vertex 30.4793 52.8704 17.9
      vertex 35.4207 52.8704 17.9
      vertex 30.5046 52.9447 17.9
    endloop
  endfacet
  facet normal 0 0 1
    outer loop
      vertex 35.4207 52.8704 17.9
      vertex 30.4793 52.8704 17.9
      vertex 35.4554 52.8 17.9
    endloop
  endfacet
  facet normal 0 0 1
    outer loop
      vertex 35.3954 52.9447 17.9
      vertex 30.5046 52.9447 17.9
      vertex 35.4207 52.8704 17.9
    endloop
  endfacet
  facet normal 0 0 1
    outer loop
      vertex 30.4446 52.8 17.9
      vertex 35.4554 52.8 17.9
      vertex 30.4793 52.8704 17.9
    endloop
  endfacet
  facet normal 0 0 1
    outer loop
      vertex 30.5046 52.9447 17.9
      vertex 35.3954 52.9447 17.9
      vertex 30.5199 53.0217 17.9
    endloop
  endfacet
  facet normal 0 0 1
    outer loop
      vertex 35.5507 47.4743 17.9
      vertex 30.525 47.05 17.9
      vertex 35.499 47.4152 17.9
    endloop
  endfacet
  facet normal 0 0 1
    outer loop
      vertex 35.3801 53.0217 17.9
      vertex 30.5199 53.0217 17.9
      vertex 35.3954 52.9447 17.9
    endloop
  endfacet
  facet normal 0 0 1
    outer loop
      vertex 35.499 47.4152 17.9
      vertex 30.525 47.05 17.9
      vertex 35.4554 47.35 17.9
    endloop
  endfacet
  facet normal 0 0 1
    outer loop
      vertex 30.5199 53.0217 17.9
      vertex 35.3801 53.0217 17.9
      vertex 30.525 53.1 17.9
    endloop
  endfacet
  facet normal 0 0 1
    outer loop
      vertex 35.4554 47.35 17.9
      vertex 30.525 47.05 17.9
      vertex 35.4207 47.2796 17.9
    endloop
  endfacet
  facet normal -0 0 1
    outer loop
      vertex 30.525 53.1 17.9
      vertex 35.3801 53.0217 17.9
      vertex 35.375 53.1 17.9
    endloop
  endfacet
  facet normal 0 0 1
    outer loop
      vertex 35.4207 47.2796 17.9
      vertex 30.525 47.05 17.9
      vertex 35.3954 47.2053 17.9
    endloop
  endfacet
  facet normal -0 0 1
    outer loop
      vertex 49.2976 85.8892 17.9
      vertex 54.8697 66.6796 17.9
      vertex 49.4401 85.9375 17.9
    endloop
  endfacet
  facet normal 0 0 1
    outer loop
      vertex 54.7954 66.6543 17.9
      vertex 49.5699 66.1783 17.9
      vertex 49.575 66.1 17.9
    endloop
  endfacet
  facet normal 0 0 1
    outer loop
      vertex 54.7954 66.6543 17.9
      vertex 49.5546 66.2553 17.9
      vertex 49.5699 66.1783 17.9
    endloop
  endfacet
  facet normal 0 0 1
    outer loop
      vertex 54.7954 66.6543 17.9
      vertex 49.5293 66.3296 17.9
      vertex 49.5546 66.2553 17.9
    endloop
  endfacet
  facet normal 0 0 1
    outer loop
      vertex 54.7954 66.6543 17.9
      vertex 49.4946 66.4 17.9
      vertex 49.5293 66.3296 17.9
    endloop
  endfacet
  facet normal 0 0 1
    outer loop
      vertex 54.7954 66.6543 17.9
      vertex 49.451 66.4652 17.9
      vertex 49.4946 66.4 17.9
    endloop
  endfacet
  facet normal 0 0 1
    outer loop
      vertex 49.1303 66.6796 17.9
      vertex 54.8697 66.6796 17.9
      vertex 49.2976 85.8892 17.9
    endloop
  endfacet
  facet normal 0 0 1
    outer loop
      vertex 54.7954 66.6543 17.9
      vertex 49.3993 66.5243 17.9
      vertex 49.451 66.4652 17.9
    endloop
  endfacet
  facet normal 0 0 1
    outer loop
      vertex 54.7954 66.6543 17.9
      vertex 49.3402 66.576 17.9
      vertex 49.3993 66.5243 17.9
    endloop
  endfacet
  facet normal 0 0 1
    outer loop
      vertex 54.8697 66.6796 17.9
      vertex 49.1303 66.6796 17.9
      vertex 54.7954 66.6543 17.9
    endloop
  endfacet
  facet normal 0 0 1
    outer loop
      vertex 54.7954 66.6543 17.9
      vertex 49.275 66.6196 17.9
      vertex 49.3402 66.576 17.9
    endloop
  endfacet
  facet normal 0 0 1
    outer loop
      vertex 54.7954 66.6543 17.9
      vertex 49.2046 66.6543 17.9
      vertex 49.275 66.6196 17.9
    endloop
  endfacet
  facet normal 0 0 1
    outer loop
      vertex 49.1303 66.6796 17.9
      vertex 49.2976 85.8892 17.9
      vertex 49.1501 85.8598 17.9
    endloop
  endfacet
  facet normal 0 0 1
    outer loop
      vertex 54.7954 66.6543 17.9
      vertex 49.1303 66.6796 17.9
      vertex 49.2046 66.6543 17.9
    endloop
  endfacet
  facet normal 0 0 1
    outer loop
      vertex 49.1501 85.8598 17.9
      vertex 49.0533 66.6949 17.9
      vertex 49.1303 66.6796 17.9
    endloop
  endfacet
  facet normal -0 0 1
    outer loop
      vertex 49 85.85 17.9
      vertex 49.0533 66.6949 17.9
      vertex 49.1501 85.8598 17.9
    endloop
  endfacet
  facet normal 0 0 1
    outer loop
      vertex 49 85.85 17.9
      vertex 48.975 66.7 17.9
      vertex 49.0533 66.6949 17.9
    endloop
  endfacet
  facet normal 0 0 1
    outer loop
      vertex 48.8499 85.8598 17.9
      vertex 48.975 66.7 17.9
      vertex 49 85.85 17.9
    endloop
  endfacet
  facet normal 0 0 1
    outer loop
      vertex 48.7024 85.8892 17.9
      vertex 48.975 66.7 17.9
      vertex 48.8499 85.8598 17.9
    endloop
  endfacet
  facet normal 0 0 1
    outer loop
      vertex 44.2976 85.8892 17.9
      vertex 48.7024 85.8892 17.9
      vertex 48.5599 85.9375 17.9
    endloop
  endfacet
  facet normal 0 0 1
    outer loop
      vertex 44.4401 85.9375 17.9
      vertex 48.5599 85.9375 17.9
      vertex 48.425 86.0041 17.9
    endloop
  endfacet
  facet normal 0 0 1
    outer loop
      vertex 44.575 86.0041 17.9
      vertex 48.425 86.0041 17.9
      vertex 48.2999 86.0876 17.9
    endloop
  endfacet
  facet normal 0 0 1
    outer loop
      vertex 44.7001 86.0876 17.9
      vertex 48.2999 86.0876 17.9
      vertex 48.1868 86.1868 17.9
    endloop
  endfacet
  facet normal 0 0 1
    outer loop
      vertex 44.8132 86.1868 17.9
      vertex 48.1868 86.1868 17.9
      vertex 48.0876 86.2999 17.9
    endloop
  endfacet
  facet normal 0 0 1
    outer loop
      vertex 44.9124 86.2999 17.9
      vertex 48.0876 86.2999 17.9
      vertex 48.0041 86.425 17.9
    endloop
  endfacet
  facet normal 0 0 1
    outer loop
      vertex 44.9959 86.425 17.9
      vertex 48.0041 86.425 17.9
      vertex 47.9375 86.5599 17.9
    endloop
  endfacet
  facet normal 0 0 1
    outer loop
      vertex 45.0625 86.5599 17.9
      vertex 47.9375 86.5599 17.9
      vertex 47.8892 86.7024 17.9
    endloop
  endfacet
  facet normal 0 0 1
    outer loop
      vertex 45.1108 86.7024 17.9
      vertex 47.8892 86.7024 17.9
      vertex 47.8598 86.8499 17.9
    endloop
  endfacet
  facet normal 0 0 1
    outer loop
      vertex 45.1402 86.8499 17.9
      vertex 47.8598 86.8499 17.9
      vertex 47.85 87 17.9
    endloop
  endfacet
  facet normal 0 0 1
    outer loop
      vertex 45.15 87 17.9
      vertex 47.85 87 17.9
      vertex 45.15 93 17.9
    endloop
  endfacet
  facet normal 0 0 1
    outer loop
      vertex 45.1402 86.8499 17.9
      vertex 47.85 87 17.9
      vertex 45.15 87 17.9
    endloop
  endfacet
  facet normal 0 0 1
    outer loop
      vertex 47.8598 86.8499 17.9
      vertex 45.1402 86.8499 17.9
      vertex 45.1108 86.7024 17.9
    endloop
  endfacet
  facet normal 0 0 1
    outer loop
      vertex 47.8892 86.7024 17.9
      vertex 45.1108 86.7024 17.9
      vertex 45.0625 86.5599 17.9
    endloop
  endfacet
  facet normal 0 0 1
    outer loop
      vertex 47.9375 86.5599 17.9
      vertex 45.0625 86.5599 17.9
      vertex 44.9959 86.425 17.9
    endloop
  endfacet
  facet normal 0 0 1
    outer loop
      vertex 48.0041 86.425 17.9
      vertex 44.9959 86.425 17.9
      vertex 44.9124 86.2999 17.9
    endloop
  endfacet
  facet normal 0 0 1
    outer loop
      vertex 48.0876 86.2999 17.9
      vertex 44.9124 86.2999 17.9
      vertex 44.8132 86.1868 17.9
    endloop
  endfacet
  facet normal 0 0 1
    outer loop
      vertex 48.1868 86.1868 17.9
      vertex 44.8132 86.1868 17.9
      vertex 44.7001 86.0876 17.9
    endloop
  endfacet
  facet normal 0 0 1
    outer loop
      vertex 48.2999 86.0876 17.9
      vertex 44.7001 86.0876 17.9
      vertex 44.575 86.0041 17.9
    endloop
  endfacet
  facet normal 0 0 1
    outer loop
      vertex 48.425 86.0041 17.9
      vertex 44.575 86.0041 17.9
      vertex 44.4401 85.9375 17.9
    endloop
  endfacet
  facet normal 0 0 1
    outer loop
      vertex 48.5599 85.9375 17.9
      vertex 44.4401 85.9375 17.9
      vertex 44.2976 85.8892 17.9
    endloop
  endfacet
  facet normal 0 0 1
    outer loop
      vertex 48.7024 85.8892 17.9
      vertex 44.2976 85.8892 17.9
      vertex 48.975 66.7 17.9
    endloop
  endfacet
  facet normal -0 0 1
    outer loop
      vertex 44.1501 85.8598 17.9
      vertex 48.975 66.7 17.9
      vertex 44.2976 85.8892 17.9
    endloop
  endfacet
  facet normal -0 0 1
    outer loop
      vertex 44 85.85 17.9
      vertex 48.975 66.7 17.9
      vertex 44.1501 85.8598 17.9
    endloop
  endfacet
  facet normal 0 0 1
    outer loop
      vertex 43.8499 85.8598 17.9
      vertex 48.975 66.7 17.9
      vertex 44 85.85 17.9
    endloop
  endfacet
  facet normal 0 0 1
    outer loop
      vertex 35.975 66.7 17.9
      vertex 43.8499 85.8598 17.9
      vertex 43.7024 85.8892 17.9
    endloop
  endfacet
  facet normal 0 0 1
    outer loop
      vertex 39.2976 85.8892 17.9
      vertex 43.7024 85.8892 17.9
      vertex 43.5599 85.9375 17.9
    endloop
  endfacet
  facet normal 0 0 1
    outer loop
      vertex 39.4401 85.9375 17.9
      vertex 43.5599 85.9375 17.9
      vertex 43.425 86.0041 17.9
    endloop
  endfacet
  facet normal 0 0 1
    outer loop
      vertex 39.575 86.0041 17.9
      vertex 43.425 86.0041 17.9
      vertex 43.2999 86.0876 17.9
    endloop
  endfacet
  facet normal 0 0 1
    outer loop
      vertex 39.7001 86.0876 17.9
      vertex 43.2999 86.0876 17.9
      vertex 43.1868 86.1868 17.9
    endloop
  endfacet
  facet normal 0 0 1
    outer loop
      vertex 39.8132 86.1868 17.9
      vertex 43.1868 86.1868 17.9
      vertex 43.0876 86.2999 17.9
    endloop
  endfacet
  facet normal 0 0 1
    outer loop
      vertex 39.9124 86.2999 17.9
      vertex 43.0876 86.2999 17.9
      vertex 43.0041 86.425 17.9
    endloop
  endfacet
  facet normal 0 0 1
    outer loop
      vertex 39.9959 86.425 17.9
      vertex 43.0041 86.425 17.9
      vertex 42.9375 86.5599 17.9
    endloop
  endfacet
  facet normal 0 0 1
    outer loop
      vertex 40.0625 86.5599 17.9
      vertex 42.9375 86.5599 17.9
      vertex 42.8892 86.7024 17.9
    endloop
  endfacet
  facet normal 0 0 1
    outer loop
      vertex 40.15 87 17.9
      vertex 42.85 87 17.9
      vertex 40.15 93 17.9
    endloop
  endfacet
  facet normal 0 0 1
    outer loop
      vertex 42.85 87 17.9
      vertex 40.15 87 17.9
      vertex 42.8598 86.8499 17.9
    endloop
  endfacet
  facet normal 0 0 1
    outer loop
      vertex 40.1402 86.8499 17.9
      vertex 42.8598 86.8499 17.9
      vertex 40.15 87 17.9
    endloop
  endfacet
  facet normal 0 0 1
    outer loop
      vertex 42.8598 86.8499 17.9
      vertex 40.1402 86.8499 17.9
      vertex 42.8892 86.7024 17.9
    endloop
  endfacet
  facet normal 0 0 1
    outer loop
      vertex 40.1108 86.7024 17.9
      vertex 42.8892 86.7024 17.9
      vertex 40.1402 86.8499 17.9
    endloop
  endfacet
  facet normal 0 0 1
    outer loop
      vertex 40.0625 86.5599 17.9
      vertex 42.8892 86.7024 17.9
      vertex 40.1108 86.7024 17.9
    endloop
  endfacet
  facet normal 0 0 1
    outer loop
      vertex 42.9375 86.5599 17.9
      vertex 40.0625 86.5599 17.9
      vertex 39.9959 86.425 17.9
    endloop
  endfacet
  facet normal 0 0 1
    outer loop
      vertex 43.0041 86.425 17.9
      vertex 39.9959 86.425 17.9
      vertex 39.9124 86.2999 17.9
    endloop
  endfacet
  facet normal 0 0 1
    outer loop
      vertex 43.0876 86.2999 17.9
      vertex 39.9124 86.2999 17.9
      vertex 39.8132 86.1868 17.9
    endloop
  endfacet
  facet normal 0 0 1
    outer loop
      vertex 43.1868 86.1868 17.9
      vertex 39.8132 86.1868 17.9
      vertex 39.7001 86.0876 17.9
    endloop
  endfacet
  facet normal 0 0 1
    outer loop
      vertex 43.2999 86.0876 17.9
      vertex 39.7001 86.0876 17.9
      vertex 39.575 86.0041 17.9
    endloop
  endfacet
  facet normal 0 0 1
    outer loop
      vertex 43.425 86.0041 17.9
      vertex 39.575 86.0041 17.9
      vertex 39.4401 85.9375 17.9
    endloop
  endfacet
  facet normal 0 0 1
    outer loop
      vertex 43.5599 85.9375 17.9
      vertex 39.4401 85.9375 17.9
      vertex 39.2976 85.8892 17.9
    endloop
  endfacet
  facet normal 0 0 1
    outer loop
      vertex 43.7024 85.8892 17.9
      vertex 39.2976 85.8892 17.9
      vertex 35.975 66.7 17.9
    endloop
  endfacet
  facet normal 0 0 1
    outer loop
      vertex 35.975 66.7 17.9
      vertex 39.2976 85.8892 17.9
      vertex 39.1501 85.8598 17.9
    endloop
  endfacet
  facet normal 0 0 1
    outer loop
      vertex 35.975 66.7 17.9
      vertex 39.1501 85.8598 17.9
      vertex 39 85.85 17.9
    endloop
  endfacet
  facet normal 0 0 1
    outer loop
      vertex 35.975 66.7 17.9
      vertex 39 85.85 17.9
      vertex 38.8499 85.8598 17.9
    endloop
  endfacet
  facet normal 0 0 1
    outer loop
      vertex 35.975 66.7 17.9
      vertex 38.8499 85.8598 17.9
      vertex 38.7024 85.8892 17.9
    endloop
  endfacet
  facet normal 0 0 1
    outer loop
      vertex 34.2976 85.8892 17.9
      vertex 38.7024 85.8892 17.9
      vertex 38.5599 85.9375 17.9
    endloop
  endfacet
  facet normal 0 0 1
    outer loop
      vertex 34.4401 85.9375 17.9
      vertex 38.5599 85.9375 17.9
      vertex 38.425 86.0041 17.9
    endloop
  endfacet
  facet normal 0 0 1
    outer loop
      vertex 34.575 86.0041 17.9
      vertex 38.425 86.0041 17.9
      vertex 38.2999 86.0876 17.9
    endloop
  endfacet
  facet normal 0 0 1
    outer loop
      vertex 34.7001 86.0876 17.9
      vertex 38.2999 86.0876 17.9
      vertex 38.1868 86.1868 17.9
    endloop
  endfacet
  facet normal 0 0 1
    outer loop
      vertex 34.8132 86.1868 17.9
      vertex 38.1868 86.1868 17.9
      vertex 38.0876 86.2999 17.9
    endloop
  endfacet
  facet normal 0 0 1
    outer loop
      vertex 34.9124 86.2999 17.9
      vertex 38.0876 86.2999 17.9
      vertex 38.0041 86.425 17.9
    endloop
  endfacet
  facet normal 0 0 1
    outer loop
      vertex 43.8499 85.8598 17.9
      vertex 35.975 66.7 17.9
      vertex 48.975 66.7 17.9
    endloop
  endfacet
  facet normal 0 0 1
    outer loop
      vertex 34.9959 86.425 17.9
      vertex 38.0041 86.425 17.9
      vertex 37.9375 86.5599 17.9
    endloop
  endfacet
  facet normal 0 0 1
    outer loop
      vertex 35.0625 86.5599 17.9
      vertex 37.9375 86.5599 17.9
      vertex 37.8892 86.7024 17.9
    endloop
  endfacet
  facet normal 0 0 1
    outer loop
      vertex 35.1108 86.7024 17.9
      vertex 37.8892 86.7024 17.9
      vertex 37.8598 86.8499 17.9
    endloop
  endfacet
  facet normal 0 0 1
    outer loop
      vertex 35.1402 86.8499 17.9
      vertex 37.8598 86.8499 17.9
      vertex 37.85 87 17.9
    endloop
  endfacet
  facet normal 0 0 1
    outer loop
      vertex 73.5554 33.75 17.9
      vertex 68.5446 33.75 17.9
      vertex 73.599 33.6847 17.9
    endloop
  endfacet
  facet normal 0 0 1
    outer loop
      vertex 73.6507 28.4243 17.9
      vertex 68.6199 28.0783 17.9
      vertex 68.625 28 17.9
    endloop
  endfacet
  facet normal 0 0 1
    outer loop
      vertex 68.501 33.6847 17.9
      vertex 73.599 33.6847 17.9
      vertex 68.5446 33.75 17.9
    endloop
  endfacet
  facet normal 0 0 1
    outer loop
      vertex 73.6507 28.4243 17.9
      vertex 68.6046 28.1553 17.9
      vertex 68.6199 28.0783 17.9
    endloop
  endfacet
  facet normal 0 0 1
    outer loop
      vertex 73.599 33.6847 17.9
      vertex 68.501 33.6847 17.9
      vertex 73.6507 33.6257 17.9
    endloop
  endfacet
  facet normal 0 0 1
    outer loop
      vertex 73.6507 28.4243 17.9
      vertex 68.5793 28.2296 17.9
      vertex 68.6046 28.1553 17.9
    endloop
  endfacet
  facet normal 0 0 1
    outer loop
      vertex 68.4493 33.6257 17.9
      vertex 73.6507 33.6257 17.9
      vertex 68.501 33.6847 17.9
    endloop
  endfacet
  facet normal 0 0 1
    outer loop
      vertex 73.6507 28.4243 17.9
      vertex 68.5446 28.3 17.9
      vertex 68.5793 28.2296 17.9
    endloop
  endfacet
  facet normal 0 0 1
    outer loop
      vertex 73.6507 33.6257 17.9
      vertex 68.4493 33.6257 17.9
      vertex 73.6507 28.4243 17.9
    endloop
  endfacet
  facet normal 0 0 1
    outer loop
      vertex 73.6507 28.4243 17.9
      vertex 68.501 28.3652 17.9
      vertex 68.5446 28.3 17.9
    endloop
  endfacet
  facet normal 0 0 1
    outer loop
      vertex 68.4493 28.4243 17.9
      vertex 73.6507 28.4243 17.9
      vertex 68.4493 33.6257 17.9
    endloop
  endfacet
  facet normal 0 0 1
    outer loop
      vertex 73.6507 28.4243 17.9
      vertex 68.4493 28.4243 17.9
      vertex 68.501 28.3652 17.9
    endloop
  endfacet
  facet normal -0 0 1
    outer loop
      vertex 68.3903 33.574 17.9
      vertex 68.4493 28.4243 17.9
      vertex 68.4493 33.6257 17.9
    endloop
  endfacet
  facet normal 0 0 1
    outer loop
      vertex 68.3903 33.574 17.9
      vertex 68.3903 28.476 17.9
      vertex 68.4493 28.4243 17.9
    endloop
  endfacet
  facet normal -0 0 1
    outer loop
      vertex 68.325 33.5304 17.9
      vertex 68.3903 28.476 17.9
      vertex 68.3903 33.574 17.9
    endloop
  endfacet
  facet normal 0 0 1
    outer loop
      vertex 68.325 33.5304 17.9
      vertex 68.325 28.5196 17.9
      vertex 68.3903 28.476 17.9
    endloop
  endfacet
  facet normal -0 0 1
    outer loop
      vertex 68.2546 33.4957 17.9
      vertex 68.325 28.5196 17.9
      vertex 68.325 33.5304 17.9
    endloop
  endfacet
  facet normal 0 0 1
    outer loop
      vertex 68.2546 33.4957 17.9
      vertex 68.2546 28.5543 17.9
      vertex 68.325 28.5196 17.9
    endloop
  endfacet
  facet normal -0 0 1
    outer loop
      vertex 68.1803 33.4704 17.9
      vertex 68.2546 28.5543 17.9
      vertex 68.2546 33.4957 17.9
    endloop
  endfacet
  facet normal 0 0 1
    outer loop
      vertex 68.1803 33.4704 17.9
      vertex 68.1803 28.5796 17.9
      vertex 68.2546 28.5543 17.9
    endloop
  endfacet
  facet normal -0 0 1
    outer loop
      vertex 68.1033 33.4551 17.9
      vertex 68.1803 28.5796 17.9
      vertex 68.1803 33.4704 17.9
    endloop
  endfacet
  facet normal 0 0 1
    outer loop
      vertex 68.1033 33.4551 17.9
      vertex 68.1033 28.5949 17.9
      vertex 68.1803 28.5796 17.9
    endloop
  endfacet
  facet normal -0 0 1
    outer loop
      vertex 68.025 33.45 17.9
      vertex 68.1033 28.5949 17.9
      vertex 68.1033 33.4551 17.9
    endloop
  endfacet
  facet normal 0 0 1
    outer loop
      vertex 68.025 33.45 17.9
      vertex 68.025 28.6 17.9
      vertex 68.1033 28.5949 17.9
    endloop
  endfacet
  facet normal -0 0 1
    outer loop
      vertex 55.025 33.45 17.9
      vertex 68.025 28.6 17.9
      vertex 68.025 33.45 17.9
    endloop
  endfacet
  facet normal 0 0 1
    outer loop
      vertex 55.025 33.45 17.9
      vertex 55.025 28.6 17.9
      vertex 68.025 28.6 17.9
    endloop
  endfacet
  facet normal 0 0 1
    outer loop
      vertex 54.9467 33.4551 17.9
      vertex 55.025 28.6 17.9
      vertex 55.025 33.45 17.9
    endloop
  endfacet
  facet normal 0 0 1
    outer loop
      vertex 54.9467 33.4551 17.9
      vertex 54.9467 28.5949 17.9
      vertex 55.025 28.6 17.9
    endloop
  endfacet
  facet normal 0 0 1
    outer loop
      vertex 54.8697 33.4704 17.9
      vertex 54.9467 28.5949 17.9
      vertex 54.9467 33.4551 17.9
    endloop
  endfacet
  facet normal 0 0 1
    outer loop
      vertex 54.8697 33.4704 17.9
      vertex 54.8697 28.5796 17.9
      vertex 54.9467 28.5949 17.9
    endloop
  endfacet
  facet normal 0 0 1
    outer loop
      vertex 54.7954 33.4957 17.9
      vertex 54.8697 28.5796 17.9
      vertex 54.8697 33.4704 17.9
    endloop
  endfacet
  facet normal 0 0 1
    outer loop
      vertex 54.7954 33.4957 17.9
      vertex 54.7954 28.5543 17.9
      vertex 54.8697 28.5796 17.9
    endloop
  endfacet
  facet normal 0 0 1
    outer loop
      vertex 54.725 33.5304 17.9
      vertex 54.7954 28.5543 17.9
      vertex 54.7954 33.4957 17.9
    endloop
  endfacet
  facet normal 0 0 1
    outer loop
      vertex 54.725 33.5304 17.9
      vertex 54.725 28.5196 17.9
      vertex 54.7954 28.5543 17.9
    endloop
  endfacet
  facet normal 0 0 1
    outer loop
      vertex 54.6598 33.574 17.9
      vertex 54.725 28.5196 17.9
      vertex 54.725 33.5304 17.9
    endloop
  endfacet
  facet normal 0 0 1
    outer loop
      vertex 54.6598 33.574 17.9
      vertex 54.6598 28.476 17.9
      vertex 54.725 28.5196 17.9
    endloop
  endfacet
  facet normal 0 0 1
    outer loop
      vertex 54.6007 33.6257 17.9
      vertex 54.6598 28.476 17.9
      vertex 54.6598 33.574 17.9
    endloop
  endfacet
  facet normal 0 0 1
    outer loop
      vertex 54.6007 33.6257 17.9
      vertex 54.6007 28.4243 17.9
      vertex 54.6598 28.476 17.9
    endloop
  endfacet
  facet normal 0 0 1
    outer loop
      vertex 49.5293 33.8204 17.9
      vertex 54.4707 33.8204 17.9
      vertex 49.5546 33.8947 17.9
    endloop
  endfacet
  facet normal 0 0 1
    outer loop
      vertex 54.4707 33.8204 17.9
      vertex 49.5293 33.8204 17.9
      vertex 54.5054 33.75 17.9
    endloop
  endfacet
  facet normal 0 0 1
    outer loop
      vertex 54.4454 33.8947 17.9
      vertex 49.5546 33.8947 17.9
      vertex 54.4707 33.8204 17.9
    endloop
  endfacet
  facet normal 0 0 1
    outer loop
      vertex 49.4946 33.75 17.9
      vertex 54.5054 33.75 17.9
      vertex 49.5293 33.8204 17.9
    endloop
  endfacet
  facet normal 0 0 1
    outer loop
      vertex 49.5546 33.8947 17.9
      vertex 54.4454 33.8947 17.9
      vertex 49.5699 33.9717 17.9
    endloop
  endfacet
  facet normal 0 0 1
    outer loop
      vertex 54.6007 28.4243 17.9
      vertex 49.575 28 17.9
      vertex 54.549 28.3652 17.9
    endloop
  endfacet
  facet normal 0 0 1
    outer loop
      vertex 54.4301 33.9717 17.9
      vertex 49.5699 33.9717 17.9
      vertex 54.4454 33.8947 17.9
    endloop
  endfacet
  facet normal 0 0 1
    outer loop
      vertex 54.549 28.3652 17.9
      vertex 49.575 28 17.9
      vertex 54.5054 28.3 17.9
    endloop
  endfacet
  facet normal 0 0 1
    outer loop
      vertex 49.5699 33.9717 17.9
      vertex 54.4301 33.9717 17.9
      vertex 49.575 34.05 17.9
    endloop
  endfacet
  facet normal 0 0 1
    outer loop
      vertex 54.5054 28.3 17.9
      vertex 49.575 28 17.9
      vertex 54.4707 28.2296 17.9
    endloop
  endfacet
  facet normal -0 0 1
    outer loop
      vertex 49.575 34.05 17.9
      vertex 54.4301 33.9717 17.9
      vertex 54.425 34.05 17.9
    endloop
  endfacet
  facet normal 0 0 1
    outer loop
      vertex 54.4707 28.2296 17.9
      vertex 49.575 28 17.9
      vertex 54.4454 28.1553 17.9
    endloop
  endfacet
  facet normal 0 0 1
    outer loop
      vertex 73.5554 52.8 17.9
      vertex 68.5446 52.8 17.9
      vertex 73.599 52.7347 17.9
    endloop
  endfacet
  facet normal 0 0 1
    outer loop
      vertex 73.6507 47.4743 17.9
      vertex 68.6199 47.1283 17.9
      vertex 68.625 47.05 17.9
    endloop
  endfacet
  facet normal 0 0 1
    outer loop
      vertex 68.501 52.7347 17.9
      vertex 73.599 52.7347 17.9
      vertex 68.5446 52.8 17.9
    endloop
  endfacet
  facet normal 0 0 1
    outer loop
      vertex 73.6507 47.4743 17.9
      vertex 68.6046 47.2053 17.9
      vertex 68.6199 47.1283 17.9
    endloop
  endfacet
  facet normal 0 0 1
    outer loop
      vertex 73.599 52.7347 17.9
      vertex 68.501 52.7347 17.9
      vertex 73.6507 52.6757 17.9
    endloop
  endfacet
  facet normal 0 0 1
    outer loop
      vertex 73.6507 47.4743 17.9
      vertex 68.5793 47.2796 17.9
      vertex 68.6046 47.2053 17.9
    endloop
  endfacet
  facet normal 0 0 1
    outer loop
      vertex 68.4493 52.6757 17.9
      vertex 73.6507 52.6757 17.9
      vertex 68.501 52.7347 17.9
    endloop
  endfacet
  facet normal 0 0 1
    outer loop
      vertex 73.6507 47.4743 17.9
      vertex 68.5446 47.35 17.9
      vertex 68.5793 47.2796 17.9
    endloop
  endfacet
  facet normal 0 0 1
    outer loop
      vertex 73.6507 52.6757 17.9
      vertex 68.4493 52.6757 17.9
      vertex 73.6507 47.4743 17.9
    endloop
  endfacet
  facet normal 0 0 1
    outer loop
      vertex 73.6507 47.4743 17.9
      vertex 68.501 47.4152 17.9
      vertex 68.5446 47.35 17.9
    endloop
  endfacet
  facet normal 0 0 1
    outer loop
      vertex 68.4493 47.4743 17.9
      vertex 73.6507 47.4743 17.9
      vertex 68.4493 52.6757 17.9
    endloop
  endfacet
  facet normal 0 0 1
    outer loop
      vertex 73.6507 47.4743 17.9
      vertex 68.4493 47.4743 17.9
      vertex 68.501 47.4152 17.9
    endloop
  endfacet
  facet normal -0 0 1
    outer loop
      vertex 68.3903 52.624 17.9
      vertex 68.4493 47.4743 17.9
      vertex 68.4493 52.6757 17.9
    endloop
  endfacet
  facet normal 0 0 1
    outer loop
      vertex 68.3903 52.624 17.9
      vertex 68.3903 47.526 17.9
      vertex 68.4493 47.4743 17.9
    endloop
  endfacet
  facet normal -0 0 1
    outer loop
      vertex 68.325 52.5804 17.9
      vertex 68.3903 47.526 17.9
      vertex 68.3903 52.624 17.9
    endloop
  endfacet
  facet normal 0 0 1
    outer loop
      vertex 68.325 52.5804 17.9
      vertex 68.325 47.5696 17.9
      vertex 68.3903 47.526 17.9
    endloop
  endfacet
  facet normal -0 0 1
    outer loop
      vertex 68.2546 52.5457 17.9
      vertex 68.325 47.5696 17.9
      vertex 68.325 52.5804 17.9
    endloop
  endfacet
  facet normal 0 0 1
    outer loop
      vertex 68.2546 52.5457 17.9
      vertex 68.2546 47.6043 17.9
      vertex 68.325 47.5696 17.9
    endloop
  endfacet
  facet normal -0 0 1
    outer loop
      vertex 68.1803 52.5204 17.9
      vertex 68.2546 47.6043 17.9
      vertex 68.2546 52.5457 17.9
    endloop
  endfacet
  facet normal 0 0 1
    outer loop
      vertex 68.1803 52.5204 17.9
      vertex 68.1803 47.6296 17.9
      vertex 68.2546 47.6043 17.9
    endloop
  endfacet
  facet normal -0 0 1
    outer loop
      vertex 68.1033 52.5051 17.9
      vertex 68.1803 47.6296 17.9
      vertex 68.1803 52.5204 17.9
    endloop
  endfacet
  facet normal 0 0 1
    outer loop
      vertex 68.1033 52.5051 17.9
      vertex 68.1033 47.6449 17.9
      vertex 68.1803 47.6296 17.9
    endloop
  endfacet
  facet normal -0 0 1
    outer loop
      vertex 68.025 52.5 17.9
      vertex 68.1033 47.6449 17.9
      vertex 68.1033 52.5051 17.9
    endloop
  endfacet
  facet normal 0 0 1
    outer loop
      vertex 68.025 52.5 17.9
      vertex 68.025 47.65 17.9
      vertex 68.1033 47.6449 17.9
    endloop
  endfacet
  facet normal -0 0 1
    outer loop
      vertex 55.025 52.5 17.9
      vertex 68.025 47.65 17.9
      vertex 68.025 52.5 17.9
    endloop
  endfacet
  facet normal 0 0 1
    outer loop
      vertex 55.025 52.5 17.9
      vertex 55.025 47.65 17.9
      vertex 68.025 47.65 17.9
    endloop
  endfacet
  facet normal 0 0 1
    outer loop
      vertex 54.9467 52.5051 17.9
      vertex 55.025 47.65 17.9
      vertex 55.025 52.5 17.9
    endloop
  endfacet
  facet normal 0 0 1
    outer loop
      vertex 54.9467 52.5051 17.9
      vertex 54.9467 47.6449 17.9
      vertex 55.025 47.65 17.9
    endloop
  endfacet
  facet normal 0 0 1
    outer loop
      vertex 54.8697 52.5204 17.9
      vertex 54.9467 47.6449 17.9
      vertex 54.9467 52.5051 17.9
    endloop
  endfacet
  facet normal 0 0 1
    outer loop
      vertex 54.8697 52.5204 17.9
      vertex 54.8697 47.6296 17.9
      vertex 54.9467 47.6449 17.9
    endloop
  endfacet
  facet normal 0 0 1
    outer loop
      vertex 54.7954 52.5457 17.9
      vertex 54.8697 47.6296 17.9
      vertex 54.8697 52.5204 17.9
    endloop
  endfacet
  facet normal 0 0 1
    outer loop
      vertex 54.7954 52.5457 17.9
      vertex 54.7954 47.6043 17.9
      vertex 54.8697 47.6296 17.9
    endloop
  endfacet
  facet normal 0 0 1
    outer loop
      vertex 54.725 52.5804 17.9
      vertex 54.7954 47.6043 17.9
      vertex 54.7954 52.5457 17.9
    endloop
  endfacet
  facet normal 0 0 1
    outer loop
      vertex 54.725 52.5804 17.9
      vertex 54.725 47.5696 17.9
      vertex 54.7954 47.6043 17.9
    endloop
  endfacet
  facet normal 0 0 1
    outer loop
      vertex 54.6598 52.624 17.9
      vertex 54.725 47.5696 17.9
      vertex 54.725 52.5804 17.9
    endloop
  endfacet
  facet normal 0 0 1
    outer loop
      vertex 54.6598 52.624 17.9
      vertex 54.6598 47.526 17.9
      vertex 54.725 47.5696 17.9
    endloop
  endfacet
  facet normal 0 0 1
    outer loop
      vertex 54.6007 52.6757 17.9
      vertex 54.6598 47.526 17.9
      vertex 54.6598 52.624 17.9
    endloop
  endfacet
  facet normal 0 0 1
    outer loop
      vertex 54.6007 52.6757 17.9
      vertex 54.6007 47.4743 17.9
      vertex 54.6598 47.526 17.9
    endloop
  endfacet
  facet normal 0 0 1
    outer loop
      vertex 49.5293 52.8704 17.9
      vertex 54.4707 52.8704 17.9
      vertex 49.5546 52.9447 17.9
    endloop
  endfacet
  facet normal 0 0 1
    outer loop
      vertex 54.4707 52.8704 17.9
      vertex 49.5293 52.8704 17.9
      vertex 54.5054 52.8 17.9
    endloop
  endfacet
  facet normal 0 0 1
    outer loop
      vertex 54.4454 52.9447 17.9
      vertex 49.5546 52.9447 17.9
      vertex 54.4707 52.8704 17.9
    endloop
  endfacet
  facet normal 0 0 1
    outer loop
      vertex 49.4946 52.8 17.9
      vertex 54.5054 52.8 17.9
      vertex 49.5293 52.8704 17.9
    endloop
  endfacet
  facet normal 0 0 1
    outer loop
      vertex 49.5546 52.9447 17.9
      vertex 54.4454 52.9447 17.9
      vertex 49.5699 53.0217 17.9
    endloop
  endfacet
  facet normal 0 0 1
    outer loop
      vertex 54.6007 47.4743 17.9
      vertex 49.575 47.05 17.9
      vertex 54.549 47.4152 17.9
    endloop
  endfacet
  facet normal 0 0 1
    outer loop
      vertex 54.4301 53.0217 17.9
      vertex 49.5699 53.0217 17.9
      vertex 54.4454 52.9447 17.9
    endloop
  endfacet
  facet normal 0 0 1
    outer loop
      vertex 54.549 47.4152 17.9
      vertex 49.575 47.05 17.9
      vertex 54.5054 47.35 17.9
    endloop
  endfacet
  facet normal 0 0 1
    outer loop
      vertex 49.5699 53.0217 17.9
      vertex 54.4301 53.0217 17.9
      vertex 49.575 53.1 17.9
    endloop
  endfacet
  facet normal 0 0 1
    outer loop
      vertex 54.5054 47.35 17.9
      vertex 49.575 47.05 17.9
      vertex 54.4707 47.2796 17.9
    endloop
  endfacet
  facet normal -0 0 1
    outer loop
      vertex 49.575 53.1 17.9
      vertex 54.4301 53.0217 17.9
      vertex 54.425 53.1 17.9
    endloop
  endfacet
  facet normal 0 0 1
    outer loop
      vertex 54.4707 47.2796 17.9
      vertex 49.575 47.05 17.9
      vertex 54.4454 47.2053 17.9
    endloop
  endfacet
  facet normal -0 0 1
    outer loop
      vertex 87.6699 28.0783 17.9
      vertex 97.35 13.9722 17.9
      vertex 87.6699 33.9717 17.9
    endloop
  endfacet
  facet normal 0 0 1
    outer loop
      vertex 97.35 13.9722 17.9
      vertex 87.6699 28.0783 17.9
      vertex 87.675 28 17.9
    endloop
  endfacet
  facet normal -0 0 1
    outer loop
      vertex 87.6546 33.8947 17.9
      vertex 87.6699 28.0783 17.9
      vertex 87.6699 33.9717 17.9
    endloop
  endfacet
  facet normal 0 0 1
    outer loop
      vertex 87.6546 33.8947 17.9
      vertex 87.6546 28.1553 17.9
      vertex 87.6699 28.0783 17.9
    endloop
  endfacet
  facet normal -0 0 1
    outer loop
      vertex 87.6293 33.8204 17.9
      vertex 87.6546 28.1553 17.9
      vertex 87.6546 33.8947 17.9
    endloop
  endfacet
  facet normal 0 0 1
    outer loop
      vertex 87.6293 33.8204 17.9
      vertex 87.6293 28.2296 17.9
      vertex 87.6546 28.1553 17.9
    endloop
  endfacet
  facet normal -0 0 1
    outer loop
      vertex 87.5946 33.75 17.9
      vertex 87.6293 28.2296 17.9
      vertex 87.6293 33.8204 17.9
    endloop
  endfacet
  facet normal 0 0 1
    outer loop
      vertex 87.5946 33.75 17.9
      vertex 87.5946 28.3 17.9
      vertex 87.6293 28.2296 17.9
    endloop
  endfacet
  facet normal -0 0 1
    outer loop
      vertex 87.551 33.6847 17.9
      vertex 87.5946 28.3 17.9
      vertex 87.5946 33.75 17.9
    endloop
  endfacet
  facet normal 0 0 1
    outer loop
      vertex 87.551 33.6847 17.9
      vertex 87.551 28.3652 17.9
      vertex 87.5946 28.3 17.9
    endloop
  endfacet
  facet normal -0 0 1
    outer loop
      vertex 87.4993 33.6257 17.9
      vertex 87.551 28.3652 17.9
      vertex 87.551 33.6847 17.9
    endloop
  endfacet
  facet normal 0 0 1
    outer loop
      vertex 87.4993 33.6257 17.9
      vertex 87.4993 28.4243 17.9
      vertex 87.551 28.3652 17.9
    endloop
  endfacet
  facet normal -0 0 1
    outer loop
      vertex 87.4402 33.574 17.9
      vertex 87.4993 28.4243 17.9
      vertex 87.4993 33.6257 17.9
    endloop
  endfacet
  facet normal 0 0 1
    outer loop
      vertex 87.4402 33.574 17.9
      vertex 87.4402 28.476 17.9
      vertex 87.4993 28.4243 17.9
    endloop
  endfacet
  facet normal -0 0 1
    outer loop
      vertex 87.375 33.5304 17.9
      vertex 87.4402 28.476 17.9
      vertex 87.4402 33.574 17.9
    endloop
  endfacet
  facet normal 0 0 1
    outer loop
      vertex 87.375 33.5304 17.9
      vertex 87.375 28.5196 17.9
      vertex 87.4402 28.476 17.9
    endloop
  endfacet
  facet normal -0 0 1
    outer loop
      vertex 87.3046 33.4957 17.9
      vertex 87.375 28.5196 17.9
      vertex 87.375 33.5304 17.9
    endloop
  endfacet
  facet normal 0 0 1
    outer loop
      vertex 87.3046 33.4957 17.9
      vertex 87.3046 28.5543 17.9
      vertex 87.375 28.5196 17.9
    endloop
  endfacet
  facet normal -0 0 1
    outer loop
      vertex 87.2303 33.4704 17.9
      vertex 87.3046 28.5543 17.9
      vertex 87.3046 33.4957 17.9
    endloop
  endfacet
  facet normal 0 0 1
    outer loop
      vertex 87.2303 33.4704 17.9
      vertex 87.2303 28.5796 17.9
      vertex 87.3046 28.5543 17.9
    endloop
  endfacet
  facet normal -0 0 1
    outer loop
      vertex 87.1533 33.4551 17.9
      vertex 87.2303 28.5796 17.9
      vertex 87.2303 33.4704 17.9
    endloop
  endfacet
  facet normal 0 0 1
    outer loop
      vertex 87.1533 33.4551 17.9
      vertex 87.1533 28.5949 17.9
      vertex 87.2303 28.5796 17.9
    endloop
  endfacet
  facet normal -0 0 1
    outer loop
      vertex 87.075 33.45 17.9
      vertex 87.1533 28.5949 17.9
      vertex 87.1533 33.4551 17.9
    endloop
  endfacet
  facet normal 0 0 1
    outer loop
      vertex 87.075 33.45 17.9
      vertex 87.075 28.6 17.9
      vertex 87.1533 28.5949 17.9
    endloop
  endfacet
  facet normal -0 0 1
    outer loop
      vertex 74.075 33.45 17.9
      vertex 87.075 28.6 17.9
      vertex 87.075 33.45 17.9
    endloop
  endfacet
  facet normal 0 0 1
    outer loop
      vertex 74.075 33.45 17.9
      vertex 74.075 28.6 17.9
      vertex 87.075 28.6 17.9
    endloop
  endfacet
  facet normal 0 0 1
    outer loop
      vertex 73.9967 33.4551 17.9
      vertex 74.075 28.6 17.9
      vertex 74.075 33.45 17.9
    endloop
  endfacet
  facet normal 0 0 1
    outer loop
      vertex 73.9967 33.4551 17.9
      vertex 73.9967 28.5949 17.9
      vertex 74.075 28.6 17.9
    endloop
  endfacet
  facet normal 0 0 1
    outer loop
      vertex 73.9197 33.4704 17.9
      vertex 73.9967 28.5949 17.9
      vertex 73.9967 33.4551 17.9
    endloop
  endfacet
  facet normal 0 0 1
    outer loop
      vertex 73.9197 33.4704 17.9
      vertex 73.9197 28.5796 17.9
      vertex 73.9967 28.5949 17.9
    endloop
  endfacet
  facet normal 0 0 1
    outer loop
      vertex 73.8454 33.4957 17.9
      vertex 73.9197 28.5796 17.9
      vertex 73.9197 33.4704 17.9
    endloop
  endfacet
  facet normal 0 0 1
    outer loop
      vertex 73.8454 33.4957 17.9
      vertex 73.8454 28.5543 17.9
      vertex 73.9197 28.5796 17.9
    endloop
  endfacet
  facet normal 0 0 1
    outer loop
      vertex 73.775 33.5304 17.9
      vertex 73.8454 28.5543 17.9
      vertex 73.8454 33.4957 17.9
    endloop
  endfacet
  facet normal 0 0 1
    outer loop
      vertex 73.775 33.5304 17.9
      vertex 73.775 28.5196 17.9
      vertex 73.8454 28.5543 17.9
    endloop
  endfacet
  facet normal 0 0 1
    outer loop
      vertex 73.7097 33.574 17.9
      vertex 73.775 28.5196 17.9
      vertex 73.775 33.5304 17.9
    endloop
  endfacet
  facet normal 0 0 1
    outer loop
      vertex 73.7097 33.574 17.9
      vertex 73.7097 28.476 17.9
      vertex 73.775 28.5196 17.9
    endloop
  endfacet
  facet normal 0 0 1
    outer loop
      vertex 73.6507 33.6257 17.9
      vertex 73.7097 28.476 17.9
      vertex 73.7097 33.574 17.9
    endloop
  endfacet
  facet normal 0 0 1
    outer loop
      vertex 73.6507 33.6257 17.9
      vertex 73.6507 28.4243 17.9
      vertex 73.7097 28.476 17.9
    endloop
  endfacet
  facet normal 0 0 1
    outer loop
      vertex 68.5793 33.8204 17.9
      vertex 73.5207 33.8204 17.9
      vertex 68.6046 33.8947 17.9
    endloop
  endfacet
  facet normal 0 0 1
    outer loop
      vertex 73.5207 33.8204 17.9
      vertex 68.5793 33.8204 17.9
      vertex 73.5554 33.75 17.9
    endloop
  endfacet
  facet normal 0 0 1
    outer loop
      vertex 73.4954 33.8947 17.9
      vertex 68.6046 33.8947 17.9
      vertex 73.5207 33.8204 17.9
    endloop
  endfacet
  facet normal 0 0 1
    outer loop
      vertex 68.5446 33.75 17.9
      vertex 73.5554 33.75 17.9
      vertex 68.5793 33.8204 17.9
    endloop
  endfacet
  facet normal 0 0 1
    outer loop
      vertex 68.6046 33.8947 17.9
      vertex 73.4954 33.8947 17.9
      vertex 68.6199 33.9717 17.9
    endloop
  endfacet
  facet normal 0 0 1
    outer loop
      vertex 73.6507 28.4243 17.9
      vertex 68.625 28 17.9
      vertex 73.599 28.3652 17.9
    endloop
  endfacet
  facet normal 0 0 1
    outer loop
      vertex 73.4801 33.9717 17.9
      vertex 68.6199 33.9717 17.9
      vertex 73.4954 33.8947 17.9
    endloop
  endfacet
  facet normal 0 0 1
    outer loop
      vertex 73.599 28.3652 17.9
      vertex 68.625 28 17.9
      vertex 73.5554 28.3 17.9
    endloop
  endfacet
  facet normal 0 0 1
    outer loop
      vertex 68.6199 33.9717 17.9
      vertex 73.4801 33.9717 17.9
      vertex 68.625 34.05 17.9
    endloop
  endfacet
  facet normal 0 0 1
    outer loop
      vertex 73.5554 28.3 17.9
      vertex 68.625 28 17.9
      vertex 73.5207 28.2296 17.9
    endloop
  endfacet
  facet normal -0 0 1
    outer loop
      vertex 68.625 34.05 17.9
      vertex 73.4801 33.9717 17.9
      vertex 73.475 34.05 17.9
    endloop
  endfacet
  facet normal 0 0 1
    outer loop
      vertex 73.5207 28.2296 17.9
      vertex 68.625 28 17.9
      vertex 73.4954 28.1553 17.9
    endloop
  endfacet
  facet normal -0 0 1
    outer loop
      vertex 87.6699 53.0217 17.9
      vertex 87.675 47.05 17.9
      vertex 87.675 53.1 17.9
    endloop
  endfacet
  facet normal 0 0 1
    outer loop
      vertex 87.6699 53.0217 17.9
      vertex 87.6699 47.1283 17.9
      vertex 87.675 47.05 17.9
    endloop
  endfacet
  facet normal -0 0 1
    outer loop
      vertex 87.6546 52.9447 17.9
      vertex 87.6699 47.1283 17.9
      vertex 87.6699 53.0217 17.9
    endloop
  endfacet
  facet normal 0 0 1
    outer loop
      vertex 87.6546 52.9447 17.9
      vertex 87.6546 47.2053 17.9
      vertex 87.6699 47.1283 17.9
    endloop
  endfacet
  facet normal -0 0 1
    outer loop
      vertex 87.6293 52.8704 17.9
      vertex 87.6546 47.2053 17.9
      vertex 87.6546 52.9447 17.9
    endloop
  endfacet
  facet normal 0 0 1
    outer loop
      vertex 87.6293 52.8704 17.9
      vertex 87.6293 47.2796 17.9
      vertex 87.6546 47.2053 17.9
    endloop
  endfacet
  facet normal -0 0 1
    outer loop
      vertex 87.5946 52.8 17.9
      vertex 87.6293 47.2796 17.9
      vertex 87.6293 52.8704 17.9
    endloop
  endfacet
  facet normal 0 0 1
    outer loop
      vertex 87.5946 52.8 17.9
      vertex 87.5946 47.35 17.9
      vertex 87.6293 47.2796 17.9
    endloop
  endfacet
  facet normal -0 0 1
    outer loop
      vertex 87.551 52.7347 17.9
      vertex 87.5946 47.35 17.9
      vertex 87.5946 52.8 17.9
    endloop
  endfacet
  facet normal 0 0 1
    outer loop
      vertex 87.551 52.7347 17.9
      vertex 87.551 47.4152 17.9
      vertex 87.5946 47.35 17.9
    endloop
  endfacet
  facet normal -0 0 1
    outer loop
      vertex 87.4993 52.6757 17.9
      vertex 87.551 47.4152 17.9
      vertex 87.551 52.7347 17.9
    endloop
  endfacet
  facet normal 0 0 1
    outer loop
      vertex 87.4993 52.6757 17.9
      vertex 87.4993 47.4743 17.9
      vertex 87.551 47.4152 17.9
    endloop
  endfacet
  facet normal -0 0 1
    outer loop
      vertex 87.4402 52.624 17.9
      vertex 87.4993 47.4743 17.9
      vertex 87.4993 52.6757 17.9
    endloop
  endfacet
  facet normal 0 0 1
    outer loop
      vertex 87.4402 52.624 17.9
      vertex 87.4402 47.526 17.9
      vertex 87.4993 47.4743 17.9
    endloop
  endfacet
  facet normal -0 0 1
    outer loop
      vertex 87.375 52.5804 17.9
      vertex 87.4402 47.526 17.9
      vertex 87.4402 52.624 17.9
    endloop
  endfacet
  facet normal 0 0 1
    outer loop
      vertex 87.375 52.5804 17.9
      vertex 87.375 47.5696 17.9
      vertex 87.4402 47.526 17.9
    endloop
  endfacet
  facet normal -0 0 1
    outer loop
      vertex 87.3046 52.5457 17.9
      vertex 87.375 47.5696 17.9
      vertex 87.375 52.5804 17.9
    endloop
  endfacet
  facet normal 0 0 1
    outer loop
      vertex 87.3046 52.5457 17.9
      vertex 87.3046 47.6043 17.9
      vertex 87.375 47.5696 17.9
    endloop
  endfacet
  facet normal -0 0 1
    outer loop
      vertex 87.2303 52.5204 17.9
      vertex 87.3046 47.6043 17.9
      vertex 87.3046 52.5457 17.9
    endloop
  endfacet
  facet normal 0 0 1
    outer loop
      vertex 87.2303 52.5204 17.9
      vertex 87.2303 47.6296 17.9
      vertex 87.3046 47.6043 17.9
    endloop
  endfacet
  facet normal -0 0 1
    outer loop
      vertex 87.1533 52.5051 17.9
      vertex 87.2303 47.6296 17.9
      vertex 87.2303 52.5204 17.9
    endloop
  endfacet
  facet normal 0 0 1
    outer loop
      vertex 87.1533 52.5051 17.9
      vertex 87.1533 47.6449 17.9
      vertex 87.2303 47.6296 17.9
    endloop
  endfacet
  facet normal -0 0 1
    outer loop
      vertex 87.075 52.5 17.9
      vertex 87.1533 47.6449 17.9
      vertex 87.1533 52.5051 17.9
    endloop
  endfacet
  facet normal 0 0 1
    outer loop
      vertex 87.075 52.5 17.9
      vertex 87.075 47.65 17.9
      vertex 87.1533 47.6449 17.9
    endloop
  endfacet
  facet normal -0 0 1
    outer loop
      vertex 74.075 52.5 17.9
      vertex 87.075 47.65 17.9
      vertex 87.075 52.5 17.9
    endloop
  endfacet
  facet normal 0 0 1
    outer loop
      vertex 74.075 52.5 17.9
      vertex 74.075 47.65 17.9
      vertex 87.075 47.65 17.9
    endloop
  endfacet
  facet normal 0 0 1
    outer loop
      vertex 73.9967 52.5051 17.9
      vertex 74.075 47.65 17.9
      vertex 74.075 52.5 17.9
    endloop
  endfacet
  facet normal 0 0 1
    outer loop
      vertex 73.9967 52.5051 17.9
      vertex 73.9967 47.6449 17.9
      vertex 74.075 47.65 17.9
    endloop
  endfacet
  facet normal 0 0 1
    outer loop
      vertex 73.9197 52.5204 17.9
      vertex 73.9967 47.6449 17.9
      vertex 73.9967 52.5051 17.9
    endloop
  endfacet
  facet normal 0 0 1
    outer loop
      vertex 73.9197 52.5204 17.9
      vertex 73.9197 47.6296 17.9
      vertex 73.9967 47.6449 17.9
    endloop
  endfacet
  facet normal 0 0 1
    outer loop
      vertex 73.8454 52.5457 17.9
      vertex 73.9197 47.6296 17.9
      vertex 73.9197 52.5204 17.9
    endloop
  endfacet
  facet normal 0 0 1
    outer loop
      vertex 73.8454 52.5457 17.9
      vertex 73.8454 47.6043 17.9
      vertex 73.9197 47.6296 17.9
    endloop
  endfacet
  facet normal 0 0 1
    outer loop
      vertex 73.775 52.5804 17.9
      vertex 73.8454 47.6043 17.9
      vertex 73.8454 52.5457 17.9
    endloop
  endfacet
  facet normal 0 0 1
    outer loop
      vertex 73.775 52.5804 17.9
      vertex 73.775 47.5696 17.9
      vertex 73.8454 47.6043 17.9
    endloop
  endfacet
  facet normal 0 0 1
    outer loop
      vertex 73.7097 52.624 17.9
      vertex 73.775 47.5696 17.9
      vertex 73.775 52.5804 17.9
    endloop
  endfacet
  facet normal 0 0 1
    outer loop
      vertex 73.7097 52.624 17.9
      vertex 73.7097 47.526 17.9
      vertex 73.775 47.5696 17.9
    endloop
  endfacet
  facet normal 0 0 1
    outer loop
      vertex 73.6507 52.6757 17.9
      vertex 73.7097 47.526 17.9
      vertex 73.7097 52.624 17.9
    endloop
  endfacet
  facet normal 0 0 1
    outer loop
      vertex 73.6507 52.6757 17.9
      vertex 73.6507 47.4743 17.9
      vertex 73.7097 47.526 17.9
    endloop
  endfacet
  facet normal 0 0 1
    outer loop
      vertex 68.5793 52.8704 17.9
      vertex 73.5207 52.8704 17.9
      vertex 68.6046 52.9447 17.9
    endloop
  endfacet
  facet normal 0 0 1
    outer loop
      vertex 73.5207 52.8704 17.9
      vertex 68.5793 52.8704 17.9
      vertex 73.5554 52.8 17.9
    endloop
  endfacet
  facet normal 0 0 1
    outer loop
      vertex 73.4954 52.9447 17.9
      vertex 68.6046 52.9447 17.9
      vertex 73.5207 52.8704 17.9
    endloop
  endfacet
  facet normal 0 0 1
    outer loop
      vertex 68.5446 52.8 17.9
      vertex 73.5554 52.8 17.9
      vertex 68.5793 52.8704 17.9
    endloop
  endfacet
  facet normal 0 0 1
    outer loop
      vertex 68.6046 52.9447 17.9
      vertex 73.4954 52.9447 17.9
      vertex 68.6199 53.0217 17.9
    endloop
  endfacet
  facet normal 0 0 1
    outer loop
      vertex 73.6507 47.4743 17.9
      vertex 68.625 47.05 17.9
      vertex 73.599 47.4152 17.9
    endloop
  endfacet
  facet normal 0 0 1
    outer loop
      vertex 73.4801 53.0217 17.9
      vertex 68.6199 53.0217 17.9
      vertex 73.4954 52.9447 17.9
    endloop
  endfacet
  facet normal 0 0 1
    outer loop
      vertex 73.599 47.4152 17.9
      vertex 68.625 47.05 17.9
      vertex 73.5554 47.35 17.9
    endloop
  endfacet
  facet normal 0 0 1
    outer loop
      vertex 68.6199 53.0217 17.9
      vertex 73.4801 53.0217 17.9
      vertex 68.625 53.1 17.9
    endloop
  endfacet
  facet normal 0 0 1
    outer loop
      vertex 73.5554 47.35 17.9
      vertex 68.625 47.05 17.9
      vertex 73.5207 47.2796 17.9
    endloop
  endfacet
  facet normal -0 0 1
    outer loop
      vertex 68.625 53.1 17.9
      vertex 73.4801 53.0217 17.9
      vertex 73.475 53.1 17.9
    endloop
  endfacet
  facet normal 0 0 1
    outer loop
      vertex 73.5207 47.2796 17.9
      vertex 68.625 47.05 17.9
      vertex 73.4954 47.2053 17.9
    endloop
  endfacet
  facet normal -0 0 1
    outer loop
      vertex 98.1421 93.06 17.9
      vertex 108 8 17.9
      vertex 98.1855 93.2781 17.9
    endloop
  endfacet
  facet normal 0 0 1
    outer loop
      vertex 108 8 17.9
      vertex 98.1855 12.7219 17.9
      vertex 98.2 12.5 17.9
    endloop
  endfacet
  facet normal -0 0 1
    outer loop
      vertex 98.0706 92.8494 17.9
      vertex 108 8 17.9
      vertex 98.1421 93.06 17.9
    endloop
  endfacet
  facet normal 0 0 1
    outer loop
      vertex 108 8 17.9
      vertex 98.1421 12.94 17.9
      vertex 98.1855 12.7219 17.9
    endloop
  endfacet
  facet normal -0 0 1
    outer loop
      vertex 97.9722 92.65 17.9
      vertex 108 8 17.9
      vertex 98.0706 92.8494 17.9
    endloop
  endfacet
  facet normal 0 0 1
    outer loop
      vertex 108 8 17.9
      vertex 98.0706 13.1506 17.9
      vertex 98.1421 12.94 17.9
    endloop
  endfacet
  facet normal -0 0 1
    outer loop
      vertex 87.675 53.1 17.9
      vertex 108 8 17.9
      vertex 97.9722 92.65 17.9
    endloop
  endfacet
  facet normal 0 0 1
    outer loop
      vertex 108 8 17.9
      vertex 97.9722 13.35 17.9
      vertex 98.0706 13.1506 17.9
    endloop
  endfacet
  facet normal 0 0 1
    outer loop
      vertex 87.675 53.1 17.9
      vertex 97.9722 92.65 17.9
      vertex 97.8487 92.4651 17.9
    endloop
  endfacet
  facet normal -0 0 1
    outer loop
      vertex 87.675 47.05 17.9
      vertex 108 8 17.9
      vertex 87.675 53.1 17.9
    endloop
  endfacet
  facet normal 0 0 1
    outer loop
      vertex 87.675 66.1 17.9
      vertex 97.8487 92.4651 17.9
      vertex 97.7021 92.2979 17.9
    endloop
  endfacet
  facet normal -0 0 1
    outer loop
      vertex 87.675 34.05 17.9
      vertex 108 8 17.9
      vertex 87.675 47.05 17.9
    endloop
  endfacet
  facet normal 0 0 1
    outer loop
      vertex 87.6699 66.1783 17.9
      vertex 97.7021 92.2979 17.9
      vertex 97.5349 92.1513 17.9
    endloop
  endfacet
  facet normal 0 0 1
    outer loop
      vertex 108 8 17.9
      vertex 97.8487 13.5349 17.9
      vertex 97.9722 13.35 17.9
    endloop
  endfacet
  facet normal 0 0 1
    outer loop
      vertex 87.6546 66.2553 17.9
      vertex 97.5349 92.1513 17.9
      vertex 97.35 92.0278 17.9
    endloop
  endfacet
  facet normal 0 0 1
    outer loop
      vertex 108 8 17.9
      vertex 97.7021 13.7021 17.9
      vertex 97.8487 13.5349 17.9
    endloop
  endfacet
  facet normal 0 0 1
    outer loop
      vertex 87.6293 66.3296 17.9
      vertex 97.35 92.0278 17.9
      vertex 97.1506 91.9294 17.9
    endloop
  endfacet
  facet normal 0 0 1
    outer loop
      vertex 108 8 17.9
      vertex 87.675 34.05 17.9
      vertex 97.7021 13.7021 17.9
    endloop
  endfacet
  facet normal 0 0 1
    outer loop
      vertex 87.5946 66.4 17.9
      vertex 97.1506 91.9294 17.9
      vertex 96.94 91.8579 17.9
    endloop
  endfacet
  facet normal 0 0 1
    outer loop
      vertex 97.7021 13.7021 17.9
      vertex 87.675 34.05 17.9
      vertex 97.5349 13.8487 17.9
    endloop
  endfacet
  facet normal 0 0 1
    outer loop
      vertex 87.551 66.4652 17.9
      vertex 96.94 91.8579 17.9
      vertex 96.7219 91.8145 17.9
    endloop
  endfacet
  facet normal -0 0 1
    outer loop
      vertex 87.6699 33.9717 17.9
      vertex 97.5349 13.8487 17.9
      vertex 87.675 34.05 17.9
    endloop
  endfacet
  facet normal 0 0 1
    outer loop
      vertex 87.4993 66.5243 17.9
      vertex 96.7219 91.8145 17.9
      vertex 96.5 91.8 17.9
    endloop
  endfacet
  facet normal 0 0 1
    outer loop
      vertex 97.5349 13.8487 17.9
      vertex 87.6699 33.9717 17.9
      vertex 97.35 13.9722 17.9
    endloop
  endfacet
  facet normal 0 0 1
    outer loop
      vertex 87.4402 66.576 17.9
      vertex 96.5 91.8 17.9
      vertex 96.2781 91.8145 17.9
    endloop
  endfacet
  facet normal 0 0 1
    outer loop
      vertex 97.35 13.9722 17.9
      vertex 87.675 28 17.9
      vertex 97.1506 14.0706 17.9
    endloop
  endfacet
  facet normal 0 0 1
    outer loop
      vertex 87.375 66.6196 17.9
      vertex 96.2781 91.8145 17.9
      vertex 96.06 91.8579 17.9
    endloop
  endfacet
  facet normal 0 0 1
    outer loop
      vertex 97.1506 14.0706 17.9
      vertex 87.675 28 17.9
      vertex 96.94 14.1421 17.9
    endloop
  endfacet
  facet normal 0 0 1
    outer loop
      vertex 87.3046 66.6543 17.9
      vertex 96.06 91.8579 17.9
      vertex 95.8494 91.9294 17.9
    endloop
  endfacet
  facet normal 0 0 1
    outer loop
      vertex 96.94 14.1421 17.9
      vertex 87.675 28 17.9
      vertex 96.7219 14.1855 17.9
    endloop
  endfacet
  facet normal 0 0 1
    outer loop
      vertex 87.2303 66.6796 17.9
      vertex 95.8494 91.9294 17.9
      vertex 95.65 92.0278 17.9
    endloop
  endfacet
  facet normal 0 0 1
    outer loop
      vertex 96.7219 14.1855 17.9
      vertex 87.675 28 17.9
      vertex 96.5 14.2 17.9
    endloop
  endfacet
  facet normal 0 0 1
    outer loop
      vertex 87.075 66.7 17.9
      vertex 95.65 92.0278 17.9
      vertex 95.4651 92.1513 17.9
    endloop
  endfacet
  facet normal 0 0 1
    outer loop
      vertex 96.5 14.2 17.9
      vertex 87.675 28 17.9
      vertex 96.2781 14.1855 17.9
    endloop
  endfacet
  facet normal 0 0 1
    outer loop
      vertex 87.075 66.7 17.9
      vertex 95.4651 92.1513 17.9
      vertex 95.2979 92.2979 17.9
    endloop
  endfacet
  facet normal 0 0 1
    outer loop
      vertex 96.2781 14.1855 17.9
      vertex 87.675 28 17.9
      vertex 96.06 14.1421 17.9
    endloop
  endfacet
  facet normal 0 0 1
    outer loop
      vertex 87.075 66.7 17.9
      vertex 95.2979 92.2979 17.9
      vertex 95.1513 92.4651 17.9
    endloop
  endfacet
  facet normal 0 0 1
    outer loop
      vertex 96.06 14.1421 17.9
      vertex 87.675 28 17.9
      vertex 95.8494 14.0706 17.9
    endloop
  endfacet
  facet normal 0 0 1
    outer loop
      vertex 87.075 66.7 17.9
      vertex 95.1513 92.4651 17.9
      vertex 95.0278 92.65 17.9
    endloop
  endfacet
  facet normal -0 0 1
    outer loop
      vertex 87.675 15 17.9
      vertex 95.8494 14.0706 17.9
      vertex 87.675 28 17.9
    endloop
  endfacet
  facet normal 0 0 1
    outer loop
      vertex 74.075 66.7 17.9
      vertex 95.0278 92.65 17.9
      vertex 94.9294 92.8494 17.9
    endloop
  endfacet
  facet normal 0 0 1
    outer loop
      vertex 95.8494 14.0706 17.9
      vertex 87.675 15 17.9
      vertex 95.65 13.9722 17.9
    endloop
  endfacet
  facet normal 0 0 1
    outer loop
      vertex 74.075 66.7 17.9
      vertex 94.9294 92.8494 17.9
      vertex 94.8579 93.06 17.9
    endloop
  endfacet
  facet normal 0 0 1
    outer loop
      vertex 95.65 13.9722 17.9
      vertex 87.675 15 17.9
      vertex 95.4651 13.8487 17.9
    endloop
  endfacet
  facet normal 0 0 1
    outer loop
      vertex 74.075 66.7 17.9
      vertex 94.8579 93.06 17.9
      vertex 94.8145 93.2781 17.9
    endloop
  endfacet
  facet normal 0 0 1
    outer loop
      vertex 95.4651 13.8487 17.9
      vertex 87.675 15 17.9
      vertex 95.2979 13.7021 17.9
    endloop
  endfacet
  facet normal 0 0 1
    outer loop
      vertex 50.15 93 17.9
      vertex 94.8145 93.2781 17.9
      vertex 94.8 93.5 17.9
    endloop
  endfacet
  facet normal 0 0 1
    outer loop
      vertex 95.2979 13.7021 17.9
      vertex 87.675 15 17.9
      vertex 95.1513 13.5349 17.9
    endloop
  endfacet
  facet normal 0 0 1
    outer loop
      vertex 100 132 17.9
      vertex 108 124 17.9
      vertex 107.932 125.044 17.9
    endloop
  endfacet
  facet normal 0 0 1
    outer loop
      vertex 98.1855 93.2781 17.9
      vertex 108 124 17.9
      vertex 98.2 93.5 17.9
    endloop
  endfacet
  facet normal 0 0 1
    outer loop
      vertex 100 132 17.9
      vertex 107.932 125.044 17.9
      vertex 107.727 126.071 17.9
    endloop
  endfacet
  facet normal 0 0 1
    outer loop
      vertex 108 124 17.9
      vertex 98.1855 93.2781 17.9
      vertex 108 8 17.9
    endloop
  endfacet
  facet normal 0 0 1
    outer loop
      vertex 100 132 17.9
      vertex 107.727 126.071 17.9
      vertex 107.391 127.061 17.9
    endloop
  endfacet
  facet normal -0 0 1
    outer loop
      vertex 98.1855 12.2781 17.9
      vertex 108 8 17.9
      vertex 98.2 12.5 17.9
    endloop
  endfacet
  facet normal 0 0 1
    outer loop
      vertex 100 132 17.9
      vertex 107.391 127.061 17.9
      vertex 106.928 128 17.9
    endloop
  endfacet
  facet normal -0 0 1
    outer loop
      vertex 98.1421 12.06 17.9
      vertex 108 8 17.9
      vertex 98.1855 12.2781 17.9
    endloop
  endfacet
  facet normal 0 0 1
    outer loop
      vertex 100 132 17.9
      vertex 106.928 128 17.9
      vertex 106.347 128.87 17.9
    endloop
  endfacet
  facet normal -0 0 1
    outer loop
      vertex 98.0706 11.8494 17.9
      vertex 108 8 17.9
      vertex 98.1421 12.06 17.9
    endloop
  endfacet
  facet normal 0 0 1
    outer loop
      vertex 100 132 17.9
      vertex 106.347 128.87 17.9
      vertex 105.657 129.657 17.9
    endloop
  endfacet
  facet normal -0 0 1
    outer loop
      vertex 97.9722 11.65 17.9
      vertex 108 8 17.9
      vertex 98.0706 11.8494 17.9
    endloop
  endfacet
  facet normal 0 0 1
    outer loop
      vertex 100 132 17.9
      vertex 105.657 129.657 17.9
      vertex 104.87 130.347 17.9
    endloop
  endfacet
  facet normal -0 0 1
    outer loop
      vertex 97.8487 11.4651 17.9
      vertex 108 8 17.9
      vertex 97.9722 11.65 17.9
    endloop
  endfacet
  facet normal 0 0 1
    outer loop
      vertex 100 132 17.9
      vertex 104.87 130.347 17.9
      vertex 104 130.928 17.9
    endloop
  endfacet
  facet normal 0 0 1
    outer loop
      vertex 108 8 17.9
      vertex 97.8487 11.4651 17.9
      vertex 107.932 6.9558 17.9
    endloop
  endfacet
  facet normal 0 0 1
    outer loop
      vertex 100 132 17.9
      vertex 104 130.928 17.9
      vertex 103.061 131.391 17.9
    endloop
  endfacet
  facet normal 0 0 1
    outer loop
      vertex 107.932 6.9558 17.9
      vertex 97.8487 11.4651 17.9
      vertex 107.727 5.92944 17.9
    endloop
  endfacet
  facet normal 0 0 1
    outer loop
      vertex 100 132 17.9
      vertex 103.061 131.391 17.9
      vertex 102.071 131.727 17.9
    endloop
  endfacet
  facet normal -0 0 1
    outer loop
      vertex 97.7021 11.2979 17.9
      vertex 107.727 5.92944 17.9
      vertex 97.8487 11.4651 17.9
    endloop
  endfacet
  facet normal 0 0 1
    outer loop
      vertex 100 132 17.9
      vertex 102.071 131.727 17.9
      vertex 101.044 131.932 17.9
    endloop
  endfacet
  facet normal 0 0 1
    outer loop
      vertex 107.727 5.92944 17.9
      vertex 97.7021 11.2979 17.9
      vertex 107.391 4.93854 17.9
    endloop
  endfacet
  facet normal 0 0 1
    outer loop
      vertex 108 124 17.9
      vertex 100 132 17.9
      vertex 96.06 95.1421 17.9
    endloop
  endfacet
  facet normal 0 0 1
    outer loop
      vertex 107.391 4.93854 17.9
      vertex 97.7021 11.2979 17.9
      vertex 106.928 4 17.9
    endloop
  endfacet
  facet normal 0 0 1
    outer loop
      vertex 106.928 4 17.9
      vertex 97.7021 11.2979 17.9
      vertex 106.347 3.12991 17.9
    endloop
  endfacet
  facet normal 0 0 1
    outer loop
      vertex 108 124 17.9
      vertex 98.1855 93.7219 17.9
      vertex 98.2 93.5 17.9
    endloop
  endfacet
  facet normal 0 0 1
    outer loop
      vertex 108 124 17.9
      vertex 98.1421 93.94 17.9
      vertex 98.1855 93.7219 17.9
    endloop
  endfacet
  facet normal 0 0 1
    outer loop
      vertex 108 124 17.9
      vertex 98.0706 94.1506 17.9
      vertex 98.1421 93.94 17.9
    endloop
  endfacet
  facet normal 0 0 1
    outer loop
      vertex 108 124 17.9
      vertex 97.9722 94.35 17.9
      vertex 98.0706 94.1506 17.9
    endloop
  endfacet
  facet normal 0 0 1
    outer loop
      vertex 108 124 17.9
      vertex 97.8487 94.5349 17.9
      vertex 97.9722 94.35 17.9
    endloop
  endfacet
  facet normal 0 0 1
    outer loop
      vertex 108 124 17.9
      vertex 97.7021 94.7021 17.9
      vertex 97.8487 94.5349 17.9
    endloop
  endfacet
  facet normal 0 0 1
    outer loop
      vertex 108 124 17.9
      vertex 97.5349 94.8487 17.9
      vertex 97.7021 94.7021 17.9
    endloop
  endfacet
  facet normal 0 0 1
    outer loop
      vertex 108 124 17.9
      vertex 97.35 94.9722 17.9
      vertex 97.5349 94.8487 17.9
    endloop
  endfacet
  facet normal 0 0 1
    outer loop
      vertex 108 124 17.9
      vertex 97.1506 95.0706 17.9
      vertex 97.35 94.9722 17.9
    endloop
  endfacet
  facet normal 0 0 1
    outer loop
      vertex 108 124 17.9
      vertex 96.94 95.1421 17.9
      vertex 97.1506 95.0706 17.9
    endloop
  endfacet
  facet normal 0 0 1
    outer loop
      vertex 108 124 17.9
      vertex 96.7219 95.1855 17.9
      vertex 96.94 95.1421 17.9
    endloop
  endfacet
  facet normal 0 0 1
    outer loop
      vertex 108 124 17.9
      vertex 96.5 95.2 17.9
      vertex 96.7219 95.1855 17.9
    endloop
  endfacet
  facet normal 0 0 1
    outer loop
      vertex 108 124 17.9
      vertex 96.2781 95.1855 17.9
      vertex 96.5 95.2 17.9
    endloop
  endfacet
  facet normal 0 0 1
    outer loop
      vertex 108 124 17.9
      vertex 96.06 95.1421 17.9
      vertex 96.2781 95.1855 17.9
    endloop
  endfacet
  facet normal 0 0 1
    outer loop
      vertex 100 132 17.9
      vertex 95.8494 95.0706 17.9
      vertex 96.06 95.1421 17.9
    endloop
  endfacet
  facet normal 0 0 1
    outer loop
      vertex 100 132 17.9
      vertex 95.65 94.9722 17.9
      vertex 95.8494 95.0706 17.9
    endloop
  endfacet
  facet normal 0 0 1
    outer loop
      vertex 100 132 17.9
      vertex 95.4651 94.8487 17.9
      vertex 95.65 94.9722 17.9
    endloop
  endfacet
  facet normal 0 0 1
    outer loop
      vertex 100 132 17.9
      vertex 95.2979 94.7021 17.9
      vertex 95.4651 94.8487 17.9
    endloop
  endfacet
  facet normal 0 0 1
    outer loop
      vertex 49.8132 93.8132 17.9
      vertex 95.2979 94.7021 17.9
      vertex 100 132 17.9
    endloop
  endfacet
  facet normal 0 0 1
    outer loop
      vertex 95.2979 94.7021 17.9
      vertex 49.8132 93.8132 17.9
      vertex 95.1513 94.5349 17.9
    endloop
  endfacet
  facet normal 0 -0 1
    outer loop
      vertex 49.9124 93.7001 17.9
      vertex 95.1513 94.5349 17.9
      vertex 49.8132 93.8132 17.9
    endloop
  endfacet
  facet normal 0 0 1
    outer loop
      vertex 95.1513 94.5349 17.9
      vertex 49.9124 93.7001 17.9
      vertex 95.0278 94.35 17.9
    endloop
  endfacet
  facet normal 0 -0 1
    outer loop
      vertex 49.9959 93.575 17.9
      vertex 95.0278 94.35 17.9
      vertex 49.9124 93.7001 17.9
    endloop
  endfacet
  facet normal 0 0 1
    outer loop
      vertex 97.8487 92.4651 17.9
      vertex 87.675 66.1 17.9
      vertex 87.675 53.1 17.9
    endloop
  endfacet
  facet normal 0 0 1
    outer loop
      vertex 50.1402 93.1501 17.9
      vertex 94.8 93.5 17.9
      vertex 94.8145 93.7219 17.9
    endloop
  endfacet
  facet normal 0 0 1
    outer loop
      vertex 95.0278 94.35 17.9
      vertex 49.9959 93.575 17.9
      vertex 94.9294 94.1506 17.9
    endloop
  endfacet
  facet normal 0 0 1
    outer loop
      vertex 97.7021 92.2979 17.9
      vertex 87.6699 66.1783 17.9
      vertex 87.675 66.1 17.9
    endloop
  endfacet
  facet normal 0 0 1
    outer loop
      vertex 97.5349 92.1513 17.9
      vertex 87.6546 66.2553 17.9
      vertex 87.6699 66.1783 17.9
    endloop
  endfacet
  facet normal 0 0 1
    outer loop
      vertex 97.35 92.0278 17.9
      vertex 87.6293 66.3296 17.9
      vertex 87.6546 66.2553 17.9
    endloop
  endfacet
  facet normal 0 0 1
    outer loop
      vertex 97.1506 91.9294 17.9
      vertex 87.5946 66.4 17.9
      vertex 87.6293 66.3296 17.9
    endloop
  endfacet
  facet normal 0 0 1
    outer loop
      vertex 96.94 91.8579 17.9
      vertex 87.551 66.4652 17.9
      vertex 87.5946 66.4 17.9
    endloop
  endfacet
  facet normal 0 0 1
    outer loop
      vertex 96.7219 91.8145 17.9
      vertex 87.4993 66.5243 17.9
      vertex 87.551 66.4652 17.9
    endloop
  endfacet
  facet normal 0 0 1
    outer loop
      vertex 96.5 91.8 17.9
      vertex 87.4402 66.576 17.9
      vertex 87.4993 66.5243 17.9
    endloop
  endfacet
  facet normal 0 0 1
    outer loop
      vertex 96.2781 91.8145 17.9
      vertex 87.375 66.6196 17.9
      vertex 87.4402 66.576 17.9
    endloop
  endfacet
  facet normal 0 0 1
    outer loop
      vertex 96.06 91.8579 17.9
      vertex 87.3046 66.6543 17.9
      vertex 87.375 66.6196 17.9
    endloop
  endfacet
  facet normal 0 0 1
    outer loop
      vertex 95.8494 91.9294 17.9
      vertex 87.2303 66.6796 17.9
      vertex 87.3046 66.6543 17.9
    endloop
  endfacet
  facet normal 0 0 1
    outer loop
      vertex 95.65 92.0278 17.9
      vertex 87.1533 66.6949 17.9
      vertex 87.2303 66.6796 17.9
    endloop
  endfacet
  facet normal 0 0 1
    outer loop
      vertex 95.65 92.0278 17.9
      vertex 87.075 66.7 17.9
      vertex 87.1533 66.6949 17.9
    endloop
  endfacet
  facet normal 0 -0 1
    outer loop
      vertex 50.1402 93.1501 17.9
      vertex 94.8145 93.7219 17.9
      vertex 50.1108 93.2976 17.9
    endloop
  endfacet
  facet normal 0 0 1
    outer loop
      vertex 95.0278 92.65 17.9
      vertex 74.075 66.7 17.9
      vertex 87.075 66.7 17.9
    endloop
  endfacet
  facet normal 0 0 1
    outer loop
      vertex 94.8145 93.2781 17.9
      vertex 50.15 93 17.9
      vertex 50.15 87 17.9
    endloop
  endfacet
  facet normal 0 0 1
    outer loop
      vertex 94.8145 93.2781 17.9
      vertex 50.15 87 17.9
      vertex 74.075 66.7 17.9
    endloop
  endfacet
  facet normal 0 0 1
    outer loop
      vertex 74.075 66.7 17.9
      vertex 50.15 87 17.9
      vertex 73.9967 66.6949 17.9
    endloop
  endfacet
  facet normal 0 -0 1
    outer loop
      vertex 68.1033 66.6949 17.9
      vertex 73.9967 66.6949 17.9
      vertex 50.15 87 17.9
    endloop
  endfacet
  facet normal 0 0 1
    outer loop
      vertex 73.9967 66.6949 17.9
      vertex 68.1033 66.6949 17.9
      vertex 73.9197 66.6796 17.9
    endloop
  endfacet
  facet normal 0 -0 1
    outer loop
      vertex 68.1803 66.6796 17.9
      vertex 73.9197 66.6796 17.9
      vertex 68.1033 66.6949 17.9
    endloop
  endfacet
  facet normal 0 0 1
    outer loop
      vertex 73.9197 66.6796 17.9
      vertex 68.1803 66.6796 17.9
      vertex 73.8454 66.6543 17.9
    endloop
  endfacet
  facet normal 0 -0 1
    outer loop
      vertex 68.2546 66.6543 17.9
      vertex 73.8454 66.6543 17.9
      vertex 68.1803 66.6796 17.9
    endloop
  endfacet
  facet normal 0 0 1
    outer loop
      vertex 68.625 53.1 17.9
      vertex 73.475 53.1 17.9
      vertex 73.475 66.1 17.9
    endloop
  endfacet
  facet normal 0 0 1
    outer loop
      vertex 73.4954 47.2053 17.9
      vertex 68.625 47.05 17.9
      vertex 73.4801 47.1283 17.9
    endloop
  endfacet
  facet normal 0 0 1
    outer loop
      vertex 73.475 47.05 17.9
      vertex 68.625 47.05 17.9
      vertex 73.475 34.05 17.9
    endloop
  endfacet
  facet normal 0 0 1
    outer loop
      vertex 68.625 34.05 17.9
      vertex 73.475 34.05 17.9
      vertex 68.625 47.05 17.9
    endloop
  endfacet
  facet normal 0 0 1
    outer loop
      vertex 68.625 53.1 17.9
      vertex 73.475 66.1 17.9
      vertex 68.625 66.1 17.9
    endloop
  endfacet
  facet normal 0 0 1
    outer loop
      vertex 73.4801 66.1783 17.9
      vertex 68.625 66.1 17.9
      vertex 73.475 66.1 17.9
    endloop
  endfacet
  facet normal 0 0 1
    outer loop
      vertex 68.6199 66.1783 17.9
      vertex 73.4801 66.1783 17.9
      vertex 73.4954 66.2553 17.9
    endloop
  endfacet
  facet normal 0 0 1
    outer loop
      vertex 68.6046 66.2553 17.9
      vertex 73.4954 66.2553 17.9
      vertex 73.5207 66.3296 17.9
    endloop
  endfacet
  facet normal 0 0 1
    outer loop
      vertex 73.8454 66.6543 17.9
      vertex 68.2546 66.6543 17.9
      vertex 73.775 66.6196 17.9
    endloop
  endfacet
  facet normal 0 0 1
    outer loop
      vertex 73.4801 66.1783 17.9
      vertex 68.6199 66.1783 17.9
      vertex 68.625 66.1 17.9
    endloop
  endfacet
  facet normal 0 0 1
    outer loop
      vertex 73.4954 66.2553 17.9
      vertex 68.6046 66.2553 17.9
      vertex 68.6199 66.1783 17.9
    endloop
  endfacet
  facet normal 0 0 1
    outer loop
      vertex 73.5207 66.3296 17.9
      vertex 68.5793 66.3296 17.9
      vertex 68.6046 66.2553 17.9
    endloop
  endfacet
  facet normal 0 0 1
    outer loop
      vertex 73.5207 66.3296 17.9
      vertex 68.5446 66.4 17.9
      vertex 68.5793 66.3296 17.9
    endloop
  endfacet
  facet normal 0 0 1
    outer loop
      vertex 73.5554 66.4 17.9
      vertex 68.5446 66.4 17.9
      vertex 73.5207 66.3296 17.9
    endloop
  endfacet
  facet normal 0 -0 1
    outer loop
      vertex 68.5446 66.4 17.9
      vertex 73.5554 66.4 17.9
      vertex 68.501 66.4652 17.9
    endloop
  endfacet
  facet normal 0 0 1
    outer loop
      vertex 73.599 66.4652 17.9
      vertex 68.501 66.4652 17.9
      vertex 73.5554 66.4 17.9
    endloop
  endfacet
  facet normal 0 -0 1
    outer loop
      vertex 68.501 66.4652 17.9
      vertex 73.599 66.4652 17.9
      vertex 68.4493 66.5243 17.9
    endloop
  endfacet
  facet normal 0 -0 1
    outer loop
      vertex 68.325 66.6196 17.9
      vertex 73.775 66.6196 17.9
      vertex 68.2546 66.6543 17.9
    endloop
  endfacet
  facet normal 0 0 1
    outer loop
      vertex 73.6507 66.5243 17.9
      vertex 68.4493 66.5243 17.9
      vertex 73.599 66.4652 17.9
    endloop
  endfacet
  facet normal 0 0 1
    outer loop
      vertex 73.775 66.6196 17.9
      vertex 68.325 66.6196 17.9
      vertex 73.7097 66.576 17.9
    endloop
  endfacet
  facet normal 0 -0 1
    outer loop
      vertex 68.4493 66.5243 17.9
      vertex 73.6507 66.5243 17.9
      vertex 68.3903 66.576 17.9
    endloop
  endfacet
  facet normal 0 0 1
    outer loop
      vertex 73.7097 66.576 17.9
      vertex 68.3903 66.576 17.9
      vertex 73.6507 66.5243 17.9
    endloop
  endfacet
  facet normal -0 0 1
    outer loop
      vertex 50.1402 86.8499 17.9
      vertex 68.025 66.7 17.9
      vertex 50.15 87 17.9
    endloop
  endfacet
  facet normal -0 0 1
    outer loop
      vertex 50.1108 86.7024 17.9
      vertex 68.025 66.7 17.9
      vertex 50.1402 86.8499 17.9
    endloop
  endfacet
  facet normal -0 0 1
    outer loop
      vertex 50.0625 86.5599 17.9
      vertex 68.025 66.7 17.9
      vertex 50.1108 86.7024 17.9
    endloop
  endfacet
  facet normal -0 0 1
    outer loop
      vertex 49.9959 86.425 17.9
      vertex 68.025 66.7 17.9
      vertex 50.0625 86.5599 17.9
    endloop
  endfacet
  facet normal 0 0 1
    outer loop
      vertex 68.025 66.7 17.9
      vertex 49.9959 86.425 17.9
      vertex 55.025 66.7 17.9
    endloop
  endfacet
  facet normal -0 0 1
    outer loop
      vertex 49.9124 86.2999 17.9
      vertex 55.025 66.7 17.9
      vertex 49.9959 86.425 17.9
    endloop
  endfacet
  facet normal -0 0 1
    outer loop
      vertex 49.8132 86.1868 17.9
      vertex 55.025 66.7 17.9
      vertex 49.9124 86.2999 17.9
    endloop
  endfacet
  facet normal 0 0 1
    outer loop
      vertex 49.575 53.1 17.9
      vertex 54.425 53.1 17.9
      vertex 54.425 66.1 17.9
    endloop
  endfacet
  facet normal 0 0 1
    outer loop
      vertex 54.4454 47.2053 17.9
      vertex 49.575 47.05 17.9
      vertex 54.4301 47.1283 17.9
    endloop
  endfacet
  facet normal 0 0 1
    outer loop
      vertex 54.425 47.05 17.9
      vertex 49.575 47.05 17.9
      vertex 54.425 34.05 17.9
    endloop
  endfacet
  facet normal 0 0 1
    outer loop
      vertex 49.575 34.05 17.9
      vertex 54.425 34.05 17.9
      vertex 49.575 47.05 17.9
    endloop
  endfacet
  facet normal 0 0 1
    outer loop
      vertex 54.7954 66.6543 17.9
      vertex 49.575 66.1 17.9
      vertex 54.725 66.6196 17.9
    endloop
  endfacet
  facet normal 0 0 1
    outer loop
      vertex 54.9467 66.6949 17.9
      vertex 49.4401 85.9375 17.9
      vertex 54.8697 66.6796 17.9
    endloop
  endfacet
  facet normal -0 0 1
    outer loop
      vertex 49.4401 85.9375 17.9
      vertex 54.9467 66.6949 17.9
      vertex 49.575 86.0041 17.9
    endloop
  endfacet
  facet normal 0 0 1
    outer loop
      vertex 55.025 66.7 17.9
      vertex 49.575 86.0041 17.9
      vertex 54.9467 66.6949 17.9
    endloop
  endfacet
  facet normal -0 0 1
    outer loop
      vertex 49.575 86.0041 17.9
      vertex 55.025 66.7 17.9
      vertex 49.7001 86.0876 17.9
    endloop
  endfacet
  facet normal -0 0 1
    outer loop
      vertex 49.7001 86.0876 17.9
      vertex 55.025 66.7 17.9
      vertex 49.8132 86.1868 17.9
    endloop
  endfacet
  facet normal 0 0 1
    outer loop
      vertex 68.1033 66.6949 17.9
      vertex 50.15 87 17.9
      vertex 68.025 66.7 17.9
    endloop
  endfacet
  facet normal 0 -0 1
    outer loop
      vertex 68.3903 66.576 17.9
      vertex 73.7097 66.576 17.9
      vertex 68.325 66.6196 17.9
    endloop
  endfacet
  facet normal 0 0 1
    outer loop
      vertex 94.8 93.5 17.9
      vertex 50.1402 93.1501 17.9
      vertex 50.15 93 17.9
    endloop
  endfacet
  facet normal 0 0 1
    outer loop
      vertex 94.8579 93.94 17.9
      vertex 50.1108 93.2976 17.9
      vertex 94.8145 93.7219 17.9
    endloop
  endfacet
  facet normal 0 -0 1
    outer loop
      vertex 50.1108 93.2976 17.9
      vertex 94.8579 93.94 17.9
      vertex 50.0625 93.4401 17.9
    endloop
  endfacet
  facet normal 0 0 1
    outer loop
      vertex 94.9294 94.1506 17.9
      vertex 50.0625 93.4401 17.9
      vertex 94.8579 93.94 17.9
    endloop
  endfacet
  facet normal 0 -0 1
    outer loop
      vertex 50.0625 93.4401 17.9
      vertex 94.9294 94.1506 17.9
      vertex 49.9959 93.575 17.9
    endloop
  endfacet
  facet normal 0 0 1
    outer loop
      vertex 100 132 17.9
      vertex 49.7001 93.9124 17.9
      vertex 49.8132 93.8132 17.9
    endloop
  endfacet
  facet normal 0 0 1
    outer loop
      vertex 100 132 17.9
      vertex 49.575 93.9959 17.9
      vertex 49.7001 93.9124 17.9
    endloop
  endfacet
  facet normal 0 0 1
    outer loop
      vertex 100 132 17.9
      vertex 49.4401 94.0625 17.9
      vertex 49.575 93.9959 17.9
    endloop
  endfacet
  facet normal 0 0 1
    outer loop
      vertex 100 132 17.9
      vertex 49.2976 94.1108 17.9
      vertex 49.4401 94.0625 17.9
    endloop
  endfacet
  facet normal 0 0 1
    outer loop
      vertex 100 132 17.9
      vertex 49.1501 94.1402 17.9
      vertex 49.2976 94.1108 17.9
    endloop
  endfacet
  facet normal -0 0 1
    outer loop
      vertex 8 132 17.9
      vertex 49.1501 94.1402 17.9
      vertex 100 132 17.9
    endloop
  endfacet
  facet normal 0 0 1
    outer loop
      vertex 49.1501 94.1402 17.9
      vertex 8 132 17.9
      vertex 49 94.15 17.9
    endloop
  endfacet
  facet normal 0 0 1
    outer loop
      vertex 49 94.15 17.9
      vertex 8 132 17.9
      vertex 48.8499 94.1402 17.9
    endloop
  endfacet
  facet normal 0 -0 1
    outer loop
      vertex 44.1501 94.1402 17.9
      vertex 48.8499 94.1402 17.9
      vertex 8 132 17.9
    endloop
  endfacet
  facet normal 0 0 1
    outer loop
      vertex 48.8499 94.1402 17.9
      vertex 44.1501 94.1402 17.9
      vertex 48.7024 94.1108 17.9
    endloop
  endfacet
  facet normal 0 -0 1
    outer loop
      vertex 44.2976 94.1108 17.9
      vertex 48.7024 94.1108 17.9
      vertex 44.1501 94.1402 17.9
    endloop
  endfacet
  facet normal 0 0 1
    outer loop
      vertex 47.85 93 17.9
      vertex 45.15 93 17.9
      vertex 47.85 87 17.9
    endloop
  endfacet
  facet normal 0 0 1
    outer loop
      vertex 47.8598 93.1501 17.9
      vertex 45.15 93 17.9
      vertex 47.85 93 17.9
    endloop
  endfacet
  facet normal 0 0 1
    outer loop
      vertex 45.1402 93.1501 17.9
      vertex 47.8598 93.1501 17.9
      vertex 47.8892 93.2976 17.9
    endloop
  endfacet
  facet normal 0 0 1
    outer loop
      vertex 45.1108 93.2976 17.9
      vertex 47.8892 93.2976 17.9
      vertex 47.9375 93.4401 17.9
    endloop
  endfacet
  facet normal 0 0 1
    outer loop
      vertex 45.0625 93.4401 17.9
      vertex 47.9375 93.4401 17.9
      vertex 48.0041 93.575 17.9
    endloop
  endfacet
  facet normal 0 0 1
    outer loop
      vertex 44.9959 93.575 17.9
      vertex 48.0041 93.575 17.9
      vertex 48.0876 93.7001 17.9
    endloop
  endfacet
  facet normal 0 0 1
    outer loop
      vertex 44.9124 93.7001 17.9
      vertex 48.0876 93.7001 17.9
      vertex 48.1868 93.8132 17.9
    endloop
  endfacet
  facet normal 0 0 1
    outer loop
      vertex 44.8132 93.8132 17.9
      vertex 48.1868 93.8132 17.9
      vertex 48.2999 93.9124 17.9
    endloop
  endfacet
  facet normal 0 0 1
    outer loop
      vertex 48.7024 94.1108 17.9
      vertex 44.2976 94.1108 17.9
      vertex 48.5599 94.0625 17.9
    endloop
  endfacet
  facet normal 0 0 1
    outer loop
      vertex 47.8598 93.1501 17.9
      vertex 45.1402 93.1501 17.9
      vertex 45.15 93 17.9
    endloop
  endfacet
  facet normal 0 0 1
    outer loop
      vertex 47.8892 93.2976 17.9
      vertex 45.1108 93.2976 17.9
      vertex 45.1402 93.1501 17.9
    endloop
  endfacet
  facet normal 0 0 1
    outer loop
      vertex 47.9375 93.4401 17.9
      vertex 45.0625 93.4401 17.9
      vertex 45.1108 93.2976 17.9
    endloop
  endfacet
  facet normal 0 0 1
    outer loop
      vertex 48.0041 93.575 17.9
      vertex 44.9959 93.575 17.9
      vertex 45.0625 93.4401 17.9
    endloop
  endfacet
  facet normal 0 0 1
    outer loop
      vertex 48.0876 93.7001 17.9
      vertex 44.9124 93.7001 17.9
      vertex 44.9959 93.575 17.9
    endloop
  endfacet
  facet normal 0 0 1
    outer loop
      vertex 48.1868 93.8132 17.9
      vertex 44.8132 93.8132 17.9
      vertex 44.9124 93.7001 17.9
    endloop
  endfacet
  facet normal 0 0 1
    outer loop
      vertex 48.2999 93.9124 17.9
      vertex 44.7001 93.9124 17.9
      vertex 44.8132 93.8132 17.9
    endloop
  endfacet
  facet normal 0 0 1
    outer loop
      vertex 48.2999 93.9124 17.9
      vertex 44.575 93.9959 17.9
      vertex 44.7001 93.9124 17.9
    endloop
  endfacet
  facet normal 0 0 1
    outer loop
      vertex 48.425 93.9959 17.9
      vertex 44.575 93.9959 17.9
      vertex 48.2999 93.9124 17.9
    endloop
  endfacet
  facet normal 0 -0 1
    outer loop
      vertex 44.575 93.9959 17.9
      vertex 48.425 93.9959 17.9
      vertex 44.4401 94.0625 17.9
    endloop
  endfacet
  facet normal 0 -0 1
    outer loop
      vertex 44.4401 94.0625 17.9
      vertex 48.5599 94.0625 17.9
      vertex 44.2976 94.1108 17.9
    endloop
  endfacet
  facet normal 0 0 1
    outer loop
      vertex 48.5599 94.0625 17.9
      vertex 44.4401 94.0625 17.9
      vertex 48.425 93.9959 17.9
    endloop
  endfacet
  facet normal 0 0 1
    outer loop
      vertex 44.1501 94.1402 17.9
      vertex 8 132 17.9
      vertex 44 94.15 17.9
    endloop
  endfacet
  facet normal 0 0 1
    outer loop
      vertex 44 94.15 17.9
      vertex 8 132 17.9
      vertex 43.8499 94.1402 17.9
    endloop
  endfacet
  facet normal 0 -0 1
    outer loop
      vertex 39.1501 94.1402 17.9
      vertex 43.8499 94.1402 17.9
      vertex 8 132 17.9
    endloop
  endfacet
  facet normal 0 0 1
    outer loop
      vertex 43.8499 94.1402 17.9
      vertex 39.1501 94.1402 17.9
      vertex 43.7024 94.1108 17.9
    endloop
  endfacet
  facet normal 0 -0 1
    outer loop
      vertex 39.2976 94.1108 17.9
      vertex 43.7024 94.1108 17.9
      vertex 39.1501 94.1402 17.9
    endloop
  endfacet
  facet normal 0 0 1
    outer loop
      vertex 42.85 93 17.9
      vertex 40.15 93 17.9
      vertex 42.85 87 17.9
    endloop
  endfacet
  facet normal 0 0 1
    outer loop
      vertex 42.8598 93.1501 17.9
      vertex 40.15 93 17.9
      vertex 42.85 93 17.9
    endloop
  endfacet
  facet normal 0 0 1
    outer loop
      vertex 40.1402 93.1501 17.9
      vertex 42.8598 93.1501 17.9
      vertex 42.8892 93.2976 17.9
    endloop
  endfacet
  facet normal 0 0 1
    outer loop
      vertex 40.1108 93.2976 17.9
      vertex 42.8892 93.2976 17.9
      vertex 42.9375 93.4401 17.9
    endloop
  endfacet
  facet normal 0 0 1
    outer loop
      vertex 40.0625 93.4401 17.9
      vertex 42.9375 93.4401 17.9
      vertex 43.0041 93.575 17.9
    endloop
  endfacet
  facet normal 0 0 1
    outer loop
      vertex 39.9959 93.575 17.9
      vertex 43.0041 93.575 17.9
      vertex 43.0876 93.7001 17.9
    endloop
  endfacet
  facet normal 0 0 1
    outer loop
      vertex 39.9124 93.7001 17.9
      vertex 43.0876 93.7001 17.9
      vertex 43.1868 93.8132 17.9
    endloop
  endfacet
  facet normal 0 0 1
    outer loop
      vertex 39.8132 93.8132 17.9
      vertex 43.1868 93.8132 17.9
      vertex 43.2999 93.9124 17.9
    endloop
  endfacet
  facet normal 0 0 1
    outer loop
      vertex 43.7024 94.1108 17.9
      vertex 39.2976 94.1108 17.9
      vertex 43.5599 94.0625 17.9
    endloop
  endfacet
  facet normal 0 0 1
    outer loop
      vertex 42.8598 93.1501 17.9
      vertex 40.1402 93.1501 17.9
      vertex 40.15 93 17.9
    endloop
  endfacet
  facet normal 0 0 1
    outer loop
      vertex 42.8892 93.2976 17.9
      vertex 40.1108 93.2976 17.9
      vertex 40.1402 93.1501 17.9
    endloop
  endfacet
  facet normal 0 0 1
    outer loop
      vertex 42.9375 93.4401 17.9
      vertex 40.0625 93.4401 17.9
      vertex 40.1108 93.2976 17.9
    endloop
  endfacet
  facet normal 0 0 1
    outer loop
      vertex 43.0041 93.575 17.9
      vertex 39.9959 93.575 17.9
      vertex 40.0625 93.4401 17.9
    endloop
  endfacet
  facet normal 0 0 1
    outer loop
      vertex 43.0876 93.7001 17.9
      vertex 39.9124 93.7001 17.9
      vertex 39.9959 93.575 17.9
    endloop
  endfacet
  facet normal 0 0 1
    outer loop
      vertex 43.1868 93.8132 17.9
      vertex 39.8132 93.8132 17.9
      vertex 39.9124 93.7001 17.9
    endloop
  endfacet
  facet normal 0 0 1
    outer loop
      vertex 43.2999 93.9124 17.9
      vertex 39.7001 93.9124 17.9
      vertex 39.8132 93.8132 17.9
    endloop
  endfacet
  facet normal 0 0 1
    outer loop
      vertex 43.2999 93.9124 17.9
      vertex 39.575 93.9959 17.9
      vertex 39.7001 93.9124 17.9
    endloop
  endfacet
  facet normal 0 0 1
    outer loop
      vertex 43.425 93.9959 17.9
      vertex 39.575 93.9959 17.9
      vertex 43.2999 93.9124 17.9
    endloop
  endfacet
  facet normal 0 -0 1
    outer loop
      vertex 39.575 93.9959 17.9
      vertex 43.425 93.9959 17.9
      vertex 39.4401 94.0625 17.9
    endloop
  endfacet
  facet normal 0 -0 1
    outer loop
      vertex 39.4401 94.0625 17.9
      vertex 43.5599 94.0625 17.9
      vertex 39.2976 94.1108 17.9
    endloop
  endfacet
  facet normal 0 0 1
    outer loop
      vertex 43.5599 94.0625 17.9
      vertex 39.4401 94.0625 17.9
      vertex 43.425 93.9959 17.9
    endloop
  endfacet
  facet normal 0 0 1
    outer loop
      vertex 39.1501 94.1402 17.9
      vertex 8 132 17.9
      vertex 39 94.15 17.9
    endloop
  endfacet
  facet normal 0 0 1
    outer loop
      vertex 39 94.15 17.9
      vertex 8 132 17.9
      vertex 38.8499 94.1402 17.9
    endloop
  endfacet
  facet normal 0 -0 1
    outer loop
      vertex 34.1501 94.1402 17.9
      vertex 38.8499 94.1402 17.9
      vertex 8 132 17.9
    endloop
  endfacet
  facet normal 0 0 1
    outer loop
      vertex 38.8499 94.1402 17.9
      vertex 34.1501 94.1402 17.9
      vertex 38.7024 94.1108 17.9
    endloop
  endfacet
  facet normal 0 0 1
    outer loop
      vertex 35.15 87 17.9
      vertex 37.85 87 17.9
      vertex 37.85 93 17.9
    endloop
  endfacet
  facet normal 0 0 1
    outer loop
      vertex 35.15 93 17.9
      vertex 37.85 93 17.9
      vertex 37.8598 93.1501 17.9
    endloop
  endfacet
  facet normal 0 0 1
    outer loop
      vertex 37.8892 86.7024 17.9
      vertex 35.1108 86.7024 17.9
      vertex 35.0625 86.5599 17.9
    endloop
  endfacet
  facet normal 0 0 1
    outer loop
      vertex 37.9375 86.5599 17.9
      vertex 35.0625 86.5599 17.9
      vertex 34.9959 86.425 17.9
    endloop
  endfacet
  facet normal 0 0 1
    outer loop
      vertex 38.0041 86.425 17.9
      vertex 34.9959 86.425 17.9
      vertex 34.9124 86.2999 17.9
    endloop
  endfacet
  facet normal 0 0 1
    outer loop
      vertex 38.0876 86.2999 17.9
      vertex 34.9124 86.2999 17.9
      vertex 34.8132 86.1868 17.9
    endloop
  endfacet
  facet normal 0 0 1
    outer loop
      vertex 38.1868 86.1868 17.9
      vertex 34.8132 86.1868 17.9
      vertex 34.7001 86.0876 17.9
    endloop
  endfacet
  facet normal 0 0 1
    outer loop
      vertex 38.2999 86.0876 17.9
      vertex 34.7001 86.0876 17.9
      vertex 34.575 86.0041 17.9
    endloop
  endfacet
  facet normal 0 0 1
    outer loop
      vertex 38.425 86.0041 17.9
      vertex 34.575 86.0041 17.9
      vertex 34.4401 85.9375 17.9
    endloop
  endfacet
  facet normal 0 0 1
    outer loop
      vertex 38.5599 85.9375 17.9
      vertex 34.4401 85.9375 17.9
      vertex 34.2976 85.8892 17.9
    endloop
  endfacet
  facet normal 0 0 1
    outer loop
      vertex 38.7024 85.8892 17.9
      vertex 34.2976 85.8892 17.9
      vertex 35.975 66.7 17.9
    endloop
  endfacet
  facet normal -0 0 1
    outer loop
      vertex 34.1501 85.8598 17.9
      vertex 35.975 66.7 17.9
      vertex 34.2976 85.8892 17.9
    endloop
  endfacet
  facet normal 0 0 1
    outer loop
      vertex 35.975 66.7 17.9
      vertex 34.1501 85.8598 17.9
      vertex 35.8967 66.6949 17.9
    endloop
  endfacet
  facet normal 0 0 1
    outer loop
      vertex 30.525 53.1 17.9
      vertex 35.375 53.1 17.9
      vertex 35.375 66.1 17.9
    endloop
  endfacet
  facet normal 0 0 1
    outer loop
      vertex 35.3954 47.2053 17.9
      vertex 30.525 47.05 17.9
      vertex 35.3801 47.1283 17.9
    endloop
  endfacet
  facet normal 0 0 1
    outer loop
      vertex 35.375 47.05 17.9
      vertex 30.525 47.05 17.9
      vertex 35.375 34.05 17.9
    endloop
  endfacet
  facet normal 0 0 1
    outer loop
      vertex 30.525 34.05 17.9
      vertex 35.375 34.05 17.9
      vertex 30.525 47.05 17.9
    endloop
  endfacet
  facet normal 0 0 1
    outer loop
      vertex 37.8598 86.8499 17.9
      vertex 35.1402 86.8499 17.9
      vertex 35.1108 86.7024 17.9
    endloop
  endfacet
  facet normal 0 0 1
    outer loop
      vertex 37.85 87 17.9
      vertex 35.15 87 17.9
      vertex 35.1402 86.8499 17.9
    endloop
  endfacet
  facet normal 0 0 1
    outer loop
      vertex 37.85 93 17.9
      vertex 35.15 93 17.9
      vertex 35.15 87 17.9
    endloop
  endfacet
  facet normal 0 0 1
    outer loop
      vertex 35.1402 93.1501 17.9
      vertex 37.8598 93.1501 17.9
      vertex 37.8892 93.2976 17.9
    endloop
  endfacet
  facet normal 0 0 1
    outer loop
      vertex 35.1108 93.2976 17.9
      vertex 37.8892 93.2976 17.9
      vertex 37.9375 93.4401 17.9
    endloop
  endfacet
  facet normal 0 0 1
    outer loop
      vertex 35.0625 93.4401 17.9
      vertex 37.9375 93.4401 17.9
      vertex 38.0041 93.575 17.9
    endloop
  endfacet
  facet normal 0 0 1
    outer loop
      vertex 34.9959 93.575 17.9
      vertex 38.0041 93.575 17.9
      vertex 38.0876 93.7001 17.9
    endloop
  endfacet
  facet normal 0 0 1
    outer loop
      vertex 34.9124 93.7001 17.9
      vertex 38.0876 93.7001 17.9
      vertex 38.1868 93.8132 17.9
    endloop
  endfacet
  facet normal 0 0 1
    outer loop
      vertex 34.8132 93.8132 17.9
      vertex 38.1868 93.8132 17.9
      vertex 38.2999 93.9124 17.9
    endloop
  endfacet
  facet normal 0 0 1
    outer loop
      vertex 34.7001 93.9124 17.9
      vertex 38.2999 93.9124 17.9
      vertex 38.425 93.9959 17.9
    endloop
  endfacet
  facet normal 0 -0 1
    outer loop
      vertex 34.2976 94.1108 17.9
      vertex 38.7024 94.1108 17.9
      vertex 34.1501 94.1402 17.9
    endloop
  endfacet
  facet normal 0 0 1
    outer loop
      vertex 37.8598 93.1501 17.9
      vertex 35.1402 93.1501 17.9
      vertex 35.15 93 17.9
    endloop
  endfacet
  facet normal 0 0 1
    outer loop
      vertex 37.8892 93.2976 17.9
      vertex 35.1108 93.2976 17.9
      vertex 35.1402 93.1501 17.9
    endloop
  endfacet
  facet normal 0 0 1
    outer loop
      vertex 37.9375 93.4401 17.9
      vertex 35.0625 93.4401 17.9
      vertex 35.1108 93.2976 17.9
    endloop
  endfacet
  facet normal 0 0 1
    outer loop
      vertex 38.0041 93.575 17.9
      vertex 34.9959 93.575 17.9
      vertex 35.0625 93.4401 17.9
    endloop
  endfacet
  facet normal 0 0 1
    outer loop
      vertex 38.0876 93.7001 17.9
      vertex 34.9124 93.7001 17.9
      vertex 34.9959 93.575 17.9
    endloop
  endfacet
  facet normal 0 0 1
    outer loop
      vertex 38.1868 93.8132 17.9
      vertex 34.8132 93.8132 17.9
      vertex 34.9124 93.7001 17.9
    endloop
  endfacet
  facet normal 0 0 1
    outer loop
      vertex 38.2999 93.9124 17.9
      vertex 34.7001 93.9124 17.9
      vertex 34.8132 93.8132 17.9
    endloop
  endfacet
  facet normal 0 0 1
    outer loop
      vertex 38.425 93.9959 17.9
      vertex 34.575 93.9959 17.9
      vertex 34.7001 93.9124 17.9
    endloop
  endfacet
  facet normal 0 0 1
    outer loop
      vertex 38.425 93.9959 17.9
      vertex 34.4401 94.0625 17.9
      vertex 34.575 93.9959 17.9
    endloop
  endfacet
  facet normal 0 0 1
    outer loop
      vertex 38.7024 94.1108 17.9
      vertex 34.2976 94.1108 17.9
      vertex 38.5599 94.0625 17.9
    endloop
  endfacet
  facet normal 0 0 1
    outer loop
      vertex 38.5599 94.0625 17.9
      vertex 34.4401 94.0625 17.9
      vertex 38.425 93.9959 17.9
    endloop
  endfacet
  facet normal 0 -0 1
    outer loop
      vertex 34.4401 94.0625 17.9
      vertex 38.5599 94.0625 17.9
      vertex 34.2976 94.1108 17.9
    endloop
  endfacet
  facet normal 0 0 1
    outer loop
      vertex 34.1501 94.1402 17.9
      vertex 8 132 17.9
      vertex 34 94.15 17.9
    endloop
  endfacet
  facet normal 0 0 1
    outer loop
      vertex 34 94.15 17.9
      vertex 8 132 17.9
      vertex 33.8499 94.1402 17.9
    endloop
  endfacet
  facet normal 0 0 1
    outer loop
      vertex 33.8499 94.1402 17.9
      vertex 8 132 17.9
      vertex 33.7024 94.1108 17.9
    endloop
  endfacet
  facet normal 0 0 1
    outer loop
      vertex 33.7024 94.1108 17.9
      vertex 8 132 17.9
      vertex 33.5599 94.0625 17.9
    endloop
  endfacet
  facet normal -0 0 1
    outer loop
      vertex 30.1988 87.6263 17.9
      vertex 32.85 87 17.9
      vertex 32.85 93 17.9
    endloop
  endfacet
  facet normal 0 0 1
    outer loop
      vertex 25.1988 87.6263 17.9
      vertex 32.85 93 17.9
      vertex 32.8598 93.1501 17.9
    endloop
  endfacet
  facet normal 0 0 1
    outer loop
      vertex 25.1988 87.6263 17.9
      vertex 32.8598 93.1501 17.9
      vertex 32.8892 93.2976 17.9
    endloop
  endfacet
  facet normal 0 0 1
    outer loop
      vertex 32.85 87 17.9
      vertex 30.1988 87.6263 17.9
      vertex 31.4349 86.9691 17.9
    endloop
  endfacet
  facet normal 0 0 1
    outer loop
      vertex 25.1988 87.6263 17.9
      vertex 32.8892 93.2976 17.9
      vertex 32.9375 93.4401 17.9
    endloop
  endfacet
  facet normal 0 0 1
    outer loop
      vertex 32.85 93 17.9
      vertex 25.1988 87.6263 17.9
      vertex 30.1988 87.6263 17.9
    endloop
  endfacet
  facet normal 0 0 1
    outer loop
      vertex 25.1988 87.6263 17.9
      vertex 32.9375 93.4401 17.9
      vertex 33.0041 93.575 17.9
    endloop
  endfacet
  facet normal 0 0 1
    outer loop
      vertex 12.9722 94.35 17.9
      vertex 33.0041 93.575 17.9
      vertex 33.0876 93.7001 17.9
    endloop
  endfacet
  facet normal 0 0 1
    outer loop
      vertex 12.8487 94.5349 17.9
      vertex 33.0876 93.7001 17.9
      vertex 33.1868 93.8132 17.9
    endloop
  endfacet
  facet normal 0 0 1
    outer loop
      vertex 30.1988 87.6263 17.9
      vertex 25.1988 87.6263 17.9
      vertex 26.4349 86.9691 17.9
    endloop
  endfacet
  facet normal 0 0 1
    outer loop
      vertex 12.7021 94.7021 17.9
      vertex 33.1868 93.8132 17.9
      vertex 33.2999 93.9124 17.9
    endloop
  endfacet
  facet normal 0 0 1
    outer loop
      vertex 33.0041 93.575 17.9
      vertex 13.0706 94.1506 17.9
      vertex 25.1988 87.6263 17.9
    endloop
  endfacet
  facet normal 0 0 1
    outer loop
      vertex 12.5349 94.8487 17.9
      vertex 33.2999 93.9124 17.9
      vertex 33.425 93.9959 17.9
    endloop
  endfacet
  facet normal 0 0 1
    outer loop
      vertex 25.1988 87.6263 17.9
      vertex 20.1988 87.6263 17.9
      vertex 21.4349 86.9691 17.9
    endloop
  endfacet
  facet normal -0 -0 1
    outer loop
      vertex 12.35 94.9722 17.9
      vertex 33.5599 94.0625 17.9
      vertex 8 132 17.9
    endloop
  endfacet
  facet normal -0 0 1
    outer loop
      vertex 13.1855 93.2781 17.9
      vertex 20.1988 87.6263 17.9
      vertex 13.2 93.5 17.9
    endloop
  endfacet
  facet normal 0 0 1
    outer loop
      vertex 33.5599 94.0625 17.9
      vertex 12.35 94.9722 17.9
      vertex 33.425 93.9959 17.9
    endloop
  endfacet
  facet normal 0 0 1
    outer loop
      vertex 20.1988 87.6263 17.9
      vertex 13.1855 93.7219 17.9
      vertex 13.2 93.5 17.9
    endloop
  endfacet
  facet normal 0 0 1
    outer loop
      vertex 20.1988 87.6263 17.9
      vertex 13.1421 93.94 17.9
      vertex 13.1855 93.7219 17.9
    endloop
  endfacet
  facet normal 0 0 1
    outer loop
      vertex 20.1988 87.6263 17.9
      vertex 13.0706 94.1506 17.9
      vertex 13.1421 93.94 17.9
    endloop
  endfacet
  facet normal 0 0 1
    outer loop
      vertex 25.1988 87.6263 17.9
      vertex 13.0706 94.1506 17.9
      vertex 20.1988 87.6263 17.9
    endloop
  endfacet
  facet normal 0 0 1
    outer loop
      vertex 33.0876 93.7001 17.9
      vertex 12.8487 94.5349 17.9
      vertex 12.9722 94.35 17.9
    endloop
  endfacet
  facet normal 0 0 1
    outer loop
      vertex 33.0041 93.575 17.9
      vertex 12.9722 94.35 17.9
      vertex 13.0706 94.1506 17.9
    endloop
  endfacet
  facet normal 0 0 1
    outer loop
      vertex 33.1868 93.8132 17.9
      vertex 12.7021 94.7021 17.9
      vertex 12.8487 94.5349 17.9
    endloop
  endfacet
  facet normal 0 0 1
    outer loop
      vertex 33.2999 93.9124 17.9
      vertex 12.5349 94.8487 17.9
      vertex 12.7021 94.7021 17.9
    endloop
  endfacet
  facet normal 0 0 1
    outer loop
      vertex 33.425 93.9959 17.9
      vertex 12.35 94.9722 17.9
      vertex 12.5349 94.8487 17.9
    endloop
  endfacet
  facet normal 0 0 1
    outer loop
      vertex 12.35 94.9722 17.9
      vertex 8 132 17.9
      vertex 12.1506 95.0706 17.9
    endloop
  endfacet
  facet normal 0 0 1
    outer loop
      vertex 12.1506 95.0706 17.9
      vertex 8 132 17.9
      vertex 11.94 95.1421 17.9
    endloop
  endfacet
  facet normal -0 0 1
    outer loop
      vertex 0 124 17.9
      vertex 11.94 95.1421 17.9
      vertex 8 132 17.9
    endloop
  endfacet
  facet normal 0 0 1
    outer loop
      vertex 11.94 95.1421 17.9
      vertex 0 124 17.9
      vertex 11.7219 95.1855 17.9
    endloop
  endfacet
  facet normal 0 0 1
    outer loop
      vertex 11.7219 95.1855 17.9
      vertex 0 124 17.9
      vertex 11.5 95.2 17.9
    endloop
  endfacet
  facet normal 0 0 1
    outer loop
      vertex 11.5 95.2 17.9
      vertex 0 124 17.9
      vertex 11.2781 95.1855 17.9
    endloop
  endfacet
  facet normal 0 0 1
    outer loop
      vertex 9.81454 93.7219 17.9
      vertex 0 124 17.9
      vertex 9.8 93.5 17.9
    endloop
  endfacet
  facet normal 0 0 1
    outer loop
      vertex 9.85793 93.94 17.9
      vertex 0 124 17.9
      vertex 9.81454 93.7219 17.9
    endloop
  endfacet
  facet normal 0 0 1
    outer loop
      vertex 9.9294 94.1506 17.9
      vertex 0 124 17.9
      vertex 9.85793 93.94 17.9
    endloop
  endfacet
  facet normal 0 0 1
    outer loop
      vertex 10.0278 94.35 17.9
      vertex 0 124 17.9
      vertex 9.9294 94.1506 17.9
    endloop
  endfacet
  facet normal 0 0 1
    outer loop
      vertex 10.1513 94.5349 17.9
      vertex 0 124 17.9
      vertex 10.0278 94.35 17.9
    endloop
  endfacet
  facet normal 0 0 1
    outer loop
      vertex 10.2979 94.7021 17.9
      vertex 0 124 17.9
      vertex 10.1513 94.5349 17.9
    endloop
  endfacet
  facet normal 0 0 1
    outer loop
      vertex 10.4651 94.8487 17.9
      vertex 0 124 17.9
      vertex 10.2979 94.7021 17.9
    endloop
  endfacet
  facet normal 0 0 1
    outer loop
      vertex 10.65 94.9722 17.9
      vertex 0 124 17.9
      vertex 10.4651 94.8487 17.9
    endloop
  endfacet
  facet normal 0 0 1
    outer loop
      vertex 10.8494 95.0706 17.9
      vertex 0 124 17.9
      vertex 10.65 94.9722 17.9
    endloop
  endfacet
  facet normal 0 0 1
    outer loop
      vertex 11.06 95.1421 17.9
      vertex 0 124 17.9
      vertex 10.8494 95.0706 17.9
    endloop
  endfacet
  facet normal 0 0 1
    outer loop
      vertex 11.2781 95.1855 17.9
      vertex 0 124 17.9
      vertex 11.06 95.1421 17.9
    endloop
  endfacet
  facet normal -0 0 1
    outer loop
      vertex 97.5349 11.1513 17.9
      vertex 106.347 3.12991 17.9
      vertex 97.7021 11.2979 17.9
    endloop
  endfacet
  facet normal 0 0 1
    outer loop
      vertex 106.347 3.12991 17.9
      vertex 97.5349 11.1513 17.9
      vertex 105.657 2.34314 17.9
    endloop
  endfacet
  facet normal 0 0 1
    outer loop
      vertex 105.657 2.34314 17.9
      vertex 97.5349 11.1513 17.9
      vertex 104.87 1.65317 17.9
    endloop
  endfacet
  facet normal 0 0 1
    outer loop
      vertex 104.87 1.65317 17.9
      vertex 97.5349 11.1513 17.9
      vertex 104 1.07179 17.9
    endloop
  endfacet
  facet normal 0 0 1
    outer loop
      vertex 104 1.07179 17.9
      vertex 97.5349 11.1513 17.9
      vertex 103.061 0.608963 17.9
    endloop
  endfacet
  facet normal -0 0 1
    outer loop
      vertex 97.35 11.0278 17.9
      vertex 103.061 0.608963 17.9
      vertex 97.5349 11.1513 17.9
    endloop
  endfacet
  facet normal 0 0 1
    outer loop
      vertex 103.061 0.608963 17.9
      vertex 97.35 11.0278 17.9
      vertex 102.071 0.272598 17.9
    endloop
  endfacet
  facet normal 0 0 1
    outer loop
      vertex 102.071 0.272598 17.9
      vertex 97.35 11.0278 17.9
      vertex 101.044 0.0684357 17.9
    endloop
  endfacet
  facet normal 0 0 1
    outer loop
      vertex 101.044 0.0684357 17.9
      vertex 97.35 11.0278 17.9
      vertex 100 0 17.9
    endloop
  endfacet
  facet normal -0 0 1
    outer loop
      vertex 97.1506 10.9294 17.9
      vertex 100 0 17.9
      vertex 97.35 11.0278 17.9
    endloop
  endfacet
  facet normal -0 0 1
    outer loop
      vertex 96.94 10.8579 17.9
      vertex 100 0 17.9
      vertex 97.1506 10.9294 17.9
    endloop
  endfacet
  facet normal -0 0 1
    outer loop
      vertex 96.7219 10.8145 17.9
      vertex 100 0 17.9
      vertex 96.94 10.8579 17.9
    endloop
  endfacet
  facet normal -0 0 1
    outer loop
      vertex 96.5 10.8 17.9
      vertex 100 0 17.9
      vertex 96.7219 10.8145 17.9
    endloop
  endfacet
  facet normal 0 0 1
    outer loop
      vertex 96.2781 10.8145 17.9
      vertex 100 0 17.9
      vertex 96.5 10.8 17.9
    endloop
  endfacet
  facet normal 0 0 1
    outer loop
      vertex 96.06 10.8579 17.9
      vertex 100 0 17.9
      vertex 96.2781 10.8145 17.9
    endloop
  endfacet
  facet normal 0 0 1
    outer loop
      vertex 95.8494 10.9294 17.9
      vertex 100 0 17.9
      vertex 96.06 10.8579 17.9
    endloop
  endfacet
  facet normal 0 0 1
    outer loop
      vertex 95.65 11.0278 17.9
      vertex 100 0 17.9
      vertex 95.8494 10.9294 17.9
    endloop
  endfacet
  facet normal 0 0 1
    outer loop
      vertex 95.4651 11.1513 17.9
      vertex 100 0 17.9
      vertex 95.65 11.0278 17.9
    endloop
  endfacet
  facet normal 0 0 1
    outer loop
      vertex 87.075 14.4 17.9
      vertex 95.4651 11.1513 17.9
      vertex 95.2979 11.2979 17.9
    endloop
  endfacet
  facet normal 0 0 1
    outer loop
      vertex 87.1533 14.4051 17.9
      vertex 95.2979 11.2979 17.9
      vertex 95.1513 11.4651 17.9
    endloop
  endfacet
  facet normal 0 0 1
    outer loop
      vertex 87.2303 14.4204 17.9
      vertex 95.1513 11.4651 17.9
      vertex 95.0278 11.65 17.9
    endloop
  endfacet
  facet normal 0 0 1
    outer loop
      vertex 87.3046 14.4457 17.9
      vertex 95.0278 11.65 17.9
      vertex 94.9294 11.8494 17.9
    endloop
  endfacet
  facet normal 0 0 1
    outer loop
      vertex 95.1513 13.5349 17.9
      vertex 87.675 15 17.9
      vertex 95.0278 13.35 17.9
    endloop
  endfacet
  facet normal 0 0 1
    outer loop
      vertex 95.0278 13.35 17.9
      vertex 87.675 15 17.9
      vertex 94.9294 13.1506 17.9
    endloop
  endfacet
  facet normal -0 0 1
    outer loop
      vertex 87.6699 14.9217 17.9
      vertex 94.9294 13.1506 17.9
      vertex 87.675 15 17.9
    endloop
  endfacet
  facet normal 0 0 1
    outer loop
      vertex 94.9294 13.1506 17.9
      vertex 87.6699 14.9217 17.9
      vertex 94.8579 12.94 17.9
    endloop
  endfacet
  facet normal -0 0 1
    outer loop
      vertex 87.6546 14.8447 17.9
      vertex 94.8579 12.94 17.9
      vertex 87.6699 14.9217 17.9
    endloop
  endfacet
  facet normal -0 0 1
    outer loop
      vertex 87.6293 14.7704 17.9
      vertex 94.8579 12.94 17.9
      vertex 87.6546 14.8447 17.9
    endloop
  endfacet
  facet normal 0 0 1
    outer loop
      vertex 94.8579 12.94 17.9
      vertex 87.6293 14.7704 17.9
      vertex 94.8145 12.7219 17.9
    endloop
  endfacet
  facet normal -0 0 1
    outer loop
      vertex 87.5946 14.7 17.9
      vertex 94.8145 12.7219 17.9
      vertex 87.6293 14.7704 17.9
    endloop
  endfacet
  facet normal 0 0 1
    outer loop
      vertex 94.8145 12.7219 17.9
      vertex 87.5946 14.7 17.9
      vertex 94.8 12.5 17.9
    endloop
  endfacet
  facet normal -0 0 1
    outer loop
      vertex 87.551 14.6348 17.9
      vertex 94.8 12.5 17.9
      vertex 87.5946 14.7 17.9
    endloop
  endfacet
  facet normal 0 0 1
    outer loop
      vertex 94.8 12.5 17.9
      vertex 87.551 14.6348 17.9
      vertex 94.8145 12.2781 17.9
    endloop
  endfacet
  facet normal -0 0 1
    outer loop
      vertex 87.4993 14.5757 17.9
      vertex 94.8145 12.2781 17.9
      vertex 87.551 14.6348 17.9
    endloop
  endfacet
  facet normal 0 0 1
    outer loop
      vertex 94.8145 12.2781 17.9
      vertex 87.4993 14.5757 17.9
      vertex 94.8579 12.06 17.9
    endloop
  endfacet
  facet normal -0 0 1
    outer loop
      vertex 87.4402 14.524 17.9
      vertex 94.8579 12.06 17.9
      vertex 87.4993 14.5757 17.9
    endloop
  endfacet
  facet normal 0 0 1
    outer loop
      vertex 94.8579 12.06 17.9
      vertex 87.4402 14.524 17.9
      vertex 94.9294 11.8494 17.9
    endloop
  endfacet
  facet normal -0 0 1
    outer loop
      vertex 87.375 14.4804 17.9
      vertex 94.9294 11.8494 17.9
      vertex 87.4402 14.524 17.9
    endloop
  endfacet
  facet normal -0 0 1
    outer loop
      vertex 87.3046 14.4457 17.9
      vertex 94.9294 11.8494 17.9
      vertex 87.375 14.4804 17.9
    endloop
  endfacet
  facet normal 0 0 1
    outer loop
      vertex 95.0278 11.65 17.9
      vertex 87.3046 14.4457 17.9
      vertex 87.2303 14.4204 17.9
    endloop
  endfacet
  facet normal 0 0 1
    outer loop
      vertex 95.1513 11.4651 17.9
      vertex 87.2303 14.4204 17.9
      vertex 87.1533 14.4051 17.9
    endloop
  endfacet
  facet normal 0 0 1
    outer loop
      vertex 95.2979 11.2979 17.9
      vertex 87.1533 14.4051 17.9
      vertex 87.075 14.4 17.9
    endloop
  endfacet
  facet normal 0 0 1
    outer loop
      vertex 95.4651 11.1513 17.9
      vertex 87.075 14.4 17.9
      vertex 100 0 17.9
    endloop
  endfacet
  facet normal -0 0 1
    outer loop
      vertex 74.075 14.4 17.9
      vertex 100 0 17.9
      vertex 87.075 14.4 17.9
    endloop
  endfacet
  facet normal 0 0 1
    outer loop
      vertex 73.9967 14.4051 17.9
      vertex 100 0 17.9
      vertex 74.075 14.4 17.9
    endloop
  endfacet
  facet normal 0 0 1
    outer loop
      vertex 68.1033 14.4051 17.9
      vertex 73.9967 14.4051 17.9
      vertex 73.9197 14.4204 17.9
    endloop
  endfacet
  facet normal 0 0 1
    outer loop
      vertex 68.1803 14.4204 17.9
      vertex 73.9197 14.4204 17.9
      vertex 73.8454 14.4457 17.9
    endloop
  endfacet
  facet normal 0 0 1
    outer loop
      vertex 68.2546 14.4457 17.9
      vertex 73.8454 14.4457 17.9
      vertex 73.775 14.4804 17.9
    endloop
  endfacet
  facet normal 0 0 1
    outer loop
      vertex 73.4801 47.1283 17.9
      vertex 68.625 47.05 17.9
      vertex 73.475 47.05 17.9
    endloop
  endfacet
  facet normal 0 0 1
    outer loop
      vertex 73.4954 28.1553 17.9
      vertex 68.625 28 17.9
      vertex 73.4801 28.0783 17.9
    endloop
  endfacet
  facet normal 0 0 1
    outer loop
      vertex 73.4801 28.0783 17.9
      vertex 68.625 28 17.9
      vertex 73.475 28 17.9
    endloop
  endfacet
  facet normal 0 0 1
    outer loop
      vertex 73.475 28 17.9
      vertex 68.625 28 17.9
      vertex 73.475 15 17.9
    endloop
  endfacet
  facet normal 0 0 1
    outer loop
      vertex 68.625 15 17.9
      vertex 73.475 15 17.9
      vertex 68.625 28 17.9
    endloop
  endfacet
  facet normal 0 0 1
    outer loop
      vertex 73.475 15 17.9
      vertex 68.625 15 17.9
      vertex 73.4801 14.9217 17.9
    endloop
  endfacet
  facet normal 0 0 1
    outer loop
      vertex 68.6199 14.9217 17.9
      vertex 73.4801 14.9217 17.9
      vertex 68.625 15 17.9
    endloop
  endfacet
  facet normal 0 0 1
    outer loop
      vertex 73.4801 14.9217 17.9
      vertex 68.6199 14.9217 17.9
      vertex 73.4954 14.8447 17.9
    endloop
  endfacet
  facet normal 0 0 1
    outer loop
      vertex 68.6046 14.8447 17.9
      vertex 73.4954 14.8447 17.9
      vertex 68.6199 14.9217 17.9
    endloop
  endfacet
  facet normal 0 0 1
    outer loop
      vertex 73.4954 14.8447 17.9
      vertex 68.6046 14.8447 17.9
      vertex 73.5207 14.7704 17.9
    endloop
  endfacet
  facet normal 0 0 1
    outer loop
      vertex 68.5793 14.7704 17.9
      vertex 73.5207 14.7704 17.9
      vertex 68.6046 14.8447 17.9
    endloop
  endfacet
  facet normal 0 0 1
    outer loop
      vertex 73.5207 14.7704 17.9
      vertex 68.5793 14.7704 17.9
      vertex 73.5554 14.7 17.9
    endloop
  endfacet
  facet normal 0 0 1
    outer loop
      vertex 68.5446 14.7 17.9
      vertex 73.5554 14.7 17.9
      vertex 68.5793 14.7704 17.9
    endloop
  endfacet
  facet normal 0 0 1
    outer loop
      vertex 73.5554 14.7 17.9
      vertex 68.5446 14.7 17.9
      vertex 73.599 14.6348 17.9
    endloop
  endfacet
  facet normal 0 0 1
    outer loop
      vertex 68.501 14.6348 17.9
      vertex 73.599 14.6348 17.9
      vertex 68.5446 14.7 17.9
    endloop
  endfacet
  facet normal 0 0 1
    outer loop
      vertex 73.599 14.6348 17.9
      vertex 68.501 14.6348 17.9
      vertex 73.6507 14.5757 17.9
    endloop
  endfacet
  facet normal 0 0 1
    outer loop
      vertex 68.4493 14.5757 17.9
      vertex 73.6507 14.5757 17.9
      vertex 68.501 14.6348 17.9
    endloop
  endfacet
  facet normal 0 0 1
    outer loop
      vertex 73.6507 14.5757 17.9
      vertex 68.4493 14.5757 17.9
      vertex 73.7097 14.524 17.9
    endloop
  endfacet
  facet normal 0 0 1
    outer loop
      vertex 68.3903 14.524 17.9
      vertex 73.7097 14.524 17.9
      vertex 68.4493 14.5757 17.9
    endloop
  endfacet
  facet normal 0 0 1
    outer loop
      vertex 73.7097 14.524 17.9
      vertex 68.3903 14.524 17.9
      vertex 73.775 14.4804 17.9
    endloop
  endfacet
  facet normal 0 0 1
    outer loop
      vertex 68.325 14.4804 17.9
      vertex 73.775 14.4804 17.9
      vertex 68.3903 14.524 17.9
    endloop
  endfacet
  facet normal 0 0 1
    outer loop
      vertex 68.2546 14.4457 17.9
      vertex 73.775 14.4804 17.9
      vertex 68.325 14.4804 17.9
    endloop
  endfacet
  facet normal 0 0 1
    outer loop
      vertex 73.8454 14.4457 17.9
      vertex 68.2546 14.4457 17.9
      vertex 68.1803 14.4204 17.9
    endloop
  endfacet
  facet normal 0 0 1
    outer loop
      vertex 73.9197 14.4204 17.9
      vertex 68.1803 14.4204 17.9
      vertex 68.1033 14.4051 17.9
    endloop
  endfacet
  facet normal 0 0 1
    outer loop
      vertex 73.9967 14.4051 17.9
      vertex 68.1033 14.4051 17.9
      vertex 100 0 17.9
    endloop
  endfacet
  facet normal -0 0 1
    outer loop
      vertex 68.025 14.4 17.9
      vertex 100 0 17.9
      vertex 68.1033 14.4051 17.9
    endloop
  endfacet
  facet normal -0 0 1
    outer loop
      vertex 55.025 14.4 17.9
      vertex 100 0 17.9
      vertex 68.025 14.4 17.9
    endloop
  endfacet
  facet normal 0 0 1
    outer loop
      vertex 48.975 14.4 17.9
      vertex 55.025 14.4 17.9
      vertex 54.9467 14.4051 17.9
    endloop
  endfacet
  facet normal 0 0 1
    outer loop
      vertex 49.0533 14.4051 17.9
      vertex 54.9467 14.4051 17.9
      vertex 54.8697 14.4204 17.9
    endloop
  endfacet
  facet normal 0 0 1
    outer loop
      vertex 54.725 66.6196 17.9
      vertex 49.575 66.1 17.9
      vertex 54.6598 66.576 17.9
    endloop
  endfacet
  facet normal 0 0 1
    outer loop
      vertex 54.6598 66.576 17.9
      vertex 49.575 66.1 17.9
      vertex 54.6007 66.5243 17.9
    endloop
  endfacet
  facet normal 0 0 1
    outer loop
      vertex 54.6007 66.5243 17.9
      vertex 49.575 66.1 17.9
      vertex 54.549 66.4652 17.9
    endloop
  endfacet
  facet normal 0 0 1
    outer loop
      vertex 54.549 66.4652 17.9
      vertex 49.575 66.1 17.9
      vertex 54.5054 66.4 17.9
    endloop
  endfacet
  facet normal 0 0 1
    outer loop
      vertex 54.5054 66.4 17.9
      vertex 49.575 66.1 17.9
      vertex 54.4707 66.3296 17.9
    endloop
  endfacet
  facet normal 0 0 1
    outer loop
      vertex 54.4707 66.3296 17.9
      vertex 49.575 66.1 17.9
      vertex 54.4454 66.2553 17.9
    endloop
  endfacet
  facet normal 0 0 1
    outer loop
      vertex 54.4454 66.2553 17.9
      vertex 49.575 66.1 17.9
      vertex 54.4301 66.1783 17.9
    endloop
  endfacet
  facet normal 0 0 1
    outer loop
      vertex 54.4301 66.1783 17.9
      vertex 49.575 66.1 17.9
      vertex 54.425 66.1 17.9
    endloop
  endfacet
  facet normal 0 0 1
    outer loop
      vertex 49.575 53.1 17.9
      vertex 54.425 66.1 17.9
      vertex 49.575 66.1 17.9
    endloop
  endfacet
  facet normal 0 0 1
    outer loop
      vertex 54.4301 47.1283 17.9
      vertex 49.575 47.05 17.9
      vertex 54.425 47.05 17.9
    endloop
  endfacet
  facet normal 0 0 1
    outer loop
      vertex 54.4454 28.1553 17.9
      vertex 49.575 28 17.9
      vertex 54.4301 28.0783 17.9
    endloop
  endfacet
  facet normal 0 0 1
    outer loop
      vertex 54.4301 28.0783 17.9
      vertex 49.575 28 17.9
      vertex 54.425 28 17.9
    endloop
  endfacet
  facet normal 0 0 1
    outer loop
      vertex 54.425 28 17.9
      vertex 49.575 28 17.9
      vertex 54.425 15 17.9
    endloop
  endfacet
  facet normal 0 0 1
    outer loop
      vertex 49.575 15 17.9
      vertex 54.425 15 17.9
      vertex 49.575 28 17.9
    endloop
  endfacet
  facet normal 0 0 1
    outer loop
      vertex 54.425 15 17.9
      vertex 49.575 15 17.9
      vertex 54.4301 14.9217 17.9
    endloop
  endfacet
  facet normal 0 0 1
    outer loop
      vertex 49.5699 14.9217 17.9
      vertex 54.4301 14.9217 17.9
      vertex 49.575 15 17.9
    endloop
  endfacet
  facet normal 0 0 1
    outer loop
      vertex 54.4301 14.9217 17.9
      vertex 49.5699 14.9217 17.9
      vertex 54.4454 14.8447 17.9
    endloop
  endfacet
  facet normal 0 0 1
    outer loop
      vertex 49.5546 14.8447 17.9
      vertex 54.4454 14.8447 17.9
      vertex 49.5699 14.9217 17.9
    endloop
  endfacet
  facet normal 0 0 1
    outer loop
      vertex 54.4454 14.8447 17.9
      vertex 49.5546 14.8447 17.9
      vertex 54.4707 14.7704 17.9
    endloop
  endfacet
  facet normal 0 0 1
    outer loop
      vertex 49.5293 14.7704 17.9
      vertex 54.4707 14.7704 17.9
      vertex 49.5546 14.8447 17.9
    endloop
  endfacet
  facet normal 0 0 1
    outer loop
      vertex 54.4707 14.7704 17.9
      vertex 49.5293 14.7704 17.9
      vertex 54.5054 14.7 17.9
    endloop
  endfacet
  facet normal 0 0 1
    outer loop
      vertex 49.4946 14.7 17.9
      vertex 54.5054 14.7 17.9
      vertex 49.5293 14.7704 17.9
    endloop
  endfacet
  facet normal 0 0 1
    outer loop
      vertex 54.5054 14.7 17.9
      vertex 49.4946 14.7 17.9
      vertex 54.549 14.6348 17.9
    endloop
  endfacet
  facet normal 0 0 1
    outer loop
      vertex 49.451 14.6348 17.9
      vertex 54.549 14.6348 17.9
      vertex 49.4946 14.7 17.9
    endloop
  endfacet
  facet normal 0 0 1
    outer loop
      vertex 54.549 14.6348 17.9
      vertex 49.451 14.6348 17.9
      vertex 54.6007 14.5757 17.9
    endloop
  endfacet
  facet normal 0 0 1
    outer loop
      vertex 49.3993 14.5757 17.9
      vertex 54.6007 14.5757 17.9
      vertex 49.451 14.6348 17.9
    endloop
  endfacet
  facet normal 0 0 1
    outer loop
      vertex 54.6007 14.5757 17.9
      vertex 49.3993 14.5757 17.9
      vertex 54.6598 14.524 17.9
    endloop
  endfacet
  facet normal 0 0 1
    outer loop
      vertex 49.3402 14.524 17.9
      vertex 54.6598 14.524 17.9
      vertex 49.3993 14.5757 17.9
    endloop
  endfacet
  facet normal 0 0 1
    outer loop
      vertex 54.6598 14.524 17.9
      vertex 49.3402 14.524 17.9
      vertex 54.725 14.4804 17.9
    endloop
  endfacet
  facet normal 0 0 1
    outer loop
      vertex 49.275 14.4804 17.9
      vertex 54.725 14.4804 17.9
      vertex 49.3402 14.524 17.9
    endloop
  endfacet
  facet normal 0 0 1
    outer loop
      vertex 54.725 14.4804 17.9
      vertex 49.275 14.4804 17.9
      vertex 54.7954 14.4457 17.9
    endloop
  endfacet
  facet normal 0 0 1
    outer loop
      vertex 49.2046 14.4457 17.9
      vertex 54.7954 14.4457 17.9
      vertex 49.275 14.4804 17.9
    endloop
  endfacet
  facet normal 0 0 1
    outer loop
      vertex 54.7954 14.4457 17.9
      vertex 49.2046 14.4457 17.9
      vertex 54.8697 14.4204 17.9
    endloop
  endfacet
  facet normal 0 0 1
    outer loop
      vertex 49.1303 14.4204 17.9
      vertex 54.8697 14.4204 17.9
      vertex 49.2046 14.4457 17.9
    endloop
  endfacet
  facet normal 0 0 1
    outer loop
      vertex 49.0533 14.4051 17.9
      vertex 54.8697 14.4204 17.9
      vertex 49.1303 14.4204 17.9
    endloop
  endfacet
  facet normal 0 0 1
    outer loop
      vertex 54.9467 14.4051 17.9
      vertex 49.0533 14.4051 17.9
      vertex 48.975 14.4 17.9
    endloop
  endfacet
  facet normal 0 0 1
    outer loop
      vertex 55.025 14.4 17.9
      vertex 48.975 14.4 17.9
      vertex 8 0 17.9
    endloop
  endfacet
  facet normal 0 0 1
    outer loop
      vertex 8 0 17.9
      vertex 48.975 14.4 17.9
      vertex 35.975 14.4 17.9
    endloop
  endfacet
  facet normal 0 0 1
    outer loop
      vertex 8 0 17.9
      vertex 35.975 14.4 17.9
      vertex 35.8967 14.4051 17.9
    endloop
  endfacet
  facet normal 0 0 1
    outer loop
      vertex 30.0033 14.4051 17.9
      vertex 35.8967 14.4051 17.9
      vertex 35.8197 14.4204 17.9
    endloop
  endfacet
  facet normal -0 0 1
    outer loop
      vertex 34 85.85 17.9
      vertex 35.8967 66.6949 17.9
      vertex 34.1501 85.8598 17.9
    endloop
  endfacet
  facet normal 0 0 1
    outer loop
      vertex 35.8967 66.6949 17.9
      vertex 34 85.85 17.9
      vertex 35.8197 66.6796 17.9
    endloop
  endfacet
  facet normal 0 0 1
    outer loop
      vertex 33.8499 85.8598 17.9
      vertex 35.8197 66.6796 17.9
      vertex 34 85.85 17.9
    endloop
  endfacet
  facet normal 0 0 1
    outer loop
      vertex 35.8197 66.6796 17.9
      vertex 33.8499 85.8598 17.9
      vertex 35.7454 66.6543 17.9
    endloop
  endfacet
  facet normal 0 0 1
    outer loop
      vertex 30.5199 66.1783 17.9
      vertex 35.7454 66.6543 17.9
      vertex 33.8499 85.8598 17.9
    endloop
  endfacet
  facet normal 0 0 1
    outer loop
      vertex 30.5199 66.1783 17.9
      vertex 35.675 66.6196 17.9
      vertex 35.7454 66.6543 17.9
    endloop
  endfacet
  facet normal 0 0 1
    outer loop
      vertex 30.5199 66.1783 17.9
      vertex 35.6097 66.576 17.9
      vertex 35.675 66.6196 17.9
    endloop
  endfacet
  facet normal 0 0 1
    outer loop
      vertex 30.5199 66.1783 17.9
      vertex 35.5507 66.5243 17.9
      vertex 35.6097 66.576 17.9
    endloop
  endfacet
  facet normal 0 0 1
    outer loop
      vertex 30.5199 66.1783 17.9
      vertex 35.499 66.4652 17.9
      vertex 35.5507 66.5243 17.9
    endloop
  endfacet
  facet normal 0 0 1
    outer loop
      vertex 30.5199 66.1783 17.9
      vertex 35.4554 66.4 17.9
      vertex 35.499 66.4652 17.9
    endloop
  endfacet
  facet normal 0 0 1
    outer loop
      vertex 30.5199 66.1783 17.9
      vertex 35.4207 66.3296 17.9
      vertex 35.4554 66.4 17.9
    endloop
  endfacet
  facet normal 0 0 1
    outer loop
      vertex 30.5199 66.1783 17.9
      vertex 35.3954 66.2553 17.9
      vertex 35.4207 66.3296 17.9
    endloop
  endfacet
  facet normal 0 0 1
    outer loop
      vertex 30.5199 66.1783 17.9
      vertex 35.3801 66.1783 17.9
      vertex 35.3954 66.2553 17.9
    endloop
  endfacet
  facet normal 0 0 1
    outer loop
      vertex 35.3801 66.1783 17.9
      vertex 30.525 66.1 17.9
      vertex 35.375 66.1 17.9
    endloop
  endfacet
  facet normal 0 0 1
    outer loop
      vertex 30.5199 66.1783 17.9
      vertex 33.8499 85.8598 17.9
      vertex 33.7024 85.8892 17.9
    endloop
  endfacet
  facet normal 0 0 1
    outer loop
      vertex 30.5199 66.1783 17.9
      vertex 33.7024 85.8892 17.9
      vertex 33.5599 85.9375 17.9
    endloop
  endfacet
  facet normal 0 0 1
    outer loop
      vertex 30.5199 66.1783 17.9
      vertex 33.5599 85.9375 17.9
      vertex 33.425 86.0041 17.9
    endloop
  endfacet
  facet normal 0 0 1
    outer loop
      vertex 25.8012 76.3737 17.9
      vertex 33.2999 86.0876 17.9
      vertex 31.4349 86.9691 17.9
    endloop
  endfacet
  facet normal 0 0 1
    outer loop
      vertex 31.4349 86.9691 17.9
      vertex 33.2999 86.0876 17.9
      vertex 33.1868 86.1868 17.9
    endloop
  endfacet
  facet normal 0 0 1
    outer loop
      vertex 31.4349 86.9691 17.9
      vertex 33.1868 86.1868 17.9
      vertex 33.0876 86.2999 17.9
    endloop
  endfacet
  facet normal 0 0 1
    outer loop
      vertex 31.4349 86.9691 17.9
      vertex 33.0876 86.2999 17.9
      vertex 33.0041 86.425 17.9
    endloop
  endfacet
  facet normal 0 0 1
    outer loop
      vertex 31.4349 86.9691 17.9
      vertex 33.0041 86.425 17.9
      vertex 32.9375 86.5599 17.9
    endloop
  endfacet
  facet normal 0 0 1
    outer loop
      vertex 31.4349 86.9691 17.9
      vertex 32.9375 86.5599 17.9
      vertex 32.8892 86.7024 17.9
    endloop
  endfacet
  facet normal 0 0 1
    outer loop
      vertex 31.4349 86.9691 17.9
      vertex 32.8892 86.7024 17.9
      vertex 32.8598 86.8499 17.9
    endloop
  endfacet
  facet normal -0 0 1
    outer loop
      vertex 31.4349 86.9691 17.9
      vertex 32.8598 86.8499 17.9
      vertex 32.85 87 17.9
    endloop
  endfacet
  facet normal 0 0 1
    outer loop
      vertex 33.2999 86.0876 17.9
      vertex 25.8012 76.3737 17.9
      vertex 33.425 86.0041 17.9
    endloop
  endfacet
  facet normal 0 0 1
    outer loop
      vertex 35.375 66.1 17.9
      vertex 30.525 66.1 17.9
      vertex 30.525 53.1 17.9
    endloop
  endfacet
  facet normal 0 0 1
    outer loop
      vertex 35.3801 47.1283 17.9
      vertex 30.525 47.05 17.9
      vertex 35.375 47.05 17.9
    endloop
  endfacet
  facet normal 0 0 1
    outer loop
      vertex 35.3954 28.1553 17.9
      vertex 30.525 28 17.9
      vertex 35.3801 28.0783 17.9
    endloop
  endfacet
  facet normal 0 0 1
    outer loop
      vertex 35.3801 28.0783 17.9
      vertex 30.525 28 17.9
      vertex 35.375 28 17.9
    endloop
  endfacet
  facet normal 0 0 1
    outer loop
      vertex 35.375 28 17.9
      vertex 30.525 28 17.9
      vertex 35.375 15 17.9
    endloop
  endfacet
  facet normal 0 0 1
    outer loop
      vertex 30.525 15 17.9
      vertex 35.375 15 17.9
      vertex 30.525 28 17.9
    endloop
  endfacet
  facet normal 0 0 1
    outer loop
      vertex 35.375 15 17.9
      vertex 30.525 15 17.9
      vertex 35.3801 14.9217 17.9
    endloop
  endfacet
  facet normal 0 0 1
    outer loop
      vertex 30.5199 14.9217 17.9
      vertex 35.3801 14.9217 17.9
      vertex 30.525 15 17.9
    endloop
  endfacet
  facet normal 0 0 1
    outer loop
      vertex 35.3801 14.9217 17.9
      vertex 30.5199 14.9217 17.9
      vertex 35.3954 14.8447 17.9
    endloop
  endfacet
  facet normal 0 0 1
    outer loop
      vertex 30.5046 14.8447 17.9
      vertex 35.3954 14.8447 17.9
      vertex 30.5199 14.9217 17.9
    endloop
  endfacet
  facet normal 0 0 1
    outer loop
      vertex 35.3954 14.8447 17.9
      vertex 30.5046 14.8447 17.9
      vertex 35.4207 14.7704 17.9
    endloop
  endfacet
  facet normal 0 0 1
    outer loop
      vertex 30.4793 14.7704 17.9
      vertex 35.4207 14.7704 17.9
      vertex 30.5046 14.8447 17.9
    endloop
  endfacet
  facet normal 0 0 1
    outer loop
      vertex 35.4207 14.7704 17.9
      vertex 30.4793 14.7704 17.9
      vertex 35.4554 14.7 17.9
    endloop
  endfacet
  facet normal 0 0 1
    outer loop
      vertex 30.4446 14.7 17.9
      vertex 35.4554 14.7 17.9
      vertex 30.4793 14.7704 17.9
    endloop
  endfacet
  facet normal 0 0 1
    outer loop
      vertex 35.4554 14.7 17.9
      vertex 30.4446 14.7 17.9
      vertex 35.499 14.6348 17.9
    endloop
  endfacet
  facet normal 0 0 1
    outer loop
      vertex 30.401 14.6348 17.9
      vertex 35.499 14.6348 17.9
      vertex 30.4446 14.7 17.9
    endloop
  endfacet
  facet normal 0 0 1
    outer loop
      vertex 35.499 14.6348 17.9
      vertex 30.401 14.6348 17.9
      vertex 35.5507 14.5757 17.9
    endloop
  endfacet
  facet normal 0 0 1
    outer loop
      vertex 30.3493 14.5757 17.9
      vertex 35.5507 14.5757 17.9
      vertex 30.401 14.6348 17.9
    endloop
  endfacet
  facet normal 0 0 1
    outer loop
      vertex 35.5507 14.5757 17.9
      vertex 30.3493 14.5757 17.9
      vertex 35.6097 14.524 17.9
    endloop
  endfacet
  facet normal 0 0 1
    outer loop
      vertex 30.2902 14.524 17.9
      vertex 35.6097 14.524 17.9
      vertex 30.3493 14.5757 17.9
    endloop
  endfacet
  facet normal 0 0 1
    outer loop
      vertex 35.6097 14.524 17.9
      vertex 30.2902 14.524 17.9
      vertex 35.675 14.4804 17.9
    endloop
  endfacet
  facet normal 0 0 1
    outer loop
      vertex 30.225 14.4804 17.9
      vertex 35.675 14.4804 17.9
      vertex 30.2902 14.524 17.9
    endloop
  endfacet
  facet normal 0 0 1
    outer loop
      vertex 35.675 14.4804 17.9
      vertex 30.225 14.4804 17.9
      vertex 35.7454 14.4457 17.9
    endloop
  endfacet
  facet normal 0 0 1
    outer loop
      vertex 30.1546 14.4457 17.9
      vertex 35.7454 14.4457 17.9
      vertex 30.225 14.4804 17.9
    endloop
  endfacet
  facet normal 0 0 1
    outer loop
      vertex 35.7454 14.4457 17.9
      vertex 30.1546 14.4457 17.9
      vertex 35.8197 14.4204 17.9
    endloop
  endfacet
  facet normal 0 0 1
    outer loop
      vertex 30.0803 14.4204 17.9
      vertex 35.8197 14.4204 17.9
      vertex 30.1546 14.4457 17.9
    endloop
  endfacet
  facet normal 0 0 1
    outer loop
      vertex 30.0033 14.4051 17.9
      vertex 35.8197 14.4204 17.9
      vertex 30.0803 14.4204 17.9
    endloop
  endfacet
  facet normal 0 0 1
    outer loop
      vertex 35.8967 14.4051 17.9
      vertex 30.0033 14.4051 17.9
      vertex 8 0 17.9
    endloop
  endfacet
  facet normal 0 0 1
    outer loop
      vertex 8 0 17.9
      vertex 30.0033 14.4051 17.9
      vertex 29.925 14.4 17.9
    endloop
  endfacet
  facet normal 0 0 1
    outer loop
      vertex 12.7021 11.2979 17.9
      vertex 29.925 14.4 17.9
      vertex 16.925 14.4 17.9
    endloop
  endfacet
  facet normal 0 0 1
    outer loop
      vertex 13.0706 11.8494 17.9
      vertex 16.925 14.4 17.9
      vertex 16.8467 14.4051 17.9
    endloop
  endfacet
  facet normal 0 0 1
    outer loop
      vertex 16.325 47.05 17.9
      vertex 13.2 12.5 17.9
      vertex 16.325 34.05 17.9
    endloop
  endfacet
  facet normal -0 0 1
    outer loop
      vertex 13.1421 93.06 17.9
      vertex 20.1988 87.6263 17.9
      vertex 13.1855 93.2781 17.9
    endloop
  endfacet
  facet normal 0 0 1
    outer loop
      vertex 16.325 28 17.9
      vertex 13.2 12.5 17.9
      vertex 16.325 15 17.9
    endloop
  endfacet
  facet normal 0 0 1
    outer loop
      vertex 13.2 12.5 17.9
      vertex 16.3301 14.9217 17.9
      vertex 16.325 15 17.9
    endloop
  endfacet
  facet normal 0 0 1
    outer loop
      vertex 13.2 12.5 17.9
      vertex 16.3454 14.8447 17.9
      vertex 16.3301 14.9217 17.9
    endloop
  endfacet
  facet normal 0 0 1
    outer loop
      vertex 13.2 12.5 17.9
      vertex 16.3707 14.7704 17.9
      vertex 16.3454 14.8447 17.9
    endloop
  endfacet
  facet normal 0 0 1
    outer loop
      vertex 13.2 12.5 17.9
      vertex 16.4054 14.7 17.9
      vertex 16.3707 14.7704 17.9
    endloop
  endfacet
  facet normal 0 0 1
    outer loop
      vertex 13.2 12.5 17.9
      vertex 16.449 14.6348 17.9
      vertex 16.4054 14.7 17.9
    endloop
  endfacet
  facet normal 0 0 1
    outer loop
      vertex 13.2 12.5 17.9
      vertex 16.5007 14.5757 17.9
      vertex 16.449 14.6348 17.9
    endloop
  endfacet
  facet normal 0 0 1
    outer loop
      vertex 13.2 12.5 17.9
      vertex 16.5597 14.524 17.9
      vertex 16.5007 14.5757 17.9
    endloop
  endfacet
  facet normal 0 0 1
    outer loop
      vertex 13.2 12.5 17.9
      vertex 16.625 14.4804 17.9
      vertex 16.5597 14.524 17.9
    endloop
  endfacet
  facet normal 0 0 1
    outer loop
      vertex 13.2 12.5 17.9
      vertex 16.6954 14.4457 17.9
      vertex 16.625 14.4804 17.9
    endloop
  endfacet
  facet normal 0 0 1
    outer loop
      vertex 13.1855 12.2781 17.9
      vertex 16.6954 14.4457 17.9
      vertex 13.2 12.5 17.9
    endloop
  endfacet
  facet normal 0 0 1
    outer loop
      vertex 16.6954 14.4457 17.9
      vertex 13.1855 12.2781 17.9
      vertex 16.7697 14.4204 17.9
    endloop
  endfacet
  facet normal 0 0 1
    outer loop
      vertex 13.1421 12.06 17.9
      vertex 16.7697 14.4204 17.9
      vertex 13.1855 12.2781 17.9
    endloop
  endfacet
  facet normal 0 0 1
    outer loop
      vertex 16.7697 14.4204 17.9
      vertex 13.1421 12.06 17.9
      vertex 16.8467 14.4051 17.9
    endloop
  endfacet
  facet normal 0 0 1
    outer loop
      vertex 13.0706 11.8494 17.9
      vertex 16.8467 14.4051 17.9
      vertex 13.1421 12.06 17.9
    endloop
  endfacet
  facet normal 0 0 1
    outer loop
      vertex 16.925 14.4 17.9
      vertex 13.0706 11.8494 17.9
      vertex 12.9722 11.65 17.9
    endloop
  endfacet
  facet normal 0 0 1
    outer loop
      vertex 16.925 14.4 17.9
      vertex 12.9722 11.65 17.9
      vertex 12.8487 11.4651 17.9
    endloop
  endfacet
  facet normal 0 0 1
    outer loop
      vertex 16.925 14.4 17.9
      vertex 12.8487 11.4651 17.9
      vertex 12.7021 11.2979 17.9
    endloop
  endfacet
  facet normal 0 0 1
    outer loop
      vertex 29.925 14.4 17.9
      vertex 12.7021 11.2979 17.9
      vertex 8 0 17.9
    endloop
  endfacet
  facet normal 0 0 1
    outer loop
      vertex 8 0 17.9
      vertex 12.7021 11.2979 17.9
      vertex 12.5349 11.1513 17.9
    endloop
  endfacet
  facet normal 0 0 1
    outer loop
      vertex 8 0 17.9
      vertex 12.5349 11.1513 17.9
      vertex 12.35 11.0278 17.9
    endloop
  endfacet
  facet normal 0 0 1
    outer loop
      vertex 8 0 17.9
      vertex 12.35 11.0278 17.9
      vertex 12.1506 10.9294 17.9
    endloop
  endfacet
  facet normal 0 0 1
    outer loop
      vertex 8 0 17.9
      vertex 12.1506 10.9294 17.9
      vertex 11.94 10.8579 17.9
    endloop
  endfacet
  facet normal 0 0 1
    outer loop
      vertex 8 0 17.9
      vertex 11.94 10.8579 17.9
      vertex 11.7219 10.8145 17.9
    endloop
  endfacet
  facet normal 0 0 1
    outer loop
      vertex 8 0 17.9
      vertex 11.7219 10.8145 17.9
      vertex 11.5 10.8 17.9
    endloop
  endfacet
  facet normal 0 0 1
    outer loop
      vertex 8 0 17.9
      vertex 11.5 10.8 17.9
      vertex 11.2781 10.8145 17.9
    endloop
  endfacet
  facet normal 0 0 1
    outer loop
      vertex 55.025 14.4 17.9
      vertex 8 0 17.9
      vertex 100 0 17.9
    endloop
  endfacet
  facet normal 0 0 1
    outer loop
      vertex 11.06 10.8579 17.9
      vertex 8 0 17.9
      vertex 11.2781 10.8145 17.9
    endloop
  endfacet
  facet normal 0 0 1
    outer loop
      vertex 10.8494 10.9294 17.9
      vertex 8 0 17.9
      vertex 11.06 10.8579 17.9
    endloop
  endfacet
  facet normal 0 0 1
    outer loop
      vertex 10.65 11.0278 17.9
      vertex 8 0 17.9
      vertex 10.8494 10.9294 17.9
    endloop
  endfacet
  facet normal 0 0 1
    outer loop
      vertex 4.93854 0.608963 17.9
      vertex 10.65 11.0278 17.9
      vertex 10.4651 11.1513 17.9
    endloop
  endfacet
  facet normal 0 0 1
    outer loop
      vertex 1.65317 3.12991 17.9
      vertex 10.4651 11.1513 17.9
      vertex 10.2979 11.2979 17.9
    endloop
  endfacet
  facet normal 0 0 1
    outer loop
      vertex 0.272598 5.92944 17.9
      vertex 10.2979 11.2979 17.9
      vertex 10.1513 11.4651 17.9
    endloop
  endfacet
  facet normal 0 0 1
    outer loop
      vertex 0 8 17.9
      vertex 10.1513 11.4651 17.9
      vertex 10.0278 11.65 17.9
    endloop
  endfacet
  facet normal 0 0 1
    outer loop
      vertex 0 8 17.9
      vertex 10.0278 11.65 17.9
      vertex 9.9294 11.8494 17.9
    endloop
  endfacet
  facet normal 0 0 1
    outer loop
      vertex 0 8 17.9
      vertex 9.9294 11.8494 17.9
      vertex 9.85793 12.06 17.9
    endloop
  endfacet
  facet normal 0 0 1
    outer loop
      vertex 0 8 17.9
      vertex 9.85793 12.06 17.9
      vertex 9.81454 12.2781 17.9
    endloop
  endfacet
  facet normal 0 0 1
    outer loop
      vertex 0 8 17.9
      vertex 9.81454 12.2781 17.9
      vertex 9.8 12.5 17.9
    endloop
  endfacet
  facet normal 0 0 1
    outer loop
      vertex 9.81454 93.2781 17.9
      vertex 0 124 17.9
      vertex 0 8 17.9
    endloop
  endfacet
  facet normal 0 0 1
    outer loop
      vertex 0 124 17.9
      vertex 8 132 17.9
      vertex 6.9558 131.932 17.9
    endloop
  endfacet
  facet normal 0 0 1
    outer loop
      vertex 9.81454 12.7219 17.9
      vertex 0 8 17.9
      vertex 9.8 12.5 17.9
    endloop
  endfacet
  facet normal 0 0 1
    outer loop
      vertex 0 124 17.9
      vertex 6.9558 131.932 17.9
      vertex 5.92944 131.727 17.9
    endloop
  endfacet
  facet normal 0 0 1
    outer loop
      vertex 10.1513 11.4651 17.9
      vertex 0 8 17.9
      vertex 0.0684357 6.9558 17.9
    endloop
  endfacet
  facet normal 0 0 1
    outer loop
      vertex 0 124 17.9
      vertex 5.92944 131.727 17.9
      vertex 4.93854 131.391 17.9
    endloop
  endfacet
  facet normal 0 0 1
    outer loop
      vertex 10.65 11.0278 17.9
      vertex 6.9558 0.0684357 17.9
      vertex 8 0 17.9
    endloop
  endfacet
  facet normal 0 0 1
    outer loop
      vertex 0 124 17.9
      vertex 4.93854 131.391 17.9
      vertex 4 130.928 17.9
    endloop
  endfacet
  facet normal 0 0 1
    outer loop
      vertex 10.65 11.0278 17.9
      vertex 5.92944 0.272598 17.9
      vertex 6.9558 0.0684357 17.9
    endloop
  endfacet
  facet normal 0 0 1
    outer loop
      vertex 0 124 17.9
      vertex 4 130.928 17.9
      vertex 3.12991 130.347 17.9
    endloop
  endfacet
  facet normal 0 0 1
    outer loop
      vertex 10.65 11.0278 17.9
      vertex 4.93854 0.608963 17.9
      vertex 5.92944 0.272598 17.9
    endloop
  endfacet
  facet normal 0 0 1
    outer loop
      vertex 0 124 17.9
      vertex 3.12991 130.347 17.9
      vertex 2.34314 129.657 17.9
    endloop
  endfacet
  facet normal 0 0 1
    outer loop
      vertex 10.4651 11.1513 17.9
      vertex 4 1.07179 17.9
      vertex 4.93854 0.608963 17.9
    endloop
  endfacet
  facet normal 0 0 1
    outer loop
      vertex 0 124 17.9
      vertex 2.34314 129.657 17.9
      vertex 1.65317 128.87 17.9
    endloop
  endfacet
  facet normal 0 0 1
    outer loop
      vertex 10.4651 11.1513 17.9
      vertex 3.12991 1.65317 17.9
      vertex 4 1.07179 17.9
    endloop
  endfacet
  facet normal 0 0 1
    outer loop
      vertex 0 124 17.9
      vertex 1.65317 128.87 17.9
      vertex 1.07179 128 17.9
    endloop
  endfacet
  facet normal 0 0 1
    outer loop
      vertex 10.4651 11.1513 17.9
      vertex 2.34314 2.34314 17.9
      vertex 3.12991 1.65317 17.9
    endloop
  endfacet
  facet normal 0 0 1
    outer loop
      vertex 0 124 17.9
      vertex 1.07179 128 17.9
      vertex 0.608963 127.061 17.9
    endloop
  endfacet
  facet normal 0 0 1
    outer loop
      vertex 10.4651 11.1513 17.9
      vertex 1.65317 3.12991 17.9
      vertex 2.34314 2.34314 17.9
    endloop
  endfacet
  facet normal 0 0 1
    outer loop
      vertex 0 124 17.9
      vertex 0.608963 127.061 17.9
      vertex 0.272598 126.071 17.9
    endloop
  endfacet
  facet normal 0 0 1
    outer loop
      vertex 10.2979 11.2979 17.9
      vertex 1.07179 4 17.9
      vertex 1.65317 3.12991 17.9
    endloop
  endfacet
  facet normal 0 0 1
    outer loop
      vertex 0 124 17.9
      vertex 0.272598 126.071 17.9
      vertex 0.0684357 125.044 17.9
    endloop
  endfacet
  facet normal 0 0 1
    outer loop
      vertex 10.2979 11.2979 17.9
      vertex 0.608963 4.93854 17.9
      vertex 1.07179 4 17.9
    endloop
  endfacet
  facet normal 0 0 1
    outer loop
      vertex 10.2979 11.2979 17.9
      vertex 0.272598 5.92944 17.9
      vertex 0.608963 4.93854 17.9
    endloop
  endfacet
  facet normal 0 0 1
    outer loop
      vertex 10.1513 11.4651 17.9
      vertex 0.0684357 6.9558 17.9
      vertex 0.272598 5.92944 17.9
    endloop
  endfacet
  facet normal -0 0 1
    outer loop
      vertex 26.4349 86.9691 17.9
      vertex 24.5651 77.0309 17.9
      vertex 30.1988 87.6263 17.9
    endloop
  endfacet
  facet normal 0 -0 1
    outer loop
      vertex 24.5651 77.0309 17.9
      vertex 26.4349 86.9691 17.9
      vertex 20.8012 76.3737 17.9
    endloop
  endfacet
  facet normal -0.980784 -0.195096 0
    outer loop
      vertex 0.272598 5.92944 15.5
      vertex 0.0684357 6.9558 17.9
      vertex 0.0684357 6.9558 15.5
    endloop
  endfacet
  facet normal -0.980784 -0.195096 0
    outer loop
      vertex 0.0684357 6.9558 17.9
      vertex 0.272598 5.92944 15.5
      vertex 0.272598 5.92944 17.9
    endloop
  endfacet
  facet normal -0.659357 0.75183 0
    outer loop
      vertex 3.12991 130.347 15.5
      vertex 2.34314 129.657 17.9
      vertex 3.12991 130.347 17.9
    endloop
  endfacet
  facet normal -0.659357 0.75183 0
    outer loop
      vertex 2.34314 129.657 17.9
      vertex 3.12991 130.347 15.5
      vertex 2.34314 129.657 15.5
    endloop
  endfacet
  facet normal 0.831635 -0.555322 0
    outer loop
      vertex 106.347 3.12991 17.9
      vertex 106.928 4 15.5
      vertex 106.928 4 17.9
    endloop
  endfacet
  facet normal 0.831635 -0.555322 0
    outer loop
      vertex 106.928 4 15.5
      vertex 106.347 3.12991 17.9
      vertex 106.347 3.12991 15.5
    endloop
  endfacet
  facet normal 0.442107 -0.896962 0
    outer loop
      vertex 103.061 0.608963 15.5
      vertex 104 1.07179 17.9
      vertex 103.061 0.608963 17.9
    endloop
  endfacet
  facet normal 0.442107 -0.896962 0
    outer loop
      vertex 104 1.07179 17.9
      vertex 103.061 0.608963 15.5
      vertex 104 1.07179 15.5
    endloop
  endfacet
  facet normal 0.194979 -0.980807 0
    outer loop
      vertex 101.044 0.0684357 15.5
      vertex 102.071 0.272598 17.9
      vertex 101.044 0.0684357 17.9
    endloop
  endfacet
  facet normal 0.194979 -0.980807 0
    outer loop
      vertex 102.071 0.272598 17.9
      vertex 101.044 0.0684357 15.5
      vertex 102.071 0.272598 15.5
    endloop
  endfacet
  facet normal -0.831441 0.555613 0
    outer loop
      vertex 1.07179 128 15.5
      vertex 1.65317 128.87 17.9
      vertex 1.65317 128.87 15.5
    endloop
  endfacet
  facet normal -0.831441 0.555613 0
    outer loop
      vertex 1.65317 128.87 17.9
      vertex 1.07179 128 15.5
      vertex 1.07179 128 17.9
    endloop
  endfacet
  facet normal 0.831609 0.555362 0
    outer loop
      vertex 106.928 128 17.9
      vertex 106.347 128.87 15.5
      vertex 106.347 128.87 17.9
    endloop
  endfacet
  facet normal 0.831609 0.555362 0
    outer loop
      vertex 106.347 128.87 15.5
      vertex 106.928 128 17.9
      vertex 106.928 128 15.5
    endloop
  endfacet
  facet normal 0.896811 -0.442414 0
    outer loop
      vertex 106.928 4 17.9
      vertex 107.391 4.93854 15.5
      vertex 107.391 4.93854 17.9
    endloop
  endfacet
  facet normal 0.896811 -0.442414 0
    outer loop
      vertex 107.391 4.93854 15.5
      vertex 106.928 4 17.9
      vertex 106.928 4 15.5
    endloop
  endfacet
  facet normal 0 0 -1
    outer loop
      vertex 12.7021 13.7021 15.5
      vertex 16.325 15 15.5
      vertex 12.8487 13.5349 15.5
    endloop
  endfacet
  facet normal 0 0 -1
    outer loop
      vertex 16.325 53.1 15.5
      vertex 13.1855 93.2781 15.5
      vertex 13.2 93.5 15.5
    endloop
  endfacet
  facet normal 0 0 -1
    outer loop
      vertex 12.5349 13.8487 15.5
      vertex 16.325 15 15.5
      vertex 12.7021 13.7021 15.5
    endloop
  endfacet
  facet normal 0 0 -1
    outer loop
      vertex 16.325 53.1 15.5
      vertex 13.1421 93.06 15.5
      vertex 13.1855 93.2781 15.5
    endloop
  endfacet
  facet normal 0 0 -1
    outer loop
      vertex 12.35 13.9722 15.5
      vertex 16.325 15 15.5
      vertex 12.5349 13.8487 15.5
    endloop
  endfacet
  facet normal 0 0 -1
    outer loop
      vertex 16.325 53.1 15.5
      vertex 13.0706 92.8494 15.5
      vertex 13.1421 93.06 15.5
    endloop
  endfacet
  facet normal 0 0 -1
    outer loop
      vertex 12.1506 14.0706 15.5
      vertex 16.325 15 15.5
      vertex 12.35 13.9722 15.5
    endloop
  endfacet
  facet normal 0 0 -1
    outer loop
      vertex 16.325 53.1 15.5
      vertex 12.9722 92.65 15.5
      vertex 13.0706 92.8494 15.5
    endloop
  endfacet
  facet normal 0 0 -1
    outer loop
      vertex 11.94 14.1421 15.5
      vertex 16.325 15 15.5
      vertex 12.1506 14.0706 15.5
    endloop
  endfacet
  facet normal 0 0 -1
    outer loop
      vertex 16.325 53.1 15.5
      vertex 12.8487 92.4651 15.5
      vertex 12.9722 92.65 15.5
    endloop
  endfacet
  facet normal 0 0 -1
    outer loop
      vertex 11.7219 14.1855 15.5
      vertex 16.325 15 15.5
      vertex 11.94 14.1421 15.5
    endloop
  endfacet
  facet normal 0 0 -1
    outer loop
      vertex 16.325 53.1 15.5
      vertex 12.7021 92.2979 15.5
      vertex 12.8487 92.4651 15.5
    endloop
  endfacet
  facet normal -0 0 -1
    outer loop
      vertex 16.325 15 15.5
      vertex 11.7219 14.1855 15.5
      vertex 16.325 28 15.5
    endloop
  endfacet
  facet normal 0 0 -1
    outer loop
      vertex 16.325 53.1 15.5
      vertex 12.5349 92.1513 15.5
      vertex 12.7021 92.2979 15.5
    endloop
  endfacet
  facet normal 0 0 -1
    outer loop
      vertex 11.5 14.2 15.5
      vertex 16.325 28 15.5
      vertex 11.7219 14.1855 15.5
    endloop
  endfacet
  facet normal 0 0 -1
    outer loop
      vertex 16.325 53.1 15.5
      vertex 12.35 92.0278 15.5
      vertex 12.5349 92.1513 15.5
    endloop
  endfacet
  facet normal 0 0 -1
    outer loop
      vertex 11.2781 14.1855 15.5
      vertex 16.325 28 15.5
      vertex 11.5 14.2 15.5
    endloop
  endfacet
  facet normal 0 0 -1
    outer loop
      vertex 16.325 53.1 15.5
      vertex 12.1506 91.9294 15.5
      vertex 12.35 92.0278 15.5
    endloop
  endfacet
  facet normal 0 0 -1
    outer loop
      vertex 11.06 14.1421 15.5
      vertex 16.325 28 15.5
      vertex 11.2781 14.1855 15.5
    endloop
  endfacet
  facet normal 0 0 -1
    outer loop
      vertex 16.325 53.1 15.5
      vertex 11.94 91.8579 15.5
      vertex 12.1506 91.9294 15.5
    endloop
  endfacet
  facet normal 0 0 -1
    outer loop
      vertex 10.8494 14.0706 15.5
      vertex 16.325 28 15.5
      vertex 11.06 14.1421 15.5
    endloop
  endfacet
  facet normal 0 0 -1
    outer loop
      vertex 16.325 53.1 15.5
      vertex 11.7219 91.8145 15.5
      vertex 11.94 91.8579 15.5
    endloop
  endfacet
  facet normal 0 0 -1
    outer loop
      vertex 10.65 13.9722 15.5
      vertex 16.325 28 15.5
      vertex 10.8494 14.0706 15.5
    endloop
  endfacet
  facet normal 0 0 -1
    outer loop
      vertex 16.325 53.1 15.5
      vertex 11.5 91.8 15.5
      vertex 11.7219 91.8145 15.5
    endloop
  endfacet
  facet normal 0 0 -1
    outer loop
      vertex 10.4651 13.8487 15.5
      vertex 16.325 28 15.5
      vertex 10.65 13.9722 15.5
    endloop
  endfacet
  facet normal 0 0 -1
    outer loop
      vertex 16.325 53.1 15.5
      vertex 11.2781 91.8145 15.5
      vertex 11.5 91.8 15.5
    endloop
  endfacet
  facet normal 0 0 -1
    outer loop
      vertex 10.2979 13.7021 15.5
      vertex 16.325 28 15.5
      vertex 10.4651 13.8487 15.5
    endloop
  endfacet
  facet normal 0 0 -1
    outer loop
      vertex 16.325 53.1 15.5
      vertex 11.06 91.8579 15.5
      vertex 11.2781 91.8145 15.5
    endloop
  endfacet
  facet normal 0 0 -1
    outer loop
      vertex 0 8 15.5
      vertex 16.325 28 15.5
      vertex 10.2979 13.7021 15.5
    endloop
  endfacet
  facet normal 0 0 -1
    outer loop
      vertex 16.325 53.1 15.5
      vertex 10.8494 91.9294 15.5
      vertex 11.06 91.8579 15.5
    endloop
  endfacet
  facet normal -0 0 -1
    outer loop
      vertex 16.325 34.05 15.5
      vertex 0 8 15.5
      vertex 16.325 47.05 15.5
    endloop
  endfacet
  facet normal 0 0 -1
    outer loop
      vertex 16.325 53.1 15.5
      vertex 10.65 92.0278 15.5
      vertex 10.8494 91.9294 15.5
    endloop
  endfacet
  facet normal -0 0 -1
    outer loop
      vertex 16.325 47.05 15.5
      vertex 0 8 15.5
      vertex 16.325 53.1 15.5
    endloop
  endfacet
  facet normal 0 0 -1
    outer loop
      vertex 16.325 53.1 15.5
      vertex 10.4651 92.1513 15.5
      vertex 10.65 92.0278 15.5
    endloop
  endfacet
  facet normal -0 0 -1
    outer loop
      vertex 16.325 28 15.5
      vertex 0 8 15.5
      vertex 16.325 34.05 15.5
    endloop
  endfacet
  facet normal 0 -0 -1
    outer loop
      vertex 9.9294 92.8494 15.5
      vertex 16.325 53.1 15.5
      vertex 0 8 15.5
    endloop
  endfacet
  facet normal 0 0 -1
    outer loop
      vertex 0 8 15.5
      vertex 10.2979 13.7021 15.5
      vertex 10.1513 13.5349 15.5
    endloop
  endfacet
  facet normal 0 0 -1
    outer loop
      vertex 16.325 53.1 15.5
      vertex 10.2979 92.2979 15.5
      vertex 10.4651 92.1513 15.5
    endloop
  endfacet
  facet normal 0 0 -1
    outer loop
      vertex 0 8 15.5
      vertex 10.1513 13.5349 15.5
      vertex 10.0278 13.35 15.5
    endloop
  endfacet
  facet normal 0 0 -1
    outer loop
      vertex 16.325 53.1 15.5
      vertex 10.1513 92.4651 15.5
      vertex 10.2979 92.2979 15.5
    endloop
  endfacet
  facet normal 0 0 -1
    outer loop
      vertex 0 8 15.5
      vertex 10.0278 13.35 15.5
      vertex 9.9294 13.1506 15.5
    endloop
  endfacet
  facet normal 0 0 -1
    outer loop
      vertex 16.325 53.1 15.5
      vertex 10.0278 92.65 15.5
      vertex 10.1513 92.4651 15.5
    endloop
  endfacet
  facet normal 0 0 -1
    outer loop
      vertex 0 8 15.5
      vertex 9.9294 13.1506 15.5
      vertex 9.85793 12.94 15.5
    endloop
  endfacet
  facet normal 0 0 -1
    outer loop
      vertex 16.325 53.1 15.5
      vertex 9.9294 92.8494 15.5
      vertex 10.0278 92.65 15.5
    endloop
  endfacet
  facet normal 0 0 -1
    outer loop
      vertex 0 8 15.5
      vertex 9.85793 12.94 15.5
      vertex 9.81454 12.7219 15.5
    endloop
  endfacet
  facet normal -0 0 -1
    outer loop
      vertex 9.9294 92.8494 15.5
      vertex 0 8 15.5
      vertex 9.85793 93.06 15.5
    endloop
  endfacet
  facet normal 0 0 -1
    outer loop
      vertex 0 8 15.5
      vertex 9.81454 12.7219 15.5
      vertex 9.8 12.5 15.5
    endloop
  endfacet
  facet normal -0 0 -1
    outer loop
      vertex 9.85793 93.06 15.5
      vertex 0 8 15.5
      vertex 9.81454 93.2781 15.5
    endloop
  endfacet
  facet normal 0 0 -1
    outer loop
      vertex 15.5 123 15.5
      vertex 15 123 15.5
      vertex 15.5 128.7 15.5
    endloop
  endfacet
  facet normal 0 0 -1
    outer loop
      vertex 32.9375 86.5599 15.5
      vertex 13.2 93.5 15.5
      vertex 32.8892 86.7024 15.5
    endloop
  endfacet
  facet normal 0 0 -1
    outer loop
      vertex 13.2 93.5 15.5
      vertex 16.925 66.7 15.5
      vertex 16.8467 66.6949 15.5
    endloop
  endfacet
  facet normal 0 0 -1
    outer loop
      vertex 13.2 93.5 15.5
      vertex 16.8467 66.6949 15.5
      vertex 16.7697 66.6796 15.5
    endloop
  endfacet
  facet normal 0 0 -1
    outer loop
      vertex 13.2 93.5 15.5
      vertex 16.7697 66.6796 15.5
      vertex 16.6954 66.6543 15.5
    endloop
  endfacet
  facet normal 0 0 -1
    outer loop
      vertex 13.2 93.5 15.5
      vertex 16.6954 66.6543 15.5
      vertex 16.625 66.6196 15.5
    endloop
  endfacet
  facet normal 0 0 -1
    outer loop
      vertex 13.2 93.5 15.5
      vertex 16.625 66.6196 15.5
      vertex 16.5597 66.576 15.5
    endloop
  endfacet
  facet normal 0 0 -1
    outer loop
      vertex 13.2 93.5 15.5
      vertex 16.5597 66.576 15.5
      vertex 16.5007 66.5243 15.5
    endloop
  endfacet
  facet normal 0 0 -1
    outer loop
      vertex 13.2 93.5 15.5
      vertex 16.5007 66.5243 15.5
      vertex 16.449 66.4652 15.5
    endloop
  endfacet
  facet normal 0 0 -1
    outer loop
      vertex 13.2 93.5 15.5
      vertex 16.449 66.4652 15.5
      vertex 16.4054 66.4 15.5
    endloop
  endfacet
  facet normal 0 0 -1
    outer loop
      vertex 13.2 93.5 15.5
      vertex 16.4054 66.4 15.5
      vertex 16.3707 66.3296 15.5
    endloop
  endfacet
  facet normal 0 0 -1
    outer loop
      vertex 13.2 93.5 15.5
      vertex 16.3707 66.3296 15.5
      vertex 16.3454 66.2553 15.5
    endloop
  endfacet
  facet normal 0 0 -1
    outer loop
      vertex 13.2 93.5 15.5
      vertex 16.3454 66.2553 15.5
      vertex 16.3301 66.1783 15.5
    endloop
  endfacet
  facet normal 0 0 -1
    outer loop
      vertex 32.8892 86.7024 15.5
      vertex 13.2 93.5 15.5
      vertex 19 98 15.5
    endloop
  endfacet
  facet normal 0 0 -1
    outer loop
      vertex 13.2 93.5 15.5
      vertex 16.3301 66.1783 15.5
      vertex 16.325 66.1 15.5
    endloop
  endfacet
  facet normal 0 0 -1
    outer loop
      vertex 35.4554 47.35 15.5
      vertex 30.4446 47.35 15.5
      vertex 35.499 47.4152 15.5
    endloop
  endfacet
  facet normal 0 0 -1
    outer loop
      vertex 35.5507 52.6757 15.5
      vertex 30.5199 53.0217 15.5
      vertex 30.525 53.1 15.5
    endloop
  endfacet
  facet normal 0 0 -1
    outer loop
      vertex 30.401 47.4152 15.5
      vertex 35.499 47.4152 15.5
      vertex 30.4446 47.35 15.5
    endloop
  endfacet
  facet normal 0 0 -1
    outer loop
      vertex 35.5507 52.6757 15.5
      vertex 30.5046 52.9447 15.5
      vertex 30.5199 53.0217 15.5
    endloop
  endfacet
  facet normal 0 0 -1
    outer loop
      vertex 35.499 47.4152 15.5
      vertex 30.401 47.4152 15.5
      vertex 35.5507 47.4743 15.5
    endloop
  endfacet
  facet normal 0 0 -1
    outer loop
      vertex 35.5507 52.6757 15.5
      vertex 30.4793 52.8704 15.5
      vertex 30.5046 52.9447 15.5
    endloop
  endfacet
  facet normal 0 0 -1
    outer loop
      vertex 30.3493 47.4743 15.5
      vertex 35.5507 47.4743 15.5
      vertex 30.401 47.4152 15.5
    endloop
  endfacet
  facet normal 0 0 -1
    outer loop
      vertex 35.5507 52.6757 15.5
      vertex 30.4446 52.8 15.5
      vertex 30.4793 52.8704 15.5
    endloop
  endfacet
  facet normal 0 0 -1
    outer loop
      vertex 35.5507 47.4743 15.5
      vertex 30.3493 47.4743 15.5
      vertex 35.5507 52.6757 15.5
    endloop
  endfacet
  facet normal 0 0 -1
    outer loop
      vertex 35.5507 52.6757 15.5
      vertex 30.401 52.7347 15.5
      vertex 30.4446 52.8 15.5
    endloop
  endfacet
  facet normal 0 0 -1
    outer loop
      vertex 30.3493 52.6757 15.5
      vertex 35.5507 52.6757 15.5
      vertex 30.3493 47.4743 15.5
    endloop
  endfacet
  facet normal 0 0 -1
    outer loop
      vertex 35.5507 52.6757 15.5
      vertex 30.3493 52.6757 15.5
      vertex 30.401 52.7347 15.5
    endloop
  endfacet
  facet normal 0 0 -1
    outer loop
      vertex 30.2902 47.526 15.5
      vertex 30.3493 52.6757 15.5
      vertex 30.3493 47.4743 15.5
    endloop
  endfacet
  facet normal 0 0 -1
    outer loop
      vertex 30.2902 47.526 15.5
      vertex 30.2902 52.624 15.5
      vertex 30.3493 52.6757 15.5
    endloop
  endfacet
  facet normal 0 0 -1
    outer loop
      vertex 30.225 47.5696 15.5
      vertex 30.2902 52.624 15.5
      vertex 30.2902 47.526 15.5
    endloop
  endfacet
  facet normal 0 0 -1
    outer loop
      vertex 30.225 47.5696 15.5
      vertex 30.225 52.5804 15.5
      vertex 30.2902 52.624 15.5
    endloop
  endfacet
  facet normal 0 0 -1
    outer loop
      vertex 30.1546 47.6043 15.5
      vertex 30.225 52.5804 15.5
      vertex 30.225 47.5696 15.5
    endloop
  endfacet
  facet normal 0 0 -1
    outer loop
      vertex 30.1546 47.6043 15.5
      vertex 30.1546 52.5457 15.5
      vertex 30.225 52.5804 15.5
    endloop
  endfacet
  facet normal 0 0 -1
    outer loop
      vertex 30.0803 47.6296 15.5
      vertex 30.1546 52.5457 15.5
      vertex 30.1546 47.6043 15.5
    endloop
  endfacet
  facet normal 0 0 -1
    outer loop
      vertex 30.0803 47.6296 15.5
      vertex 30.0803 52.5204 15.5
      vertex 30.1546 52.5457 15.5
    endloop
  endfacet
  facet normal 0 0 -1
    outer loop
      vertex 30.0033 47.6449 15.5
      vertex 30.0803 52.5204 15.5
      vertex 30.0803 47.6296 15.5
    endloop
  endfacet
  facet normal 0 0 -1
    outer loop
      vertex 30.0033 47.6449 15.5
      vertex 30.0033 52.5051 15.5
      vertex 30.0803 52.5204 15.5
    endloop
  endfacet
  facet normal 0 0 -1
    outer loop
      vertex 29.925 47.65 15.5
      vertex 30.0033 52.5051 15.5
      vertex 30.0033 47.6449 15.5
    endloop
  endfacet
  facet normal 0 0 -1
    outer loop
      vertex 29.925 47.65 15.5
      vertex 29.925 52.5 15.5
      vertex 30.0033 52.5051 15.5
    endloop
  endfacet
  facet normal 0 0 -1
    outer loop
      vertex 16.925 47.65 15.5
      vertex 29.925 52.5 15.5
      vertex 29.925 47.65 15.5
    endloop
  endfacet
  facet normal 0 0 -1
    outer loop
      vertex 16.925 47.65 15.5
      vertex 16.925 52.5 15.5
      vertex 29.925 52.5 15.5
    endloop
  endfacet
  facet normal 0 0 -1
    outer loop
      vertex 16.8467 47.6449 15.5
      vertex 16.925 52.5 15.5
      vertex 16.925 47.65 15.5
    endloop
  endfacet
  facet normal 0 0 -1
    outer loop
      vertex 16.8467 47.6449 15.5
      vertex 16.8467 52.5051 15.5
      vertex 16.925 52.5 15.5
    endloop
  endfacet
  facet normal 0 0 -1
    outer loop
      vertex 16.7697 47.6296 15.5
      vertex 16.8467 52.5051 15.5
      vertex 16.8467 47.6449 15.5
    endloop
  endfacet
  facet normal 0 0 -1
    outer loop
      vertex 16.7697 47.6296 15.5
      vertex 16.7697 52.5204 15.5
      vertex 16.8467 52.5051 15.5
    endloop
  endfacet
  facet normal 0 0 -1
    outer loop
      vertex 16.6954 47.6043 15.5
      vertex 16.7697 52.5204 15.5
      vertex 16.7697 47.6296 15.5
    endloop
  endfacet
  facet normal 0 0 -1
    outer loop
      vertex 16.6954 47.6043 15.5
      vertex 16.6954 52.5457 15.5
      vertex 16.7697 52.5204 15.5
    endloop
  endfacet
  facet normal 0 0 -1
    outer loop
      vertex 16.625 47.5696 15.5
      vertex 16.6954 52.5457 15.5
      vertex 16.6954 47.6043 15.5
    endloop
  endfacet
  facet normal 0 0 -1
    outer loop
      vertex 16.625 47.5696 15.5
      vertex 16.625 52.5804 15.5
      vertex 16.6954 52.5457 15.5
    endloop
  endfacet
  facet normal 0 0 -1
    outer loop
      vertex 16.5597 47.526 15.5
      vertex 16.625 52.5804 15.5
      vertex 16.625 47.5696 15.5
    endloop
  endfacet
  facet normal 0 0 -1
    outer loop
      vertex 16.5597 47.526 15.5
      vertex 16.5597 52.624 15.5
      vertex 16.625 52.5804 15.5
    endloop
  endfacet
  facet normal 0 0 -1
    outer loop
      vertex 16.5007 47.4743 15.5
      vertex 16.5597 52.624 15.5
      vertex 16.5597 47.526 15.5
    endloop
  endfacet
  facet normal 0 0 -1
    outer loop
      vertex 16.5007 47.4743 15.5
      vertex 16.5007 52.6757 15.5
      vertex 16.5597 52.624 15.5
    endloop
  endfacet
  facet normal 0 0 -1
    outer loop
      vertex 16.449 47.4152 15.5
      vertex 16.5007 52.6757 15.5
      vertex 16.5007 47.4743 15.5
    endloop
  endfacet
  facet normal 0 0 -1
    outer loop
      vertex 16.449 47.4152 15.5
      vertex 16.449 52.7347 15.5
      vertex 16.5007 52.6757 15.5
    endloop
  endfacet
  facet normal 0 0 -1
    outer loop
      vertex 16.4054 47.35 15.5
      vertex 16.449 52.7347 15.5
      vertex 16.449 47.4152 15.5
    endloop
  endfacet
  facet normal 0 0 -1
    outer loop
      vertex 16.4054 47.35 15.5
      vertex 16.4054 52.8 15.5
      vertex 16.449 52.7347 15.5
    endloop
  endfacet
  facet normal 0 0 -1
    outer loop
      vertex 16.3707 47.2796 15.5
      vertex 16.4054 52.8 15.5
      vertex 16.4054 47.35 15.5
    endloop
  endfacet
  facet normal 0 0 -1
    outer loop
      vertex 16.3707 47.2796 15.5
      vertex 16.3707 52.8704 15.5
      vertex 16.4054 52.8 15.5
    endloop
  endfacet
  facet normal 0 0 -1
    outer loop
      vertex 16.3454 47.2053 15.5
      vertex 16.3707 52.8704 15.5
      vertex 16.3707 47.2796 15.5
    endloop
  endfacet
  facet normal 0 0 -1
    outer loop
      vertex 16.3454 47.2053 15.5
      vertex 16.3454 52.9447 15.5
      vertex 16.3707 52.8704 15.5
    endloop
  endfacet
  facet normal 0 0 -1
    outer loop
      vertex 16.3301 47.1283 15.5
      vertex 16.3454 52.9447 15.5
      vertex 16.3454 47.2053 15.5
    endloop
  endfacet
  facet normal 0 0 -1
    outer loop
      vertex 16.3301 47.1283 15.5
      vertex 16.3301 53.0217 15.5
      vertex 16.3454 52.9447 15.5
    endloop
  endfacet
  facet normal 0 0 -1
    outer loop
      vertex 16.325 47.05 15.5
      vertex 16.3301 53.0217 15.5
      vertex 16.3301 47.1283 15.5
    endloop
  endfacet
  facet normal -0 0 -1
    outer loop
      vertex 16.3301 53.0217 15.5
      vertex 16.325 47.05 15.5
      vertex 16.325 53.1 15.5
    endloop
  endfacet
  facet normal 0 0 -1
    outer loop
      vertex 35.4554 28.3 15.5
      vertex 30.4446 28.3 15.5
      vertex 35.499 28.3652 15.5
    endloop
  endfacet
  facet normal 0 0 -1
    outer loop
      vertex 35.5507 33.6257 15.5
      vertex 30.5199 33.9717 15.5
      vertex 30.525 34.05 15.5
    endloop
  endfacet
  facet normal 0 0 -1
    outer loop
      vertex 30.401 28.3652 15.5
      vertex 35.499 28.3652 15.5
      vertex 30.4446 28.3 15.5
    endloop
  endfacet
  facet normal 0 0 -1
    outer loop
      vertex 35.5507 33.6257 15.5
      vertex 30.5046 33.8947 15.5
      vertex 30.5199 33.9717 15.5
    endloop
  endfacet
  facet normal 0 0 -1
    outer loop
      vertex 35.499 28.3652 15.5
      vertex 30.401 28.3652 15.5
      vertex 35.5507 28.4243 15.5
    endloop
  endfacet
  facet normal 0 0 -1
    outer loop
      vertex 35.5507 33.6257 15.5
      vertex 30.4793 33.8204 15.5
      vertex 30.5046 33.8947 15.5
    endloop
  endfacet
  facet normal 0 0 -1
    outer loop
      vertex 30.3493 28.4243 15.5
      vertex 35.5507 28.4243 15.5
      vertex 30.401 28.3652 15.5
    endloop
  endfacet
  facet normal 0 0 -1
    outer loop
      vertex 35.5507 33.6257 15.5
      vertex 30.4446 33.75 15.5
      vertex 30.4793 33.8204 15.5
    endloop
  endfacet
  facet normal 0 0 -1
    outer loop
      vertex 35.5507 28.4243 15.5
      vertex 30.3493 28.4243 15.5
      vertex 35.5507 33.6257 15.5
    endloop
  endfacet
  facet normal 0 0 -1
    outer loop
      vertex 35.5507 33.6257 15.5
      vertex 30.401 33.6847 15.5
      vertex 30.4446 33.75 15.5
    endloop
  endfacet
  facet normal 0 0 -1
    outer loop
      vertex 30.3493 33.6257 15.5
      vertex 35.5507 33.6257 15.5
      vertex 30.3493 28.4243 15.5
    endloop
  endfacet
  facet normal 0 0 -1
    outer loop
      vertex 35.5507 33.6257 15.5
      vertex 30.3493 33.6257 15.5
      vertex 30.401 33.6847 15.5
    endloop
  endfacet
  facet normal 0 0 -1
    outer loop
      vertex 30.2902 28.476 15.5
      vertex 30.3493 33.6257 15.5
      vertex 30.3493 28.4243 15.5
    endloop
  endfacet
  facet normal 0 0 -1
    outer loop
      vertex 30.2902 28.476 15.5
      vertex 30.2902 33.574 15.5
      vertex 30.3493 33.6257 15.5
    endloop
  endfacet
  facet normal 0 0 -1
    outer loop
      vertex 30.225 28.5196 15.5
      vertex 30.2902 33.574 15.5
      vertex 30.2902 28.476 15.5
    endloop
  endfacet
  facet normal 0 0 -1
    outer loop
      vertex 30.225 28.5196 15.5
      vertex 30.225 33.5304 15.5
      vertex 30.2902 33.574 15.5
    endloop
  endfacet
  facet normal 0 0 -1
    outer loop
      vertex 30.1546 28.5543 15.5
      vertex 30.225 33.5304 15.5
      vertex 30.225 28.5196 15.5
    endloop
  endfacet
  facet normal 0 0 -1
    outer loop
      vertex 30.1546 28.5543 15.5
      vertex 30.1546 33.4957 15.5
      vertex 30.225 33.5304 15.5
    endloop
  endfacet
  facet normal 0 0 -1
    outer loop
      vertex 30.0803 28.5796 15.5
      vertex 30.1546 33.4957 15.5
      vertex 30.1546 28.5543 15.5
    endloop
  endfacet
  facet normal 0 0 -1
    outer loop
      vertex 30.0803 28.5796 15.5
      vertex 30.0803 33.4704 15.5
      vertex 30.1546 33.4957 15.5
    endloop
  endfacet
  facet normal 0 0 -1
    outer loop
      vertex 30.0033 28.5949 15.5
      vertex 30.0803 33.4704 15.5
      vertex 30.0803 28.5796 15.5
    endloop
  endfacet
  facet normal 0 0 -1
    outer loop
      vertex 30.0033 28.5949 15.5
      vertex 30.0033 33.4551 15.5
      vertex 30.0803 33.4704 15.5
    endloop
  endfacet
  facet normal 0 0 -1
    outer loop
      vertex 29.925 28.6 15.5
      vertex 30.0033 33.4551 15.5
      vertex 30.0033 28.5949 15.5
    endloop
  endfacet
  facet normal 0 0 -1
    outer loop
      vertex 29.925 28.6 15.5
      vertex 29.925 33.45 15.5
      vertex 30.0033 33.4551 15.5
    endloop
  endfacet
  facet normal 0 0 -1
    outer loop
      vertex 16.925 28.6 15.5
      vertex 29.925 33.45 15.5
      vertex 29.925 28.6 15.5
    endloop
  endfacet
  facet normal 0 0 -1
    outer loop
      vertex 16.925 28.6 15.5
      vertex 16.925 33.45 15.5
      vertex 29.925 33.45 15.5
    endloop
  endfacet
  facet normal 0 0 -1
    outer loop
      vertex 16.8467 28.5949 15.5
      vertex 16.925 33.45 15.5
      vertex 16.925 28.6 15.5
    endloop
  endfacet
  facet normal 0 0 -1
    outer loop
      vertex 16.8467 28.5949 15.5
      vertex 16.8467 33.4551 15.5
      vertex 16.925 33.45 15.5
    endloop
  endfacet
  facet normal 0 0 -1
    outer loop
      vertex 16.7697 28.5796 15.5
      vertex 16.8467 33.4551 15.5
      vertex 16.8467 28.5949 15.5
    endloop
  endfacet
  facet normal 0 0 -1
    outer loop
      vertex 16.7697 28.5796 15.5
      vertex 16.7697 33.4704 15.5
      vertex 16.8467 33.4551 15.5
    endloop
  endfacet
  facet normal 0 0 -1
    outer loop
      vertex 16.6954 28.5543 15.5
      vertex 16.7697 33.4704 15.5
      vertex 16.7697 28.5796 15.5
    endloop
  endfacet
  facet normal 0 0 -1
    outer loop
      vertex 16.6954 28.5543 15.5
      vertex 16.6954 33.4957 15.5
      vertex 16.7697 33.4704 15.5
    endloop
  endfacet
  facet normal 0 0 -1
    outer loop
      vertex 16.625 28.5196 15.5
      vertex 16.6954 33.4957 15.5
      vertex 16.6954 28.5543 15.5
    endloop
  endfacet
  facet normal 0 0 -1
    outer loop
      vertex 16.625 28.5196 15.5
      vertex 16.625 33.5304 15.5
      vertex 16.6954 33.4957 15.5
    endloop
  endfacet
  facet normal 0 0 -1
    outer loop
      vertex 16.5597 28.476 15.5
      vertex 16.625 33.5304 15.5
      vertex 16.625 28.5196 15.5
    endloop
  endfacet
  facet normal 0 0 -1
    outer loop
      vertex 16.5597 28.476 15.5
      vertex 16.5597 33.574 15.5
      vertex 16.625 33.5304 15.5
    endloop
  endfacet
  facet normal 0 0 -1
    outer loop
      vertex 16.5007 28.4243 15.5
      vertex 16.5597 33.574 15.5
      vertex 16.5597 28.476 15.5
    endloop
  endfacet
  facet normal 0 0 -1
    outer loop
      vertex 16.5007 28.4243 15.5
      vertex 16.5007 33.6257 15.5
      vertex 16.5597 33.574 15.5
    endloop
  endfacet
  facet normal 0 0 -1
    outer loop
      vertex 16.449 28.3652 15.5
      vertex 16.5007 33.6257 15.5
      vertex 16.5007 28.4243 15.5
    endloop
  endfacet
  facet normal 0 0 -1
    outer loop
      vertex 16.449 28.3652 15.5
      vertex 16.449 33.6847 15.5
      vertex 16.5007 33.6257 15.5
    endloop
  endfacet
  facet normal 0 0 -1
    outer loop
      vertex 16.4054 28.3 15.5
      vertex 16.449 33.6847 15.5
      vertex 16.449 28.3652 15.5
    endloop
  endfacet
  facet normal 0 0 -1
    outer loop
      vertex 16.4054 28.3 15.5
      vertex 16.4054 33.75 15.5
      vertex 16.449 33.6847 15.5
    endloop
  endfacet
  facet normal 0 0 -1
    outer loop
      vertex 16.3707 28.2296 15.5
      vertex 16.4054 33.75 15.5
      vertex 16.4054 28.3 15.5
    endloop
  endfacet
  facet normal 0 0 -1
    outer loop
      vertex 16.3707 28.2296 15.5
      vertex 16.3707 33.8204 15.5
      vertex 16.4054 33.75 15.5
    endloop
  endfacet
  facet normal 0 0 -1
    outer loop
      vertex 16.3454 28.1553 15.5
      vertex 16.3707 33.8204 15.5
      vertex 16.3707 28.2296 15.5
    endloop
  endfacet
  facet normal 0 0 -1
    outer loop
      vertex 16.3454 28.1553 15.5
      vertex 16.3454 33.8947 15.5
      vertex 16.3707 33.8204 15.5
    endloop
  endfacet
  facet normal 0 0 -1
    outer loop
      vertex 16.3301 28.0783 15.5
      vertex 16.3454 33.8947 15.5
      vertex 16.3454 28.1553 15.5
    endloop
  endfacet
  facet normal 0 0 -1
    outer loop
      vertex 16.3301 28.0783 15.5
      vertex 16.3301 33.9717 15.5
      vertex 16.3454 33.8947 15.5
    endloop
  endfacet
  facet normal 0 0 -1
    outer loop
      vertex 16.325 28 15.5
      vertex 16.3301 33.9717 15.5
      vertex 16.3301 28.0783 15.5
    endloop
  endfacet
  facet normal -0 0 -1
    outer loop
      vertex 16.3301 33.9717 15.5
      vertex 16.325 28 15.5
      vertex 16.325 34.05 15.5
    endloop
  endfacet
  facet normal 0 0 -1
    outer loop
      vertex 54.5054 47.35 15.5
      vertex 49.4946 47.35 15.5
      vertex 54.549 47.4152 15.5
    endloop
  endfacet
  facet normal 0 0 -1
    outer loop
      vertex 54.6007 52.6757 15.5
      vertex 49.5699 53.0217 15.5
      vertex 49.575 53.1 15.5
    endloop
  endfacet
  facet normal 0 0 -1
    outer loop
      vertex 49.451 47.4152 15.5
      vertex 54.549 47.4152 15.5
      vertex 49.4946 47.35 15.5
    endloop
  endfacet
  facet normal 0 0 -1
    outer loop
      vertex 54.6007 52.6757 15.5
      vertex 49.5546 52.9447 15.5
      vertex 49.5699 53.0217 15.5
    endloop
  endfacet
  facet normal 0 0 -1
    outer loop
      vertex 54.549 47.4152 15.5
      vertex 49.451 47.4152 15.5
      vertex 54.6007 47.4743 15.5
    endloop
  endfacet
  facet normal 0 0 -1
    outer loop
      vertex 54.6007 52.6757 15.5
      vertex 49.5293 52.8704 15.5
      vertex 49.5546 52.9447 15.5
    endloop
  endfacet
  facet normal 0 0 -1
    outer loop
      vertex 49.3993 47.4743 15.5
      vertex 54.6007 47.4743 15.5
      vertex 49.451 47.4152 15.5
    endloop
  endfacet
  facet normal 0 0 -1
    outer loop
      vertex 54.6007 52.6757 15.5
      vertex 49.4946 52.8 15.5
      vertex 49.5293 52.8704 15.5
    endloop
  endfacet
  facet normal 0 0 -1
    outer loop
      vertex 54.6007 47.4743 15.5
      vertex 49.3993 47.4743 15.5
      vertex 54.6007 52.6757 15.5
    endloop
  endfacet
  facet normal 0 0 -1
    outer loop
      vertex 54.6007 52.6757 15.5
      vertex 49.451 52.7347 15.5
      vertex 49.4946 52.8 15.5
    endloop
  endfacet
  facet normal 0 0 -1
    outer loop
      vertex 49.3993 52.6757 15.5
      vertex 54.6007 52.6757 15.5
      vertex 49.3993 47.4743 15.5
    endloop
  endfacet
  facet normal 0 0 -1
    outer loop
      vertex 54.6007 52.6757 15.5
      vertex 49.3993 52.6757 15.5
      vertex 49.451 52.7347 15.5
    endloop
  endfacet
  facet normal 0 0 -1
    outer loop
      vertex 49.3402 47.526 15.5
      vertex 49.3993 52.6757 15.5
      vertex 49.3993 47.4743 15.5
    endloop
  endfacet
  facet normal 0 0 -1
    outer loop
      vertex 49.3402 47.526 15.5
      vertex 49.3402 52.624 15.5
      vertex 49.3993 52.6757 15.5
    endloop
  endfacet
  facet normal 0 0 -1
    outer loop
      vertex 49.275 47.5696 15.5
      vertex 49.3402 52.624 15.5
      vertex 49.3402 47.526 15.5
    endloop
  endfacet
  facet normal 0 0 -1
    outer loop
      vertex 49.275 47.5696 15.5
      vertex 49.275 52.5804 15.5
      vertex 49.3402 52.624 15.5
    endloop
  endfacet
  facet normal 0 0 -1
    outer loop
      vertex 49.2046 47.6043 15.5
      vertex 49.275 52.5804 15.5
      vertex 49.275 47.5696 15.5
    endloop
  endfacet
  facet normal 0 0 -1
    outer loop
      vertex 49.2046 47.6043 15.5
      vertex 49.2046 52.5457 15.5
      vertex 49.275 52.5804 15.5
    endloop
  endfacet
  facet normal 0 0 -1
    outer loop
      vertex 49.1303 47.6296 15.5
      vertex 49.2046 52.5457 15.5
      vertex 49.2046 47.6043 15.5
    endloop
  endfacet
  facet normal 0 0 -1
    outer loop
      vertex 49.1303 47.6296 15.5
      vertex 49.1303 52.5204 15.5
      vertex 49.2046 52.5457 15.5
    endloop
  endfacet
  facet normal 0 0 -1
    outer loop
      vertex 49.0533 47.6449 15.5
      vertex 49.1303 52.5204 15.5
      vertex 49.1303 47.6296 15.5
    endloop
  endfacet
  facet normal 0 0 -1
    outer loop
      vertex 49.0533 47.6449 15.5
      vertex 49.0533 52.5051 15.5
      vertex 49.1303 52.5204 15.5
    endloop
  endfacet
  facet normal 0 0 -1
    outer loop
      vertex 48.975 47.65 15.5
      vertex 49.0533 52.5051 15.5
      vertex 49.0533 47.6449 15.5
    endloop
  endfacet
  facet normal 0 0 -1
    outer loop
      vertex 48.975 47.65 15.5
      vertex 48.975 52.5 15.5
      vertex 49.0533 52.5051 15.5
    endloop
  endfacet
  facet normal 0 0 -1
    outer loop
      vertex 35.975 47.65 15.5
      vertex 48.975 52.5 15.5
      vertex 48.975 47.65 15.5
    endloop
  endfacet
  facet normal 0 0 -1
    outer loop
      vertex 35.975 47.65 15.5
      vertex 35.975 52.5 15.5
      vertex 48.975 52.5 15.5
    endloop
  endfacet
  facet normal 0 0 -1
    outer loop
      vertex 35.8967 47.6449 15.5
      vertex 35.975 52.5 15.5
      vertex 35.975 47.65 15.5
    endloop
  endfacet
  facet normal 0 0 -1
    outer loop
      vertex 35.8967 47.6449 15.5
      vertex 35.8967 52.5051 15.5
      vertex 35.975 52.5 15.5
    endloop
  endfacet
  facet normal 0 0 -1
    outer loop
      vertex 35.8197 47.6296 15.5
      vertex 35.8967 52.5051 15.5
      vertex 35.8967 47.6449 15.5
    endloop
  endfacet
  facet normal 0 0 -1
    outer loop
      vertex 35.8197 47.6296 15.5
      vertex 35.8197 52.5204 15.5
      vertex 35.8967 52.5051 15.5
    endloop
  endfacet
  facet normal 0 0 -1
    outer loop
      vertex 35.7454 47.6043 15.5
      vertex 35.8197 52.5204 15.5
      vertex 35.8197 47.6296 15.5
    endloop
  endfacet
  facet normal 0 0 -1
    outer loop
      vertex 35.7454 47.6043 15.5
      vertex 35.7454 52.5457 15.5
      vertex 35.8197 52.5204 15.5
    endloop
  endfacet
  facet normal 0 0 -1
    outer loop
      vertex 35.675 47.5696 15.5
      vertex 35.7454 52.5457 15.5
      vertex 35.7454 47.6043 15.5
    endloop
  endfacet
  facet normal 0 0 -1
    outer loop
      vertex 35.675 47.5696 15.5
      vertex 35.675 52.5804 15.5
      vertex 35.7454 52.5457 15.5
    endloop
  endfacet
  facet normal 0 0 -1
    outer loop
      vertex 35.6097 47.526 15.5
      vertex 35.675 52.5804 15.5
      vertex 35.675 47.5696 15.5
    endloop
  endfacet
  facet normal 0 0 -1
    outer loop
      vertex 35.6097 47.526 15.5
      vertex 35.6097 52.624 15.5
      vertex 35.675 52.5804 15.5
    endloop
  endfacet
  facet normal 0 0 -1
    outer loop
      vertex 35.5507 47.4743 15.5
      vertex 35.6097 52.624 15.5
      vertex 35.6097 47.526 15.5
    endloop
  endfacet
  facet normal 0 0 -1
    outer loop
      vertex 35.5507 47.4743 15.5
      vertex 35.5507 52.6757 15.5
      vertex 35.6097 52.624 15.5
    endloop
  endfacet
  facet normal 0 0 -1
    outer loop
      vertex 30.4793 47.2796 15.5
      vertex 35.4207 47.2796 15.5
      vertex 30.5046 47.2053 15.5
    endloop
  endfacet
  facet normal 0 0 -1
    outer loop
      vertex 35.4207 47.2796 15.5
      vertex 30.4793 47.2796 15.5
      vertex 35.4554 47.35 15.5
    endloop
  endfacet
  facet normal 0 0 -1
    outer loop
      vertex 35.3954 47.2053 15.5
      vertex 30.5046 47.2053 15.5
      vertex 35.4207 47.2796 15.5
    endloop
  endfacet
  facet normal 0 0 -1
    outer loop
      vertex 30.4446 47.35 15.5
      vertex 35.4554 47.35 15.5
      vertex 30.4793 47.2796 15.5
    endloop
  endfacet
  facet normal 0 0 -1
    outer loop
      vertex 30.5046 47.2053 15.5
      vertex 35.3954 47.2053 15.5
      vertex 30.5199 47.1283 15.5
    endloop
  endfacet
  facet normal 0 0 -1
    outer loop
      vertex 35.5507 52.6757 15.5
      vertex 30.525 53.1 15.5
      vertex 35.499 52.7347 15.5
    endloop
  endfacet
  facet normal 0 0 -1
    outer loop
      vertex 35.3801 47.1283 15.5
      vertex 30.5199 47.1283 15.5
      vertex 35.3954 47.2053 15.5
    endloop
  endfacet
  facet normal 0 0 -1
    outer loop
      vertex 35.499 52.7347 15.5
      vertex 30.525 53.1 15.5
      vertex 35.4554 52.8 15.5
    endloop
  endfacet
  facet normal 0 0 -1
    outer loop
      vertex 30.5199 47.1283 15.5
      vertex 35.3801 47.1283 15.5
      vertex 30.525 47.05 15.5
    endloop
  endfacet
  facet normal 0 0 -1
    outer loop
      vertex 35.4554 52.8 15.5
      vertex 30.525 53.1 15.5
      vertex 35.4207 52.8704 15.5
    endloop
  endfacet
  facet normal 0 0 -1
    outer loop
      vertex 30.525 47.05 15.5
      vertex 35.3801 47.1283 15.5
      vertex 35.375 47.05 15.5
    endloop
  endfacet
  facet normal 0 0 -1
    outer loop
      vertex 35.4207 52.8704 15.5
      vertex 30.525 53.1 15.5
      vertex 35.3954 52.9447 15.5
    endloop
  endfacet
  facet normal 0 0 -1
    outer loop
      vertex 54.5054 28.3 15.5
      vertex 49.4946 28.3 15.5
      vertex 54.549 28.3652 15.5
    endloop
  endfacet
  facet normal 0 0 -1
    outer loop
      vertex 54.6007 33.6257 15.5
      vertex 49.5699 33.9717 15.5
      vertex 49.575 34.05 15.5
    endloop
  endfacet
  facet normal 0 0 -1
    outer loop
      vertex 49.451 28.3652 15.5
      vertex 54.549 28.3652 15.5
      vertex 49.4946 28.3 15.5
    endloop
  endfacet
  facet normal 0 0 -1
    outer loop
      vertex 54.6007 33.6257 15.5
      vertex 49.5546 33.8947 15.5
      vertex 49.5699 33.9717 15.5
    endloop
  endfacet
  facet normal 0 0 -1
    outer loop
      vertex 54.549 28.3652 15.5
      vertex 49.451 28.3652 15.5
      vertex 54.6007 28.4243 15.5
    endloop
  endfacet
  facet normal 0 0 -1
    outer loop
      vertex 54.6007 33.6257 15.5
      vertex 49.5293 33.8204 15.5
      vertex 49.5546 33.8947 15.5
    endloop
  endfacet
  facet normal 0 0 -1
    outer loop
      vertex 49.3993 28.4243 15.5
      vertex 54.6007 28.4243 15.5
      vertex 49.451 28.3652 15.5
    endloop
  endfacet
  facet normal 0 0 -1
    outer loop
      vertex 54.6007 33.6257 15.5
      vertex 49.4946 33.75 15.5
      vertex 49.5293 33.8204 15.5
    endloop
  endfacet
  facet normal 0 0 -1
    outer loop
      vertex 54.6007 28.4243 15.5
      vertex 49.3993 28.4243 15.5
      vertex 54.6007 33.6257 15.5
    endloop
  endfacet
  facet normal 0 0 -1
    outer loop
      vertex 54.6007 33.6257 15.5
      vertex 49.451 33.6847 15.5
      vertex 49.4946 33.75 15.5
    endloop
  endfacet
  facet normal 0 0 -1
    outer loop
      vertex 49.3993 33.6257 15.5
      vertex 54.6007 33.6257 15.5
      vertex 49.3993 28.4243 15.5
    endloop
  endfacet
  facet normal 0 0 -1
    outer loop
      vertex 54.6007 33.6257 15.5
      vertex 49.3993 33.6257 15.5
      vertex 49.451 33.6847 15.5
    endloop
  endfacet
  facet normal 0 0 -1
    outer loop
      vertex 49.3402 28.476 15.5
      vertex 49.3993 33.6257 15.5
      vertex 49.3993 28.4243 15.5
    endloop
  endfacet
  facet normal 0 0 -1
    outer loop
      vertex 49.3402 28.476 15.5
      vertex 49.3402 33.574 15.5
      vertex 49.3993 33.6257 15.5
    endloop
  endfacet
  facet normal 0 0 -1
    outer loop
      vertex 49.275 28.5196 15.5
      vertex 49.3402 33.574 15.5
      vertex 49.3402 28.476 15.5
    endloop
  endfacet
  facet normal 0 0 -1
    outer loop
      vertex 49.275 28.5196 15.5
      vertex 49.275 33.5304 15.5
      vertex 49.3402 33.574 15.5
    endloop
  endfacet
  facet normal 0 0 -1
    outer loop
      vertex 49.2046 28.5543 15.5
      vertex 49.275 33.5304 15.5
      vertex 49.275 28.5196 15.5
    endloop
  endfacet
  facet normal 0 0 -1
    outer loop
      vertex 49.2046 28.5543 15.5
      vertex 49.2046 33.4957 15.5
      vertex 49.275 33.5304 15.5
    endloop
  endfacet
  facet normal 0 0 -1
    outer loop
      vertex 49.1303 28.5796 15.5
      vertex 49.2046 33.4957 15.5
      vertex 49.2046 28.5543 15.5
    endloop
  endfacet
  facet normal 0 0 -1
    outer loop
      vertex 49.1303 28.5796 15.5
      vertex 49.1303 33.4704 15.5
      vertex 49.2046 33.4957 15.5
    endloop
  endfacet
  facet normal 0 0 -1
    outer loop
      vertex 49.0533 28.5949 15.5
      vertex 49.1303 33.4704 15.5
      vertex 49.1303 28.5796 15.5
    endloop
  endfacet
  facet normal 0 0 -1
    outer loop
      vertex 49.0533 28.5949 15.5
      vertex 49.0533 33.4551 15.5
      vertex 49.1303 33.4704 15.5
    endloop
  endfacet
  facet normal 0 0 -1
    outer loop
      vertex 48.975 28.6 15.5
      vertex 49.0533 33.4551 15.5
      vertex 49.0533 28.5949 15.5
    endloop
  endfacet
  facet normal 0 0 -1
    outer loop
      vertex 48.975 28.6 15.5
      vertex 48.975 33.45 15.5
      vertex 49.0533 33.4551 15.5
    endloop
  endfacet
  facet normal 0 0 -1
    outer loop
      vertex 35.975 28.6 15.5
      vertex 48.975 33.45 15.5
      vertex 48.975 28.6 15.5
    endloop
  endfacet
  facet normal 0 0 -1
    outer loop
      vertex 35.975 28.6 15.5
      vertex 35.975 33.45 15.5
      vertex 48.975 33.45 15.5
    endloop
  endfacet
  facet normal 0 0 -1
    outer loop
      vertex 35.8967 28.5949 15.5
      vertex 35.975 33.45 15.5
      vertex 35.975 28.6 15.5
    endloop
  endfacet
  facet normal 0 0 -1
    outer loop
      vertex 35.8967 28.5949 15.5
      vertex 35.8967 33.4551 15.5
      vertex 35.975 33.45 15.5
    endloop
  endfacet
  facet normal 0 0 -1
    outer loop
      vertex 35.8197 28.5796 15.5
      vertex 35.8967 33.4551 15.5
      vertex 35.8967 28.5949 15.5
    endloop
  endfacet
  facet normal 0 0 -1
    outer loop
      vertex 35.8197 28.5796 15.5
      vertex 35.8197 33.4704 15.5
      vertex 35.8967 33.4551 15.5
    endloop
  endfacet
  facet normal 0 0 -1
    outer loop
      vertex 35.7454 28.5543 15.5
      vertex 35.8197 33.4704 15.5
      vertex 35.8197 28.5796 15.5
    endloop
  endfacet
  facet normal 0 0 -1
    outer loop
      vertex 35.7454 28.5543 15.5
      vertex 35.7454 33.4957 15.5
      vertex 35.8197 33.4704 15.5
    endloop
  endfacet
  facet normal 0 0 -1
    outer loop
      vertex 35.675 28.5196 15.5
      vertex 35.7454 33.4957 15.5
      vertex 35.7454 28.5543 15.5
    endloop
  endfacet
  facet normal 0 0 -1
    outer loop
      vertex 35.675 28.5196 15.5
      vertex 35.675 33.5304 15.5
      vertex 35.7454 33.4957 15.5
    endloop
  endfacet
  facet normal 0 0 -1
    outer loop
      vertex 35.6097 28.476 15.5
      vertex 35.675 33.5304 15.5
      vertex 35.675 28.5196 15.5
    endloop
  endfacet
  facet normal 0 0 -1
    outer loop
      vertex 35.6097 28.476 15.5
      vertex 35.6097 33.574 15.5
      vertex 35.675 33.5304 15.5
    endloop
  endfacet
  facet normal 0 0 -1
    outer loop
      vertex 35.5507 28.4243 15.5
      vertex 35.6097 33.574 15.5
      vertex 35.6097 28.476 15.5
    endloop
  endfacet
  facet normal 0 0 -1
    outer loop
      vertex 35.5507 28.4243 15.5
      vertex 35.5507 33.6257 15.5
      vertex 35.6097 33.574 15.5
    endloop
  endfacet
  facet normal 0 0 -1
    outer loop
      vertex 30.4793 28.2296 15.5
      vertex 35.4207 28.2296 15.5
      vertex 30.5046 28.1553 15.5
    endloop
  endfacet
  facet normal 0 0 -1
    outer loop
      vertex 35.4207 28.2296 15.5
      vertex 30.4793 28.2296 15.5
      vertex 35.4554 28.3 15.5
    endloop
  endfacet
  facet normal 0 0 -1
    outer loop
      vertex 35.3954 28.1553 15.5
      vertex 30.5046 28.1553 15.5
      vertex 35.4207 28.2296 15.5
    endloop
  endfacet
  facet normal 0 0 -1
    outer loop
      vertex 30.4446 28.3 15.5
      vertex 35.4554 28.3 15.5
      vertex 30.4793 28.2296 15.5
    endloop
  endfacet
  facet normal 0 0 -1
    outer loop
      vertex 30.5046 28.1553 15.5
      vertex 35.3954 28.1553 15.5
      vertex 30.5199 28.0783 15.5
    endloop
  endfacet
  facet normal 0 0 -1
    outer loop
      vertex 35.5507 33.6257 15.5
      vertex 30.525 34.05 15.5
      vertex 35.499 33.6847 15.5
    endloop
  endfacet
  facet normal 0 0 -1
    outer loop
      vertex 35.3801 28.0783 15.5
      vertex 30.5199 28.0783 15.5
      vertex 35.3954 28.1553 15.5
    endloop
  endfacet
  facet normal 0 0 -1
    outer loop
      vertex 35.499 33.6847 15.5
      vertex 30.525 34.05 15.5
      vertex 35.4554 33.75 15.5
    endloop
  endfacet
  facet normal 0 0 -1
    outer loop
      vertex 30.5199 28.0783 15.5
      vertex 35.3801 28.0783 15.5
      vertex 30.525 28 15.5
    endloop
  endfacet
  facet normal 0 0 -1
    outer loop
      vertex 35.4554 33.75 15.5
      vertex 30.525 34.05 15.5
      vertex 35.4207 33.8204 15.5
    endloop
  endfacet
  facet normal 0 0 -1
    outer loop
      vertex 30.525 28 15.5
      vertex 35.3801 28.0783 15.5
      vertex 35.375 28 15.5
    endloop
  endfacet
  facet normal 0 0 -1
    outer loop
      vertex 35.4207 33.8204 15.5
      vertex 30.525 34.05 15.5
      vertex 35.3954 33.8947 15.5
    endloop
  endfacet
  facet normal 0 0 -1
    outer loop
      vertex 73.5554 47.35 15.5
      vertex 68.5446 47.35 15.5
      vertex 73.599 47.4152 15.5
    endloop
  endfacet
  facet normal 0 0 -1
    outer loop
      vertex 73.6507 52.6757 15.5
      vertex 68.6199 53.0217 15.5
      vertex 68.625 53.1 15.5
    endloop
  endfacet
  facet normal 0 0 -1
    outer loop
      vertex 68.501 47.4152 15.5
      vertex 73.599 47.4152 15.5
      vertex 68.5446 47.35 15.5
    endloop
  endfacet
  facet normal 0 0 -1
    outer loop
      vertex 73.6507 52.6757 15.5
      vertex 68.6046 52.9447 15.5
      vertex 68.6199 53.0217 15.5
    endloop
  endfacet
  facet normal 0 0 -1
    outer loop
      vertex 73.599 47.4152 15.5
      vertex 68.501 47.4152 15.5
      vertex 73.6507 47.4743 15.5
    endloop
  endfacet
  facet normal 0 0 -1
    outer loop
      vertex 73.6507 52.6757 15.5
      vertex 68.5793 52.8704 15.5
      vertex 68.6046 52.9447 15.5
    endloop
  endfacet
  facet normal 0 0 -1
    outer loop
      vertex 68.4493 47.4743 15.5
      vertex 73.6507 47.4743 15.5
      vertex 68.501 47.4152 15.5
    endloop
  endfacet
  facet normal 0 0 -1
    outer loop
      vertex 73.6507 52.6757 15.5
      vertex 68.5446 52.8 15.5
      vertex 68.5793 52.8704 15.5
    endloop
  endfacet
  facet normal 0 0 -1
    outer loop
      vertex 73.6507 47.4743 15.5
      vertex 68.4493 47.4743 15.5
      vertex 73.6507 52.6757 15.5
    endloop
  endfacet
  facet normal 0 0 -1
    outer loop
      vertex 73.6507 52.6757 15.5
      vertex 68.501 52.7347 15.5
      vertex 68.5446 52.8 15.5
    endloop
  endfacet
  facet normal 0 0 -1
    outer loop
      vertex 68.4493 52.6757 15.5
      vertex 73.6507 52.6757 15.5
      vertex 68.4493 47.4743 15.5
    endloop
  endfacet
  facet normal 0 0 -1
    outer loop
      vertex 73.6507 52.6757 15.5
      vertex 68.4493 52.6757 15.5
      vertex 68.501 52.7347 15.5
    endloop
  endfacet
  facet normal 0 0 -1
    outer loop
      vertex 68.3903 47.526 15.5
      vertex 68.4493 52.6757 15.5
      vertex 68.4493 47.4743 15.5
    endloop
  endfacet
  facet normal 0 0 -1
    outer loop
      vertex 68.3903 47.526 15.5
      vertex 68.3903 52.624 15.5
      vertex 68.4493 52.6757 15.5
    endloop
  endfacet
  facet normal 0 0 -1
    outer loop
      vertex 68.325 47.5696 15.5
      vertex 68.3903 52.624 15.5
      vertex 68.3903 47.526 15.5
    endloop
  endfacet
  facet normal 0 0 -1
    outer loop
      vertex 68.325 47.5696 15.5
      vertex 68.325 52.5804 15.5
      vertex 68.3903 52.624 15.5
    endloop
  endfacet
  facet normal 0 0 -1
    outer loop
      vertex 68.2546 47.6043 15.5
      vertex 68.325 52.5804 15.5
      vertex 68.325 47.5696 15.5
    endloop
  endfacet
  facet normal 0 0 -1
    outer loop
      vertex 68.2546 47.6043 15.5
      vertex 68.2546 52.5457 15.5
      vertex 68.325 52.5804 15.5
    endloop
  endfacet
  facet normal 0 0 -1
    outer loop
      vertex 68.1803 47.6296 15.5
      vertex 68.2546 52.5457 15.5
      vertex 68.2546 47.6043 15.5
    endloop
  endfacet
  facet normal 0 0 -1
    outer loop
      vertex 68.1803 47.6296 15.5
      vertex 68.1803 52.5204 15.5
      vertex 68.2546 52.5457 15.5
    endloop
  endfacet
  facet normal 0 0 -1
    outer loop
      vertex 68.1033 47.6449 15.5
      vertex 68.1803 52.5204 15.5
      vertex 68.1803 47.6296 15.5
    endloop
  endfacet
  facet normal 0 0 -1
    outer loop
      vertex 68.1033 47.6449 15.5
      vertex 68.1033 52.5051 15.5
      vertex 68.1803 52.5204 15.5
    endloop
  endfacet
  facet normal 0 0 -1
    outer loop
      vertex 68.025 47.65 15.5
      vertex 68.1033 52.5051 15.5
      vertex 68.1033 47.6449 15.5
    endloop
  endfacet
  facet normal 0 0 -1
    outer loop
      vertex 68.025 47.65 15.5
      vertex 68.025 52.5 15.5
      vertex 68.1033 52.5051 15.5
    endloop
  endfacet
  facet normal 0 0 -1
    outer loop
      vertex 55.025 47.65 15.5
      vertex 68.025 52.5 15.5
      vertex 68.025 47.65 15.5
    endloop
  endfacet
  facet normal 0 0 -1
    outer loop
      vertex 55.025 47.65 15.5
      vertex 55.025 52.5 15.5
      vertex 68.025 52.5 15.5
    endloop
  endfacet
  facet normal 0 0 -1
    outer loop
      vertex 54.9467 47.6449 15.5
      vertex 55.025 52.5 15.5
      vertex 55.025 47.65 15.5
    endloop
  endfacet
  facet normal 0 0 -1
    outer loop
      vertex 54.9467 47.6449 15.5
      vertex 54.9467 52.5051 15.5
      vertex 55.025 52.5 15.5
    endloop
  endfacet
  facet normal 0 0 -1
    outer loop
      vertex 54.8697 47.6296 15.5
      vertex 54.9467 52.5051 15.5
      vertex 54.9467 47.6449 15.5
    endloop
  endfacet
  facet normal 0 0 -1
    outer loop
      vertex 54.8697 47.6296 15.5
      vertex 54.8697 52.5204 15.5
      vertex 54.9467 52.5051 15.5
    endloop
  endfacet
  facet normal 0 0 -1
    outer loop
      vertex 54.7954 47.6043 15.5
      vertex 54.8697 52.5204 15.5
      vertex 54.8697 47.6296 15.5
    endloop
  endfacet
  facet normal 0 0 -1
    outer loop
      vertex 54.7954 47.6043 15.5
      vertex 54.7954 52.5457 15.5
      vertex 54.8697 52.5204 15.5
    endloop
  endfacet
  facet normal 0 0 -1
    outer loop
      vertex 54.725 47.5696 15.5
      vertex 54.7954 52.5457 15.5
      vertex 54.7954 47.6043 15.5
    endloop
  endfacet
  facet normal 0 0 -1
    outer loop
      vertex 54.725 47.5696 15.5
      vertex 54.725 52.5804 15.5
      vertex 54.7954 52.5457 15.5
    endloop
  endfacet
  facet normal 0 0 -1
    outer loop
      vertex 54.6598 47.526 15.5
      vertex 54.725 52.5804 15.5
      vertex 54.725 47.5696 15.5
    endloop
  endfacet
  facet normal 0 0 -1
    outer loop
      vertex 54.6598 47.526 15.5
      vertex 54.6598 52.624 15.5
      vertex 54.725 52.5804 15.5
    endloop
  endfacet
  facet normal 0 0 -1
    outer loop
      vertex 54.6007 47.4743 15.5
      vertex 54.6598 52.624 15.5
      vertex 54.6598 47.526 15.5
    endloop
  endfacet
  facet normal 0 0 -1
    outer loop
      vertex 54.6007 47.4743 15.5
      vertex 54.6007 52.6757 15.5
      vertex 54.6598 52.624 15.5
    endloop
  endfacet
  facet normal 0 0 -1
    outer loop
      vertex 49.5293 47.2796 15.5
      vertex 54.4707 47.2796 15.5
      vertex 49.5546 47.2053 15.5
    endloop
  endfacet
  facet normal 0 0 -1
    outer loop
      vertex 54.4707 47.2796 15.5
      vertex 49.5293 47.2796 15.5
      vertex 54.5054 47.35 15.5
    endloop
  endfacet
  facet normal 0 0 -1
    outer loop
      vertex 54.4454 47.2053 15.5
      vertex 49.5546 47.2053 15.5
      vertex 54.4707 47.2796 15.5
    endloop
  endfacet
  facet normal 0 0 -1
    outer loop
      vertex 49.4946 47.35 15.5
      vertex 54.5054 47.35 15.5
      vertex 49.5293 47.2796 15.5
    endloop
  endfacet
  facet normal 0 0 -1
    outer loop
      vertex 49.5546 47.2053 15.5
      vertex 54.4454 47.2053 15.5
      vertex 49.5699 47.1283 15.5
    endloop
  endfacet
  facet normal 0 0 -1
    outer loop
      vertex 54.6007 52.6757 15.5
      vertex 49.575 53.1 15.5
      vertex 54.549 52.7347 15.5
    endloop
  endfacet
  facet normal 0 0 -1
    outer loop
      vertex 54.4301 47.1283 15.5
      vertex 49.5699 47.1283 15.5
      vertex 54.4454 47.2053 15.5
    endloop
  endfacet
  facet normal 0 0 -1
    outer loop
      vertex 54.549 52.7347 15.5
      vertex 49.575 53.1 15.5
      vertex 54.5054 52.8 15.5
    endloop
  endfacet
  facet normal 0 0 -1
    outer loop
      vertex 49.5699 47.1283 15.5
      vertex 54.4301 47.1283 15.5
      vertex 49.575 47.05 15.5
    endloop
  endfacet
  facet normal 0 0 -1
    outer loop
      vertex 54.5054 52.8 15.5
      vertex 49.575 53.1 15.5
      vertex 54.4707 52.8704 15.5
    endloop
  endfacet
  facet normal 0 0 -1
    outer loop
      vertex 49.575 47.05 15.5
      vertex 54.4301 47.1283 15.5
      vertex 54.425 47.05 15.5
    endloop
  endfacet
  facet normal 0 0 -1
    outer loop
      vertex 54.4707 52.8704 15.5
      vertex 49.575 53.1 15.5
      vertex 54.4454 52.9447 15.5
    endloop
  endfacet
  facet normal 0 0 -1
    outer loop
      vertex 73.5554 28.3 15.5
      vertex 68.5446 28.3 15.5
      vertex 73.599 28.3652 15.5
    endloop
  endfacet
  facet normal 0 0 -1
    outer loop
      vertex 73.6507 33.6257 15.5
      vertex 68.6199 33.9717 15.5
      vertex 68.625 34.05 15.5
    endloop
  endfacet
  facet normal 0 0 -1
    outer loop
      vertex 68.501 28.3652 15.5
      vertex 73.599 28.3652 15.5
      vertex 68.5446 28.3 15.5
    endloop
  endfacet
  facet normal 0 0 -1
    outer loop
      vertex 73.6507 33.6257 15.5
      vertex 68.6046 33.8947 15.5
      vertex 68.6199 33.9717 15.5
    endloop
  endfacet
  facet normal 0 0 -1
    outer loop
      vertex 73.599 28.3652 15.5
      vertex 68.501 28.3652 15.5
      vertex 73.6507 28.4243 15.5
    endloop
  endfacet
  facet normal 0 0 -1
    outer loop
      vertex 73.6507 33.6257 15.5
      vertex 68.5793 33.8204 15.5
      vertex 68.6046 33.8947 15.5
    endloop
  endfacet
  facet normal 0 0 -1
    outer loop
      vertex 68.4493 28.4243 15.5
      vertex 73.6507 28.4243 15.5
      vertex 68.501 28.3652 15.5
    endloop
  endfacet
  facet normal 0 0 -1
    outer loop
      vertex 73.6507 33.6257 15.5
      vertex 68.5446 33.75 15.5
      vertex 68.5793 33.8204 15.5
    endloop
  endfacet
  facet normal 0 0 -1
    outer loop
      vertex 73.6507 28.4243 15.5
      vertex 68.4493 28.4243 15.5
      vertex 73.6507 33.6257 15.5
    endloop
  endfacet
  facet normal 0 0 -1
    outer loop
      vertex 73.6507 33.6257 15.5
      vertex 68.501 33.6847 15.5
      vertex 68.5446 33.75 15.5
    endloop
  endfacet
  facet normal 0 0 -1
    outer loop
      vertex 68.4493 33.6257 15.5
      vertex 73.6507 33.6257 15.5
      vertex 68.4493 28.4243 15.5
    endloop
  endfacet
  facet normal 0 0 -1
    outer loop
      vertex 73.6507 33.6257 15.5
      vertex 68.4493 33.6257 15.5
      vertex 68.501 33.6847 15.5
    endloop
  endfacet
  facet normal 0 0 -1
    outer loop
      vertex 68.3903 28.476 15.5
      vertex 68.4493 33.6257 15.5
      vertex 68.4493 28.4243 15.5
    endloop
  endfacet
  facet normal 0 0 -1
    outer loop
      vertex 68.3903 28.476 15.5
      vertex 68.3903 33.574 15.5
      vertex 68.4493 33.6257 15.5
    endloop
  endfacet
  facet normal 0 0 -1
    outer loop
      vertex 68.325 28.5196 15.5
      vertex 68.3903 33.574 15.5
      vertex 68.3903 28.476 15.5
    endloop
  endfacet
  facet normal 0 0 -1
    outer loop
      vertex 68.325 28.5196 15.5
      vertex 68.325 33.5304 15.5
      vertex 68.3903 33.574 15.5
    endloop
  endfacet
  facet normal 0 0 -1
    outer loop
      vertex 68.2546 28.5543 15.5
      vertex 68.325 33.5304 15.5
      vertex 68.325 28.5196 15.5
    endloop
  endfacet
  facet normal 0 0 -1
    outer loop
      vertex 68.2546 28.5543 15.5
      vertex 68.2546 33.4957 15.5
      vertex 68.325 33.5304 15.5
    endloop
  endfacet
  facet normal 0 0 -1
    outer loop
      vertex 68.1803 28.5796 15.5
      vertex 68.2546 33.4957 15.5
      vertex 68.2546 28.5543 15.5
    endloop
  endfacet
  facet normal 0 0 -1
    outer loop
      vertex 68.1803 28.5796 15.5
      vertex 68.1803 33.4704 15.5
      vertex 68.2546 33.4957 15.5
    endloop
  endfacet
  facet normal 0 0 -1
    outer loop
      vertex 68.1033 28.5949 15.5
      vertex 68.1803 33.4704 15.5
      vertex 68.1803 28.5796 15.5
    endloop
  endfacet
  facet normal 0 0 -1
    outer loop
      vertex 68.1033 28.5949 15.5
      vertex 68.1033 33.4551 15.5
      vertex 68.1803 33.4704 15.5
    endloop
  endfacet
  facet normal 0 0 -1
    outer loop
      vertex 68.025 28.6 15.5
      vertex 68.1033 33.4551 15.5
      vertex 68.1033 28.5949 15.5
    endloop
  endfacet
  facet normal 0 0 -1
    outer loop
      vertex 68.025 28.6 15.5
      vertex 68.025 33.45 15.5
      vertex 68.1033 33.4551 15.5
    endloop
  endfacet
  facet normal 0 0 -1
    outer loop
      vertex 55.025 28.6 15.5
      vertex 68.025 33.45 15.5
      vertex 68.025 28.6 15.5
    endloop
  endfacet
  facet normal 0 0 -1
    outer loop
      vertex 55.025 28.6 15.5
      vertex 55.025 33.45 15.5
      vertex 68.025 33.45 15.5
    endloop
  endfacet
  facet normal 0 0 -1
    outer loop
      vertex 54.9467 28.5949 15.5
      vertex 55.025 33.45 15.5
      vertex 55.025 28.6 15.5
    endloop
  endfacet
  facet normal 0 0 -1
    outer loop
      vertex 54.9467 28.5949 15.5
      vertex 54.9467 33.4551 15.5
      vertex 55.025 33.45 15.5
    endloop
  endfacet
  facet normal 0 0 -1
    outer loop
      vertex 54.8697 28.5796 15.5
      vertex 54.9467 33.4551 15.5
      vertex 54.9467 28.5949 15.5
    endloop
  endfacet
  facet normal 0 0 -1
    outer loop
      vertex 54.8697 28.5796 15.5
      vertex 54.8697 33.4704 15.5
      vertex 54.9467 33.4551 15.5
    endloop
  endfacet
  facet normal 0 0 -1
    outer loop
      vertex 54.7954 28.5543 15.5
      vertex 54.8697 33.4704 15.5
      vertex 54.8697 28.5796 15.5
    endloop
  endfacet
  facet normal 0 0 -1
    outer loop
      vertex 54.7954 28.5543 15.5
      vertex 54.7954 33.4957 15.5
      vertex 54.8697 33.4704 15.5
    endloop
  endfacet
  facet normal 0 0 -1
    outer loop
      vertex 54.725 28.5196 15.5
      vertex 54.7954 33.4957 15.5
      vertex 54.7954 28.5543 15.5
    endloop
  endfacet
  facet normal 0 0 -1
    outer loop
      vertex 54.725 28.5196 15.5
      vertex 54.725 33.5304 15.5
      vertex 54.7954 33.4957 15.5
    endloop
  endfacet
  facet normal 0 0 -1
    outer loop
      vertex 54.6598 28.476 15.5
      vertex 54.725 33.5304 15.5
      vertex 54.725 28.5196 15.5
    endloop
  endfacet
  facet normal 0 0 -1
    outer loop
      vertex 54.6598 28.476 15.5
      vertex 54.6598 33.574 15.5
      vertex 54.725 33.5304 15.5
    endloop
  endfacet
  facet normal 0 0 -1
    outer loop
      vertex 54.6007 28.4243 15.5
      vertex 54.6598 33.574 15.5
      vertex 54.6598 28.476 15.5
    endloop
  endfacet
  facet normal 0 0 -1
    outer loop
      vertex 54.6007 28.4243 15.5
      vertex 54.6007 33.6257 15.5
      vertex 54.6598 33.574 15.5
    endloop
  endfacet
  facet normal 0 0 -1
    outer loop
      vertex 49.5293 28.2296 15.5
      vertex 54.4707 28.2296 15.5
      vertex 49.5546 28.1553 15.5
    endloop
  endfacet
  facet normal 0 0 -1
    outer loop
      vertex 54.4707 28.2296 15.5
      vertex 49.5293 28.2296 15.5
      vertex 54.5054 28.3 15.5
    endloop
  endfacet
  facet normal 0 0 -1
    outer loop
      vertex 54.4454 28.1553 15.5
      vertex 49.5546 28.1553 15.5
      vertex 54.4707 28.2296 15.5
    endloop
  endfacet
  facet normal 0 0 -1
    outer loop
      vertex 49.4946 28.3 15.5
      vertex 54.5054 28.3 15.5
      vertex 49.5293 28.2296 15.5
    endloop
  endfacet
  facet normal 0 0 -1
    outer loop
      vertex 49.5546 28.1553 15.5
      vertex 54.4454 28.1553 15.5
      vertex 49.5699 28.0783 15.5
    endloop
  endfacet
  facet normal 0 0 -1
    outer loop
      vertex 54.6007 33.6257 15.5
      vertex 49.575 34.05 15.5
      vertex 54.549 33.6847 15.5
    endloop
  endfacet
  facet normal 0 0 -1
    outer loop
      vertex 54.4301 28.0783 15.5
      vertex 49.5699 28.0783 15.5
      vertex 54.4454 28.1553 15.5
    endloop
  endfacet
  facet normal 0 0 -1
    outer loop
      vertex 54.549 33.6847 15.5
      vertex 49.575 34.05 15.5
      vertex 54.5054 33.75 15.5
    endloop
  endfacet
  facet normal 0 0 -1
    outer loop
      vertex 49.5699 28.0783 15.5
      vertex 54.4301 28.0783 15.5
      vertex 49.575 28 15.5
    endloop
  endfacet
  facet normal 0 0 -1
    outer loop
      vertex 54.5054 33.75 15.5
      vertex 49.575 34.05 15.5
      vertex 54.4707 33.8204 15.5
    endloop
  endfacet
  facet normal 0 0 -1
    outer loop
      vertex 49.575 28 15.5
      vertex 54.4301 28.0783 15.5
      vertex 54.425 28 15.5
    endloop
  endfacet
  facet normal 0 0 -1
    outer loop
      vertex 54.4707 33.8204 15.5
      vertex 49.575 34.05 15.5
      vertex 54.4454 33.8947 15.5
    endloop
  endfacet
  facet normal 0 0 -1
    outer loop
      vertex 87.6699 47.1283 15.5
      vertex 87.675 53.1 15.5
      vertex 87.675 47.05 15.5
    endloop
  endfacet
  facet normal 0 0 -1
    outer loop
      vertex 87.6699 47.1283 15.5
      vertex 87.6699 53.0217 15.5
      vertex 87.675 53.1 15.5
    endloop
  endfacet
  facet normal 0 0 -1
    outer loop
      vertex 87.6546 47.2053 15.5
      vertex 87.6699 53.0217 15.5
      vertex 87.6699 47.1283 15.5
    endloop
  endfacet
  facet normal 0 0 -1
    outer loop
      vertex 87.6546 47.2053 15.5
      vertex 87.6546 52.9447 15.5
      vertex 87.6699 53.0217 15.5
    endloop
  endfacet
  facet normal 0 0 -1
    outer loop
      vertex 87.6293 47.2796 15.5
      vertex 87.6546 52.9447 15.5
      vertex 87.6546 47.2053 15.5
    endloop
  endfacet
  facet normal 0 0 -1
    outer loop
      vertex 87.6293 47.2796 15.5
      vertex 87.6293 52.8704 15.5
      vertex 87.6546 52.9447 15.5
    endloop
  endfacet
  facet normal 0 0 -1
    outer loop
      vertex 87.5946 47.35 15.5
      vertex 87.6293 52.8704 15.5
      vertex 87.6293 47.2796 15.5
    endloop
  endfacet
  facet normal 0 0 -1
    outer loop
      vertex 87.5946 47.35 15.5
      vertex 87.5946 52.8 15.5
      vertex 87.6293 52.8704 15.5
    endloop
  endfacet
  facet normal 0 0 -1
    outer loop
      vertex 87.551 47.4152 15.5
      vertex 87.5946 52.8 15.5
      vertex 87.5946 47.35 15.5
    endloop
  endfacet
  facet normal 0 0 -1
    outer loop
      vertex 87.551 47.4152 15.5
      vertex 87.551 52.7347 15.5
      vertex 87.5946 52.8 15.5
    endloop
  endfacet
  facet normal 0 0 -1
    outer loop
      vertex 87.4993 47.4743 15.5
      vertex 87.551 52.7347 15.5
      vertex 87.551 47.4152 15.5
    endloop
  endfacet
  facet normal 0 0 -1
    outer loop
      vertex 87.4993 47.4743 15.5
      vertex 87.4993 52.6757 15.5
      vertex 87.551 52.7347 15.5
    endloop
  endfacet
  facet normal 0 0 -1
    outer loop
      vertex 87.4402 47.526 15.5
      vertex 87.4993 52.6757 15.5
      vertex 87.4993 47.4743 15.5
    endloop
  endfacet
  facet normal 0 0 -1
    outer loop
      vertex 87.4402 47.526 15.5
      vertex 87.4402 52.624 15.5
      vertex 87.4993 52.6757 15.5
    endloop
  endfacet
  facet normal 0 0 -1
    outer loop
      vertex 87.375 47.5696 15.5
      vertex 87.4402 52.624 15.5
      vertex 87.4402 47.526 15.5
    endloop
  endfacet
  facet normal 0 0 -1
    outer loop
      vertex 87.375 47.5696 15.5
      vertex 87.375 52.5804 15.5
      vertex 87.4402 52.624 15.5
    endloop
  endfacet
  facet normal 0 0 -1
    outer loop
      vertex 87.3046 47.6043 15.5
      vertex 87.375 52.5804 15.5
      vertex 87.375 47.5696 15.5
    endloop
  endfacet
  facet normal 0 0 -1
    outer loop
      vertex 87.3046 47.6043 15.5
      vertex 87.3046 52.5457 15.5
      vertex 87.375 52.5804 15.5
    endloop
  endfacet
  facet normal 0 0 -1
    outer loop
      vertex 87.2303 47.6296 15.5
      vertex 87.3046 52.5457 15.5
      vertex 87.3046 47.6043 15.5
    endloop
  endfacet
  facet normal 0 0 -1
    outer loop
      vertex 87.2303 47.6296 15.5
      vertex 87.2303 52.5204 15.5
      vertex 87.3046 52.5457 15.5
    endloop
  endfacet
  facet normal 0 0 -1
    outer loop
      vertex 87.1533 47.6449 15.5
      vertex 87.2303 52.5204 15.5
      vertex 87.2303 47.6296 15.5
    endloop
  endfacet
  facet normal 0 0 -1
    outer loop
      vertex 87.1533 47.6449 15.5
      vertex 87.1533 52.5051 15.5
      vertex 87.2303 52.5204 15.5
    endloop
  endfacet
  facet normal 0 0 -1
    outer loop
      vertex 87.075 47.65 15.5
      vertex 87.1533 52.5051 15.5
      vertex 87.1533 47.6449 15.5
    endloop
  endfacet
  facet normal 0 0 -1
    outer loop
      vertex 87.075 47.65 15.5
      vertex 87.075 52.5 15.5
      vertex 87.1533 52.5051 15.5
    endloop
  endfacet
  facet normal 0 0 -1
    outer loop
      vertex 74.075 47.65 15.5
      vertex 87.075 52.5 15.5
      vertex 87.075 47.65 15.5
    endloop
  endfacet
  facet normal 0 0 -1
    outer loop
      vertex 74.075 47.65 15.5
      vertex 74.075 52.5 15.5
      vertex 87.075 52.5 15.5
    endloop
  endfacet
  facet normal 0 0 -1
    outer loop
      vertex 73.9967 47.6449 15.5
      vertex 74.075 52.5 15.5
      vertex 74.075 47.65 15.5
    endloop
  endfacet
  facet normal 0 0 -1
    outer loop
      vertex 73.9967 47.6449 15.5
      vertex 73.9967 52.5051 15.5
      vertex 74.075 52.5 15.5
    endloop
  endfacet
  facet normal 0 0 -1
    outer loop
      vertex 73.9197 47.6296 15.5
      vertex 73.9967 52.5051 15.5
      vertex 73.9967 47.6449 15.5
    endloop
  endfacet
  facet normal 0 0 -1
    outer loop
      vertex 73.9197 47.6296 15.5
      vertex 73.9197 52.5204 15.5
      vertex 73.9967 52.5051 15.5
    endloop
  endfacet
  facet normal 0 0 -1
    outer loop
      vertex 73.8454 47.6043 15.5
      vertex 73.9197 52.5204 15.5
      vertex 73.9197 47.6296 15.5
    endloop
  endfacet
  facet normal 0 0 -1
    outer loop
      vertex 73.8454 47.6043 15.5
      vertex 73.8454 52.5457 15.5
      vertex 73.9197 52.5204 15.5
    endloop
  endfacet
  facet normal 0 0 -1
    outer loop
      vertex 73.775 47.5696 15.5
      vertex 73.8454 52.5457 15.5
      vertex 73.8454 47.6043 15.5
    endloop
  endfacet
  facet normal 0 0 -1
    outer loop
      vertex 73.775 47.5696 15.5
      vertex 73.775 52.5804 15.5
      vertex 73.8454 52.5457 15.5
    endloop
  endfacet
  facet normal 0 0 -1
    outer loop
      vertex 73.7097 47.526 15.5
      vertex 73.775 52.5804 15.5
      vertex 73.775 47.5696 15.5
    endloop
  endfacet
  facet normal 0 0 -1
    outer loop
      vertex 73.7097 47.526 15.5
      vertex 73.7097 52.624 15.5
      vertex 73.775 52.5804 15.5
    endloop
  endfacet
  facet normal 0 0 -1
    outer loop
      vertex 73.6507 47.4743 15.5
      vertex 73.7097 52.624 15.5
      vertex 73.7097 47.526 15.5
    endloop
  endfacet
  facet normal 0 0 -1
    outer loop
      vertex 73.6507 47.4743 15.5
      vertex 73.6507 52.6757 15.5
      vertex 73.7097 52.624 15.5
    endloop
  endfacet
  facet normal 0 0 -1
    outer loop
      vertex 68.5793 47.2796 15.5
      vertex 73.5207 47.2796 15.5
      vertex 68.6046 47.2053 15.5
    endloop
  endfacet
  facet normal 0 0 -1
    outer loop
      vertex 73.5207 47.2796 15.5
      vertex 68.5793 47.2796 15.5
      vertex 73.5554 47.35 15.5
    endloop
  endfacet
  facet normal 0 0 -1
    outer loop
      vertex 73.4954 47.2053 15.5
      vertex 68.6046 47.2053 15.5
      vertex 73.5207 47.2796 15.5
    endloop
  endfacet
  facet normal 0 0 -1
    outer loop
      vertex 68.5446 47.35 15.5
      vertex 73.5554 47.35 15.5
      vertex 68.5793 47.2796 15.5
    endloop
  endfacet
  facet normal 0 0 -1
    outer loop
      vertex 68.6046 47.2053 15.5
      vertex 73.4954 47.2053 15.5
      vertex 68.6199 47.1283 15.5
    endloop
  endfacet
  facet normal 0 0 -1
    outer loop
      vertex 73.6507 52.6757 15.5
      vertex 68.625 53.1 15.5
      vertex 73.599 52.7347 15.5
    endloop
  endfacet
  facet normal 0 0 -1
    outer loop
      vertex 73.4801 47.1283 15.5
      vertex 68.6199 47.1283 15.5
      vertex 73.4954 47.2053 15.5
    endloop
  endfacet
  facet normal 0 0 -1
    outer loop
      vertex 73.599 52.7347 15.5
      vertex 68.625 53.1 15.5
      vertex 73.5554 52.8 15.5
    endloop
  endfacet
  facet normal 0 0 -1
    outer loop
      vertex 68.6199 47.1283 15.5
      vertex 73.4801 47.1283 15.5
      vertex 68.625 47.05 15.5
    endloop
  endfacet
  facet normal 0 0 -1
    outer loop
      vertex 73.5554 52.8 15.5
      vertex 68.625 53.1 15.5
      vertex 73.5207 52.8704 15.5
    endloop
  endfacet
  facet normal 0 0 -1
    outer loop
      vertex 68.625 47.05 15.5
      vertex 73.4801 47.1283 15.5
      vertex 73.475 47.05 15.5
    endloop
  endfacet
  facet normal 0 0 -1
    outer loop
      vertex 73.5207 52.8704 15.5
      vertex 68.625 53.1 15.5
      vertex 73.4954 52.9447 15.5
    endloop
  endfacet
  facet normal 0 0 -1
    outer loop
      vertex 87.6699 33.9717 15.5
      vertex 97.35 13.9722 15.5
      vertex 87.6699 28.0783 15.5
    endloop
  endfacet
  facet normal 0 0 -1
    outer loop
      vertex 97.35 13.9722 15.5
      vertex 87.6699 33.9717 15.5
      vertex 87.675 34.05 15.5
    endloop
  endfacet
  facet normal 0 0 -1
    outer loop
      vertex 87.6546 28.1553 15.5
      vertex 87.6699 33.9717 15.5
      vertex 87.6699 28.0783 15.5
    endloop
  endfacet
  facet normal 0 0 -1
    outer loop
      vertex 87.6546 28.1553 15.5
      vertex 87.6546 33.8947 15.5
      vertex 87.6699 33.9717 15.5
    endloop
  endfacet
  facet normal 0 0 -1
    outer loop
      vertex 87.6293 28.2296 15.5
      vertex 87.6546 33.8947 15.5
      vertex 87.6546 28.1553 15.5
    endloop
  endfacet
  facet normal 0 0 -1
    outer loop
      vertex 87.6293 28.2296 15.5
      vertex 87.6293 33.8204 15.5
      vertex 87.6546 33.8947 15.5
    endloop
  endfacet
  facet normal 0 0 -1
    outer loop
      vertex 87.5946 28.3 15.5
      vertex 87.6293 33.8204 15.5
      vertex 87.6293 28.2296 15.5
    endloop
  endfacet
  facet normal 0 0 -1
    outer loop
      vertex 87.5946 28.3 15.5
      vertex 87.5946 33.75 15.5
      vertex 87.6293 33.8204 15.5
    endloop
  endfacet
  facet normal 0 0 -1
    outer loop
      vertex 87.551 28.3652 15.5
      vertex 87.5946 33.75 15.5
      vertex 87.5946 28.3 15.5
    endloop
  endfacet
  facet normal 0 0 -1
    outer loop
      vertex 87.551 28.3652 15.5
      vertex 87.551 33.6847 15.5
      vertex 87.5946 33.75 15.5
    endloop
  endfacet
  facet normal 0 0 -1
    outer loop
      vertex 87.4993 28.4243 15.5
      vertex 87.551 33.6847 15.5
      vertex 87.551 28.3652 15.5
    endloop
  endfacet
  facet normal 0 0 -1
    outer loop
      vertex 87.4993 28.4243 15.5
      vertex 87.4993 33.6257 15.5
      vertex 87.551 33.6847 15.5
    endloop
  endfacet
  facet normal 0 0 -1
    outer loop
      vertex 87.4402 28.476 15.5
      vertex 87.4993 33.6257 15.5
      vertex 87.4993 28.4243 15.5
    endloop
  endfacet
  facet normal 0 0 -1
    outer loop
      vertex 87.4402 28.476 15.5
      vertex 87.4402 33.574 15.5
      vertex 87.4993 33.6257 15.5
    endloop
  endfacet
  facet normal 0 0 -1
    outer loop
      vertex 87.375 28.5196 15.5
      vertex 87.4402 33.574 15.5
      vertex 87.4402 28.476 15.5
    endloop
  endfacet
  facet normal 0 0 -1
    outer loop
      vertex 87.375 28.5196 15.5
      vertex 87.375 33.5304 15.5
      vertex 87.4402 33.574 15.5
    endloop
  endfacet
  facet normal 0 0 -1
    outer loop
      vertex 87.3046 28.5543 15.5
      vertex 87.375 33.5304 15.5
      vertex 87.375 28.5196 15.5
    endloop
  endfacet
  facet normal 0 0 -1
    outer loop
      vertex 87.3046 28.5543 15.5
      vertex 87.3046 33.4957 15.5
      vertex 87.375 33.5304 15.5
    endloop
  endfacet
  facet normal 0 0 -1
    outer loop
      vertex 87.2303 28.5796 15.5
      vertex 87.3046 33.4957 15.5
      vertex 87.3046 28.5543 15.5
    endloop
  endfacet
  facet normal 0 0 -1
    outer loop
      vertex 87.2303 28.5796 15.5
      vertex 87.2303 33.4704 15.5
      vertex 87.3046 33.4957 15.5
    endloop
  endfacet
  facet normal 0 0 -1
    outer loop
      vertex 87.1533 28.5949 15.5
      vertex 87.2303 33.4704 15.5
      vertex 87.2303 28.5796 15.5
    endloop
  endfacet
  facet normal 0 0 -1
    outer loop
      vertex 87.1533 28.5949 15.5
      vertex 87.1533 33.4551 15.5
      vertex 87.2303 33.4704 15.5
    endloop
  endfacet
  facet normal 0 0 -1
    outer loop
      vertex 87.075 28.6 15.5
      vertex 87.1533 33.4551 15.5
      vertex 87.1533 28.5949 15.5
    endloop
  endfacet
  facet normal 0 0 -1
    outer loop
      vertex 87.075 28.6 15.5
      vertex 87.075 33.45 15.5
      vertex 87.1533 33.4551 15.5
    endloop
  endfacet
  facet normal 0 0 -1
    outer loop
      vertex 74.075 28.6 15.5
      vertex 87.075 33.45 15.5
      vertex 87.075 28.6 15.5
    endloop
  endfacet
  facet normal 0 0 -1
    outer loop
      vertex 74.075 28.6 15.5
      vertex 74.075 33.45 15.5
      vertex 87.075 33.45 15.5
    endloop
  endfacet
  facet normal 0 0 -1
    outer loop
      vertex 73.9967 28.5949 15.5
      vertex 74.075 33.45 15.5
      vertex 74.075 28.6 15.5
    endloop
  endfacet
  facet normal 0 0 -1
    outer loop
      vertex 73.9967 28.5949 15.5
      vertex 73.9967 33.4551 15.5
      vertex 74.075 33.45 15.5
    endloop
  endfacet
  facet normal 0 0 -1
    outer loop
      vertex 73.9197 28.5796 15.5
      vertex 73.9967 33.4551 15.5
      vertex 73.9967 28.5949 15.5
    endloop
  endfacet
  facet normal 0 0 -1
    outer loop
      vertex 73.9197 28.5796 15.5
      vertex 73.9197 33.4704 15.5
      vertex 73.9967 33.4551 15.5
    endloop
  endfacet
  facet normal 0 0 -1
    outer loop
      vertex 73.8454 28.5543 15.5
      vertex 73.9197 33.4704 15.5
      vertex 73.9197 28.5796 15.5
    endloop
  endfacet
  facet normal 0 0 -1
    outer loop
      vertex 73.8454 28.5543 15.5
      vertex 73.8454 33.4957 15.5
      vertex 73.9197 33.4704 15.5
    endloop
  endfacet
  facet normal 0 0 -1
    outer loop
      vertex 73.775 28.5196 15.5
      vertex 73.8454 33.4957 15.5
      vertex 73.8454 28.5543 15.5
    endloop
  endfacet
  facet normal 0 0 -1
    outer loop
      vertex 73.775 28.5196 15.5
      vertex 73.775 33.5304 15.5
      vertex 73.8454 33.4957 15.5
    endloop
  endfacet
  facet normal 0 0 -1
    outer loop
      vertex 73.7097 28.476 15.5
      vertex 73.775 33.5304 15.5
      vertex 73.775 28.5196 15.5
    endloop
  endfacet
  facet normal 0 0 -1
    outer loop
      vertex 73.7097 28.476 15.5
      vertex 73.7097 33.574 15.5
      vertex 73.775 33.5304 15.5
    endloop
  endfacet
  facet normal 0 0 -1
    outer loop
      vertex 73.6507 28.4243 15.5
      vertex 73.7097 33.574 15.5
      vertex 73.7097 28.476 15.5
    endloop
  endfacet
  facet normal 0 0 -1
    outer loop
      vertex 73.6507 28.4243 15.5
      vertex 73.6507 33.6257 15.5
      vertex 73.7097 33.574 15.5
    endloop
  endfacet
  facet normal 0 0 -1
    outer loop
      vertex 68.5793 28.2296 15.5
      vertex 73.5207 28.2296 15.5
      vertex 68.6046 28.1553 15.5
    endloop
  endfacet
  facet normal 0 0 -1
    outer loop
      vertex 73.5207 28.2296 15.5
      vertex 68.5793 28.2296 15.5
      vertex 73.5554 28.3 15.5
    endloop
  endfacet
  facet normal 0 0 -1
    outer loop
      vertex 73.4954 28.1553 15.5
      vertex 68.6046 28.1553 15.5
      vertex 73.5207 28.2296 15.5
    endloop
  endfacet
  facet normal 0 0 -1
    outer loop
      vertex 68.5446 28.3 15.5
      vertex 73.5554 28.3 15.5
      vertex 68.5793 28.2296 15.5
    endloop
  endfacet
  facet normal 0 0 -1
    outer loop
      vertex 68.6046 28.1553 15.5
      vertex 73.4954 28.1553 15.5
      vertex 68.6199 28.0783 15.5
    endloop
  endfacet
  facet normal 0 0 -1
    outer loop
      vertex 73.6507 33.6257 15.5
      vertex 68.625 34.05 15.5
      vertex 73.599 33.6847 15.5
    endloop
  endfacet
  facet normal 0 0 -1
    outer loop
      vertex 73.4801 28.0783 15.5
      vertex 68.6199 28.0783 15.5
      vertex 73.4954 28.1553 15.5
    endloop
  endfacet
  facet normal 0 0 -1
    outer loop
      vertex 73.599 33.6847 15.5
      vertex 68.625 34.05 15.5
      vertex 73.5554 33.75 15.5
    endloop
  endfacet
  facet normal 0 0 -1
    outer loop
      vertex 68.6199 28.0783 15.5
      vertex 73.4801 28.0783 15.5
      vertex 68.625 28 15.5
    endloop
  endfacet
  facet normal 0 0 -1
    outer loop
      vertex 73.5554 33.75 15.5
      vertex 68.625 34.05 15.5
      vertex 73.5207 33.8204 15.5
    endloop
  endfacet
  facet normal 0 0 -1
    outer loop
      vertex 68.625 28 15.5
      vertex 73.4801 28.0783 15.5
      vertex 73.475 28 15.5
    endloop
  endfacet
  facet normal 0 0 -1
    outer loop
      vertex 73.5207 33.8204 15.5
      vertex 68.625 34.05 15.5
      vertex 73.4954 33.8947 15.5
    endloop
  endfacet
  facet normal 0 0 -1
    outer loop
      vertex 98.1421 12.94 15.5
      vertex 108 8 15.5
      vertex 98.1855 12.7219 15.5
    endloop
  endfacet
  facet normal 0 0 -1
    outer loop
      vertex 108 8 15.5
      vertex 98.1855 93.2781 15.5
      vertex 98.2 93.5 15.5
    endloop
  endfacet
  facet normal 0 0 -1
    outer loop
      vertex 98.0706 13.1506 15.5
      vertex 108 8 15.5
      vertex 98.1421 12.94 15.5
    endloop
  endfacet
  facet normal 0 0 -1
    outer loop
      vertex 108 8 15.5
      vertex 98.1421 93.06 15.5
      vertex 98.1855 93.2781 15.5
    endloop
  endfacet
  facet normal 0 0 -1
    outer loop
      vertex 97.9722 13.35 15.5
      vertex 108 8 15.5
      vertex 98.0706 13.1506 15.5
    endloop
  endfacet
  facet normal 0 0 -1
    outer loop
      vertex 108 8 15.5
      vertex 98.0706 92.8494 15.5
      vertex 98.1421 93.06 15.5
    endloop
  endfacet
  facet normal 0 0 -1
    outer loop
      vertex 97.8487 13.5349 15.5
      vertex 108 8 15.5
      vertex 97.9722 13.35 15.5
    endloop
  endfacet
  facet normal 0 0 -1
    outer loop
      vertex 108 8 15.5
      vertex 97.9722 92.65 15.5
      vertex 98.0706 92.8494 15.5
    endloop
  endfacet
  facet normal 0 0 -1
    outer loop
      vertex 97.7021 13.7021 15.5
      vertex 108 8 15.5
      vertex 97.8487 13.5349 15.5
    endloop
  endfacet
  facet normal 0 0 -1
    outer loop
      vertex 108 8 15.5
      vertex 87.675 53.1 15.5
      vertex 97.9722 92.65 15.5
    endloop
  endfacet
  facet normal 0 0 -1
    outer loop
      vertex 87.675 34.05 15.5
      vertex 108 8 15.5
      vertex 97.7021 13.7021 15.5
    endloop
  endfacet
  facet normal 0 0 -1
    outer loop
      vertex 97.9722 92.65 15.5
      vertex 87.675 53.1 15.5
      vertex 97.8487 92.4651 15.5
    endloop
  endfacet
  facet normal 0 0 -1
    outer loop
      vertex 87.675 34.05 15.5
      vertex 97.7021 13.7021 15.5
      vertex 97.5349 13.8487 15.5
    endloop
  endfacet
  facet normal 0 0 -1
    outer loop
      vertex 87.675 66.1 15.5
      vertex 97.8487 92.4651 15.5
      vertex 87.675 53.1 15.5
    endloop
  endfacet
  facet normal 0 0 -1
    outer loop
      vertex 87.675 34.05 15.5
      vertex 97.5349 13.8487 15.5
      vertex 97.35 13.9722 15.5
    endloop
  endfacet
  facet normal 0 0 -1
    outer loop
      vertex 97.8487 92.4651 15.5
      vertex 87.675 66.1 15.5
      vertex 97.7021 92.2979 15.5
    endloop
  endfacet
  facet normal 0 0 -1
    outer loop
      vertex 87.6699 28.0783 15.5
      vertex 97.1506 14.0706 15.5
      vertex 87.675 28 15.5
    endloop
  endfacet
  facet normal 0 0 -1
    outer loop
      vertex 87.6699 66.1783 15.5
      vertex 97.7021 92.2979 15.5
      vertex 87.675 66.1 15.5
    endloop
  endfacet
  facet normal 0 0 -1
    outer loop
      vertex 87.675 28 15.5
      vertex 97.1506 14.0706 15.5
      vertex 96.94 14.1421 15.5
    endloop
  endfacet
  facet normal 0 0 -1
    outer loop
      vertex 97.7021 92.2979 15.5
      vertex 87.6699 66.1783 15.5
      vertex 97.5349 92.1513 15.5
    endloop
  endfacet
  facet normal 0 0 -1
    outer loop
      vertex 87.675 28 15.5
      vertex 96.94 14.1421 15.5
      vertex 96.7219 14.1855 15.5
    endloop
  endfacet
  facet normal 0 0 -1
    outer loop
      vertex 87.6546 66.2553 15.5
      vertex 97.5349 92.1513 15.5
      vertex 87.6699 66.1783 15.5
    endloop
  endfacet
  facet normal 0 0 -1
    outer loop
      vertex 87.675 28 15.5
      vertex 96.7219 14.1855 15.5
      vertex 96.5 14.2 15.5
    endloop
  endfacet
  facet normal 0 0 -1
    outer loop
      vertex 97.5349 92.1513 15.5
      vertex 87.6546 66.2553 15.5
      vertex 97.35 92.0278 15.5
    endloop
  endfacet
  facet normal 0 0 -1
    outer loop
      vertex 87.675 28 15.5
      vertex 96.5 14.2 15.5
      vertex 96.2781 14.1855 15.5
    endloop
  endfacet
  facet normal 0 0 -1
    outer loop
      vertex 87.6293 66.3296 15.5
      vertex 97.35 92.0278 15.5
      vertex 87.6546 66.2553 15.5
    endloop
  endfacet
  facet normal 0 0 -1
    outer loop
      vertex 87.675 28 15.5
      vertex 96.2781 14.1855 15.5
      vertex 96.06 14.1421 15.5
    endloop
  endfacet
  facet normal 0 0 -1
    outer loop
      vertex 97.35 92.0278 15.5
      vertex 87.6293 66.3296 15.5
      vertex 97.1506 91.9294 15.5
    endloop
  endfacet
  facet normal 0 0 -1
    outer loop
      vertex 87.675 28 15.5
      vertex 96.06 14.1421 15.5
      vertex 95.8494 14.0706 15.5
    endloop
  endfacet
  facet normal 0 0 -1
    outer loop
      vertex 87.5946 66.4 15.5
      vertex 97.1506 91.9294 15.5
      vertex 87.6293 66.3296 15.5
    endloop
  endfacet
  facet normal 0 0 -1
    outer loop
      vertex 87.675 15 15.5
      vertex 95.8494 14.0706 15.5
      vertex 95.65 13.9722 15.5
    endloop
  endfacet
  facet normal 0 0 -1
    outer loop
      vertex 97.1506 91.9294 15.5
      vertex 87.5946 66.4 15.5
      vertex 96.94 91.8579 15.5
    endloop
  endfacet
  facet normal 0 0 -1
    outer loop
      vertex 87.675 15 15.5
      vertex 95.65 13.9722 15.5
      vertex 95.4651 13.8487 15.5
    endloop
  endfacet
  facet normal 0 0 -1
    outer loop
      vertex 87.551 66.4652 15.5
      vertex 96.94 91.8579 15.5
      vertex 87.5946 66.4 15.5
    endloop
  endfacet
  facet normal 0 0 -1
    outer loop
      vertex 87.675 15 15.5
      vertex 95.4651 13.8487 15.5
      vertex 95.2979 13.7021 15.5
    endloop
  endfacet
  facet normal 0 0 -1
    outer loop
      vertex 96.94 91.8579 15.5
      vertex 87.551 66.4652 15.5
      vertex 96.7219 91.8145 15.5
    endloop
  endfacet
  facet normal 0 0 -1
    outer loop
      vertex 87.675 15 15.5
      vertex 95.2979 13.7021 15.5
      vertex 95.1513 13.5349 15.5
    endloop
  endfacet
  facet normal 0 0 -1
    outer loop
      vertex 87.4993 66.5243 15.5
      vertex 96.7219 91.8145 15.5
      vertex 87.551 66.4652 15.5
    endloop
  endfacet
  facet normal 0 0 -1
    outer loop
      vertex 87.675 15 15.5
      vertex 95.1513 13.5349 15.5
      vertex 95.0278 13.35 15.5
    endloop
  endfacet
  facet normal 0 0 -1
    outer loop
      vertex 96.7219 91.8145 15.5
      vertex 87.4993 66.5243 15.5
      vertex 96.5 91.8 15.5
    endloop
  endfacet
  facet normal 0 0 -1
    outer loop
      vertex 87.675 15 15.5
      vertex 95.0278 13.35 15.5
      vertex 94.9294 13.1506 15.5
    endloop
  endfacet
  facet normal 0 0 -1
    outer loop
      vertex 87.4402 66.576 15.5
      vertex 96.5 91.8 15.5
      vertex 87.4993 66.5243 15.5
    endloop
  endfacet
  facet normal 0 0 -1
    outer loop
      vertex 87.6699 14.9217 15.5
      vertex 94.9294 13.1506 15.5
      vertex 94.8579 12.94 15.5
    endloop
  endfacet
  facet normal -0 0 -1
    outer loop
      vertex 96.5 91.8 15.5
      vertex 87.4402 66.576 15.5
      vertex 96.2781 91.8145 15.5
    endloop
  endfacet
  facet normal 0 0 -1
    outer loop
      vertex 87.6293 14.7704 15.5
      vertex 94.8579 12.94 15.5
      vertex 94.8145 12.7219 15.5
    endloop
  endfacet
  facet normal 0 0 -1
    outer loop
      vertex 87.375 66.6196 15.5
      vertex 96.2781 91.8145 15.5
      vertex 87.4402 66.576 15.5
    endloop
  endfacet
  facet normal 0 0 -1
    outer loop
      vertex 87.5946 14.7 15.5
      vertex 94.8145 12.7219 15.5
      vertex 94.8 12.5 15.5
    endloop
  endfacet
  facet normal -0 0 -1
    outer loop
      vertex 96.2781 91.8145 15.5
      vertex 87.375 66.6196 15.5
      vertex 96.06 91.8579 15.5
    endloop
  endfacet
  facet normal 0 0 -1
    outer loop
      vertex 97.8487 11.4651 15.5
      vertex 108 8 15.5
      vertex 107.932 6.9558 15.5
    endloop
  endfacet
  facet normal 0 0 -1
    outer loop
      vertex 108 8 15.5
      vertex 98.2 93.5 15.5
      vertex 108 124 15.5
    endloop
  endfacet
  facet normal 0 0 -1
    outer loop
      vertex 97.8487 11.4651 15.5
      vertex 107.932 6.9558 15.5
      vertex 107.727 5.92944 15.5
    endloop
  endfacet
  facet normal 0 0 -1
    outer loop
      vertex 98.1855 93.7219 15.5
      vertex 108 124 15.5
      vertex 98.2 93.5 15.5
    endloop
  endfacet
  facet normal 0 0 -1
    outer loop
      vertex 97.7021 11.2979 15.5
      vertex 107.727 5.92944 15.5
      vertex 107.391 4.93854 15.5
    endloop
  endfacet
  facet normal 0 0 -1
    outer loop
      vertex 98.1421 93.94 15.5
      vertex 108 124 15.5
      vertex 98.1855 93.7219 15.5
    endloop
  endfacet
  facet normal 0 0 -1
    outer loop
      vertex 97.7021 11.2979 15.5
      vertex 107.391 4.93854 15.5
      vertex 106.928 4 15.5
    endloop
  endfacet
  facet normal 0 0 -1
    outer loop
      vertex 98.0706 94.1506 15.5
      vertex 108 124 15.5
      vertex 98.1421 93.94 15.5
    endloop
  endfacet
  facet normal 0 0 -1
    outer loop
      vertex 97.7021 11.2979 15.5
      vertex 106.928 4 15.5
      vertex 106.347 3.12991 15.5
    endloop
  endfacet
  facet normal 0 0 -1
    outer loop
      vertex 97.9722 94.35 15.5
      vertex 108 124 15.5
      vertex 98.0706 94.1506 15.5
    endloop
  endfacet
  facet normal 0 0 -1
    outer loop
      vertex 97.5349 11.1513 15.5
      vertex 106.347 3.12991 15.5
      vertex 105.657 2.34314 15.5
    endloop
  endfacet
  facet normal 0 0 -1
    outer loop
      vertex 97.8487 94.5349 15.5
      vertex 108 124 15.5
      vertex 97.9722 94.35 15.5
    endloop
  endfacet
  facet normal 0 0 -1
    outer loop
      vertex 97.5349 11.1513 15.5
      vertex 105.657 2.34314 15.5
      vertex 104.87 1.65317 15.5
    endloop
  endfacet
  facet normal 0 0 -1
    outer loop
      vertex 97.7021 94.7021 15.5
      vertex 108 124 15.5
      vertex 97.8487 94.5349 15.5
    endloop
  endfacet
  facet normal 0 0 -1
    outer loop
      vertex 97.5349 11.1513 15.5
      vertex 104.87 1.65317 15.5
      vertex 104 1.07179 15.5
    endloop
  endfacet
  facet normal 0 0 -1
    outer loop
      vertex 97.5349 94.8487 15.5
      vertex 108 124 15.5
      vertex 97.7021 94.7021 15.5
    endloop
  endfacet
  facet normal 0 0 -1
    outer loop
      vertex 97.5349 11.1513 15.5
      vertex 104 1.07179 15.5
      vertex 103.061 0.608963 15.5
    endloop
  endfacet
  facet normal 0 0 -1
    outer loop
      vertex 97.35 94.9722 15.5
      vertex 108 124 15.5
      vertex 97.5349 94.8487 15.5
    endloop
  endfacet
  facet normal 0 0 -1
    outer loop
      vertex 97.35 11.0278 15.5
      vertex 103.061 0.608963 15.5
      vertex 102.071 0.272598 15.5
    endloop
  endfacet
  facet normal 0 0 -1
    outer loop
      vertex 97.1506 95.0706 15.5
      vertex 108 124 15.5
      vertex 97.35 94.9722 15.5
    endloop
  endfacet
  facet normal 0 0 -1
    outer loop
      vertex 97.35 11.0278 15.5
      vertex 102.071 0.272598 15.5
      vertex 101.044 0.0684357 15.5
    endloop
  endfacet
  facet normal 0 0 -1
    outer loop
      vertex 93 98 15.5
      vertex 108 124 15.5
      vertex 97.1506 95.0706 15.5
    endloop
  endfacet
  facet normal 0 0 -1
    outer loop
      vertex 97.35 11.0278 15.5
      vertex 101.044 0.0684357 15.5
      vertex 100 0 15.5
    endloop
  endfacet
  facet normal 0 0 -1
    outer loop
      vertex 93 123 15.5
      vertex 108 124 15.5
      vertex 93 98 15.5
    endloop
  endfacet
  facet normal 0 0 -1
    outer loop
      vertex 98.1855 12.7219 15.5
      vertex 108 8 15.5
      vertex 98.2 12.5 15.5
    endloop
  endfacet
  facet normal 0 0 -1
    outer loop
      vertex 108 8 15.5
      vertex 98.1855 12.2781 15.5
      vertex 98.2 12.5 15.5
    endloop
  endfacet
  facet normal 0 0 -1
    outer loop
      vertex 108 8 15.5
      vertex 98.1421 12.06 15.5
      vertex 98.1855 12.2781 15.5
    endloop
  endfacet
  facet normal 0 0 -1
    outer loop
      vertex 108 8 15.5
      vertex 98.0706 11.8494 15.5
      vertex 98.1421 12.06 15.5
    endloop
  endfacet
  facet normal 0 0 -1
    outer loop
      vertex 108 8 15.5
      vertex 97.9722 11.65 15.5
      vertex 98.0706 11.8494 15.5
    endloop
  endfacet
  facet normal 0 0 -1
    outer loop
      vertex 108 8 15.5
      vertex 97.8487 11.4651 15.5
      vertex 97.9722 11.65 15.5
    endloop
  endfacet
  facet normal 0 0 -1
    outer loop
      vertex 107.727 5.92944 15.5
      vertex 97.7021 11.2979 15.5
      vertex 97.8487 11.4651 15.5
    endloop
  endfacet
  facet normal 0 0 -1
    outer loop
      vertex 106.347 3.12991 15.5
      vertex 97.5349 11.1513 15.5
      vertex 97.7021 11.2979 15.5
    endloop
  endfacet
  facet normal 0 0 -1
    outer loop
      vertex 103.061 0.608963 15.5
      vertex 97.35 11.0278 15.5
      vertex 97.5349 11.1513 15.5
    endloop
  endfacet
  facet normal 0 0 -1
    outer loop
      vertex 100 0 15.5
      vertex 97.1506 10.9294 15.5
      vertex 97.35 11.0278 15.5
    endloop
  endfacet
  facet normal 0 0 -1
    outer loop
      vertex 100 0 15.5
      vertex 96.94 10.8579 15.5
      vertex 97.1506 10.9294 15.5
    endloop
  endfacet
  facet normal 0 0 -1
    outer loop
      vertex 100 0 15.5
      vertex 96.7219 10.8145 15.5
      vertex 96.94 10.8579 15.5
    endloop
  endfacet
  facet normal 0 0 -1
    outer loop
      vertex 100 0 15.5
      vertex 96.5 10.8 15.5
      vertex 96.7219 10.8145 15.5
    endloop
  endfacet
  facet normal 0 0 -1
    outer loop
      vertex 100 0 15.5
      vertex 96.2781 10.8145 15.5
      vertex 96.5 10.8 15.5
    endloop
  endfacet
  facet normal 0 0 -1
    outer loop
      vertex 100 0 15.5
      vertex 96.06 10.8579 15.5
      vertex 96.2781 10.8145 15.5
    endloop
  endfacet
  facet normal 0 0 -1
    outer loop
      vertex 100 0 15.5
      vertex 95.8494 10.9294 15.5
      vertex 96.06 10.8579 15.5
    endloop
  endfacet
  facet normal 0 0 -1
    outer loop
      vertex 100 0 15.5
      vertex 95.65 11.0278 15.5
      vertex 95.8494 10.9294 15.5
    endloop
  endfacet
  facet normal 0 0 -1
    outer loop
      vertex 100 0 15.5
      vertex 95.4651 11.1513 15.5
      vertex 95.65 11.0278 15.5
    endloop
  endfacet
  facet normal 0 0 -1
    outer loop
      vertex 87.075 14.4 15.5
      vertex 95.4651 11.1513 15.5
      vertex 100 0 15.5
    endloop
  endfacet
  facet normal 0 0 -1
    outer loop
      vertex 95.4651 11.1513 15.5
      vertex 87.075 14.4 15.5
      vertex 95.2979 11.2979 15.5
    endloop
  endfacet
  facet normal 0 -0 -1
    outer loop
      vertex 87.1533 14.4051 15.5
      vertex 95.2979 11.2979 15.5
      vertex 87.075 14.4 15.5
    endloop
  endfacet
  facet normal 0 0 -1
    outer loop
      vertex 95.2979 11.2979 15.5
      vertex 87.1533 14.4051 15.5
      vertex 95.1513 11.4651 15.5
    endloop
  endfacet
  facet normal 0 0 -1
    outer loop
      vertex 87.3046 66.6543 15.5
      vertex 96.06 91.8579 15.5
      vertex 87.375 66.6196 15.5
    endloop
  endfacet
  facet normal -0 0 -1
    outer loop
      vertex 96.06 91.8579 15.5
      vertex 87.3046 66.6543 15.5
      vertex 95.8494 91.9294 15.5
    endloop
  endfacet
  facet normal 0 0 -1
    outer loop
      vertex 87.551 14.6348 15.5
      vertex 94.8 12.5 15.5
      vertex 94.8145 12.2781 15.5
    endloop
  endfacet
  facet normal 0 0 -1
    outer loop
      vertex 97.1506 14.0706 15.5
      vertex 87.6699 28.0783 15.5
      vertex 97.35 13.9722 15.5
    endloop
  endfacet
  facet normal 0 0 -1
    outer loop
      vertex 95.8494 14.0706 15.5
      vertex 87.675 15 15.5
      vertex 87.675 28 15.5
    endloop
  endfacet
  facet normal 0 0 -1
    outer loop
      vertex 87.4993 14.5757 15.5
      vertex 94.8145 12.2781 15.5
      vertex 94.8579 12.06 15.5
    endloop
  endfacet
  facet normal 0 0 -1
    outer loop
      vertex 87.4402 14.524 15.5
      vertex 94.8579 12.06 15.5
      vertex 94.9294 11.8494 15.5
    endloop
  endfacet
  facet normal 0 -0 -1
    outer loop
      vertex 87.2303 14.4204 15.5
      vertex 95.1513 11.4651 15.5
      vertex 87.1533 14.4051 15.5
    endloop
  endfacet
  facet normal 0 0 -1
    outer loop
      vertex 94.9294 13.1506 15.5
      vertex 87.6699 14.9217 15.5
      vertex 87.675 15 15.5
    endloop
  endfacet
  facet normal 0 0 -1
    outer loop
      vertex 94.8579 12.94 15.5
      vertex 87.6546 14.8447 15.5
      vertex 87.6699 14.9217 15.5
    endloop
  endfacet
  facet normal 0 0 -1
    outer loop
      vertex 94.8579 12.94 15.5
      vertex 87.6293 14.7704 15.5
      vertex 87.6546 14.8447 15.5
    endloop
  endfacet
  facet normal 0 0 -1
    outer loop
      vertex 94.8145 12.7219 15.5
      vertex 87.5946 14.7 15.5
      vertex 87.6293 14.7704 15.5
    endloop
  endfacet
  facet normal 0 0 -1
    outer loop
      vertex 94.8 12.5 15.5
      vertex 87.551 14.6348 15.5
      vertex 87.5946 14.7 15.5
    endloop
  endfacet
  facet normal 0 0 -1
    outer loop
      vertex 94.8145 12.2781 15.5
      vertex 87.4993 14.5757 15.5
      vertex 87.551 14.6348 15.5
    endloop
  endfacet
  facet normal 0 0 -1
    outer loop
      vertex 94.8579 12.06 15.5
      vertex 87.4402 14.524 15.5
      vertex 87.4993 14.5757 15.5
    endloop
  endfacet
  facet normal 0 0 -1
    outer loop
      vertex 94.9294 11.8494 15.5
      vertex 87.375 14.4804 15.5
      vertex 87.4402 14.524 15.5
    endloop
  endfacet
  facet normal 0 0 -1
    outer loop
      vertex 94.9294 11.8494 15.5
      vertex 87.3046 14.4457 15.5
      vertex 87.375 14.4804 15.5
    endloop
  endfacet
  facet normal 0 0 -1
    outer loop
      vertex 95.0278 11.65 15.5
      vertex 87.3046 14.4457 15.5
      vertex 94.9294 11.8494 15.5
    endloop
  endfacet
  facet normal 0 -0 -1
    outer loop
      vertex 87.3046 14.4457 15.5
      vertex 95.0278 11.65 15.5
      vertex 87.2303 14.4204 15.5
    endloop
  endfacet
  facet normal 0 0 -1
    outer loop
      vertex 95.1513 11.4651 15.5
      vertex 87.2303 14.4204 15.5
      vertex 95.0278 11.65 15.5
    endloop
  endfacet
  facet normal 0 0 -1
    outer loop
      vertex 100 0 15.5
      vertex 74.075 14.4 15.5
      vertex 87.075 14.4 15.5
    endloop
  endfacet
  facet normal 0 0 -1
    outer loop
      vertex 100 0 15.5
      vertex 73.9967 14.4051 15.5
      vertex 74.075 14.4 15.5
    endloop
  endfacet
  facet normal 0 0 -1
    outer loop
      vertex 68.1033 14.4051 15.5
      vertex 73.9967 14.4051 15.5
      vertex 100 0 15.5
    endloop
  endfacet
  facet normal 0 0 -1
    outer loop
      vertex 73.9967 14.4051 15.5
      vertex 68.1033 14.4051 15.5
      vertex 73.9197 14.4204 15.5
    endloop
  endfacet
  facet normal 0 -0 -1
    outer loop
      vertex 68.1803 14.4204 15.5
      vertex 73.9197 14.4204 15.5
      vertex 68.1033 14.4051 15.5
    endloop
  endfacet
  facet normal 0 0 -1
    outer loop
      vertex 68.625 28 15.5
      vertex 73.475 28 15.5
      vertex 73.475 15 15.5
    endloop
  endfacet
  facet normal 0 0 -1
    outer loop
      vertex 73.4954 33.8947 15.5
      vertex 68.625 34.05 15.5
      vertex 73.4801 33.9717 15.5
    endloop
  endfacet
  facet normal 0 0 -1
    outer loop
      vertex 73.475 34.05 15.5
      vertex 68.625 34.05 15.5
      vertex 73.475 47.05 15.5
    endloop
  endfacet
  facet normal 0 0 -1
    outer loop
      vertex 68.625 47.05 15.5
      vertex 73.475 47.05 15.5
      vertex 68.625 34.05 15.5
    endloop
  endfacet
  facet normal 0 0 -1
    outer loop
      vertex 68.625 28 15.5
      vertex 73.475 15 15.5
      vertex 68.625 15 15.5
    endloop
  endfacet
  facet normal 0 0 -1
    outer loop
      vertex 73.4801 14.9217 15.5
      vertex 68.625 15 15.5
      vertex 73.475 15 15.5
    endloop
  endfacet
  facet normal 0 0 -1
    outer loop
      vertex 68.6199 14.9217 15.5
      vertex 73.4801 14.9217 15.5
      vertex 73.4954 14.8447 15.5
    endloop
  endfacet
  facet normal 0 0 -1
    outer loop
      vertex 68.6046 14.8447 15.5
      vertex 73.4954 14.8447 15.5
      vertex 73.5207 14.7704 15.5
    endloop
  endfacet
  facet normal 0 0 -1
    outer loop
      vertex 68.5793 14.7704 15.5
      vertex 73.5207 14.7704 15.5
      vertex 73.5554 14.7 15.5
    endloop
  endfacet
  facet normal 0 0 -1
    outer loop
      vertex 68.5446 14.7 15.5
      vertex 73.5554 14.7 15.5
      vertex 73.599 14.6348 15.5
    endloop
  endfacet
  facet normal 0 0 -1
    outer loop
      vertex 68.501 14.6348 15.5
      vertex 73.599 14.6348 15.5
      vertex 73.6507 14.5757 15.5
    endloop
  endfacet
  facet normal 0 0 -1
    outer loop
      vertex 68.4493 14.5757 15.5
      vertex 73.6507 14.5757 15.5
      vertex 73.7097 14.524 15.5
    endloop
  endfacet
  facet normal 0 0 -1
    outer loop
      vertex 68.3903 14.524 15.5
      vertex 73.7097 14.524 15.5
      vertex 73.775 14.4804 15.5
    endloop
  endfacet
  facet normal 0 0 -1
    outer loop
      vertex 73.9197 14.4204 15.5
      vertex 68.1803 14.4204 15.5
      vertex 73.8454 14.4457 15.5
    endloop
  endfacet
  facet normal 0 0 -1
    outer loop
      vertex 73.4801 14.9217 15.5
      vertex 68.6199 14.9217 15.5
      vertex 68.625 15 15.5
    endloop
  endfacet
  facet normal 0 0 -1
    outer loop
      vertex 73.4954 14.8447 15.5
      vertex 68.6046 14.8447 15.5
      vertex 68.6199 14.9217 15.5
    endloop
  endfacet
  facet normal 0 0 -1
    outer loop
      vertex 73.5207 14.7704 15.5
      vertex 68.5793 14.7704 15.5
      vertex 68.6046 14.8447 15.5
    endloop
  endfacet
  facet normal 0 0 -1
    outer loop
      vertex 73.5554 14.7 15.5
      vertex 68.5446 14.7 15.5
      vertex 68.5793 14.7704 15.5
    endloop
  endfacet
  facet normal 0 0 -1
    outer loop
      vertex 73.599 14.6348 15.5
      vertex 68.501 14.6348 15.5
      vertex 68.5446 14.7 15.5
    endloop
  endfacet
  facet normal 0 0 -1
    outer loop
      vertex 73.6507 14.5757 15.5
      vertex 68.4493 14.5757 15.5
      vertex 68.501 14.6348 15.5
    endloop
  endfacet
  facet normal 0 0 -1
    outer loop
      vertex 73.7097 14.524 15.5
      vertex 68.3903 14.524 15.5
      vertex 68.4493 14.5757 15.5
    endloop
  endfacet
  facet normal 0 0 -1
    outer loop
      vertex 73.775 14.4804 15.5
      vertex 68.325 14.4804 15.5
      vertex 68.3903 14.524 15.5
    endloop
  endfacet
  facet normal -0 0 -1
    outer loop
      vertex 73.775 14.4804 15.5
      vertex 68.2546 14.4457 15.5
      vertex 68.325 14.4804 15.5
    endloop
  endfacet
  facet normal 0 0 -1
    outer loop
      vertex 73.8454 14.4457 15.5
      vertex 68.2546 14.4457 15.5
      vertex 73.775 14.4804 15.5
    endloop
  endfacet
  facet normal 0 -0 -1
    outer loop
      vertex 68.2546 14.4457 15.5
      vertex 73.8454 14.4457 15.5
      vertex 68.1803 14.4204 15.5
    endloop
  endfacet
  facet normal 0 0 -1
    outer loop
      vertex 100 0 15.5
      vertex 68.025 14.4 15.5
      vertex 68.1033 14.4051 15.5
    endloop
  endfacet
  facet normal 0 0 -1
    outer loop
      vertex 100 0 15.5
      vertex 55.025 14.4 15.5
      vertex 68.025 14.4 15.5
    endloop
  endfacet
  facet normal 0 0 -1
    outer loop
      vertex 8 0 15.5
      vertex 55.025 14.4 15.5
      vertex 100 0 15.5
    endloop
  endfacet
  facet normal 0 -0 -1
    outer loop
      vertex 48.975 14.4 15.5
      vertex 55.025 14.4 15.5
      vertex 8 0 15.5
    endloop
  endfacet
  facet normal 0 0 -1
    outer loop
      vertex 49.575 28 15.5
      vertex 54.425 28 15.5
      vertex 54.425 15 15.5
    endloop
  endfacet
  facet normal 0 0 -1
    outer loop
      vertex 54.4454 33.8947 15.5
      vertex 49.575 34.05 15.5
      vertex 54.4301 33.9717 15.5
    endloop
  endfacet
  facet normal 0 0 -1
    outer loop
      vertex 54.425 34.05 15.5
      vertex 49.575 34.05 15.5
      vertex 54.425 47.05 15.5
    endloop
  endfacet
  facet normal 0 0 -1
    outer loop
      vertex 49.575 47.05 15.5
      vertex 54.425 47.05 15.5
      vertex 49.575 34.05 15.5
    endloop
  endfacet
  facet normal 0 0 -1
    outer loop
      vertex 54.4301 53.0217 15.5
      vertex 49.575 53.1 15.5
      vertex 54.425 53.1 15.5
    endloop
  endfacet
  facet normal 0 0 -1
    outer loop
      vertex 54.425 66.1 15.5
      vertex 50.1402 86.8499 15.5
      vertex 50.15 87 15.5
    endloop
  endfacet
  facet normal 0 0 -1
    outer loop
      vertex 49.5699 66.1783 15.5
      vertex 54.425 66.1 15.5
      vertex 49.575 66.1 15.5
    endloop
  endfacet
  facet normal 0 0 -1
    outer loop
      vertex 49.5546 66.2553 15.5
      vertex 54.425 66.1 15.5
      vertex 49.5699 66.1783 15.5
    endloop
  endfacet
  facet normal 0 0 -1
    outer loop
      vertex 54.425 66.1 15.5
      vertex 50.1108 86.7024 15.5
      vertex 50.1402 86.8499 15.5
    endloop
  endfacet
  facet normal 0 0 -1
    outer loop
      vertex 49.5293 66.3296 15.5
      vertex 54.425 66.1 15.5
      vertex 49.5546 66.2553 15.5
    endloop
  endfacet
  facet normal 0 0 -1
    outer loop
      vertex 54.425 66.1 15.5
      vertex 50.0625 86.5599 15.5
      vertex 50.1108 86.7024 15.5
    endloop
  endfacet
  facet normal 0 0 -1
    outer loop
      vertex 49.4946 66.4 15.5
      vertex 54.425 66.1 15.5
      vertex 49.5293 66.3296 15.5
    endloop
  endfacet
  facet normal 0 0 -1
    outer loop
      vertex 49.575 15 15.5
      vertex 54.425 15 15.5
      vertex 54.4301 14.9217 15.5
    endloop
  endfacet
  facet normal 0 0 -1
    outer loop
      vertex 54.425 15 15.5
      vertex 49.575 15 15.5
      vertex 49.575 28 15.5
    endloop
  endfacet
  facet normal 0 0 -1
    outer loop
      vertex 49.5699 14.9217 15.5
      vertex 54.4301 14.9217 15.5
      vertex 54.4454 14.8447 15.5
    endloop
  endfacet
  facet normal 0 0 -1
    outer loop
      vertex 49.5546 14.8447 15.5
      vertex 54.4454 14.8447 15.5
      vertex 54.4707 14.7704 15.5
    endloop
  endfacet
  facet normal 0 0 -1
    outer loop
      vertex 49.5293 14.7704 15.5
      vertex 54.4707 14.7704 15.5
      vertex 54.5054 14.7 15.5
    endloop
  endfacet
  facet normal 0 0 -1
    outer loop
      vertex 49.4946 14.7 15.5
      vertex 54.5054 14.7 15.5
      vertex 54.549 14.6348 15.5
    endloop
  endfacet
  facet normal 0 0 -1
    outer loop
      vertex 49.451 14.6348 15.5
      vertex 54.549 14.6348 15.5
      vertex 54.6007 14.5757 15.5
    endloop
  endfacet
  facet normal 0 0 -1
    outer loop
      vertex 49.3993 14.5757 15.5
      vertex 54.6007 14.5757 15.5
      vertex 54.6598 14.524 15.5
    endloop
  endfacet
  facet normal 0 0 -1
    outer loop
      vertex 49.3402 14.524 15.5
      vertex 54.6598 14.524 15.5
      vertex 54.725 14.4804 15.5
    endloop
  endfacet
  facet normal 0 0 -1
    outer loop
      vertex 49.275 14.4804 15.5
      vertex 54.725 14.4804 15.5
      vertex 54.7954 14.4457 15.5
    endloop
  endfacet
  facet normal 0 0 -1
    outer loop
      vertex 49.2046 14.4457 15.5
      vertex 54.7954 14.4457 15.5
      vertex 54.8697 14.4204 15.5
    endloop
  endfacet
  facet normal 0 0 -1
    outer loop
      vertex 55.025 14.4 15.5
      vertex 48.975 14.4 15.5
      vertex 54.9467 14.4051 15.5
    endloop
  endfacet
  facet normal 0 0 -1
    outer loop
      vertex 54.4301 14.9217 15.5
      vertex 49.5699 14.9217 15.5
      vertex 49.575 15 15.5
    endloop
  endfacet
  facet normal 0 0 -1
    outer loop
      vertex 54.4454 14.8447 15.5
      vertex 49.5546 14.8447 15.5
      vertex 49.5699 14.9217 15.5
    endloop
  endfacet
  facet normal 0 0 -1
    outer loop
      vertex 54.4707 14.7704 15.5
      vertex 49.5293 14.7704 15.5
      vertex 49.5546 14.8447 15.5
    endloop
  endfacet
  facet normal 0 0 -1
    outer loop
      vertex 54.5054 14.7 15.5
      vertex 49.4946 14.7 15.5
      vertex 49.5293 14.7704 15.5
    endloop
  endfacet
  facet normal 0 0 -1
    outer loop
      vertex 54.549 14.6348 15.5
      vertex 49.451 14.6348 15.5
      vertex 49.4946 14.7 15.5
    endloop
  endfacet
  facet normal 0 0 -1
    outer loop
      vertex 54.6007 14.5757 15.5
      vertex 49.3993 14.5757 15.5
      vertex 49.451 14.6348 15.5
    endloop
  endfacet
  facet normal 0 0 -1
    outer loop
      vertex 54.6598 14.524 15.5
      vertex 49.3402 14.524 15.5
      vertex 49.3993 14.5757 15.5
    endloop
  endfacet
  facet normal 0 0 -1
    outer loop
      vertex 54.725 14.4804 15.5
      vertex 49.275 14.4804 15.5
      vertex 49.3402 14.524 15.5
    endloop
  endfacet
  facet normal 0 0 -1
    outer loop
      vertex 54.7954 14.4457 15.5
      vertex 49.2046 14.4457 15.5
      vertex 49.275 14.4804 15.5
    endloop
  endfacet
  facet normal 0 0 -1
    outer loop
      vertex 54.8697 14.4204 15.5
      vertex 49.1303 14.4204 15.5
      vertex 49.2046 14.4457 15.5
    endloop
  endfacet
  facet normal -0 0 -1
    outer loop
      vertex 54.8697 14.4204 15.5
      vertex 49.0533 14.4051 15.5
      vertex 49.1303 14.4204 15.5
    endloop
  endfacet
  facet normal 0 0 -1
    outer loop
      vertex 54.9467 14.4051 15.5
      vertex 49.0533 14.4051 15.5
      vertex 54.8697 14.4204 15.5
    endloop
  endfacet
  facet normal 0 -0 -1
    outer loop
      vertex 49.0533 14.4051 15.5
      vertex 54.9467 14.4051 15.5
      vertex 48.975 14.4 15.5
    endloop
  endfacet
  facet normal -0 0 -1
    outer loop
      vertex 48.975 14.4 15.5
      vertex 8 0 15.5
      vertex 35.975 14.4 15.5
    endloop
  endfacet
  facet normal -0 0 -1
    outer loop
      vertex 35.975 14.4 15.5
      vertex 8 0 15.5
      vertex 35.8967 14.4051 15.5
    endloop
  endfacet
  facet normal 0 0 -1
    outer loop
      vertex 30.525 28 15.5
      vertex 35.375 28 15.5
      vertex 35.375 15 15.5
    endloop
  endfacet
  facet normal 0 0 -1
    outer loop
      vertex 35.3954 33.8947 15.5
      vertex 30.525 34.05 15.5
      vertex 35.3801 33.9717 15.5
    endloop
  endfacet
  facet normal 0 0 -1
    outer loop
      vertex 35.375 34.05 15.5
      vertex 30.525 34.05 15.5
      vertex 35.375 47.05 15.5
    endloop
  endfacet
  facet normal 0 0 -1
    outer loop
      vertex 30.525 47.05 15.5
      vertex 35.375 47.05 15.5
      vertex 30.525 34.05 15.5
    endloop
  endfacet
  facet normal 0 0 -1
    outer loop
      vertex 35.3801 53.0217 15.5
      vertex 30.525 53.1 15.5
      vertex 35.375 53.1 15.5
    endloop
  endfacet
  facet normal 0 0 -1
    outer loop
      vertex 35.375 66.1 15.5
      vertex 35.1402 86.8499 15.5
      vertex 35.15 87 15.5
    endloop
  endfacet
  facet normal 0 0 -1
    outer loop
      vertex 35.375 66.1 15.5
      vertex 35.1108 86.7024 15.5
      vertex 35.1402 86.8499 15.5
    endloop
  endfacet
  facet normal 0 0 -1
    outer loop
      vertex 30.525 66.1 15.5
      vertex 35.375 66.1 15.5
      vertex 30.525 53.1 15.5
    endloop
  endfacet
  facet normal 0 0 -1
    outer loop
      vertex 35.375 66.1 15.5
      vertex 35.0625 86.5599 15.5
      vertex 35.1108 86.7024 15.5
    endloop
  endfacet
  facet normal 0 0 -1
    outer loop
      vertex 30.5199 66.1783 15.5
      vertex 35.375 66.1 15.5
      vertex 30.525 66.1 15.5
    endloop
  endfacet
  facet normal 0 0 -1
    outer loop
      vertex 35.375 66.1 15.5
      vertex 34.9959 86.425 15.5
      vertex 35.0625 86.5599 15.5
    endloop
  endfacet
  facet normal 0 0 -1
    outer loop
      vertex 30.5046 66.2553 15.5
      vertex 35.375 66.1 15.5
      vertex 30.5199 66.1783 15.5
    endloop
  endfacet
  facet normal 0 0 -1
    outer loop
      vertex 35.375 66.1 15.5
      vertex 34.9124 86.2999 15.5
      vertex 34.9959 86.425 15.5
    endloop
  endfacet
  facet normal 0 0 -1
    outer loop
      vertex 30.4793 66.3296 15.5
      vertex 35.375 66.1 15.5
      vertex 30.5046 66.2553 15.5
    endloop
  endfacet
  facet normal 0 0 -1
    outer loop
      vertex 35.375 66.1 15.5
      vertex 34.8132 86.1868 15.5
      vertex 34.9124 86.2999 15.5
    endloop
  endfacet
  facet normal 0 0 -1
    outer loop
      vertex 30.4446 66.4 15.5
      vertex 35.375 66.1 15.5
      vertex 30.4793 66.3296 15.5
    endloop
  endfacet
  facet normal 0 0 -1
    outer loop
      vertex 35.375 66.1 15.5
      vertex 34.7001 86.0876 15.5
      vertex 34.8132 86.1868 15.5
    endloop
  endfacet
  facet normal 0 0 -1
    outer loop
      vertex 30.401 66.4652 15.5
      vertex 35.375 66.1 15.5
      vertex 30.4446 66.4 15.5
    endloop
  endfacet
  facet normal 0 0 -1
    outer loop
      vertex 35.375 66.1 15.5
      vertex 34.575 86.0041 15.5
      vertex 34.7001 86.0876 15.5
    endloop
  endfacet
  facet normal 0 0 -1
    outer loop
      vertex 30.3493 66.5243 15.5
      vertex 35.375 66.1 15.5
      vertex 30.401 66.4652 15.5
    endloop
  endfacet
  facet normal 0 0 -1
    outer loop
      vertex 35.375 66.1 15.5
      vertex 34.4401 85.9375 15.5
      vertex 34.575 86.0041 15.5
    endloop
  endfacet
  facet normal 0 0 -1
    outer loop
      vertex 30.2902 66.576 15.5
      vertex 35.375 66.1 15.5
      vertex 30.3493 66.5243 15.5
    endloop
  endfacet
  facet normal 0 0 -1
    outer loop
      vertex 35.375 66.1 15.5
      vertex 34.2976 85.8892 15.5
      vertex 34.4401 85.9375 15.5
    endloop
  endfacet
  facet normal 0 0 -1
    outer loop
      vertex 30.225 66.6196 15.5
      vertex 35.375 66.1 15.5
      vertex 30.2902 66.576 15.5
    endloop
  endfacet
  facet normal 0 0 -1
    outer loop
      vertex 35.375 66.1 15.5
      vertex 34.1501 85.8598 15.5
      vertex 34.2976 85.8892 15.5
    endloop
  endfacet
  facet normal 0 0 -1
    outer loop
      vertex 30.1546 66.6543 15.5
      vertex 35.375 66.1 15.5
      vertex 30.225 66.6196 15.5
    endloop
  endfacet
  facet normal 0 0 -1
    outer loop
      vertex 35.375 66.1 15.5
      vertex 34 85.85 15.5
      vertex 34.1501 85.8598 15.5
    endloop
  endfacet
  facet normal 0 0 -1
    outer loop
      vertex 35.375 66.1 15.5
      vertex 30.1546 66.6543 15.5
      vertex 34 85.85 15.5
    endloop
  endfacet
  facet normal -0 0 -1
    outer loop
      vertex 34 85.85 15.5
      vertex 30.1546 66.6543 15.5
      vertex 33.8499 85.8598 15.5
    endloop
  endfacet
  facet normal 0 0 -1
    outer loop
      vertex 35.3801 33.9717 15.5
      vertex 30.525 34.05 15.5
      vertex 35.375 34.05 15.5
    endloop
  endfacet
  facet normal 0 0 -1
    outer loop
      vertex 30.525 28 15.5
      vertex 35.375 15 15.5
      vertex 30.525 15 15.5
    endloop
  endfacet
  facet normal 0 0 -1
    outer loop
      vertex 35.3801 14.9217 15.5
      vertex 30.525 15 15.5
      vertex 35.375 15 15.5
    endloop
  endfacet
  facet normal 0 0 -1
    outer loop
      vertex 30.5199 14.9217 15.5
      vertex 35.3801 14.9217 15.5
      vertex 35.3954 14.8447 15.5
    endloop
  endfacet
  facet normal 0 0 -1
    outer loop
      vertex 30.5046 14.8447 15.5
      vertex 35.3954 14.8447 15.5
      vertex 35.4207 14.7704 15.5
    endloop
  endfacet
  facet normal 0 0 -1
    outer loop
      vertex 30.4793 14.7704 15.5
      vertex 35.4207 14.7704 15.5
      vertex 35.4554 14.7 15.5
    endloop
  endfacet
  facet normal 0 0 -1
    outer loop
      vertex 30.4446 14.7 15.5
      vertex 35.4554 14.7 15.5
      vertex 35.499 14.6348 15.5
    endloop
  endfacet
  facet normal 0 0 -1
    outer loop
      vertex 30.401 14.6348 15.5
      vertex 35.499 14.6348 15.5
      vertex 35.5507 14.5757 15.5
    endloop
  endfacet
  facet normal 0 0 -1
    outer loop
      vertex 30.3493 14.5757 15.5
      vertex 35.5507 14.5757 15.5
      vertex 35.6097 14.524 15.5
    endloop
  endfacet
  facet normal 0 0 -1
    outer loop
      vertex 30.2902 14.524 15.5
      vertex 35.6097 14.524 15.5
      vertex 35.675 14.4804 15.5
    endloop
  endfacet
  facet normal 0 0 -1
    outer loop
      vertex 30.225 14.4804 15.5
      vertex 35.675 14.4804 15.5
      vertex 35.7454 14.4457 15.5
    endloop
  endfacet
  facet normal 0 0 -1
    outer loop
      vertex 30.1546 14.4457 15.5
      vertex 35.7454 14.4457 15.5
      vertex 35.8197 14.4204 15.5
    endloop
  endfacet
  facet normal 0 -0 -1
    outer loop
      vertex 30.0033 14.4051 15.5
      vertex 35.8967 14.4051 15.5
      vertex 8 0 15.5
    endloop
  endfacet
  facet normal 0 0 -1
    outer loop
      vertex 35.3801 14.9217 15.5
      vertex 30.5199 14.9217 15.5
      vertex 30.525 15 15.5
    endloop
  endfacet
  facet normal 0 0 -1
    outer loop
      vertex 35.3954 14.8447 15.5
      vertex 30.5046 14.8447 15.5
      vertex 30.5199 14.9217 15.5
    endloop
  endfacet
  facet normal 0 0 -1
    outer loop
      vertex 35.4207 14.7704 15.5
      vertex 30.4793 14.7704 15.5
      vertex 30.5046 14.8447 15.5
    endloop
  endfacet
  facet normal 0 0 -1
    outer loop
      vertex 35.4554 14.7 15.5
      vertex 30.4446 14.7 15.5
      vertex 30.4793 14.7704 15.5
    endloop
  endfacet
  facet normal 0 0 -1
    outer loop
      vertex 35.499 14.6348 15.5
      vertex 30.401 14.6348 15.5
      vertex 30.4446 14.7 15.5
    endloop
  endfacet
  facet normal 0 0 -1
    outer loop
      vertex 35.5507 14.5757 15.5
      vertex 30.3493 14.5757 15.5
      vertex 30.401 14.6348 15.5
    endloop
  endfacet
  facet normal 0 0 -1
    outer loop
      vertex 35.6097 14.524 15.5
      vertex 30.2902 14.524 15.5
      vertex 30.3493 14.5757 15.5
    endloop
  endfacet
  facet normal 0 0 -1
    outer loop
      vertex 35.675 14.4804 15.5
      vertex 30.225 14.4804 15.5
      vertex 30.2902 14.524 15.5
    endloop
  endfacet
  facet normal 0 0 -1
    outer loop
      vertex 35.7454 14.4457 15.5
      vertex 30.1546 14.4457 15.5
      vertex 30.225 14.4804 15.5
    endloop
  endfacet
  facet normal 0 0 -1
    outer loop
      vertex 35.8967 14.4051 15.5
      vertex 30.0033 14.4051 15.5
      vertex 35.8197 14.4204 15.5
    endloop
  endfacet
  facet normal 0 0 -1
    outer loop
      vertex 35.8197 14.4204 15.5
      vertex 30.0803 14.4204 15.5
      vertex 30.1546 14.4457 15.5
    endloop
  endfacet
  facet normal -0 0 -1
    outer loop
      vertex 35.8197 14.4204 15.5
      vertex 30.0033 14.4051 15.5
      vertex 30.0803 14.4204 15.5
    endloop
  endfacet
  facet normal 0 0 -1
    outer loop
      vertex 30.0033 14.4051 15.5
      vertex 8 0 15.5
      vertex 29.925 14.4 15.5
    endloop
  endfacet
  facet normal 0 -0 -1
    outer loop
      vertex 12.7021 11.2979 15.5
      vertex 29.925 14.4 15.5
      vertex 8 0 15.5
    endloop
  endfacet
  facet normal 0 0 -1
    outer loop
      vertex 12.9722 13.35 15.5
      vertex 16.3707 14.7704 15.5
      vertex 13.0706 13.1506 15.5
    endloop
  endfacet
  facet normal -0 0 -1
    outer loop
      vertex 16.3707 14.7704 15.5
      vertex 12.9722 13.35 15.5
      vertex 16.3454 14.8447 15.5
    endloop
  endfacet
  facet normal 0 0 -1
    outer loop
      vertex 12.8487 13.5349 15.5
      vertex 16.3454 14.8447 15.5
      vertex 12.9722 13.35 15.5
    endloop
  endfacet
  facet normal -0 0 -1
    outer loop
      vertex 16.3454 14.8447 15.5
      vertex 12.8487 13.5349 15.5
      vertex 16.3301 14.9217 15.5
    endloop
  endfacet
  facet normal -0 0 -1
    outer loop
      vertex 16.3301 14.9217 15.5
      vertex 12.8487 13.5349 15.5
      vertex 16.325 15 15.5
    endloop
  endfacet
  facet normal 0 0 -1
    outer loop
      vertex 13.1855 93.7219 15.5
      vertex 19 98 15.5
      vertex 13.2 93.5 15.5
    endloop
  endfacet
  facet normal 0 0 -1
    outer loop
      vertex 16.325 53.1 15.5
      vertex 13.2 93.5 15.5
      vertex 16.325 66.1 15.5
    endloop
  endfacet
  facet normal -0 0 -1
    outer loop
      vertex 16.4054 14.7 15.5
      vertex 13.0706 13.1506 15.5
      vertex 16.3707 14.7704 15.5
    endloop
  endfacet
  facet normal 0 0 -1
    outer loop
      vertex 13.0706 13.1506 15.5
      vertex 16.4054 14.7 15.5
      vertex 13.1421 12.94 15.5
    endloop
  endfacet
  facet normal -0 0 -1
    outer loop
      vertex 16.449 14.6348 15.5
      vertex 13.1421 12.94 15.5
      vertex 16.4054 14.7 15.5
    endloop
  endfacet
  facet normal -0 0 -1
    outer loop
      vertex 16.5007 14.5757 15.5
      vertex 13.1421 12.94 15.5
      vertex 16.449 14.6348 15.5
    endloop
  endfacet
  facet normal 0 0 -1
    outer loop
      vertex 13.1421 12.94 15.5
      vertex 16.5007 14.5757 15.5
      vertex 13.1855 12.7219 15.5
    endloop
  endfacet
  facet normal -0 0 -1
    outer loop
      vertex 16.5597 14.524 15.5
      vertex 13.1855 12.7219 15.5
      vertex 16.5007 14.5757 15.5
    endloop
  endfacet
  facet normal 0 0 -1
    outer loop
      vertex 13.1855 12.7219 15.5
      vertex 16.5597 14.524 15.5
      vertex 13.2 12.5 15.5
    endloop
  endfacet
  facet normal -0 0 -1
    outer loop
      vertex 16.625 14.4804 15.5
      vertex 13.2 12.5 15.5
      vertex 16.5597 14.524 15.5
    endloop
  endfacet
  facet normal -0 0 -1
    outer loop
      vertex 16.6954 14.4457 15.5
      vertex 13.2 12.5 15.5
      vertex 16.625 14.4804 15.5
    endloop
  endfacet
  facet normal 0 0 -1
    outer loop
      vertex 13.1855 12.2781 15.5
      vertex 16.6954 14.4457 15.5
      vertex 16.7697 14.4204 15.5
    endloop
  endfacet
  facet normal 0 0 -1
    outer loop
      vertex 13.1421 12.06 15.5
      vertex 16.7697 14.4204 15.5
      vertex 16.8467 14.4051 15.5
    endloop
  endfacet
  facet normal -0 0 -1
    outer loop
      vertex 29.925 14.4 15.5
      vertex 12.7021 11.2979 15.5
      vertex 16.925 14.4 15.5
    endloop
  endfacet
  facet normal 0 0 -1
    outer loop
      vertex 16.6954 14.4457 15.5
      vertex 13.1855 12.2781 15.5
      vertex 13.2 12.5 15.5
    endloop
  endfacet
  facet normal 0 0 -1
    outer loop
      vertex 16.7697 14.4204 15.5
      vertex 13.1421 12.06 15.5
      vertex 13.1855 12.2781 15.5
    endloop
  endfacet
  facet normal 0 0 -1
    outer loop
      vertex 16.8467 14.4051 15.5
      vertex 13.0706 11.8494 15.5
      vertex 13.1421 12.06 15.5
    endloop
  endfacet
  facet normal -0 0 -1
    outer loop
      vertex 16.925 14.4 15.5
      vertex 13.0706 11.8494 15.5
      vertex 16.8467 14.4051 15.5
    endloop
  endfacet
  facet normal 0 -0 -1
    outer loop
      vertex 12.8487 11.4651 15.5
      vertex 16.925 14.4 15.5
      vertex 12.7021 11.2979 15.5
    endloop
  endfacet
  facet normal 0 -0 -1
    outer loop
      vertex 13.0706 11.8494 15.5
      vertex 16.925 14.4 15.5
      vertex 12.9722 11.65 15.5
    endloop
  endfacet
  facet normal 0 -0 -1
    outer loop
      vertex 12.9722 11.65 15.5
      vertex 16.925 14.4 15.5
      vertex 12.8487 11.4651 15.5
    endloop
  endfacet
  facet normal 0 0 -1
    outer loop
      vertex 12.7021 11.2979 15.5
      vertex 8 0 15.5
      vertex 12.5349 11.1513 15.5
    endloop
  endfacet
  facet normal 0 0 -1
    outer loop
      vertex 12.5349 11.1513 15.5
      vertex 8 0 15.5
      vertex 12.35 11.0278 15.5
    endloop
  endfacet
  facet normal 0 0 -1
    outer loop
      vertex 12.35 11.0278 15.5
      vertex 8 0 15.5
      vertex 12.1506 10.9294 15.5
    endloop
  endfacet
  facet normal 0 0 -1
    outer loop
      vertex 12.1506 10.9294 15.5
      vertex 8 0 15.5
      vertex 11.94 10.8579 15.5
    endloop
  endfacet
  facet normal 0 0 -1
    outer loop
      vertex 11.94 10.8579 15.5
      vertex 8 0 15.5
      vertex 11.7219 10.8145 15.5
    endloop
  endfacet
  facet normal 0 0 -1
    outer loop
      vertex 11.7219 10.8145 15.5
      vertex 8 0 15.5
      vertex 11.5 10.8 15.5
    endloop
  endfacet
  facet normal -0 0 -1
    outer loop
      vertex 10.4651 11.1513 15.5
      vertex 1.65317 3.12991 15.5
      vertex 10.2979 11.2979 15.5
    endloop
  endfacet
  facet normal 0 0 -1
    outer loop
      vertex 1.65317 3.12991 15.5
      vertex 10.4651 11.1513 15.5
      vertex 2.34314 2.34314 15.5
    endloop
  endfacet
  facet normal 0 0 -1
    outer loop
      vertex 2.34314 2.34314 15.5
      vertex 10.4651 11.1513 15.5
      vertex 3.12991 1.65317 15.5
    endloop
  endfacet
  facet normal 0 0 -1
    outer loop
      vertex 3.12991 1.65317 15.5
      vertex 10.4651 11.1513 15.5
      vertex 4 1.07179 15.5
    endloop
  endfacet
  facet normal 0 0 -1
    outer loop
      vertex 4 1.07179 15.5
      vertex 10.4651 11.1513 15.5
      vertex 4.93854 0.608963 15.5
    endloop
  endfacet
  facet normal -0 0 -1
    outer loop
      vertex 10.65 11.0278 15.5
      vertex 4.93854 0.608963 15.5
      vertex 10.4651 11.1513 15.5
    endloop
  endfacet
  facet normal 0 0 -1
    outer loop
      vertex 4.93854 0.608963 15.5
      vertex 10.65 11.0278 15.5
      vertex 5.92944 0.272598 15.5
    endloop
  endfacet
  facet normal 0 0 -1
    outer loop
      vertex 5.92944 0.272598 15.5
      vertex 10.65 11.0278 15.5
      vertex 6.9558 0.0684357 15.5
    endloop
  endfacet
  facet normal 0 0 -1
    outer loop
      vertex 6.9558 0.0684357 15.5
      vertex 10.65 11.0278 15.5
      vertex 8 0 15.5
    endloop
  endfacet
  facet normal -0 0 -1
    outer loop
      vertex 10.8494 10.9294 15.5
      vertex 8 0 15.5
      vertex 10.65 11.0278 15.5
    endloop
  endfacet
  facet normal -0 0 -1
    outer loop
      vertex 11.06 10.8579 15.5
      vertex 8 0 15.5
      vertex 10.8494 10.9294 15.5
    endloop
  endfacet
  facet normal -0 0 -1
    outer loop
      vertex 11.2781 10.8145 15.5
      vertex 8 0 15.5
      vertex 11.06 10.8579 15.5
    endloop
  endfacet
  facet normal -0 0 -1
    outer loop
      vertex 11.5 10.8 15.5
      vertex 8 0 15.5
      vertex 11.2781 10.8145 15.5
    endloop
  endfacet
  facet normal -0 0 -1
    outer loop
      vertex 108 124 15.5
      vertex 93 123 15.5
      vertex 107.932 125.044 15.5
    endloop
  endfacet
  facet normal -0 0 -1
    outer loop
      vertex 107.391 127.061 15.5
      vertex 93 123 15.5
      vertex 106.928 128 15.5
    endloop
  endfacet
  facet normal -0 0 -1
    outer loop
      vertex 106.928 128 15.5
      vertex 93 123 15.5
      vertex 106.347 128.87 15.5
    endloop
  endfacet
  facet normal -0 0 -1
    outer loop
      vertex 105.657 129.657 15.5
      vertex 93 123 15.5
      vertex 104.87 130.347 15.5
    endloop
  endfacet
  facet normal -0 0 -1
    outer loop
      vertex 104.87 130.347 15.5
      vertex 93 123 15.5
      vertex 104 130.928 15.5
    endloop
  endfacet
  facet normal -0 0 -1
    outer loop
      vertex 103.061 131.391 15.5
      vertex 93 123 15.5
      vertex 102.071 131.727 15.5
    endloop
  endfacet
  facet normal -0 0 -1
    outer loop
      vertex 102.071 131.727 15.5
      vertex 93 123 15.5
      vertex 101.044 131.932 15.5
    endloop
  endfacet
  facet normal -0 0 -1
    outer loop
      vertex 104 130.928 15.5
      vertex 93 123 15.5
      vertex 103.061 131.391 15.5
    endloop
  endfacet
  facet normal -0 0 -1
    outer loop
      vertex 106.347 128.87 15.5
      vertex 93 123 15.5
      vertex 105.657 129.657 15.5
    endloop
  endfacet
  facet normal -0 0 -1
    outer loop
      vertex 107.932 125.044 15.5
      vertex 93 123 15.5
      vertex 107.727 126.071 15.5
    endloop
  endfacet
  facet normal 0 0 -1
    outer loop
      vertex 93 98 15.5
      vertex 97.1506 95.0706 15.5
      vertex 96.94 95.1421 15.5
    endloop
  endfacet
  facet normal 0 0 -1
    outer loop
      vertex 93 98 15.5
      vertex 96.94 95.1421 15.5
      vertex 96.7219 95.1855 15.5
    endloop
  endfacet
  facet normal 0 0 -1
    outer loop
      vertex 93 98 15.5
      vertex 96.7219 95.1855 15.5
      vertex 96.5 95.2 15.5
    endloop
  endfacet
  facet normal 0 0 -1
    outer loop
      vertex 93 98 15.5
      vertex 96.5 95.2 15.5
      vertex 96.2781 95.1855 15.5
    endloop
  endfacet
  facet normal 0 0 -1
    outer loop
      vertex 93 98 15.5
      vertex 96.2781 95.1855 15.5
      vertex 96.06 95.1421 15.5
    endloop
  endfacet
  facet normal 0 0 -1
    outer loop
      vertex 93 98 15.5
      vertex 96.06 95.1421 15.5
      vertex 95.8494 95.0706 15.5
    endloop
  endfacet
  facet normal 0 0 -1
    outer loop
      vertex 93 98 15.5
      vertex 95.8494 95.0706 15.5
      vertex 95.65 94.9722 15.5
    endloop
  endfacet
  facet normal 0 0 -1
    outer loop
      vertex 93 98 15.5
      vertex 95.65 94.9722 15.5
      vertex 95.4651 94.8487 15.5
    endloop
  endfacet
  facet normal 0 0 -1
    outer loop
      vertex 93 98 15.5
      vertex 95.4651 94.8487 15.5
      vertex 95.2979 94.7021 15.5
    endloop
  endfacet
  facet normal 0 0 -1
    outer loop
      vertex 93 98 15.5
      vertex 95.2979 94.7021 15.5
      vertex 95.1513 94.5349 15.5
    endloop
  endfacet
  facet normal 0 0 -1
    outer loop
      vertex 93 98 15.5
      vertex 95.1513 94.5349 15.5
      vertex 95.0278 94.35 15.5
    endloop
  endfacet
  facet normal 0 0 -1
    outer loop
      vertex 93 98 15.5
      vertex 95.0278 94.35 15.5
      vertex 94.9294 94.1506 15.5
    endloop
  endfacet
  facet normal 0 0 -1
    outer loop
      vertex 93 98 15.5
      vertex 94.9294 94.1506 15.5
      vertex 94.8579 93.94 15.5
    endloop
  endfacet
  facet normal 0 0 -1
    outer loop
      vertex 93 98 15.5
      vertex 94.8579 93.94 15.5
      vertex 94.8145 93.7219 15.5
    endloop
  endfacet
  facet normal 0 0 -1
    outer loop
      vertex 93 98 15.5
      vertex 94.8145 93.7219 15.5
      vertex 94.8 93.5 15.5
    endloop
  endfacet
  facet normal -0 0 -1
    outer loop
      vertex 107.727 126.071 15.5
      vertex 93 123 15.5
      vertex 107.391 127.061 15.5
    endloop
  endfacet
  facet normal -0 0 -1
    outer loop
      vertex 101.044 131.932 15.5
      vertex 93 123 15.5
      vertex 100 132 15.5
    endloop
  endfacet
  facet normal 0 0 -1
    outer loop
      vertex 92.5 128.7 15.5
      vertex 93 123 15.5
      vertex 92.5 123 15.5
    endloop
  endfacet
  facet normal 0 0 -1
    outer loop
      vertex 93 123 15.5
      vertex 92.5 128.7 15.5
      vertex 100 132 15.5
    endloop
  endfacet
  facet normal 0 0 -1
    outer loop
      vertex 15.5 128.7 15.5
      vertex 100 132 15.5
      vertex 92.5 128.7 15.5
    endloop
  endfacet
  facet normal -0 0 -1
    outer loop
      vertex 19 98 15.5
      vertex 13.1855 93.7219 15.5
      vertex 15 98 15.5
    endloop
  endfacet
  facet normal 0 0 -1
    outer loop
      vertex 13.1421 93.94 15.5
      vertex 15 98 15.5
      vertex 13.1855 93.7219 15.5
    endloop
  endfacet
  facet normal 0 0 -1
    outer loop
      vertex 13.0706 94.1506 15.5
      vertex 15 98 15.5
      vertex 13.1421 93.94 15.5
    endloop
  endfacet
  facet normal 0 0 -1
    outer loop
      vertex 12.9722 94.35 15.5
      vertex 15 98 15.5
      vertex 13.0706 94.1506 15.5
    endloop
  endfacet
  facet normal 0 0 -1
    outer loop
      vertex 12.8487 94.5349 15.5
      vertex 15 98 15.5
      vertex 12.9722 94.35 15.5
    endloop
  endfacet
  facet normal 0 0 -1
    outer loop
      vertex 12.7021 94.7021 15.5
      vertex 15 98 15.5
      vertex 12.8487 94.5349 15.5
    endloop
  endfacet
  facet normal 0 0 -1
    outer loop
      vertex 12.5349 94.8487 15.5
      vertex 15 98 15.5
      vertex 12.7021 94.7021 15.5
    endloop
  endfacet
  facet normal 0 0 -1
    outer loop
      vertex 12.35 94.9722 15.5
      vertex 15 98 15.5
      vertex 12.5349 94.8487 15.5
    endloop
  endfacet
  facet normal 0 0 -1
    outer loop
      vertex 12.1506 95.0706 15.5
      vertex 15 98 15.5
      vertex 12.35 94.9722 15.5
    endloop
  endfacet
  facet normal 0 0 -1
    outer loop
      vertex 11.94 95.1421 15.5
      vertex 15 98 15.5
      vertex 12.1506 95.0706 15.5
    endloop
  endfacet
  facet normal 0 0 -1
    outer loop
      vertex 11.7219 95.1855 15.5
      vertex 15 98 15.5
      vertex 11.94 95.1421 15.5
    endloop
  endfacet
  facet normal 0 0 -1
    outer loop
      vertex 11.5 95.2 15.5
      vertex 15 98 15.5
      vertex 11.7219 95.1855 15.5
    endloop
  endfacet
  facet normal 0 0 -1
    outer loop
      vertex 11.2781 95.1855 15.5
      vertex 15 98 15.5
      vertex 11.5 95.2 15.5
    endloop
  endfacet
  facet normal 0 0 -1
    outer loop
      vertex 11.06 95.1421 15.5
      vertex 15 98 15.5
      vertex 11.2781 95.1855 15.5
    endloop
  endfacet
  facet normal 0 0 -1
    outer loop
      vertex 10.8494 95.0706 15.5
      vertex 15 98 15.5
      vertex 11.06 95.1421 15.5
    endloop
  endfacet
  facet normal 0 0 -1
    outer loop
      vertex 15 98 15.5
      vertex 0 124 15.5
      vertex 15 123 15.5
    endloop
  endfacet
  facet normal -0 0 -1
    outer loop
      vertex 15 98 15.5
      vertex 10.8494 95.0706 15.5
      vertex 0 124 15.5
    endloop
  endfacet
  facet normal 0 0 -1
    outer loop
      vertex 0 124 15.5
      vertex 10.8494 95.0706 15.5
      vertex 10.65 94.9722 15.5
    endloop
  endfacet
  facet normal 0 0 -1
    outer loop
      vertex 0 124 15.5
      vertex 10.65 94.9722 15.5
      vertex 10.4651 94.8487 15.5
    endloop
  endfacet
  facet normal 0 0 -1
    outer loop
      vertex 0 124 15.5
      vertex 10.4651 94.8487 15.5
      vertex 10.2979 94.7021 15.5
    endloop
  endfacet
  facet normal 0 0 -1
    outer loop
      vertex 0 124 15.5
      vertex 10.2979 94.7021 15.5
      vertex 10.1513 94.5349 15.5
    endloop
  endfacet
  facet normal 0 0 -1
    outer loop
      vertex 0 124 15.5
      vertex 10.1513 94.5349 15.5
      vertex 10.0278 94.35 15.5
    endloop
  endfacet
  facet normal 0 0 -1
    outer loop
      vertex 0 124 15.5
      vertex 10.0278 94.35 15.5
      vertex 9.9294 94.1506 15.5
    endloop
  endfacet
  facet normal 0 0 -1
    outer loop
      vertex 0 124 15.5
      vertex 9.9294 94.1506 15.5
      vertex 9.85793 93.94 15.5
    endloop
  endfacet
  facet normal 0 0 -1
    outer loop
      vertex 0 124 15.5
      vertex 9.85793 93.94 15.5
      vertex 9.81454 93.7219 15.5
    endloop
  endfacet
  facet normal 0 0 -1
    outer loop
      vertex 15.5 128.7 15.5
      vertex 8 132 15.5
      vertex 100 132 15.5
    endloop
  endfacet
  facet normal 0 -0 -1
    outer loop
      vertex 0.272598 126.071 15.5
      vertex 15 123 15.5
      vertex 0 124 15.5
    endloop
  endfacet
  facet normal 0 0 -1
    outer loop
      vertex 0 124 15.5
      vertex 9.81454 93.7219 15.5
      vertex 9.8 93.5 15.5
    endloop
  endfacet
  facet normal 0 0 -1
    outer loop
      vertex 0 124 15.5
      vertex 9.81454 93.2781 15.5
      vertex 0 8 15.5
    endloop
  endfacet
  facet normal 0 0 -1
    outer loop
      vertex 1.07179 4 15.5
      vertex 10.2979 11.2979 15.5
      vertex 1.65317 3.12991 15.5
    endloop
  endfacet
  facet normal 0 0 -1
    outer loop
      vertex 9.81454 93.2781 15.5
      vertex 0 124 15.5
      vertex 9.8 93.5 15.5
    endloop
  endfacet
  facet normal 0 0 -1
    outer loop
      vertex 0.608963 4.93854 15.5
      vertex 10.2979 11.2979 15.5
      vertex 1.07179 4 15.5
    endloop
  endfacet
  facet normal 0 0 -1
    outer loop
      vertex 15 123 15.5
      vertex 8 132 15.5
      vertex 15.5 128.7 15.5
    endloop
  endfacet
  facet normal 0 0 -1
    outer loop
      vertex 0.272598 5.92944 15.5
      vertex 10.2979 11.2979 15.5
      vertex 0.608963 4.93854 15.5
    endloop
  endfacet
  facet normal 0 0 -1
    outer loop
      vertex 15 123 15.5
      vertex 6.9558 131.932 15.5
      vertex 8 132 15.5
    endloop
  endfacet
  facet normal -0 0 -1
    outer loop
      vertex 10.2979 11.2979 15.5
      vertex 0.272598 5.92944 15.5
      vertex 10.1513 11.4651 15.5
    endloop
  endfacet
  facet normal 0 0 -1
    outer loop
      vertex 15 123 15.5
      vertex 5.92944 131.727 15.5
      vertex 6.9558 131.932 15.5
    endloop
  endfacet
  facet normal 0 0 -1
    outer loop
      vertex 0.0684357 6.9558 15.5
      vertex 10.1513 11.4651 15.5
      vertex 0.272598 5.92944 15.5
    endloop
  endfacet
  facet normal 0 0 -1
    outer loop
      vertex 15 123 15.5
      vertex 4.93854 131.391 15.5
      vertex 5.92944 131.727 15.5
    endloop
  endfacet
  facet normal 0 0 -1
    outer loop
      vertex 0 8 15.5
      vertex 10.1513 11.4651 15.5
      vertex 0.0684357 6.9558 15.5
    endloop
  endfacet
  facet normal 0 0 -1
    outer loop
      vertex 15 123 15.5
      vertex 4 130.928 15.5
      vertex 4.93854 131.391 15.5
    endloop
  endfacet
  facet normal -0 0 -1
    outer loop
      vertex 10.1513 11.4651 15.5
      vertex 0 8 15.5
      vertex 10.0278 11.65 15.5
    endloop
  endfacet
  facet normal 0 0 -1
    outer loop
      vertex 15 123 15.5
      vertex 3.12991 130.347 15.5
      vertex 4 130.928 15.5
    endloop
  endfacet
  facet normal -0 0 -1
    outer loop
      vertex 10.0278 11.65 15.5
      vertex 0 8 15.5
      vertex 9.9294 11.8494 15.5
    endloop
  endfacet
  facet normal 0 0 -1
    outer loop
      vertex 15 123 15.5
      vertex 2.34314 129.657 15.5
      vertex 3.12991 130.347 15.5
    endloop
  endfacet
  facet normal -0 0 -1
    outer loop
      vertex 9.9294 11.8494 15.5
      vertex 0 8 15.5
      vertex 9.85793 12.06 15.5
    endloop
  endfacet
  facet normal 0 0 -1
    outer loop
      vertex 15 123 15.5
      vertex 1.65317 128.87 15.5
      vertex 2.34314 129.657 15.5
    endloop
  endfacet
  facet normal -0 0 -1
    outer loop
      vertex 9.85793 12.06 15.5
      vertex 0 8 15.5
      vertex 9.81454 12.2781 15.5
    endloop
  endfacet
  facet normal 0 0 -1
    outer loop
      vertex 15 123 15.5
      vertex 1.07179 128 15.5
      vertex 1.65317 128.87 15.5
    endloop
  endfacet
  facet normal -0 0 -1
    outer loop
      vertex 9.81454 12.2781 15.5
      vertex 0 8 15.5
      vertex 9.8 12.5 15.5
    endloop
  endfacet
  facet normal 0 0 -1
    outer loop
      vertex 15 123 15.5
      vertex 0.608963 127.061 15.5
      vertex 1.07179 128 15.5
    endloop
  endfacet
  facet normal 0 0 -1
    outer loop
      vertex 15 123 15.5
      vertex 0.272598 126.071 15.5
      vertex 0.608963 127.061 15.5
    endloop
  endfacet
  facet normal 0 0 -1
    outer loop
      vertex 0.272598 126.071 15.5
      vertex 0 124 15.5
      vertex 0.0684357 125.044 15.5
    endloop
  endfacet
  facet normal 0 0 -1
    outer loop
      vertex 108 8 15.5
      vertex 87.675 34.05 15.5
      vertex 87.675 47.05 15.5
    endloop
  endfacet
  facet normal 0 0 -1
    outer loop
      vertex 108 8 15.5
      vertex 87.675 47.05 15.5
      vertex 87.675 53.1 15.5
    endloop
  endfacet
  facet normal 0 0 -1
    outer loop
      vertex 87.2303 66.6796 15.5
      vertex 95.8494 91.9294 15.5
      vertex 87.3046 66.6543 15.5
    endloop
  endfacet
  facet normal -0 0 -1
    outer loop
      vertex 95.8494 91.9294 15.5
      vertex 87.2303 66.6796 15.5
      vertex 95.65 92.0278 15.5
    endloop
  endfacet
  facet normal 0 0 -1
    outer loop
      vertex 87.1533 66.6949 15.5
      vertex 95.65 92.0278 15.5
      vertex 87.2303 66.6796 15.5
    endloop
  endfacet
  facet normal 0 0 -1
    outer loop
      vertex 87.075 66.7 15.5
      vertex 95.65 92.0278 15.5
      vertex 87.1533 66.6949 15.5
    endloop
  endfacet
  facet normal -0 0 -1
    outer loop
      vertex 95.65 92.0278 15.5
      vertex 87.075 66.7 15.5
      vertex 95.4651 92.1513 15.5
    endloop
  endfacet
  facet normal -0 0 -1
    outer loop
      vertex 95.4651 92.1513 15.5
      vertex 87.075 66.7 15.5
      vertex 95.2979 92.2979 15.5
    endloop
  endfacet
  facet normal -0 0 -1
    outer loop
      vertex 95.2979 92.2979 15.5
      vertex 87.075 66.7 15.5
      vertex 95.1513 92.4651 15.5
    endloop
  endfacet
  facet normal 0 -0 -1
    outer loop
      vertex 89 98 15.5
      vertex 95.1513 92.4651 15.5
      vertex 87.075 66.7 15.5
    endloop
  endfacet
  facet normal 0 0 -1
    outer loop
      vertex 95.1513 92.4651 15.5
      vertex 89 98 15.5
      vertex 95.0278 92.65 15.5
    endloop
  endfacet
  facet normal 0 0 -1
    outer loop
      vertex 95.0278 92.65 15.5
      vertex 89 98 15.5
      vertex 94.9294 92.8494 15.5
    endloop
  endfacet
  facet normal 0 0 -1
    outer loop
      vertex 94.9294 92.8494 15.5
      vertex 89 98 15.5
      vertex 94.8579 93.06 15.5
    endloop
  endfacet
  facet normal 0 0 -1
    outer loop
      vertex 94.8 93.5 15.5
      vertex 89 98 15.5
      vertex 93 98 15.5
    endloop
  endfacet
  facet normal 0 0 -1
    outer loop
      vertex 94.8579 93.06 15.5
      vertex 89 98 15.5
      vertex 94.8145 93.2781 15.5
    endloop
  endfacet
  facet normal 0 0 -1
    outer loop
      vertex 94.8145 93.2781 15.5
      vertex 89 98 15.5
      vertex 94.8 93.5 15.5
    endloop
  endfacet
  facet normal 0 0 -1
    outer loop
      vertex 74.075 66.7 15.5
      vertex 89 98 15.5
      vertex 87.075 66.7 15.5
    endloop
  endfacet
  facet normal 0 0 -1
    outer loop
      vertex 73.9967 66.6949 15.5
      vertex 89 98 15.5
      vertex 74.075 66.7 15.5
    endloop
  endfacet
  facet normal 0 0 -1
    outer loop
      vertex 50.15 87 15.5
      vertex 89 98 15.5
      vertex 73.9967 66.6949 15.5
    endloop
  endfacet
  facet normal 0 0 -1
    outer loop
      vertex 68.1033 66.6949 15.5
      vertex 73.9967 66.6949 15.5
      vertex 73.9197 66.6796 15.5
    endloop
  endfacet
  facet normal 0 0 -1
    outer loop
      vertex 68.1803 66.6796 15.5
      vertex 73.9197 66.6796 15.5
      vertex 73.8454 66.6543 15.5
    endloop
  endfacet
  facet normal 0 0 -1
    outer loop
      vertex 68.2546 66.6543 15.5
      vertex 73.8454 66.6543 15.5
      vertex 73.775 66.6196 15.5
    endloop
  endfacet
  facet normal 0 0 -1
    outer loop
      vertex 68.325 66.6196 15.5
      vertex 73.775 66.6196 15.5
      vertex 73.7097 66.576 15.5
    endloop
  endfacet
  facet normal 0 0 -1
    outer loop
      vertex 68.3903 66.576 15.5
      vertex 73.7097 66.576 15.5
      vertex 73.6507 66.5243 15.5
    endloop
  endfacet
  facet normal 0 0 -1
    outer loop
      vertex 68.4493 66.5243 15.5
      vertex 73.6507 66.5243 15.5
      vertex 73.599 66.4652 15.5
    endloop
  endfacet
  facet normal 0 0 -1
    outer loop
      vertex 68.501 66.4652 15.5
      vertex 73.599 66.4652 15.5
      vertex 73.5554 66.4 15.5
    endloop
  endfacet
  facet normal 0 0 -1
    outer loop
      vertex 68.5446 66.4 15.5
      vertex 73.5554 66.4 15.5
      vertex 73.5207 66.3296 15.5
    endloop
  endfacet
  facet normal 0 0 -1
    outer loop
      vertex 73.4801 33.9717 15.5
      vertex 68.625 34.05 15.5
      vertex 73.475 34.05 15.5
    endloop
  endfacet
  facet normal 0 0 -1
    outer loop
      vertex 73.4954 52.9447 15.5
      vertex 68.625 53.1 15.5
      vertex 73.4801 53.0217 15.5
    endloop
  endfacet
  facet normal 0 0 -1
    outer loop
      vertex 73.4801 53.0217 15.5
      vertex 68.625 53.1 15.5
      vertex 73.475 53.1 15.5
    endloop
  endfacet
  facet normal 0 0 -1
    outer loop
      vertex 73.475 53.1 15.5
      vertex 68.625 53.1 15.5
      vertex 73.475 66.1 15.5
    endloop
  endfacet
  facet normal 0 0 -1
    outer loop
      vertex 68.625 66.1 15.5
      vertex 73.475 66.1 15.5
      vertex 68.625 53.1 15.5
    endloop
  endfacet
  facet normal 0 0 -1
    outer loop
      vertex 73.475 66.1 15.5
      vertex 68.625 66.1 15.5
      vertex 73.4801 66.1783 15.5
    endloop
  endfacet
  facet normal 0 0 -1
    outer loop
      vertex 68.6199 66.1783 15.5
      vertex 73.4801 66.1783 15.5
      vertex 68.625 66.1 15.5
    endloop
  endfacet
  facet normal 0 0 -1
    outer loop
      vertex 73.4801 66.1783 15.5
      vertex 68.6199 66.1783 15.5
      vertex 73.4954 66.2553 15.5
    endloop
  endfacet
  facet normal 0 0 -1
    outer loop
      vertex 68.6046 66.2553 15.5
      vertex 73.4954 66.2553 15.5
      vertex 68.6199 66.1783 15.5
    endloop
  endfacet
  facet normal 0 0 -1
    outer loop
      vertex 73.4954 66.2553 15.5
      vertex 68.6046 66.2553 15.5
      vertex 73.5207 66.3296 15.5
    endloop
  endfacet
  facet normal 0 0 -1
    outer loop
      vertex 68.5793 66.3296 15.5
      vertex 73.5207 66.3296 15.5
      vertex 68.6046 66.2553 15.5
    endloop
  endfacet
  facet normal 0 0 -1
    outer loop
      vertex 68.5446 66.4 15.5
      vertex 73.5207 66.3296 15.5
      vertex 68.5793 66.3296 15.5
    endloop
  endfacet
  facet normal 0 0 -1
    outer loop
      vertex 73.5554 66.4 15.5
      vertex 68.5446 66.4 15.5
      vertex 68.501 66.4652 15.5
    endloop
  endfacet
  facet normal 0 0 -1
    outer loop
      vertex 73.599 66.4652 15.5
      vertex 68.501 66.4652 15.5
      vertex 68.4493 66.5243 15.5
    endloop
  endfacet
  facet normal 0 0 -1
    outer loop
      vertex 73.6507 66.5243 15.5
      vertex 68.4493 66.5243 15.5
      vertex 68.3903 66.576 15.5
    endloop
  endfacet
  facet normal 0 0 -1
    outer loop
      vertex 73.7097 66.576 15.5
      vertex 68.3903 66.576 15.5
      vertex 68.325 66.6196 15.5
    endloop
  endfacet
  facet normal 0 0 -1
    outer loop
      vertex 73.775 66.6196 15.5
      vertex 68.325 66.6196 15.5
      vertex 68.2546 66.6543 15.5
    endloop
  endfacet
  facet normal 0 0 -1
    outer loop
      vertex 73.8454 66.6543 15.5
      vertex 68.2546 66.6543 15.5
      vertex 68.1803 66.6796 15.5
    endloop
  endfacet
  facet normal 0 0 -1
    outer loop
      vertex 73.9197 66.6796 15.5
      vertex 68.1803 66.6796 15.5
      vertex 68.1033 66.6949 15.5
    endloop
  endfacet
  facet normal 0 0 -1
    outer loop
      vertex 73.9967 66.6949 15.5
      vertex 68.1033 66.6949 15.5
      vertex 50.15 87 15.5
    endloop
  endfacet
  facet normal 0 0 -1
    outer loop
      vertex 50.15 87 15.5
      vertex 68.1033 66.6949 15.5
      vertex 68.025 66.7 15.5
    endloop
  endfacet
  facet normal 0 0 -1
    outer loop
      vertex 50.15 87 15.5
      vertex 68.025 66.7 15.5
      vertex 55.025 66.7 15.5
    endloop
  endfacet
  facet normal 0 0 -1
    outer loop
      vertex 50.15 87 15.5
      vertex 55.025 66.7 15.5
      vertex 54.9467 66.6949 15.5
    endloop
  endfacet
  facet normal 0 0 -1
    outer loop
      vertex 50.15 87 15.5
      vertex 54.9467 66.6949 15.5
      vertex 54.8697 66.6796 15.5
    endloop
  endfacet
  facet normal 0 0 -1
    outer loop
      vertex 50.15 87 15.5
      vertex 54.8697 66.6796 15.5
      vertex 54.7954 66.6543 15.5
    endloop
  endfacet
  facet normal 0 0 -1
    outer loop
      vertex 50.15 87 15.5
      vertex 54.7954 66.6543 15.5
      vertex 54.725 66.6196 15.5
    endloop
  endfacet
  facet normal 0 0 -1
    outer loop
      vertex 50.15 87 15.5
      vertex 54.725 66.6196 15.5
      vertex 54.6598 66.576 15.5
    endloop
  endfacet
  facet normal 0 0 -1
    outer loop
      vertex 50.15 87 15.5
      vertex 54.6598 66.576 15.5
      vertex 54.6007 66.5243 15.5
    endloop
  endfacet
  facet normal 0 0 -1
    outer loop
      vertex 50.15 87 15.5
      vertex 54.4301 66.1783 15.5
      vertex 54.425 66.1 15.5
    endloop
  endfacet
  facet normal 0 0 -1
    outer loop
      vertex 50.15 87 15.5
      vertex 54.4454 66.2553 15.5
      vertex 54.4301 66.1783 15.5
    endloop
  endfacet
  facet normal 0 0 -1
    outer loop
      vertex 50.15 87 15.5
      vertex 54.4707 66.3296 15.5
      vertex 54.4454 66.2553 15.5
    endloop
  endfacet
  facet normal 0 0 -1
    outer loop
      vertex 50.15 87 15.5
      vertex 54.5054 66.4 15.5
      vertex 54.4707 66.3296 15.5
    endloop
  endfacet
  facet normal 0 0 -1
    outer loop
      vertex 50.15 87 15.5
      vertex 54.549 66.4652 15.5
      vertex 54.5054 66.4 15.5
    endloop
  endfacet
  facet normal 0 0 -1
    outer loop
      vertex 50.15 87 15.5
      vertex 54.6007 66.5243 15.5
      vertex 54.549 66.4652 15.5
    endloop
  endfacet
  facet normal 0 0 -1
    outer loop
      vertex 50.15 93 15.5
      vertex 89 98 15.5
      vertex 50.15 87 15.5
    endloop
  endfacet
  facet normal 0 0 -1
    outer loop
      vertex 50.1402 93.1501 15.5
      vertex 89 98 15.5
      vertex 50.15 93 15.5
    endloop
  endfacet
  facet normal 0 0 -1
    outer loop
      vertex 50.1108 93.2976 15.5
      vertex 89 98 15.5
      vertex 50.1402 93.1501 15.5
    endloop
  endfacet
  facet normal -0 0 -1
    outer loop
      vertex 89 98 15.5
      vertex 50.1108 93.2976 15.5
      vertex 89 99.3 15.5
    endloop
  endfacet
  facet normal 0 0 -1
    outer loop
      vertex 50.0625 93.4401 15.5
      vertex 89 99.3 15.5
      vertex 50.1108 93.2976 15.5
    endloop
  endfacet
  facet normal 0 0 -1
    outer loop
      vertex 49.9959 93.575 15.5
      vertex 89 99.3 15.5
      vertex 50.0625 93.4401 15.5
    endloop
  endfacet
  facet normal 0 0 -1
    outer loop
      vertex 49.9124 93.7001 15.5
      vertex 89 99.3 15.5
      vertex 49.9959 93.575 15.5
    endloop
  endfacet
  facet normal 0 0 -1
    outer loop
      vertex 49.8132 93.8132 15.5
      vertex 89 99.3 15.5
      vertex 49.9124 93.7001 15.5
    endloop
  endfacet
  facet normal 0 0 -1
    outer loop
      vertex 49.7001 93.9124 15.5
      vertex 89 99.3 15.5
      vertex 49.8132 93.8132 15.5
    endloop
  endfacet
  facet normal 0 0 -1
    outer loop
      vertex 49.575 93.9959 15.5
      vertex 89 99.3 15.5
      vertex 49.7001 93.9124 15.5
    endloop
  endfacet
  facet normal 0 0 -1
    outer loop
      vertex 49.4401 94.0625 15.5
      vertex 89 99.3 15.5
      vertex 49.575 93.9959 15.5
    endloop
  endfacet
  facet normal 0 0 -1
    outer loop
      vertex 49.2976 94.1108 15.5
      vertex 89 99.3 15.5
      vertex 49.4401 94.0625 15.5
    endloop
  endfacet
  facet normal 0 0 -1
    outer loop
      vertex 49.1501 94.1402 15.5
      vertex 89 99.3 15.5
      vertex 49.2976 94.1108 15.5
    endloop
  endfacet
  facet normal 0 0 -1
    outer loop
      vertex 49 94.15 15.5
      vertex 89 99.3 15.5
      vertex 49.1501 94.1402 15.5
    endloop
  endfacet
  facet normal 0 0 -1
    outer loop
      vertex 44 94.15 15.5
      vertex 49 94.15 15.5
      vertex 48.8499 94.1402 15.5
    endloop
  endfacet
  facet normal 0 0 -1
    outer loop
      vertex 45.15 93 15.5
      vertex 47.85 93 15.5
      vertex 45.15 87 15.5
    endloop
  endfacet
  facet normal 0 0 -1
    outer loop
      vertex 47.85 93 15.5
      vertex 45.15 93 15.5
      vertex 47.8598 93.1501 15.5
    endloop
  endfacet
  facet normal 0 0 -1
    outer loop
      vertex 45.1402 93.1501 15.5
      vertex 47.8598 93.1501 15.5
      vertex 45.15 93 15.5
    endloop
  endfacet
  facet normal 0 0 -1
    outer loop
      vertex 47.8598 93.1501 15.5
      vertex 45.1402 93.1501 15.5
      vertex 47.8892 93.2976 15.5
    endloop
  endfacet
  facet normal 0 0 -1
    outer loop
      vertex 45.1108 93.2976 15.5
      vertex 47.8892 93.2976 15.5
      vertex 45.1402 93.1501 15.5
    endloop
  endfacet
  facet normal 0 0 -1
    outer loop
      vertex 47.8892 93.2976 15.5
      vertex 45.1108 93.2976 15.5
      vertex 47.9375 93.4401 15.5
    endloop
  endfacet
  facet normal 0 0 -1
    outer loop
      vertex 45.0625 93.4401 15.5
      vertex 47.9375 93.4401 15.5
      vertex 45.1108 93.2976 15.5
    endloop
  endfacet
  facet normal 0 0 -1
    outer loop
      vertex 47.9375 93.4401 15.5
      vertex 45.0625 93.4401 15.5
      vertex 48.0041 93.575 15.5
    endloop
  endfacet
  facet normal 0 0 -1
    outer loop
      vertex 44.9959 93.575 15.5
      vertex 48.0041 93.575 15.5
      vertex 45.0625 93.4401 15.5
    endloop
  endfacet
  facet normal 0 0 -1
    outer loop
      vertex 48.0041 93.575 15.5
      vertex 44.9959 93.575 15.5
      vertex 48.0876 93.7001 15.5
    endloop
  endfacet
  facet normal 0 0 -1
    outer loop
      vertex 44.9124 93.7001 15.5
      vertex 48.0876 93.7001 15.5
      vertex 44.9959 93.575 15.5
    endloop
  endfacet
  facet normal 0 0 -1
    outer loop
      vertex 48.0876 93.7001 15.5
      vertex 44.9124 93.7001 15.5
      vertex 48.1868 93.8132 15.5
    endloop
  endfacet
  facet normal 0 0 -1
    outer loop
      vertex 44.8132 93.8132 15.5
      vertex 48.1868 93.8132 15.5
      vertex 44.9124 93.7001 15.5
    endloop
  endfacet
  facet normal 0 0 -1
    outer loop
      vertex 48.1868 93.8132 15.5
      vertex 44.8132 93.8132 15.5
      vertex 48.2999 93.9124 15.5
    endloop
  endfacet
  facet normal 0 0 -1
    outer loop
      vertex 44.7001 93.9124 15.5
      vertex 48.2999 93.9124 15.5
      vertex 44.8132 93.8132 15.5
    endloop
  endfacet
  facet normal 0 0 -1
    outer loop
      vertex 48.2999 93.9124 15.5
      vertex 44.7001 93.9124 15.5
      vertex 48.425 93.9959 15.5
    endloop
  endfacet
  facet normal 0 0 -1
    outer loop
      vertex 44.575 93.9959 15.5
      vertex 48.425 93.9959 15.5
      vertex 44.7001 93.9124 15.5
    endloop
  endfacet
  facet normal 0 0 -1
    outer loop
      vertex 48.425 93.9959 15.5
      vertex 44.575 93.9959 15.5
      vertex 48.5599 94.0625 15.5
    endloop
  endfacet
  facet normal 0 0 -1
    outer loop
      vertex 44.4401 94.0625 15.5
      vertex 48.5599 94.0625 15.5
      vertex 44.575 93.9959 15.5
    endloop
  endfacet
  facet normal 0 0 -1
    outer loop
      vertex 48.5599 94.0625 15.5
      vertex 44.4401 94.0625 15.5
      vertex 48.7024 94.1108 15.5
    endloop
  endfacet
  facet normal 0 0 -1
    outer loop
      vertex 44.2976 94.1108 15.5
      vertex 48.7024 94.1108 15.5
      vertex 44.4401 94.0625 15.5
    endloop
  endfacet
  facet normal 0 0 -1
    outer loop
      vertex 48.7024 94.1108 15.5
      vertex 44.2976 94.1108 15.5
      vertex 48.8499 94.1402 15.5
    endloop
  endfacet
  facet normal 0 0 -1
    outer loop
      vertex 44.1501 94.1402 15.5
      vertex 48.8499 94.1402 15.5
      vertex 44.2976 94.1108 15.5
    endloop
  endfacet
  facet normal 0 0 -1
    outer loop
      vertex 44 94.15 15.5
      vertex 48.8499 94.1402 15.5
      vertex 44.1501 94.1402 15.5
    endloop
  endfacet
  facet normal 0 0 -1
    outer loop
      vertex 49 94.15 15.5
      vertex 44 94.15 15.5
      vertex 19 99.3 15.5
    endloop
  endfacet
  facet normal 0 0 -1
    outer loop
      vertex 39 94.15 15.5
      vertex 44 94.15 15.5
      vertex 43.8499 94.1402 15.5
    endloop
  endfacet
  facet normal 0 0 -1
    outer loop
      vertex 40.15 93 15.5
      vertex 42.85 93 15.5
      vertex 40.15 87 15.5
    endloop
  endfacet
  facet normal 0 0 -1
    outer loop
      vertex 42.85 93 15.5
      vertex 40.15 93 15.5
      vertex 42.8598 93.1501 15.5
    endloop
  endfacet
  facet normal 0 0 -1
    outer loop
      vertex 40.1402 93.1501 15.5
      vertex 42.8598 93.1501 15.5
      vertex 40.15 93 15.5
    endloop
  endfacet
  facet normal 0 0 -1
    outer loop
      vertex 42.8598 93.1501 15.5
      vertex 40.1402 93.1501 15.5
      vertex 42.8892 93.2976 15.5
    endloop
  endfacet
  facet normal 0 0 -1
    outer loop
      vertex 40.1108 93.2976 15.5
      vertex 42.8892 93.2976 15.5
      vertex 40.1402 93.1501 15.5
    endloop
  endfacet
  facet normal 0 0 -1
    outer loop
      vertex 42.8892 93.2976 15.5
      vertex 40.1108 93.2976 15.5
      vertex 42.9375 93.4401 15.5
    endloop
  endfacet
  facet normal 0 0 -1
    outer loop
      vertex 40.0625 93.4401 15.5
      vertex 42.9375 93.4401 15.5
      vertex 40.1108 93.2976 15.5
    endloop
  endfacet
  facet normal 0 0 -1
    outer loop
      vertex 42.9375 93.4401 15.5
      vertex 40.0625 93.4401 15.5
      vertex 43.0041 93.575 15.5
    endloop
  endfacet
  facet normal 0 0 -1
    outer loop
      vertex 39.9959 93.575 15.5
      vertex 43.0041 93.575 15.5
      vertex 40.0625 93.4401 15.5
    endloop
  endfacet
  facet normal 0 0 -1
    outer loop
      vertex 43.0041 93.575 15.5
      vertex 39.9959 93.575 15.5
      vertex 43.0876 93.7001 15.5
    endloop
  endfacet
  facet normal 0 0 -1
    outer loop
      vertex 39.9124 93.7001 15.5
      vertex 43.0876 93.7001 15.5
      vertex 39.9959 93.575 15.5
    endloop
  endfacet
  facet normal 0 0 -1
    outer loop
      vertex 43.0876 93.7001 15.5
      vertex 39.9124 93.7001 15.5
      vertex 43.1868 93.8132 15.5
    endloop
  endfacet
  facet normal 0 0 -1
    outer loop
      vertex 39.8132 93.8132 15.5
      vertex 43.1868 93.8132 15.5
      vertex 39.9124 93.7001 15.5
    endloop
  endfacet
  facet normal 0 0 -1
    outer loop
      vertex 43.1868 93.8132 15.5
      vertex 39.8132 93.8132 15.5
      vertex 43.2999 93.9124 15.5
    endloop
  endfacet
  facet normal 0 0 -1
    outer loop
      vertex 39.7001 93.9124 15.5
      vertex 43.2999 93.9124 15.5
      vertex 39.8132 93.8132 15.5
    endloop
  endfacet
  facet normal 0 0 -1
    outer loop
      vertex 43.2999 93.9124 15.5
      vertex 39.7001 93.9124 15.5
      vertex 43.425 93.9959 15.5
    endloop
  endfacet
  facet normal 0 0 -1
    outer loop
      vertex 39.575 93.9959 15.5
      vertex 43.425 93.9959 15.5
      vertex 39.7001 93.9124 15.5
    endloop
  endfacet
  facet normal 0 0 -1
    outer loop
      vertex 43.425 93.9959 15.5
      vertex 39.575 93.9959 15.5
      vertex 43.5599 94.0625 15.5
    endloop
  endfacet
  facet normal 0 0 -1
    outer loop
      vertex 39.4401 94.0625 15.5
      vertex 43.5599 94.0625 15.5
      vertex 39.575 93.9959 15.5
    endloop
  endfacet
  facet normal 0 0 -1
    outer loop
      vertex 43.5599 94.0625 15.5
      vertex 39.4401 94.0625 15.5
      vertex 43.7024 94.1108 15.5
    endloop
  endfacet
  facet normal 0 0 -1
    outer loop
      vertex 39.2976 94.1108 15.5
      vertex 43.7024 94.1108 15.5
      vertex 39.4401 94.0625 15.5
    endloop
  endfacet
  facet normal 0 0 -1
    outer loop
      vertex 43.7024 94.1108 15.5
      vertex 39.2976 94.1108 15.5
      vertex 43.8499 94.1402 15.5
    endloop
  endfacet
  facet normal 0 0 -1
    outer loop
      vertex 39.1501 94.1402 15.5
      vertex 43.8499 94.1402 15.5
      vertex 39.2976 94.1108 15.5
    endloop
  endfacet
  facet normal 0 0 -1
    outer loop
      vertex 39 94.15 15.5
      vertex 43.8499 94.1402 15.5
      vertex 39.1501 94.1402 15.5
    endloop
  endfacet
  facet normal 0 0 -1
    outer loop
      vertex 44 94.15 15.5
      vertex 39 94.15 15.5
      vertex 19 99.3 15.5
    endloop
  endfacet
  facet normal 0 0 -1
    outer loop
      vertex 19 99.3 15.5
      vertex 39 94.15 15.5
      vertex 38.8499 94.1402 15.5
    endloop
  endfacet
  facet normal 0 0 -1
    outer loop
      vertex 37.85 87 15.5
      vertex 35.15 87 15.5
      vertex 37.85 93 15.5
    endloop
  endfacet
  facet normal 0 0 -1
    outer loop
      vertex 35.15 87 15.5
      vertex 35.975 66.7 15.5
      vertex 35.8967 66.6949 15.5
    endloop
  endfacet
  facet normal 0 0 -1
    outer loop
      vertex 35.15 87 15.5
      vertex 35.8967 66.6949 15.5
      vertex 35.8197 66.6796 15.5
    endloop
  endfacet
  facet normal 0 0 -1
    outer loop
      vertex 35.15 87 15.5
      vertex 35.8197 66.6796 15.5
      vertex 35.7454 66.6543 15.5
    endloop
  endfacet
  facet normal 0 0 -1
    outer loop
      vertex 35.15 87 15.5
      vertex 35.7454 66.6543 15.5
      vertex 35.675 66.6196 15.5
    endloop
  endfacet
  facet normal 0 0 -1
    outer loop
      vertex 35.15 87 15.5
      vertex 35.675 66.6196 15.5
      vertex 35.6097 66.576 15.5
    endloop
  endfacet
  facet normal 0 0 -1
    outer loop
      vertex 35.15 87 15.5
      vertex 35.6097 66.576 15.5
      vertex 35.5507 66.5243 15.5
    endloop
  endfacet
  facet normal 0 0 -1
    outer loop
      vertex 35.15 87 15.5
      vertex 35.5507 66.5243 15.5
      vertex 35.499 66.4652 15.5
    endloop
  endfacet
  facet normal 0 0 -1
    outer loop
      vertex 35.15 87 15.5
      vertex 35.499 66.4652 15.5
      vertex 35.4554 66.4 15.5
    endloop
  endfacet
  facet normal 0 0 -1
    outer loop
      vertex 35.15 87 15.5
      vertex 35.4554 66.4 15.5
      vertex 35.4207 66.3296 15.5
    endloop
  endfacet
  facet normal 0 0 -1
    outer loop
      vertex 35.15 87 15.5
      vertex 35.4207 66.3296 15.5
      vertex 35.3954 66.2553 15.5
    endloop
  endfacet
  facet normal 0 0 -1
    outer loop
      vertex 35.15 87 15.5
      vertex 35.3954 66.2553 15.5
      vertex 35.3801 66.1783 15.5
    endloop
  endfacet
  facet normal 0 0 -1
    outer loop
      vertex 35.15 87 15.5
      vertex 35.3801 66.1783 15.5
      vertex 35.375 66.1 15.5
    endloop
  endfacet
  facet normal 0 0 -1
    outer loop
      vertex 35.15 93 15.5
      vertex 37.85 93 15.5
      vertex 35.15 87 15.5
    endloop
  endfacet
  facet normal 0 0 -1
    outer loop
      vertex 37.85 93 15.5
      vertex 35.15 93 15.5
      vertex 37.8598 93.1501 15.5
    endloop
  endfacet
  facet normal 0 0 -1
    outer loop
      vertex 35.1402 93.1501 15.5
      vertex 37.8598 93.1501 15.5
      vertex 35.15 93 15.5
    endloop
  endfacet
  facet normal 0 0 -1
    outer loop
      vertex 37.8598 93.1501 15.5
      vertex 35.1402 93.1501 15.5
      vertex 37.8892 93.2976 15.5
    endloop
  endfacet
  facet normal 0 0 -1
    outer loop
      vertex 35.1108 93.2976 15.5
      vertex 37.8892 93.2976 15.5
      vertex 35.1402 93.1501 15.5
    endloop
  endfacet
  facet normal 0 0 -1
    outer loop
      vertex 37.8892 93.2976 15.5
      vertex 35.1108 93.2976 15.5
      vertex 37.9375 93.4401 15.5
    endloop
  endfacet
  facet normal 0 0 -1
    outer loop
      vertex 35.0625 93.4401 15.5
      vertex 37.9375 93.4401 15.5
      vertex 35.1108 93.2976 15.5
    endloop
  endfacet
  facet normal 0 0 -1
    outer loop
      vertex 37.9375 93.4401 15.5
      vertex 35.0625 93.4401 15.5
      vertex 38.0041 93.575 15.5
    endloop
  endfacet
  facet normal 0 0 -1
    outer loop
      vertex 34.9959 93.575 15.5
      vertex 38.0041 93.575 15.5
      vertex 35.0625 93.4401 15.5
    endloop
  endfacet
  facet normal 0 0 -1
    outer loop
      vertex 38.0041 93.575 15.5
      vertex 34.9959 93.575 15.5
      vertex 38.0876 93.7001 15.5
    endloop
  endfacet
  facet normal 0 0 -1
    outer loop
      vertex 34.9124 93.7001 15.5
      vertex 38.0876 93.7001 15.5
      vertex 34.9959 93.575 15.5
    endloop
  endfacet
  facet normal 0 0 -1
    outer loop
      vertex 38.0876 93.7001 15.5
      vertex 34.9124 93.7001 15.5
      vertex 38.1868 93.8132 15.5
    endloop
  endfacet
  facet normal 0 0 -1
    outer loop
      vertex 34.8132 93.8132 15.5
      vertex 38.1868 93.8132 15.5
      vertex 34.9124 93.7001 15.5
    endloop
  endfacet
  facet normal 0 0 -1
    outer loop
      vertex 38.1868 93.8132 15.5
      vertex 34.8132 93.8132 15.5
      vertex 38.2999 93.9124 15.5
    endloop
  endfacet
  facet normal 0 0 -1
    outer loop
      vertex 34.7001 93.9124 15.5
      vertex 38.2999 93.9124 15.5
      vertex 34.8132 93.8132 15.5
    endloop
  endfacet
  facet normal 0 0 -1
    outer loop
      vertex 38.2999 93.9124 15.5
      vertex 34.7001 93.9124 15.5
      vertex 38.425 93.9959 15.5
    endloop
  endfacet
  facet normal 0 0 -1
    outer loop
      vertex 34.575 93.9959 15.5
      vertex 38.425 93.9959 15.5
      vertex 34.7001 93.9124 15.5
    endloop
  endfacet
  facet normal 0 0 -1
    outer loop
      vertex 38.425 93.9959 15.5
      vertex 34.575 93.9959 15.5
      vertex 38.5599 94.0625 15.5
    endloop
  endfacet
  facet normal 0 0 -1
    outer loop
      vertex 34.4401 94.0625 15.5
      vertex 38.5599 94.0625 15.5
      vertex 34.575 93.9959 15.5
    endloop
  endfacet
  facet normal 0 0 -1
    outer loop
      vertex 38.5599 94.0625 15.5
      vertex 34.4401 94.0625 15.5
      vertex 38.7024 94.1108 15.5
    endloop
  endfacet
  facet normal 0 0 -1
    outer loop
      vertex 34.2976 94.1108 15.5
      vertex 38.7024 94.1108 15.5
      vertex 34.4401 94.0625 15.5
    endloop
  endfacet
  facet normal 0 0 -1
    outer loop
      vertex 38.7024 94.1108 15.5
      vertex 34.2976 94.1108 15.5
      vertex 38.8499 94.1402 15.5
    endloop
  endfacet
  facet normal 0 0 -1
    outer loop
      vertex 34.1501 94.1402 15.5
      vertex 38.8499 94.1402 15.5
      vertex 34.2976 94.1108 15.5
    endloop
  endfacet
  facet normal 0 0 -1
    outer loop
      vertex 38.8499 94.1402 15.5
      vertex 34.1501 94.1402 15.5
      vertex 19 99.3 15.5
    endloop
  endfacet
  facet normal 0 0 -1
    outer loop
      vertex 19 99.3 15.5
      vertex 34.1501 94.1402 15.5
      vertex 34 94.15 15.5
    endloop
  endfacet
  facet normal 0 0 -1
    outer loop
      vertex 19 99.3 15.5
      vertex 34 94.15 15.5
      vertex 33.8499 94.1402 15.5
    endloop
  endfacet
  facet normal 0 0 -1
    outer loop
      vertex 35.3954 52.9447 15.5
      vertex 30.525 53.1 15.5
      vertex 35.3801 53.0217 15.5
    endloop
  endfacet
  facet normal 0 0 -1
    outer loop
      vertex 35.375 53.1 15.5
      vertex 30.525 53.1 15.5
      vertex 35.375 66.1 15.5
    endloop
  endfacet
  facet normal 0 0 -1
    outer loop
      vertex 30.0803 66.6796 15.5
      vertex 33.8499 85.8598 15.5
      vertex 30.1546 66.6543 15.5
    endloop
  endfacet
  facet normal -0 0 -1
    outer loop
      vertex 33.8499 85.8598 15.5
      vertex 30.0803 66.6796 15.5
      vertex 33.7024 85.8892 15.5
    endloop
  endfacet
  facet normal 0 0 -1
    outer loop
      vertex 30.0033 66.6949 15.5
      vertex 33.7024 85.8892 15.5
      vertex 30.0803 66.6796 15.5
    endloop
  endfacet
  facet normal 0 0 -1
    outer loop
      vertex 29.925 66.7 15.5
      vertex 33.7024 85.8892 15.5
      vertex 30.0033 66.6949 15.5
    endloop
  endfacet
  facet normal -0 0 -1
    outer loop
      vertex 33.7024 85.8892 15.5
      vertex 29.925 66.7 15.5
      vertex 33.5599 85.9375 15.5
    endloop
  endfacet
  facet normal -0 0 -1
    outer loop
      vertex 33.5599 85.9375 15.5
      vertex 29.925 66.7 15.5
      vertex 33.425 86.0041 15.5
    endloop
  endfacet
  facet normal -0 0 -1
    outer loop
      vertex 33.425 86.0041 15.5
      vertex 29.925 66.7 15.5
      vertex 33.2999 86.0876 15.5
    endloop
  endfacet
  facet normal -0 0 -1
    outer loop
      vertex 33.2999 86.0876 15.5
      vertex 29.925 66.7 15.5
      vertex 33.1868 86.1868 15.5
    endloop
  endfacet
  facet normal -0 0 -1
    outer loop
      vertex 33.1868 86.1868 15.5
      vertex 29.925 66.7 15.5
      vertex 33.0876 86.2999 15.5
    endloop
  endfacet
  facet normal 0 0 -1
    outer loop
      vertex 16.925 66.7 15.5
      vertex 33.0876 86.2999 15.5
      vertex 29.925 66.7 15.5
    endloop
  endfacet
  facet normal -0 0 -1
    outer loop
      vertex 33.0876 86.2999 15.5
      vertex 16.925 66.7 15.5
      vertex 33.0041 86.425 15.5
    endloop
  endfacet
  facet normal -0 0 -1
    outer loop
      vertex 33.0041 86.425 15.5
      vertex 16.925 66.7 15.5
      vertex 32.9375 86.5599 15.5
    endloop
  endfacet
  facet normal 0 0 -1
    outer loop
      vertex 13.2 93.5 15.5
      vertex 32.9375 86.5599 15.5
      vertex 16.925 66.7 15.5
    endloop
  endfacet
  facet normal 0 0 -1
    outer loop
      vertex 32.8892 86.7024 15.5
      vertex 19 98 15.5
      vertex 32.8598 86.8499 15.5
    endloop
  endfacet
  facet normal 0 0 -1
    outer loop
      vertex 32.8598 86.8499 15.5
      vertex 19 98 15.5
      vertex 32.85 87 15.5
    endloop
  endfacet
  facet normal 0 0 -1
    outer loop
      vertex 32.85 87 15.5
      vertex 19 98 15.5
      vertex 32.85 93 15.5
    endloop
  endfacet
  facet normal 0 0 -1
    outer loop
      vertex 32.85 93 15.5
      vertex 19 98 15.5
      vertex 32.8598 93.1501 15.5
    endloop
  endfacet
  facet normal 0 0 -1
    outer loop
      vertex 19 98 15.5
      vertex 32.8892 93.2976 15.5
      vertex 32.8598 93.1501 15.5
    endloop
  endfacet
  facet normal 0 0 -1
    outer loop
      vertex 19 98 15.5
      vertex 32.9375 93.4401 15.5
      vertex 32.8892 93.2976 15.5
    endloop
  endfacet
  facet normal 0 0 -1
    outer loop
      vertex 19 98 15.5
      vertex 33.0041 93.575 15.5
      vertex 32.9375 93.4401 15.5
    endloop
  endfacet
  facet normal 0 0 -1
    outer loop
      vertex 19 98 15.5
      vertex 33.0876 93.7001 15.5
      vertex 33.0041 93.575 15.5
    endloop
  endfacet
  facet normal 0 0 -1
    outer loop
      vertex 19 99.3 15.5
      vertex 33.0876 93.7001 15.5
      vertex 19 98 15.5
    endloop
  endfacet
  facet normal 0 0 -1
    outer loop
      vertex 33.0876 93.7001 15.5
      vertex 19 99.3 15.5
      vertex 33.1868 93.8132 15.5
    endloop
  endfacet
  facet normal 0 0 -1
    outer loop
      vertex 33.1868 93.8132 15.5
      vertex 19 99.3 15.5
      vertex 33.2999 93.9124 15.5
    endloop
  endfacet
  facet normal 0 0 -1
    outer loop
      vertex 33.2999 93.9124 15.5
      vertex 19 99.3 15.5
      vertex 33.425 93.9959 15.5
    endloop
  endfacet
  facet normal 0 0 -1
    outer loop
      vertex 33.425 93.9959 15.5
      vertex 19 99.3 15.5
      vertex 33.5599 94.0625 15.5
    endloop
  endfacet
  facet normal 0 0 -1
    outer loop
      vertex 33.5599 94.0625 15.5
      vertex 19 99.3 15.5
      vertex 33.7024 94.1108 15.5
    endloop
  endfacet
  facet normal 0 0 -1
    outer loop
      vertex 33.7024 94.1108 15.5
      vertex 19 99.3 15.5
      vertex 33.8499 94.1402 15.5
    endloop
  endfacet
  facet normal 0 0 -1
    outer loop
      vertex 49 94.15 15.5
      vertex 19 99.3 15.5
      vertex 89 99.3 15.5
    endloop
  endfacet
  facet normal 0 0 -1
    outer loop
      vertex 54.4301 33.9717 15.5
      vertex 49.575 34.05 15.5
      vertex 54.425 34.05 15.5
    endloop
  endfacet
  facet normal 0 0 -1
    outer loop
      vertex 54.4454 52.9447 15.5
      vertex 49.575 53.1 15.5
      vertex 54.4301 53.0217 15.5
    endloop
  endfacet
  facet normal 0 0 -1
    outer loop
      vertex 54.425 53.1 15.5
      vertex 49.575 53.1 15.5
      vertex 54.425 66.1 15.5
    endloop
  endfacet
  facet normal -0 0 -1
    outer loop
      vertex 54.425 66.1 15.5
      vertex 49.575 53.1 15.5
      vertex 49.575 66.1 15.5
    endloop
  endfacet
  facet normal 0 0 -1
    outer loop
      vertex 54.425 66.1 15.5
      vertex 49.9959 86.425 15.5
      vertex 50.0625 86.5599 15.5
    endloop
  endfacet
  facet normal 0 0 -1
    outer loop
      vertex 49.451 66.4652 15.5
      vertex 54.425 66.1 15.5
      vertex 49.4946 66.4 15.5
    endloop
  endfacet
  facet normal 0 0 -1
    outer loop
      vertex 54.425 66.1 15.5
      vertex 49.9124 86.2999 15.5
      vertex 49.9959 86.425 15.5
    endloop
  endfacet
  facet normal 0 0 -1
    outer loop
      vertex 49.3993 66.5243 15.5
      vertex 54.425 66.1 15.5
      vertex 49.451 66.4652 15.5
    endloop
  endfacet
  facet normal 0 0 -1
    outer loop
      vertex 54.425 66.1 15.5
      vertex 49.8132 86.1868 15.5
      vertex 49.9124 86.2999 15.5
    endloop
  endfacet
  facet normal 0 0 -1
    outer loop
      vertex 49.3402 66.576 15.5
      vertex 54.425 66.1 15.5
      vertex 49.3993 66.5243 15.5
    endloop
  endfacet
  facet normal 0 0 -1
    outer loop
      vertex 54.425 66.1 15.5
      vertex 49.7001 86.0876 15.5
      vertex 49.8132 86.1868 15.5
    endloop
  endfacet
  facet normal 0 0 -1
    outer loop
      vertex 49.275 66.6196 15.5
      vertex 54.425 66.1 15.5
      vertex 49.3402 66.576 15.5
    endloop
  endfacet
  facet normal 0 0 -1
    outer loop
      vertex 54.425 66.1 15.5
      vertex 49.575 86.0041 15.5
      vertex 49.7001 86.0876 15.5
    endloop
  endfacet
  facet normal 0 0 -1
    outer loop
      vertex 49.2046 66.6543 15.5
      vertex 54.425 66.1 15.5
      vertex 49.275 66.6196 15.5
    endloop
  endfacet
  facet normal 0 0 -1
    outer loop
      vertex 54.425 66.1 15.5
      vertex 49.4401 85.9375 15.5
      vertex 49.575 86.0041 15.5
    endloop
  endfacet
  facet normal 0 0 -1
    outer loop
      vertex 54.425 66.1 15.5
      vertex 49.2046 66.6543 15.5
      vertex 49.4401 85.9375 15.5
    endloop
  endfacet
  facet normal 0 0 -1
    outer loop
      vertex 49.4401 85.9375 15.5
      vertex 49.2046 66.6543 15.5
      vertex 49.2976 85.8892 15.5
    endloop
  endfacet
  facet normal 0 0 -1
    outer loop
      vertex 49.1303 66.6796 15.5
      vertex 49.2976 85.8892 15.5
      vertex 49.2046 66.6543 15.5
    endloop
  endfacet
  facet normal 0 0 -1
    outer loop
      vertex 49.2976 85.8892 15.5
      vertex 49.1303 66.6796 15.5
      vertex 49.1501 85.8598 15.5
    endloop
  endfacet
  facet normal 0 0 -1
    outer loop
      vertex 49.0533 66.6949 15.5
      vertex 49.1501 85.8598 15.5
      vertex 49.1303 66.6796 15.5
    endloop
  endfacet
  facet normal 0 0 -1
    outer loop
      vertex 49.0533 66.6949 15.5
      vertex 49 85.85 15.5
      vertex 49.1501 85.8598 15.5
    endloop
  endfacet
  facet normal 0 0 -1
    outer loop
      vertex 48.975 66.7 15.5
      vertex 49 85.85 15.5
      vertex 49.0533 66.6949 15.5
    endloop
  endfacet
  facet normal 0 0 -1
    outer loop
      vertex 48.975 66.7 15.5
      vertex 48.8499 85.8598 15.5
      vertex 49 85.85 15.5
    endloop
  endfacet
  facet normal 0 0 -1
    outer loop
      vertex 48.975 66.7 15.5
      vertex 48.7024 85.8892 15.5
      vertex 48.8499 85.8598 15.5
    endloop
  endfacet
  facet normal 0 0 -1
    outer loop
      vertex 44.2976 85.8892 15.5
      vertex 48.7024 85.8892 15.5
      vertex 48.975 66.7 15.5
    endloop
  endfacet
  facet normal 0 0 -1
    outer loop
      vertex 48.7024 85.8892 15.5
      vertex 44.2976 85.8892 15.5
      vertex 48.5599 85.9375 15.5
    endloop
  endfacet
  facet normal 0 -0 -1
    outer loop
      vertex 44.4401 85.9375 15.5
      vertex 48.5599 85.9375 15.5
      vertex 44.2976 85.8892 15.5
    endloop
  endfacet
  facet normal 0 0 -1
    outer loop
      vertex 48.5599 85.9375 15.5
      vertex 44.4401 85.9375 15.5
      vertex 48.425 86.0041 15.5
    endloop
  endfacet
  facet normal 0 -0 -1
    outer loop
      vertex 44.575 86.0041 15.5
      vertex 48.425 86.0041 15.5
      vertex 44.4401 85.9375 15.5
    endloop
  endfacet
  facet normal 0 0 -1
    outer loop
      vertex 48.425 86.0041 15.5
      vertex 44.575 86.0041 15.5
      vertex 48.2999 86.0876 15.5
    endloop
  endfacet
  facet normal 0 0 -1
    outer loop
      vertex 48.2999 86.0876 15.5
      vertex 44.7001 86.0876 15.5
      vertex 48.1868 86.1868 15.5
    endloop
  endfacet
  facet normal 0 -0 -1
    outer loop
      vertex 44.8132 86.1868 15.5
      vertex 48.1868 86.1868 15.5
      vertex 44.7001 86.0876 15.5
    endloop
  endfacet
  facet normal 0 0 -1
    outer loop
      vertex 48.1868 86.1868 15.5
      vertex 44.8132 86.1868 15.5
      vertex 48.0876 86.2999 15.5
    endloop
  endfacet
  facet normal 0 -0 -1
    outer loop
      vertex 44.9124 86.2999 15.5
      vertex 48.0876 86.2999 15.5
      vertex 44.8132 86.1868 15.5
    endloop
  endfacet
  facet normal 0 0 -1
    outer loop
      vertex 47.85 87 15.5
      vertex 45.15 87 15.5
      vertex 47.85 93 15.5
    endloop
  endfacet
  facet normal 0 -0 -1
    outer loop
      vertex 44.9959 86.425 15.5
      vertex 48.0041 86.425 15.5
      vertex 44.9124 86.2999 15.5
    endloop
  endfacet
  facet normal -0 0 -1
    outer loop
      vertex 47.85 87 15.5
      vertex 45.1402 86.8499 15.5
      vertex 45.15 87 15.5
    endloop
  endfacet
  facet normal 0 0 -1
    outer loop
      vertex 47.8598 86.8499 15.5
      vertex 45.1402 86.8499 15.5
      vertex 47.85 87 15.5
    endloop
  endfacet
  facet normal 0 -0 -1
    outer loop
      vertex 45.1402 86.8499 15.5
      vertex 47.8598 86.8499 15.5
      vertex 45.1108 86.7024 15.5
    endloop
  endfacet
  facet normal 0 0 -1
    outer loop
      vertex 47.8892 86.7024 15.5
      vertex 45.1108 86.7024 15.5
      vertex 47.8598 86.8499 15.5
    endloop
  endfacet
  facet normal 0 -0 -1
    outer loop
      vertex 45.1108 86.7024 15.5
      vertex 47.8892 86.7024 15.5
      vertex 45.0625 86.5599 15.5
    endloop
  endfacet
  facet normal 0 0 -1
    outer loop
      vertex 47.9375 86.5599 15.5
      vertex 45.0625 86.5599 15.5
      vertex 47.8892 86.7024 15.5
    endloop
  endfacet
  facet normal 0 -0 -1
    outer loop
      vertex 45.0625 86.5599 15.5
      vertex 47.9375 86.5599 15.5
      vertex 44.9959 86.425 15.5
    endloop
  endfacet
  facet normal 0 0 -1
    outer loop
      vertex 48.0041 86.425 15.5
      vertex 44.9959 86.425 15.5
      vertex 47.9375 86.5599 15.5
    endloop
  endfacet
  facet normal 0 0 -1
    outer loop
      vertex 48.0876 86.2999 15.5
      vertex 44.9124 86.2999 15.5
      vertex 48.0041 86.425 15.5
    endloop
  endfacet
  facet normal 0 -0 -1
    outer loop
      vertex 44.7001 86.0876 15.5
      vertex 48.2999 86.0876 15.5
      vertex 44.575 86.0041 15.5
    endloop
  endfacet
  facet normal 0 0 -1
    outer loop
      vertex 48.975 66.7 15.5
      vertex 44.1501 85.8598 15.5
      vertex 44.2976 85.8892 15.5
    endloop
  endfacet
  facet normal 0 0 -1
    outer loop
      vertex 48.975 66.7 15.5
      vertex 44 85.85 15.5
      vertex 44.1501 85.8598 15.5
    endloop
  endfacet
  facet normal 0 0 -1
    outer loop
      vertex 48.975 66.7 15.5
      vertex 43.8499 85.8598 15.5
      vertex 44 85.85 15.5
    endloop
  endfacet
  facet normal 0 0 -1
    outer loop
      vertex 35.975 66.7 15.5
      vertex 43.8499 85.8598 15.5
      vertex 48.975 66.7 15.5
    endloop
  endfacet
  facet normal -0 0 -1
    outer loop
      vertex 43.8499 85.8598 15.5
      vertex 35.975 66.7 15.5
      vertex 43.7024 85.8892 15.5
    endloop
  endfacet
  facet normal 0 -0 -1
    outer loop
      vertex 39.2976 85.8892 15.5
      vertex 43.7024 85.8892 15.5
      vertex 35.975 66.7 15.5
    endloop
  endfacet
  facet normal 0 0 -1
    outer loop
      vertex 43.7024 85.8892 15.5
      vertex 39.2976 85.8892 15.5
      vertex 43.5599 85.9375 15.5
    endloop
  endfacet
  facet normal 0 -0 -1
    outer loop
      vertex 39.4401 85.9375 15.5
      vertex 43.5599 85.9375 15.5
      vertex 39.2976 85.8892 15.5
    endloop
  endfacet
  facet normal 0 0 -1
    outer loop
      vertex 43.5599 85.9375 15.5
      vertex 39.4401 85.9375 15.5
      vertex 43.425 86.0041 15.5
    endloop
  endfacet
  facet normal 0 -0 -1
    outer loop
      vertex 39.575 86.0041 15.5
      vertex 43.425 86.0041 15.5
      vertex 39.4401 85.9375 15.5
    endloop
  endfacet
  facet normal 0 -0 -1
    outer loop
      vertex 39.7001 86.0876 15.5
      vertex 43.2999 86.0876 15.5
      vertex 39.575 86.0041 15.5
    endloop
  endfacet
  facet normal 0 -0 -1
    outer loop
      vertex 39.8132 86.1868 15.5
      vertex 43.1868 86.1868 15.5
      vertex 39.7001 86.0876 15.5
    endloop
  endfacet
  facet normal 0 0 -1
    outer loop
      vertex 42.85 87 15.5
      vertex 40.15 87 15.5
      vertex 42.85 93 15.5
    endloop
  endfacet
  facet normal 0 0 -1
    outer loop
      vertex 42.8598 86.8499 15.5
      vertex 40.15 87 15.5
      vertex 42.85 87 15.5
    endloop
  endfacet
  facet normal 0 0 -1
    outer loop
      vertex 40.1402 86.8499 15.5
      vertex 42.8598 86.8499 15.5
      vertex 42.8892 86.7024 15.5
    endloop
  endfacet
  facet normal 0 0 -1
    outer loop
      vertex 43.1868 86.1868 15.5
      vertex 39.8132 86.1868 15.5
      vertex 43.0876 86.2999 15.5
    endloop
  endfacet
  facet normal 0 0 -1
    outer loop
      vertex 42.8598 86.8499 15.5
      vertex 40.1402 86.8499 15.5
      vertex 40.15 87 15.5
    endloop
  endfacet
  facet normal 0 0 -1
    outer loop
      vertex 42.8892 86.7024 15.5
      vertex 40.1108 86.7024 15.5
      vertex 40.1402 86.8499 15.5
    endloop
  endfacet
  facet normal -0 0 -1
    outer loop
      vertex 42.8892 86.7024 15.5
      vertex 40.0625 86.5599 15.5
      vertex 40.1108 86.7024 15.5
    endloop
  endfacet
  facet normal 0 0 -1
    outer loop
      vertex 42.9375 86.5599 15.5
      vertex 40.0625 86.5599 15.5
      vertex 42.8892 86.7024 15.5
    endloop
  endfacet
  facet normal 0 -0 -1
    outer loop
      vertex 40.0625 86.5599 15.5
      vertex 42.9375 86.5599 15.5
      vertex 39.9959 86.425 15.5
    endloop
  endfacet
  facet normal 0 0 -1
    outer loop
      vertex 43.0041 86.425 15.5
      vertex 39.9959 86.425 15.5
      vertex 42.9375 86.5599 15.5
    endloop
  endfacet
  facet normal 0 -0 -1
    outer loop
      vertex 39.9959 86.425 15.5
      vertex 43.0041 86.425 15.5
      vertex 39.9124 86.2999 15.5
    endloop
  endfacet
  facet normal 0 0 -1
    outer loop
      vertex 43.0876 86.2999 15.5
      vertex 39.9124 86.2999 15.5
      vertex 43.0041 86.425 15.5
    endloop
  endfacet
  facet normal 0 -0 -1
    outer loop
      vertex 39.9124 86.2999 15.5
      vertex 43.0876 86.2999 15.5
      vertex 39.8132 86.1868 15.5
    endloop
  endfacet
  facet normal 0 0 -1
    outer loop
      vertex 43.2999 86.0876 15.5
      vertex 39.7001 86.0876 15.5
      vertex 43.1868 86.1868 15.5
    endloop
  endfacet
  facet normal 0 0 -1
    outer loop
      vertex 43.425 86.0041 15.5
      vertex 39.575 86.0041 15.5
      vertex 43.2999 86.0876 15.5
    endloop
  endfacet
  facet normal 0 0 -1
    outer loop
      vertex 39.2976 85.8892 15.5
      vertex 35.975 66.7 15.5
      vertex 39.1501 85.8598 15.5
    endloop
  endfacet
  facet normal 0 0 -1
    outer loop
      vertex 39.1501 85.8598 15.5
      vertex 35.975 66.7 15.5
      vertex 39 85.85 15.5
    endloop
  endfacet
  facet normal -0 0 -1
    outer loop
      vertex 39 85.85 15.5
      vertex 35.975 66.7 15.5
      vertex 38.8499 85.8598 15.5
    endloop
  endfacet
  facet normal -0 0 -1
    outer loop
      vertex 38.8499 85.8598 15.5
      vertex 35.975 66.7 15.5
      vertex 38.7024 85.8892 15.5
    endloop
  endfacet
  facet normal -0 0 -1
    outer loop
      vertex 38.7024 85.8892 15.5
      vertex 35.975 66.7 15.5
      vertex 38.5599 85.9375 15.5
    endloop
  endfacet
  facet normal -0 0 -1
    outer loop
      vertex 38.5599 85.9375 15.5
      vertex 35.975 66.7 15.5
      vertex 38.425 86.0041 15.5
    endloop
  endfacet
  facet normal 0 0 -1
    outer loop
      vertex 35.15 87 15.5
      vertex 38.425 86.0041 15.5
      vertex 35.975 66.7 15.5
    endloop
  endfacet
  facet normal 0 0 -1
    outer loop
      vertex 38.425 86.0041 15.5
      vertex 35.15 87 15.5
      vertex 38.2999 86.0876 15.5
    endloop
  endfacet
  facet normal 0 0 -1
    outer loop
      vertex 38.2999 86.0876 15.5
      vertex 35.15 87 15.5
      vertex 38.1868 86.1868 15.5
    endloop
  endfacet
  facet normal 0 0 -1
    outer loop
      vertex 37.8598 86.8499 15.5
      vertex 35.15 87 15.5
      vertex 37.85 87 15.5
    endloop
  endfacet
  facet normal 0 0 -1
    outer loop
      vertex 37.8892 86.7024 15.5
      vertex 35.15 87 15.5
      vertex 37.8598 86.8499 15.5
    endloop
  endfacet
  facet normal 0 0 -1
    outer loop
      vertex 37.9375 86.5599 15.5
      vertex 35.15 87 15.5
      vertex 37.8892 86.7024 15.5
    endloop
  endfacet
  facet normal 0 0 -1
    outer loop
      vertex 38.0041 86.425 15.5
      vertex 35.15 87 15.5
      vertex 37.9375 86.5599 15.5
    endloop
  endfacet
  facet normal 0 0 -1
    outer loop
      vertex 38.0876 86.2999 15.5
      vertex 35.15 87 15.5
      vertex 38.0041 86.425 15.5
    endloop
  endfacet
  facet normal 0 0 -1
    outer loop
      vertex 38.1868 86.1868 15.5
      vertex 35.15 87 15.5
      vertex 38.0876 86.2999 15.5
    endloop
  endfacet
  facet normal 0.947036 -0.321126 0
    outer loop
      vertex 107.391 4.93854 17.9
      vertex 107.727 5.92944 15.5
      vertex 107.727 5.92944 17.9
    endloop
  endfacet
  facet normal 0.947036 -0.321126 0
    outer loop
      vertex 107.727 5.92944 15.5
      vertex 107.391 4.93854 17.9
      vertex 107.391 4.93854 15.5
    endloop
  endfacet
  facet normal -1 0 0
    outer loop
      vertex 90 103.75 16.025
      vertex 90 124.25 16.75
      vertex 90 124.25 16.025
    endloop
  endfacet
  facet normal -1 -0 0
    outer loop
      vertex 90 124.25 16.75
      vertex 90 103.75 16.025
      vertex 90 103.75 16.75
    endloop
  endfacet
  facet normal 0 0 -1
    outer loop
      vertex 18 103.75 16.75
      vertex 90 124.25 16.75
      vertex 90 103.75 16.75
    endloop
  endfacet
  facet normal -0 0 -1
    outer loop
      vertex 90 124.25 16.75
      vertex 18 103.75 16.75
      vertex 18 124.25 16.75
    endloop
  endfacet
  facet normal 1 -0 0
    outer loop
      vertex 18 103.75 16.75
      vertex 18 124.25 16.025
      vertex 18 124.25 16.75
    endloop
  endfacet
  facet normal 1 0 0
    outer loop
      vertex 18 124.25 16.025
      vertex 18 103.75 16.75
      vertex 18 103.75 16.025
    endloop
  endfacet
  facet normal 0 -1 0
    outer loop
      vertex 18 124.25 16.025
      vertex 90 124.25 16.75
      vertex 18 124.25 16.75
    endloop
  endfacet
  facet normal 0 -1 -0
    outer loop
      vertex 90 124.25 16.75
      vertex 18 124.25 16.025
      vertex 90 124.25 16.025
    endloop
  endfacet
  facet normal 0 1 -0
    outer loop
      vertex 90 103.75 16.025
      vertex 18 103.75 16.75
      vertex 90 103.75 16.75
    endloop
  endfacet
  facet normal 0 1 0
    outer loop
      vertex 18 103.75 16.75
      vertex 90 103.75 16.025
      vertex 18 103.75 16.025
    endloop
  endfacet
  facet normal -1 0 0
    outer loop
      vertex 92.5 123 15.6
      vertex 92.5 128.7 15.5
      vertex 92.5 123 15.5
    endloop
  endfacet
  facet normal -1 0 0
    outer loop
      vertex 92.5 128.7 15.5
      vertex 92.5 123 15.6
      vertex 92.5 128.7 16.025
    endloop
  endfacet
  facet normal -1 0 0
    outer loop
      vertex 92.5 99.3 16.025
      vertex 92.5 123 15.6
      vertex 92.5 99.3 15.6
    endloop
  endfacet
  facet normal -1 0 0
    outer loop
      vertex 92.5 123 15.6
      vertex 92.5 99.3 16.025
      vertex 92.5 128.7 16.025
    endloop
  endfacet
  facet normal 0 0 -1
    outer loop
      vertex 92.5 99.3 16.025
      vertex 90 103.75 16.025
      vertex 92.5 128.7 16.025
    endloop
  endfacet
  facet normal 0 0 -1
    outer loop
      vertex 92.5 99.3 16.025
      vertex 18 103.75 16.025
      vertex 90 103.75 16.025
    endloop
  endfacet
  facet normal -0 0 -1
    outer loop
      vertex 18 103.75 16.025
      vertex 15.5 99.3 16.025
      vertex 18 124.25 16.025
    endloop
  endfacet
  facet normal 0 0 -1
    outer loop
      vertex 15.5 99.3 16.025
      vertex 18 103.75 16.025
      vertex 92.5 99.3 16.025
    endloop
  endfacet
  facet normal 0 0 -1
    outer loop
      vertex 90 124.25 16.025
      vertex 92.5 128.7 16.025
      vertex 90 103.75 16.025
    endloop
  endfacet
  facet normal 0 0 -1
    outer loop
      vertex 18 124.25 16.025
      vertex 92.5 128.7 16.025
      vertex 90 124.25 16.025
    endloop
  endfacet
  facet normal 0 0 -1
    outer loop
      vertex 18 124.25 16.025
      vertex 15.5 128.7 16.025
      vertex 92.5 128.7 16.025
    endloop
  endfacet
  facet normal 0 0 -1
    outer loop
      vertex 15.5 128.7 16.025
      vertex 18 124.25 16.025
      vertex 15.5 99.3 16.025
    endloop
  endfacet
  facet normal 1 0 0
    outer loop
      vertex 15.5 128.7 16.025
      vertex 15.5 123 15.6
      vertex 15.5 128.7 15.5
    endloop
  endfacet
  facet normal 1 -0 0
    outer loop
      vertex 15.5 99.3 16.025
      vertex 15.5 123 15.6
      vertex 15.5 128.7 16.025
    endloop
  endfacet
  facet normal 1 0 0
    outer loop
      vertex 15.5 123 15.6
      vertex 15.5 99.3 16.025
      vertex 15.5 99.3 15.6
    endloop
  endfacet
  facet normal 1 0 0
    outer loop
      vertex 15.5 128.7 15.5
      vertex 15.5 123 15.6
      vertex 15.5 123 15.5
    endloop
  endfacet
  facet normal 0 -1 0
    outer loop
      vertex 15.5 128.7 15.5
      vertex 92.5 128.7 16.025
      vertex 15.5 128.7 16.025
    endloop
  endfacet
  facet normal 0 -1 -0
    outer loop
      vertex 92.5 128.7 16.025
      vertex 15.5 128.7 15.5
      vertex 92.5 128.7 15.5
    endloop
  endfacet
  facet normal 0 1 -0
    outer loop
      vertex 89 99.3 15.5
      vertex 19 99.3 15.6
      vertex 89 99.3 15.6
    endloop
  endfacet
  facet normal 0 1 0
    outer loop
      vertex 19 99.3 15.6
      vertex 89 99.3 15.5
      vertex 19 99.3 15.5
    endloop
  endfacet
  facet normal 0 1 0
    outer loop
      vertex 89 99.3 15.6
      vertex 92.5 99.3 16.025
      vertex 92.5 99.3 15.6
    endloop
  endfacet
  facet normal 0 1 0
    outer loop
      vertex 92.5 99.3 16.025
      vertex 89 99.3 15.6
      vertex 15.5 99.3 16.025
    endloop
  endfacet
  facet normal 0 1 -0
    outer loop
      vertex 19 99.3 15.6
      vertex 15.5 99.3 16.025
      vertex 89 99.3 15.6
    endloop
  endfacet
  facet normal 0 1 0
    outer loop
      vertex 15.5 99.3 16.025
      vertex 19 99.3 15.6
      vertex 15.5 99.3 15.6
    endloop
  endfacet
  facet normal 1 0 0
    outer loop
      vertex 19 99.3 15.5
      vertex 19 123 15.6
      vertex 19 99.3 15.6
    endloop
  endfacet
  facet normal 1 0 0
    outer loop
      vertex 19 123 15.6
      vertex 19 99.3 15.5
      vertex 19 123 14.1
    endloop
  endfacet
  facet normal 1 0 0
    outer loop
      vertex 19 98 14.1
      vertex 19 99.3 15.5
      vertex 19 98 15.5
    endloop
  endfacet
  facet normal 1 0 0
    outer loop
      vertex 19 99.3 15.5
      vertex 19 98 14.1
      vertex 19 123 14.1
    endloop
  endfacet
  facet normal -0 0 1
    outer loop
      vertex 15.5 123 15.6
      vertex 19 99.3 15.6
      vertex 19 123 15.6
    endloop
  endfacet
  facet normal 0 0 1
    outer loop
      vertex 19 99.3 15.6
      vertex 15.5 123 15.6
      vertex 15.5 99.3 15.6
    endloop
  endfacet
  facet normal 0 0 -1
    outer loop
      vertex 15 98 14.1
      vertex 19 123 14.1
      vertex 19 98 14.1
    endloop
  endfacet
  facet normal -0 0 -1
    outer loop
      vertex 19 123 14.1
      vertex 15 98 14.1
      vertex 15 123 14.1
    endloop
  endfacet
  facet normal -1 0 0
    outer loop
      vertex 15 98 14.1
      vertex 15 123 15.5
      vertex 15 123 14.1
    endloop
  endfacet
  facet normal -1 -0 0
    outer loop
      vertex 15 123 15.5
      vertex 15 98 14.1
      vertex 15 98 15.5
    endloop
  endfacet
  facet normal 0 1 0
    outer loop
      vertex 19 123 15.6
      vertex 15.5 123 15.5
      vertex 15.5 123 15.6
    endloop
  endfacet
  facet normal 0 1 -0
    outer loop
      vertex 19 123 14.1
      vertex 15.5 123 15.5
      vertex 19 123 15.6
    endloop
  endfacet
  facet normal 0 1 0
    outer loop
      vertex 15 123 14.1
      vertex 15.5 123 15.5
      vertex 19 123 14.1
    endloop
  endfacet
  facet normal 0 1 0
    outer loop
      vertex 15.5 123 15.5
      vertex 15 123 14.1
      vertex 15 123 15.5
    endloop
  endfacet
  facet normal 0 -1 0
    outer loop
      vertex 15 98 14.1
      vertex 19 98 15.5
      vertex 15 98 15.5
    endloop
  endfacet
  facet normal 0 -1 -0
    outer loop
      vertex 19 98 15.5
      vertex 15 98 14.1
      vertex 19 98 14.1
    endloop
  endfacet
  facet normal 1 -0 0
    outer loop
      vertex 93 98 15.5
      vertex 93 123 14.1
      vertex 93 123 15.5
    endloop
  endfacet
  facet normal 1 0 0
    outer loop
      vertex 93 123 14.1
      vertex 93 98 15.5
      vertex 93 98 14.1
    endloop
  endfacet
  facet normal -0 0 1
    outer loop
      vertex 89 123 15.6
      vertex 92.5 99.3 15.6
      vertex 92.5 123 15.6
    endloop
  endfacet
  facet normal 0 0 1
    outer loop
      vertex 92.5 99.3 15.6
      vertex 89 123 15.6
      vertex 89 99.3 15.6
    endloop
  endfacet
  facet normal 0 0 -1
    outer loop
      vertex 89 98 14.1
      vertex 93 123 14.1
      vertex 93 98 14.1
    endloop
  endfacet
  facet normal -0 0 -1
    outer loop
      vertex 93 123 14.1
      vertex 89 98 14.1
      vertex 89 123 14.1
    endloop
  endfacet
  facet normal -1 0 0
    outer loop
      vertex 89 123 14.1
      vertex 89 99.3 15.5
      vertex 89 123 15.6
    endloop
  endfacet
  facet normal -1 0 0
    outer loop
      vertex 89 98 14.1
      vertex 89 99.3 15.5
      vertex 89 123 14.1
    endloop
  endfacet
  facet normal -1 -0 0
    outer loop
      vertex 89 99.3 15.5
      vertex 89 98 14.1
      vertex 89 98 15.5
    endloop
  endfacet
  facet normal -1 -0 0
    outer loop
      vertex 89 123 15.6
      vertex 89 99.3 15.5
      vertex 89 99.3 15.6
    endloop
  endfacet
  facet normal 0 1 0
    outer loop
      vertex 93 123 15.5
      vertex 93 123 14.1
      vertex 92.5 123 15.5
    endloop
  endfacet
  facet normal 0 1 -0
    outer loop
      vertex 92.5 123 15.5
      vertex 89 123 15.6
      vertex 92.5 123 15.6
    endloop
  endfacet
  facet normal 0 1 0
    outer loop
      vertex 89 123 14.1
      vertex 92.5 123 15.5
      vertex 93 123 14.1
    endloop
  endfacet
  facet normal 0 1 0
    outer loop
      vertex 92.5 123 15.5
      vertex 89 123 14.1
      vertex 89 123 15.6
    endloop
  endfacet
  facet normal 0 -1 0
    outer loop
      vertex 89 98 14.1
      vertex 93 98 15.5
      vertex 89 98 15.5
    endloop
  endfacet
  facet normal 0 -1 -0
    outer loop
      vertex 93 98 15.5
      vertex 89 98 14.1
      vertex 93 98 14.1
    endloop
  endfacet
endsolid OpenSCAD_Model
