ISO-10303-21;
HEADER;
FILE_DESCRIPTION(('FreeCAD Model'),'2;1');
FILE_NAME('Open CASCADE Shape Model','2026-10-06T10:00:33',('FreeCAD'),(
    'FreeCAD'),'Open CASCADE STEP processor 7.6','FreeCAD','Unknown');
FILE_SCHEMA(('AUTOMOTIVE_DESIGN { 1 0 10303 214 1 1 1 1 }'));
ENDSEC;
DATA;
#1 = APPLICATION_PROTOCOL_DEFINITION('international standard',
  'automotive_design',2000,#2);
#2 = APPLICATION_CONTEXT(
  'core data for automotive mechanical design processes');
#3 = SHAPE_DEFINITION_REPRESENTATION(#4,#10);
#4 = PRODUCT_DEFINITION_SHAPE('','',#5);
#5 = PRODUCT_DEFINITION('design','',#6,#9);
#6 = PRODUCT_DEFINITION_FORMATION('','',#7);
#7 = PRODUCT('Open CASCADE STEP translator 7.6 5',
  'Open CASCADE STEP translator 7.6 5','',(#8));
#8 = PRODUCT_CONTEXT('',#2,'mechanical');
#9 = PRODUCT_DEFINITION_CONTEXT('part definition',#2,'design');
#10 = MANIFOLD_SURFACE_SHAPE_REPRESENTATION('',(#11,#15),#15527);
#11 = AXIS2_PLACEMENT_3D('',#12,#13,#14);
#12 = CARTESIAN_POINT('',(0.,0.,0.));
#13 = DIRECTION('',(0.,0.,1.));
#14 = DIRECTION('',(1.,0.,-0.));
#15 = SHELL_BASED_SURFACE_MODEL('',(#16));
#16 = CLOSED_SHELL('',(#17,#49,#72,#95,#118,#141,#164,#187,#210,#233,
    #256,#279,#302,#325,#348,#371,#394,#417,#440,#463,#486,#509,#532,
    #555,#578,#601,#624,#647,#670,#693,#716,#739,#762,#785,#808,#831,
    #854,#877,#900,#923,#946,#969,#992,#1015,#1038,#1061,#1084,#1107,
    #1130,#1153,#1176,#1199,#1222,#1245,#1268,#1291,#1314,#1337,#1360,
    #1383,#1406,#1429,#1452,#1475,#1498,#1521,#1544,#1567,#1590,#1613,
    #1636,#1659,#1682,#1705,#1728,#1751,#1774,#1797,#1820,#1843,#1866,
    #1889,#1912,#1935,#1958,#1990,#2013,#2036,#2059,#2082,#2105,#2128,
    #2151,#2172,#2188,#2209,#2225,#2248,#2271,#2303,#2326,#2349,#2372,
    #2395,#2418,#2441,#2464,#2487,#2510,#2533,#2556,#2579,#2602,#2625,
    #2648,#2671,#2694,#2717,#2740,#2763,#2786,#2809,#2832,#2855,#2878,
    #2901,#2924,#2947,#2970,#2993,#3016,#3039,#3062,#3085,#3108,#3131,
    #3154,#3177,#3200,#3223,#3246,#3269,#3292,#3315,#3338,#3361,#3384,
    #3407,#3430,#3453,#3476,#3499,#3522,#3545,#3568,#3591,#3614,#3637,
    #3660,#3683,#3704,#3727,#3743,#3766,#3789,#3812,#3835,#3858,#3881,
    #3904,#3927,#3950,#3973,#3996,#4019,#4042,#4065,#4088,#4111,#4134,
    #4157,#4180,#4203,#4226,#4249,#4281,#4304,#4327,#4350,#4373,#4396,
    #4417,#4433,#4454,#4470,#4493,#4516,#4539,#4571,#4594,#4617,#4640,
    #4663,#4686,#4709,#4732,#4755,#4778,#4810,#4833,#4856,#4879,#4902,
    #4925,#4948,#4971,#4994,#5017,#5040,#5063,#5086,#5109,#5132,#5155,
    #5178,#5201,#5224,#5247,#5270,#5293,#5316,#5339,#5362,#5385,#5408,
    #5431,#5454,#5477,#5500,#5523,#5546,#5569,#5590,#5606,#5629,#5652,
    #5675,#5698,#5721,#5744,#5767,#5790,#5813,#5836,#5859,#5882,#5905,
    #5928,#5951,#5972,#5995,#6011,#6034,#6057,#6080,#6103,#6126,#6149,
    #6172,#6195,#6218,#6241,#6264,#6287,#6310,#6333,#6356,#6379,#6402,
    #6425,#6448,#6471,#6494,#6517,#6540,#6563,#6586,#6609,#6632,#6655,
    #6678,#6701,#6722,#6738,#6759,#6775,#6786,#6802,#6818,#6834,#6850,
    #6866,#6882,#6898,#6914,#6930,#6946,#6962,#6978,#6994,#7010,#7026,
    #7042,#7058,#7074,#7090,#7106,#7122,#7138,#7154,#7170,#7186,#7202,
    #7218,#7234,#7250,#7266,#7282,#7298,#7314,#7330,#7353,#7369,#7385,
    #7408,#7424,#7440,#7463,#7486,#7509,#7532,#7555,#7578,#7610,#7633,
    #7656,#7679,#7702,#7725,#7748,#7771,#7794,#7817,#7840,#7863,#7886,
    #7907,#7930,#7946,#7969,#7992,#8015,#8038,#8061,#8084,#8107,#8130,
    #8153,#8176,#8199,#8222,#8245,#8268,#8291,#8314,#8337,#8360,#8383,
    #8406,#8429,#8452,#8475,#8498,#8521,#8544,#8567,#8590,#8613,#8636,
    #8659,#8682,#8705,#8728,#8751,#8774,#8797,#8820,#8843,#8866,#8898,
    #8921,#8944,#8967,#8988,#9011,#9034,#9057,#9080,#9103,#9126,#9149,
    #9172,#9195,#9218,#9241,#9264,#9287,#9310,#9333,#9356,#9379,#9402,
    #9425,#9448,#9471,#9494,#9517,#9540,#9563,#9586,#9609,#9632,#9655,
    #9676,#9692,#9715,#9738,#9759,#9775,#9796,#9807,#9823,#9839,#9855,
    #9871,#9887,#9903,#9919,#9935,#9951,#9967,#9983,#9999,#10015,#10031,
    #10047,#10063,#10079,#10095,#10111,#10127,#10143,#10159,#10175,
    #10191,#10207,#10223,#10239,#10255,#10271,#10287,#10303,#10319,
    #10335,#10346,#10367,#10383,#10399,#10410,#10426,#10442,#10458,
    #10474,#10495,#10511,#10527,#10543,#10559,#10575,#10591,#10607,
    #10623,#10639,#10655,#10671,#10687,#10703,#10719,#10735,#10751,
    #10767,#10783,#10804,#10825,#10846,#10867,#10888,#10909,#10930,
    #10951,#10962,#10973,#10984,#10995,#11006,#11017,#11028,#11039,
    #11055,#11076,#11092,#11108,#11124,#11140,#11156,#11172,#11188,
    #11204,#11220,#11236,#11252,#11268,#11284,#11300,#11316,#11327,
    #11338,#11354,#11370,#11386,#11402,#11418,#11434,#11450,#11466,
    #11482,#11498,#11514,#11530,#11546,#11562,#11578,#11594,#11610,
    #11626,#11642,#11658,#11674,#11690,#11706,#11722,#11738,#11754,
    #11770,#11786,#11802,#11818,#11834,#11850,#11866,#11882,#11898,
    #11919,#11935,#11951,#11967,#11983,#11999,#12015,#12031,#12047,
    #12063,#12079,#12095,#12111,#12127,#12143,#12159,#12170,#12191,
    #12212,#12228,#12244,#12265,#12281,#12302,#12313,#12329,#12345,
    #12361,#12377,#12393,#12409,#12425,#12441,#12457,#12473,#12489,
    #12505,#12521,#12537,#12553,#12569,#12585,#12601,#12617,#12633,
    #12649,#12665,#12681,#12697,#12713,#12729,#12745,#12761,#12777,
    #12793,#12809,#12825,#12841,#12857,#12880,#12896,#12912,#12935,
    #12951,#12967,#12988,#13009,#13025,#13041,#13062,#13073,#13089,
    #13105,#13121,#13137,#13153,#13169,#13185,#13201,#13217,#13233,
    #13249,#13265,#13281,#13297,#13313,#13329,#13345,#13361,#13377,
    #13393,#13409,#13425,#13441,#13457,#13473,#13489,#13505,#13521,
    #13537,#13553,#13569,#13585,#13601,#13612,#13633,#13649,#13665,
    #13676,#13692,#13708,#13724,#13740,#13761,#13777,#13793,#13809,
    #13825,#13841,#13857,#13873,#13889,#13905,#13921,#13937,#13953,
    #13969,#13985,#14001,#14017,#14033,#14049,#14070,#14091,#14112,
    #14133,#14154,#14175,#14196,#14217,#14228,#14239,#14250,#14261,
    #14272,#14283,#14294,#14305,#14321,#14342,#14358,#14374,#14390,
    #14406,#14422,#14438,#14454,#14470,#14486,#14502,#14518,#14534,
    #14550,#14566,#14582,#14593,#14604,#14620,#14636,#14652,#14668,
    #14684,#14700,#14716,#14732,#14748,#14764,#14780,#14796,#14812,
    #14828,#14844,#14860,#14876,#14892,#14908,#14924,#14940,#14956,
    #14972,#14988,#15004,#15020,#15036,#15052,#15068,#15084,#15100,
    #15116,#15132,#15148,#15164,#15185,#15201,#15217,#15233,#15249,
    #15265,#15281,#15297,#15313,#15329,#15345,#15361,#15377,#15393,
    #15409,#15425,#15436,#15457,#15473,#15489,#15500,#15516));
#17 = ADVANCED_FACE('',(#18),#44,.T.);
#18 = FACE_BOUND('',#19,.T.);
#19 = EDGE_LOOP('',(#20,#30,#38));
#20 = ORIENTED_EDGE('',*,*,#21,.T.);
#21 = EDGE_CURVE('',#22,#24,#26,.T.);
#22 = VERTEX_POINT('',#23);
#23 = CARTESIAN_POINT('',(173.88900756835,92.85230255127,1.));
#24 = VERTEX_POINT('',#25);
#25 = CARTESIAN_POINT('',(174.00999450683,92.98999786377,-1.));
#26 = LINE('',#27,#28);
#27 = CARTESIAN_POINT('',(173.88900756835,92.85230255127,1.));
#28 = VECTOR('',#29,1.);
#29 = DIRECTION('',(6.02410023436E-02,6.856032351477E-02,-0.995826542966
    ));
#30 = ORIENTED_EDGE('',*,*,#31,.T.);
#31 = EDGE_CURVE('',#24,#32,#34,.T.);
#32 = VERTEX_POINT('',#33);
#33 = CARTESIAN_POINT('',(174.00999450683,92.98999786377,1.));
#34 = LINE('',#35,#36);
#35 = CARTESIAN_POINT('',(174.00999450683,92.98999786377,-1.));
#36 = VECTOR('',#37,1.);
#37 = DIRECTION('',(0.,0.,1.));
#38 = ORIENTED_EDGE('',*,*,#39,.T.);
#39 = EDGE_CURVE('',#32,#22,#40,.T.);
#40 = LINE('',#41,#42);
#41 = CARTESIAN_POINT('',(174.00999450683,92.98999786377,1.));
#42 = VECTOR('',#43,1.);
#43 = DIRECTION('',(-0.660059094084,-0.751213679533,0.));
#44 = PLANE('',#45);
#45 = AXIS2_PLACEMENT_3D('',#46,#47,#48);
#46 = CARTESIAN_POINT('',(173.97836463562,92.953999886995,
    4.3728808954E-02));
#47 = DIRECTION('',(0.751213679533,-0.660059094084,0.));
#48 = DIRECTION('',(0.660059094084,0.751213679533,0.));
#49 = ADVANCED_FACE('',(#50),#67,.T.);
#50 = FACE_BOUND('',#51,.T.);
#51 = EDGE_LOOP('',(#52,#53,#61));
#52 = ORIENTED_EDGE('',*,*,#21,.F.);
#53 = ORIENTED_EDGE('',*,*,#54,.T.);
#54 = EDGE_CURVE('',#22,#55,#57,.T.);
#55 = VERTEX_POINT('',#56);
#56 = CARTESIAN_POINT('',(173.88900756835,92.85230255127,-1.));
#57 = LINE('',#58,#59);
#58 = CARTESIAN_POINT('',(173.88900756835,92.85230255127,1.));
#59 = VECTOR('',#60,1.);
#60 = DIRECTION('',(0.,0.,-1.));
#61 = ORIENTED_EDGE('',*,*,#62,.T.);
#62 = EDGE_CURVE('',#55,#24,#63,.T.);
#63 = LINE('',#64,#65);
#64 = CARTESIAN_POINT('',(173.88900756835,92.85230255127,-1.));
#65 = VECTOR('',#66,1.);
#66 = DIRECTION('',(0.660059094084,0.751213679533,0.));
#67 = PLANE('',#68);
#68 = AXIS2_PLACEMENT_3D('',#69,#70,#71);
#69 = CARTESIAN_POINT('',(173.92063743957,92.888300528044,
    -4.3728808954E-02));
#70 = DIRECTION('',(0.751213679533,-0.660059094084,9.859685076508E-18));
#71 = DIRECTION('',(0.660059094084,0.751213679533,0.));
#72 = ADVANCED_FACE('',(#73),#90,.T.);
#73 = FACE_BOUND('',#74,.T.);
#74 = EDGE_LOOP('',(#75,#83,#89));
#75 = ORIENTED_EDGE('',*,*,#76,.T.);
#76 = EDGE_CURVE('',#24,#77,#79,.T.);
#77 = VERTEX_POINT('',#78);
#78 = CARTESIAN_POINT('',(174.14799499511,93.110702514648,1.));
#79 = LINE('',#80,#81);
#80 = CARTESIAN_POINT('',(174.00999450683,92.98999786377,-1.));
#81 = VECTOR('',#82,1.);
#82 = DIRECTION('',(6.871213908079E-02,6.01003290799E-02,0.995824579124)
  );
#83 = ORIENTED_EDGE('',*,*,#84,.T.);
#84 = EDGE_CURVE('',#77,#32,#85,.T.);
#85 = LINE('',#86,#87);
#86 = CARTESIAN_POINT('',(174.14799499511,93.110702514648,1.));
#87 = VECTOR('',#88,1.);
#88 = DIRECTION('',(-0.752700416386,-0.658363184855,0.));
#89 = ORIENTED_EDGE('',*,*,#31,.F.);
#90 = PLANE('',#91);
#91 = AXIS2_PLACEMENT_3D('',#92,#93,#94);
#92 = CARTESIAN_POINT('',(174.04607263827,93.021554261243,
    4.373866678474E-02));
#93 = DIRECTION('',(0.658363184855,-0.752700416386,-0.));
#94 = DIRECTION('',(-0.752700416386,-0.658363184855,0.));
#95 = ADVANCED_FACE('',(#96),#113,.T.);
#96 = FACE_BOUND('',#97,.T.);
#97 = EDGE_LOOP('',(#98,#99,#107));
#98 = ORIENTED_EDGE('',*,*,#76,.F.);
#99 = ORIENTED_EDGE('',*,*,#100,.T.);
#100 = EDGE_CURVE('',#24,#101,#103,.T.);
#101 = VERTEX_POINT('',#102);
#102 = CARTESIAN_POINT('',(174.14799499511,93.110702514648,-1.));
#103 = LINE('',#104,#105);
#104 = CARTESIAN_POINT('',(174.00999450683,92.98999786377,-1.));
#105 = VECTOR('',#106,1.);
#106 = DIRECTION('',(0.752700416386,0.658363184855,0.));
#107 = ORIENTED_EDGE('',*,*,#108,.T.);
#108 = EDGE_CURVE('',#101,#77,#109,.T.);
#109 = LINE('',#110,#111);
#110 = CARTESIAN_POINT('',(174.14799499511,93.110702514648,-1.));
#111 = VECTOR('',#112,1.);
#112 = DIRECTION('',(0.,0.,1.));
#113 = PLANE('',#114);
#114 = AXIS2_PLACEMENT_3D('',#115,#116,#117);
#115 = CARTESIAN_POINT('',(174.11191686367,93.079146117175,
    -4.373866678474E-02));
#116 = DIRECTION('',(0.658363184855,-0.752700416386,-0.));
#117 = DIRECTION('',(-0.752700416386,-0.658363184855,0.));
#118 = ADVANCED_FACE('',(#119),#136,.T.);
#119 = FACE_BOUND('',#120,.T.);
#120 = EDGE_LOOP('',(#121,#129,#135));
#121 = ORIENTED_EDGE('',*,*,#122,.T.);
#122 = EDGE_CURVE('',#101,#123,#125,.T.);
#123 = VERTEX_POINT('',#124);
#124 = CARTESIAN_POINT('',(174.30000305175,93.21240234375,1.));
#125 = LINE('',#126,#127);
#126 = CARTESIAN_POINT('',(174.14799499511,93.110702514648,-1.));
#127 = VECTOR('',#128,1.);
#128 = DIRECTION('',(7.568822236408E-02,5.063862698822E-02,0.99584487871
    ));
#129 = ORIENTED_EDGE('',*,*,#130,.T.);
#130 = EDGE_CURVE('',#123,#77,#131,.T.);
#131 = LINE('',#132,#133);
#132 = CARTESIAN_POINT('',(174.30000305175,93.21240234375,1.));
#133 = VECTOR('',#134,1.);
#134 = DIRECTION('',(-0.831137850136,-0.556066429548,0.));
#135 = ORIENTED_EDGE('',*,*,#108,.F.);
#136 = PLANE('',#137);
#137 = AXIS2_PLACEMENT_3D('',#138,#139,#140);
#138 = CARTESIAN_POINT('',(174.18773095331,93.137287553935,
    4.363664838298E-02));
#139 = DIRECTION('',(0.556066429548,-0.831137850136,4.930360832069E-18)
  );
#140 = DIRECTION('',(-0.831137850136,-0.556066429548,0.));
#141 = ADVANCED_FACE('',(#142),#159,.T.);
#142 = FACE_BOUND('',#143,.T.);
#143 = EDGE_LOOP('',(#144,#145,#153));
#144 = ORIENTED_EDGE('',*,*,#122,.F.);
#145 = ORIENTED_EDGE('',*,*,#146,.T.);
#146 = EDGE_CURVE('',#101,#147,#149,.T.);
#147 = VERTEX_POINT('',#148);
#148 = CARTESIAN_POINT('',(174.30000305175,93.21240234375,-1.));
#149 = LINE('',#150,#151);
#150 = CARTESIAN_POINT('',(174.14799499511,93.110702514648,-1.));
#151 = VECTOR('',#152,1.);
#152 = DIRECTION('',(0.831137850136,0.556066429548,0.));
#153 = ORIENTED_EDGE('',*,*,#154,.T.);
#154 = EDGE_CURVE('',#147,#123,#155,.T.);
#155 = LINE('',#156,#157);
#156 = CARTESIAN_POINT('',(174.30000305175,93.21240234375,-1.));
#157 = VECTOR('',#158,1.);
#158 = DIRECTION('',(0.,0.,1.));
#159 = PLANE('',#160);
#160 = AXIS2_PLACEMENT_3D('',#161,#162,#163);
#161 = CARTESIAN_POINT('',(174.26026709356,93.185817304463,
    -4.363664838298E-02));
#162 = DIRECTION('',(0.556066429548,-0.831137850136,-0.));
#163 = DIRECTION('',(-0.831137850136,-0.556066429548,0.));
#164 = ADVANCED_FACE('',(#165),#182,.T.);
#165 = FACE_BOUND('',#166,.T.);
#166 = EDGE_LOOP('',(#167,#175,#176));
#167 = ORIENTED_EDGE('',*,*,#168,.T.);
#168 = EDGE_CURVE('',#169,#55,#171,.T.);
#169 = VERTEX_POINT('',#170);
#170 = CARTESIAN_POINT('',(173.78799438476,92.699996948242,1.));
#171 = LINE('',#172,#173);
#172 = CARTESIAN_POINT('',(173.78799438476,92.699996948242,1.));
#173 = VECTOR('',#174,1.);
#174 = DIRECTION('',(5.02970340812E-02,7.583683469509E-02,
    -0.995850883851));
#175 = ORIENTED_EDGE('',*,*,#54,.F.);
#176 = ORIENTED_EDGE('',*,*,#177,.T.);
#177 = EDGE_CURVE('',#22,#169,#178,.T.);
#178 = LINE('',#179,#180);
#179 = CARTESIAN_POINT('',(173.88900756835,92.85230255127,1.));
#180 = VECTOR('',#181,1.);
#181 = DIRECTION('',(-0.552714088432,-0.833370947687,0.));
#182 = PLANE('',#183);
#183 = AXIS2_PLACEMENT_3D('',#184,#185,#186);
#184 = CARTESIAN_POINT('',(173.86260285763,92.812490070888,
    4.360641708589E-02));
#185 = DIRECTION('',(0.833370947687,-0.552714088432,0.));
#186 = DIRECTION('',(0.552714088432,0.833370947687,0.));
#187 = ADVANCED_FACE('',(#188),#205,.T.);
#188 = FACE_BOUND('',#189,.T.);
#189 = EDGE_LOOP('',(#190,#191,#199));
#190 = ORIENTED_EDGE('',*,*,#168,.F.);
#191 = ORIENTED_EDGE('',*,*,#192,.T.);
#192 = EDGE_CURVE('',#169,#193,#195,.T.);
#193 = VERTEX_POINT('',#194);
#194 = CARTESIAN_POINT('',(173.78799438476,92.699996948242,-1.));
#195 = LINE('',#196,#197);
#196 = CARTESIAN_POINT('',(173.78799438476,92.699996948242,1.));
#197 = VECTOR('',#198,1.);
#198 = DIRECTION('',(0.,0.,-1.));
#199 = ORIENTED_EDGE('',*,*,#200,.T.);
#200 = EDGE_CURVE('',#193,#55,#201,.T.);
#201 = LINE('',#202,#203);
#202 = CARTESIAN_POINT('',(173.78799438476,92.699996948242,-1.));
#203 = VECTOR('',#204,1.);
#204 = DIRECTION('',(0.552714088432,0.833370947687,0.));
#205 = PLANE('',#206);
#206 = AXIS2_PLACEMENT_3D('',#207,#208,#209);
#207 = CARTESIAN_POINT('',(173.81439909549,92.739809428624,
    -4.360641708589E-02));
#208 = DIRECTION('',(0.833370947687,-0.552714088432,4.930530901296E-18)
  );
#209 = DIRECTION('',(0.552714088432,0.833370947687,0.));
#210 = ADVANCED_FACE('',(#211),#228,.T.);
#211 = FACE_BOUND('',#212,.T.);
#212 = EDGE_LOOP('',(#213,#221,#227));
#213 = ORIENTED_EDGE('',*,*,#214,.T.);
#214 = EDGE_CURVE('',#147,#215,#217,.T.);
#215 = VERTEX_POINT('',#216);
#216 = CARTESIAN_POINT('',(174.4640045166,93.293403625488,1.));
#217 = LINE('',#218,#219);
#218 = CARTESIAN_POINT('',(174.30000305175,93.21240234375,-1.));
#219 = VECTOR('',#220,1.);
#220 = DIRECTION('',(8.165992456705E-02,4.033231387832E-02,
    0.995843843771));
#221 = ORIENTED_EDGE('',*,*,#222,.T.);
#222 = EDGE_CURVE('',#215,#123,#223,.T.);
#223 = LINE('',#224,#225);
#224 = CARTESIAN_POINT('',(174.4640045166,93.293403625488,1.));
#225 = VECTOR('',#226,1.);
#226 = DIRECTION('',(-0.896602123108,-0.442837027402,0.));
#227 = ORIENTED_EDGE('',*,*,#154,.F.);
#228 = PLANE('',#229);
#229 = AXIS2_PLACEMENT_3D('',#230,#231,#232);
#230 = CARTESIAN_POINT('',(174.34287440332,93.233576754784,
    4.364185612062E-02));
#231 = DIRECTION('',(0.442837027402,-0.896602123108,-9.860663076219E-18)
  );
#232 = DIRECTION('',(-0.896602123108,-0.442837027402,0.));
#233 = ADVANCED_FACE('',(#234),#251,.T.);
#234 = FACE_BOUND('',#235,.T.);
#235 = EDGE_LOOP('',(#236,#237,#245));
#236 = ORIENTED_EDGE('',*,*,#214,.F.);
#237 = ORIENTED_EDGE('',*,*,#238,.T.);
#238 = EDGE_CURVE('',#147,#239,#241,.T.);
#239 = VERTEX_POINT('',#240);
#240 = CARTESIAN_POINT('',(174.4640045166,93.293403625488,-1.));
#241 = LINE('',#242,#243);
#242 = CARTESIAN_POINT('',(174.30000305175,93.21240234375,-1.));
#243 = VECTOR('',#244,1.);
#244 = DIRECTION('',(0.896602123108,0.442837027402,0.));
#245 = ORIENTED_EDGE('',*,*,#246,.F.);
#246 = EDGE_CURVE('',#215,#239,#247,.T.);
#247 = LINE('',#248,#249);
#248 = CARTESIAN_POINT('',(174.4640045166,93.293403625488,1.));
#249 = VECTOR('',#250,1.);
#250 = DIRECTION('',(0.,0.,-1.));
#251 = PLANE('',#252);
#252 = AXIS2_PLACEMENT_3D('',#253,#254,#255);
#253 = CARTESIAN_POINT('',(174.42113316503,93.272229214454,
    -4.364185612062E-02));
#254 = DIRECTION('',(0.442837027402,-0.896602123108,9.860663076219E-18)
  );
#255 = DIRECTION('',(-0.896602123108,-0.442837027402,0.));
#256 = ADVANCED_FACE('',(#257),#274,.T.);
#257 = FACE_BOUND('',#258,.T.);
#258 = EDGE_LOOP('',(#259,#267,#273));
#259 = ORIENTED_EDGE('',*,*,#260,.T.);
#260 = EDGE_CURVE('',#239,#261,#263,.T.);
#261 = VERTEX_POINT('',#262);
#262 = CARTESIAN_POINT('',(174.63800048828,93.35230255127,1.));
#263 = LINE('',#264,#265);
#264 = CARTESIAN_POINT('',(174.4640045166,93.293403625488,-1.));
#265 = VECTOR('',#266,1.);
#266 = DIRECTION('',(8.66333372924E-02,2.932602665515E-02,0.995808540348
    ));
#267 = ORIENTED_EDGE('',*,*,#268,.T.);
#268 = EDGE_CURVE('',#261,#215,#269,.T.);
#269 = LINE('',#270,#271);
#270 = CARTESIAN_POINT('',(174.63800048828,93.35230255127,1.));
#271 = VECTOR('',#272,1.);
#272 = DIRECTION('',(-0.947202774155,-0.320635158137,0.));
#273 = ORIENTED_EDGE('',*,*,#246,.T.);
#274 = PLANE('',#275);
#275 = AXIS2_PLACEMENT_3D('',#276,#277,#278);
#276 = CARTESIAN_POINT('',(174.50949694603,93.308803149966,
    4.381908239577E-02));
#277 = DIRECTION('',(0.320635158137,-0.947202774155,2.464667548966E-18)
  );
#278 = DIRECTION('',(-0.947202774155,-0.320635158137,0.));
#279 = ADVANCED_FACE('',(#280),#297,.T.);
#280 = FACE_BOUND('',#281,.T.);
#281 = EDGE_LOOP('',(#282,#283,#291));
#282 = ORIENTED_EDGE('',*,*,#260,.F.);
#283 = ORIENTED_EDGE('',*,*,#284,.T.);
#284 = EDGE_CURVE('',#239,#285,#287,.T.);
#285 = VERTEX_POINT('',#286);
#286 = CARTESIAN_POINT('',(174.63800048828,93.35230255127,-1.));
#287 = LINE('',#288,#289);
#288 = CARTESIAN_POINT('',(174.4640045166,93.293403625488,-1.));
#289 = VECTOR('',#290,1.);
#290 = DIRECTION('',(0.947202774155,0.320635158137,0.));
#291 = ORIENTED_EDGE('',*,*,#292,.T.);
#292 = EDGE_CURVE('',#285,#261,#293,.T.);
#293 = LINE('',#294,#295);
#294 = CARTESIAN_POINT('',(174.63800048828,93.35230255127,-1.));
#295 = VECTOR('',#296,1.);
#296 = DIRECTION('',(0.,0.,1.));
#297 = PLANE('',#298);
#298 = AXIS2_PLACEMENT_3D('',#299,#300,#301);
#299 = CARTESIAN_POINT('',(174.59250805884,93.336903026792,
    -4.381908239577E-02));
#300 = DIRECTION('',(0.320635158137,-0.947202774155,4.929335097933E-18)
  );
#301 = DIRECTION('',(-0.947202774155,-0.320635158137,0.));
#302 = ADVANCED_FACE('',(#303),#320,.T.);
#303 = FACE_BOUND('',#304,.T.);
#304 = EDGE_LOOP('',(#305,#313,#319));
#305 = ORIENTED_EDGE('',*,*,#306,.T.);
#306 = EDGE_CURVE('',#285,#307,#309,.T.);
#307 = VERTEX_POINT('',#308);
#308 = CARTESIAN_POINT('',(174.81700134277,93.388000488281,1.));
#309 = LINE('',#310,#311);
#310 = CARTESIAN_POINT('',(174.63800048828,93.35230255127,-1.));
#311 = VECTOR('',#312,1.);
#312 = DIRECTION('',(8.913001887274E-02,1.777509838486E-02,
    0.995861378714));
#313 = ORIENTED_EDGE('',*,*,#314,.T.);
#314 = EDGE_CURVE('',#307,#261,#315,.T.);
#315 = LINE('',#316,#317);
#316 = CARTESIAN_POINT('',(174.81700134277,93.388000488281,1.));
#317 = VECTOR('',#318,1.);
#318 = DIRECTION('',(-0.980688240612,-0.195577541464,0.));
#319 = ORIENTED_EDGE('',*,*,#292,.F.);
#320 = PLANE('',#321);
#321 = AXIS2_PLACEMENT_3D('',#322,#323,#324);
#322 = CARTESIAN_POINT('',(174.68478848412,93.361633428116,
    4.355352662686E-02));
#323 = DIRECTION('',(0.195577541464,-0.980688240612,2.46541425309E-18));
#324 = DIRECTION('',(-0.980688240612,-0.195577541464,0.));
#325 = ADVANCED_FACE('',(#326),#343,.T.);
#326 = FACE_BOUND('',#327,.T.);
#327 = EDGE_LOOP('',(#328,#329,#337));
#328 = ORIENTED_EDGE('',*,*,#306,.F.);
#329 = ORIENTED_EDGE('',*,*,#330,.T.);
#330 = EDGE_CURVE('',#285,#331,#333,.T.);
#331 = VERTEX_POINT('',#332);
#332 = CARTESIAN_POINT('',(174.81700134277,93.388000488281,-1.));
#333 = LINE('',#334,#335);
#334 = CARTESIAN_POINT('',(174.63800048828,93.35230255127,-1.));
#335 = VECTOR('',#336,1.);
#336 = DIRECTION('',(0.980688240612,0.195577541464,0.));
#337 = ORIENTED_EDGE('',*,*,#338,.F.);
#338 = EDGE_CURVE('',#307,#331,#339,.T.);
#339 = LINE('',#340,#341);
#340 = CARTESIAN_POINT('',(174.81700134277,93.388000488281,1.));
#341 = VECTOR('',#342,1.);
#342 = DIRECTION('',(0.,0.,-1.));
#343 = PLANE('',#344);
#344 = AXIS2_PLACEMENT_3D('',#345,#346,#347);
#345 = CARTESIAN_POINT('',(174.77021334692,93.378669611435,
    -4.355352662686E-02));
#346 = DIRECTION('',(0.195577541464,-0.980688240612,-0.));
#347 = DIRECTION('',(-0.980688240612,-0.195577541464,0.));
#348 = ADVANCED_FACE('',(#349),#366,.T.);
#349 = FACE_BOUND('',#350,.T.);
#350 = EDGE_LOOP('',(#351,#359,#365));
#351 = ORIENTED_EDGE('',*,*,#352,.T.);
#352 = EDGE_CURVE('',#331,#353,#355,.T.);
#353 = VERTEX_POINT('',#354);
#354 = CARTESIAN_POINT('',(175.,93.400001525879,1.));
#355 = LINE('',#356,#357);
#356 = CARTESIAN_POINT('',(174.81700134277,93.388000488281,-1.));
#357 = VECTOR('',#358,1.);
#358 = DIRECTION('',(9.111706822477E-02,5.975450192511E-03,
    0.995822260182));
#359 = ORIENTED_EDGE('',*,*,#360,.T.);
#360 = EDGE_CURVE('',#353,#307,#361,.T.);
#361 = LINE('',#362,#363);
#362 = CARTESIAN_POINT('',(175.,93.400001525879,1.));
#363 = VECTOR('',#364,1.);
#364 = DIRECTION('',(-0.997856548267,-6.543935422428E-02,0.));
#365 = ORIENTED_EDGE('',*,*,#338,.T.);
#366 = PLANE('',#367);
#367 = AXIS2_PLACEMENT_3D('',#368,#369,#370);
#368 = CARTESIAN_POINT('',(174.86484414418,93.391138015448,
    4.375030387171E-02));
#369 = DIRECTION('',(6.543935422428E-02,-0.997856548267,
    1.249844559732E-18));
#370 = DIRECTION('',(-0.997856548267,-6.543935422428E-02,0.));
#371 = ADVANCED_FACE('',(#372),#389,.T.);
#372 = FACE_BOUND('',#373,.T.);
#373 = EDGE_LOOP('',(#374,#375,#383));
#374 = ORIENTED_EDGE('',*,*,#352,.F.);
#375 = ORIENTED_EDGE('',*,*,#376,.T.);
#376 = EDGE_CURVE('',#331,#377,#379,.T.);
#377 = VERTEX_POINT('',#378);
#378 = CARTESIAN_POINT('',(175.,93.400001525879,-1.));
#379 = LINE('',#380,#381);
#380 = CARTESIAN_POINT('',(174.81700134277,93.388000488281,-1.));
#381 = VECTOR('',#382,1.);
#382 = DIRECTION('',(0.997856548267,6.543935422428E-02,0.));
#383 = ORIENTED_EDGE('',*,*,#384,.T.);
#384 = EDGE_CURVE('',#377,#353,#385,.T.);
#385 = LINE('',#386,#387);
#386 = CARTESIAN_POINT('',(175.,93.400001525879,-1.));
#387 = VECTOR('',#388,1.);
#388 = DIRECTION('',(0.,0.,1.));
#389 = PLANE('',#390);
#390 = AXIS2_PLACEMENT_3D('',#391,#392,#393);
#391 = CARTESIAN_POINT('',(174.95215719859,93.396863998713,
    -4.375030387171E-02));
#392 = DIRECTION('',(6.543935422428E-02,-0.997856548267,
    2.984594505892E-18));
#393 = DIRECTION('',(-0.997856548267,-6.543935422428E-02,
    2.407412430484E-35));
#394 = ADVANCED_FACE('',(#395),#412,.T.);
#395 = FACE_BOUND('',#396,.T.);
#396 = EDGE_LOOP('',(#397,#405,#411));
#397 = ORIENTED_EDGE('',*,*,#398,.T.);
#398 = EDGE_CURVE('',#377,#399,#401,.T.);
#399 = VERTEX_POINT('',#400);
#400 = CARTESIAN_POINT('',(175.18299865722,93.388000488281,1.));
#401 = LINE('',#402,#403);
#402 = CARTESIAN_POINT('',(175.,93.400001525879,-1.));
#403 = VECTOR('',#404,1.);
#404 = DIRECTION('',(9.111706822477E-02,-5.975450192511E-03,
    0.995822260182));
#405 = ORIENTED_EDGE('',*,*,#406,.T.);
#406 = EDGE_CURVE('',#399,#353,#407,.T.);
#407 = LINE('',#408,#409);
#408 = CARTESIAN_POINT('',(175.18299865722,93.388000488281,1.));
#409 = VECTOR('',#410,1.);
#410 = DIRECTION('',(-0.997856548267,6.543935422428E-02,0.));
#411 = ORIENTED_EDGE('',*,*,#384,.F.);
#412 = PLANE('',#413);
#413 = AXIS2_PLACEMENT_3D('',#414,#415,#416);
#414 = CARTESIAN_POINT('',(175.0478428014,93.396863998713,
    4.375030387171E-02));
#415 = DIRECTION('',(-6.543935422428E-02,-0.997856548267,
    -1.683465870813E-18));
#416 = DIRECTION('',(-0.997856548267,6.543935422428E-02,
    -2.407412430484E-35));
#417 = ADVANCED_FACE('',(#418),#435,.T.);
#418 = FACE_BOUND('',#419,.T.);
#419 = EDGE_LOOP('',(#420,#421,#429));
#420 = ORIENTED_EDGE('',*,*,#398,.F.);
#421 = ORIENTED_EDGE('',*,*,#422,.T.);
#422 = EDGE_CURVE('',#377,#423,#425,.T.);
#423 = VERTEX_POINT('',#424);
#424 = CARTESIAN_POINT('',(175.18299865722,93.388000488281,-1.));
#425 = LINE('',#426,#427);
#426 = CARTESIAN_POINT('',(175.,93.400001525879,-1.));
#427 = VECTOR('',#428,1.);
#428 = DIRECTION('',(0.997856548267,-6.543935422428E-02,0.));
#429 = ORIENTED_EDGE('',*,*,#430,.T.);
#430 = EDGE_CURVE('',#423,#399,#431,.T.);
#431 = LINE('',#432,#433);
#432 = CARTESIAN_POINT('',(175.18299865722,93.388000488281,-1.));
#433 = VECTOR('',#434,1.);
#434 = DIRECTION('',(0.,0.,1.));
#435 = PLANE('',#436);
#436 = AXIS2_PLACEMENT_3D('',#437,#438,#439);
#437 = CARTESIAN_POINT('',(175.13515585582,93.391138015448,
    -4.375030387171E-02));
#438 = DIRECTION('',(-6.543935422428E-02,-0.997856548267,
    -1.249818089851E-18));
#439 = DIRECTION('',(-0.997856548267,6.543935422428E-02,
    1.203706215242E-35));
#440 = ADVANCED_FACE('',(#441),#458,.T.);
#441 = FACE_BOUND('',#442,.T.);
#442 = EDGE_LOOP('',(#443,#451,#452));
#443 = ORIENTED_EDGE('',*,*,#444,.T.);
#444 = EDGE_CURVE('',#445,#193,#447,.T.);
#445 = VERTEX_POINT('',#446);
#446 = CARTESIAN_POINT('',(173.70700073242,92.535797119141,1.));
#447 = LINE('',#448,#449);
#448 = CARTESIAN_POINT('',(173.70700073242,92.535797119141,1.));
#449 = VECTOR('',#450,1.);
#450 = DIRECTION('',(4.03281957499E-02,8.175804718627E-02,
    -0.995835959558));
#451 = ORIENTED_EDGE('',*,*,#192,.F.);
#452 = ORIENTED_EDGE('',*,*,#453,.T.);
#453 = EDGE_CURVE('',#169,#445,#454,.T.);
#454 = LINE('',#455,#456);
#455 = CARTESIAN_POINT('',(173.78799438476,92.699996948242,1.));
#456 = VECTOR('',#457,1.);
#457 = DIRECTION('',(-0.442373294657,-0.89683101428,0.));
#458 = PLANE('',#459);
#459 = AXIS2_PLACEMENT_3D('',#460,#461,#462);
#460 = CARTESIAN_POINT('',(173.76682109029,92.657071962968,
    4.368150593861E-02));
#461 = DIRECTION('',(0.89683101428,-0.442373294657,-4.930108530561E-18)
  );
#462 = DIRECTION('',(0.442373294657,0.89683101428,0.));
#463 = ADVANCED_FACE('',(#464),#481,.T.);
#464 = FACE_BOUND('',#465,.T.);
#465 = EDGE_LOOP('',(#466,#467,#475));
#466 = ORIENTED_EDGE('',*,*,#444,.F.);
#467 = ORIENTED_EDGE('',*,*,#468,.F.);
#468 = EDGE_CURVE('',#469,#445,#471,.T.);
#469 = VERTEX_POINT('',#470);
#470 = CARTESIAN_POINT('',(173.70700073242,92.535797119141,-1.));
#471 = LINE('',#472,#473);
#472 = CARTESIAN_POINT('',(173.70700073242,92.535797119141,-1.));
#473 = VECTOR('',#474,1.);
#474 = DIRECTION('',(0.,0.,1.));
#475 = ORIENTED_EDGE('',*,*,#476,.T.);
#476 = EDGE_CURVE('',#469,#193,#477,.T.);
#477 = LINE('',#478,#479);
#478 = CARTESIAN_POINT('',(173.70700073242,92.535797119141,-1.));
#479 = VECTOR('',#480,1.);
#480 = DIRECTION('',(0.442373294657,0.89683101428,0.));
#481 = PLANE('',#482);
#482 = AXIS2_PLACEMENT_3D('',#483,#484,#485);
#483 = CARTESIAN_POINT('',(173.72817402689,92.578722104415,
    -4.368150593861E-02));
#484 = DIRECTION('',(0.89683101428,-0.442373294657,4.930108530561E-18));
#485 = DIRECTION('',(0.442373294657,0.89683101428,0.));
#486 = ADVANCED_FACE('',(#487),#504,.T.);
#487 = FACE_BOUND('',#488,.T.);
#488 = EDGE_LOOP('',(#489,#497,#498));
#489 = ORIENTED_EDGE('',*,*,#490,.T.);
#490 = EDGE_CURVE('',#491,#469,#493,.T.);
#491 = VERTEX_POINT('',#492);
#492 = CARTESIAN_POINT('',(173.64799499511,92.362396240234,1.));
#493 = LINE('',#494,#495);
#494 = CARTESIAN_POINT('',(173.64799499511,92.362396240234,1.));
#495 = VECTOR('',#496,1.);
#496 = DIRECTION('',(2.937991558927E-02,8.633911578911E-02,
    -0.995832504814));
#497 = ORIENTED_EDGE('',*,*,#468,.T.);
#498 = ORIENTED_EDGE('',*,*,#499,.T.);
#499 = EDGE_CURVE('',#445,#491,#500,.T.);
#500 = LINE('',#501,#502);
#501 = CARTESIAN_POINT('',(173.70700073242,92.535797119141,1.));
#502 = VECTOR('',#503,1.);
#503 = DIRECTION('',(-0.322144665848,-0.946690453245,0.));
#504 = PLANE('',#505);
#505 = AXIS2_PLACEMENT_3D('',#506,#507,#508);
#506 = CARTESIAN_POINT('',(173.6915752207,92.490465979989,
    4.369886710008E-02));
#507 = DIRECTION('',(0.946690453245,-0.322144665848,-2.46500544921E-18)
  );
#508 = DIRECTION('',(0.322144665848,0.946690453245,0.));
#509 = ADVANCED_FACE('',(#510),#527,.T.);
#510 = FACE_BOUND('',#511,.T.);
#511 = EDGE_LOOP('',(#512,#513,#521));
#512 = ORIENTED_EDGE('',*,*,#490,.F.);
#513 = ORIENTED_EDGE('',*,*,#514,.T.);
#514 = EDGE_CURVE('',#491,#515,#517,.T.);
#515 = VERTEX_POINT('',#516);
#516 = CARTESIAN_POINT('',(173.64799499511,92.362396240234,-1.));
#517 = LINE('',#518,#519);
#518 = CARTESIAN_POINT('',(173.64799499511,92.362396240234,1.));
#519 = VECTOR('',#520,1.);
#520 = DIRECTION('',(0.,0.,-1.));
#521 = ORIENTED_EDGE('',*,*,#522,.T.);
#522 = EDGE_CURVE('',#515,#469,#523,.T.);
#523 = LINE('',#524,#525);
#524 = CARTESIAN_POINT('',(173.64799499511,92.362396240234,-1.));
#525 = VECTOR('',#526,1.);
#526 = DIRECTION('',(0.322144665848,0.946690453245,0.));
#527 = PLANE('',#528);
#528 = AXIS2_PLACEMENT_3D('',#529,#530,#531);
#529 = CARTESIAN_POINT('',(173.66342050683,92.407727379386,
    -4.369886710008E-02));
#530 = DIRECTION('',(0.946690453245,-0.322144665848,4.93001089842E-18));
#531 = DIRECTION('',(0.322144665848,0.946690453245,0.));
#532 = ADVANCED_FACE('',(#533),#550,.T.);
#533 = FACE_BOUND('',#534,.T.);
#534 = EDGE_LOOP('',(#535,#543,#544));
#535 = ORIENTED_EDGE('',*,*,#536,.T.);
#536 = EDGE_CURVE('',#537,#515,#539,.T.);
#537 = VERTEX_POINT('',#538);
#538 = CARTESIAN_POINT('',(173.61199951171,92.18270111084,1.));
#539 = LINE('',#540,#541);
#540 = CARTESIAN_POINT('',(173.61199951171,92.18270111084,1.));
#541 = VECTOR('',#542,1.);
#542 = DIRECTION('',(1.792265516662E-02,8.947272088584E-02,
    -0.995828002543));
#543 = ORIENTED_EDGE('',*,*,#514,.F.);
#544 = ORIENTED_EDGE('',*,*,#545,.T.);
#545 = EDGE_CURVE('',#491,#537,#546,.T.);
#546 = LINE('',#547,#548);
#547 = CARTESIAN_POINT('',(173.64799499511,92.362396240234,1.));
#548 = VECTOR('',#549,1.);
#549 = DIRECTION('',(-0.196412342672,-0.980521387654,0.));
#550 = PLANE('',#551);
#551 = AXIS2_PLACEMENT_3D('',#552,#553,#554);
#552 = CARTESIAN_POINT('',(173.63858469187,92.315418522505,
    4.372148074219E-02));
#553 = DIRECTION('',(0.980521387654,-0.196412342672,-4.929883741663E-18)
  );
#554 = DIRECTION('',(0.196412342672,0.980521387654,0.));
#555 = ADVANCED_FACE('',(#556),#573,.T.);
#556 = FACE_BOUND('',#557,.T.);
#557 = EDGE_LOOP('',(#558,#559,#567));
#558 = ORIENTED_EDGE('',*,*,#536,.F.);
#559 = ORIENTED_EDGE('',*,*,#560,.F.);
#560 = EDGE_CURVE('',#561,#537,#563,.T.);
#561 = VERTEX_POINT('',#562);
#562 = CARTESIAN_POINT('',(173.61199951171,92.18270111084,-1.));
#563 = LINE('',#564,#565);
#564 = CARTESIAN_POINT('',(173.61199951171,92.18270111084,-1.));
#565 = VECTOR('',#566,1.);
#566 = DIRECTION('',(0.,0.,1.));
#567 = ORIENTED_EDGE('',*,*,#568,.T.);
#568 = EDGE_CURVE('',#561,#515,#569,.T.);
#569 = LINE('',#570,#571);
#570 = CARTESIAN_POINT('',(173.61199951171,92.18270111084,-1.));
#571 = VECTOR('',#572,1.);
#572 = DIRECTION('',(0.196412342672,0.980521387654,0.));
#573 = PLANE('',#574);
#574 = AXIS2_PLACEMENT_3D('',#575,#576,#577);
#575 = CARTESIAN_POINT('',(173.62140981496,92.229678828569,
    -4.372148074219E-02));
#576 = DIRECTION('',(0.980521387654,-0.196412342672,2.464941870832E-18)
  );
#577 = DIRECTION('',(0.196412342672,0.980521387654,0.));
#578 = ADVANCED_FACE('',(#579),#596,.T.);
#579 = FACE_BOUND('',#580,.T.);
#580 = EDGE_LOOP('',(#581,#589,#590));
#581 = ORIENTED_EDGE('',*,*,#582,.T.);
#582 = EDGE_CURVE('',#583,#561,#585,.T.);
#583 = VERTEX_POINT('',#584);
#584 = CARTESIAN_POINT('',(173.60000610351,92.,1.));
#585 = LINE('',#586,#587);
#586 = CARTESIAN_POINT('',(173.60000610351,92.,1.));
#587 = VECTOR('',#588,1.);
#588 = DIRECTION('',(5.971732115854E-03,9.097014566053E-02,
    -0.995835714872));
#589 = ORIENTED_EDGE('',*,*,#560,.T.);
#590 = ORIENTED_EDGE('',*,*,#591,.T.);
#591 = EDGE_CURVE('',#537,#583,#592,.T.);
#592 = LINE('',#593,#594);
#593 = CARTESIAN_POINT('',(173.61199951171,92.18270111084,1.));
#594 = VECTOR('',#595,1.);
#595 = DIRECTION('',(-6.55039807956E-02,-0.997852307959,0.));
#596 = PLANE('',#597);
#597 = AXIS2_PLACEMENT_3D('',#598,#599,#600);
#598 = CARTESIAN_POINT('',(173.6088642007,92.134939474173,
    4.368273581728E-02));
#599 = DIRECTION('',(0.997852307959,-6.55039807956E-02,
    -4.725376458056E-19));
#600 = DIRECTION('',(6.55039807956E-02,0.997852307959,0.));
#601 = ADVANCED_FACE('',(#602),#619,.T.);
#602 = FACE_BOUND('',#603,.T.);
#603 = EDGE_LOOP('',(#604,#605,#613));
#604 = ORIENTED_EDGE('',*,*,#582,.F.);
#605 = ORIENTED_EDGE('',*,*,#606,.T.);
#606 = EDGE_CURVE('',#583,#607,#609,.T.);
#607 = VERTEX_POINT('',#608);
#608 = CARTESIAN_POINT('',(173.60000610351,92.,-1.));
#609 = LINE('',#610,#611);
#610 = CARTESIAN_POINT('',(173.60000610351,92.,1.));
#611 = VECTOR('',#612,1.);
#612 = DIRECTION('',(0.,0.,-1.));
#613 = ORIENTED_EDGE('',*,*,#614,.T.);
#614 = EDGE_CURVE('',#607,#561,#615,.T.);
#615 = LINE('',#616,#617);
#616 = CARTESIAN_POINT('',(173.60000610351,92.,-1.));
#617 = VECTOR('',#618,1.);
#618 = DIRECTION('',(6.55039807956E-02,0.997852307959,0.));
#619 = PLANE('',#620);
#620 = AXIS2_PLACEMENT_3D('',#621,#622,#623);
#621 = CARTESIAN_POINT('',(173.60314141452,92.047761636667,
    -4.368273581728E-02));
#622 = DIRECTION('',(0.997852307959,-6.55039807956E-02,
    -9.011362137187E-19));
#623 = DIRECTION('',(6.55039807956E-02,0.997852307959,0.));
#624 = ADVANCED_FACE('',(#625),#642,.T.);
#625 = FACE_BOUND('',#626,.T.);
#626 = EDGE_LOOP('',(#627,#635,#636));
#627 = ORIENTED_EDGE('',*,*,#628,.T.);
#628 = EDGE_CURVE('',#629,#607,#631,.T.);
#629 = VERTEX_POINT('',#630);
#630 = CARTESIAN_POINT('',(173.61199951171,91.81729888916,1.));
#631 = LINE('',#632,#633);
#632 = CARTESIAN_POINT('',(173.61199951171,91.81729888916,1.));
#633 = VECTOR('',#634,1.);
#634 = DIRECTION('',(-5.971732115854E-03,9.097014566053E-02,
    -0.995835714872));
#635 = ORIENTED_EDGE('',*,*,#606,.F.);
#636 = ORIENTED_EDGE('',*,*,#637,.T.);
#637 = EDGE_CURVE('',#583,#629,#638,.T.);
#638 = LINE('',#639,#640);
#639 = CARTESIAN_POINT('',(173.60000610351,92.,1.));
#640 = VECTOR('',#641,1.);
#641 = DIRECTION('',(6.55039807956E-02,-0.997852307959,0.));
#642 = PLANE('',#643);
#643 = AXIS2_PLACEMENT_3D('',#644,#645,#646);
#644 = CARTESIAN_POINT('',(173.60314141452,91.952238363333,
    4.368273581728E-02));
#645 = DIRECTION('',(0.997852307959,6.55039807956E-02,4.725376458056E-19
    ));
#646 = DIRECTION('',(-6.55039807956E-02,0.997852307959,0.));
#647 = ADVANCED_FACE('',(#648),#665,.T.);
#648 = FACE_BOUND('',#649,.T.);
#649 = EDGE_LOOP('',(#650,#651,#659));
#650 = ORIENTED_EDGE('',*,*,#628,.F.);
#651 = ORIENTED_EDGE('',*,*,#652,.T.);
#652 = EDGE_CURVE('',#629,#653,#655,.T.);
#653 = VERTEX_POINT('',#654);
#654 = CARTESIAN_POINT('',(173.61199951171,91.81729888916,-1.));
#655 = LINE('',#656,#657);
#656 = CARTESIAN_POINT('',(173.61199951171,91.81729888916,1.));
#657 = VECTOR('',#658,1.);
#658 = DIRECTION('',(0.,0.,-1.));
#659 = ORIENTED_EDGE('',*,*,#660,.T.);
#660 = EDGE_CURVE('',#653,#607,#661,.T.);
#661 = LINE('',#662,#663);
#662 = CARTESIAN_POINT('',(173.61199951171,91.81729888916,-1.));
#663 = VECTOR('',#664,1.);
#664 = DIRECTION('',(-6.55039807956E-02,0.997852307959,0.));
#665 = PLANE('',#666);
#666 = AXIS2_PLACEMENT_3D('',#667,#668,#669);
#667 = CARTESIAN_POINT('',(173.6088642007,91.865060525827,
    -4.368273581728E-02));
#668 = DIRECTION('',(0.997852307959,6.55039807956E-02,
    -3.948240663334E-19));
#669 = DIRECTION('',(-6.55039807956E-02,0.997852307959,0.));
#670 = ADVANCED_FACE('',(#671),#688,.T.);
#671 = FACE_BOUND('',#672,.T.);
#672 = EDGE_LOOP('',(#673,#681,#682));
#673 = ORIENTED_EDGE('',*,*,#674,.T.);
#674 = EDGE_CURVE('',#675,#653,#677,.T.);
#675 = VERTEX_POINT('',#676);
#676 = CARTESIAN_POINT('',(173.64799499511,91.637603759766,1.));
#677 = LINE('',#678,#679);
#678 = CARTESIAN_POINT('',(173.64799499511,91.637603759766,1.));
#679 = VECTOR('',#680,1.);
#680 = DIRECTION('',(-1.792265516662E-02,8.947272088584E-02,
    -0.995828002543));
#681 = ORIENTED_EDGE('',*,*,#652,.F.);
#682 = ORIENTED_EDGE('',*,*,#683,.T.);
#683 = EDGE_CURVE('',#629,#675,#684,.T.);
#684 = LINE('',#685,#686);
#685 = CARTESIAN_POINT('',(173.61199951171,91.81729888916,1.));
#686 = VECTOR('',#687,1.);
#687 = DIRECTION('',(0.196412342672,-0.980521387654,0.));
#688 = PLANE('',#689);
#689 = AXIS2_PLACEMENT_3D('',#690,#691,#692);
#690 = CARTESIAN_POINT('',(173.62140981496,91.77032117143,
    4.372148074219E-02));
#691 = DIRECTION('',(0.980521387654,0.196412342672,0.));
#692 = DIRECTION('',(-0.196412342672,0.980521387654,0.));
#693 = ADVANCED_FACE('',(#694),#711,.T.);
#694 = FACE_BOUND('',#695,.T.);
#695 = EDGE_LOOP('',(#696,#697,#705));
#696 = ORIENTED_EDGE('',*,*,#674,.F.);
#697 = ORIENTED_EDGE('',*,*,#698,.F.);
#698 = EDGE_CURVE('',#699,#675,#701,.T.);
#699 = VERTEX_POINT('',#700);
#700 = CARTESIAN_POINT('',(173.64799499511,91.637603759766,-1.));
#701 = LINE('',#702,#703);
#702 = CARTESIAN_POINT('',(173.64799499511,91.637603759766,-1.));
#703 = VECTOR('',#704,1.);
#704 = DIRECTION('',(0.,0.,1.));
#705 = ORIENTED_EDGE('',*,*,#706,.T.);
#706 = EDGE_CURVE('',#699,#653,#707,.T.);
#707 = LINE('',#708,#709);
#708 = CARTESIAN_POINT('',(173.64799499511,91.637603759766,-1.));
#709 = VECTOR('',#710,1.);
#710 = DIRECTION('',(-0.196412342672,0.980521387654,0.));
#711 = PLANE('',#712);
#712 = AXIS2_PLACEMENT_3D('',#713,#714,#715);
#713 = CARTESIAN_POINT('',(173.63858469187,91.684581477495,
    -4.372148074219E-02));
#714 = DIRECTION('',(0.980521387654,0.196412342672,0.));
#715 = DIRECTION('',(-0.196412342672,0.980521387654,0.));
#716 = ADVANCED_FACE('',(#717),#734,.T.);
#717 = FACE_BOUND('',#718,.T.);
#718 = EDGE_LOOP('',(#719,#727,#728));
#719 = ORIENTED_EDGE('',*,*,#720,.T.);
#720 = EDGE_CURVE('',#721,#699,#723,.T.);
#721 = VERTEX_POINT('',#722);
#722 = CARTESIAN_POINT('',(173.70700073242,91.464202880859,1.));
#723 = LINE('',#724,#725);
#724 = CARTESIAN_POINT('',(173.70700073242,91.464202880859,1.));
#725 = VECTOR('',#726,1.);
#726 = DIRECTION('',(-2.937991558927E-02,8.633911578911E-02,
    -0.995832504814));
#727 = ORIENTED_EDGE('',*,*,#698,.T.);
#728 = ORIENTED_EDGE('',*,*,#729,.T.);
#729 = EDGE_CURVE('',#675,#721,#730,.T.);
#730 = LINE('',#731,#732);
#731 = CARTESIAN_POINT('',(173.64799499511,91.637603759766,1.));
#732 = VECTOR('',#733,1.);
#733 = DIRECTION('',(0.322144665848,-0.946690453245,0.));
#734 = PLANE('',#735);
#735 = AXIS2_PLACEMENT_3D('',#736,#737,#738);
#736 = CARTESIAN_POINT('',(173.66342050683,91.592272620614,
    4.369886710008E-02));
#737 = DIRECTION('',(0.946690453245,0.322144665848,2.46500544921E-18));
#738 = DIRECTION('',(-0.322144665848,0.946690453245,0.));
#739 = ADVANCED_FACE('',(#740),#757,.T.);
#740 = FACE_BOUND('',#741,.T.);
#741 = EDGE_LOOP('',(#742,#743,#751));
#742 = ORIENTED_EDGE('',*,*,#720,.F.);
#743 = ORIENTED_EDGE('',*,*,#744,.T.);
#744 = EDGE_CURVE('',#721,#745,#747,.T.);
#745 = VERTEX_POINT('',#746);
#746 = CARTESIAN_POINT('',(173.70700073242,91.464202880859,-1.));
#747 = LINE('',#748,#749);
#748 = CARTESIAN_POINT('',(173.70700073242,91.464202880859,1.));
#749 = VECTOR('',#750,1.);
#750 = DIRECTION('',(0.,0.,-1.));
#751 = ORIENTED_EDGE('',*,*,#752,.T.);
#752 = EDGE_CURVE('',#745,#699,#753,.T.);
#753 = LINE('',#754,#755);
#754 = CARTESIAN_POINT('',(173.70700073242,91.464202880859,-1.));
#755 = VECTOR('',#756,1.);
#756 = DIRECTION('',(-0.322144665848,0.946690453245,0.));
#757 = PLANE('',#758);
#758 = AXIS2_PLACEMENT_3D('',#759,#760,#761);
#759 = CARTESIAN_POINT('',(173.6915752207,91.509534020011,
    -4.369886710008E-02));
#760 = DIRECTION('',(0.946690453245,0.322144665848,0.));
#761 = DIRECTION('',(-0.322144665848,0.946690453245,0.));
#762 = ADVANCED_FACE('',(#763),#780,.T.);
#763 = FACE_BOUND('',#764,.T.);
#764 = EDGE_LOOP('',(#765,#773,#774));
#765 = ORIENTED_EDGE('',*,*,#766,.T.);
#766 = EDGE_CURVE('',#767,#745,#769,.T.);
#767 = VERTEX_POINT('',#768);
#768 = CARTESIAN_POINT('',(173.78799438476,91.300003051758,1.));
#769 = LINE('',#770,#771);
#770 = CARTESIAN_POINT('',(173.78799438476,91.300003051758,1.));
#771 = VECTOR('',#772,1.);
#772 = DIRECTION('',(-4.03281957499E-02,8.175804718627E-02,
    -0.995835959558));
#773 = ORIENTED_EDGE('',*,*,#744,.F.);
#774 = ORIENTED_EDGE('',*,*,#775,.T.);
#775 = EDGE_CURVE('',#721,#767,#776,.T.);
#776 = LINE('',#777,#778);
#777 = CARTESIAN_POINT('',(173.70700073242,91.464202880859,1.));
#778 = VECTOR('',#779,1.);
#779 = DIRECTION('',(0.442373294657,-0.89683101428,0.));
#780 = PLANE('',#781);
#781 = AXIS2_PLACEMENT_3D('',#782,#783,#784);
#782 = CARTESIAN_POINT('',(173.72817402689,91.421277895585,
    4.368150593861E-02));
#783 = DIRECTION('',(0.89683101428,0.442373294657,0.));
#784 = DIRECTION('',(-0.442373294657,0.89683101428,0.));
#785 = ADVANCED_FACE('',(#786),#803,.T.);
#786 = FACE_BOUND('',#787,.T.);
#787 = EDGE_LOOP('',(#788,#789,#797));
#788 = ORIENTED_EDGE('',*,*,#766,.F.);
#789 = ORIENTED_EDGE('',*,*,#790,.T.);
#790 = EDGE_CURVE('',#767,#791,#793,.T.);
#791 = VERTEX_POINT('',#792);
#792 = CARTESIAN_POINT('',(173.78799438476,91.300003051758,-1.));
#793 = LINE('',#794,#795);
#794 = CARTESIAN_POINT('',(173.78799438476,91.300003051758,1.));
#795 = VECTOR('',#796,1.);
#796 = DIRECTION('',(0.,0.,-1.));
#797 = ORIENTED_EDGE('',*,*,#798,.T.);
#798 = EDGE_CURVE('',#791,#745,#799,.T.);
#799 = LINE('',#800,#801);
#800 = CARTESIAN_POINT('',(173.78799438476,91.300003051758,-1.));
#801 = VECTOR('',#802,1.);
#802 = DIRECTION('',(-0.442373294657,0.89683101428,0.));
#803 = PLANE('',#804);
#804 = AXIS2_PLACEMENT_3D('',#805,#806,#807);
#805 = CARTESIAN_POINT('',(173.76682109029,91.342928037032,
    -4.368150593861E-02));
#806 = DIRECTION('',(0.89683101428,0.442373294657,0.));
#807 = DIRECTION('',(-0.442373294657,0.89683101428,0.));
#808 = ADVANCED_FACE('',(#809),#826,.T.);
#809 = FACE_BOUND('',#810,.T.);
#810 = EDGE_LOOP('',(#811,#819,#825));
#811 = ORIENTED_EDGE('',*,*,#812,.T.);
#812 = EDGE_CURVE('',#423,#813,#815,.T.);
#813 = VERTEX_POINT('',#814);
#814 = CARTESIAN_POINT('',(175.36199951171,93.35230255127,1.));
#815 = LINE('',#816,#817);
#816 = CARTESIAN_POINT('',(175.18299865722,93.388000488281,-1.));
#817 = VECTOR('',#818,1.);
#818 = DIRECTION('',(8.913001887274E-02,-1.777509838486E-02,
    0.995861378714));
#819 = ORIENTED_EDGE('',*,*,#820,.T.);
#820 = EDGE_CURVE('',#813,#399,#821,.T.);
#821 = LINE('',#822,#823);
#822 = CARTESIAN_POINT('',(175.36199951171,93.35230255127,1.));
#823 = VECTOR('',#824,1.);
#824 = DIRECTION('',(-0.980688240612,0.195577541464,0.));
#825 = ORIENTED_EDGE('',*,*,#430,.F.);
#826 = PLANE('',#827);
#827 = AXIS2_PLACEMENT_3D('',#828,#829,#830);
#828 = CARTESIAN_POINT('',(175.22978665307,93.378669611435,
    4.355352662686E-02));
#829 = DIRECTION('',(-0.195577541464,-0.980688240612,-2.46541425309E-18)
  );
#830 = DIRECTION('',(-0.980688240612,0.195577541464,0.));
#831 = ADVANCED_FACE('',(#832),#849,.T.);
#832 = FACE_BOUND('',#833,.T.);
#833 = EDGE_LOOP('',(#834,#835,#843));
#834 = ORIENTED_EDGE('',*,*,#812,.F.);
#835 = ORIENTED_EDGE('',*,*,#836,.T.);
#836 = EDGE_CURVE('',#423,#837,#839,.T.);
#837 = VERTEX_POINT('',#838);
#838 = CARTESIAN_POINT('',(175.36199951171,93.35230255127,-1.));
#839 = LINE('',#840,#841);
#840 = CARTESIAN_POINT('',(175.18299865722,93.388000488281,-1.));
#841 = VECTOR('',#842,1.);
#842 = DIRECTION('',(0.980688240612,-0.195577541464,0.));
#843 = ORIENTED_EDGE('',*,*,#844,.F.);
#844 = EDGE_CURVE('',#813,#837,#845,.T.);
#845 = LINE('',#846,#847);
#846 = CARTESIAN_POINT('',(175.36199951171,93.35230255127,1.));
#847 = VECTOR('',#848,1.);
#848 = DIRECTION('',(0.,0.,-1.));
#849 = PLANE('',#850);
#850 = AXIS2_PLACEMENT_3D('',#851,#852,#853);
#851 = CARTESIAN_POINT('',(175.31521151587,93.361633428116,
    -4.355352662686E-02));
#852 = DIRECTION('',(-0.195577541464,-0.980688240612,-0.));
#853 = DIRECTION('',(-0.980688240612,0.195577541464,0.));
#854 = ADVANCED_FACE('',(#855),#872,.T.);
#855 = FACE_BOUND('',#856,.T.);
#856 = EDGE_LOOP('',(#857,#865,#871));
#857 = ORIENTED_EDGE('',*,*,#858,.T.);
#858 = EDGE_CURVE('',#837,#859,#861,.T.);
#859 = VERTEX_POINT('',#860);
#860 = CARTESIAN_POINT('',(175.53599548339,93.293403625488,1.));
#861 = LINE('',#862,#863);
#862 = CARTESIAN_POINT('',(175.36199951171,93.35230255127,-1.));
#863 = VECTOR('',#864,1.);
#864 = DIRECTION('',(8.66333372924E-02,-2.932602665515E-02,
    0.995808540348));
#865 = ORIENTED_EDGE('',*,*,#866,.T.);
#866 = EDGE_CURVE('',#859,#813,#867,.T.);
#867 = LINE('',#868,#869);
#868 = CARTESIAN_POINT('',(175.53599548339,93.293403625488,1.));
#869 = VECTOR('',#870,1.);
#870 = DIRECTION('',(-0.947202774155,0.320635158137,0.));
#871 = ORIENTED_EDGE('',*,*,#844,.T.);
#872 = PLANE('',#873);
#873 = AXIS2_PLACEMENT_3D('',#874,#875,#876);
#874 = CARTESIAN_POINT('',(175.40749194115,93.336903026792,
    4.381908239577E-02));
#875 = DIRECTION('',(-0.320635158137,-0.947202774155,-4.929335097933E-18
    ));
#876 = DIRECTION('',(-0.947202774155,0.320635158137,0.));
#877 = ADVANCED_FACE('',(#878),#895,.T.);
#878 = FACE_BOUND('',#879,.T.);
#879 = EDGE_LOOP('',(#880,#881,#889));
#880 = ORIENTED_EDGE('',*,*,#858,.F.);
#881 = ORIENTED_EDGE('',*,*,#882,.T.);
#882 = EDGE_CURVE('',#837,#883,#885,.T.);
#883 = VERTEX_POINT('',#884);
#884 = CARTESIAN_POINT('',(175.53599548339,93.293403625488,-1.));
#885 = LINE('',#886,#887);
#886 = CARTESIAN_POINT('',(175.36199951171,93.35230255127,-1.));
#887 = VECTOR('',#888,1.);
#888 = DIRECTION('',(0.947202774155,-0.320635158137,0.));
#889 = ORIENTED_EDGE('',*,*,#890,.T.);
#890 = EDGE_CURVE('',#883,#859,#891,.T.);
#891 = LINE('',#892,#893);
#892 = CARTESIAN_POINT('',(175.53599548339,93.293403625488,-1.));
#893 = VECTOR('',#894,1.);
#894 = DIRECTION('',(0.,0.,1.));
#895 = PLANE('',#896);
#896 = AXIS2_PLACEMENT_3D('',#897,#898,#899);
#897 = CARTESIAN_POINT('',(175.49050305396,93.308803149966,
    -4.381908239577E-02));
#898 = DIRECTION('',(-0.320635158137,-0.947202774155,-4.929335097933E-18
    ));
#899 = DIRECTION('',(-0.947202774155,0.320635158137,0.));
#900 = ADVANCED_FACE('',(#901),#918,.T.);
#901 = FACE_BOUND('',#902,.T.);
#902 = EDGE_LOOP('',(#903,#911,#917));
#903 = ORIENTED_EDGE('',*,*,#904,.T.);
#904 = EDGE_CURVE('',#883,#905,#907,.T.);
#905 = VERTEX_POINT('',#906);
#906 = CARTESIAN_POINT('',(175.69999694824,93.21240234375,1.));
#907 = LINE('',#908,#909);
#908 = CARTESIAN_POINT('',(175.53599548339,93.293403625488,-1.));
#909 = VECTOR('',#910,1.);
#910 = DIRECTION('',(8.165992456705E-02,-4.033231387832E-02,
    0.995843843771));
#911 = ORIENTED_EDGE('',*,*,#912,.T.);
#912 = EDGE_CURVE('',#905,#859,#913,.T.);
#913 = LINE('',#914,#915);
#914 = CARTESIAN_POINT('',(175.69999694824,93.21240234375,1.));
#915 = VECTOR('',#916,1.);
#916 = DIRECTION('',(-0.896602123108,0.442837027402,0.));
#917 = ORIENTED_EDGE('',*,*,#890,.F.);
#918 = PLANE('',#919);
#919 = AXIS2_PLACEMENT_3D('',#920,#921,#922);
#920 = CARTESIAN_POINT('',(175.57886683496,93.272229214454,
    4.364185612062E-02));
#921 = DIRECTION('',(-0.442837027402,-0.896602123108,4.930331538109E-18)
  );
#922 = DIRECTION('',(-0.896602123108,0.442837027402,0.));
#923 = ADVANCED_FACE('',(#924),#941,.T.);
#924 = FACE_BOUND('',#925,.T.);
#925 = EDGE_LOOP('',(#926,#927,#935));
#926 = ORIENTED_EDGE('',*,*,#904,.F.);
#927 = ORIENTED_EDGE('',*,*,#928,.T.);
#928 = EDGE_CURVE('',#883,#929,#931,.T.);
#929 = VERTEX_POINT('',#930);
#930 = CARTESIAN_POINT('',(175.69999694824,93.21240234375,-1.));
#931 = LINE('',#932,#933);
#932 = CARTESIAN_POINT('',(175.53599548339,93.293403625488,-1.));
#933 = VECTOR('',#934,1.);
#934 = DIRECTION('',(0.896602123108,-0.442837027402,0.));
#935 = ORIENTED_EDGE('',*,*,#936,.T.);
#936 = EDGE_CURVE('',#929,#905,#937,.T.);
#937 = LINE('',#938,#939);
#938 = CARTESIAN_POINT('',(175.69999694824,93.21240234375,-1.));
#939 = VECTOR('',#940,1.);
#940 = DIRECTION('',(0.,0.,1.));
#941 = PLANE('',#942);
#942 = AXIS2_PLACEMENT_3D('',#943,#944,#945);
#943 = CARTESIAN_POINT('',(175.65712559667,93.233576754784,
    -4.364185612062E-02));
#944 = DIRECTION('',(-0.442837027402,-0.896602123108,-4.930331538109E-18
    ));
#945 = DIRECTION('',(-0.896602123108,0.442837027402,3.851859888774E-34)
  );
#946 = ADVANCED_FACE('',(#947),#964,.T.);
#947 = FACE_BOUND('',#948,.T.);
#948 = EDGE_LOOP('',(#949,#957,#963));
#949 = ORIENTED_EDGE('',*,*,#950,.T.);
#950 = EDGE_CURVE('',#929,#951,#953,.T.);
#951 = VERTEX_POINT('',#952);
#952 = CARTESIAN_POINT('',(175.85200500488,93.110702514648,1.));
#953 = LINE('',#954,#955);
#954 = CARTESIAN_POINT('',(175.69999694824,93.21240234375,-1.));
#955 = VECTOR('',#956,1.);
#956 = DIRECTION('',(7.568822236408E-02,-5.063862698822E-02,
    0.99584487871));
#957 = ORIENTED_EDGE('',*,*,#958,.T.);
#958 = EDGE_CURVE('',#951,#905,#959,.T.);
#959 = LINE('',#960,#961);
#960 = CARTESIAN_POINT('',(175.85200500488,93.110702514648,1.));
#961 = VECTOR('',#962,1.);
#962 = DIRECTION('',(-0.831137850136,0.556066429548,0.));
#963 = ORIENTED_EDGE('',*,*,#936,.F.);
#964 = PLANE('',#965);
#965 = AXIS2_PLACEMENT_3D('',#966,#967,#968);
#966 = CARTESIAN_POINT('',(175.73973290643,93.185817304463,
    4.363664838298E-02));
#967 = DIRECTION('',(-0.556066429548,-0.831137850136,-4.930360832069E-18
    ));
#968 = DIRECTION('',(-0.831137850136,0.556066429548,0.));
#969 = ADVANCED_FACE('',(#970),#987,.T.);
#970 = FACE_BOUND('',#971,.T.);
#971 = EDGE_LOOP('',(#972,#973,#981));
#972 = ORIENTED_EDGE('',*,*,#950,.F.);
#973 = ORIENTED_EDGE('',*,*,#974,.T.);
#974 = EDGE_CURVE('',#929,#975,#977,.T.);
#975 = VERTEX_POINT('',#976);
#976 = CARTESIAN_POINT('',(175.85200500488,93.110702514648,-1.));
#977 = LINE('',#978,#979);
#978 = CARTESIAN_POINT('',(175.69999694824,93.21240234375,-1.));
#979 = VECTOR('',#980,1.);
#980 = DIRECTION('',(0.831137850136,-0.556066429548,0.));
#981 = ORIENTED_EDGE('',*,*,#982,.F.);
#982 = EDGE_CURVE('',#951,#975,#983,.T.);
#983 = LINE('',#984,#985);
#984 = CARTESIAN_POINT('',(175.85200500488,93.110702514648,1.));
#985 = VECTOR('',#986,1.);
#986 = DIRECTION('',(0.,0.,-1.));
#987 = PLANE('',#988);
#988 = AXIS2_PLACEMENT_3D('',#989,#990,#991);
#989 = CARTESIAN_POINT('',(175.81226904668,93.137287553935,
    -4.363664838298E-02));
#990 = DIRECTION('',(-0.556066429548,-0.831137850136,4.930360832069E-18)
  );
#991 = DIRECTION('',(-0.831137850136,0.556066429548,3.851859888774E-34)
  );
#992 = ADVANCED_FACE('',(#993),#1010,.T.);
#993 = FACE_BOUND('',#994,.T.);
#994 = EDGE_LOOP('',(#995,#1003,#1009));
#995 = ORIENTED_EDGE('',*,*,#996,.T.);
#996 = EDGE_CURVE('',#975,#997,#999,.T.);
#997 = VERTEX_POINT('',#998);
#998 = CARTESIAN_POINT('',(175.99000549316,92.98999786377,1.));
#999 = LINE('',#1000,#1001);
#1000 = CARTESIAN_POINT('',(175.85200500488,93.110702514648,-1.));
#1001 = VECTOR('',#1002,1.);
#1002 = DIRECTION('',(6.871213908079E-02,-6.01003290799E-02,
    0.995824579124));
#1003 = ORIENTED_EDGE('',*,*,#1004,.T.);
#1004 = EDGE_CURVE('',#997,#951,#1005,.T.);
#1005 = LINE('',#1006,#1007);
#1006 = CARTESIAN_POINT('',(175.99000549316,92.98999786377,1.));
#1007 = VECTOR('',#1008,1.);
#1008 = DIRECTION('',(-0.752700416386,0.658363184855,0.));
#1009 = ORIENTED_EDGE('',*,*,#982,.T.);
#1010 = PLANE('',#1011);
#1011 = AXIS2_PLACEMENT_3D('',#1012,#1013,#1014);
#1012 = CARTESIAN_POINT('',(175.88808313632,93.079146117175,
    4.373866678474E-02));
#1013 = DIRECTION('',(-0.658363184855,-0.752700416386,-0.));
#1014 = DIRECTION('',(-0.752700416386,0.658363184855,0.));
#1015 = ADVANCED_FACE('',(#1016),#1033,.T.);
#1016 = FACE_BOUND('',#1017,.T.);
#1017 = EDGE_LOOP('',(#1018,#1019,#1027));
#1018 = ORIENTED_EDGE('',*,*,#996,.F.);
#1019 = ORIENTED_EDGE('',*,*,#1020,.T.);
#1020 = EDGE_CURVE('',#975,#1021,#1023,.T.);
#1021 = VERTEX_POINT('',#1022);
#1022 = CARTESIAN_POINT('',(175.99000549316,92.98999786377,-1.));
#1023 = LINE('',#1024,#1025);
#1024 = CARTESIAN_POINT('',(175.85200500488,93.110702514648,-1.));
#1025 = VECTOR('',#1026,1.);
#1026 = DIRECTION('',(0.752700416386,-0.658363184855,0.));
#1027 = ORIENTED_EDGE('',*,*,#1028,.F.);
#1028 = EDGE_CURVE('',#997,#1021,#1029,.T.);
#1029 = LINE('',#1030,#1031);
#1030 = CARTESIAN_POINT('',(175.99000549316,92.98999786377,1.));
#1031 = VECTOR('',#1032,1.);
#1032 = DIRECTION('',(0.,0.,-1.));
#1033 = PLANE('',#1034);
#1034 = AXIS2_PLACEMENT_3D('',#1035,#1036,#1037);
#1035 = CARTESIAN_POINT('',(175.95392736172,93.021554261243,
    -4.373866678474E-02));
#1036 = DIRECTION('',(-0.658363184855,-0.752700416386,-0.));
#1037 = DIRECTION('',(-0.752700416386,0.658363184855,0.));
#1038 = ADVANCED_FACE('',(#1039),#1056,.T.);
#1039 = FACE_BOUND('',#1040,.T.);
#1040 = EDGE_LOOP('',(#1041,#1049,#1050));
#1041 = ORIENTED_EDGE('',*,*,#1042,.T.);
#1042 = EDGE_CURVE('',#1043,#997,#1045,.T.);
#1043 = VERTEX_POINT('',#1044);
#1044 = CARTESIAN_POINT('',(176.11099243164,92.85230255127,-1.));
#1045 = LINE('',#1046,#1047);
#1046 = CARTESIAN_POINT('',(176.11099243164,92.85230255127,-1.));
#1047 = VECTOR('',#1048,1.);
#1048 = DIRECTION('',(-6.02410023436E-02,6.856032351477E-02,
    0.995826542966));
#1049 = ORIENTED_EDGE('',*,*,#1028,.T.);
#1050 = ORIENTED_EDGE('',*,*,#1051,.T.);
#1051 = EDGE_CURVE('',#1021,#1043,#1052,.T.);
#1052 = LINE('',#1053,#1054);
#1053 = CARTESIAN_POINT('',(175.99000549316,92.98999786377,-1.));
#1054 = VECTOR('',#1055,1.);
#1055 = DIRECTION('',(0.660059094084,-0.751213679533,0.));
#1056 = PLANE('',#1057);
#1057 = AXIS2_PLACEMENT_3D('',#1058,#1059,#1060);
#1058 = CARTESIAN_POINT('',(176.02163536437,92.953999886995,
    -4.3728808954E-02));
#1059 = DIRECTION('',(-0.751213679533,-0.660059094084,
    -9.859685076508E-18));
#1060 = DIRECTION('',(0.660059094084,-0.751213679533,7.703719777549E-34)
  );
#1061 = ADVANCED_FACE('',(#1062),#1079,.T.);
#1062 = FACE_BOUND('',#1063,.T.);
#1063 = EDGE_LOOP('',(#1064,#1065,#1073));
#1064 = ORIENTED_EDGE('',*,*,#1042,.F.);
#1065 = ORIENTED_EDGE('',*,*,#1066,.F.);
#1066 = EDGE_CURVE('',#1067,#1043,#1069,.T.);
#1067 = VERTEX_POINT('',#1068);
#1068 = CARTESIAN_POINT('',(176.11099243164,92.85230255127,1.));
#1069 = LINE('',#1070,#1071);
#1070 = CARTESIAN_POINT('',(176.11099243164,92.85230255127,1.));
#1071 = VECTOR('',#1072,1.);
#1072 = DIRECTION('',(0.,0.,-1.));
#1073 = ORIENTED_EDGE('',*,*,#1074,.T.);
#1074 = EDGE_CURVE('',#1067,#997,#1075,.T.);
#1075 = LINE('',#1076,#1077);
#1076 = CARTESIAN_POINT('',(176.11099243164,92.85230255127,1.));
#1077 = VECTOR('',#1078,1.);
#1078 = DIRECTION('',(-0.660059094084,0.751213679533,0.));
#1079 = PLANE('',#1080);
#1080 = AXIS2_PLACEMENT_3D('',#1081,#1082,#1083);
#1081 = CARTESIAN_POINT('',(176.07936256042,92.888300528044,
    4.3728808954E-02));
#1082 = DIRECTION('',(-0.751213679533,-0.660059094084,-0.));
#1083 = DIRECTION('',(0.660059094084,-0.751213679533,0.));
#1084 = ADVANCED_FACE('',(#1085),#1102,.T.);
#1085 = FACE_BOUND('',#1086,.T.);
#1086 = EDGE_LOOP('',(#1087,#1095,#1096));
#1087 = ORIENTED_EDGE('',*,*,#1088,.T.);
#1088 = EDGE_CURVE('',#1089,#1067,#1091,.T.);
#1089 = VERTEX_POINT('',#1090);
#1090 = CARTESIAN_POINT('',(176.21200561523,92.699996948242,-1.));
#1091 = LINE('',#1092,#1093);
#1092 = CARTESIAN_POINT('',(176.21200561523,92.699996948242,-1.));
#1093 = VECTOR('',#1094,1.);
#1094 = DIRECTION('',(-5.02970340812E-02,7.583683469509E-02,
    0.995850883851));
#1095 = ORIENTED_EDGE('',*,*,#1066,.T.);
#1096 = ORIENTED_EDGE('',*,*,#1097,.T.);
#1097 = EDGE_CURVE('',#1043,#1089,#1098,.T.);
#1098 = LINE('',#1099,#1100);
#1099 = CARTESIAN_POINT('',(176.11099243164,92.85230255127,-1.));
#1100 = VECTOR('',#1101,1.);
#1101 = DIRECTION('',(0.552714088432,-0.833370947687,0.));
#1102 = PLANE('',#1103);
#1103 = AXIS2_PLACEMENT_3D('',#1104,#1105,#1106);
#1104 = CARTESIAN_POINT('',(176.13739714236,92.812490070888,
    -4.360641708589E-02));
#1105 = DIRECTION('',(-0.833370947687,-0.552714088432,
    -4.930530901296E-18));
#1106 = DIRECTION('',(0.552714088432,-0.833370947687,0.));
#1107 = ADVANCED_FACE('',(#1108),#1125,.T.);
#1108 = FACE_BOUND('',#1109,.T.);
#1109 = EDGE_LOOP('',(#1110,#1111,#1119));
#1110 = ORIENTED_EDGE('',*,*,#1088,.F.);
#1111 = ORIENTED_EDGE('',*,*,#1112,.F.);
#1112 = EDGE_CURVE('',#1113,#1089,#1115,.T.);
#1113 = VERTEX_POINT('',#1114);
#1114 = CARTESIAN_POINT('',(176.21200561523,92.699996948242,1.));
#1115 = LINE('',#1116,#1117);
#1116 = CARTESIAN_POINT('',(176.21200561523,92.699996948242,1.));
#1117 = VECTOR('',#1118,1.);
#1118 = DIRECTION('',(0.,0.,-1.));
#1119 = ORIENTED_EDGE('',*,*,#1120,.T.);
#1120 = EDGE_CURVE('',#1113,#1067,#1121,.T.);
#1121 = LINE('',#1122,#1123);
#1122 = CARTESIAN_POINT('',(176.21200561523,92.699996948242,1.));
#1123 = VECTOR('',#1124,1.);
#1124 = DIRECTION('',(-0.552714088432,0.833370947687,0.));
#1125 = PLANE('',#1126);
#1126 = AXIS2_PLACEMENT_3D('',#1127,#1128,#1129);
#1127 = CARTESIAN_POINT('',(176.1856009045,92.739809428624,
    4.360641708589E-02));
#1128 = DIRECTION('',(-0.833370947687,-0.552714088432,
    -4.930530901296E-18));
#1129 = DIRECTION('',(0.552714088432,-0.833370947687,0.));
#1130 = ADVANCED_FACE('',(#1131),#1148,.T.);
#1131 = FACE_BOUND('',#1132,.T.);
#1132 = EDGE_LOOP('',(#1133,#1141,#1142));
#1133 = ORIENTED_EDGE('',*,*,#1134,.T.);
#1134 = EDGE_CURVE('',#1135,#1113,#1137,.T.);
#1135 = VERTEX_POINT('',#1136);
#1136 = CARTESIAN_POINT('',(176.29299926757,92.535797119141,-1.));
#1137 = LINE('',#1138,#1139);
#1138 = CARTESIAN_POINT('',(176.29299926757,92.535797119141,-1.));
#1139 = VECTOR('',#1140,1.);
#1140 = DIRECTION('',(-4.03281957499E-02,8.175804718627E-02,
    0.995835959558));
#1141 = ORIENTED_EDGE('',*,*,#1112,.T.);
#1142 = ORIENTED_EDGE('',*,*,#1143,.T.);
#1143 = EDGE_CURVE('',#1089,#1135,#1144,.T.);
#1144 = LINE('',#1145,#1146);
#1145 = CARTESIAN_POINT('',(176.21200561523,92.699996948242,-1.));
#1146 = VECTOR('',#1147,1.);
#1147 = DIRECTION('',(0.442373294657,-0.89683101428,0.));
#1148 = PLANE('',#1149);
#1149 = AXIS2_PLACEMENT_3D('',#1150,#1151,#1152);
#1150 = CARTESIAN_POINT('',(176.2331789097,92.657071962968,
    -4.368150593861E-02));
#1151 = DIRECTION('',(-0.89683101428,-0.442373294657,4.930108530561E-18)
  );
#1152 = DIRECTION('',(0.442373294657,-0.89683101428,-3.851859888774E-34)
  );
#1153 = ADVANCED_FACE('',(#1154),#1171,.T.);
#1154 = FACE_BOUND('',#1155,.T.);
#1155 = EDGE_LOOP('',(#1156,#1157,#1165));
#1156 = ORIENTED_EDGE('',*,*,#1134,.F.);
#1157 = ORIENTED_EDGE('',*,*,#1158,.F.);
#1158 = EDGE_CURVE('',#1159,#1135,#1161,.T.);
#1159 = VERTEX_POINT('',#1160);
#1160 = CARTESIAN_POINT('',(176.29299926757,92.535797119141,1.));
#1161 = LINE('',#1162,#1163);
#1162 = CARTESIAN_POINT('',(176.29299926757,92.535797119141,1.));
#1163 = VECTOR('',#1164,1.);
#1164 = DIRECTION('',(0.,0.,-1.));
#1165 = ORIENTED_EDGE('',*,*,#1166,.T.);
#1166 = EDGE_CURVE('',#1159,#1113,#1167,.T.);
#1167 = LINE('',#1168,#1169);
#1168 = CARTESIAN_POINT('',(176.29299926757,92.535797119141,1.));
#1169 = VECTOR('',#1170,1.);
#1170 = DIRECTION('',(-0.442373294657,0.89683101428,0.));
#1171 = PLANE('',#1172);
#1172 = AXIS2_PLACEMENT_3D('',#1173,#1174,#1175);
#1173 = CARTESIAN_POINT('',(176.2718259731,92.578722104415,
    4.368150593861E-02));
#1174 = DIRECTION('',(-0.89683101428,-0.442373294657,-0.));
#1175 = DIRECTION('',(0.442373294657,-0.89683101428,0.));
#1176 = ADVANCED_FACE('',(#1177),#1194,.T.);
#1177 = FACE_BOUND('',#1178,.T.);
#1178 = EDGE_LOOP('',(#1179,#1187,#1188));
#1179 = ORIENTED_EDGE('',*,*,#1180,.T.);
#1180 = EDGE_CURVE('',#1181,#1159,#1183,.T.);
#1181 = VERTEX_POINT('',#1182);
#1182 = CARTESIAN_POINT('',(176.35200500488,92.362396240234,-1.));
#1183 = LINE('',#1184,#1185);
#1184 = CARTESIAN_POINT('',(176.35200500488,92.362396240234,-1.));
#1185 = VECTOR('',#1186,1.);
#1186 = DIRECTION('',(-2.937991558927E-02,8.633911578911E-02,
    0.995832504814));
#1187 = ORIENTED_EDGE('',*,*,#1158,.T.);
#1188 = ORIENTED_EDGE('',*,*,#1189,.T.);
#1189 = EDGE_CURVE('',#1135,#1181,#1190,.T.);
#1190 = LINE('',#1191,#1192);
#1191 = CARTESIAN_POINT('',(176.29299926757,92.535797119141,-1.));
#1192 = VECTOR('',#1193,1.);
#1193 = DIRECTION('',(0.322144665848,-0.946690453245,0.));
#1194 = PLANE('',#1195);
#1195 = AXIS2_PLACEMENT_3D('',#1196,#1197,#1198);
#1196 = CARTESIAN_POINT('',(176.30842477929,92.490465979989,
    -4.369886710008E-02));
#1197 = DIRECTION('',(-0.946690453245,-0.322144665848,4.93001089842E-18)
  );
#1198 = DIRECTION('',(0.322144665848,-0.946690453245,0.));
#1199 = ADVANCED_FACE('',(#1200),#1217,.T.);
#1200 = FACE_BOUND('',#1201,.T.);
#1201 = EDGE_LOOP('',(#1202,#1203,#1211));
#1202 = ORIENTED_EDGE('',*,*,#1180,.F.);
#1203 = ORIENTED_EDGE('',*,*,#1204,.F.);
#1204 = EDGE_CURVE('',#1205,#1181,#1207,.T.);
#1205 = VERTEX_POINT('',#1206);
#1206 = CARTESIAN_POINT('',(176.35200500488,92.362396240234,1.));
#1207 = LINE('',#1208,#1209);
#1208 = CARTESIAN_POINT('',(176.35200500488,92.362396240234,1.));
#1209 = VECTOR('',#1210,1.);
#1210 = DIRECTION('',(0.,0.,-1.));
#1211 = ORIENTED_EDGE('',*,*,#1212,.T.);
#1212 = EDGE_CURVE('',#1205,#1159,#1213,.T.);
#1213 = LINE('',#1214,#1215);
#1214 = CARTESIAN_POINT('',(176.35200500488,92.362396240234,1.));
#1215 = VECTOR('',#1216,1.);
#1216 = DIRECTION('',(-0.322144665848,0.946690453245,0.));
#1217 = PLANE('',#1218);
#1218 = AXIS2_PLACEMENT_3D('',#1219,#1220,#1221);
#1219 = CARTESIAN_POINT('',(176.33657949317,92.407727379386,
    4.369886710008E-02));
#1220 = DIRECTION('',(-0.946690453245,-0.322144665848,2.46500544921E-18)
  );
#1221 = DIRECTION('',(0.322144665848,-0.946690453245,0.));
#1222 = ADVANCED_FACE('',(#1223),#1240,.T.);
#1223 = FACE_BOUND('',#1224,.T.);
#1224 = EDGE_LOOP('',(#1225,#1233,#1234));
#1225 = ORIENTED_EDGE('',*,*,#1226,.T.);
#1226 = EDGE_CURVE('',#1227,#1205,#1229,.T.);
#1227 = VERTEX_POINT('',#1228);
#1228 = CARTESIAN_POINT('',(176.38800048828,92.18270111084,-1.));
#1229 = LINE('',#1230,#1231);
#1230 = CARTESIAN_POINT('',(176.38800048828,92.18270111084,-1.));
#1231 = VECTOR('',#1232,1.);
#1232 = DIRECTION('',(-1.792265516662E-02,8.947272088584E-02,
    0.995828002543));
#1233 = ORIENTED_EDGE('',*,*,#1204,.T.);
#1234 = ORIENTED_EDGE('',*,*,#1235,.T.);
#1235 = EDGE_CURVE('',#1181,#1227,#1236,.T.);
#1236 = LINE('',#1237,#1238);
#1237 = CARTESIAN_POINT('',(176.35200500488,92.362396240234,-1.));
#1238 = VECTOR('',#1239,1.);
#1239 = DIRECTION('',(0.196412342672,-0.980521387654,0.));
#1240 = PLANE('',#1241);
#1241 = AXIS2_PLACEMENT_3D('',#1242,#1243,#1244);
#1242 = CARTESIAN_POINT('',(176.36141530812,92.315418522505,
    -4.372148074219E-02));
#1243 = DIRECTION('',(-0.980521387654,-0.196412342672,2.464941870832E-18
    ));
#1244 = DIRECTION('',(0.196412342672,-0.980521387654,0.));
#1245 = ADVANCED_FACE('',(#1246),#1263,.T.);
#1246 = FACE_BOUND('',#1247,.T.);
#1247 = EDGE_LOOP('',(#1248,#1249,#1257));
#1248 = ORIENTED_EDGE('',*,*,#1226,.F.);
#1249 = ORIENTED_EDGE('',*,*,#1250,.T.);
#1250 = EDGE_CURVE('',#1227,#1251,#1253,.T.);
#1251 = VERTEX_POINT('',#1252);
#1252 = CARTESIAN_POINT('',(176.38800048828,92.18270111084,1.));
#1253 = LINE('',#1254,#1255);
#1254 = CARTESIAN_POINT('',(176.38800048828,92.18270111084,-1.));
#1255 = VECTOR('',#1256,1.);
#1256 = DIRECTION('',(0.,0.,1.));
#1257 = ORIENTED_EDGE('',*,*,#1258,.T.);
#1258 = EDGE_CURVE('',#1251,#1205,#1259,.T.);
#1259 = LINE('',#1260,#1261);
#1260 = CARTESIAN_POINT('',(176.38800048828,92.18270111084,1.));
#1261 = VECTOR('',#1262,1.);
#1262 = DIRECTION('',(-0.196412342672,0.980521387654,0.));
#1263 = PLANE('',#1264);
#1264 = AXIS2_PLACEMENT_3D('',#1265,#1266,#1267);
#1265 = CARTESIAN_POINT('',(176.37859018504,92.229678828569,
    4.372148074219E-02));
#1266 = DIRECTION('',(-0.980521387654,-0.196412342672,
    -2.464941870832E-18));
#1267 = DIRECTION('',(0.196412342672,-0.980521387654,0.));
#1268 = ADVANCED_FACE('',(#1269),#1286,.T.);
#1269 = FACE_BOUND('',#1270,.T.);
#1270 = EDGE_LOOP('',(#1271,#1279,#1280));
#1271 = ORIENTED_EDGE('',*,*,#1272,.T.);
#1272 = EDGE_CURVE('',#1273,#1251,#1275,.T.);
#1273 = VERTEX_POINT('',#1274);
#1274 = CARTESIAN_POINT('',(176.39999389648,92.,-1.));
#1275 = LINE('',#1276,#1277);
#1276 = CARTESIAN_POINT('',(176.39999389648,92.,-1.));
#1277 = VECTOR('',#1278,1.);
#1278 = DIRECTION('',(-5.971732115854E-03,9.097014566053E-02,
    0.995835714872));
#1279 = ORIENTED_EDGE('',*,*,#1250,.F.);
#1280 = ORIENTED_EDGE('',*,*,#1281,.T.);
#1281 = EDGE_CURVE('',#1227,#1273,#1282,.T.);
#1282 = LINE('',#1283,#1284);
#1283 = CARTESIAN_POINT('',(176.38800048828,92.18270111084,-1.));
#1284 = VECTOR('',#1285,1.);
#1285 = DIRECTION('',(6.55039807956E-02,-0.997852307959,0.));
#1286 = PLANE('',#1287);
#1287 = AXIS2_PLACEMENT_3D('',#1288,#1289,#1290);
#1288 = CARTESIAN_POINT('',(176.39113579929,92.134939474173,
    -4.368273581728E-02));
#1289 = DIRECTION('',(-0.997852307959,-6.55039807956E-02,
    4.725376458056E-19));
#1290 = DIRECTION('',(6.55039807956E-02,-0.997852307959,0.));
#1291 = ADVANCED_FACE('',(#1292),#1309,.T.);
#1292 = FACE_BOUND('',#1293,.T.);
#1293 = EDGE_LOOP('',(#1294,#1295,#1303));
#1294 = ORIENTED_EDGE('',*,*,#1272,.F.);
#1295 = ORIENTED_EDGE('',*,*,#1296,.T.);
#1296 = EDGE_CURVE('',#1273,#1297,#1299,.T.);
#1297 = VERTEX_POINT('',#1298);
#1298 = CARTESIAN_POINT('',(176.39999389648,92.,1.));
#1299 = LINE('',#1300,#1301);
#1300 = CARTESIAN_POINT('',(176.39999389648,92.,-1.));
#1301 = VECTOR('',#1302,1.);
#1302 = DIRECTION('',(0.,0.,1.));
#1303 = ORIENTED_EDGE('',*,*,#1304,.T.);
#1304 = EDGE_CURVE('',#1297,#1251,#1305,.T.);
#1305 = LINE('',#1306,#1307);
#1306 = CARTESIAN_POINT('',(176.39999389648,92.,1.));
#1307 = VECTOR('',#1308,1.);
#1308 = DIRECTION('',(-6.55039807956E-02,0.997852307959,0.));
#1309 = PLANE('',#1310);
#1310 = AXIS2_PLACEMENT_3D('',#1311,#1312,#1313);
#1311 = CARTESIAN_POINT('',(176.39685858547,92.047761636667,
    4.368273581728E-02));
#1312 = DIRECTION('',(-0.997852307959,-6.55039807956E-02,
    -3.948240663334E-19));
#1313 = DIRECTION('',(6.55039807956E-02,-0.997852307959,0.));
#1314 = ADVANCED_FACE('',(#1315),#1332,.T.);
#1315 = FACE_BOUND('',#1316,.T.);
#1316 = EDGE_LOOP('',(#1317,#1325,#1326));
#1317 = ORIENTED_EDGE('',*,*,#1318,.T.);
#1318 = EDGE_CURVE('',#1319,#1297,#1321,.T.);
#1319 = VERTEX_POINT('',#1320);
#1320 = CARTESIAN_POINT('',(176.38800048828,91.81729888916,-1.));
#1321 = LINE('',#1322,#1323);
#1322 = CARTESIAN_POINT('',(176.38800048828,91.81729888916,-1.));
#1323 = VECTOR('',#1324,1.);
#1324 = DIRECTION('',(5.971732115854E-03,9.097014566053E-02,
    0.995835714872));
#1325 = ORIENTED_EDGE('',*,*,#1296,.F.);
#1326 = ORIENTED_EDGE('',*,*,#1327,.T.);
#1327 = EDGE_CURVE('',#1273,#1319,#1328,.T.);
#1328 = LINE('',#1329,#1330);
#1329 = CARTESIAN_POINT('',(176.39999389648,92.,-1.));
#1330 = VECTOR('',#1331,1.);
#1331 = DIRECTION('',(-6.55039807956E-02,-0.997852307959,0.));
#1332 = PLANE('',#1333);
#1333 = AXIS2_PLACEMENT_3D('',#1334,#1335,#1336);
#1334 = CARTESIAN_POINT('',(176.39685858547,91.952238363333,
    -4.368273581728E-02));
#1335 = DIRECTION('',(-0.997852307959,6.55039807956E-02,
    -4.725376458056E-19));
#1336 = DIRECTION('',(-6.55039807956E-02,-0.997852307959,0.));
#1337 = ADVANCED_FACE('',(#1338),#1355,.T.);
#1338 = FACE_BOUND('',#1339,.T.);
#1339 = EDGE_LOOP('',(#1340,#1341,#1349));
#1340 = ORIENTED_EDGE('',*,*,#1318,.F.);
#1341 = ORIENTED_EDGE('',*,*,#1342,.T.);
#1342 = EDGE_CURVE('',#1319,#1343,#1345,.T.);
#1343 = VERTEX_POINT('',#1344);
#1344 = CARTESIAN_POINT('',(176.38800048828,91.81729888916,1.));
#1345 = LINE('',#1346,#1347);
#1346 = CARTESIAN_POINT('',(176.38800048828,91.81729888916,-1.));
#1347 = VECTOR('',#1348,1.);
#1348 = DIRECTION('',(0.,0.,1.));
#1349 = ORIENTED_EDGE('',*,*,#1350,.T.);
#1350 = EDGE_CURVE('',#1343,#1297,#1351,.T.);
#1351 = LINE('',#1352,#1353);
#1352 = CARTESIAN_POINT('',(176.38800048828,91.81729888916,1.));
#1353 = VECTOR('',#1354,1.);
#1354 = DIRECTION('',(6.55039807956E-02,0.997852307959,0.));
#1355 = PLANE('',#1356);
#1356 = AXIS2_PLACEMENT_3D('',#1357,#1358,#1359);
#1357 = CARTESIAN_POINT('',(176.39113579929,91.865060525827,
    4.368273581728E-02));
#1358 = DIRECTION('',(-0.997852307959,6.55039807956E-02,
    -9.011362137187E-19));
#1359 = DIRECTION('',(-6.55039807956E-02,-0.997852307959,0.));
#1360 = ADVANCED_FACE('',(#1361),#1378,.T.);
#1361 = FACE_BOUND('',#1362,.T.);
#1362 = EDGE_LOOP('',(#1363,#1371,#1372));
#1363 = ORIENTED_EDGE('',*,*,#1364,.T.);
#1364 = EDGE_CURVE('',#1365,#1343,#1367,.T.);
#1365 = VERTEX_POINT('',#1366);
#1366 = CARTESIAN_POINT('',(176.35200500488,91.637603759766,-1.));
#1367 = LINE('',#1368,#1369);
#1368 = CARTESIAN_POINT('',(176.35200500488,91.637603759766,-1.));
#1369 = VECTOR('',#1370,1.);
#1370 = DIRECTION('',(1.792265516662E-02,8.947272088584E-02,
    0.995828002543));
#1371 = ORIENTED_EDGE('',*,*,#1342,.F.);
#1372 = ORIENTED_EDGE('',*,*,#1373,.T.);
#1373 = EDGE_CURVE('',#1319,#1365,#1374,.T.);
#1374 = LINE('',#1375,#1376);
#1375 = CARTESIAN_POINT('',(176.38800048828,91.81729888916,-1.));
#1376 = VECTOR('',#1377,1.);
#1377 = DIRECTION('',(-0.196412342672,-0.980521387654,0.));
#1378 = PLANE('',#1379);
#1379 = AXIS2_PLACEMENT_3D('',#1380,#1381,#1382);
#1380 = CARTESIAN_POINT('',(176.37859018504,91.77032117143,
    -4.372148074219E-02));
#1381 = DIRECTION('',(-0.980521387654,0.196412342672,-2.464941870832E-18
    ));
#1382 = DIRECTION('',(-0.196412342672,-0.980521387654,0.));
#1383 = ADVANCED_FACE('',(#1384),#1401,.T.);
#1384 = FACE_BOUND('',#1385,.T.);
#1385 = EDGE_LOOP('',(#1386,#1387,#1395));
#1386 = ORIENTED_EDGE('',*,*,#1364,.F.);
#1387 = ORIENTED_EDGE('',*,*,#1388,.T.);
#1388 = EDGE_CURVE('',#1365,#1389,#1391,.T.);
#1389 = VERTEX_POINT('',#1390);
#1390 = CARTESIAN_POINT('',(176.35200500488,91.637603759766,1.));
#1391 = LINE('',#1392,#1393);
#1392 = CARTESIAN_POINT('',(176.35200500488,91.637603759766,-1.));
#1393 = VECTOR('',#1394,1.);
#1394 = DIRECTION('',(0.,0.,1.));
#1395 = ORIENTED_EDGE('',*,*,#1396,.T.);
#1396 = EDGE_CURVE('',#1389,#1343,#1397,.T.);
#1397 = LINE('',#1398,#1399);
#1398 = CARTESIAN_POINT('',(176.35200500488,91.637603759766,1.));
#1399 = VECTOR('',#1400,1.);
#1400 = DIRECTION('',(0.196412342672,0.980521387654,0.));
#1401 = PLANE('',#1402);
#1402 = AXIS2_PLACEMENT_3D('',#1403,#1404,#1405);
#1403 = CARTESIAN_POINT('',(176.36141530812,91.684581477495,
    4.372148074219E-02));
#1404 = DIRECTION('',(-0.980521387654,0.196412342672,-0.));
#1405 = DIRECTION('',(-0.196412342672,-0.980521387654,0.));
#1406 = ADVANCED_FACE('',(#1407),#1424,.T.);
#1407 = FACE_BOUND('',#1408,.T.);
#1408 = EDGE_LOOP('',(#1409,#1417,#1418));
#1409 = ORIENTED_EDGE('',*,*,#1410,.T.);
#1410 = EDGE_CURVE('',#1411,#1389,#1413,.T.);
#1411 = VERTEX_POINT('',#1412);
#1412 = CARTESIAN_POINT('',(176.29299926757,91.464202880859,-1.));
#1413 = LINE('',#1414,#1415);
#1414 = CARTESIAN_POINT('',(176.29299926757,91.464202880859,-1.));
#1415 = VECTOR('',#1416,1.);
#1416 = DIRECTION('',(2.937991558927E-02,8.633911578911E-02,
    0.995832504814));
#1417 = ORIENTED_EDGE('',*,*,#1388,.F.);
#1418 = ORIENTED_EDGE('',*,*,#1419,.T.);
#1419 = EDGE_CURVE('',#1365,#1411,#1420,.T.);
#1420 = LINE('',#1421,#1422);
#1421 = CARTESIAN_POINT('',(176.35200500488,91.637603759766,-1.));
#1422 = VECTOR('',#1423,1.);
#1423 = DIRECTION('',(-0.322144665848,-0.946690453245,0.));
#1424 = PLANE('',#1425);
#1425 = AXIS2_PLACEMENT_3D('',#1426,#1427,#1428);
#1426 = CARTESIAN_POINT('',(176.33657949317,91.592272620614,
    -4.369886710008E-02));
#1427 = DIRECTION('',(-0.946690453245,0.322144665848,-4.93001089842E-18)
  );
#1428 = DIRECTION('',(-0.322144665848,-0.946690453245,0.));
#1429 = ADVANCED_FACE('',(#1430),#1447,.T.);
#1430 = FACE_BOUND('',#1431,.T.);
#1431 = EDGE_LOOP('',(#1432,#1433,#1441));
#1432 = ORIENTED_EDGE('',*,*,#1410,.F.);
#1433 = ORIENTED_EDGE('',*,*,#1434,.F.);
#1434 = EDGE_CURVE('',#1435,#1411,#1437,.T.);
#1435 = VERTEX_POINT('',#1436);
#1436 = CARTESIAN_POINT('',(176.29299926757,91.464202880859,1.));
#1437 = LINE('',#1438,#1439);
#1438 = CARTESIAN_POINT('',(176.29299926757,91.464202880859,1.));
#1439 = VECTOR('',#1440,1.);
#1440 = DIRECTION('',(0.,0.,-1.));
#1441 = ORIENTED_EDGE('',*,*,#1442,.T.);
#1442 = EDGE_CURVE('',#1435,#1389,#1443,.T.);
#1443 = LINE('',#1444,#1445);
#1444 = CARTESIAN_POINT('',(176.29299926757,91.464202880859,1.));
#1445 = VECTOR('',#1446,1.);
#1446 = DIRECTION('',(0.322144665848,0.946690453245,0.));
#1447 = PLANE('',#1448);
#1448 = AXIS2_PLACEMENT_3D('',#1449,#1450,#1451);
#1449 = CARTESIAN_POINT('',(176.30842477929,91.509534020011,
    4.369886710008E-02));
#1450 = DIRECTION('',(-0.946690453245,0.322144665848,-2.46500544921E-18)
  );
#1451 = DIRECTION('',(-0.322144665848,-0.946690453245,0.));
#1452 = ADVANCED_FACE('',(#1453),#1470,.T.);
#1453 = FACE_BOUND('',#1454,.T.);
#1454 = EDGE_LOOP('',(#1455,#1463,#1464));
#1455 = ORIENTED_EDGE('',*,*,#1456,.T.);
#1456 = EDGE_CURVE('',#1457,#1435,#1459,.T.);
#1457 = VERTEX_POINT('',#1458);
#1458 = CARTESIAN_POINT('',(176.21200561523,91.300003051758,-1.));
#1459 = LINE('',#1460,#1461);
#1460 = CARTESIAN_POINT('',(176.21200561523,91.300003051758,-1.));
#1461 = VECTOR('',#1462,1.);
#1462 = DIRECTION('',(4.03281957499E-02,8.175804718627E-02,
    0.995835959558));
#1463 = ORIENTED_EDGE('',*,*,#1434,.T.);
#1464 = ORIENTED_EDGE('',*,*,#1465,.T.);
#1465 = EDGE_CURVE('',#1411,#1457,#1466,.T.);
#1466 = LINE('',#1467,#1468);
#1467 = CARTESIAN_POINT('',(176.29299926757,91.464202880859,-1.));
#1468 = VECTOR('',#1469,1.);
#1469 = DIRECTION('',(-0.442373294657,-0.89683101428,0.));
#1470 = PLANE('',#1471);
#1471 = AXIS2_PLACEMENT_3D('',#1472,#1473,#1474);
#1472 = CARTESIAN_POINT('',(176.2718259731,91.421277895585,
    -4.368150593861E-02));
#1473 = DIRECTION('',(-0.89683101428,0.442373294657,-0.));
#1474 = DIRECTION('',(-0.442373294657,-0.89683101428,0.));
#1475 = ADVANCED_FACE('',(#1476),#1493,.T.);
#1476 = FACE_BOUND('',#1477,.T.);
#1477 = EDGE_LOOP('',(#1478,#1479,#1487));
#1478 = ORIENTED_EDGE('',*,*,#1456,.F.);
#1479 = ORIENTED_EDGE('',*,*,#1480,.T.);
#1480 = EDGE_CURVE('',#1457,#1481,#1483,.T.);
#1481 = VERTEX_POINT('',#1482);
#1482 = CARTESIAN_POINT('',(176.21200561523,91.300003051758,1.));
#1483 = LINE('',#1484,#1485);
#1484 = CARTESIAN_POINT('',(176.21200561523,91.300003051758,-1.));
#1485 = VECTOR('',#1486,1.);
#1486 = DIRECTION('',(0.,0.,1.));
#1487 = ORIENTED_EDGE('',*,*,#1488,.T.);
#1488 = EDGE_CURVE('',#1481,#1435,#1489,.T.);
#1489 = LINE('',#1490,#1491);
#1490 = CARTESIAN_POINT('',(176.21200561523,91.300003051758,1.));
#1491 = VECTOR('',#1492,1.);
#1492 = DIRECTION('',(0.442373294657,0.89683101428,0.));
#1493 = PLANE('',#1494);
#1494 = AXIS2_PLACEMENT_3D('',#1495,#1496,#1497);
#1495 = CARTESIAN_POINT('',(176.2331789097,91.342928037032,
    4.368150593861E-02));
#1496 = DIRECTION('',(-0.89683101428,0.442373294657,4.930108530561E-18)
  );
#1497 = DIRECTION('',(-0.442373294657,-0.89683101428,0.));
#1498 = ADVANCED_FACE('',(#1499),#1516,.T.);
#1499 = FACE_BOUND('',#1500,.T.);
#1500 = EDGE_LOOP('',(#1501,#1509,#1510));
#1501 = ORIENTED_EDGE('',*,*,#1502,.T.);
#1502 = EDGE_CURVE('',#1503,#1481,#1505,.T.);
#1503 = VERTEX_POINT('',#1504);
#1504 = CARTESIAN_POINT('',(176.11099243164,91.14769744873,-1.));
#1505 = LINE('',#1506,#1507);
#1506 = CARTESIAN_POINT('',(176.11099243164,91.14769744873,-1.));
#1507 = VECTOR('',#1508,1.);
#1508 = DIRECTION('',(5.02970340812E-02,7.583683469509E-02,
    0.995850883851));
#1509 = ORIENTED_EDGE('',*,*,#1480,.F.);
#1510 = ORIENTED_EDGE('',*,*,#1511,.T.);
#1511 = EDGE_CURVE('',#1457,#1503,#1512,.T.);
#1512 = LINE('',#1513,#1514);
#1513 = CARTESIAN_POINT('',(176.21200561523,91.300003051758,-1.));
#1514 = VECTOR('',#1515,1.);
#1515 = DIRECTION('',(-0.552714088432,-0.833370947687,0.));
#1516 = PLANE('',#1517);
#1517 = AXIS2_PLACEMENT_3D('',#1518,#1519,#1520);
#1518 = CARTESIAN_POINT('',(176.1856009045,91.260190571376,
    -4.360641708589E-02));
#1519 = DIRECTION('',(-0.833370947687,0.552714088432,-0.));
#1520 = DIRECTION('',(-0.552714088432,-0.833370947687,0.));
#1521 = ADVANCED_FACE('',(#1522),#1539,.T.);
#1522 = FACE_BOUND('',#1523,.T.);
#1523 = EDGE_LOOP('',(#1524,#1525,#1533));
#1524 = ORIENTED_EDGE('',*,*,#1502,.F.);
#1525 = ORIENTED_EDGE('',*,*,#1526,.F.);
#1526 = EDGE_CURVE('',#1527,#1503,#1529,.T.);
#1527 = VERTEX_POINT('',#1528);
#1528 = CARTESIAN_POINT('',(176.11099243164,91.14769744873,1.));
#1529 = LINE('',#1530,#1531);
#1530 = CARTESIAN_POINT('',(176.11099243164,91.14769744873,1.));
#1531 = VECTOR('',#1532,1.);
#1532 = DIRECTION('',(0.,0.,-1.));
#1533 = ORIENTED_EDGE('',*,*,#1534,.T.);
#1534 = EDGE_CURVE('',#1527,#1481,#1535,.T.);
#1535 = LINE('',#1536,#1537);
#1536 = CARTESIAN_POINT('',(176.11099243164,91.14769744873,1.));
#1537 = VECTOR('',#1538,1.);
#1538 = DIRECTION('',(0.552714088432,0.833370947687,0.));
#1539 = PLANE('',#1540);
#1540 = AXIS2_PLACEMENT_3D('',#1541,#1542,#1543);
#1541 = CARTESIAN_POINT('',(176.13739714236,91.187509929112,
    4.360641708589E-02));
#1542 = DIRECTION('',(-0.833370947687,0.552714088432,4.930530901296E-18)
  );
#1543 = DIRECTION('',(-0.552714088432,-0.833370947687,0.));
#1544 = ADVANCED_FACE('',(#1545),#1562,.T.);
#1545 = FACE_BOUND('',#1546,.T.);
#1546 = EDGE_LOOP('',(#1547,#1555,#1556));
#1547 = ORIENTED_EDGE('',*,*,#1548,.T.);
#1548 = EDGE_CURVE('',#1549,#1527,#1551,.T.);
#1549 = VERTEX_POINT('',#1550);
#1550 = CARTESIAN_POINT('',(175.99000549316,91.01000213623,-1.));
#1551 = LINE('',#1552,#1553);
#1552 = CARTESIAN_POINT('',(175.99000549316,91.01000213623,-1.));
#1553 = VECTOR('',#1554,1.);
#1554 = DIRECTION('',(6.02410023436E-02,6.856032351477E-02,
    0.995826542966));
#1555 = ORIENTED_EDGE('',*,*,#1526,.T.);
#1556 = ORIENTED_EDGE('',*,*,#1557,.T.);
#1557 = EDGE_CURVE('',#1503,#1549,#1558,.T.);
#1558 = LINE('',#1559,#1560);
#1559 = CARTESIAN_POINT('',(176.11099243164,91.14769744873,-1.));
#1560 = VECTOR('',#1561,1.);
#1561 = DIRECTION('',(-0.660059094084,-0.751213679533,0.));
#1562 = PLANE('',#1563);
#1563 = AXIS2_PLACEMENT_3D('',#1564,#1565,#1566);
#1564 = CARTESIAN_POINT('',(176.07936256042,91.111699471956,
    -4.3728808954E-02));
#1565 = DIRECTION('',(-0.751213679533,0.660059094084,1.971937015302E-17)
  );
#1566 = DIRECTION('',(-0.660059094084,-0.751213679533,0.));
#1567 = ADVANCED_FACE('',(#1568),#1585,.T.);
#1568 = FACE_BOUND('',#1569,.T.);
#1569 = EDGE_LOOP('',(#1570,#1571,#1579));
#1570 = ORIENTED_EDGE('',*,*,#1548,.F.);
#1571 = ORIENTED_EDGE('',*,*,#1572,.F.);
#1572 = EDGE_CURVE('',#1573,#1549,#1575,.T.);
#1573 = VERTEX_POINT('',#1574);
#1574 = CARTESIAN_POINT('',(175.99000549316,91.01000213623,1.));
#1575 = LINE('',#1576,#1577);
#1576 = CARTESIAN_POINT('',(175.99000549316,91.01000213623,1.));
#1577 = VECTOR('',#1578,1.);
#1578 = DIRECTION('',(0.,0.,-1.));
#1579 = ORIENTED_EDGE('',*,*,#1580,.T.);
#1580 = EDGE_CURVE('',#1573,#1527,#1581,.T.);
#1581 = LINE('',#1582,#1583);
#1582 = CARTESIAN_POINT('',(175.99000549316,91.01000213623,1.));
#1583 = VECTOR('',#1584,1.);
#1584 = DIRECTION('',(0.660059094084,0.751213679533,0.));
#1585 = PLANE('',#1586);
#1586 = AXIS2_PLACEMENT_3D('',#1587,#1588,#1589);
#1587 = CARTESIAN_POINT('',(176.02163536437,91.046000113005,
    4.3728808954E-02));
#1588 = DIRECTION('',(-0.751213679533,0.660059094084,1.971937015302E-17)
  );
#1589 = DIRECTION('',(-0.660059094084,-0.751213679533,-1.54074395551E-33
    ));
#1590 = ADVANCED_FACE('',(#1591),#1608,.T.);
#1591 = FACE_BOUND('',#1592,.T.);
#1592 = EDGE_LOOP('',(#1593,#1601,#1607));
#1593 = ORIENTED_EDGE('',*,*,#1594,.T.);
#1594 = EDGE_CURVE('',#1549,#1595,#1597,.T.);
#1595 = VERTEX_POINT('',#1596);
#1596 = CARTESIAN_POINT('',(175.85200500488,90.889297485352,1.));
#1597 = LINE('',#1598,#1599);
#1598 = CARTESIAN_POINT('',(175.99000549316,91.01000213623,-1.));
#1599 = VECTOR('',#1600,1.);
#1600 = DIRECTION('',(-6.871213908079E-02,-6.01003290799E-02,
    0.995824579124));
#1601 = ORIENTED_EDGE('',*,*,#1602,.T.);
#1602 = EDGE_CURVE('',#1595,#1573,#1603,.T.);
#1603 = LINE('',#1604,#1605);
#1604 = CARTESIAN_POINT('',(175.85200500488,90.889297485352,1.));
#1605 = VECTOR('',#1606,1.);
#1606 = DIRECTION('',(0.752700416386,0.658363184855,0.));
#1607 = ORIENTED_EDGE('',*,*,#1572,.T.);
#1608 = PLANE('',#1609);
#1609 = AXIS2_PLACEMENT_3D('',#1610,#1611,#1612);
#1610 = CARTESIAN_POINT('',(175.95392736172,90.978445738757,
    4.373866678474E-02));
#1611 = DIRECTION('',(-0.658363184855,0.752700416386,0.));
#1612 = DIRECTION('',(0.752700416386,0.658363184855,0.));
#1613 = ADVANCED_FACE('',(#1614),#1631,.T.);
#1614 = FACE_BOUND('',#1615,.T.);
#1615 = EDGE_LOOP('',(#1616,#1617,#1625));
#1616 = ORIENTED_EDGE('',*,*,#1594,.F.);
#1617 = ORIENTED_EDGE('',*,*,#1618,.T.);
#1618 = EDGE_CURVE('',#1549,#1619,#1621,.T.);
#1619 = VERTEX_POINT('',#1620);
#1620 = CARTESIAN_POINT('',(175.85200500488,90.889297485352,-1.));
#1621 = LINE('',#1622,#1623);
#1622 = CARTESIAN_POINT('',(175.99000549316,91.01000213623,-1.));
#1623 = VECTOR('',#1624,1.);
#1624 = DIRECTION('',(-0.752700416386,-0.658363184855,0.));
#1625 = ORIENTED_EDGE('',*,*,#1626,.F.);
#1626 = EDGE_CURVE('',#1595,#1619,#1627,.T.);
#1627 = LINE('',#1628,#1629);
#1628 = CARTESIAN_POINT('',(175.85200500488,90.889297485352,1.));
#1629 = VECTOR('',#1630,1.);
#1630 = DIRECTION('',(0.,0.,-1.));
#1631 = PLANE('',#1632);
#1632 = AXIS2_PLACEMENT_3D('',#1633,#1634,#1635);
#1633 = CARTESIAN_POINT('',(175.88808313632,90.920853882825,
    -4.373866678474E-02));
#1634 = DIRECTION('',(-0.658363184855,0.752700416386,0.));
#1635 = DIRECTION('',(0.752700416386,0.658363184855,0.));
#1636 = ADVANCED_FACE('',(#1637),#1654,.T.);
#1637 = FACE_BOUND('',#1638,.T.);
#1638 = EDGE_LOOP('',(#1639,#1647,#1653));
#1639 = ORIENTED_EDGE('',*,*,#1640,.T.);
#1640 = EDGE_CURVE('',#1619,#1641,#1643,.T.);
#1641 = VERTEX_POINT('',#1642);
#1642 = CARTESIAN_POINT('',(175.69999694824,90.78759765625,1.));
#1643 = LINE('',#1644,#1645);
#1644 = CARTESIAN_POINT('',(175.85200500488,90.889297485352,-1.));
#1645 = VECTOR('',#1646,1.);
#1646 = DIRECTION('',(-7.568822236408E-02,-5.063862698822E-02,
    0.99584487871));
#1647 = ORIENTED_EDGE('',*,*,#1648,.T.);
#1648 = EDGE_CURVE('',#1641,#1595,#1649,.T.);
#1649 = LINE('',#1650,#1651);
#1650 = CARTESIAN_POINT('',(175.69999694824,90.78759765625,1.));
#1651 = VECTOR('',#1652,1.);
#1652 = DIRECTION('',(0.831137850136,0.556066429548,0.));
#1653 = ORIENTED_EDGE('',*,*,#1626,.T.);
#1654 = PLANE('',#1655);
#1655 = AXIS2_PLACEMENT_3D('',#1656,#1657,#1658);
#1656 = CARTESIAN_POINT('',(175.81226904668,90.862712446065,
    4.363664838298E-02));
#1657 = DIRECTION('',(-0.556066429548,0.831137850136,4.930360832069E-18)
  );
#1658 = DIRECTION('',(0.831137850136,0.556066429548,0.));
#1659 = ADVANCED_FACE('',(#1660),#1677,.T.);
#1660 = FACE_BOUND('',#1661,.T.);
#1661 = EDGE_LOOP('',(#1662,#1663,#1671));
#1662 = ORIENTED_EDGE('',*,*,#1640,.F.);
#1663 = ORIENTED_EDGE('',*,*,#1664,.T.);
#1664 = EDGE_CURVE('',#1619,#1665,#1667,.T.);
#1665 = VERTEX_POINT('',#1666);
#1666 = CARTESIAN_POINT('',(175.69999694824,90.78759765625,-1.));
#1667 = LINE('',#1668,#1669);
#1668 = CARTESIAN_POINT('',(175.85200500488,90.889297485352,-1.));
#1669 = VECTOR('',#1670,1.);
#1670 = DIRECTION('',(-0.831137850136,-0.556066429548,0.));
#1671 = ORIENTED_EDGE('',*,*,#1672,.T.);
#1672 = EDGE_CURVE('',#1665,#1641,#1673,.T.);
#1673 = LINE('',#1674,#1675);
#1674 = CARTESIAN_POINT('',(175.69999694824,90.78759765625,-1.));
#1675 = VECTOR('',#1676,1.);
#1676 = DIRECTION('',(0.,0.,1.));
#1677 = PLANE('',#1678);
#1678 = AXIS2_PLACEMENT_3D('',#1679,#1680,#1681);
#1679 = CARTESIAN_POINT('',(175.73973290643,90.814182695537,
    -4.363664838298E-02));
#1680 = DIRECTION('',(-0.556066429548,0.831137850136,4.930360832069E-18)
  );
#1681 = DIRECTION('',(0.831137850136,0.556066429548,0.));
#1682 = ADVANCED_FACE('',(#1683),#1700,.T.);
#1683 = FACE_BOUND('',#1684,.T.);
#1684 = EDGE_LOOP('',(#1685,#1693,#1699));
#1685 = ORIENTED_EDGE('',*,*,#1686,.T.);
#1686 = EDGE_CURVE('',#1665,#1687,#1689,.T.);
#1687 = VERTEX_POINT('',#1688);
#1688 = CARTESIAN_POINT('',(175.53599548339,90.706596374512,1.));
#1689 = LINE('',#1690,#1691);
#1690 = CARTESIAN_POINT('',(175.69999694824,90.78759765625,-1.));
#1691 = VECTOR('',#1692,1.);
#1692 = DIRECTION('',(-8.165992456705E-02,-4.033231387832E-02,
    0.995843843771));
#1693 = ORIENTED_EDGE('',*,*,#1694,.T.);
#1694 = EDGE_CURVE('',#1687,#1641,#1695,.T.);
#1695 = LINE('',#1696,#1697);
#1696 = CARTESIAN_POINT('',(175.53599548339,90.706596374512,1.));
#1697 = VECTOR('',#1698,1.);
#1698 = DIRECTION('',(0.896602123108,0.442837027402,0.));
#1699 = ORIENTED_EDGE('',*,*,#1672,.F.);
#1700 = PLANE('',#1701);
#1701 = AXIS2_PLACEMENT_3D('',#1702,#1703,#1704);
#1702 = CARTESIAN_POINT('',(175.65712559667,90.766423245216,
    4.364185612062E-02));
#1703 = DIRECTION('',(-0.442837027402,0.896602123108,9.860663076219E-18)
  );
#1704 = DIRECTION('',(0.896602123108,0.442837027402,0.));
#1705 = ADVANCED_FACE('',(#1706),#1723,.T.);
#1706 = FACE_BOUND('',#1707,.T.);
#1707 = EDGE_LOOP('',(#1708,#1709,#1717));
#1708 = ORIENTED_EDGE('',*,*,#1686,.F.);
#1709 = ORIENTED_EDGE('',*,*,#1710,.T.);
#1710 = EDGE_CURVE('',#1665,#1711,#1713,.T.);
#1711 = VERTEX_POINT('',#1712);
#1712 = CARTESIAN_POINT('',(175.53599548339,90.706596374512,-1.));
#1713 = LINE('',#1714,#1715);
#1714 = CARTESIAN_POINT('',(175.69999694824,90.78759765625,-1.));
#1715 = VECTOR('',#1716,1.);
#1716 = DIRECTION('',(-0.896602123108,-0.442837027402,0.));
#1717 = ORIENTED_EDGE('',*,*,#1718,.F.);
#1718 = EDGE_CURVE('',#1687,#1711,#1719,.T.);
#1719 = LINE('',#1720,#1721);
#1720 = CARTESIAN_POINT('',(175.53599548339,90.706596374512,1.));
#1721 = VECTOR('',#1722,1.);
#1722 = DIRECTION('',(0.,0.,-1.));
#1723 = PLANE('',#1724);
#1724 = AXIS2_PLACEMENT_3D('',#1725,#1726,#1727);
#1725 = CARTESIAN_POINT('',(175.57886683496,90.727770785546,
    -4.364185612062E-02));
#1726 = DIRECTION('',(-0.442837027402,0.896602123108,-9.860663076219E-18
    ));
#1727 = DIRECTION('',(0.896602123108,0.442837027402,0.));
#1728 = ADVANCED_FACE('',(#1729),#1746,.T.);
#1729 = FACE_BOUND('',#1730,.T.);
#1730 = EDGE_LOOP('',(#1731,#1739,#1745));
#1731 = ORIENTED_EDGE('',*,*,#1732,.T.);
#1732 = EDGE_CURVE('',#1711,#1733,#1735,.T.);
#1733 = VERTEX_POINT('',#1734);
#1734 = CARTESIAN_POINT('',(175.36199951171,90.64769744873,1.));
#1735 = LINE('',#1736,#1737);
#1736 = CARTESIAN_POINT('',(175.53599548339,90.706596374512,-1.));
#1737 = VECTOR('',#1738,1.);
#1738 = DIRECTION('',(-8.66333372924E-02,-2.932602665515E-02,
    0.995808540348));
#1739 = ORIENTED_EDGE('',*,*,#1740,.T.);
#1740 = EDGE_CURVE('',#1733,#1687,#1741,.T.);
#1741 = LINE('',#1742,#1743);
#1742 = CARTESIAN_POINT('',(175.36199951171,90.64769744873,1.));
#1743 = VECTOR('',#1744,1.);
#1744 = DIRECTION('',(0.947202774155,0.320635158137,0.));
#1745 = ORIENTED_EDGE('',*,*,#1718,.T.);
#1746 = PLANE('',#1747);
#1747 = AXIS2_PLACEMENT_3D('',#1748,#1749,#1750);
#1748 = CARTESIAN_POINT('',(175.49050305396,90.691196850034,
    4.381908239577E-02));
#1749 = DIRECTION('',(-0.320635158137,0.947202774155,4.929335097933E-18)
  );
#1750 = DIRECTION('',(0.947202774155,0.320635158137,0.));
#1751 = ADVANCED_FACE('',(#1752),#1769,.T.);
#1752 = FACE_BOUND('',#1753,.T.);
#1753 = EDGE_LOOP('',(#1754,#1755,#1763));
#1754 = ORIENTED_EDGE('',*,*,#1732,.F.);
#1755 = ORIENTED_EDGE('',*,*,#1756,.T.);
#1756 = EDGE_CURVE('',#1711,#1757,#1759,.T.);
#1757 = VERTEX_POINT('',#1758);
#1758 = CARTESIAN_POINT('',(175.36199951171,90.64769744873,-1.));
#1759 = LINE('',#1760,#1761);
#1760 = CARTESIAN_POINT('',(175.53599548339,90.706596374512,-1.));
#1761 = VECTOR('',#1762,1.);
#1762 = DIRECTION('',(-0.947202774155,-0.320635158137,0.));
#1763 = ORIENTED_EDGE('',*,*,#1764,.T.);
#1764 = EDGE_CURVE('',#1757,#1733,#1765,.T.);
#1765 = LINE('',#1766,#1767);
#1766 = CARTESIAN_POINT('',(175.36199951171,90.64769744873,-1.));
#1767 = VECTOR('',#1768,1.);
#1768 = DIRECTION('',(0.,0.,1.));
#1769 = PLANE('',#1770);
#1770 = AXIS2_PLACEMENT_3D('',#1771,#1772,#1773);
#1771 = CARTESIAN_POINT('',(175.40749194115,90.663096973208,
    -4.381908239577E-02));
#1772 = DIRECTION('',(-0.320635158137,0.947202774155,4.929335097933E-18)
  );
#1773 = DIRECTION('',(0.947202774155,0.320635158137,0.));
#1774 = ADVANCED_FACE('',(#1775),#1792,.T.);
#1775 = FACE_BOUND('',#1776,.T.);
#1776 = EDGE_LOOP('',(#1777,#1785,#1791));
#1777 = ORIENTED_EDGE('',*,*,#1778,.T.);
#1778 = EDGE_CURVE('',#1757,#1779,#1781,.T.);
#1779 = VERTEX_POINT('',#1780);
#1780 = CARTESIAN_POINT('',(175.18299865722,90.611999511719,1.));
#1781 = LINE('',#1782,#1783);
#1782 = CARTESIAN_POINT('',(175.36199951171,90.64769744873,-1.));
#1783 = VECTOR('',#1784,1.);
#1784 = DIRECTION('',(-8.913001887274E-02,-1.777509838486E-02,
    0.995861378714));
#1785 = ORIENTED_EDGE('',*,*,#1786,.T.);
#1786 = EDGE_CURVE('',#1779,#1733,#1787,.T.);
#1787 = LINE('',#1788,#1789);
#1788 = CARTESIAN_POINT('',(175.18299865722,90.611999511719,1.));
#1789 = VECTOR('',#1790,1.);
#1790 = DIRECTION('',(0.980688240612,0.195577541464,0.));
#1791 = ORIENTED_EDGE('',*,*,#1764,.F.);
#1792 = PLANE('',#1793);
#1793 = AXIS2_PLACEMENT_3D('',#1794,#1795,#1796);
#1794 = CARTESIAN_POINT('',(175.31521151587,90.638366571884,
    4.355352662686E-02));
#1795 = DIRECTION('',(-0.195577541464,0.980688240612,0.));
#1796 = DIRECTION('',(0.980688240612,0.195577541464,0.));
#1797 = ADVANCED_FACE('',(#1798),#1815,.T.);
#1798 = FACE_BOUND('',#1799,.T.);
#1799 = EDGE_LOOP('',(#1800,#1801,#1809));
#1800 = ORIENTED_EDGE('',*,*,#1778,.F.);
#1801 = ORIENTED_EDGE('',*,*,#1802,.T.);
#1802 = EDGE_CURVE('',#1757,#1803,#1805,.T.);
#1803 = VERTEX_POINT('',#1804);
#1804 = CARTESIAN_POINT('',(175.18299865722,90.611999511719,-1.));
#1805 = LINE('',#1806,#1807);
#1806 = CARTESIAN_POINT('',(175.36199951171,90.64769744873,-1.));
#1807 = VECTOR('',#1808,1.);
#1808 = DIRECTION('',(-0.980688240612,-0.195577541464,0.));
#1809 = ORIENTED_EDGE('',*,*,#1810,.T.);
#1810 = EDGE_CURVE('',#1803,#1779,#1811,.T.);
#1811 = LINE('',#1812,#1813);
#1812 = CARTESIAN_POINT('',(175.18299865722,90.611999511719,-1.));
#1813 = VECTOR('',#1814,1.);
#1814 = DIRECTION('',(0.,0.,1.));
#1815 = PLANE('',#1816);
#1816 = AXIS2_PLACEMENT_3D('',#1817,#1818,#1819);
#1817 = CARTESIAN_POINT('',(175.22978665307,90.621330388565,
    -4.355352662686E-02));
#1818 = DIRECTION('',(-0.195577541464,0.980688240612,-4.93082850618E-18)
  );
#1819 = DIRECTION('',(0.980688240612,0.195577541464,0.));
#1820 = ADVANCED_FACE('',(#1821),#1838,.T.);
#1821 = FACE_BOUND('',#1822,.T.);
#1822 = EDGE_LOOP('',(#1823,#1831,#1837));
#1823 = ORIENTED_EDGE('',*,*,#1824,.T.);
#1824 = EDGE_CURVE('',#1803,#1825,#1827,.T.);
#1825 = VERTEX_POINT('',#1826);
#1826 = CARTESIAN_POINT('',(175.,90.599998474121,1.));
#1827 = LINE('',#1828,#1829);
#1828 = CARTESIAN_POINT('',(175.18299865722,90.611999511719,-1.));
#1829 = VECTOR('',#1830,1.);
#1830 = DIRECTION('',(-9.111706822477E-02,-5.975450192511E-03,
    0.995822260182));
#1831 = ORIENTED_EDGE('',*,*,#1832,.T.);
#1832 = EDGE_CURVE('',#1825,#1779,#1833,.T.);
#1833 = LINE('',#1834,#1835);
#1834 = CARTESIAN_POINT('',(175.,90.599998474121,1.));
#1835 = VECTOR('',#1836,1.);
#1836 = DIRECTION('',(0.997856548267,6.543935422428E-02,0.));
#1837 = ORIENTED_EDGE('',*,*,#1810,.F.);
#1838 = PLANE('',#1839);
#1839 = AXIS2_PLACEMENT_3D('',#1840,#1841,#1842);
#1840 = CARTESIAN_POINT('',(175.13515585582,90.608861984552,
    4.375030387171E-02));
#1841 = DIRECTION('',(-6.543935422428E-02,0.997856548267,
    2.117146739908E-18));
#1842 = DIRECTION('',(0.997856548267,6.543935422428E-02,
    -2.407412430484E-35));
#1843 = ADVANCED_FACE('',(#1844),#1861,.T.);
#1844 = FACE_BOUND('',#1845,.T.);
#1845 = EDGE_LOOP('',(#1846,#1847,#1855));
#1846 = ORIENTED_EDGE('',*,*,#1824,.F.);
#1847 = ORIENTED_EDGE('',*,*,#1848,.T.);
#1848 = EDGE_CURVE('',#1803,#1849,#1851,.T.);
#1849 = VERTEX_POINT('',#1850);
#1850 = CARTESIAN_POINT('',(175.,90.599998474121,-1.));
#1851 = LINE('',#1852,#1853);
#1852 = CARTESIAN_POINT('',(175.18299865722,90.611999511719,-1.));
#1853 = VECTOR('',#1854,1.);
#1854 = DIRECTION('',(-0.997856548267,-6.543935422428E-02,0.));
#1855 = ORIENTED_EDGE('',*,*,#1856,.F.);
#1856 = EDGE_CURVE('',#1825,#1849,#1857,.T.);
#1857 = LINE('',#1858,#1859);
#1858 = CARTESIAN_POINT('',(175.,90.599998474121,1.));
#1859 = VECTOR('',#1860,1.);
#1860 = DIRECTION('',(0.,0.,-1.));
#1861 = PLANE('',#1862);
#1862 = AXIS2_PLACEMENT_3D('',#1863,#1864,#1865);
#1863 = CARTESIAN_POINT('',(175.0478428014,90.603136001287,
    -4.375030387171E-02));
#1864 = DIRECTION('',(-6.543935422428E-02,0.997856548267,
    8.161504557469E-19));
#1865 = DIRECTION('',(0.997856548267,6.543935422428E-02,0.));
#1866 = ADVANCED_FACE('',(#1867),#1884,.T.);
#1867 = FACE_BOUND('',#1868,.T.);
#1868 = EDGE_LOOP('',(#1869,#1877,#1883));
#1869 = ORIENTED_EDGE('',*,*,#1870,.T.);
#1870 = EDGE_CURVE('',#1849,#1871,#1873,.T.);
#1871 = VERTEX_POINT('',#1872);
#1872 = CARTESIAN_POINT('',(174.81700134277,90.611999511719,1.));
#1873 = LINE('',#1874,#1875);
#1874 = CARTESIAN_POINT('',(175.,90.599998474121,-1.));
#1875 = VECTOR('',#1876,1.);
#1876 = DIRECTION('',(-9.111706822477E-02,5.975450192511E-03,
    0.995822260182));
#1877 = ORIENTED_EDGE('',*,*,#1878,.T.);
#1878 = EDGE_CURVE('',#1871,#1825,#1879,.T.);
#1879 = LINE('',#1880,#1881);
#1880 = CARTESIAN_POINT('',(174.81700134277,90.611999511719,1.));
#1881 = VECTOR('',#1882,1.);
#1882 = DIRECTION('',(0.997856548267,-6.543935422428E-02,0.));
#1883 = ORIENTED_EDGE('',*,*,#1856,.T.);
#1884 = PLANE('',#1885);
#1885 = AXIS2_PLACEMENT_3D('',#1886,#1887,#1888);
#1886 = CARTESIAN_POINT('',(174.95215719859,90.603136001287,
    4.375030387171E-02));
#1887 = DIRECTION('',(6.543935422428E-02,0.997856548267,
    -1.683512193937E-18));
#1888 = DIRECTION('',(0.997856548267,-6.543935422428E-02,0.));
#1889 = ADVANCED_FACE('',(#1890),#1907,.T.);
#1890 = FACE_BOUND('',#1891,.T.);
#1891 = EDGE_LOOP('',(#1892,#1893,#1901));
#1892 = ORIENTED_EDGE('',*,*,#1870,.F.);
#1893 = ORIENTED_EDGE('',*,*,#1894,.T.);
#1894 = EDGE_CURVE('',#1849,#1895,#1897,.T.);
#1895 = VERTEX_POINT('',#1896);
#1896 = CARTESIAN_POINT('',(174.81700134277,90.611999511719,-1.));
#1897 = LINE('',#1898,#1899);
#1898 = CARTESIAN_POINT('',(175.,90.599998474121,-1.));
#1899 = VECTOR('',#1900,1.);
#1900 = DIRECTION('',(-0.997856548267,6.543935422428E-02,0.));
#1901 = ORIENTED_EDGE('',*,*,#1902,.T.);
#1902 = EDGE_CURVE('',#1895,#1871,#1903,.T.);
#1903 = LINE('',#1904,#1905);
#1904 = CARTESIAN_POINT('',(174.81700134277,90.611999511719,-1.));
#1905 = VECTOR('',#1906,1.);
#1906 = DIRECTION('',(0.,0.,1.));
#1907 = PLANE('',#1908);
#1908 = AXIS2_PLACEMENT_3D('',#1909,#1910,#1911);
#1909 = CARTESIAN_POINT('',(174.86484414418,90.608861984552,
    -4.375030387171E-02));
#1910 = DIRECTION('',(6.543935422428E-02,0.997856548267,
    -2.550873931623E-18));
#1911 = DIRECTION('',(0.997856548267,-6.543935422428E-02,0.));
#1912 = ADVANCED_FACE('',(#1913),#1930,.T.);
#1913 = FACE_BOUND('',#1914,.T.);
#1914 = EDGE_LOOP('',(#1915,#1923,#1924));
#1915 = ORIENTED_EDGE('',*,*,#1916,.T.);
#1916 = EDGE_CURVE('',#1917,#791,#1919,.T.);
#1917 = VERTEX_POINT('',#1918);
#1918 = CARTESIAN_POINT('',(173.88900756835,91.14769744873,1.));
#1919 = LINE('',#1920,#1921);
#1920 = CARTESIAN_POINT('',(173.88900756835,91.14769744873,1.));
#1921 = VECTOR('',#1922,1.);
#1922 = DIRECTION('',(-5.02970340812E-02,7.583683469509E-02,
    -0.995850883851));
#1923 = ORIENTED_EDGE('',*,*,#790,.F.);
#1924 = ORIENTED_EDGE('',*,*,#1925,.T.);
#1925 = EDGE_CURVE('',#767,#1917,#1926,.T.);
#1926 = LINE('',#1927,#1928);
#1927 = CARTESIAN_POINT('',(173.78799438476,91.300003051758,1.));
#1928 = VECTOR('',#1929,1.);
#1929 = DIRECTION('',(0.552714088432,-0.833370947687,0.));
#1930 = PLANE('',#1931);
#1931 = AXIS2_PLACEMENT_3D('',#1932,#1933,#1934);
#1932 = CARTESIAN_POINT('',(173.81439909549,91.260190571376,
    4.360641708589E-02));
#1933 = DIRECTION('',(0.833370947687,0.552714088432,0.));
#1934 = DIRECTION('',(-0.552714088432,0.833370947687,0.));
#1935 = ADVANCED_FACE('',(#1936),#1953,.T.);
#1936 = FACE_BOUND('',#1937,.T.);
#1937 = EDGE_LOOP('',(#1938,#1939,#1947));
#1938 = ORIENTED_EDGE('',*,*,#1916,.F.);
#1939 = ORIENTED_EDGE('',*,*,#1940,.F.);
#1940 = EDGE_CURVE('',#1941,#1917,#1943,.T.);
#1941 = VERTEX_POINT('',#1942);
#1942 = CARTESIAN_POINT('',(173.88900756835,91.14769744873,-1.));
#1943 = LINE('',#1944,#1945);
#1944 = CARTESIAN_POINT('',(173.88900756835,91.14769744873,-1.));
#1945 = VECTOR('',#1946,1.);
#1946 = DIRECTION('',(0.,0.,1.));
#1947 = ORIENTED_EDGE('',*,*,#1948,.T.);
#1948 = EDGE_CURVE('',#1941,#791,#1949,.T.);
#1949 = LINE('',#1950,#1951);
#1950 = CARTESIAN_POINT('',(173.88900756835,91.14769744873,-1.));
#1951 = VECTOR('',#1952,1.);
#1952 = DIRECTION('',(-0.552714088432,0.833370947687,0.));
#1953 = PLANE('',#1954);
#1954 = AXIS2_PLACEMENT_3D('',#1955,#1956,#1957);
#1955 = CARTESIAN_POINT('',(173.86260285763,91.187509929112,
    -4.360641708589E-02));
#1956 = DIRECTION('',(0.833370947687,0.552714088432,4.930530901296E-18)
  );
#1957 = DIRECTION('',(-0.552714088432,0.833370947687,0.));
#1958 = ADVANCED_FACE('',(#1959),#1985,.T.);
#1959 = FACE_BOUND('',#1960,.T.);
#1960 = EDGE_LOOP('',(#1961,#1971,#1979));
#1961 = ORIENTED_EDGE('',*,*,#1962,.T.);
#1962 = EDGE_CURVE('',#1963,#1965,#1967,.T.);
#1963 = VERTEX_POINT('',#1964);
#1964 = CARTESIAN_POINT('',(174.63800048828,90.64769744873,-1.));
#1965 = VERTEX_POINT('',#1966);
#1966 = CARTESIAN_POINT('',(174.4640045166,90.706596374512,1.));
#1967 = LINE('',#1968,#1969);
#1968 = CARTESIAN_POINT('',(174.63800048828,90.64769744873,-1.));
#1969 = VECTOR('',#1970,1.);
#1970 = DIRECTION('',(-8.66333372924E-02,2.932602665515E-02,
    0.995808540348));
#1971 = ORIENTED_EDGE('',*,*,#1972,.T.);
#1972 = EDGE_CURVE('',#1965,#1973,#1975,.T.);
#1973 = VERTEX_POINT('',#1974);
#1974 = CARTESIAN_POINT('',(174.63800048828,90.64769744873,1.));
#1975 = LINE('',#1976,#1977);
#1976 = CARTESIAN_POINT('',(174.4640045166,90.706596374512,1.));
#1977 = VECTOR('',#1978,1.);
#1978 = DIRECTION('',(0.947202774155,-0.320635158137,0.));
#1979 = ORIENTED_EDGE('',*,*,#1980,.T.);
#1980 = EDGE_CURVE('',#1973,#1963,#1981,.T.);
#1981 = LINE('',#1982,#1983);
#1982 = CARTESIAN_POINT('',(174.63800048828,90.64769744873,1.));
#1983 = VECTOR('',#1984,1.);
#1984 = DIRECTION('',(0.,0.,-1.));
#1985 = PLANE('',#1986);
#1986 = AXIS2_PLACEMENT_3D('',#1987,#1988,#1989);
#1987 = CARTESIAN_POINT('',(174.59250805884,90.663096973208,
    4.381908239577E-02));
#1988 = DIRECTION('',(0.320635158137,0.947202774155,-4.929335097933E-18)
  );
#1989 = DIRECTION('',(0.947202774155,-0.320635158137,0.));
#1990 = ADVANCED_FACE('',(#1991),#2008,.T.);
#1991 = FACE_BOUND('',#1992,.T.);
#1992 = EDGE_LOOP('',(#1993,#1994,#2002));
#1993 = ORIENTED_EDGE('',*,*,#1962,.F.);
#1994 = ORIENTED_EDGE('',*,*,#1995,.T.);
#1995 = EDGE_CURVE('',#1963,#1996,#1998,.T.);
#1996 = VERTEX_POINT('',#1997);
#1997 = CARTESIAN_POINT('',(174.4640045166,90.706596374512,-1.));
#1998 = LINE('',#1999,#2000);
#1999 = CARTESIAN_POINT('',(174.63800048828,90.64769744873,-1.));
#2000 = VECTOR('',#2001,1.);
#2001 = DIRECTION('',(-0.947202774155,0.320635158137,0.));
#2002 = ORIENTED_EDGE('',*,*,#2003,.F.);
#2003 = EDGE_CURVE('',#1965,#1996,#2004,.T.);
#2004 = LINE('',#2005,#2006);
#2005 = CARTESIAN_POINT('',(174.4640045166,90.706596374512,1.));
#2006 = VECTOR('',#2007,1.);
#2007 = DIRECTION('',(0.,0.,-1.));
#2008 = PLANE('',#2009);
#2009 = AXIS2_PLACEMENT_3D('',#2010,#2011,#2012);
#2010 = CARTESIAN_POINT('',(174.50949694603,90.691196850034,
    -4.381908239577E-02));
#2011 = DIRECTION('',(0.320635158137,0.947202774155,-2.464667548966E-18)
  );
#2012 = DIRECTION('',(0.947202774155,-0.320635158137,0.));
#2013 = ADVANCED_FACE('',(#2014),#2031,.T.);
#2014 = FACE_BOUND('',#2015,.T.);
#2015 = EDGE_LOOP('',(#2016,#2024,#2025));
#2016 = ORIENTED_EDGE('',*,*,#2017,.T.);
#2017 = EDGE_CURVE('',#2018,#1941,#2020,.T.);
#2018 = VERTEX_POINT('',#2019);
#2019 = CARTESIAN_POINT('',(174.00999450683,91.01000213623,1.));
#2020 = LINE('',#2021,#2022);
#2021 = CARTESIAN_POINT('',(174.00999450683,91.01000213623,1.));
#2022 = VECTOR('',#2023,1.);
#2023 = DIRECTION('',(-6.02410023436E-02,6.856032351477E-02,
    -0.995826542966));
#2024 = ORIENTED_EDGE('',*,*,#1940,.T.);
#2025 = ORIENTED_EDGE('',*,*,#2026,.T.);
#2026 = EDGE_CURVE('',#1917,#2018,#2027,.T.);
#2027 = LINE('',#2028,#2029);
#2028 = CARTESIAN_POINT('',(173.88900756835,91.14769744873,1.));
#2029 = VECTOR('',#2030,1.);
#2030 = DIRECTION('',(0.660059094084,-0.751213679533,0.));
#2031 = PLANE('',#2032);
#2032 = AXIS2_PLACEMENT_3D('',#2033,#2034,#2035);
#2033 = CARTESIAN_POINT('',(173.92063743957,91.111699471956,
    4.3728808954E-02));
#2034 = DIRECTION('',(0.751213679533,0.660059094084,-1.971937015302E-17)
  );
#2035 = DIRECTION('',(-0.660059094084,0.751213679533,0.));
#2036 = ADVANCED_FACE('',(#2037),#2054,.T.);
#2037 = FACE_BOUND('',#2038,.T.);
#2038 = EDGE_LOOP('',(#2039,#2040,#2048));
#2039 = ORIENTED_EDGE('',*,*,#2017,.F.);
#2040 = ORIENTED_EDGE('',*,*,#2041,.F.);
#2041 = EDGE_CURVE('',#2042,#2018,#2044,.T.);
#2042 = VERTEX_POINT('',#2043);
#2043 = CARTESIAN_POINT('',(174.00999450683,91.01000213623,-1.));
#2044 = LINE('',#2045,#2046);
#2045 = CARTESIAN_POINT('',(174.00999450683,91.01000213623,-1.));
#2046 = VECTOR('',#2047,1.);
#2047 = DIRECTION('',(0.,0.,1.));
#2048 = ORIENTED_EDGE('',*,*,#2049,.T.);
#2049 = EDGE_CURVE('',#2042,#1941,#2050,.T.);
#2050 = LINE('',#2051,#2052);
#2051 = CARTESIAN_POINT('',(174.00999450683,91.01000213623,-1.));
#2052 = VECTOR('',#2053,1.);
#2053 = DIRECTION('',(-0.660059094084,0.751213679533,0.));
#2054 = PLANE('',#2055);
#2055 = AXIS2_PLACEMENT_3D('',#2056,#2057,#2058);
#2056 = CARTESIAN_POINT('',(173.97836463562,91.046000113005,
    -4.3728808954E-02));
#2057 = DIRECTION('',(0.751213679533,0.660059094084,-9.859685076508E-18)
  );
#2058 = DIRECTION('',(-0.660059094084,0.751213679533,0.));
#2059 = ADVANCED_FACE('',(#2060),#2077,.T.);
#2060 = FACE_BOUND('',#2061,.T.);
#2061 = EDGE_LOOP('',(#2062,#2070,#2076));
#2062 = ORIENTED_EDGE('',*,*,#2063,.T.);
#2063 = EDGE_CURVE('',#1996,#2064,#2066,.T.);
#2064 = VERTEX_POINT('',#2065);
#2065 = CARTESIAN_POINT('',(174.30000305175,90.78759765625,1.));
#2066 = LINE('',#2067,#2068);
#2067 = CARTESIAN_POINT('',(174.4640045166,90.706596374512,-1.));
#2068 = VECTOR('',#2069,1.);
#2069 = DIRECTION('',(-8.165992456705E-02,4.033231387832E-02,
    0.995843843771));
#2070 = ORIENTED_EDGE('',*,*,#2071,.T.);
#2071 = EDGE_CURVE('',#2064,#1965,#2072,.T.);
#2072 = LINE('',#2073,#2074);
#2073 = CARTESIAN_POINT('',(174.30000305175,90.78759765625,1.));
#2074 = VECTOR('',#2075,1.);
#2075 = DIRECTION('',(0.896602123108,-0.442837027402,0.));
#2076 = ORIENTED_EDGE('',*,*,#2003,.T.);
#2077 = PLANE('',#2078);
#2078 = AXIS2_PLACEMENT_3D('',#2079,#2080,#2081);
#2079 = CARTESIAN_POINT('',(174.42113316503,90.727770785546,
    4.364185612062E-02));
#2080 = DIRECTION('',(0.442837027402,0.896602123108,-4.930331538109E-18)
  );
#2081 = DIRECTION('',(0.896602123108,-0.442837027402,3.851859888774E-34)
  );
#2082 = ADVANCED_FACE('',(#2083),#2100,.T.);
#2083 = FACE_BOUND('',#2084,.T.);
#2084 = EDGE_LOOP('',(#2085,#2086,#2094));
#2085 = ORIENTED_EDGE('',*,*,#2063,.F.);
#2086 = ORIENTED_EDGE('',*,*,#2087,.T.);
#2087 = EDGE_CURVE('',#1996,#2088,#2090,.T.);
#2088 = VERTEX_POINT('',#2089);
#2089 = CARTESIAN_POINT('',(174.30000305175,90.78759765625,-1.));
#2090 = LINE('',#2091,#2092);
#2091 = CARTESIAN_POINT('',(174.4640045166,90.706596374512,-1.));
#2092 = VECTOR('',#2093,1.);
#2093 = DIRECTION('',(-0.896602123108,0.442837027402,0.));
#2094 = ORIENTED_EDGE('',*,*,#2095,.T.);
#2095 = EDGE_CURVE('',#2088,#2064,#2096,.T.);
#2096 = LINE('',#2097,#2098);
#2097 = CARTESIAN_POINT('',(174.30000305175,90.78759765625,-1.));
#2098 = VECTOR('',#2099,1.);
#2099 = DIRECTION('',(0.,0.,1.));
#2100 = PLANE('',#2101);
#2101 = AXIS2_PLACEMENT_3D('',#2102,#2103,#2104);
#2102 = CARTESIAN_POINT('',(174.34287440332,90.766423245216,
    -4.364185612062E-02));
#2103 = DIRECTION('',(0.442837027402,0.896602123108,-4.930331538109E-18)
  );
#2104 = DIRECTION('',(0.896602123108,-0.442837027402,3.851859888774E-34)
  );
#2105 = ADVANCED_FACE('',(#2106),#2123,.T.);
#2106 = FACE_BOUND('',#2107,.T.);
#2107 = EDGE_LOOP('',(#2108,#2116,#2122));
#2108 = ORIENTED_EDGE('',*,*,#2109,.T.);
#2109 = EDGE_CURVE('',#2088,#2110,#2112,.T.);
#2110 = VERTEX_POINT('',#2111);
#2111 = CARTESIAN_POINT('',(174.14799499511,90.889297485352,1.));
#2112 = LINE('',#2113,#2114);
#2113 = CARTESIAN_POINT('',(174.30000305175,90.78759765625,-1.));
#2114 = VECTOR('',#2115,1.);
#2115 = DIRECTION('',(-7.568822236408E-02,5.063862698822E-02,
    0.99584487871));
#2116 = ORIENTED_EDGE('',*,*,#2117,.T.);
#2117 = EDGE_CURVE('',#2110,#2064,#2118,.T.);
#2118 = LINE('',#2119,#2120);
#2119 = CARTESIAN_POINT('',(174.14799499511,90.889297485352,1.));
#2120 = VECTOR('',#2121,1.);
#2121 = DIRECTION('',(0.831137850136,-0.556066429548,0.));
#2122 = ORIENTED_EDGE('',*,*,#2095,.F.);
#2123 = PLANE('',#2124);
#2124 = AXIS2_PLACEMENT_3D('',#2125,#2126,#2127);
#2125 = CARTESIAN_POINT('',(174.26026709356,90.814182695537,
    4.363664838298E-02));
#2126 = DIRECTION('',(0.556066429548,0.831137850136,4.930360832069E-18)
  );
#2127 = DIRECTION('',(0.831137850136,-0.556066429548,3.851859888774E-34)
  );
#2128 = ADVANCED_FACE('',(#2129),#2146,.T.);
#2129 = FACE_BOUND('',#2130,.T.);
#2130 = EDGE_LOOP('',(#2131,#2132,#2140));
#2131 = ORIENTED_EDGE('',*,*,#2109,.F.);
#2132 = ORIENTED_EDGE('',*,*,#2133,.T.);
#2133 = EDGE_CURVE('',#2088,#2134,#2136,.T.);
#2134 = VERTEX_POINT('',#2135);
#2135 = CARTESIAN_POINT('',(174.14799499511,90.889297485352,-1.));
#2136 = LINE('',#2137,#2138);
#2137 = CARTESIAN_POINT('',(174.30000305175,90.78759765625,-1.));
#2138 = VECTOR('',#2139,1.);
#2139 = DIRECTION('',(-0.831137850136,0.556066429548,0.));
#2140 = ORIENTED_EDGE('',*,*,#2141,.F.);
#2141 = EDGE_CURVE('',#2110,#2134,#2142,.T.);
#2142 = LINE('',#2143,#2144);
#2143 = CARTESIAN_POINT('',(174.14799499511,90.889297485352,1.));
#2144 = VECTOR('',#2145,1.);
#2145 = DIRECTION('',(0.,0.,-1.));
#2146 = PLANE('',#2147);
#2147 = AXIS2_PLACEMENT_3D('',#2148,#2149,#2150);
#2148 = CARTESIAN_POINT('',(174.18773095331,90.862712446065,
    -4.363664838298E-02));
#2149 = DIRECTION('',(0.556066429548,0.831137850136,-9.860721664138E-18)
  );
#2150 = DIRECTION('',(0.831137850136,-0.556066429548,0.));
#2151 = ADVANCED_FACE('',(#2152),#2167,.T.);
#2152 = FACE_BOUND('',#2153,.T.);
#2153 = EDGE_LOOP('',(#2154,#2160,#2166));
#2154 = ORIENTED_EDGE('',*,*,#2155,.T.);
#2155 = EDGE_CURVE('',#2134,#2018,#2156,.T.);
#2156 = LINE('',#2157,#2158);
#2157 = CARTESIAN_POINT('',(174.14799499511,90.889297485352,-1.));
#2158 = VECTOR('',#2159,1.);
#2159 = DIRECTION('',(-6.871213908079E-02,6.01003290799E-02,
    0.995824579124));
#2160 = ORIENTED_EDGE('',*,*,#2161,.T.);
#2161 = EDGE_CURVE('',#2018,#2110,#2162,.T.);
#2162 = LINE('',#2163,#2164);
#2163 = CARTESIAN_POINT('',(174.00999450683,91.01000213623,1.));
#2164 = VECTOR('',#2165,1.);
#2165 = DIRECTION('',(0.752700416386,-0.658363184855,0.));
#2166 = ORIENTED_EDGE('',*,*,#2141,.T.);
#2167 = PLANE('',#2168);
#2168 = AXIS2_PLACEMENT_3D('',#2169,#2170,#2171);
#2169 = CARTESIAN_POINT('',(174.11191686367,90.920853882825,
    4.373866678474E-02));
#2170 = DIRECTION('',(0.658363184855,0.752700416386,0.));
#2171 = DIRECTION('',(0.752700416386,-0.658363184855,0.));
#2172 = ADVANCED_FACE('',(#2173),#2183,.T.);
#2173 = FACE_BOUND('',#2174,.T.);
#2174 = EDGE_LOOP('',(#2175,#2176,#2182));
#2175 = ORIENTED_EDGE('',*,*,#2155,.F.);
#2176 = ORIENTED_EDGE('',*,*,#2177,.T.);
#2177 = EDGE_CURVE('',#2134,#2042,#2178,.T.);
#2178 = LINE('',#2179,#2180);
#2179 = CARTESIAN_POINT('',(174.14799499511,90.889297485352,-1.));
#2180 = VECTOR('',#2181,1.);
#2181 = DIRECTION('',(-0.752700416386,0.658363184855,0.));
#2182 = ORIENTED_EDGE('',*,*,#2041,.T.);
#2183 = PLANE('',#2184);
#2184 = AXIS2_PLACEMENT_3D('',#2185,#2186,#2187);
#2185 = CARTESIAN_POINT('',(174.04607263827,90.978445738757,
    -4.373866678474E-02));
#2186 = DIRECTION('',(0.658363184855,0.752700416386,0.));
#2187 = DIRECTION('',(0.752700416386,-0.658363184855,0.));
#2188 = ADVANCED_FACE('',(#2189),#2204,.T.);
#2189 = FACE_BOUND('',#2190,.T.);
#2190 = EDGE_LOOP('',(#2191,#2197,#2203));
#2191 = ORIENTED_EDGE('',*,*,#2192,.T.);
#2192 = EDGE_CURVE('',#1895,#1973,#2193,.T.);
#2193 = LINE('',#2194,#2195);
#2194 = CARTESIAN_POINT('',(174.81700134277,90.611999511719,-1.));
#2195 = VECTOR('',#2196,1.);
#2196 = DIRECTION('',(-8.913001887274E-02,1.777509838486E-02,
    0.995861378714));
#2197 = ORIENTED_EDGE('',*,*,#2198,.T.);
#2198 = EDGE_CURVE('',#1973,#1871,#2199,.T.);
#2199 = LINE('',#2200,#2201);
#2200 = CARTESIAN_POINT('',(174.63800048828,90.64769744873,1.));
#2201 = VECTOR('',#2202,1.);
#2202 = DIRECTION('',(0.980688240612,-0.195577541464,0.));
#2203 = ORIENTED_EDGE('',*,*,#1902,.F.);
#2204 = PLANE('',#2205);
#2205 = AXIS2_PLACEMENT_3D('',#2206,#2207,#2208);
#2206 = CARTESIAN_POINT('',(174.77021334692,90.621330388565,
    4.355352662686E-02));
#2207 = DIRECTION('',(0.195577541464,0.980688240612,0.));
#2208 = DIRECTION('',(0.980688240612,-0.195577541464,0.));
#2209 = ADVANCED_FACE('',(#2210),#2220,.T.);
#2210 = FACE_BOUND('',#2211,.T.);
#2211 = EDGE_LOOP('',(#2212,#2213,#2219));
#2212 = ORIENTED_EDGE('',*,*,#2192,.F.);
#2213 = ORIENTED_EDGE('',*,*,#2214,.T.);
#2214 = EDGE_CURVE('',#1895,#1963,#2215,.T.);
#2215 = LINE('',#2216,#2217);
#2216 = CARTESIAN_POINT('',(174.81700134277,90.611999511719,-1.));
#2217 = VECTOR('',#2218,1.);
#2218 = DIRECTION('',(-0.980688240612,0.195577541464,0.));
#2219 = ORIENTED_EDGE('',*,*,#1980,.F.);
#2220 = PLANE('',#2221);
#2221 = AXIS2_PLACEMENT_3D('',#2222,#2223,#2224);
#2222 = CARTESIAN_POINT('',(174.68478848412,90.638366571884,
    -4.355352662686E-02));
#2223 = DIRECTION('',(0.195577541464,0.980688240612,-2.46541425309E-18)
  );
#2224 = DIRECTION('',(0.980688240612,-0.195577541464,0.));
#2225 = ADVANCED_FACE('',(#2226),#2243,.T.);
#2226 = FACE_BOUND('',#2227,.T.);
#2227 = EDGE_LOOP('',(#2228,#2236,#2242));
#2228 = ORIENTED_EDGE('',*,*,#2229,.T.);
#2229 = EDGE_CURVE('',#721,#2230,#2232,.T.);
#2230 = VERTEX_POINT('',#2231);
#2231 = CARTESIAN_POINT('',(118.29299926757,91.464202880859,1.));
#2232 = LINE('',#2233,#2234);
#2233 = CARTESIAN_POINT('',(173.70700073242,91.464202880859,1.));
#2234 = VECTOR('',#2235,1.);
#2235 = DIRECTION('',(-1.,0.,0.));
#2236 = ORIENTED_EDGE('',*,*,#2237,.T.);
#2237 = EDGE_CURVE('',#2230,#767,#2238,.T.);
#2238 = LINE('',#2239,#2240);
#2239 = CARTESIAN_POINT('',(118.29299926757,91.464202880859,1.));
#2240 = VECTOR('',#2241,1.);
#2241 = DIRECTION('',(0.999995622714,-2.958809348577E-03,0.));
#2242 = ORIENTED_EDGE('',*,*,#775,.F.);
#2243 = PLANE('',#2244);
#2244 = AXIS2_PLACEMENT_3D('',#2245,#2246,#2247);
#2245 = CARTESIAN_POINT('',(146.06595991548,91.423055252119,1.));
#2246 = DIRECTION('',(0.,0.,1.));
#2247 = DIRECTION('',(1.,0.,-0.));
#2248 = ADVANCED_FACE('',(#2249),#2266,.T.);
#2249 = FACE_BOUND('',#2250,.T.);
#2250 = EDGE_LOOP('',(#2251,#2259,#2260));
#2251 = ORIENTED_EDGE('',*,*,#2252,.T.);
#2252 = EDGE_CURVE('',#2253,#767,#2255,.T.);
#2253 = VERTEX_POINT('',#2254);
#2254 = CARTESIAN_POINT('',(118.21199798584,91.300003051758,1.));
#2255 = LINE('',#2256,#2257);
#2256 = CARTESIAN_POINT('',(118.21199798584,91.300003051758,1.));
#2257 = VECTOR('',#2258,1.);
#2258 = DIRECTION('',(1.,0.,0.));
#2259 = ORIENTED_EDGE('',*,*,#2237,.F.);
#2260 = ORIENTED_EDGE('',*,*,#2261,.F.);
#2261 = EDGE_CURVE('',#2253,#2230,#2262,.T.);
#2262 = LINE('',#2263,#2264);
#2263 = CARTESIAN_POINT('',(118.21199798584,91.300003051758,1.));
#2264 = VECTOR('',#2265,1.);
#2265 = DIRECTION('',(0.442406809502,0.896814481878,0.));
#2266 = PLANE('',#2267);
#2267 = AXIS2_PLACEMENT_3D('',#2268,#2269,#2270);
#2268 = CARTESIAN_POINT('',(145.97453415954,91.341090767599,1.));
#2269 = DIRECTION('',(0.,0.,1.));
#2270 = DIRECTION('',(1.,0.,-0.));
#2271 = ADVANCED_FACE('',(#2272),#2298,.T.);
#2272 = FACE_BOUND('',#2273,.T.);
#2273 = EDGE_LOOP('',(#2274,#2284,#2292));
#2274 = ORIENTED_EDGE('',*,*,#2275,.T.);
#2275 = EDGE_CURVE('',#2276,#2278,#2280,.T.);
#2276 = VERTEX_POINT('',#2277);
#2277 = CARTESIAN_POINT('',(115.88899993896,92.85230255127,1.));
#2278 = VERTEX_POINT('',#2279);
#2279 = CARTESIAN_POINT('',(116.01000213623,92.98999786377,-1.));
#2280 = LINE('',#2281,#2282);
#2281 = CARTESIAN_POINT('',(115.88899993896,92.85230255127,1.));
#2282 = VECTOR('',#2283,1.);
#2283 = DIRECTION('',(6.024857232062E-02,6.856029213383E-02,
    -0.995826087164));
#2284 = ORIENTED_EDGE('',*,*,#2285,.T.);
#2285 = EDGE_CURVE('',#2278,#2286,#2288,.T.);
#2286 = VERTEX_POINT('',#2287);
#2287 = CARTESIAN_POINT('',(116.01000213623,92.98999786377,1.));
#2288 = LINE('',#2289,#2290);
#2289 = CARTESIAN_POINT('',(116.01000213623,92.98999786377,-1.));
#2290 = VECTOR('',#2291,1.);
#2291 = DIRECTION('',(0.,0.,1.));
#2292 = ORIENTED_EDGE('',*,*,#2293,.T.);
#2293 = EDGE_CURVE('',#2286,#2276,#2294,.T.);
#2294 = LINE('',#2295,#2296);
#2295 = CARTESIAN_POINT('',(116.01000213623,92.98999786377,1.));
#2296 = VECTOR('',#2297,1.);
#2297 = DIRECTION('',(-0.660106067872,-0.751172403086,0.));
#2298 = PLANE('',#2299);
#2299 = AXIS2_PLACEMENT_3D('',#2300,#2301,#2302);
#2300 = CARTESIAN_POINT('',(115.97836820018,92.953999800858,
    4.37310971536E-02));
#2301 = DIRECTION('',(0.751172403086,-0.660106067872,-9.859659346011E-18
    ));
#2302 = DIRECTION('',(0.660106067872,0.751172403086,7.703719777549E-34)
  );
#2303 = ADVANCED_FACE('',(#2304),#2321,.T.);
#2304 = FACE_BOUND('',#2305,.T.);
#2305 = EDGE_LOOP('',(#2306,#2307,#2315));
#2306 = ORIENTED_EDGE('',*,*,#2275,.F.);
#2307 = ORIENTED_EDGE('',*,*,#2308,.T.);
#2308 = EDGE_CURVE('',#2276,#2309,#2311,.T.);
#2309 = VERTEX_POINT('',#2310);
#2310 = CARTESIAN_POINT('',(115.88899993896,92.85230255127,-1.));
#2311 = LINE('',#2312,#2313);
#2312 = CARTESIAN_POINT('',(115.88899993896,92.85230255127,1.));
#2313 = VECTOR('',#2314,1.);
#2314 = DIRECTION('',(0.,0.,-1.));
#2315 = ORIENTED_EDGE('',*,*,#2316,.T.);
#2316 = EDGE_CURVE('',#2309,#2278,#2317,.T.);
#2317 = LINE('',#2318,#2319);
#2318 = CARTESIAN_POINT('',(115.88899993896,92.85230255127,-1.));
#2319 = VECTOR('',#2320,1.);
#2320 = DIRECTION('',(0.660106067872,0.751172403086,0.));
#2321 = PLANE('',#2322);
#2322 = AXIS2_PLACEMENT_3D('',#2323,#2324,#2325);
#2323 = CARTESIAN_POINT('',(115.92063387501,92.888300614181,
    -4.37310971536E-02));
#2324 = DIRECTION('',(0.751172403086,-0.660106067872,-9.859659346011E-18
    ));
#2325 = DIRECTION('',(0.660106067872,0.751172403086,-7.703719777549E-34)
  );
#2326 = ADVANCED_FACE('',(#2327),#2344,.T.);
#2327 = FACE_BOUND('',#2328,.T.);
#2328 = EDGE_LOOP('',(#2329,#2337,#2343));
#2329 = ORIENTED_EDGE('',*,*,#2330,.T.);
#2330 = EDGE_CURVE('',#2278,#2331,#2333,.T.);
#2331 = VERTEX_POINT('',#2332);
#2332 = CARTESIAN_POINT('',(116.14800262451,93.110702514648,1.));
#2333 = LINE('',#2334,#2335);
#2334 = CARTESIAN_POINT('',(116.01000213623,92.98999786377,-1.));
#2335 = VECTOR('',#2336,1.);
#2336 = DIRECTION('',(6.871213908079E-02,6.01003290799E-02,
    0.995824579124));
#2337 = ORIENTED_EDGE('',*,*,#2338,.T.);
#2338 = EDGE_CURVE('',#2331,#2286,#2339,.T.);
#2339 = LINE('',#2340,#2341);
#2340 = CARTESIAN_POINT('',(116.14800262451,93.110702514648,1.));
#2341 = VECTOR('',#2342,1.);
#2342 = DIRECTION('',(-0.752700416386,-0.658363184855,0.));
#2343 = ORIENTED_EDGE('',*,*,#2285,.F.);
#2344 = PLANE('',#2345);
#2345 = AXIS2_PLACEMENT_3D('',#2346,#2347,#2348);
#2346 = CARTESIAN_POINT('',(116.04608026767,93.021554261243,
    4.373866678474E-02));
#2347 = DIRECTION('',(0.658363184855,-0.752700416386,-0.));
#2348 = DIRECTION('',(-0.752700416386,-0.658363184855,0.));
#2349 = ADVANCED_FACE('',(#2350),#2367,.T.);
#2350 = FACE_BOUND('',#2351,.T.);
#2351 = EDGE_LOOP('',(#2352,#2353,#2361));
#2352 = ORIENTED_EDGE('',*,*,#2330,.F.);
#2353 = ORIENTED_EDGE('',*,*,#2354,.T.);
#2354 = EDGE_CURVE('',#2278,#2355,#2357,.T.);
#2355 = VERTEX_POINT('',#2356);
#2356 = CARTESIAN_POINT('',(116.14800262451,93.110702514648,-1.));
#2357 = LINE('',#2358,#2359);
#2358 = CARTESIAN_POINT('',(116.01000213623,92.98999786377,-1.));
#2359 = VECTOR('',#2360,1.);
#2360 = DIRECTION('',(0.752700416386,0.658363184855,0.));
#2361 = ORIENTED_EDGE('',*,*,#2362,.T.);
#2362 = EDGE_CURVE('',#2355,#2331,#2363,.T.);
#2363 = LINE('',#2364,#2365);
#2364 = CARTESIAN_POINT('',(116.14800262451,93.110702514648,-1.));
#2365 = VECTOR('',#2366,1.);
#2366 = DIRECTION('',(0.,0.,1.));
#2367 = PLANE('',#2368);
#2368 = AXIS2_PLACEMENT_3D('',#2369,#2370,#2371);
#2369 = CARTESIAN_POINT('',(116.11192449307,93.079146117175,
    -4.373866678474E-02));
#2370 = DIRECTION('',(0.658363184855,-0.752700416386,-0.));
#2371 = DIRECTION('',(-0.752700416386,-0.658363184855,0.));
#2372 = ADVANCED_FACE('',(#2373),#2390,.T.);
#2373 = FACE_BOUND('',#2374,.T.);
#2374 = EDGE_LOOP('',(#2375,#2383,#2389));
#2375 = ORIENTED_EDGE('',*,*,#2376,.T.);
#2376 = EDGE_CURVE('',#2355,#2377,#2379,.T.);
#2377 = VERTEX_POINT('',#2378);
#2378 = CARTESIAN_POINT('',(116.30000305175,93.21240234375,1.));
#2379 = LINE('',#2380,#2381);
#2380 = CARTESIAN_POINT('',(116.14800262451,93.110702514648,-1.));
#2381 = VECTOR('',#2382,1.);
#2382 = DIRECTION('',(7.56844452782E-02,5.063864154788E-02,
    0.995845165036));
#2383 = ORIENTED_EDGE('',*,*,#2384,.T.);
#2384 = EDGE_CURVE('',#2377,#2331,#2385,.T.);
#2385 = LINE('',#2386,#2387);
#2386 = CARTESIAN_POINT('',(116.30000305175,93.21240234375,1.));
#2387 = VECTOR('',#2388,1.);
#2388 = DIRECTION('',(-0.831124950649,-0.556085709589,0.));
#2389 = ORIENTED_EDGE('',*,*,#2362,.F.);
#2390 = PLANE('',#2391);
#2391 = AXIS2_PLACEMENT_3D('',#2392,#2393,#2394);
#2392 = CARTESIAN_POINT('',(116.18773652846,93.137287513881,
    4.363520748587E-02));
#2393 = DIRECTION('',(0.556085709589,-0.831124950649,-0.));
#2394 = DIRECTION('',(-0.831124950649,-0.556085709589,0.));
#2395 = ADVANCED_FACE('',(#2396),#2413,.T.);
#2396 = FACE_BOUND('',#2397,.T.);
#2397 = EDGE_LOOP('',(#2398,#2399,#2407));
#2398 = ORIENTED_EDGE('',*,*,#2376,.F.);
#2399 = ORIENTED_EDGE('',*,*,#2400,.T.);
#2400 = EDGE_CURVE('',#2355,#2401,#2403,.T.);
#2401 = VERTEX_POINT('',#2402);
#2402 = CARTESIAN_POINT('',(116.30000305175,93.21240234375,-1.));
#2403 = LINE('',#2404,#2405);
#2404 = CARTESIAN_POINT('',(116.14800262451,93.110702514648,-1.));
#2405 = VECTOR('',#2406,1.);
#2406 = DIRECTION('',(0.831124950649,0.556085709589,0.));
#2407 = ORIENTED_EDGE('',*,*,#2408,.T.);
#2408 = EDGE_CURVE('',#2401,#2377,#2409,.T.);
#2409 = LINE('',#2410,#2411);
#2410 = CARTESIAN_POINT('',(116.30000305175,93.21240234375,-1.));
#2411 = VECTOR('',#2412,1.);
#2412 = DIRECTION('',(0.,0.,1.));
#2413 = PLANE('',#2414);
#2414 = AXIS2_PLACEMENT_3D('',#2415,#2416,#2417);
#2415 = CARTESIAN_POINT('',(116.2602691478,93.185817344517,
    -4.363520748587E-02));
#2416 = DIRECTION('',(0.556085709589,-0.831124950649,4.930368937375E-18)
  );
#2417 = DIRECTION('',(-0.831124950649,-0.556085709589,0.));
#2418 = ADVANCED_FACE('',(#2419),#2436,.T.);
#2419 = FACE_BOUND('',#2420,.T.);
#2420 = EDGE_LOOP('',(#2421,#2429,#2430));
#2421 = ORIENTED_EDGE('',*,*,#2422,.T.);
#2422 = EDGE_CURVE('',#2423,#2309,#2425,.T.);
#2423 = VERTEX_POINT('',#2424);
#2424 = CARTESIAN_POINT('',(115.78800201416,92.699996948242,1.));
#2425 = LINE('',#2426,#2427);
#2426 = CARTESIAN_POINT('',(115.78800201416,92.699996948242,1.));
#2427 = VECTOR('',#2428,1.);
#2428 = DIRECTION('',(5.028945555827E-02,7.583686367349E-02,
    -0.99585126438));
#2429 = ORIENTED_EDGE('',*,*,#2308,.F.);
#2430 = ORIENTED_EDGE('',*,*,#2431,.T.);
#2431 = EDGE_CURVE('',#2276,#2423,#2432,.T.);
#2432 = LINE('',#2433,#2434);
#2433 = CARTESIAN_POINT('',(115.88899993896,92.85230255127,1.));
#2434 = VECTOR('',#2435,1.);
#2435 = DIRECTION('',(-0.552656098938,-0.833409404978,0.));
#2436 = PLANE('',#2437);
#2437 = AXIS2_PLACEMENT_3D('',#2438,#2439,#2440);
#2438 = CARTESIAN_POINT('',(115.86259926976,92.812490150666,
    4.360450061307E-02));
#2439 = DIRECTION('',(0.833409404978,-0.552656098938,-1.479162505052E-17
    ));
#2440 = DIRECTION('',(0.552656098938,0.833409404978,0.));
#2441 = ADVANCED_FACE('',(#2442),#2459,.T.);
#2442 = FACE_BOUND('',#2443,.T.);
#2443 = EDGE_LOOP('',(#2444,#2445,#2453));
#2444 = ORIENTED_EDGE('',*,*,#2422,.F.);
#2445 = ORIENTED_EDGE('',*,*,#2446,.T.);
#2446 = EDGE_CURVE('',#2423,#2447,#2449,.T.);
#2447 = VERTEX_POINT('',#2448);
#2448 = CARTESIAN_POINT('',(115.78800201416,92.699996948242,-1.));
#2449 = LINE('',#2450,#2451);
#2450 = CARTESIAN_POINT('',(115.78800201416,92.699996948242,1.));
#2451 = VECTOR('',#2452,1.);
#2452 = DIRECTION('',(0.,0.,-1.));
#2453 = ORIENTED_EDGE('',*,*,#2454,.T.);
#2454 = EDGE_CURVE('',#2447,#2309,#2455,.T.);
#2455 = LINE('',#2456,#2457);
#2456 = CARTESIAN_POINT('',(115.78800201416,92.699996948242,-1.));
#2457 = VECTOR('',#2458,1.);
#2458 = DIRECTION('',(0.552656098938,0.833409404978,0.));
#2459 = PLANE('',#2460);
#2460 = AXIS2_PLACEMENT_3D('',#2461,#2462,#2463);
#2461 = CARTESIAN_POINT('',(115.81440268335,92.739809348846,
    -4.360450061307E-02));
#2462 = DIRECTION('',(0.833409404978,-0.552656098938,-1.479162505052E-17
    ));
#2463 = DIRECTION('',(0.552656098938,0.833409404978,0.));
#2464 = ADVANCED_FACE('',(#2465),#2482,.T.);
#2465 = FACE_BOUND('',#2466,.T.);
#2466 = EDGE_LOOP('',(#2467,#2475,#2481));
#2467 = ORIENTED_EDGE('',*,*,#2468,.T.);
#2468 = EDGE_CURVE('',#2401,#2469,#2471,.T.);
#2469 = VERTEX_POINT('',#2470);
#2470 = CARTESIAN_POINT('',(116.4639968872,93.293403625488,1.));
#2471 = LINE('',#2472,#2473);
#2472 = CARTESIAN_POINT('',(116.30000305175,93.21240234375,-1.));
#2473 = VECTOR('',#2474,1.);
#2474 = DIRECTION('',(8.165615105449E-02,4.033232638965E-02,
    0.995844152688));
#2475 = ORIENTED_EDGE('',*,*,#2476,.T.);
#2476 = EDGE_CURVE('',#2469,#2377,#2477,.T.);
#2477 = LINE('',#2478,#2479);
#2478 = CARTESIAN_POINT('',(116.4639968872,93.293403625488,1.));
#2479 = VECTOR('',#2480,1.);
#2480 = DIRECTION('',(-0.896593943089,-0.442853588917,0.));
#2481 = ORIENTED_EDGE('',*,*,#2408,.F.);
#2482 = PLANE('',#2483);
#2483 = AXIS2_PLACEMENT_3D('',#2484,#2485,#2486);
#2484 = CARTESIAN_POINT('',(116.34287233926,93.23357672037,
    4.364030174594E-02));
#2485 = DIRECTION('',(0.442853588917,-0.896593943089,4.930340281514E-18)
  );
#2486 = DIRECTION('',(-0.896593943089,-0.442853588917,0.));
#2487 = ADVANCED_FACE('',(#2488),#2505,.T.);
#2488 = FACE_BOUND('',#2489,.T.);
#2489 = EDGE_LOOP('',(#2490,#2491,#2499));
#2490 = ORIENTED_EDGE('',*,*,#2468,.F.);
#2491 = ORIENTED_EDGE('',*,*,#2492,.T.);
#2492 = EDGE_CURVE('',#2401,#2493,#2495,.T.);
#2493 = VERTEX_POINT('',#2494);
#2494 = CARTESIAN_POINT('',(116.4639968872,93.293403625488,-1.));
#2495 = LINE('',#2496,#2497);
#2496 = CARTESIAN_POINT('',(116.30000305175,93.21240234375,-1.));
#2497 = VECTOR('',#2498,1.);
#2498 = DIRECTION('',(0.896593943089,0.442853588917,0.));
#2499 = ORIENTED_EDGE('',*,*,#2500,.F.);
#2500 = EDGE_CURVE('',#2469,#2493,#2501,.T.);
#2501 = LINE('',#2502,#2503);
#2502 = CARTESIAN_POINT('',(116.4639968872,93.293403625488,1.));
#2503 = VECTOR('',#2504,1.);
#2504 = DIRECTION('',(0.,0.,-1.));
#2505 = PLANE('',#2506);
#2506 = AXIS2_PLACEMENT_3D('',#2507,#2508,#2509);
#2507 = CARTESIAN_POINT('',(116.4211275997,93.272229248869,
    -4.364030174594E-02));
#2508 = DIRECTION('',(0.442853588917,-0.896593943089,-0.));
#2509 = DIRECTION('',(-0.896593943089,-0.442853588917,0.));
#2510 = ADVANCED_FACE('',(#2511),#2528,.T.);
#2511 = FACE_BOUND('',#2512,.T.);
#2512 = EDGE_LOOP('',(#2513,#2521,#2527));
#2513 = ORIENTED_EDGE('',*,*,#2514,.T.);
#2514 = EDGE_CURVE('',#2493,#2515,#2517,.T.);
#2515 = VERTEX_POINT('',#2516);
#2516 = CARTESIAN_POINT('',(116.63800048828,93.35230255127,1.));
#2517 = LINE('',#2518,#2519);
#2518 = CARTESIAN_POINT('',(116.4639968872,93.293403625488,-1.));
#2519 = VECTOR('',#2520,1.);
#2520 = DIRECTION('',(8.663710748808E-02,2.93260170039E-02,
    0.995808212626));
#2521 = ORIENTED_EDGE('',*,*,#2522,.T.);
#2522 = EDGE_CURVE('',#2515,#2469,#2523,.T.);
#2523 = LINE('',#2524,#2525);
#2524 = CARTESIAN_POINT('',(116.63800048828,93.35230255127,1.));
#2525 = VECTOR('',#2526,1.);
#2526 = DIRECTION('',(-0.947207043787,-0.320622544747,0.));
#2527 = ORIENTED_EDGE('',*,*,#2500,.T.);
#2528 = PLANE('',#2529);
#2529 = AXIS2_PLACEMENT_3D('',#2530,#2531,#2532);
#2530 = CARTESIAN_POINT('',(116.50949138949,93.308803176401,
    4.382072380218E-02));
#2531 = DIRECTION('',(0.320622544747,-0.947207043787,4.92932587355E-18)
  );
#2532 = DIRECTION('',(-0.947207043787,-0.320622544747,
    -1.925929944387E-34));
#2533 = ADVANCED_FACE('',(#2534),#2551,.T.);
#2534 = FACE_BOUND('',#2535,.T.);
#2535 = EDGE_LOOP('',(#2536,#2537,#2545));
#2536 = ORIENTED_EDGE('',*,*,#2514,.F.);
#2537 = ORIENTED_EDGE('',*,*,#2538,.T.);
#2538 = EDGE_CURVE('',#2493,#2539,#2541,.T.);
#2539 = VERTEX_POINT('',#2540);
#2540 = CARTESIAN_POINT('',(116.63800048828,93.35230255127,-1.));
#2541 = LINE('',#2542,#2543);
#2542 = CARTESIAN_POINT('',(116.4639968872,93.293403625488,-1.));
#2543 = VECTOR('',#2544,1.);
#2544 = DIRECTION('',(0.947207043787,0.320622544747,0.));
#2545 = ORIENTED_EDGE('',*,*,#2546,.T.);
#2546 = EDGE_CURVE('',#2539,#2515,#2547,.T.);
#2547 = LINE('',#2548,#2549);
#2548 = CARTESIAN_POINT('',(116.63800048828,93.35230255127,-1.));
#2549 = VECTOR('',#2550,1.);
#2550 = DIRECTION('',(0.,0.,1.));
#2551 = PLANE('',#2552);
#2552 = AXIS2_PLACEMENT_3D('',#2553,#2554,#2555);
#2553 = CARTESIAN_POINT('',(116.59250598599,93.336903000357,
    -4.382072380218E-02));
#2554 = DIRECTION('',(0.320622544747,-0.947207043787,-2.464662936775E-18
    ));
#2555 = DIRECTION('',(-0.947207043787,-0.320622544747,0.));
#2556 = ADVANCED_FACE('',(#2557),#2574,.T.);
#2557 = FACE_BOUND('',#2558,.T.);
#2558 = EDGE_LOOP('',(#2559,#2567,#2573));
#2559 = ORIENTED_EDGE('',*,*,#2560,.T.);
#2560 = EDGE_CURVE('',#2539,#2561,#2563,.T.);
#2561 = VERTEX_POINT('',#2562);
#2562 = CARTESIAN_POINT('',(116.81700134277,93.388000488281,1.));
#2563 = LINE('',#2564,#2565);
#2564 = CARTESIAN_POINT('',(116.63800048828,93.35230255127,-1.));
#2565 = VECTOR('',#2566,1.);
#2566 = DIRECTION('',(8.913001887274E-02,1.777509838486E-02,
    0.995861378714));
#2567 = ORIENTED_EDGE('',*,*,#2568,.T.);
#2568 = EDGE_CURVE('',#2561,#2515,#2569,.T.);
#2569 = LINE('',#2570,#2571);
#2570 = CARTESIAN_POINT('',(116.81700134277,93.388000488281,1.));
#2571 = VECTOR('',#2572,1.);
#2572 = DIRECTION('',(-0.980688240612,-0.195577541464,0.));
#2573 = ORIENTED_EDGE('',*,*,#2546,.F.);
#2574 = PLANE('',#2575);
#2575 = AXIS2_PLACEMENT_3D('',#2576,#2577,#2578);
#2576 = CARTESIAN_POINT('',(116.68478848412,93.361633428116,
    4.355352662686E-02));
#2577 = DIRECTION('',(0.195577541464,-0.980688240612,2.46541425309E-18)
  );
#2578 = DIRECTION('',(-0.980688240612,-0.195577541464,0.));
#2579 = ADVANCED_FACE('',(#2580),#2597,.T.);
#2580 = FACE_BOUND('',#2581,.T.);
#2581 = EDGE_LOOP('',(#2582,#2583,#2591));
#2582 = ORIENTED_EDGE('',*,*,#2560,.F.);
#2583 = ORIENTED_EDGE('',*,*,#2584,.T.);
#2584 = EDGE_CURVE('',#2539,#2585,#2587,.T.);
#2585 = VERTEX_POINT('',#2586);
#2586 = CARTESIAN_POINT('',(116.81700134277,93.388000488281,-1.));
#2587 = LINE('',#2588,#2589);
#2588 = CARTESIAN_POINT('',(116.63800048828,93.35230255127,-1.));
#2589 = VECTOR('',#2590,1.);
#2590 = DIRECTION('',(0.980688240612,0.195577541464,0.));
#2591 = ORIENTED_EDGE('',*,*,#2592,.F.);
#2592 = EDGE_CURVE('',#2561,#2585,#2593,.T.);
#2593 = LINE('',#2594,#2595);
#2594 = CARTESIAN_POINT('',(116.81700134277,93.388000488281,1.));
#2595 = VECTOR('',#2596,1.);
#2596 = DIRECTION('',(0.,0.,-1.));
#2597 = PLANE('',#2598);
#2598 = AXIS2_PLACEMENT_3D('',#2599,#2600,#2601);
#2599 = CARTESIAN_POINT('',(116.77021334692,93.378669611435,
    -4.355352662686E-02));
#2600 = DIRECTION('',(0.195577541464,-0.980688240612,-0.));
#2601 = DIRECTION('',(-0.980688240612,-0.195577541464,0.));
#2602 = ADVANCED_FACE('',(#2603),#2620,.T.);
#2603 = FACE_BOUND('',#2604,.T.);
#2604 = EDGE_LOOP('',(#2605,#2613,#2619));
#2605 = ORIENTED_EDGE('',*,*,#2606,.T.);
#2606 = EDGE_CURVE('',#2585,#2607,#2609,.T.);
#2607 = VERTEX_POINT('',#2608);
#2608 = CARTESIAN_POINT('',(117.,93.400001525879,1.));
#2609 = LINE('',#2610,#2611);
#2610 = CARTESIAN_POINT('',(116.81700134277,93.388000488281,-1.));
#2611 = VECTOR('',#2612,1.);
#2612 = DIRECTION('',(9.111706822477E-02,5.975450192511E-03,
    0.995822260182));
#2613 = ORIENTED_EDGE('',*,*,#2614,.T.);
#2614 = EDGE_CURVE('',#2607,#2561,#2615,.T.);
#2615 = LINE('',#2616,#2617);
#2616 = CARTESIAN_POINT('',(117.,93.400001525879,1.));
#2617 = VECTOR('',#2618,1.);
#2618 = DIRECTION('',(-0.997856548267,-6.543935422428E-02,0.));
#2619 = ORIENTED_EDGE('',*,*,#2592,.T.);
#2620 = PLANE('',#2621);
#2621 = AXIS2_PLACEMENT_3D('',#2622,#2623,#2624);
#2622 = CARTESIAN_POINT('',(116.86484414418,93.391138015448,
    4.375030387171E-02));
#2623 = DIRECTION('',(6.543935422428E-02,-0.997856548267,
    1.249844559732E-18));
#2624 = DIRECTION('',(-0.997856548267,-6.543935422428E-02,0.));
#2625 = ADVANCED_FACE('',(#2626),#2643,.T.);
#2626 = FACE_BOUND('',#2627,.T.);
#2627 = EDGE_LOOP('',(#2628,#2629,#2637));
#2628 = ORIENTED_EDGE('',*,*,#2606,.F.);
#2629 = ORIENTED_EDGE('',*,*,#2630,.T.);
#2630 = EDGE_CURVE('',#2585,#2631,#2633,.T.);
#2631 = VERTEX_POINT('',#2632);
#2632 = CARTESIAN_POINT('',(117.,93.400001525879,-1.));
#2633 = LINE('',#2634,#2635);
#2634 = CARTESIAN_POINT('',(116.81700134277,93.388000488281,-1.));
#2635 = VECTOR('',#2636,1.);
#2636 = DIRECTION('',(0.997856548267,6.543935422428E-02,0.));
#2637 = ORIENTED_EDGE('',*,*,#2638,.T.);
#2638 = EDGE_CURVE('',#2631,#2607,#2639,.T.);
#2639 = LINE('',#2640,#2641);
#2640 = CARTESIAN_POINT('',(117.,93.400001525879,-1.));
#2641 = VECTOR('',#2642,1.);
#2642 = DIRECTION('',(0.,0.,1.));
#2643 = PLANE('',#2644);
#2644 = AXIS2_PLACEMENT_3D('',#2645,#2646,#2647);
#2645 = CARTESIAN_POINT('',(116.95215719859,93.396863998713,
    -4.375030387171E-02));
#2646 = DIRECTION('',(6.543935422428E-02,-0.997856548267,
    1.68353866402E-18));
#2647 = DIRECTION('',(-0.997856548267,-6.543935422428E-02,
    2.407412430484E-35));
#2648 = ADVANCED_FACE('',(#2649),#2666,.T.);
#2649 = FACE_BOUND('',#2650,.T.);
#2650 = EDGE_LOOP('',(#2651,#2659,#2665));
#2651 = ORIENTED_EDGE('',*,*,#2652,.T.);
#2652 = EDGE_CURVE('',#2631,#2653,#2655,.T.);
#2653 = VERTEX_POINT('',#2654);
#2654 = CARTESIAN_POINT('',(117.18299865722,93.388000488281,1.));
#2655 = LINE('',#2656,#2657);
#2656 = CARTESIAN_POINT('',(117.,93.400001525879,-1.));
#2657 = VECTOR('',#2658,1.);
#2658 = DIRECTION('',(9.111706822477E-02,-5.975450192511E-03,
    0.995822260182));
#2659 = ORIENTED_EDGE('',*,*,#2660,.T.);
#2660 = EDGE_CURVE('',#2653,#2607,#2661,.T.);
#2661 = LINE('',#2662,#2663);
#2662 = CARTESIAN_POINT('',(117.18299865722,93.388000488281,1.));
#2663 = VECTOR('',#2664,1.);
#2664 = DIRECTION('',(-0.997856548267,6.543935422428E-02,0.));
#2665 = ORIENTED_EDGE('',*,*,#2638,.F.);
#2666 = PLANE('',#2667);
#2667 = AXIS2_PLACEMENT_3D('',#2668,#2669,#2670);
#2668 = CARTESIAN_POINT('',(117.0478428014,93.396863998713,
    4.375030387171E-02));
#2669 = DIRECTION('',(-6.543935422428E-02,-0.997856548267,
    -3.418235669611E-18));
#2670 = DIRECTION('',(-0.997856548267,6.543935422428E-02,0.));
#2671 = ADVANCED_FACE('',(#2672),#2689,.T.);
#2672 = FACE_BOUND('',#2673,.T.);
#2673 = EDGE_LOOP('',(#2674,#2675,#2683));
#2674 = ORIENTED_EDGE('',*,*,#2652,.F.);
#2675 = ORIENTED_EDGE('',*,*,#2676,.T.);
#2676 = EDGE_CURVE('',#2631,#2677,#2679,.T.);
#2677 = VERTEX_POINT('',#2678);
#2678 = CARTESIAN_POINT('',(117.18299865722,93.388000488281,-1.));
#2679 = LINE('',#2680,#2681);
#2680 = CARTESIAN_POINT('',(117.,93.400001525879,-1.));
#2681 = VECTOR('',#2682,1.);
#2682 = DIRECTION('',(0.997856548267,-6.543935422428E-02,0.));
#2683 = ORIENTED_EDGE('',*,*,#2684,.T.);
#2684 = EDGE_CURVE('',#2677,#2653,#2685,.T.);
#2685 = LINE('',#2686,#2687);
#2686 = CARTESIAN_POINT('',(117.18299865722,93.388000488281,-1.));
#2687 = VECTOR('',#2688,1.);
#2688 = DIRECTION('',(0.,0.,1.));
#2689 = PLANE('',#2690);
#2690 = AXIS2_PLACEMENT_3D('',#2691,#2692,#2693);
#2691 = CARTESIAN_POINT('',(117.13515585582,93.391138015448,
    -4.375030387171E-02));
#2692 = DIRECTION('',(-6.543935422428E-02,-0.997856548267,
    -1.249844559732E-18));
#2693 = DIRECTION('',(-0.997856548267,6.543935422428E-02,0.));
#2694 = ADVANCED_FACE('',(#2695),#2712,.T.);
#2695 = FACE_BOUND('',#2696,.T.);
#2696 = EDGE_LOOP('',(#2697,#2705,#2706));
#2697 = ORIENTED_EDGE('',*,*,#2698,.T.);
#2698 = EDGE_CURVE('',#2699,#2447,#2701,.T.);
#2699 = VERTEX_POINT('',#2700);
#2700 = CARTESIAN_POINT('',(115.70700073242,92.535797119141,1.));
#2701 = LINE('',#2702,#2703);
#2702 = CARTESIAN_POINT('',(115.70700073242,92.535797119141,1.));
#2703 = VECTOR('',#2704,1.);
#2704 = DIRECTION('',(4.033198838349E-02,8.175803466041E-02,
    -0.995835806989));
#2705 = ORIENTED_EDGE('',*,*,#2446,.F.);
#2706 = ORIENTED_EDGE('',*,*,#2707,.T.);
#2707 = EDGE_CURVE('',#2423,#2699,#2708,.T.);
#2708 = LINE('',#2709,#2710);
#2709 = CARTESIAN_POINT('',(115.78800201416,92.699996948242,1.));
#2710 = VECTOR('',#2711,1.);
#2711 = DIRECTION('',(-0.442406809502,-0.896814481878,0.));
#2712 = PLANE('',#2713);
#2713 = AXIS2_PLACEMENT_3D('',#2714,#2715,#2716);
#2714 = CARTESIAN_POINT('',(115.76682670823,92.657071928546,
    4.368227280712E-02));
#2715 = DIRECTION('',(0.896814481878,-0.442406809502,-4.930104217817E-18
    ));
#2716 = DIRECTION('',(0.442406809502,0.896814481878,0.));
#2717 = ADVANCED_FACE('',(#2718),#2735,.T.);
#2718 = FACE_BOUND('',#2719,.T.);
#2719 = EDGE_LOOP('',(#2720,#2721,#2729));
#2720 = ORIENTED_EDGE('',*,*,#2698,.F.);
#2721 = ORIENTED_EDGE('',*,*,#2722,.F.);
#2722 = EDGE_CURVE('',#2723,#2699,#2725,.T.);
#2723 = VERTEX_POINT('',#2724);
#2724 = CARTESIAN_POINT('',(115.70700073242,92.535797119141,-1.));
#2725 = LINE('',#2726,#2727);
#2726 = CARTESIAN_POINT('',(115.70700073242,92.535797119141,-1.));
#2727 = VECTOR('',#2728,1.);
#2728 = DIRECTION('',(0.,0.,1.));
#2729 = ORIENTED_EDGE('',*,*,#2730,.T.);
#2730 = EDGE_CURVE('',#2723,#2447,#2731,.T.);
#2731 = LINE('',#2732,#2733);
#2732 = CARTESIAN_POINT('',(115.70700073242,92.535797119141,-1.));
#2733 = VECTOR('',#2734,1.);
#2734 = DIRECTION('',(0.442406809502,0.896814481878,0.));
#2735 = PLANE('',#2736);
#2736 = AXIS2_PLACEMENT_3D('',#2737,#2738,#2739);
#2737 = CARTESIAN_POINT('',(115.72817603834,92.578722138837,
    -4.368227280712E-02));
#2738 = DIRECTION('',(0.896814481878,-0.442406809502,0.));
#2739 = DIRECTION('',(0.442406809502,0.896814481878,0.));
#2740 = ADVANCED_FACE('',(#2741),#2758,.T.);
#2741 = FACE_BOUND('',#2742,.T.);
#2742 = EDGE_LOOP('',(#2743,#2751,#2752));
#2743 = ORIENTED_EDGE('',*,*,#2744,.T.);
#2744 = EDGE_CURVE('',#2745,#2723,#2747,.T.);
#2745 = VERTEX_POINT('',#2746);
#2746 = CARTESIAN_POINT('',(115.64800262451,92.362396240234,1.));
#2747 = LINE('',#2748,#2749);
#2748 = CARTESIAN_POINT('',(115.64800262451,92.362396240234,1.));
#2749 = VECTOR('',#2750,1.);
#2750 = DIRECTION('',(2.937612006815E-02,8.633912542466E-02,
    -0.99583261595));
#2751 = ORIENTED_EDGE('',*,*,#2722,.T.);
#2752 = ORIENTED_EDGE('',*,*,#2753,.T.);
#2753 = EDGE_CURVE('',#2699,#2745,#2754,.T.);
#2754 = LINE('',#2755,#2756);
#2755 = CARTESIAN_POINT('',(115.70700073242,92.535797119141,1.));
#2756 = VECTOR('',#2757,1.);
#2757 = DIRECTION('',(-0.322107334686,-0.946703155663,0.));
#2758 = PLANE('',#2759);
#2759 = AXIS2_PLACEMENT_3D('',#2760,#2761,#2762);
#2760 = CARTESIAN_POINT('',(115.69157722422,92.490466006457,
    4.369830872761E-02));
#2761 = DIRECTION('',(0.946703155663,-0.322107334686,0.));
#2762 = DIRECTION('',(0.322107334686,0.946703155663,0.));
#2763 = ADVANCED_FACE('',(#2764),#2781,.T.);
#2764 = FACE_BOUND('',#2765,.T.);
#2765 = EDGE_LOOP('',(#2766,#2767,#2775));
#2766 = ORIENTED_EDGE('',*,*,#2744,.F.);
#2767 = ORIENTED_EDGE('',*,*,#2768,.T.);
#2768 = EDGE_CURVE('',#2745,#2769,#2771,.T.);
#2769 = VERTEX_POINT('',#2770);
#2770 = CARTESIAN_POINT('',(115.64800262451,92.362396240234,-1.));
#2771 = LINE('',#2772,#2773);
#2772 = CARTESIAN_POINT('',(115.64800262451,92.362396240234,1.));
#2773 = VECTOR('',#2774,1.);
#2774 = DIRECTION('',(0.,0.,-1.));
#2775 = ORIENTED_EDGE('',*,*,#2776,.T.);
#2776 = EDGE_CURVE('',#2769,#2723,#2777,.T.);
#2777 = LINE('',#2778,#2779);
#2778 = CARTESIAN_POINT('',(115.64800262451,92.362396240234,-1.));
#2779 = VECTOR('',#2780,1.);
#2780 = DIRECTION('',(0.322107334686,0.946703155663,0.));
#2781 = PLANE('',#2782);
#2782 = AXIS2_PLACEMENT_3D('',#2783,#2784,#2785);
#2783 = CARTESIAN_POINT('',(115.66342613271,92.407727352918,
    -4.369830872761E-02));
#2784 = DIRECTION('',(0.946703155663,-0.322107334686,-4.930014038343E-18
    ));
#2785 = DIRECTION('',(0.322107334686,0.946703155663,-1.925929944387E-34)
  );
#2786 = ADVANCED_FACE('',(#2787),#2804,.T.);
#2787 = FACE_BOUND('',#2788,.T.);
#2788 = EDGE_LOOP('',(#2789,#2797,#2798));
#2789 = ORIENTED_EDGE('',*,*,#2790,.T.);
#2790 = EDGE_CURVE('',#2791,#2769,#2793,.T.);
#2791 = VERTEX_POINT('',#2792);
#2792 = CARTESIAN_POINT('',(115.61199951171,92.18270111084,1.));
#2793 = LINE('',#2794,#2795);
#2794 = CARTESIAN_POINT('',(115.61199951171,92.18270111084,1.));
#2795 = VECTOR('',#2796,1.);
#2796 = DIRECTION('',(1.792645272834E-02,8.947271479351E-02,
    -0.995827934736));
#2797 = ORIENTED_EDGE('',*,*,#2768,.F.);
#2798 = ORIENTED_EDGE('',*,*,#2799,.T.);
#2799 = EDGE_CURVE('',#2745,#2791,#2800,.T.);
#2800 = LINE('',#2801,#2802);
#2801 = CARTESIAN_POINT('',(115.64800262451,92.362396240234,1.));
#2802 = VECTOR('',#2803,1.);
#2803 = DIRECTION('',(-0.196452366595,-0.980513369444,0.));
#2804 = PLANE('',#2805);
#2805 = AXIS2_PLACEMENT_3D('',#2806,#2807,#2808);
#2806 = CARTESIAN_POINT('',(115.63859032336,92.315418505779,
    4.37218212188E-02));
#2807 = DIRECTION('',(0.980513369444,-0.196452366595,7.39482274091E-18)
  );
#2808 = DIRECTION('',(0.196452366595,0.980513369444,1.925929944387E-34)
  );
#2809 = ADVANCED_FACE('',(#2810),#2827,.T.);
#2810 = FACE_BOUND('',#2811,.T.);
#2811 = EDGE_LOOP('',(#2812,#2813,#2821));
#2812 = ORIENTED_EDGE('',*,*,#2790,.F.);
#2813 = ORIENTED_EDGE('',*,*,#2814,.F.);
#2814 = EDGE_CURVE('',#2815,#2791,#2817,.T.);
#2815 = VERTEX_POINT('',#2816);
#2816 = CARTESIAN_POINT('',(115.61199951171,92.18270111084,-1.));
#2817 = LINE('',#2818,#2819);
#2818 = CARTESIAN_POINT('',(115.61199951171,92.18270111084,-1.));
#2819 = VECTOR('',#2820,1.);
#2820 = DIRECTION('',(0.,0.,1.));
#2821 = ORIENTED_EDGE('',*,*,#2822,.T.);
#2822 = EDGE_CURVE('',#2815,#2769,#2823,.T.);
#2823 = LINE('',#2824,#2825);
#2824 = CARTESIAN_POINT('',(115.61199951171,92.18270111084,-1.));
#2825 = VECTOR('',#2826,1.);
#2826 = DIRECTION('',(0.196452366595,0.980513369444,0.));
#2827 = PLANE('',#2828);
#2828 = AXIS2_PLACEMENT_3D('',#2829,#2830,#2831);
#2829 = CARTESIAN_POINT('',(115.62141181286,92.229678845296,
    -4.37218212188E-02));
#2830 = DIRECTION('',(0.980513369444,-0.196452366595,4.929881827274E-18)
  );
#2831 = DIRECTION('',(0.196452366595,0.980513369444,0.));
#2832 = ADVANCED_FACE('',(#2833),#2850,.T.);
#2833 = FACE_BOUND('',#2834,.T.);
#2834 = EDGE_LOOP('',(#2835,#2843,#2844));
#2835 = ORIENTED_EDGE('',*,*,#2836,.T.);
#2836 = EDGE_CURVE('',#2837,#2815,#2839,.T.);
#2837 = VERTEX_POINT('',#2838);
#2838 = CARTESIAN_POINT('',(115.59999847412,92.,1.));
#2839 = LINE('',#2840,#2841);
#2840 = CARTESIAN_POINT('',(115.59999847412,92.,1.));
#2841 = VECTOR('',#2842,1.);
#2842 = DIRECTION('',(5.975530792031E-03,9.097014359617E-02,
    -0.995835692274));
#2843 = ORIENTED_EDGE('',*,*,#2814,.T.);
#2844 = ORIENTED_EDGE('',*,*,#2845,.T.);
#2845 = EDGE_CURVE('',#2791,#2837,#2846,.T.);
#2846 = LINE('',#2847,#2848);
#2847 = CARTESIAN_POINT('',(115.61199951171,92.18270111084,1.));
#2848 = VECTOR('',#2849,1.);
#2849 = DIRECTION('',(-6.554547103166E-02,-0.997849583468,0.));
#2850 = PLANE('',#2851);
#2851 = AXIS2_PLACEMENT_3D('',#2852,#2853,#2854);
#2852 = CARTESIAN_POINT('',(115.60886220586,92.1349394685,
    4.368284940197E-02));
#2853 = DIRECTION('',(0.997849583468,-6.554547103166E-02,
    1.969114446327E-18));
#2854 = DIRECTION('',(6.554547103166E-02,0.997849583468,
    2.407412430484E-35));
#2855 = ADVANCED_FACE('',(#2856),#2873,.T.);
#2856 = FACE_BOUND('',#2857,.T.);
#2857 = EDGE_LOOP('',(#2858,#2859,#2867));
#2858 = ORIENTED_EDGE('',*,*,#2836,.F.);
#2859 = ORIENTED_EDGE('',*,*,#2860,.T.);
#2860 = EDGE_CURVE('',#2837,#2861,#2863,.T.);
#2861 = VERTEX_POINT('',#2862);
#2862 = CARTESIAN_POINT('',(115.59999847412,92.,-1.));
#2863 = LINE('',#2864,#2865);
#2864 = CARTESIAN_POINT('',(115.59999847412,92.,1.));
#2865 = VECTOR('',#2866,1.);
#2866 = DIRECTION('',(0.,0.,-1.));
#2867 = ORIENTED_EDGE('',*,*,#2868,.T.);
#2868 = EDGE_CURVE('',#2861,#2815,#2869,.T.);
#2869 = LINE('',#2870,#2871);
#2870 = CARTESIAN_POINT('',(115.59999847412,92.,-1.));
#2871 = VECTOR('',#2872,1.);
#2872 = DIRECTION('',(6.554547103166E-02,0.997849583468,0.));
#2873 = PLANE('',#2874);
#2874 = AXIS2_PLACEMENT_3D('',#2875,#2876,#2877);
#2875 = CARTESIAN_POINT('',(115.60313577998,92.047761642339,
    -4.368284940197E-02));
#2876 = DIRECTION('',(0.997849583468,-6.554547103166E-02,
    1.969114446327E-18));
#2877 = DIRECTION('',(6.554547103166E-02,0.997849583468,
    2.407412430484E-35));
#2878 = ADVANCED_FACE('',(#2879),#2896,.T.);
#2879 = FACE_BOUND('',#2880,.T.);
#2880 = EDGE_LOOP('',(#2881,#2889,#2890));
#2881 = ORIENTED_EDGE('',*,*,#2882,.T.);
#2882 = EDGE_CURVE('',#2883,#2861,#2885,.T.);
#2883 = VERTEX_POINT('',#2884);
#2884 = CARTESIAN_POINT('',(115.61199951171,91.81729888916,1.));
#2885 = LINE('',#2886,#2887);
#2886 = CARTESIAN_POINT('',(115.61199951171,91.81729888916,1.));
#2887 = VECTOR('',#2888,1.);
#2888 = DIRECTION('',(-5.975530792031E-03,9.097014359617E-02,
    -0.995835692274));
#2889 = ORIENTED_EDGE('',*,*,#2860,.F.);
#2890 = ORIENTED_EDGE('',*,*,#2891,.T.);
#2891 = EDGE_CURVE('',#2837,#2883,#2892,.T.);
#2892 = LINE('',#2893,#2894);
#2893 = CARTESIAN_POINT('',(115.59999847412,92.,1.));
#2894 = VECTOR('',#2895,1.);
#2895 = DIRECTION('',(6.554547103166E-02,-0.997849583468,0.));
#2896 = PLANE('',#2897);
#2897 = AXIS2_PLACEMENT_3D('',#2898,#2899,#2900);
#2898 = CARTESIAN_POINT('',(115.60313577998,91.95223835766,
    4.368284940197E-02));
#2899 = DIRECTION('',(0.997849583468,6.554547103166E-02,
    -6.731541404259E-19));
#2900 = DIRECTION('',(-6.554547103166E-02,0.997849583468,0.));
#2901 = ADVANCED_FACE('',(#2902),#2919,.T.);
#2902 = FACE_BOUND('',#2903,.T.);
#2903 = EDGE_LOOP('',(#2904,#2905,#2913));
#2904 = ORIENTED_EDGE('',*,*,#2882,.F.);
#2905 = ORIENTED_EDGE('',*,*,#2906,.T.);
#2906 = EDGE_CURVE('',#2883,#2907,#2909,.T.);
#2907 = VERTEX_POINT('',#2908);
#2908 = CARTESIAN_POINT('',(115.61199951171,91.81729888916,-1.));
#2909 = LINE('',#2910,#2911);
#2910 = CARTESIAN_POINT('',(115.61199951171,91.81729888916,1.));
#2911 = VECTOR('',#2912,1.);
#2912 = DIRECTION('',(0.,0.,-1.));
#2913 = ORIENTED_EDGE('',*,*,#2914,.T.);
#2914 = EDGE_CURVE('',#2907,#2861,#2915,.T.);
#2915 = LINE('',#2916,#2917);
#2916 = CARTESIAN_POINT('',(115.61199951171,91.81729888916,-1.));
#2917 = VECTOR('',#2918,1.);
#2918 = DIRECTION('',(-6.554547103166E-02,0.997849583468,0.));
#2919 = PLANE('',#2920);
#2920 = AXIS2_PLACEMENT_3D('',#2921,#2922,#2923);
#2921 = CARTESIAN_POINT('',(115.60886220586,91.8650605315,
    -4.368284940197E-02));
#2922 = DIRECTION('',(0.997849583468,6.554547103166E-02,
    -6.731541404259E-19));
#2923 = DIRECTION('',(-6.554547103166E-02,0.997849583468,0.));
#2924 = ADVANCED_FACE('',(#2925),#2942,.T.);
#2925 = FACE_BOUND('',#2926,.T.);
#2926 = EDGE_LOOP('',(#2927,#2935,#2936));
#2927 = ORIENTED_EDGE('',*,*,#2928,.T.);
#2928 = EDGE_CURVE('',#2929,#2907,#2931,.T.);
#2929 = VERTEX_POINT('',#2930);
#2930 = CARTESIAN_POINT('',(115.64800262451,91.637603759766,1.));
#2931 = LINE('',#2932,#2933);
#2932 = CARTESIAN_POINT('',(115.64800262451,91.637603759766,1.));
#2933 = VECTOR('',#2934,1.);
#2934 = DIRECTION('',(-1.792645272834E-02,8.947271479351E-02,
    -0.995827934736));
#2935 = ORIENTED_EDGE('',*,*,#2906,.F.);
#2936 = ORIENTED_EDGE('',*,*,#2937,.T.);
#2937 = EDGE_CURVE('',#2883,#2929,#2938,.T.);
#2938 = LINE('',#2939,#2940);
#2939 = CARTESIAN_POINT('',(115.61199951171,91.81729888916,1.));
#2940 = VECTOR('',#2941,1.);
#2941 = DIRECTION('',(0.196452366595,-0.980513369444,0.));
#2942 = PLANE('',#2943);
#2943 = AXIS2_PLACEMENT_3D('',#2944,#2945,#2946);
#2944 = CARTESIAN_POINT('',(115.62141181286,91.770321154704,
    4.37218212188E-02));
#2945 = DIRECTION('',(0.980513369444,0.196452366595,-7.39482274091E-18)
  );
#2946 = DIRECTION('',(-0.196452366595,0.980513369444,0.));
#2947 = ADVANCED_FACE('',(#2948),#2965,.T.);
#2948 = FACE_BOUND('',#2949,.T.);
#2949 = EDGE_LOOP('',(#2950,#2951,#2959));
#2950 = ORIENTED_EDGE('',*,*,#2928,.F.);
#2951 = ORIENTED_EDGE('',*,*,#2952,.F.);
#2952 = EDGE_CURVE('',#2953,#2929,#2955,.T.);
#2953 = VERTEX_POINT('',#2954);
#2954 = CARTESIAN_POINT('',(115.64800262451,91.637603759766,-1.));
#2955 = LINE('',#2956,#2957);
#2956 = CARTESIAN_POINT('',(115.64800262451,91.637603759766,-1.));
#2957 = VECTOR('',#2958,1.);
#2958 = DIRECTION('',(0.,0.,1.));
#2959 = ORIENTED_EDGE('',*,*,#2960,.T.);
#2960 = EDGE_CURVE('',#2953,#2907,#2961,.T.);
#2961 = LINE('',#2962,#2963);
#2962 = CARTESIAN_POINT('',(115.64800262451,91.637603759766,-1.));
#2963 = VECTOR('',#2964,1.);
#2964 = DIRECTION('',(-0.196452366595,0.980513369444,0.));
#2965 = PLANE('',#2966);
#2966 = AXIS2_PLACEMENT_3D('',#2967,#2968,#2969);
#2967 = CARTESIAN_POINT('',(115.63859032336,91.684581494221,
    -4.37218212188E-02));
#2968 = DIRECTION('',(0.980513369444,0.196452366595,-4.929881827274E-18)
  );
#2969 = DIRECTION('',(-0.196452366595,0.980513369444,0.));
#2970 = ADVANCED_FACE('',(#2971),#2988,.T.);
#2971 = FACE_BOUND('',#2972,.T.);
#2972 = EDGE_LOOP('',(#2973,#2981,#2982));
#2973 = ORIENTED_EDGE('',*,*,#2974,.T.);
#2974 = EDGE_CURVE('',#2975,#2953,#2977,.T.);
#2975 = VERTEX_POINT('',#2976);
#2976 = CARTESIAN_POINT('',(115.70700073242,91.464202880859,1.));
#2977 = LINE('',#2978,#2979);
#2978 = CARTESIAN_POINT('',(115.70700073242,91.464202880859,1.));
#2979 = VECTOR('',#2980,1.);
#2980 = DIRECTION('',(-2.937612006815E-02,8.633912542466E-02,
    -0.99583261595));
#2981 = ORIENTED_EDGE('',*,*,#2952,.T.);
#2982 = ORIENTED_EDGE('',*,*,#2983,.T.);
#2983 = EDGE_CURVE('',#2929,#2975,#2984,.T.);
#2984 = LINE('',#2985,#2986);
#2985 = CARTESIAN_POINT('',(115.64800262451,91.637603759766,1.));
#2986 = VECTOR('',#2987,1.);
#2987 = DIRECTION('',(0.322107334686,-0.946703155663,0.));
#2988 = PLANE('',#2989);
#2989 = AXIS2_PLACEMENT_3D('',#2990,#2991,#2992);
#2990 = CARTESIAN_POINT('',(115.66342613271,91.592272647082,
    4.369830872761E-02));
#2991 = DIRECTION('',(0.946703155663,0.322107334686,4.930014038343E-18)
  );
#2992 = DIRECTION('',(-0.322107334686,0.946703155663,-1.925929944387E-34
    ));
#2993 = ADVANCED_FACE('',(#2994),#3011,.T.);
#2994 = FACE_BOUND('',#2995,.T.);
#2995 = EDGE_LOOP('',(#2996,#2997,#3005));
#2996 = ORIENTED_EDGE('',*,*,#2974,.F.);
#2997 = ORIENTED_EDGE('',*,*,#2998,.T.);
#2998 = EDGE_CURVE('',#2975,#2999,#3001,.T.);
#2999 = VERTEX_POINT('',#3000);
#3000 = CARTESIAN_POINT('',(115.70700073242,91.464202880859,-1.));
#3001 = LINE('',#3002,#3003);
#3002 = CARTESIAN_POINT('',(115.70700073242,91.464202880859,1.));
#3003 = VECTOR('',#3004,1.);
#3004 = DIRECTION('',(0.,0.,-1.));
#3005 = ORIENTED_EDGE('',*,*,#3006,.T.);
#3006 = EDGE_CURVE('',#2999,#2953,#3007,.T.);
#3007 = LINE('',#3008,#3009);
#3008 = CARTESIAN_POINT('',(115.70700073242,91.464202880859,-1.));
#3009 = VECTOR('',#3010,1.);
#3010 = DIRECTION('',(-0.322107334686,0.946703155663,0.));
#3011 = PLANE('',#3012);
#3012 = AXIS2_PLACEMENT_3D('',#3013,#3014,#3015);
#3013 = CARTESIAN_POINT('',(115.69157722422,91.509533993543,
    -4.369830872761E-02));
#3014 = DIRECTION('',(0.946703155663,0.322107334686,0.));
#3015 = DIRECTION('',(-0.322107334686,0.946703155663,0.));
#3016 = ADVANCED_FACE('',(#3017),#3034,.T.);
#3017 = FACE_BOUND('',#3018,.T.);
#3018 = EDGE_LOOP('',(#3019,#3027,#3028));
#3019 = ORIENTED_EDGE('',*,*,#3020,.T.);
#3020 = EDGE_CURVE('',#3021,#2999,#3023,.T.);
#3021 = VERTEX_POINT('',#3022);
#3022 = CARTESIAN_POINT('',(115.78800201416,91.300003051758,1.));
#3023 = LINE('',#3024,#3025);
#3024 = CARTESIAN_POINT('',(115.78800201416,91.300003051758,1.));
#3025 = VECTOR('',#3026,1.);
#3026 = DIRECTION('',(-4.033198838349E-02,8.175803466041E-02,
    -0.995835806989));
#3027 = ORIENTED_EDGE('',*,*,#2998,.F.);
#3028 = ORIENTED_EDGE('',*,*,#3029,.T.);
#3029 = EDGE_CURVE('',#2975,#3021,#3030,.T.);
#3030 = LINE('',#3031,#3032);
#3031 = CARTESIAN_POINT('',(115.70700073242,91.464202880859,1.));
#3032 = VECTOR('',#3033,1.);
#3033 = DIRECTION('',(0.442406809502,-0.896814481878,0.));
#3034 = PLANE('',#3035);
#3035 = AXIS2_PLACEMENT_3D('',#3036,#3037,#3038);
#3036 = CARTESIAN_POINT('',(115.72817603834,91.421277861163,
    4.368227280712E-02));
#3037 = DIRECTION('',(0.896814481878,0.442406809502,-4.930104217817E-18)
  );
#3038 = DIRECTION('',(-0.442406809502,0.896814481878,0.));
#3039 = ADVANCED_FACE('',(#3040),#3057,.T.);
#3040 = FACE_BOUND('',#3041,.T.);
#3041 = EDGE_LOOP('',(#3042,#3043,#3051));
#3042 = ORIENTED_EDGE('',*,*,#3020,.F.);
#3043 = ORIENTED_EDGE('',*,*,#3044,.T.);
#3044 = EDGE_CURVE('',#3021,#3045,#3047,.T.);
#3045 = VERTEX_POINT('',#3046);
#3046 = CARTESIAN_POINT('',(115.78800201416,91.300003051758,-1.));
#3047 = LINE('',#3048,#3049);
#3048 = CARTESIAN_POINT('',(115.78800201416,91.300003051758,1.));
#3049 = VECTOR('',#3050,1.);
#3050 = DIRECTION('',(0.,0.,-1.));
#3051 = ORIENTED_EDGE('',*,*,#3052,.T.);
#3052 = EDGE_CURVE('',#3045,#2999,#3053,.T.);
#3053 = LINE('',#3054,#3055);
#3054 = CARTESIAN_POINT('',(115.78800201416,91.300003051758,-1.));
#3055 = VECTOR('',#3056,1.);
#3056 = DIRECTION('',(-0.442406809502,0.896814481878,0.));
#3057 = PLANE('',#3058);
#3058 = AXIS2_PLACEMENT_3D('',#3059,#3060,#3061);
#3059 = CARTESIAN_POINT('',(115.76682670823,91.342928071454,
    -4.368227280712E-02));
#3060 = DIRECTION('',(0.896814481878,0.442406809502,4.930104217817E-18)
  );
#3061 = DIRECTION('',(-0.442406809502,0.896814481878,0.));
#3062 = ADVANCED_FACE('',(#3063),#3080,.T.);
#3063 = FACE_BOUND('',#3064,.T.);
#3064 = EDGE_LOOP('',(#3065,#3073,#3079));
#3065 = ORIENTED_EDGE('',*,*,#3066,.T.);
#3066 = EDGE_CURVE('',#2677,#3067,#3069,.T.);
#3067 = VERTEX_POINT('',#3068);
#3068 = CARTESIAN_POINT('',(117.36199951171,93.35230255127,1.));
#3069 = LINE('',#3070,#3071);
#3070 = CARTESIAN_POINT('',(117.18299865722,93.388000488281,-1.));
#3071 = VECTOR('',#3072,1.);
#3072 = DIRECTION('',(8.913001887274E-02,-1.777509838486E-02,
    0.995861378714));
#3073 = ORIENTED_EDGE('',*,*,#3074,.T.);
#3074 = EDGE_CURVE('',#3067,#2653,#3075,.T.);
#3075 = LINE('',#3076,#3077);
#3076 = CARTESIAN_POINT('',(117.36199951171,93.35230255127,1.));
#3077 = VECTOR('',#3078,1.);
#3078 = DIRECTION('',(-0.980688240612,0.195577541464,0.));
#3079 = ORIENTED_EDGE('',*,*,#2684,.F.);
#3080 = PLANE('',#3081);
#3081 = AXIS2_PLACEMENT_3D('',#3082,#3083,#3084);
#3082 = CARTESIAN_POINT('',(117.22978665307,93.378669611435,
    4.355352662686E-02));
#3083 = DIRECTION('',(-0.195577541464,-0.980688240612,-2.46541425309E-18
    ));
#3084 = DIRECTION('',(-0.980688240612,0.195577541464,0.));
#3085 = ADVANCED_FACE('',(#3086),#3103,.T.);
#3086 = FACE_BOUND('',#3087,.T.);
#3087 = EDGE_LOOP('',(#3088,#3089,#3097));
#3088 = ORIENTED_EDGE('',*,*,#3066,.F.);
#3089 = ORIENTED_EDGE('',*,*,#3090,.T.);
#3090 = EDGE_CURVE('',#2677,#3091,#3093,.T.);
#3091 = VERTEX_POINT('',#3092);
#3092 = CARTESIAN_POINT('',(117.36199951171,93.35230255127,-1.));
#3093 = LINE('',#3094,#3095);
#3094 = CARTESIAN_POINT('',(117.18299865722,93.388000488281,-1.));
#3095 = VECTOR('',#3096,1.);
#3096 = DIRECTION('',(0.980688240612,-0.195577541464,0.));
#3097 = ORIENTED_EDGE('',*,*,#3098,.F.);
#3098 = EDGE_CURVE('',#3067,#3091,#3099,.T.);
#3099 = LINE('',#3100,#3101);
#3100 = CARTESIAN_POINT('',(117.36199951171,93.35230255127,1.));
#3101 = VECTOR('',#3102,1.);
#3102 = DIRECTION('',(0.,0.,-1.));
#3103 = PLANE('',#3104);
#3104 = AXIS2_PLACEMENT_3D('',#3105,#3106,#3107);
#3105 = CARTESIAN_POINT('',(117.31521151587,93.361633428116,
    -4.355352662686E-02));
#3106 = DIRECTION('',(-0.195577541464,-0.980688240612,-0.));
#3107 = DIRECTION('',(-0.980688240612,0.195577541464,0.));
#3108 = ADVANCED_FACE('',(#3109),#3126,.T.);
#3109 = FACE_BOUND('',#3110,.T.);
#3110 = EDGE_LOOP('',(#3111,#3119,#3125));
#3111 = ORIENTED_EDGE('',*,*,#3112,.T.);
#3112 = EDGE_CURVE('',#3091,#3113,#3115,.T.);
#3113 = VERTEX_POINT('',#3114);
#3114 = CARTESIAN_POINT('',(117.53600311279,93.293403625488,1.));
#3115 = LINE('',#3116,#3117);
#3116 = CARTESIAN_POINT('',(117.36199951171,93.35230255127,-1.));
#3117 = VECTOR('',#3118,1.);
#3118 = DIRECTION('',(8.663710748808E-02,-2.93260170039E-02,
    0.995808212626));
#3119 = ORIENTED_EDGE('',*,*,#3120,.T.);
#3120 = EDGE_CURVE('',#3113,#3067,#3121,.T.);
#3121 = LINE('',#3122,#3123);
#3122 = CARTESIAN_POINT('',(117.53600311279,93.293403625488,1.));
#3123 = VECTOR('',#3124,1.);
#3124 = DIRECTION('',(-0.947207043787,0.320622544747,0.));
#3125 = ORIENTED_EDGE('',*,*,#3098,.T.);
#3126 = PLANE('',#3127);
#3127 = AXIS2_PLACEMENT_3D('',#3128,#3129,#3130);
#3128 = CARTESIAN_POINT('',(117.407494014,93.336903000357,
    4.382072380218E-02));
#3129 = DIRECTION('',(-0.320622544747,-0.947207043787,
    -2.464662936775E-18));
#3130 = DIRECTION('',(-0.947207043787,0.320622544747,-9.629649721936E-35
    ));
#3131 = ADVANCED_FACE('',(#3132),#3149,.T.);
#3132 = FACE_BOUND('',#3133,.T.);
#3133 = EDGE_LOOP('',(#3134,#3135,#3143));
#3134 = ORIENTED_EDGE('',*,*,#3112,.F.);
#3135 = ORIENTED_EDGE('',*,*,#3136,.T.);
#3136 = EDGE_CURVE('',#3091,#3137,#3139,.T.);
#3137 = VERTEX_POINT('',#3138);
#3138 = CARTESIAN_POINT('',(117.53600311279,93.293403625488,-1.));
#3139 = LINE('',#3140,#3141);
#3140 = CARTESIAN_POINT('',(117.36199951171,93.35230255127,-1.));
#3141 = VECTOR('',#3142,1.);
#3142 = DIRECTION('',(0.947207043787,-0.320622544747,0.));
#3143 = ORIENTED_EDGE('',*,*,#3144,.T.);
#3144 = EDGE_CURVE('',#3137,#3113,#3145,.T.);
#3145 = LINE('',#3146,#3147);
#3146 = CARTESIAN_POINT('',(117.53600311279,93.293403625488,-1.));
#3147 = VECTOR('',#3148,1.);
#3148 = DIRECTION('',(0.,0.,1.));
#3149 = PLANE('',#3150);
#3150 = AXIS2_PLACEMENT_3D('',#3151,#3152,#3153);
#3151 = CARTESIAN_POINT('',(117.4905086105,93.308803176401,
    -4.382072380218E-02));
#3152 = DIRECTION('',(-0.320622544747,-0.947207043787,-0.));
#3153 = DIRECTION('',(-0.947207043787,0.320622544747,0.));
#3154 = ADVANCED_FACE('',(#3155),#3172,.T.);
#3155 = FACE_BOUND('',#3156,.T.);
#3156 = EDGE_LOOP('',(#3157,#3165,#3171));
#3157 = ORIENTED_EDGE('',*,*,#3158,.T.);
#3158 = EDGE_CURVE('',#3137,#3159,#3161,.T.);
#3159 = VERTEX_POINT('',#3160);
#3160 = CARTESIAN_POINT('',(117.69999694824,93.21240234375,1.));
#3161 = LINE('',#3162,#3163);
#3162 = CARTESIAN_POINT('',(117.53600311279,93.293403625488,-1.));
#3163 = VECTOR('',#3164,1.);
#3164 = DIRECTION('',(8.165615105449E-02,-4.033232638965E-02,
    0.995844152688));
#3165 = ORIENTED_EDGE('',*,*,#3166,.T.);
#3166 = EDGE_CURVE('',#3159,#3113,#3167,.T.);
#3167 = LINE('',#3168,#3169);
#3168 = CARTESIAN_POINT('',(117.69999694824,93.21240234375,1.));
#3169 = VECTOR('',#3170,1.);
#3170 = DIRECTION('',(-0.896593943089,0.442853588917,0.));
#3171 = ORIENTED_EDGE('',*,*,#3144,.F.);
#3172 = PLANE('',#3173);
#3173 = AXIS2_PLACEMENT_3D('',#3174,#3175,#3176);
#3174 = CARTESIAN_POINT('',(117.57887240029,93.272229248869,
    4.364030174594E-02));
#3175 = DIRECTION('',(-0.442853588917,-0.896593943089,-0.));
#3176 = DIRECTION('',(-0.896593943089,0.442853588917,0.));
#3177 = ADVANCED_FACE('',(#3178),#3195,.T.);
#3178 = FACE_BOUND('',#3179,.T.);
#3179 = EDGE_LOOP('',(#3180,#3181,#3189));
#3180 = ORIENTED_EDGE('',*,*,#3158,.F.);
#3181 = ORIENTED_EDGE('',*,*,#3182,.T.);
#3182 = EDGE_CURVE('',#3137,#3183,#3185,.T.);
#3183 = VERTEX_POINT('',#3184);
#3184 = CARTESIAN_POINT('',(117.69999694824,93.21240234375,-1.));
#3185 = LINE('',#3186,#3187);
#3186 = CARTESIAN_POINT('',(117.53600311279,93.293403625488,-1.));
#3187 = VECTOR('',#3188,1.);
#3188 = DIRECTION('',(0.896593943089,-0.442853588917,0.));
#3189 = ORIENTED_EDGE('',*,*,#3190,.T.);
#3190 = EDGE_CURVE('',#3183,#3159,#3191,.T.);
#3191 = LINE('',#3192,#3193);
#3192 = CARTESIAN_POINT('',(117.69999694824,93.21240234375,-1.));
#3193 = VECTOR('',#3194,1.);
#3194 = DIRECTION('',(0.,0.,1.));
#3195 = PLANE('',#3196);
#3196 = AXIS2_PLACEMENT_3D('',#3197,#3198,#3199);
#3197 = CARTESIAN_POINT('',(117.65712766073,93.23357672037,
    -4.364030174594E-02));
#3198 = DIRECTION('',(-0.442853588917,-0.896593943089,
    -9.860680563028E-18));
#3199 = DIRECTION('',(-0.896593943089,0.442853588917,0.));
#3200 = ADVANCED_FACE('',(#3201),#3218,.T.);
#3201 = FACE_BOUND('',#3202,.T.);
#3202 = EDGE_LOOP('',(#3203,#3211,#3217));
#3203 = ORIENTED_EDGE('',*,*,#3204,.T.);
#3204 = EDGE_CURVE('',#3183,#3205,#3207,.T.);
#3205 = VERTEX_POINT('',#3206);
#3206 = CARTESIAN_POINT('',(117.85199737548,93.110702514648,1.));
#3207 = LINE('',#3208,#3209);
#3208 = CARTESIAN_POINT('',(117.69999694824,93.21240234375,-1.));
#3209 = VECTOR('',#3210,1.);
#3210 = DIRECTION('',(7.56844452782E-02,-5.063864154788E-02,
    0.995845165036));
#3211 = ORIENTED_EDGE('',*,*,#3212,.T.);
#3212 = EDGE_CURVE('',#3205,#3159,#3213,.T.);
#3213 = LINE('',#3214,#3215);
#3214 = CARTESIAN_POINT('',(117.85199737548,93.110702514648,1.));
#3215 = VECTOR('',#3216,1.);
#3216 = DIRECTION('',(-0.831124950649,0.556085709589,0.));
#3217 = ORIENTED_EDGE('',*,*,#3190,.F.);
#3218 = PLANE('',#3219);
#3219 = AXIS2_PLACEMENT_3D('',#3220,#3221,#3222);
#3220 = CARTESIAN_POINT('',(117.73973085219,93.185817344517,
    4.363520748587E-02));
#3221 = DIRECTION('',(-0.556085709589,-0.831124950649,-0.));
#3222 = DIRECTION('',(-0.831124950649,0.556085709589,0.));
#3223 = ADVANCED_FACE('',(#3224),#3241,.T.);
#3224 = FACE_BOUND('',#3225,.T.);
#3225 = EDGE_LOOP('',(#3226,#3227,#3235));
#3226 = ORIENTED_EDGE('',*,*,#3204,.F.);
#3227 = ORIENTED_EDGE('',*,*,#3228,.T.);
#3228 = EDGE_CURVE('',#3183,#3229,#3231,.T.);
#3229 = VERTEX_POINT('',#3230);
#3230 = CARTESIAN_POINT('',(117.85199737548,93.110702514648,-1.));
#3231 = LINE('',#3232,#3233);
#3232 = CARTESIAN_POINT('',(117.69999694824,93.21240234375,-1.));
#3233 = VECTOR('',#3234,1.);
#3234 = DIRECTION('',(0.831124950649,-0.556085709589,0.));
#3235 = ORIENTED_EDGE('',*,*,#3236,.F.);
#3236 = EDGE_CURVE('',#3205,#3229,#3237,.T.);
#3237 = LINE('',#3238,#3239);
#3238 = CARTESIAN_POINT('',(117.85199737548,93.110702514648,1.));
#3239 = VECTOR('',#3240,1.);
#3240 = DIRECTION('',(0.,0.,-1.));
#3241 = PLANE('',#3242);
#3242 = AXIS2_PLACEMENT_3D('',#3243,#3244,#3245);
#3243 = CARTESIAN_POINT('',(117.81226347153,93.137287513881,
    -4.363520748587E-02));
#3244 = DIRECTION('',(-0.556085709589,-0.831124950649,-0.));
#3245 = DIRECTION('',(-0.831124950649,0.556085709589,0.));
#3246 = ADVANCED_FACE('',(#3247),#3264,.T.);
#3247 = FACE_BOUND('',#3248,.T.);
#3248 = EDGE_LOOP('',(#3249,#3257,#3263));
#3249 = ORIENTED_EDGE('',*,*,#3250,.T.);
#3250 = EDGE_CURVE('',#3229,#3251,#3253,.T.);
#3251 = VERTEX_POINT('',#3252);
#3252 = CARTESIAN_POINT('',(117.98999786377,92.98999786377,1.));
#3253 = LINE('',#3254,#3255);
#3254 = CARTESIAN_POINT('',(117.85199737548,93.110702514648,-1.));
#3255 = VECTOR('',#3256,1.);
#3256 = DIRECTION('',(6.871213908079E-02,-6.01003290799E-02,
    0.995824579124));
#3257 = ORIENTED_EDGE('',*,*,#3258,.T.);
#3258 = EDGE_CURVE('',#3251,#3205,#3259,.T.);
#3259 = LINE('',#3260,#3261);
#3260 = CARTESIAN_POINT('',(117.98999786377,92.98999786377,1.));
#3261 = VECTOR('',#3262,1.);
#3262 = DIRECTION('',(-0.752700416386,0.658363184855,0.));
#3263 = ORIENTED_EDGE('',*,*,#3236,.T.);
#3264 = PLANE('',#3265);
#3265 = AXIS2_PLACEMENT_3D('',#3266,#3267,#3268);
#3266 = CARTESIAN_POINT('',(117.88807550692,93.079146117175,
    4.373866678474E-02));
#3267 = DIRECTION('',(-0.658363184855,-0.752700416386,-0.));
#3268 = DIRECTION('',(-0.752700416386,0.658363184855,0.));
#3269 = ADVANCED_FACE('',(#3270),#3287,.T.);
#3270 = FACE_BOUND('',#3271,.T.);
#3271 = EDGE_LOOP('',(#3272,#3273,#3281));
#3272 = ORIENTED_EDGE('',*,*,#3250,.F.);
#3273 = ORIENTED_EDGE('',*,*,#3274,.T.);
#3274 = EDGE_CURVE('',#3229,#3275,#3277,.T.);
#3275 = VERTEX_POINT('',#3276);
#3276 = CARTESIAN_POINT('',(117.98999786377,92.98999786377,-1.));
#3277 = LINE('',#3278,#3279);
#3278 = CARTESIAN_POINT('',(117.85199737548,93.110702514648,-1.));
#3279 = VECTOR('',#3280,1.);
#3280 = DIRECTION('',(0.752700416386,-0.658363184855,0.));
#3281 = ORIENTED_EDGE('',*,*,#3282,.F.);
#3282 = EDGE_CURVE('',#3251,#3275,#3283,.T.);
#3283 = LINE('',#3284,#3285);
#3284 = CARTESIAN_POINT('',(117.98999786377,92.98999786377,1.));
#3285 = VECTOR('',#3286,1.);
#3286 = DIRECTION('',(0.,0.,-1.));
#3287 = PLANE('',#3288);
#3288 = AXIS2_PLACEMENT_3D('',#3289,#3290,#3291);
#3289 = CARTESIAN_POINT('',(117.95391973233,93.021554261243,
    -4.373866678474E-02));
#3290 = DIRECTION('',(-0.658363184855,-0.752700416386,-0.));
#3291 = DIRECTION('',(-0.752700416386,0.658363184855,0.));
#3292 = ADVANCED_FACE('',(#3293),#3310,.T.);
#3293 = FACE_BOUND('',#3294,.T.);
#3294 = EDGE_LOOP('',(#3295,#3303,#3304));
#3295 = ORIENTED_EDGE('',*,*,#3296,.T.);
#3296 = EDGE_CURVE('',#3297,#3251,#3299,.T.);
#3297 = VERTEX_POINT('',#3298);
#3298 = CARTESIAN_POINT('',(118.11100006103,92.85230255127,-1.));
#3299 = LINE('',#3300,#3301);
#3300 = CARTESIAN_POINT('',(118.11100006103,92.85230255127,-1.));
#3301 = VECTOR('',#3302,1.);
#3302 = DIRECTION('',(-6.024857232062E-02,6.856029213383E-02,
    0.995826087164));
#3303 = ORIENTED_EDGE('',*,*,#3282,.T.);
#3304 = ORIENTED_EDGE('',*,*,#3305,.T.);
#3305 = EDGE_CURVE('',#3275,#3297,#3306,.T.);
#3306 = LINE('',#3307,#3308);
#3307 = CARTESIAN_POINT('',(117.98999786377,92.98999786377,-1.));
#3308 = VECTOR('',#3309,1.);
#3309 = DIRECTION('',(0.660106067872,-0.751172403086,0.));
#3310 = PLANE('',#3311);
#3311 = AXIS2_PLACEMENT_3D('',#3312,#3313,#3314);
#3312 = CARTESIAN_POINT('',(118.02163179981,92.953999800858,
    -4.37310971536E-02));
#3313 = DIRECTION('',(-0.751172403086,-0.660106067872,-0.));
#3314 = DIRECTION('',(0.660106067872,-0.751172403086,0.));
#3315 = ADVANCED_FACE('',(#3316),#3333,.T.);
#3316 = FACE_BOUND('',#3317,.T.);
#3317 = EDGE_LOOP('',(#3318,#3319,#3327));
#3318 = ORIENTED_EDGE('',*,*,#3296,.F.);
#3319 = ORIENTED_EDGE('',*,*,#3320,.F.);
#3320 = EDGE_CURVE('',#3321,#3297,#3323,.T.);
#3321 = VERTEX_POINT('',#3322);
#3322 = CARTESIAN_POINT('',(118.11100006103,92.85230255127,1.));
#3323 = LINE('',#3324,#3325);
#3324 = CARTESIAN_POINT('',(118.11100006103,92.85230255127,1.));
#3325 = VECTOR('',#3326,1.);
#3326 = DIRECTION('',(0.,0.,-1.));
#3327 = ORIENTED_EDGE('',*,*,#3328,.T.);
#3328 = EDGE_CURVE('',#3321,#3251,#3329,.T.);
#3329 = LINE('',#3330,#3331);
#3330 = CARTESIAN_POINT('',(118.11100006103,92.85230255127,1.));
#3331 = VECTOR('',#3332,1.);
#3332 = DIRECTION('',(-0.660106067872,0.751172403086,0.));
#3333 = PLANE('',#3334);
#3334 = AXIS2_PLACEMENT_3D('',#3335,#3336,#3337);
#3335 = CARTESIAN_POINT('',(118.07936612498,92.888300614181,
    4.37310971536E-02));
#3336 = DIRECTION('',(-0.751172403086,-0.660106067872,9.859659346011E-18
    ));
#3337 = DIRECTION('',(0.660106067872,-0.751172403086,-7.703719777549E-34
    ));
#3338 = ADVANCED_FACE('',(#3339),#3356,.T.);
#3339 = FACE_BOUND('',#3340,.T.);
#3340 = EDGE_LOOP('',(#3341,#3349,#3350));
#3341 = ORIENTED_EDGE('',*,*,#3342,.T.);
#3342 = EDGE_CURVE('',#3343,#3321,#3345,.T.);
#3343 = VERTEX_POINT('',#3344);
#3344 = CARTESIAN_POINT('',(118.21199798584,92.699996948242,-1.));
#3345 = LINE('',#3346,#3347);
#3346 = CARTESIAN_POINT('',(118.21199798584,92.699996948242,-1.));
#3347 = VECTOR('',#3348,1.);
#3348 = DIRECTION('',(-5.028945555827E-02,7.583686367349E-02,
    0.99585126438));
#3349 = ORIENTED_EDGE('',*,*,#3320,.T.);
#3350 = ORIENTED_EDGE('',*,*,#3351,.T.);
#3351 = EDGE_CURVE('',#3297,#3343,#3352,.T.);
#3352 = LINE('',#3353,#3354);
#3353 = CARTESIAN_POINT('',(118.11100006103,92.85230255127,-1.));
#3354 = VECTOR('',#3355,1.);
#3355 = DIRECTION('',(0.552656098938,-0.833409404978,0.));
#3356 = PLANE('',#3357);
#3357 = AXIS2_PLACEMENT_3D('',#3358,#3359,#3360);
#3358 = CARTESIAN_POINT('',(118.13740073023,92.812490150666,
    -4.360450061307E-02));
#3359 = DIRECTION('',(-0.833409404978,-0.552656098938,1.479162505052E-17
    ));
#3360 = DIRECTION('',(0.552656098938,-0.833409404978,0.));
#3361 = ADVANCED_FACE('',(#3362),#3379,.T.);
#3362 = FACE_BOUND('',#3363,.T.);
#3363 = EDGE_LOOP('',(#3364,#3365,#3373));
#3364 = ORIENTED_EDGE('',*,*,#3342,.F.);
#3365 = ORIENTED_EDGE('',*,*,#3366,.F.);
#3366 = EDGE_CURVE('',#3367,#3343,#3369,.T.);
#3367 = VERTEX_POINT('',#3368);
#3368 = CARTESIAN_POINT('',(118.21199798584,92.699996948242,1.));
#3369 = LINE('',#3370,#3371);
#3370 = CARTESIAN_POINT('',(118.21199798584,92.699996948242,1.));
#3371 = VECTOR('',#3372,1.);
#3372 = DIRECTION('',(0.,0.,-1.));
#3373 = ORIENTED_EDGE('',*,*,#3374,.T.);
#3374 = EDGE_CURVE('',#3367,#3321,#3375,.T.);
#3375 = LINE('',#3376,#3377);
#3376 = CARTESIAN_POINT('',(118.21199798584,92.699996948242,1.));
#3377 = VECTOR('',#3378,1.);
#3378 = DIRECTION('',(-0.552656098938,0.833409404978,0.));
#3379 = PLANE('',#3380);
#3380 = AXIS2_PLACEMENT_3D('',#3381,#3382,#3383);
#3381 = CARTESIAN_POINT('',(118.18559731664,92.739809348846,
    4.360450061307E-02));
#3382 = DIRECTION('',(-0.833409404978,-0.552656098938,1.479162505052E-17
    ));
#3383 = DIRECTION('',(0.552656098938,-0.833409404978,0.));
#3384 = ADVANCED_FACE('',(#3385),#3402,.T.);
#3385 = FACE_BOUND('',#3386,.T.);
#3386 = EDGE_LOOP('',(#3387,#3395,#3396));
#3387 = ORIENTED_EDGE('',*,*,#3388,.T.);
#3388 = EDGE_CURVE('',#3389,#3367,#3391,.T.);
#3389 = VERTEX_POINT('',#3390);
#3390 = CARTESIAN_POINT('',(118.29299926757,92.535797119141,-1.));
#3391 = LINE('',#3392,#3393);
#3392 = CARTESIAN_POINT('',(118.29299926757,92.535797119141,-1.));
#3393 = VECTOR('',#3394,1.);
#3394 = DIRECTION('',(-4.033198838349E-02,8.175803466041E-02,
    0.995835806989));
#3395 = ORIENTED_EDGE('',*,*,#3366,.T.);
#3396 = ORIENTED_EDGE('',*,*,#3397,.T.);
#3397 = EDGE_CURVE('',#3343,#3389,#3398,.T.);
#3398 = LINE('',#3399,#3400);
#3399 = CARTESIAN_POINT('',(118.21199798584,92.699996948242,-1.));
#3400 = VECTOR('',#3401,1.);
#3401 = DIRECTION('',(0.442406809502,-0.896814481878,0.));
#3402 = PLANE('',#3403);
#3403 = AXIS2_PLACEMENT_3D('',#3404,#3405,#3406);
#3404 = CARTESIAN_POINT('',(118.23317329176,92.657071928546,
    -4.368227280712E-02));
#3405 = DIRECTION('',(-0.896814481878,-0.442406809502,4.930104217817E-18
    ));
#3406 = DIRECTION('',(0.442406809502,-0.896814481878,0.));
#3407 = ADVANCED_FACE('',(#3408),#3425,.T.);
#3408 = FACE_BOUND('',#3409,.T.);
#3409 = EDGE_LOOP('',(#3410,#3411,#3419));
#3410 = ORIENTED_EDGE('',*,*,#3388,.F.);
#3411 = ORIENTED_EDGE('',*,*,#3412,.F.);
#3412 = EDGE_CURVE('',#3413,#3389,#3415,.T.);
#3413 = VERTEX_POINT('',#3414);
#3414 = CARTESIAN_POINT('',(118.29299926757,92.535797119141,1.));
#3415 = LINE('',#3416,#3417);
#3416 = CARTESIAN_POINT('',(118.29299926757,92.535797119141,1.));
#3417 = VECTOR('',#3418,1.);
#3418 = DIRECTION('',(0.,0.,-1.));
#3419 = ORIENTED_EDGE('',*,*,#3420,.T.);
#3420 = EDGE_CURVE('',#3413,#3367,#3421,.T.);
#3421 = LINE('',#3422,#3423);
#3422 = CARTESIAN_POINT('',(118.29299926757,92.535797119141,1.));
#3423 = VECTOR('',#3424,1.);
#3424 = DIRECTION('',(-0.442406809502,0.896814481878,0.));
#3425 = PLANE('',#3426);
#3426 = AXIS2_PLACEMENT_3D('',#3427,#3428,#3429);
#3427 = CARTESIAN_POINT('',(118.27182396165,92.578722138837,
    4.368227280712E-02));
#3428 = DIRECTION('',(-0.896814481878,-0.442406809502,4.930104217817E-18
    ));
#3429 = DIRECTION('',(0.442406809502,-0.896814481878,0.));
#3430 = ADVANCED_FACE('',(#3431),#3448,.T.);
#3431 = FACE_BOUND('',#3432,.T.);
#3432 = EDGE_LOOP('',(#3433,#3441,#3442));
#3433 = ORIENTED_EDGE('',*,*,#3434,.T.);
#3434 = EDGE_CURVE('',#3435,#3413,#3437,.T.);
#3435 = VERTEX_POINT('',#3436);
#3436 = CARTESIAN_POINT('',(118.35199737548,92.362396240234,-1.));
#3437 = LINE('',#3438,#3439);
#3438 = CARTESIAN_POINT('',(118.35199737548,92.362396240234,-1.));
#3439 = VECTOR('',#3440,1.);
#3440 = DIRECTION('',(-2.937612006815E-02,8.633912542466E-02,
    0.99583261595));
#3441 = ORIENTED_EDGE('',*,*,#3412,.T.);
#3442 = ORIENTED_EDGE('',*,*,#3443,.T.);
#3443 = EDGE_CURVE('',#3389,#3435,#3444,.T.);
#3444 = LINE('',#3445,#3446);
#3445 = CARTESIAN_POINT('',(118.29299926757,92.535797119141,-1.));
#3446 = VECTOR('',#3447,1.);
#3447 = DIRECTION('',(0.322107334686,-0.946703155663,0.));
#3448 = PLANE('',#3449);
#3449 = AXIS2_PLACEMENT_3D('',#3450,#3451,#3452);
#3450 = CARTESIAN_POINT('',(118.30842277577,92.490466006457,
    -4.369830872761E-02));
#3451 = DIRECTION('',(-0.946703155663,-0.322107334686,2.465007019172E-18
    ));
#3452 = DIRECTION('',(0.322107334686,-0.946703155663,0.));
#3453 = ADVANCED_FACE('',(#3454),#3471,.T.);
#3454 = FACE_BOUND('',#3455,.T.);
#3455 = EDGE_LOOP('',(#3456,#3457,#3465));
#3456 = ORIENTED_EDGE('',*,*,#3434,.F.);
#3457 = ORIENTED_EDGE('',*,*,#3458,.F.);
#3458 = EDGE_CURVE('',#3459,#3435,#3461,.T.);
#3459 = VERTEX_POINT('',#3460);
#3460 = CARTESIAN_POINT('',(118.35199737548,92.362396240234,1.));
#3461 = LINE('',#3462,#3463);
#3462 = CARTESIAN_POINT('',(118.35199737548,92.362396240234,1.));
#3463 = VECTOR('',#3464,1.);
#3464 = DIRECTION('',(0.,0.,-1.));
#3465 = ORIENTED_EDGE('',*,*,#3466,.T.);
#3466 = EDGE_CURVE('',#3459,#3413,#3467,.T.);
#3467 = LINE('',#3468,#3469);
#3468 = CARTESIAN_POINT('',(118.35199737548,92.362396240234,1.));
#3469 = VECTOR('',#3470,1.);
#3470 = DIRECTION('',(-0.322107334686,0.946703155663,0.));
#3471 = PLANE('',#3472);
#3472 = AXIS2_PLACEMENT_3D('',#3473,#3474,#3475);
#3473 = CARTESIAN_POINT('',(118.33657386728,92.407727352918,
    4.369830872761E-02));
#3474 = DIRECTION('',(-0.946703155663,-0.322107334686,7.395021057515E-18
    ));
#3475 = DIRECTION('',(0.322107334686,-0.946703155663,0.));
#3476 = ADVANCED_FACE('',(#3477),#3494,.T.);
#3477 = FACE_BOUND('',#3478,.T.);
#3478 = EDGE_LOOP('',(#3479,#3487,#3488));
#3479 = ORIENTED_EDGE('',*,*,#3480,.T.);
#3480 = EDGE_CURVE('',#3481,#3459,#3483,.T.);
#3481 = VERTEX_POINT('',#3482);
#3482 = CARTESIAN_POINT('',(118.38800048828,92.18270111084,-1.));
#3483 = LINE('',#3484,#3485);
#3484 = CARTESIAN_POINT('',(118.38800048828,92.18270111084,-1.));
#3485 = VECTOR('',#3486,1.);
#3486 = DIRECTION('',(-1.792645272834E-02,8.947271479351E-02,
    0.995827934736));
#3487 = ORIENTED_EDGE('',*,*,#3458,.T.);
#3488 = ORIENTED_EDGE('',*,*,#3489,.T.);
#3489 = EDGE_CURVE('',#3435,#3481,#3490,.T.);
#3490 = LINE('',#3491,#3492);
#3491 = CARTESIAN_POINT('',(118.35199737548,92.362396240234,-1.));
#3492 = VECTOR('',#3493,1.);
#3493 = DIRECTION('',(0.196452366595,-0.980513369444,0.));
#3494 = PLANE('',#3495);
#3495 = AXIS2_PLACEMENT_3D('',#3496,#3497,#3498);
#3496 = CARTESIAN_POINT('',(118.36140967663,92.315418505779,
    -4.37218212188E-02));
#3497 = DIRECTION('',(-0.980513369444,-0.196452366595,
    -2.464940913637E-18));
#3498 = DIRECTION('',(0.196452366595,-0.980513369444,-9.629649721936E-35
    ));
#3499 = ADVANCED_FACE('',(#3500),#3517,.T.);
#3500 = FACE_BOUND('',#3501,.T.);
#3501 = EDGE_LOOP('',(#3502,#3503,#3511));
#3502 = ORIENTED_EDGE('',*,*,#3480,.F.);
#3503 = ORIENTED_EDGE('',*,*,#3504,.T.);
#3504 = EDGE_CURVE('',#3481,#3505,#3507,.T.);
#3505 = VERTEX_POINT('',#3506);
#3506 = CARTESIAN_POINT('',(118.38800048828,92.18270111084,1.));
#3507 = LINE('',#3508,#3509);
#3508 = CARTESIAN_POINT('',(118.38800048828,92.18270111084,-1.));
#3509 = VECTOR('',#3510,1.);
#3510 = DIRECTION('',(0.,0.,1.));
#3511 = ORIENTED_EDGE('',*,*,#3512,.T.);
#3512 = EDGE_CURVE('',#3505,#3459,#3513,.T.);
#3513 = LINE('',#3514,#3515);
#3514 = CARTESIAN_POINT('',(118.38800048828,92.18270111084,1.));
#3515 = VECTOR('',#3516,1.);
#3516 = DIRECTION('',(-0.196452366595,0.980513369444,0.));
#3517 = PLANE('',#3518);
#3518 = AXIS2_PLACEMENT_3D('',#3519,#3520,#3521);
#3519 = CARTESIAN_POINT('',(118.37858818713,92.229678845296,
    4.37218212188E-02));
#3520 = DIRECTION('',(-0.980513369444,-0.196452366595,
    -2.464940913637E-18));
#3521 = DIRECTION('',(0.196452366595,-0.980513369444,-9.629649721936E-35
    ));
#3522 = ADVANCED_FACE('',(#3523),#3540,.T.);
#3523 = FACE_BOUND('',#3524,.T.);
#3524 = EDGE_LOOP('',(#3525,#3533,#3534));
#3525 = ORIENTED_EDGE('',*,*,#3526,.T.);
#3526 = EDGE_CURVE('',#3527,#3505,#3529,.T.);
#3527 = VERTEX_POINT('',#3528);
#3528 = CARTESIAN_POINT('',(118.40000152587,92.,-1.));
#3529 = LINE('',#3530,#3531);
#3530 = CARTESIAN_POINT('',(118.40000152587,92.,-1.));
#3531 = VECTOR('',#3532,1.);
#3532 = DIRECTION('',(-5.975530792031E-03,9.097014359617E-02,
    0.995835692274));
#3533 = ORIENTED_EDGE('',*,*,#3504,.F.);
#3534 = ORIENTED_EDGE('',*,*,#3535,.T.);
#3535 = EDGE_CURVE('',#3481,#3527,#3536,.T.);
#3536 = LINE('',#3537,#3538);
#3537 = CARTESIAN_POINT('',(118.38800048828,92.18270111084,-1.));
#3538 = VECTOR('',#3539,1.);
#3539 = DIRECTION('',(6.554547103166E-02,-0.997849583468,0.));
#3540 = PLANE('',#3541);
#3541 = AXIS2_PLACEMENT_3D('',#3542,#3543,#3544);
#3542 = CARTESIAN_POINT('',(118.39113779414,92.1349394685,
    -4.368284940197E-02));
#3543 = DIRECTION('',(-0.997849583468,-6.554547103166E-02,
    -1.969114446327E-18));
#3544 = DIRECTION('',(6.554547103166E-02,-0.997849583468,
    2.407412430484E-35));
#3545 = ADVANCED_FACE('',(#3546),#3563,.T.);
#3546 = FACE_BOUND('',#3547,.T.);
#3547 = EDGE_LOOP('',(#3548,#3549,#3557));
#3548 = ORIENTED_EDGE('',*,*,#3526,.F.);
#3549 = ORIENTED_EDGE('',*,*,#3550,.T.);
#3550 = EDGE_CURVE('',#3527,#3551,#3553,.T.);
#3551 = VERTEX_POINT('',#3552);
#3552 = CARTESIAN_POINT('',(118.40000152587,92.,1.));
#3553 = LINE('',#3554,#3555);
#3554 = CARTESIAN_POINT('',(118.40000152587,92.,-1.));
#3555 = VECTOR('',#3556,1.);
#3556 = DIRECTION('',(0.,0.,1.));
#3557 = ORIENTED_EDGE('',*,*,#3558,.T.);
#3558 = EDGE_CURVE('',#3551,#3505,#3559,.T.);
#3559 = LINE('',#3560,#3561);
#3560 = CARTESIAN_POINT('',(118.40000152587,92.,1.));
#3561 = VECTOR('',#3562,1.);
#3562 = DIRECTION('',(-6.554547103166E-02,0.997849583468,0.));
#3563 = PLANE('',#3564);
#3564 = AXIS2_PLACEMENT_3D('',#3565,#3566,#3567);
#3565 = CARTESIAN_POINT('',(118.39686422002,92.047761642339,
    4.368284940197E-02));
#3566 = DIRECTION('',(-0.997849583468,-6.554547103166E-02,
    -1.969114446327E-18));
#3567 = DIRECTION('',(6.554547103166E-02,-0.997849583468,
    2.407412430484E-35));
#3568 = ADVANCED_FACE('',(#3569),#3586,.T.);
#3569 = FACE_BOUND('',#3570,.T.);
#3570 = EDGE_LOOP('',(#3571,#3579,#3580));
#3571 = ORIENTED_EDGE('',*,*,#3572,.T.);
#3572 = EDGE_CURVE('',#3573,#3551,#3575,.T.);
#3573 = VERTEX_POINT('',#3574);
#3574 = CARTESIAN_POINT('',(118.38800048828,91.81729888916,-1.));
#3575 = LINE('',#3576,#3577);
#3576 = CARTESIAN_POINT('',(118.38800048828,91.81729888916,-1.));
#3577 = VECTOR('',#3578,1.);
#3578 = DIRECTION('',(5.975530792031E-03,9.097014359617E-02,
    0.995835692274));
#3579 = ORIENTED_EDGE('',*,*,#3550,.F.);
#3580 = ORIENTED_EDGE('',*,*,#3581,.T.);
#3581 = EDGE_CURVE('',#3527,#3573,#3582,.T.);
#3582 = LINE('',#3583,#3584);
#3583 = CARTESIAN_POINT('',(118.40000152587,92.,-1.));
#3584 = VECTOR('',#3585,1.);
#3585 = DIRECTION('',(-6.554547103166E-02,-0.997849583468,0.));
#3586 = PLANE('',#3587);
#3587 = AXIS2_PLACEMENT_3D('',#3588,#3589,#3590);
#3588 = CARTESIAN_POINT('',(118.39686422002,91.95223835766,
    -4.368284940197E-02));
#3589 = DIRECTION('',(-0.997849583468,6.554547103166E-02,
    6.731541404259E-19));
#3590 = DIRECTION('',(-6.554547103166E-02,-0.997849583468,0.));
#3591 = ADVANCED_FACE('',(#3592),#3609,.T.);
#3592 = FACE_BOUND('',#3593,.T.);
#3593 = EDGE_LOOP('',(#3594,#3595,#3603));
#3594 = ORIENTED_EDGE('',*,*,#3572,.F.);
#3595 = ORIENTED_EDGE('',*,*,#3596,.T.);
#3596 = EDGE_CURVE('',#3573,#3597,#3599,.T.);
#3597 = VERTEX_POINT('',#3598);
#3598 = CARTESIAN_POINT('',(118.38800048828,91.81729888916,1.));
#3599 = LINE('',#3600,#3601);
#3600 = CARTESIAN_POINT('',(118.38800048828,91.81729888916,-1.));
#3601 = VECTOR('',#3602,1.);
#3602 = DIRECTION('',(0.,0.,1.));
#3603 = ORIENTED_EDGE('',*,*,#3604,.T.);
#3604 = EDGE_CURVE('',#3597,#3551,#3605,.T.);
#3605 = LINE('',#3606,#3607);
#3606 = CARTESIAN_POINT('',(118.38800048828,91.81729888916,1.));
#3607 = VECTOR('',#3608,1.);
#3608 = DIRECTION('',(6.554547103166E-02,0.997849583468,0.));
#3609 = PLANE('',#3610);
#3610 = AXIS2_PLACEMENT_3D('',#3611,#3612,#3613);
#3611 = CARTESIAN_POINT('',(118.39113779414,91.8650605315,
    4.368284940197E-02));
#3612 = DIRECTION('',(-0.997849583468,6.554547103166E-02,
    6.731541404259E-19));
#3613 = DIRECTION('',(-6.554547103166E-02,-0.997849583468,0.));
#3614 = ADVANCED_FACE('',(#3615),#3632,.T.);
#3615 = FACE_BOUND('',#3616,.T.);
#3616 = EDGE_LOOP('',(#3617,#3625,#3626));
#3617 = ORIENTED_EDGE('',*,*,#3618,.T.);
#3618 = EDGE_CURVE('',#3619,#3597,#3621,.T.);
#3619 = VERTEX_POINT('',#3620);
#3620 = CARTESIAN_POINT('',(118.35199737548,91.637603759766,-1.));
#3621 = LINE('',#3622,#3623);
#3622 = CARTESIAN_POINT('',(118.35199737548,91.637603759766,-1.));
#3623 = VECTOR('',#3624,1.);
#3624 = DIRECTION('',(1.792645272834E-02,8.947271479351E-02,
    0.995827934736));
#3625 = ORIENTED_EDGE('',*,*,#3596,.F.);
#3626 = ORIENTED_EDGE('',*,*,#3627,.T.);
#3627 = EDGE_CURVE('',#3573,#3619,#3628,.T.);
#3628 = LINE('',#3629,#3630);
#3629 = CARTESIAN_POINT('',(118.38800048828,91.81729888916,-1.));
#3630 = VECTOR('',#3631,1.);
#3631 = DIRECTION('',(-0.196452366595,-0.980513369444,0.));
#3632 = PLANE('',#3633);
#3633 = AXIS2_PLACEMENT_3D('',#3634,#3635,#3636);
#3634 = CARTESIAN_POINT('',(118.37858818713,91.770321154704,
    -4.37218212188E-02));
#3635 = DIRECTION('',(-0.980513369444,0.196452366595,2.464940913637E-18)
  );
#3636 = DIRECTION('',(-0.196452366595,-0.980513369444,
    -9.629649721936E-35));
#3637 = ADVANCED_FACE('',(#3638),#3655,.T.);
#3638 = FACE_BOUND('',#3639,.T.);
#3639 = EDGE_LOOP('',(#3640,#3641,#3649));
#3640 = ORIENTED_EDGE('',*,*,#3618,.F.);
#3641 = ORIENTED_EDGE('',*,*,#3642,.T.);
#3642 = EDGE_CURVE('',#3619,#3643,#3645,.T.);
#3643 = VERTEX_POINT('',#3644);
#3644 = CARTESIAN_POINT('',(118.35199737548,91.637603759766,1.));
#3645 = LINE('',#3646,#3647);
#3646 = CARTESIAN_POINT('',(118.35199737548,91.637603759766,-1.));
#3647 = VECTOR('',#3648,1.);
#3648 = DIRECTION('',(0.,0.,1.));
#3649 = ORIENTED_EDGE('',*,*,#3650,.T.);
#3650 = EDGE_CURVE('',#3643,#3597,#3651,.T.);
#3651 = LINE('',#3652,#3653);
#3652 = CARTESIAN_POINT('',(118.35199737548,91.637603759766,1.));
#3653 = VECTOR('',#3654,1.);
#3654 = DIRECTION('',(0.196452366595,0.980513369444,0.));
#3655 = PLANE('',#3656);
#3656 = AXIS2_PLACEMENT_3D('',#3657,#3658,#3659);
#3657 = CARTESIAN_POINT('',(118.36140967663,91.684581494221,
    4.37218212188E-02));
#3658 = DIRECTION('',(-0.980513369444,0.196452366595,2.464940913637E-18)
  );
#3659 = DIRECTION('',(-0.196452366595,-0.980513369444,
    -9.629649721936E-35));
#3660 = ADVANCED_FACE('',(#3661),#3678,.T.);
#3661 = FACE_BOUND('',#3662,.T.);
#3662 = EDGE_LOOP('',(#3663,#3671,#3672));
#3663 = ORIENTED_EDGE('',*,*,#3664,.T.);
#3664 = EDGE_CURVE('',#3665,#3643,#3667,.T.);
#3665 = VERTEX_POINT('',#3666);
#3666 = CARTESIAN_POINT('',(118.29299926757,91.464202880859,-1.));
#3667 = LINE('',#3668,#3669);
#3668 = CARTESIAN_POINT('',(118.29299926757,91.464202880859,-1.));
#3669 = VECTOR('',#3670,1.);
#3670 = DIRECTION('',(2.937612006815E-02,8.633912542466E-02,
    0.99583261595));
#3671 = ORIENTED_EDGE('',*,*,#3642,.F.);
#3672 = ORIENTED_EDGE('',*,*,#3673,.T.);
#3673 = EDGE_CURVE('',#3619,#3665,#3674,.T.);
#3674 = LINE('',#3675,#3676);
#3675 = CARTESIAN_POINT('',(118.35199737548,91.637603759766,-1.));
#3676 = VECTOR('',#3677,1.);
#3677 = DIRECTION('',(-0.322107334686,-0.946703155663,0.));
#3678 = PLANE('',#3679);
#3679 = AXIS2_PLACEMENT_3D('',#3680,#3681,#3682);
#3680 = CARTESIAN_POINT('',(118.33657386728,91.592272647082,
    -4.369830872761E-02));
#3681 = DIRECTION('',(-0.946703155663,0.322107334686,-9.860028076686E-18
    ));
#3682 = DIRECTION('',(-0.322107334686,-0.946703155663,0.));
#3683 = ADVANCED_FACE('',(#3684),#3699,.T.);
#3684 = FACE_BOUND('',#3685,.T.);
#3685 = EDGE_LOOP('',(#3686,#3687,#3693));
#3686 = ORIENTED_EDGE('',*,*,#3664,.F.);
#3687 = ORIENTED_EDGE('',*,*,#3688,.F.);
#3688 = EDGE_CURVE('',#2230,#3665,#3689,.T.);
#3689 = LINE('',#3690,#3691);
#3690 = CARTESIAN_POINT('',(118.29299926757,91.464202880859,1.));
#3691 = VECTOR('',#3692,1.);
#3692 = DIRECTION('',(0.,0.,-1.));
#3693 = ORIENTED_EDGE('',*,*,#3694,.T.);
#3694 = EDGE_CURVE('',#2230,#3643,#3695,.T.);
#3695 = LINE('',#3696,#3697);
#3696 = CARTESIAN_POINT('',(118.29299926757,91.464202880859,1.));
#3697 = VECTOR('',#3698,1.);
#3698 = DIRECTION('',(0.322107334686,0.946703155663,0.));
#3699 = PLANE('',#3700);
#3700 = AXIS2_PLACEMENT_3D('',#3701,#3702,#3703);
#3701 = CARTESIAN_POINT('',(118.30842277577,91.509533993543,
    4.369830872761E-02));
#3702 = DIRECTION('',(-0.946703155663,0.322107334686,-2.465007019172E-18
    ));
#3703 = DIRECTION('',(-0.322107334686,-0.946703155663,9.629649721936E-35
    ));
#3704 = ADVANCED_FACE('',(#3705),#3722,.T.);
#3705 = FACE_BOUND('',#3706,.T.);
#3706 = EDGE_LOOP('',(#3707,#3715,#3716));
#3707 = ORIENTED_EDGE('',*,*,#3708,.T.);
#3708 = EDGE_CURVE('',#3709,#2230,#3711,.T.);
#3709 = VERTEX_POINT('',#3710);
#3710 = CARTESIAN_POINT('',(118.21199798584,91.300003051758,-1.));
#3711 = LINE('',#3712,#3713);
#3712 = CARTESIAN_POINT('',(118.21199798584,91.300003051758,-1.));
#3713 = VECTOR('',#3714,1.);
#3714 = DIRECTION('',(4.033198838349E-02,8.175803466041E-02,
    0.995835806989));
#3715 = ORIENTED_EDGE('',*,*,#3688,.T.);
#3716 = ORIENTED_EDGE('',*,*,#3717,.T.);
#3717 = EDGE_CURVE('',#3665,#3709,#3718,.T.);
#3718 = LINE('',#3719,#3720);
#3719 = CARTESIAN_POINT('',(118.29299926757,91.464202880859,-1.));
#3720 = VECTOR('',#3721,1.);
#3721 = DIRECTION('',(-0.442406809502,-0.896814481878,0.));
#3722 = PLANE('',#3723);
#3723 = AXIS2_PLACEMENT_3D('',#3724,#3725,#3726);
#3724 = CARTESIAN_POINT('',(118.27182396165,91.421277861163,
    -4.368227280712E-02));
#3725 = DIRECTION('',(-0.896814481878,0.442406809502,-0.));
#3726 = DIRECTION('',(-0.442406809502,-0.896814481878,0.));
#3727 = ADVANCED_FACE('',(#3728),#3738,.T.);
#3728 = FACE_BOUND('',#3729,.T.);
#3729 = EDGE_LOOP('',(#3730,#3731,#3737));
#3730 = ORIENTED_EDGE('',*,*,#3708,.F.);
#3731 = ORIENTED_EDGE('',*,*,#3732,.T.);
#3732 = EDGE_CURVE('',#3709,#2253,#3733,.T.);
#3733 = LINE('',#3734,#3735);
#3734 = CARTESIAN_POINT('',(118.21199798584,91.300003051758,-1.));
#3735 = VECTOR('',#3736,1.);
#3736 = DIRECTION('',(0.,0.,1.));
#3737 = ORIENTED_EDGE('',*,*,#2261,.T.);
#3738 = PLANE('',#3739);
#3739 = AXIS2_PLACEMENT_3D('',#3740,#3741,#3742);
#3740 = CARTESIAN_POINT('',(118.23317329176,91.342928071454,
    4.368227280712E-02));
#3741 = DIRECTION('',(-0.896814481878,0.442406809502,-4.930104217817E-18
    ));
#3742 = DIRECTION('',(-0.442406809502,-0.896814481878,0.));
#3743 = ADVANCED_FACE('',(#3744),#3761,.T.);
#3744 = FACE_BOUND('',#3745,.T.);
#3745 = EDGE_LOOP('',(#3746,#3754,#3755));
#3746 = ORIENTED_EDGE('',*,*,#3747,.T.);
#3747 = EDGE_CURVE('',#3748,#2253,#3750,.T.);
#3748 = VERTEX_POINT('',#3749);
#3749 = CARTESIAN_POINT('',(118.11100006103,91.14769744873,-1.));
#3750 = LINE('',#3751,#3752);
#3751 = CARTESIAN_POINT('',(118.11100006103,91.14769744873,-1.));
#3752 = VECTOR('',#3753,1.);
#3753 = DIRECTION('',(5.028945555827E-02,7.583686367349E-02,
    0.99585126438));
#3754 = ORIENTED_EDGE('',*,*,#3732,.F.);
#3755 = ORIENTED_EDGE('',*,*,#3756,.T.);
#3756 = EDGE_CURVE('',#3709,#3748,#3757,.T.);
#3757 = LINE('',#3758,#3759);
#3758 = CARTESIAN_POINT('',(118.21199798584,91.300003051758,-1.));
#3759 = VECTOR('',#3760,1.);
#3760 = DIRECTION('',(-0.552656098938,-0.833409404978,0.));
#3761 = PLANE('',#3762);
#3762 = AXIS2_PLACEMENT_3D('',#3763,#3764,#3765);
#3763 = CARTESIAN_POINT('',(118.18559731664,91.260190651154,
    -4.360450061307E-02));
#3764 = DIRECTION('',(-0.833409404978,0.552656098938,-0.));
#3765 = DIRECTION('',(-0.552656098938,-0.833409404978,0.));
#3766 = ADVANCED_FACE('',(#3767),#3784,.T.);
#3767 = FACE_BOUND('',#3768,.T.);
#3768 = EDGE_LOOP('',(#3769,#3770,#3778));
#3769 = ORIENTED_EDGE('',*,*,#3747,.F.);
#3770 = ORIENTED_EDGE('',*,*,#3771,.F.);
#3771 = EDGE_CURVE('',#3772,#3748,#3774,.T.);
#3772 = VERTEX_POINT('',#3773);
#3773 = CARTESIAN_POINT('',(118.11100006103,91.14769744873,1.));
#3774 = LINE('',#3775,#3776);
#3775 = CARTESIAN_POINT('',(118.11100006103,91.14769744873,1.));
#3776 = VECTOR('',#3777,1.);
#3777 = DIRECTION('',(0.,0.,-1.));
#3778 = ORIENTED_EDGE('',*,*,#3779,.T.);
#3779 = EDGE_CURVE('',#3772,#2253,#3780,.T.);
#3780 = LINE('',#3781,#3782);
#3781 = CARTESIAN_POINT('',(118.11100006103,91.14769744873,1.));
#3782 = VECTOR('',#3783,1.);
#3783 = DIRECTION('',(0.552656098938,0.833409404978,0.));
#3784 = PLANE('',#3785);
#3785 = AXIS2_PLACEMENT_3D('',#3786,#3787,#3788);
#3786 = CARTESIAN_POINT('',(118.13740073023,91.187509849334,
    4.360450061307E-02));
#3787 = DIRECTION('',(-0.833409404978,0.552656098938,-0.));
#3788 = DIRECTION('',(-0.552656098938,-0.833409404978,0.));
#3789 = ADVANCED_FACE('',(#3790),#3807,.T.);
#3790 = FACE_BOUND('',#3791,.T.);
#3791 = EDGE_LOOP('',(#3792,#3800,#3801));
#3792 = ORIENTED_EDGE('',*,*,#3793,.T.);
#3793 = EDGE_CURVE('',#3794,#3772,#3796,.T.);
#3794 = VERTEX_POINT('',#3795);
#3795 = CARTESIAN_POINT('',(117.98999786377,91.01000213623,-1.));
#3796 = LINE('',#3797,#3798);
#3797 = CARTESIAN_POINT('',(117.98999786377,91.01000213623,-1.));
#3798 = VECTOR('',#3799,1.);
#3799 = DIRECTION('',(6.024857232062E-02,6.856029213383E-02,
    0.995826087164));
#3800 = ORIENTED_EDGE('',*,*,#3771,.T.);
#3801 = ORIENTED_EDGE('',*,*,#3802,.T.);
#3802 = EDGE_CURVE('',#3748,#3794,#3803,.T.);
#3803 = LINE('',#3804,#3805);
#3804 = CARTESIAN_POINT('',(118.11100006103,91.14769744873,-1.));
#3805 = VECTOR('',#3806,1.);
#3806 = DIRECTION('',(-0.660106067872,-0.751172403086,0.));
#3807 = PLANE('',#3808);
#3808 = AXIS2_PLACEMENT_3D('',#3809,#3810,#3811);
#3809 = CARTESIAN_POINT('',(118.07936612498,91.111699385819,
    -4.37310971536E-02));
#3810 = DIRECTION('',(-0.751172403086,0.660106067872,9.859659346011E-18)
  );
#3811 = DIRECTION('',(-0.660106067872,-0.751172403086,
    -7.703719777549E-34));
#3812 = ADVANCED_FACE('',(#3813),#3830,.T.);
#3813 = FACE_BOUND('',#3814,.T.);
#3814 = EDGE_LOOP('',(#3815,#3816,#3824));
#3815 = ORIENTED_EDGE('',*,*,#3793,.F.);
#3816 = ORIENTED_EDGE('',*,*,#3817,.F.);
#3817 = EDGE_CURVE('',#3818,#3794,#3820,.T.);
#3818 = VERTEX_POINT('',#3819);
#3819 = CARTESIAN_POINT('',(117.98999786377,91.01000213623,1.));
#3820 = LINE('',#3821,#3822);
#3821 = CARTESIAN_POINT('',(117.98999786377,91.01000213623,1.));
#3822 = VECTOR('',#3823,1.);
#3823 = DIRECTION('',(0.,0.,-1.));
#3824 = ORIENTED_EDGE('',*,*,#3825,.T.);
#3825 = EDGE_CURVE('',#3818,#3772,#3826,.T.);
#3826 = LINE('',#3827,#3828);
#3827 = CARTESIAN_POINT('',(117.98999786377,91.01000213623,1.));
#3828 = VECTOR('',#3829,1.);
#3829 = DIRECTION('',(0.660106067872,0.751172403086,0.));
#3830 = PLANE('',#3831);
#3831 = AXIS2_PLACEMENT_3D('',#3832,#3833,#3834);
#3832 = CARTESIAN_POINT('',(118.02163179981,91.046000199142,
    4.37310971536E-02));
#3833 = DIRECTION('',(-0.751172403086,0.660106067872,-0.));
#3834 = DIRECTION('',(-0.660106067872,-0.751172403086,0.));
#3835 = ADVANCED_FACE('',(#3836),#3853,.T.);
#3836 = FACE_BOUND('',#3837,.T.);
#3837 = EDGE_LOOP('',(#3838,#3846,#3852));
#3838 = ORIENTED_EDGE('',*,*,#3839,.T.);
#3839 = EDGE_CURVE('',#3794,#3840,#3842,.T.);
#3840 = VERTEX_POINT('',#3841);
#3841 = CARTESIAN_POINT('',(117.85199737548,90.889297485352,1.));
#3842 = LINE('',#3843,#3844);
#3843 = CARTESIAN_POINT('',(117.98999786377,91.01000213623,-1.));
#3844 = VECTOR('',#3845,1.);
#3845 = DIRECTION('',(-6.871213908079E-02,-6.01003290799E-02,
    0.995824579124));
#3846 = ORIENTED_EDGE('',*,*,#3847,.T.);
#3847 = EDGE_CURVE('',#3840,#3818,#3848,.T.);
#3848 = LINE('',#3849,#3850);
#3849 = CARTESIAN_POINT('',(117.85199737548,90.889297485352,1.));
#3850 = VECTOR('',#3851,1.);
#3851 = DIRECTION('',(0.752700416386,0.658363184855,0.));
#3852 = ORIENTED_EDGE('',*,*,#3817,.T.);
#3853 = PLANE('',#3854);
#3854 = AXIS2_PLACEMENT_3D('',#3855,#3856,#3857);
#3855 = CARTESIAN_POINT('',(117.95391973233,90.978445738757,
    4.373866678474E-02));
#3856 = DIRECTION('',(-0.658363184855,0.752700416386,0.));
#3857 = DIRECTION('',(0.752700416386,0.658363184855,0.));
#3858 = ADVANCED_FACE('',(#3859),#3876,.T.);
#3859 = FACE_BOUND('',#3860,.T.);
#3860 = EDGE_LOOP('',(#3861,#3862,#3870));
#3861 = ORIENTED_EDGE('',*,*,#3839,.F.);
#3862 = ORIENTED_EDGE('',*,*,#3863,.T.);
#3863 = EDGE_CURVE('',#3794,#3864,#3866,.T.);
#3864 = VERTEX_POINT('',#3865);
#3865 = CARTESIAN_POINT('',(117.85199737548,90.889297485352,-1.));
#3866 = LINE('',#3867,#3868);
#3867 = CARTESIAN_POINT('',(117.98999786377,91.01000213623,-1.));
#3868 = VECTOR('',#3869,1.);
#3869 = DIRECTION('',(-0.752700416386,-0.658363184855,0.));
#3870 = ORIENTED_EDGE('',*,*,#3871,.F.);
#3871 = EDGE_CURVE('',#3840,#3864,#3872,.T.);
#3872 = LINE('',#3873,#3874);
#3873 = CARTESIAN_POINT('',(117.85199737548,90.889297485352,1.));
#3874 = VECTOR('',#3875,1.);
#3875 = DIRECTION('',(0.,0.,-1.));
#3876 = PLANE('',#3877);
#3877 = AXIS2_PLACEMENT_3D('',#3878,#3879,#3880);
#3878 = CARTESIAN_POINT('',(117.88807550692,90.920853882825,
    -4.373866678474E-02));
#3879 = DIRECTION('',(-0.658363184855,0.752700416386,0.));
#3880 = DIRECTION('',(0.752700416386,0.658363184855,0.));
#3881 = ADVANCED_FACE('',(#3882),#3899,.T.);
#3882 = FACE_BOUND('',#3883,.T.);
#3883 = EDGE_LOOP('',(#3884,#3892,#3898));
#3884 = ORIENTED_EDGE('',*,*,#3885,.T.);
#3885 = EDGE_CURVE('',#3864,#3886,#3888,.T.);
#3886 = VERTEX_POINT('',#3887);
#3887 = CARTESIAN_POINT('',(117.69999694824,90.78759765625,1.));
#3888 = LINE('',#3889,#3890);
#3889 = CARTESIAN_POINT('',(117.85199737548,90.889297485352,-1.));
#3890 = VECTOR('',#3891,1.);
#3891 = DIRECTION('',(-7.56844452782E-02,-5.063864154788E-02,
    0.995845165036));
#3892 = ORIENTED_EDGE('',*,*,#3893,.T.);
#3893 = EDGE_CURVE('',#3886,#3840,#3894,.T.);
#3894 = LINE('',#3895,#3896);
#3895 = CARTESIAN_POINT('',(117.69999694824,90.78759765625,1.));
#3896 = VECTOR('',#3897,1.);
#3897 = DIRECTION('',(0.831124950649,0.556085709589,0.));
#3898 = ORIENTED_EDGE('',*,*,#3871,.T.);
#3899 = PLANE('',#3900);
#3900 = AXIS2_PLACEMENT_3D('',#3901,#3902,#3903);
#3901 = CARTESIAN_POINT('',(117.81226347153,90.862712486119,
    4.363520748587E-02));
#3902 = DIRECTION('',(-0.556085709589,0.831124950649,4.930368937375E-18)
  );
#3903 = DIRECTION('',(0.831124950649,0.556085709589,0.));
#3904 = ADVANCED_FACE('',(#3905),#3922,.T.);
#3905 = FACE_BOUND('',#3906,.T.);
#3906 = EDGE_LOOP('',(#3907,#3908,#3916));
#3907 = ORIENTED_EDGE('',*,*,#3885,.F.);
#3908 = ORIENTED_EDGE('',*,*,#3909,.T.);
#3909 = EDGE_CURVE('',#3864,#3910,#3912,.T.);
#3910 = VERTEX_POINT('',#3911);
#3911 = CARTESIAN_POINT('',(117.69999694824,90.78759765625,-1.));
#3912 = LINE('',#3913,#3914);
#3913 = CARTESIAN_POINT('',(117.85199737548,90.889297485352,-1.));
#3914 = VECTOR('',#3915,1.);
#3915 = DIRECTION('',(-0.831124950649,-0.556085709589,0.));
#3916 = ORIENTED_EDGE('',*,*,#3917,.T.);
#3917 = EDGE_CURVE('',#3910,#3886,#3918,.T.);
#3918 = LINE('',#3919,#3920);
#3919 = CARTESIAN_POINT('',(117.69999694824,90.78759765625,-1.));
#3920 = VECTOR('',#3921,1.);
#3921 = DIRECTION('',(0.,0.,1.));
#3922 = PLANE('',#3923);
#3923 = AXIS2_PLACEMENT_3D('',#3924,#3925,#3926);
#3924 = CARTESIAN_POINT('',(117.73973085219,90.814182655483,
    -4.363520748587E-02));
#3925 = DIRECTION('',(-0.556085709589,0.831124950649,4.930368937375E-18)
  );
#3926 = DIRECTION('',(0.831124950649,0.556085709589,0.));
#3927 = ADVANCED_FACE('',(#3928),#3945,.T.);
#3928 = FACE_BOUND('',#3929,.T.);
#3929 = EDGE_LOOP('',(#3930,#3938,#3944));
#3930 = ORIENTED_EDGE('',*,*,#3931,.T.);
#3931 = EDGE_CURVE('',#3910,#3932,#3934,.T.);
#3932 = VERTEX_POINT('',#3933);
#3933 = CARTESIAN_POINT('',(117.53600311279,90.706596374512,1.));
#3934 = LINE('',#3935,#3936);
#3935 = CARTESIAN_POINT('',(117.69999694824,90.78759765625,-1.));
#3936 = VECTOR('',#3937,1.);
#3937 = DIRECTION('',(-8.165615105449E-02,-4.033232638965E-02,
    0.995844152688));
#3938 = ORIENTED_EDGE('',*,*,#3939,.T.);
#3939 = EDGE_CURVE('',#3932,#3886,#3940,.T.);
#3940 = LINE('',#3941,#3942);
#3941 = CARTESIAN_POINT('',(117.53600311279,90.706596374512,1.));
#3942 = VECTOR('',#3943,1.);
#3943 = DIRECTION('',(0.896593943089,0.442853588917,0.));
#3944 = ORIENTED_EDGE('',*,*,#3917,.F.);
#3945 = PLANE('',#3946);
#3946 = AXIS2_PLACEMENT_3D('',#3947,#3948,#3949);
#3947 = CARTESIAN_POINT('',(117.65712766073,90.76642327963,
    4.364030174594E-02));
#3948 = DIRECTION('',(-0.442853588917,0.896593943089,4.930340281514E-18)
  );
#3949 = DIRECTION('',(0.896593943089,0.442853588917,0.));
#3950 = ADVANCED_FACE('',(#3951),#3968,.T.);
#3951 = FACE_BOUND('',#3952,.T.);
#3952 = EDGE_LOOP('',(#3953,#3954,#3962));
#3953 = ORIENTED_EDGE('',*,*,#3931,.F.);
#3954 = ORIENTED_EDGE('',*,*,#3955,.T.);
#3955 = EDGE_CURVE('',#3910,#3956,#3958,.T.);
#3956 = VERTEX_POINT('',#3957);
#3957 = CARTESIAN_POINT('',(117.53600311279,90.706596374512,-1.));
#3958 = LINE('',#3959,#3960);
#3959 = CARTESIAN_POINT('',(117.69999694824,90.78759765625,-1.));
#3960 = VECTOR('',#3961,1.);
#3961 = DIRECTION('',(-0.896593943089,-0.442853588917,0.));
#3962 = ORIENTED_EDGE('',*,*,#3963,.F.);
#3963 = EDGE_CURVE('',#3932,#3956,#3964,.T.);
#3964 = LINE('',#3965,#3966);
#3965 = CARTESIAN_POINT('',(117.53600311279,90.706596374512,1.));
#3966 = VECTOR('',#3967,1.);
#3967 = DIRECTION('',(0.,0.,-1.));
#3968 = PLANE('',#3969);
#3969 = AXIS2_PLACEMENT_3D('',#3970,#3971,#3972);
#3970 = CARTESIAN_POINT('',(117.57887240029,90.727770751131,
    -4.364030174594E-02));
#3971 = DIRECTION('',(-0.442853588917,0.896593943089,0.));
#3972 = DIRECTION('',(0.896593943089,0.442853588917,0.));
#3973 = ADVANCED_FACE('',(#3974),#3991,.T.);
#3974 = FACE_BOUND('',#3975,.T.);
#3975 = EDGE_LOOP('',(#3976,#3984,#3990));
#3976 = ORIENTED_EDGE('',*,*,#3977,.T.);
#3977 = EDGE_CURVE('',#3956,#3978,#3980,.T.);
#3978 = VERTEX_POINT('',#3979);
#3979 = CARTESIAN_POINT('',(117.36199951171,90.64769744873,1.));
#3980 = LINE('',#3981,#3982);
#3981 = CARTESIAN_POINT('',(117.53600311279,90.706596374512,-1.));
#3982 = VECTOR('',#3983,1.);
#3983 = DIRECTION('',(-8.663710748808E-02,-2.93260170039E-02,
    0.995808212626));
#3984 = ORIENTED_EDGE('',*,*,#3985,.T.);
#3985 = EDGE_CURVE('',#3978,#3932,#3986,.T.);
#3986 = LINE('',#3987,#3988);
#3987 = CARTESIAN_POINT('',(117.36199951171,90.64769744873,1.));
#3988 = VECTOR('',#3989,1.);
#3989 = DIRECTION('',(0.947207043787,0.320622544747,0.));
#3990 = ORIENTED_EDGE('',*,*,#3963,.T.);
#3991 = PLANE('',#3992);
#3992 = AXIS2_PLACEMENT_3D('',#3993,#3994,#3995);
#3993 = CARTESIAN_POINT('',(117.4905086105,90.691196823599,
    4.382072380218E-02));
#3994 = DIRECTION('',(-0.320622544747,0.947207043787,-2.464662936775E-18
    ));
#3995 = DIRECTION('',(0.947207043787,0.320622544747,0.));
#3996 = ADVANCED_FACE('',(#3997),#4014,.T.);
#3997 = FACE_BOUND('',#3998,.T.);
#3998 = EDGE_LOOP('',(#3999,#4000,#4008));
#3999 = ORIENTED_EDGE('',*,*,#3977,.F.);
#4000 = ORIENTED_EDGE('',*,*,#4001,.T.);
#4001 = EDGE_CURVE('',#3956,#4002,#4004,.T.);
#4002 = VERTEX_POINT('',#4003);
#4003 = CARTESIAN_POINT('',(117.36199951171,90.64769744873,-1.));
#4004 = LINE('',#4005,#4006);
#4005 = CARTESIAN_POINT('',(117.53600311279,90.706596374512,-1.));
#4006 = VECTOR('',#4007,1.);
#4007 = DIRECTION('',(-0.947207043787,-0.320622544747,0.));
#4008 = ORIENTED_EDGE('',*,*,#4009,.T.);
#4009 = EDGE_CURVE('',#4002,#3978,#4010,.T.);
#4010 = LINE('',#4011,#4012);
#4011 = CARTESIAN_POINT('',(117.36199951171,90.64769744873,-1.));
#4012 = VECTOR('',#4013,1.);
#4013 = DIRECTION('',(0.,0.,1.));
#4014 = PLANE('',#4015);
#4015 = AXIS2_PLACEMENT_3D('',#4016,#4017,#4018);
#4016 = CARTESIAN_POINT('',(117.407494014,90.663096999643,
    -4.382072380218E-02));
#4017 = DIRECTION('',(-0.320622544747,0.947207043787,4.92932587355E-18)
  );
#4018 = DIRECTION('',(0.947207043787,0.320622544747,-1.925929944387E-34)
  );
#4019 = ADVANCED_FACE('',(#4020),#4037,.T.);
#4020 = FACE_BOUND('',#4021,.T.);
#4021 = EDGE_LOOP('',(#4022,#4030,#4036));
#4022 = ORIENTED_EDGE('',*,*,#4023,.T.);
#4023 = EDGE_CURVE('',#4002,#4024,#4026,.T.);
#4024 = VERTEX_POINT('',#4025);
#4025 = CARTESIAN_POINT('',(117.18299865722,90.611999511719,1.));
#4026 = LINE('',#4027,#4028);
#4027 = CARTESIAN_POINT('',(117.36199951171,90.64769744873,-1.));
#4028 = VECTOR('',#4029,1.);
#4029 = DIRECTION('',(-8.913001887274E-02,-1.777509838486E-02,
    0.995861378714));
#4030 = ORIENTED_EDGE('',*,*,#4031,.T.);
#4031 = EDGE_CURVE('',#4024,#3978,#4032,.T.);
#4032 = LINE('',#4033,#4034);
#4033 = CARTESIAN_POINT('',(117.18299865722,90.611999511719,1.));
#4034 = VECTOR('',#4035,1.);
#4035 = DIRECTION('',(0.980688240612,0.195577541464,0.));
#4036 = ORIENTED_EDGE('',*,*,#4009,.F.);
#4037 = PLANE('',#4038);
#4038 = AXIS2_PLACEMENT_3D('',#4039,#4040,#4041);
#4039 = CARTESIAN_POINT('',(117.31521151587,90.638366571884,
    4.355352662686E-02));
#4040 = DIRECTION('',(-0.195577541464,0.980688240612,0.));
#4041 = DIRECTION('',(0.980688240612,0.195577541464,0.));
#4042 = ADVANCED_FACE('',(#4043),#4060,.T.);
#4043 = FACE_BOUND('',#4044,.T.);
#4044 = EDGE_LOOP('',(#4045,#4046,#4054));
#4045 = ORIENTED_EDGE('',*,*,#4023,.F.);
#4046 = ORIENTED_EDGE('',*,*,#4047,.T.);
#4047 = EDGE_CURVE('',#4002,#4048,#4050,.T.);
#4048 = VERTEX_POINT('',#4049);
#4049 = CARTESIAN_POINT('',(117.18299865722,90.611999511719,-1.));
#4050 = LINE('',#4051,#4052);
#4051 = CARTESIAN_POINT('',(117.36199951171,90.64769744873,-1.));
#4052 = VECTOR('',#4053,1.);
#4053 = DIRECTION('',(-0.980688240612,-0.195577541464,0.));
#4054 = ORIENTED_EDGE('',*,*,#4055,.T.);
#4055 = EDGE_CURVE('',#4048,#4024,#4056,.T.);
#4056 = LINE('',#4057,#4058);
#4057 = CARTESIAN_POINT('',(117.18299865722,90.611999511719,-1.));
#4058 = VECTOR('',#4059,1.);
#4059 = DIRECTION('',(0.,0.,1.));
#4060 = PLANE('',#4061);
#4061 = AXIS2_PLACEMENT_3D('',#4062,#4063,#4064);
#4062 = CARTESIAN_POINT('',(117.22978665307,90.621330388565,
    -4.355352662686E-02));
#4063 = DIRECTION('',(-0.195577541464,0.980688240612,0.));
#4064 = DIRECTION('',(0.980688240612,0.195577541464,0.));
#4065 = ADVANCED_FACE('',(#4066),#4083,.T.);
#4066 = FACE_BOUND('',#4067,.T.);
#4067 = EDGE_LOOP('',(#4068,#4076,#4082));
#4068 = ORIENTED_EDGE('',*,*,#4069,.T.);
#4069 = EDGE_CURVE('',#4048,#4070,#4072,.T.);
#4070 = VERTEX_POINT('',#4071);
#4071 = CARTESIAN_POINT('',(117.,90.599998474121,1.));
#4072 = LINE('',#4073,#4074);
#4073 = CARTESIAN_POINT('',(117.18299865722,90.611999511719,-1.));
#4074 = VECTOR('',#4075,1.);
#4075 = DIRECTION('',(-9.111706822477E-02,-5.975450192511E-03,
    0.995822260182));
#4076 = ORIENTED_EDGE('',*,*,#4077,.T.);
#4077 = EDGE_CURVE('',#4070,#4024,#4078,.T.);
#4078 = LINE('',#4079,#4080);
#4079 = CARTESIAN_POINT('',(117.,90.599998474121,1.));
#4080 = VECTOR('',#4081,1.);
#4081 = DIRECTION('',(0.997856548267,6.543935422428E-02,0.));
#4082 = ORIENTED_EDGE('',*,*,#4055,.F.);
#4083 = PLANE('',#4084);
#4084 = AXIS2_PLACEMENT_3D('',#4085,#4086,#4087);
#4085 = CARTESIAN_POINT('',(117.13515585582,90.608861984552,
    4.375030387171E-02));
#4086 = DIRECTION('',(-6.543935422428E-02,0.997856548267,
    2.550860696531E-18));
#4087 = DIRECTION('',(0.997856548267,6.543935422428E-02,
    -2.407412430484E-35));
#4088 = ADVANCED_FACE('',(#4089),#4106,.T.);
#4089 = FACE_BOUND('',#4090,.T.);
#4090 = EDGE_LOOP('',(#4091,#4092,#4100));
#4091 = ORIENTED_EDGE('',*,*,#4069,.F.);
#4092 = ORIENTED_EDGE('',*,*,#4093,.T.);
#4093 = EDGE_CURVE('',#4048,#4094,#4096,.T.);
#4094 = VERTEX_POINT('',#4095);
#4095 = CARTESIAN_POINT('',(117.,90.599998474121,-1.));
#4096 = LINE('',#4097,#4098);
#4097 = CARTESIAN_POINT('',(117.18299865722,90.611999511719,-1.));
#4098 = VECTOR('',#4099,1.);
#4099 = DIRECTION('',(-0.997856548267,-6.543935422428E-02,0.));
#4100 = ORIENTED_EDGE('',*,*,#4101,.F.);
#4101 = EDGE_CURVE('',#4070,#4094,#4102,.T.);
#4102 = LINE('',#4103,#4104);
#4103 = CARTESIAN_POINT('',(117.,90.599998474121,1.));
#4104 = VECTOR('',#4105,1.);
#4105 = DIRECTION('',(0.,0.,-1.));
#4106 = PLANE('',#4107);
#4107 = AXIS2_PLACEMENT_3D('',#4108,#4109,#4110);
#4108 = CARTESIAN_POINT('',(117.0478428014,90.603136001287,
    -4.375030387171E-02));
#4109 = DIRECTION('',(-6.543935422428E-02,0.997856548267,
    8.161372207561E-19));
#4110 = DIRECTION('',(0.997856548267,6.543935422428E-02,0.));
#4111 = ADVANCED_FACE('',(#4112),#4129,.T.);
#4112 = FACE_BOUND('',#4113,.T.);
#4113 = EDGE_LOOP('',(#4114,#4122,#4128));
#4114 = ORIENTED_EDGE('',*,*,#4115,.T.);
#4115 = EDGE_CURVE('',#4094,#4116,#4118,.T.);
#4116 = VERTEX_POINT('',#4117);
#4117 = CARTESIAN_POINT('',(116.81700134277,90.611999511719,1.));
#4118 = LINE('',#4119,#4120);
#4119 = CARTESIAN_POINT('',(117.,90.599998474121,-1.));
#4120 = VECTOR('',#4121,1.);
#4121 = DIRECTION('',(-9.111706822477E-02,5.975450192511E-03,
    0.995822260182));
#4122 = ORIENTED_EDGE('',*,*,#4123,.T.);
#4123 = EDGE_CURVE('',#4116,#4070,#4124,.T.);
#4124 = LINE('',#4125,#4126);
#4125 = CARTESIAN_POINT('',(116.81700134277,90.611999511719,1.));
#4126 = VECTOR('',#4127,1.);
#4127 = DIRECTION('',(0.997856548267,-6.543935422428E-02,0.));
#4128 = ORIENTED_EDGE('',*,*,#4101,.T.);
#4129 = PLANE('',#4130);
#4130 = AXIS2_PLACEMENT_3D('',#4131,#4132,#4133);
#4131 = CARTESIAN_POINT('',(116.95215719859,90.603136001287,
    4.375030387171E-02));
#4132 = DIRECTION('',(6.543935422428E-02,0.997856548267,
    -1.249818089851E-18));
#4133 = DIRECTION('',(0.997856548267,-6.543935422428E-02,
    1.203706215242E-35));
#4134 = ADVANCED_FACE('',(#4135),#4152,.T.);
#4135 = FACE_BOUND('',#4136,.T.);
#4136 = EDGE_LOOP('',(#4137,#4138,#4146));
#4137 = ORIENTED_EDGE('',*,*,#4115,.F.);
#4138 = ORIENTED_EDGE('',*,*,#4139,.T.);
#4139 = EDGE_CURVE('',#4094,#4140,#4142,.T.);
#4140 = VERTEX_POINT('',#4141);
#4141 = CARTESIAN_POINT('',(116.81700134277,90.611999511719,-1.));
#4142 = LINE('',#4143,#4144);
#4143 = CARTESIAN_POINT('',(117.,90.599998474121,-1.));
#4144 = VECTOR('',#4145,1.);
#4145 = DIRECTION('',(-0.997856548267,6.543935422428E-02,0.));
#4146 = ORIENTED_EDGE('',*,*,#4147,.T.);
#4147 = EDGE_CURVE('',#4140,#4116,#4148,.T.);
#4148 = LINE('',#4149,#4150);
#4149 = CARTESIAN_POINT('',(116.81700134277,90.611999511719,-1.));
#4150 = VECTOR('',#4151,1.);
#4151 = DIRECTION('',(0.,0.,1.));
#4152 = PLANE('',#4153);
#4153 = AXIS2_PLACEMENT_3D('',#4154,#4155,#4156);
#4154 = CARTESIAN_POINT('',(116.86484414418,90.608861984552,
    -4.375030387171E-02));
#4155 = DIRECTION('',(6.543935422428E-02,0.997856548267,
    -2.550873931623E-18));
#4156 = DIRECTION('',(0.997856548267,-6.543935422428E-02,0.));
#4157 = ADVANCED_FACE('',(#4158),#4175,.T.);
#4158 = FACE_BOUND('',#4159,.T.);
#4159 = EDGE_LOOP('',(#4160,#4168,#4169));
#4160 = ORIENTED_EDGE('',*,*,#4161,.T.);
#4161 = EDGE_CURVE('',#4162,#3045,#4164,.T.);
#4162 = VERTEX_POINT('',#4163);
#4163 = CARTESIAN_POINT('',(115.88899993896,91.14769744873,1.));
#4164 = LINE('',#4165,#4166);
#4165 = CARTESIAN_POINT('',(115.88899993896,91.14769744873,1.));
#4166 = VECTOR('',#4167,1.);
#4167 = DIRECTION('',(-5.028945555827E-02,7.583686367349E-02,
    -0.99585126438));
#4168 = ORIENTED_EDGE('',*,*,#3044,.F.);
#4169 = ORIENTED_EDGE('',*,*,#4170,.T.);
#4170 = EDGE_CURVE('',#3021,#4162,#4171,.T.);
#4171 = LINE('',#4172,#4173);
#4172 = CARTESIAN_POINT('',(115.78800201416,91.300003051758,1.));
#4173 = VECTOR('',#4174,1.);
#4174 = DIRECTION('',(0.552656098938,-0.833409404978,0.));
#4175 = PLANE('',#4176);
#4176 = AXIS2_PLACEMENT_3D('',#4177,#4178,#4179);
#4177 = CARTESIAN_POINT('',(115.81440268335,91.260190651154,
    4.360450061307E-02));
#4178 = DIRECTION('',(0.833409404978,0.552656098938,0.));
#4179 = DIRECTION('',(-0.552656098938,0.833409404978,0.));
#4180 = ADVANCED_FACE('',(#4181),#4198,.T.);
#4181 = FACE_BOUND('',#4182,.T.);
#4182 = EDGE_LOOP('',(#4183,#4184,#4192));
#4183 = ORIENTED_EDGE('',*,*,#4161,.F.);
#4184 = ORIENTED_EDGE('',*,*,#4185,.F.);
#4185 = EDGE_CURVE('',#4186,#4162,#4188,.T.);
#4186 = VERTEX_POINT('',#4187);
#4187 = CARTESIAN_POINT('',(115.88899993896,91.14769744873,-1.));
#4188 = LINE('',#4189,#4190);
#4189 = CARTESIAN_POINT('',(115.88899993896,91.14769744873,-1.));
#4190 = VECTOR('',#4191,1.);
#4191 = DIRECTION('',(0.,0.,1.));
#4192 = ORIENTED_EDGE('',*,*,#4193,.T.);
#4193 = EDGE_CURVE('',#4186,#3045,#4194,.T.);
#4194 = LINE('',#4195,#4196);
#4195 = CARTESIAN_POINT('',(115.88899993896,91.14769744873,-1.));
#4196 = VECTOR('',#4197,1.);
#4197 = DIRECTION('',(-0.552656098938,0.833409404978,0.));
#4198 = PLANE('',#4199);
#4199 = AXIS2_PLACEMENT_3D('',#4200,#4201,#4202);
#4200 = CARTESIAN_POINT('',(115.86259926976,91.187509849334,
    -4.360450061307E-02));
#4201 = DIRECTION('',(0.833409404978,0.552656098938,0.));
#4202 = DIRECTION('',(-0.552656098938,0.833409404978,0.));
#4203 = ADVANCED_FACE('',(#4204),#4221,.T.);
#4204 = FACE_BOUND('',#4205,.T.);
#4205 = EDGE_LOOP('',(#4206,#4214,#4215));
#4206 = ORIENTED_EDGE('',*,*,#4207,.T.);
#4207 = EDGE_CURVE('',#4208,#4186,#4210,.T.);
#4208 = VERTEX_POINT('',#4209);
#4209 = CARTESIAN_POINT('',(116.01000213623,91.01000213623,1.));
#4210 = LINE('',#4211,#4212);
#4211 = CARTESIAN_POINT('',(116.01000213623,91.01000213623,1.));
#4212 = VECTOR('',#4213,1.);
#4213 = DIRECTION('',(-6.024857232062E-02,6.856029213383E-02,
    -0.995826087164));
#4214 = ORIENTED_EDGE('',*,*,#4185,.T.);
#4215 = ORIENTED_EDGE('',*,*,#4216,.T.);
#4216 = EDGE_CURVE('',#4162,#4208,#4217,.T.);
#4217 = LINE('',#4218,#4219);
#4218 = CARTESIAN_POINT('',(115.88899993896,91.14769744873,1.));
#4219 = VECTOR('',#4220,1.);
#4220 = DIRECTION('',(0.660106067872,-0.751172403086,0.));
#4221 = PLANE('',#4222);
#4222 = AXIS2_PLACEMENT_3D('',#4223,#4224,#4225);
#4223 = CARTESIAN_POINT('',(115.92063387501,91.111699385819,
    4.37310971536E-02));
#4224 = DIRECTION('',(0.751172403086,0.660106067872,-9.859659346011E-18)
  );
#4225 = DIRECTION('',(-0.660106067872,0.751172403086,-7.703719777549E-34
    ));
#4226 = ADVANCED_FACE('',(#4227),#4244,.T.);
#4227 = FACE_BOUND('',#4228,.T.);
#4228 = EDGE_LOOP('',(#4229,#4230,#4238));
#4229 = ORIENTED_EDGE('',*,*,#4207,.F.);
#4230 = ORIENTED_EDGE('',*,*,#4231,.F.);
#4231 = EDGE_CURVE('',#4232,#4208,#4234,.T.);
#4232 = VERTEX_POINT('',#4233);
#4233 = CARTESIAN_POINT('',(116.01000213623,91.01000213623,-1.));
#4234 = LINE('',#4235,#4236);
#4235 = CARTESIAN_POINT('',(116.01000213623,91.01000213623,-1.));
#4236 = VECTOR('',#4237,1.);
#4237 = DIRECTION('',(0.,0.,1.));
#4238 = ORIENTED_EDGE('',*,*,#4239,.T.);
#4239 = EDGE_CURVE('',#4232,#4186,#4240,.T.);
#4240 = LINE('',#4241,#4242);
#4241 = CARTESIAN_POINT('',(116.01000213623,91.01000213623,-1.));
#4242 = VECTOR('',#4243,1.);
#4243 = DIRECTION('',(-0.660106067872,0.751172403086,0.));
#4244 = PLANE('',#4245);
#4245 = AXIS2_PLACEMENT_3D('',#4246,#4247,#4248);
#4246 = CARTESIAN_POINT('',(115.97836820018,91.046000199142,
    -4.37310971536E-02));
#4247 = DIRECTION('',(0.751172403086,0.660106067872,0.));
#4248 = DIRECTION('',(-0.660106067872,0.751172403086,0.));
#4249 = ADVANCED_FACE('',(#4250),#4276,.T.);
#4250 = FACE_BOUND('',#4251,.T.);
#4251 = EDGE_LOOP('',(#4252,#4262,#4270));
#4252 = ORIENTED_EDGE('',*,*,#4253,.T.);
#4253 = EDGE_CURVE('',#4254,#4256,#4258,.T.);
#4254 = VERTEX_POINT('',#4255);
#4255 = CARTESIAN_POINT('',(116.63800048828,90.64769744873,-1.));
#4256 = VERTEX_POINT('',#4257);
#4257 = CARTESIAN_POINT('',(116.4639968872,90.706596374512,1.));
#4258 = LINE('',#4259,#4260);
#4259 = CARTESIAN_POINT('',(116.63800048828,90.64769744873,-1.));
#4260 = VECTOR('',#4261,1.);
#4261 = DIRECTION('',(-8.663710748808E-02,2.93260170039E-02,
    0.995808212626));
#4262 = ORIENTED_EDGE('',*,*,#4263,.T.);
#4263 = EDGE_CURVE('',#4256,#4264,#4266,.T.);
#4264 = VERTEX_POINT('',#4265);
#4265 = CARTESIAN_POINT('',(116.63800048828,90.64769744873,1.));
#4266 = LINE('',#4267,#4268);
#4267 = CARTESIAN_POINT('',(116.4639968872,90.706596374512,1.));
#4268 = VECTOR('',#4269,1.);
#4269 = DIRECTION('',(0.947207043787,-0.320622544747,0.));
#4270 = ORIENTED_EDGE('',*,*,#4271,.T.);
#4271 = EDGE_CURVE('',#4264,#4254,#4272,.T.);
#4272 = LINE('',#4273,#4274);
#4273 = CARTESIAN_POINT('',(116.63800048828,90.64769744873,1.));
#4274 = VECTOR('',#4275,1.);
#4275 = DIRECTION('',(0.,0.,-1.));
#4276 = PLANE('',#4277);
#4277 = AXIS2_PLACEMENT_3D('',#4278,#4279,#4280);
#4278 = CARTESIAN_POINT('',(116.59250598599,90.663096999643,
    4.382072380218E-02));
#4279 = DIRECTION('',(0.320622544747,0.947207043787,0.));
#4280 = DIRECTION('',(0.947207043787,-0.320622544747,0.));
#4281 = ADVANCED_FACE('',(#4282),#4299,.T.);
#4282 = FACE_BOUND('',#4283,.T.);
#4283 = EDGE_LOOP('',(#4284,#4285,#4293));
#4284 = ORIENTED_EDGE('',*,*,#4253,.F.);
#4285 = ORIENTED_EDGE('',*,*,#4286,.T.);
#4286 = EDGE_CURVE('',#4254,#4287,#4289,.T.);
#4287 = VERTEX_POINT('',#4288);
#4288 = CARTESIAN_POINT('',(116.4639968872,90.706596374512,-1.));
#4289 = LINE('',#4290,#4291);
#4290 = CARTESIAN_POINT('',(116.63800048828,90.64769744873,-1.));
#4291 = VECTOR('',#4292,1.);
#4292 = DIRECTION('',(-0.947207043787,0.320622544747,0.));
#4293 = ORIENTED_EDGE('',*,*,#4294,.T.);
#4294 = EDGE_CURVE('',#4287,#4256,#4295,.T.);
#4295 = LINE('',#4296,#4297);
#4296 = CARTESIAN_POINT('',(116.4639968872,90.706596374512,-1.));
#4297 = VECTOR('',#4298,1.);
#4298 = DIRECTION('',(0.,0.,1.));
#4299 = PLANE('',#4300);
#4300 = AXIS2_PLACEMENT_3D('',#4301,#4302,#4303);
#4301 = CARTESIAN_POINT('',(116.50949138949,90.691196823599,
    -4.382072380218E-02));
#4302 = DIRECTION('',(0.320622544747,0.947207043787,-2.464662936775E-18)
  );
#4303 = DIRECTION('',(0.947207043787,-0.320622544747,-9.629649721936E-35
    ));
#4304 = ADVANCED_FACE('',(#4305),#4322,.T.);
#4305 = FACE_BOUND('',#4306,.T.);
#4306 = EDGE_LOOP('',(#4307,#4315,#4321));
#4307 = ORIENTED_EDGE('',*,*,#4308,.T.);
#4308 = EDGE_CURVE('',#4287,#4309,#4311,.T.);
#4309 = VERTEX_POINT('',#4310);
#4310 = CARTESIAN_POINT('',(116.30000305175,90.78759765625,1.));
#4311 = LINE('',#4312,#4313);
#4312 = CARTESIAN_POINT('',(116.4639968872,90.706596374512,-1.));
#4313 = VECTOR('',#4314,1.);
#4314 = DIRECTION('',(-8.165615105449E-02,4.033232638965E-02,
    0.995844152688));
#4315 = ORIENTED_EDGE('',*,*,#4316,.T.);
#4316 = EDGE_CURVE('',#4309,#4256,#4317,.T.);
#4317 = LINE('',#4318,#4319);
#4318 = CARTESIAN_POINT('',(116.30000305175,90.78759765625,1.));
#4319 = VECTOR('',#4320,1.);
#4320 = DIRECTION('',(0.896593943089,-0.442853588917,0.));
#4321 = ORIENTED_EDGE('',*,*,#4294,.F.);
#4322 = PLANE('',#4323);
#4323 = AXIS2_PLACEMENT_3D('',#4324,#4325,#4326);
#4324 = CARTESIAN_POINT('',(116.4211275997,90.727770751131,
    4.364030174594E-02));
#4325 = DIRECTION('',(0.442853588917,0.896593943089,0.));
#4326 = DIRECTION('',(0.896593943089,-0.442853588917,0.));
#4327 = ADVANCED_FACE('',(#4328),#4345,.T.);
#4328 = FACE_BOUND('',#4329,.T.);
#4329 = EDGE_LOOP('',(#4330,#4331,#4339));
#4330 = ORIENTED_EDGE('',*,*,#4308,.F.);
#4331 = ORIENTED_EDGE('',*,*,#4332,.T.);
#4332 = EDGE_CURVE('',#4287,#4333,#4335,.T.);
#4333 = VERTEX_POINT('',#4334);
#4334 = CARTESIAN_POINT('',(116.30000305175,90.78759765625,-1.));
#4335 = LINE('',#4336,#4337);
#4336 = CARTESIAN_POINT('',(116.4639968872,90.706596374512,-1.));
#4337 = VECTOR('',#4338,1.);
#4338 = DIRECTION('',(-0.896593943089,0.442853588917,0.));
#4339 = ORIENTED_EDGE('',*,*,#4340,.T.);
#4340 = EDGE_CURVE('',#4333,#4309,#4341,.T.);
#4341 = LINE('',#4342,#4343);
#4342 = CARTESIAN_POINT('',(116.30000305175,90.78759765625,-1.));
#4343 = VECTOR('',#4344,1.);
#4344 = DIRECTION('',(0.,0.,1.));
#4345 = PLANE('',#4346);
#4346 = AXIS2_PLACEMENT_3D('',#4347,#4348,#4349);
#4347 = CARTESIAN_POINT('',(116.34287233926,90.76642327963,
    -4.364030174594E-02));
#4348 = DIRECTION('',(0.442853588917,0.896593943089,0.));
#4349 = DIRECTION('',(0.896593943089,-0.442853588917,0.));
#4350 = ADVANCED_FACE('',(#4351),#4368,.T.);
#4351 = FACE_BOUND('',#4352,.T.);
#4352 = EDGE_LOOP('',(#4353,#4361,#4367));
#4353 = ORIENTED_EDGE('',*,*,#4354,.T.);
#4354 = EDGE_CURVE('',#4333,#4355,#4357,.T.);
#4355 = VERTEX_POINT('',#4356);
#4356 = CARTESIAN_POINT('',(116.14800262451,90.889297485352,1.));
#4357 = LINE('',#4358,#4359);
#4358 = CARTESIAN_POINT('',(116.30000305175,90.78759765625,-1.));
#4359 = VECTOR('',#4360,1.);
#4360 = DIRECTION('',(-7.56844452782E-02,5.063864154788E-02,
    0.995845165036));
#4361 = ORIENTED_EDGE('',*,*,#4362,.T.);
#4362 = EDGE_CURVE('',#4355,#4309,#4363,.T.);
#4363 = LINE('',#4364,#4365);
#4364 = CARTESIAN_POINT('',(116.14800262451,90.889297485352,1.));
#4365 = VECTOR('',#4366,1.);
#4366 = DIRECTION('',(0.831124950649,-0.556085709589,0.));
#4367 = ORIENTED_EDGE('',*,*,#4340,.F.);
#4368 = PLANE('',#4369);
#4369 = AXIS2_PLACEMENT_3D('',#4370,#4371,#4372);
#4370 = CARTESIAN_POINT('',(116.2602691478,90.814182655483,
    4.363520748587E-02));
#4371 = DIRECTION('',(0.556085709589,0.831124950649,0.));
#4372 = DIRECTION('',(0.831124950649,-0.556085709589,0.));
#4373 = ADVANCED_FACE('',(#4374),#4391,.T.);
#4374 = FACE_BOUND('',#4375,.T.);
#4375 = EDGE_LOOP('',(#4376,#4377,#4385));
#4376 = ORIENTED_EDGE('',*,*,#4354,.F.);
#4377 = ORIENTED_EDGE('',*,*,#4378,.T.);
#4378 = EDGE_CURVE('',#4333,#4379,#4381,.T.);
#4379 = VERTEX_POINT('',#4380);
#4380 = CARTESIAN_POINT('',(116.14800262451,90.889297485352,-1.));
#4381 = LINE('',#4382,#4383);
#4382 = CARTESIAN_POINT('',(116.30000305175,90.78759765625,-1.));
#4383 = VECTOR('',#4384,1.);
#4384 = DIRECTION('',(-0.831124950649,0.556085709589,0.));
#4385 = ORIENTED_EDGE('',*,*,#4386,.F.);
#4386 = EDGE_CURVE('',#4355,#4379,#4387,.T.);
#4387 = LINE('',#4388,#4389);
#4388 = CARTESIAN_POINT('',(116.14800262451,90.889297485352,1.));
#4389 = VECTOR('',#4390,1.);
#4390 = DIRECTION('',(0.,0.,-1.));
#4391 = PLANE('',#4392);
#4392 = AXIS2_PLACEMENT_3D('',#4393,#4394,#4395);
#4393 = CARTESIAN_POINT('',(116.18773652846,90.862712486119,
    -4.363520748587E-02));
#4394 = DIRECTION('',(0.556085709589,0.831124950649,0.));
#4395 = DIRECTION('',(0.831124950649,-0.556085709589,0.));
#4396 = ADVANCED_FACE('',(#4397),#4412,.T.);
#4397 = FACE_BOUND('',#4398,.T.);
#4398 = EDGE_LOOP('',(#4399,#4405,#4411));
#4399 = ORIENTED_EDGE('',*,*,#4400,.T.);
#4400 = EDGE_CURVE('',#4379,#4208,#4401,.T.);
#4401 = LINE('',#4402,#4403);
#4402 = CARTESIAN_POINT('',(116.14800262451,90.889297485352,-1.));
#4403 = VECTOR('',#4404,1.);
#4404 = DIRECTION('',(-6.871213908079E-02,6.01003290799E-02,
    0.995824579124));
#4405 = ORIENTED_EDGE('',*,*,#4406,.T.);
#4406 = EDGE_CURVE('',#4208,#4355,#4407,.T.);
#4407 = LINE('',#4408,#4409);
#4408 = CARTESIAN_POINT('',(116.01000213623,91.01000213623,1.));
#4409 = VECTOR('',#4410,1.);
#4410 = DIRECTION('',(0.752700416386,-0.658363184855,0.));
#4411 = ORIENTED_EDGE('',*,*,#4386,.T.);
#4412 = PLANE('',#4413);
#4413 = AXIS2_PLACEMENT_3D('',#4414,#4415,#4416);
#4414 = CARTESIAN_POINT('',(116.11192449307,90.920853882825,
    4.373866678474E-02));
#4415 = DIRECTION('',(0.658363184855,0.752700416386,0.));
#4416 = DIRECTION('',(0.752700416386,-0.658363184855,0.));
#4417 = ADVANCED_FACE('',(#4418),#4428,.T.);
#4418 = FACE_BOUND('',#4419,.T.);
#4419 = EDGE_LOOP('',(#4420,#4421,#4427));
#4420 = ORIENTED_EDGE('',*,*,#4400,.F.);
#4421 = ORIENTED_EDGE('',*,*,#4422,.T.);
#4422 = EDGE_CURVE('',#4379,#4232,#4423,.T.);
#4423 = LINE('',#4424,#4425);
#4424 = CARTESIAN_POINT('',(116.14800262451,90.889297485352,-1.));
#4425 = VECTOR('',#4426,1.);
#4426 = DIRECTION('',(-0.752700416386,0.658363184855,0.));
#4427 = ORIENTED_EDGE('',*,*,#4231,.T.);
#4428 = PLANE('',#4429);
#4429 = AXIS2_PLACEMENT_3D('',#4430,#4431,#4432);
#4430 = CARTESIAN_POINT('',(116.04608026767,90.978445738757,
    -4.373866678474E-02));
#4431 = DIRECTION('',(0.658363184855,0.752700416386,0.));
#4432 = DIRECTION('',(0.752700416386,-0.658363184855,0.));
#4433 = ADVANCED_FACE('',(#4434),#4449,.T.);
#4434 = FACE_BOUND('',#4435,.T.);
#4435 = EDGE_LOOP('',(#4436,#4442,#4448));
#4436 = ORIENTED_EDGE('',*,*,#4437,.T.);
#4437 = EDGE_CURVE('',#4140,#4264,#4438,.T.);
#4438 = LINE('',#4439,#4440);
#4439 = CARTESIAN_POINT('',(116.81700134277,90.611999511719,-1.));
#4440 = VECTOR('',#4441,1.);
#4441 = DIRECTION('',(-8.913001887274E-02,1.777509838486E-02,
    0.995861378714));
#4442 = ORIENTED_EDGE('',*,*,#4443,.T.);
#4443 = EDGE_CURVE('',#4264,#4116,#4444,.T.);
#4444 = LINE('',#4445,#4446);
#4445 = CARTESIAN_POINT('',(116.63800048828,90.64769744873,1.));
#4446 = VECTOR('',#4447,1.);
#4447 = DIRECTION('',(0.980688240612,-0.195577541464,0.));
#4448 = ORIENTED_EDGE('',*,*,#4147,.F.);
#4449 = PLANE('',#4450);
#4450 = AXIS2_PLACEMENT_3D('',#4451,#4452,#4453);
#4451 = CARTESIAN_POINT('',(116.77021334692,90.621330388565,
    4.355352662686E-02));
#4452 = DIRECTION('',(0.195577541464,0.980688240612,0.));
#4453 = DIRECTION('',(0.980688240612,-0.195577541464,0.));
#4454 = ADVANCED_FACE('',(#4455),#4465,.T.);
#4455 = FACE_BOUND('',#4456,.T.);
#4456 = EDGE_LOOP('',(#4457,#4458,#4464));
#4457 = ORIENTED_EDGE('',*,*,#4437,.F.);
#4458 = ORIENTED_EDGE('',*,*,#4459,.T.);
#4459 = EDGE_CURVE('',#4140,#4254,#4460,.T.);
#4460 = LINE('',#4461,#4462);
#4461 = CARTESIAN_POINT('',(116.81700134277,90.611999511719,-1.));
#4462 = VECTOR('',#4463,1.);
#4463 = DIRECTION('',(-0.980688240612,0.195577541464,0.));
#4464 = ORIENTED_EDGE('',*,*,#4271,.F.);
#4465 = PLANE('',#4466);
#4466 = AXIS2_PLACEMENT_3D('',#4467,#4468,#4469);
#4467 = CARTESIAN_POINT('',(116.68478848412,90.638366571884,
    -4.355352662686E-02));
#4468 = DIRECTION('',(0.195577541464,0.980688240612,-2.46541425309E-18)
  );
#4469 = DIRECTION('',(0.980688240612,-0.195577541464,0.));
#4470 = ADVANCED_FACE('',(#4471),#4488,.T.);
#4471 = FACE_BOUND('',#4472,.T.);
#4472 = EDGE_LOOP('',(#4473,#4474,#4482));
#4473 = ORIENTED_EDGE('',*,*,#2252,.F.);
#4474 = ORIENTED_EDGE('',*,*,#4475,.T.);
#4475 = EDGE_CURVE('',#2253,#4476,#4478,.T.);
#4476 = VERTEX_POINT('',#4477);
#4477 = CARTESIAN_POINT('',(173.78799438476,61.700000762939,1.));
#4478 = LINE('',#4479,#4480);
#4479 = CARTESIAN_POINT('',(118.21199798584,91.300003051758,1.));
#4480 = VECTOR('',#4481,1.);
#4481 = DIRECTION('',(0.882620060841,-0.470087043218,0.));
#4482 = ORIENTED_EDGE('',*,*,#4483,.T.);
#4483 = EDGE_CURVE('',#4476,#767,#4484,.T.);
#4484 = LINE('',#4485,#4486);
#4485 = CARTESIAN_POINT('',(173.78799438476,61.700000762939,1.));
#4486 = VECTOR('',#4487,1.);
#4487 = DIRECTION('',(0.,1.,0.));
#4488 = PLANE('',#4489);
#4489 = AXIS2_PLACEMENT_3D('',#4490,#4491,#4492);
#4490 = CARTESIAN_POINT('',(151.55222913771,82.052234859759,1.));
#4491 = DIRECTION('',(0.,0.,1.));
#4492 = DIRECTION('',(1.,0.,-0.));
#4493 = ADVANCED_FACE('',(#4494),#4511,.T.);
#4494 = FACE_BOUND('',#4495,.T.);
#4495 = EDGE_LOOP('',(#4496,#4504,#4505));
#4496 = ORIENTED_EDGE('',*,*,#4497,.T.);
#4497 = EDGE_CURVE('',#4498,#4476,#4500,.T.);
#4498 = VERTEX_POINT('',#4499);
#4499 = CARTESIAN_POINT('',(118.21199798584,61.700000762939,1.));
#4500 = LINE('',#4501,#4502);
#4501 = CARTESIAN_POINT('',(118.21199798584,61.700000762939,1.));
#4502 = VECTOR('',#4503,1.);
#4503 = DIRECTION('',(1.,0.,0.));
#4504 = ORIENTED_EDGE('',*,*,#4475,.F.);
#4505 = ORIENTED_EDGE('',*,*,#4506,.T.);
#4506 = EDGE_CURVE('',#2253,#4498,#4507,.T.);
#4507 = LINE('',#4508,#4509);
#4508 = CARTESIAN_POINT('',(118.21199798584,91.300003051758,1.));
#4509 = VECTOR('',#4510,1.);
#4510 = DIRECTION('',(0.,-1.,0.));
#4511 = PLANE('',#4512);
#4512 = AXIS2_PLACEMENT_3D('',#4513,#4514,#4515);
#4513 = CARTESIAN_POINT('',(140.44776323289,70.947768954938,1.));
#4514 = DIRECTION('',(0.,0.,1.));
#4515 = DIRECTION('',(1.,0.,-0.));
#4516 = ADVANCED_FACE('',(#4517),#4534,.T.);
#4517 = FACE_BOUND('',#4518,.T.);
#4518 = EDGE_LOOP('',(#4519,#4520,#4528));
#4519 = ORIENTED_EDGE('',*,*,#4497,.F.);
#4520 = ORIENTED_EDGE('',*,*,#4521,.F.);
#4521 = EDGE_CURVE('',#4522,#4498,#4524,.T.);
#4522 = VERTEX_POINT('',#4523);
#4523 = CARTESIAN_POINT('',(118.29299926757,61.535800933838,1.));
#4524 = LINE('',#4525,#4526);
#4525 = CARTESIAN_POINT('',(118.29299926757,61.535800933838,1.));
#4526 = VECTOR('',#4527,1.);
#4527 = DIRECTION('',(-0.442406809502,0.896814481878,0.));
#4528 = ORIENTED_EDGE('',*,*,#4529,.F.);
#4529 = EDGE_CURVE('',#4476,#4522,#4530,.T.);
#4530 = LINE('',#4531,#4532);
#4531 = CARTESIAN_POINT('',(173.78799438476,61.700000762939,1.));
#4532 = VECTOR('',#4533,1.);
#4533 = DIRECTION('',(-0.999995622714,-2.958809348577E-03,0.));
#4534 = PLANE('',#4535);
#4535 = AXIS2_PLACEMENT_3D('',#4536,#4537,#4538);
#4536 = CARTESIAN_POINT('',(145.97453415954,61.658913047098,1.));
#4537 = DIRECTION('',(0.,0.,1.));
#4538 = DIRECTION('',(1.,0.,-0.));
#4539 = ADVANCED_FACE('',(#4540),#4566,.T.);
#4540 = FACE_BOUND('',#4541,.T.);
#4541 = EDGE_LOOP('',(#4542,#4552,#4560));
#4542 = ORIENTED_EDGE('',*,*,#4543,.T.);
#4543 = EDGE_CURVE('',#4544,#4546,#4548,.T.);
#4544 = VERTEX_POINT('',#4545);
#4545 = CARTESIAN_POINT('',(116.81700134277,59.611999511719,-1.));
#4546 = VERTEX_POINT('',#4547);
#4547 = CARTESIAN_POINT('',(116.63800048828,59.647701263428,1.));
#4548 = LINE('',#4549,#4550);
#4549 = CARTESIAN_POINT('',(116.81700134277,59.611999511719,-1.));
#4550 = VECTOR('',#4551,1.);
#4551 = DIRECTION('',(-8.913001586329E-02,1.777699723946E-02,
    0.995861345088));
#4552 = ORIENTED_EDGE('',*,*,#4553,.T.);
#4553 = EDGE_CURVE('',#4546,#4554,#4556,.T.);
#4554 = VERTEX_POINT('',#4555);
#4555 = CARTESIAN_POINT('',(116.81700134277,59.611999511719,1.));
#4556 = LINE('',#4557,#4558);
#4557 = CARTESIAN_POINT('',(116.63800048828,59.647701263428,1.));
#4558 = VECTOR('',#4559,1.);
#4559 = DIRECTION('',(0.980684231886,-0.195597641425,0.));
#4560 = ORIENTED_EDGE('',*,*,#4561,.T.);
#4561 = EDGE_CURVE('',#4554,#4544,#4562,.T.);
#4562 = LINE('',#4563,#4564);
#4563 = CARTESIAN_POINT('',(116.81700134277,59.611999511719,1.));
#4564 = VECTOR('',#4565,1.);
#4565 = DIRECTION('',(0.,0.,-1.));
#4566 = PLANE('',#4567);
#4567 = AXIS2_PLACEMENT_3D('',#4568,#4569,#4570);
#4568 = CARTESIAN_POINT('',(116.77021333863,59.621331387321,
    4.355369620117E-02));
#4569 = DIRECTION('',(0.195597641425,0.980684231886,0.));
#4570 = DIRECTION('',(0.980684231886,-0.195597641425,0.));
#4571 = ADVANCED_FACE('',(#4572),#4589,.T.);
#4572 = FACE_BOUND('',#4573,.T.);
#4573 = EDGE_LOOP('',(#4574,#4575,#4583));
#4574 = ORIENTED_EDGE('',*,*,#4543,.F.);
#4575 = ORIENTED_EDGE('',*,*,#4576,.T.);
#4576 = EDGE_CURVE('',#4544,#4577,#4579,.T.);
#4577 = VERTEX_POINT('',#4578);
#4578 = CARTESIAN_POINT('',(116.63800048828,59.647701263428,-1.));
#4579 = LINE('',#4580,#4581);
#4580 = CARTESIAN_POINT('',(116.81700134277,59.611999511719,-1.));
#4581 = VECTOR('',#4582,1.);
#4582 = DIRECTION('',(-0.980684231886,0.195597641425,0.));
#4583 = ORIENTED_EDGE('',*,*,#4584,.F.);
#4584 = EDGE_CURVE('',#4546,#4577,#4585,.T.);
#4585 = LINE('',#4586,#4587);
#4586 = CARTESIAN_POINT('',(116.63800048828,59.647701263428,1.));
#4587 = VECTOR('',#4588,1.);
#4588 = DIRECTION('',(0.,0.,-1.));
#4589 = PLANE('',#4590);
#4590 = AXIS2_PLACEMENT_3D('',#4591,#4592,#4593);
#4591 = CARTESIAN_POINT('',(116.68478849242,59.638369387826,
    -4.355369620117E-02));
#4592 = DIRECTION('',(0.195597641425,0.980684231886,0.));
#4593 = DIRECTION('',(0.980684231886,-0.195597641425,0.));
#4594 = ADVANCED_FACE('',(#4595),#4612,.T.);
#4595 = FACE_BOUND('',#4596,.T.);
#4596 = EDGE_LOOP('',(#4597,#4605,#4611));
#4597 = ORIENTED_EDGE('',*,*,#4598,.T.);
#4598 = EDGE_CURVE('',#4577,#4599,#4601,.T.);
#4599 = VERTEX_POINT('',#4600);
#4600 = CARTESIAN_POINT('',(116.4639968872,59.706600189209,1.));
#4601 = LINE('',#4602,#4603);
#4602 = CARTESIAN_POINT('',(116.63800048828,59.647701263428,-1.));
#4603 = VECTOR('',#4604,1.);
#4604 = DIRECTION('',(-8.663710748808E-02,2.93260170039E-02,
    0.995808212626));
#4605 = ORIENTED_EDGE('',*,*,#4606,.T.);
#4606 = EDGE_CURVE('',#4599,#4546,#4607,.T.);
#4607 = LINE('',#4608,#4609);
#4608 = CARTESIAN_POINT('',(116.4639968872,59.706600189209,1.));
#4609 = VECTOR('',#4610,1.);
#4610 = DIRECTION('',(0.947207043787,-0.320622544747,0.));
#4611 = ORIENTED_EDGE('',*,*,#4584,.T.);
#4612 = PLANE('',#4613);
#4613 = AXIS2_PLACEMENT_3D('',#4614,#4615,#4616);
#4614 = CARTESIAN_POINT('',(116.59250598599,59.66310081434,
    4.382072380218E-02));
#4615 = DIRECTION('',(0.320622544747,0.947207043787,2.464662936775E-18)
  );
#4616 = DIRECTION('',(0.947207043787,-0.320622544747,0.));
#4617 = ADVANCED_FACE('',(#4618),#4635,.T.);
#4618 = FACE_BOUND('',#4619,.T.);
#4619 = EDGE_LOOP('',(#4620,#4621,#4629));
#4620 = ORIENTED_EDGE('',*,*,#4598,.F.);
#4621 = ORIENTED_EDGE('',*,*,#4622,.T.);
#4622 = EDGE_CURVE('',#4577,#4623,#4625,.T.);
#4623 = VERTEX_POINT('',#4624);
#4624 = CARTESIAN_POINT('',(116.4639968872,59.706600189209,-1.));
#4625 = LINE('',#4626,#4627);
#4626 = CARTESIAN_POINT('',(116.63800048828,59.647701263428,-1.));
#4627 = VECTOR('',#4628,1.);
#4628 = DIRECTION('',(-0.947207043787,0.320622544747,0.));
#4629 = ORIENTED_EDGE('',*,*,#4630,.F.);
#4630 = EDGE_CURVE('',#4599,#4623,#4631,.T.);
#4631 = LINE('',#4632,#4633);
#4632 = CARTESIAN_POINT('',(116.4639968872,59.706600189209,1.));
#4633 = VECTOR('',#4634,1.);
#4634 = DIRECTION('',(0.,0.,-1.));
#4635 = PLANE('',#4636);
#4636 = AXIS2_PLACEMENT_3D('',#4637,#4638,#4639);
#4637 = CARTESIAN_POINT('',(116.50949138949,59.691200638296,
    -4.382072380218E-02));
#4638 = DIRECTION('',(0.320622544747,0.947207043787,-2.464662936775E-18)
  );
#4639 = DIRECTION('',(0.947207043787,-0.320622544747,-9.629649721936E-35
    ));
#4640 = ADVANCED_FACE('',(#4641),#4658,.T.);
#4641 = FACE_BOUND('',#4642,.T.);
#4642 = EDGE_LOOP('',(#4643,#4651,#4657));
#4643 = ORIENTED_EDGE('',*,*,#4644,.T.);
#4644 = EDGE_CURVE('',#4623,#4645,#4647,.T.);
#4645 = VERTEX_POINT('',#4646);
#4646 = CARTESIAN_POINT('',(116.30000305175,59.787601470947,1.));
#4647 = LINE('',#4648,#4649);
#4648 = CARTESIAN_POINT('',(116.4639968872,59.706600189209,-1.));
#4649 = VECTOR('',#4650,1.);
#4650 = DIRECTION('',(-8.165615105449E-02,4.033232638965E-02,
    0.995844152688));
#4651 = ORIENTED_EDGE('',*,*,#4652,.T.);
#4652 = EDGE_CURVE('',#4645,#4599,#4653,.T.);
#4653 = LINE('',#4654,#4655);
#4654 = CARTESIAN_POINT('',(116.30000305175,59.787601470947,1.));
#4655 = VECTOR('',#4656,1.);
#4656 = DIRECTION('',(0.896593943089,-0.442853588917,0.));
#4657 = ORIENTED_EDGE('',*,*,#4630,.T.);
#4658 = PLANE('',#4659);
#4659 = AXIS2_PLACEMENT_3D('',#4660,#4661,#4662);
#4660 = CARTESIAN_POINT('',(116.4211275997,59.727774565829,
    4.364030174594E-02));
#4661 = DIRECTION('',(0.442853588917,0.896593943089,-4.930340281514E-18)
  );
#4662 = DIRECTION('',(0.896593943089,-0.442853588917,0.));
#4663 = ADVANCED_FACE('',(#4664),#4681,.T.);
#4664 = FACE_BOUND('',#4665,.T.);
#4665 = EDGE_LOOP('',(#4666,#4667,#4675));
#4666 = ORIENTED_EDGE('',*,*,#4644,.F.);
#4667 = ORIENTED_EDGE('',*,*,#4668,.T.);
#4668 = EDGE_CURVE('',#4623,#4669,#4671,.T.);
#4669 = VERTEX_POINT('',#4670);
#4670 = CARTESIAN_POINT('',(116.30000305175,59.787601470947,-1.));
#4671 = LINE('',#4672,#4673);
#4672 = CARTESIAN_POINT('',(116.4639968872,59.706600189209,-1.));
#4673 = VECTOR('',#4674,1.);
#4674 = DIRECTION('',(-0.896593943089,0.442853588917,0.));
#4675 = ORIENTED_EDGE('',*,*,#4676,.F.);
#4676 = EDGE_CURVE('',#4645,#4669,#4677,.T.);
#4677 = LINE('',#4678,#4679);
#4678 = CARTESIAN_POINT('',(116.30000305175,59.787601470947,1.));
#4679 = VECTOR('',#4680,1.);
#4680 = DIRECTION('',(0.,0.,-1.));
#4681 = PLANE('',#4682);
#4682 = AXIS2_PLACEMENT_3D('',#4683,#4684,#4685);
#4683 = CARTESIAN_POINT('',(116.34287233926,59.766427094328,
    -4.364030174594E-02));
#4684 = DIRECTION('',(0.442853588917,0.896593943089,4.930340281514E-18)
  );
#4685 = DIRECTION('',(0.896593943089,-0.442853588917,0.));
#4686 = ADVANCED_FACE('',(#4687),#4704,.T.);
#4687 = FACE_BOUND('',#4688,.T.);
#4688 = EDGE_LOOP('',(#4689,#4697,#4703));
#4689 = ORIENTED_EDGE('',*,*,#4690,.T.);
#4690 = EDGE_CURVE('',#4669,#4691,#4693,.T.);
#4691 = VERTEX_POINT('',#4692);
#4692 = CARTESIAN_POINT('',(116.14800262451,59.889301300049,1.));
#4693 = LINE('',#4694,#4695);
#4694 = CARTESIAN_POINT('',(116.30000305175,59.787601470947,-1.));
#4695 = VECTOR('',#4696,1.);
#4696 = DIRECTION('',(-7.56844452782E-02,5.063864154788E-02,
    0.995845165036));
#4697 = ORIENTED_EDGE('',*,*,#4698,.T.);
#4698 = EDGE_CURVE('',#4691,#4645,#4699,.T.);
#4699 = LINE('',#4700,#4701);
#4700 = CARTESIAN_POINT('',(116.14800262451,59.889301300049,1.));
#4701 = VECTOR('',#4702,1.);
#4702 = DIRECTION('',(0.831124950649,-0.556085709589,0.));
#4703 = ORIENTED_EDGE('',*,*,#4676,.T.);
#4704 = PLANE('',#4705);
#4705 = AXIS2_PLACEMENT_3D('',#4706,#4707,#4708);
#4706 = CARTESIAN_POINT('',(116.2602691478,59.81418647018,
    4.363520748587E-02));
#4707 = DIRECTION('',(0.556085709589,0.831124950649,-9.860737874751E-18)
  );
#4708 = DIRECTION('',(0.831124950649,-0.556085709589,0.));
#4709 = ADVANCED_FACE('',(#4710),#4727,.T.);
#4710 = FACE_BOUND('',#4711,.T.);
#4711 = EDGE_LOOP('',(#4712,#4713,#4721));
#4712 = ORIENTED_EDGE('',*,*,#4690,.F.);
#4713 = ORIENTED_EDGE('',*,*,#4714,.T.);
#4714 = EDGE_CURVE('',#4669,#4715,#4717,.T.);
#4715 = VERTEX_POINT('',#4716);
#4716 = CARTESIAN_POINT('',(116.14800262451,59.889301300049,-1.));
#4717 = LINE('',#4718,#4719);
#4718 = CARTESIAN_POINT('',(116.30000305175,59.787601470947,-1.));
#4719 = VECTOR('',#4720,1.);
#4720 = DIRECTION('',(-0.831124950649,0.556085709589,0.));
#4721 = ORIENTED_EDGE('',*,*,#4722,.T.);
#4722 = EDGE_CURVE('',#4715,#4691,#4723,.T.);
#4723 = LINE('',#4724,#4725);
#4724 = CARTESIAN_POINT('',(116.14800262451,59.889301300049,-1.));
#4725 = VECTOR('',#4726,1.);
#4726 = DIRECTION('',(0.,0.,1.));
#4727 = PLANE('',#4728);
#4728 = AXIS2_PLACEMENT_3D('',#4729,#4730,#4731);
#4729 = CARTESIAN_POINT('',(116.18773652846,59.862716300816,
    -4.363520748587E-02));
#4730 = DIRECTION('',(0.556085709589,0.831124950649,-4.930368937375E-18)
  );
#4731 = DIRECTION('',(0.831124950649,-0.556085709589,0.));
#4732 = ADVANCED_FACE('',(#4733),#4750,.T.);
#4733 = FACE_BOUND('',#4734,.T.);
#4734 = EDGE_LOOP('',(#4735,#4743,#4749));
#4735 = ORIENTED_EDGE('',*,*,#4736,.T.);
#4736 = EDGE_CURVE('',#4715,#4737,#4739,.T.);
#4737 = VERTEX_POINT('',#4738);
#4738 = CARTESIAN_POINT('',(116.01000213623,60.010101318359,1.));
#4739 = LINE('',#4740,#4741);
#4740 = CARTESIAN_POINT('',(116.14800262451,59.889301300049,-1.));
#4741 = VECTOR('',#4742,1.);
#4742 = DIRECTION('',(-6.871194291064E-02,6.014764197676E-02,
    0.995821736088));
#4743 = ORIENTED_EDGE('',*,*,#4744,.T.);
#4744 = EDGE_CURVE('',#4737,#4691,#4745,.T.);
#4745 = LINE('',#4746,#4747);
#4746 = CARTESIAN_POINT('',(116.01000213623,60.010101318359,1.));
#4747 = VECTOR('',#4748,1.);
#4748 = DIRECTION('',(0.752442678813,-0.658657737449,0.));
#4749 = ORIENTED_EDGE('',*,*,#4722,.F.);
#4750 = PLANE('',#4751);
#4751 = AXIS2_PLACEMENT_3D('',#4752,#4753,#4754);
#4752 = CARTESIAN_POINT('',(116.1119239548,59.920883101064,
    4.375293343067E-02));
#4753 = DIRECTION('',(0.658657737449,0.752442678813,0.));
#4754 = DIRECTION('',(0.752442678813,-0.658657737449,0.));
#4755 = ADVANCED_FACE('',(#4756),#4773,.T.);
#4756 = FACE_BOUND('',#4757,.T.);
#4757 = EDGE_LOOP('',(#4758,#4759,#4767));
#4758 = ORIENTED_EDGE('',*,*,#4736,.F.);
#4759 = ORIENTED_EDGE('',*,*,#4760,.T.);
#4760 = EDGE_CURVE('',#4715,#4761,#4763,.T.);
#4761 = VERTEX_POINT('',#4762);
#4762 = CARTESIAN_POINT('',(116.01000213623,60.010101318359,-1.));
#4763 = LINE('',#4764,#4765);
#4764 = CARTESIAN_POINT('',(116.14800262451,59.889301300049,-1.));
#4765 = VECTOR('',#4766,1.);
#4766 = DIRECTION('',(-0.752442678813,0.658657737449,0.));
#4767 = ORIENTED_EDGE('',*,*,#4768,.F.);
#4768 = EDGE_CURVE('',#4737,#4761,#4769,.T.);
#4769 = LINE('',#4770,#4771);
#4770 = CARTESIAN_POINT('',(116.01000213623,60.010101318359,1.));
#4771 = VECTOR('',#4772,1.);
#4772 = DIRECTION('',(0.,0.,-1.));
#4773 = PLANE('',#4774);
#4774 = AXIS2_PLACEMENT_3D('',#4775,#4776,#4777);
#4775 = CARTESIAN_POINT('',(116.04608080593,59.978519517344,
    -4.375293343067E-02));
#4776 = DIRECTION('',(0.658657737449,0.752442678813,9.859413815399E-18)
  );
#4777 = DIRECTION('',(0.752442678813,-0.658657737449,0.));
#4778 = ADVANCED_FACE('',(#4779),#4805,.T.);
#4779 = FACE_BOUND('',#4780,.T.);
#4780 = EDGE_LOOP('',(#4781,#4791,#4799));
#4781 = ORIENTED_EDGE('',*,*,#4782,.T.);
#4782 = EDGE_CURVE('',#4783,#4785,#4787,.T.);
#4783 = VERTEX_POINT('',#4784);
#4784 = CARTESIAN_POINT('',(116.01000213623,61.990001678467,-1.));
#4785 = VERTEX_POINT('',#4786);
#4786 = CARTESIAN_POINT('',(116.14800262451,62.110698699951,1.));
#4787 = LINE('',#4788,#4789);
#4788 = CARTESIAN_POINT('',(116.01000213623,61.990001678467,-1.));
#4789 = VECTOR('',#4790,1.);
#4790 = DIRECTION('',(6.871215476778E-02,6.009654403064E-02,
    0.995824806471));
#4791 = ORIENTED_EDGE('',*,*,#4792,.T.);
#4792 = EDGE_CURVE('',#4785,#4793,#4795,.T.);
#4793 = VERTEX_POINT('',#4794);
#4794 = CARTESIAN_POINT('',(116.01000213623,61.990001678467,1.));
#4795 = LINE('',#4796,#4797);
#4796 = CARTESIAN_POINT('',(116.14800262451,62.110698699951,1.));
#4797 = VECTOR('',#4798,1.);
#4798 = DIRECTION('',(-0.752721038037,-0.658339607571,0.));
#4799 = ORIENTED_EDGE('',*,*,#4800,.T.);
#4800 = EDGE_CURVE('',#4793,#4783,#4801,.T.);
#4801 = LINE('',#4802,#4803);
#4802 = CARTESIAN_POINT('',(116.01000213623,61.990001678467,1.));
#4803 = VECTOR('',#4804,1.);
#4804 = DIRECTION('',(0.,0.,-1.));
#4805 = PLANE('',#4806);
#4806 = AXIS2_PLACEMENT_3D('',#4807,#4808,#4809);
#4807 = CARTESIAN_POINT('',(116.04608022461,62.021556043698,
    4.373752570778E-02));
#4808 = DIRECTION('',(0.658339607571,-0.752721038037,9.859587059419E-18)
  );
#4809 = DIRECTION('',(-0.752721038037,-0.658339607571,7.703719777549E-34
    ));
#4810 = ADVANCED_FACE('',(#4811),#4828,.T.);
#4811 = FACE_BOUND('',#4812,.T.);
#4812 = EDGE_LOOP('',(#4813,#4814,#4822));
#4813 = ORIENTED_EDGE('',*,*,#4782,.F.);
#4814 = ORIENTED_EDGE('',*,*,#4815,.T.);
#4815 = EDGE_CURVE('',#4783,#4816,#4818,.T.);
#4816 = VERTEX_POINT('',#4817);
#4817 = CARTESIAN_POINT('',(116.14800262451,62.110698699951,-1.));
#4818 = LINE('',#4819,#4820);
#4819 = CARTESIAN_POINT('',(116.01000213623,61.990001678467,-1.));
#4820 = VECTOR('',#4821,1.);
#4821 = DIRECTION('',(0.752721038037,0.658339607571,0.));
#4822 = ORIENTED_EDGE('',*,*,#4823,.T.);
#4823 = EDGE_CURVE('',#4816,#4785,#4824,.T.);
#4824 = LINE('',#4825,#4826);
#4825 = CARTESIAN_POINT('',(116.14800262451,62.110698699951,-1.));
#4826 = VECTOR('',#4827,1.);
#4827 = DIRECTION('',(0.,0.,1.));
#4828 = PLANE('',#4829);
#4829 = AXIS2_PLACEMENT_3D('',#4830,#4831,#4832);
#4830 = CARTESIAN_POINT('',(116.11192453612,62.07914433472,
    -4.373752570778E-02));
#4831 = DIRECTION('',(0.658339607571,-0.752721038037,-0.));
#4832 = DIRECTION('',(-0.752721038037,-0.658339607571,0.));
#4833 = ADVANCED_FACE('',(#4834),#4851,.T.);
#4834 = FACE_BOUND('',#4835,.T.);
#4835 = EDGE_LOOP('',(#4836,#4844,#4845));
#4836 = ORIENTED_EDGE('',*,*,#4837,.T.);
#4837 = EDGE_CURVE('',#4838,#4783,#4840,.T.);
#4838 = VERTEX_POINT('',#4839);
#4839 = CARTESIAN_POINT('',(115.88899993896,61.852298736572,1.));
#4840 = LINE('',#4841,#4842);
#4841 = CARTESIAN_POINT('',(115.88899993896,61.852298736572,1.));
#4842 = VECTOR('',#4843,1.);
#4843 = DIRECTION('',(6.024855662875E-02,6.856407305121E-02,
    -0.995825827799));
#4844 = ORIENTED_EDGE('',*,*,#4800,.F.);
#4845 = ORIENTED_EDGE('',*,*,#4846,.T.);
#4846 = EDGE_CURVE('',#4793,#4838,#4847,.T.);
#4847 = LINE('',#4848,#4849);
#4848 = CARTESIAN_POINT('',(116.01000213623,61.990001678467,1.));
#4849 = VECTOR('',#4850,1.);
#4850 = DIRECTION('',(-0.660085430445,-0.751190538089,0.));
#4851 = PLANE('',#4852);
#4852 = AXIS2_PLACEMENT_3D('',#4853,#4854,#4855);
#4853 = CARTESIAN_POINT('',(115.97836815711,61.954001571966,
    4.373239914656E-02));
#4854 = DIRECTION('',(0.751190538089,-0.660085430445,9.859644705411E-18)
  );
#4855 = DIRECTION('',(0.660085430445,0.751190538089,0.));
#4856 = ADVANCED_FACE('',(#4857),#4874,.T.);
#4857 = FACE_BOUND('',#4858,.T.);
#4858 = EDGE_LOOP('',(#4859,#4860,#4868));
#4859 = ORIENTED_EDGE('',*,*,#4837,.F.);
#4860 = ORIENTED_EDGE('',*,*,#4861,.F.);
#4861 = EDGE_CURVE('',#4862,#4838,#4864,.T.);
#4862 = VERTEX_POINT('',#4863);
#4863 = CARTESIAN_POINT('',(115.88899993896,61.852298736572,-1.));
#4864 = LINE('',#4865,#4866);
#4865 = CARTESIAN_POINT('',(115.88899993896,61.852298736572,-1.));
#4866 = VECTOR('',#4867,1.);
#4867 = DIRECTION('',(0.,0.,1.));
#4868 = ORIENTED_EDGE('',*,*,#4869,.T.);
#4869 = EDGE_CURVE('',#4862,#4783,#4870,.T.);
#4870 = LINE('',#4871,#4872);
#4871 = CARTESIAN_POINT('',(115.88899993896,61.852298736572,-1.));
#4872 = VECTOR('',#4873,1.);
#4873 = DIRECTION('',(0.660085430445,0.751190538089,0.));
#4874 = PLANE('',#4875);
#4875 = AXIS2_PLACEMENT_3D('',#4876,#4877,#4878);
#4876 = CARTESIAN_POINT('',(115.92063391808,61.888298843073,
    -4.373239914656E-02));
#4877 = DIRECTION('',(0.751190538089,-0.660085430445,0.));
#4878 = DIRECTION('',(0.660085430445,0.751190538089,0.));
#4879 = ADVANCED_FACE('',(#4880),#4897,.T.);
#4880 = FACE_BOUND('',#4881,.T.);
#4881 = EDGE_LOOP('',(#4882,#4890,#4891));
#4882 = ORIENTED_EDGE('',*,*,#4883,.T.);
#4883 = EDGE_CURVE('',#4884,#4862,#4886,.T.);
#4884 = VERTEX_POINT('',#4885);
#4885 = CARTESIAN_POINT('',(115.78800201416,61.700000762939,1.));
#4886 = LINE('',#4887,#4888);
#4887 = CARTESIAN_POINT('',(115.78800201416,61.700000762939,1.));
#4888 = VECTOR('',#4889,1.);
#4889 = DIRECTION('',(5.028947004602E-02,7.583308664894E-02,
    -0.995851551272));
#4890 = ORIENTED_EDGE('',*,*,#4861,.T.);
#4891 = ORIENTED_EDGE('',*,*,#4892,.T.);
#4892 = EDGE_CURVE('',#4838,#4884,#4893,.T.);
#4893 = LINE('',#4894,#4895);
#4894 = CARTESIAN_POINT('',(115.88899993896,61.852298736572,1.));
#4895 = VECTOR('',#4896,1.);
#4896 = DIRECTION('',(-0.552675327984,-0.833396653363,0.));
#4897 = PLANE('',#4898);
#4898 = AXIS2_PLACEMENT_3D('',#4899,#4900,#4901);
#4899 = CARTESIAN_POINT('',(115.86259930965,61.812488390425,
    4.360305566668E-02));
#4900 = DIRECTION('',(0.833396653363,-0.552675327984,1.97221992518E-17)
  );
#4901 = DIRECTION('',(0.552675327984,0.833396653363,-1.54074395551E-33)
  );
#4902 = ADVANCED_FACE('',(#4903),#4920,.T.);
#4903 = FACE_BOUND('',#4904,.T.);
#4904 = EDGE_LOOP('',(#4905,#4906,#4914));
#4905 = ORIENTED_EDGE('',*,*,#4883,.F.);
#4906 = ORIENTED_EDGE('',*,*,#4907,.T.);
#4907 = EDGE_CURVE('',#4884,#4908,#4910,.T.);
#4908 = VERTEX_POINT('',#4909);
#4909 = CARTESIAN_POINT('',(115.78800201416,61.700000762939,-1.));
#4910 = LINE('',#4911,#4912);
#4911 = CARTESIAN_POINT('',(115.78800201416,61.700000762939,1.));
#4912 = VECTOR('',#4913,1.);
#4913 = DIRECTION('',(0.,0.,-1.));
#4914 = ORIENTED_EDGE('',*,*,#4915,.T.);
#4915 = EDGE_CURVE('',#4908,#4862,#4916,.T.);
#4916 = LINE('',#4917,#4918);
#4917 = CARTESIAN_POINT('',(115.78800201416,61.700000762939,-1.));
#4918 = VECTOR('',#4919,1.);
#4919 = DIRECTION('',(0.552675327984,0.833396653363,0.));
#4920 = PLANE('',#4921);
#4921 = AXIS2_PLACEMENT_3D('',#4922,#4923,#4924);
#4922 = CARTESIAN_POINT('',(115.81440264347,61.739811109087,
    -4.360305566668E-02));
#4923 = DIRECTION('',(0.833396653363,-0.552675327984,-4.930549812951E-18
    ));
#4924 = DIRECTION('',(0.552675327984,0.833396653363,0.));
#4925 = ADVANCED_FACE('',(#4926),#4943,.T.);
#4926 = FACE_BOUND('',#4927,.T.);
#4927 = EDGE_LOOP('',(#4928,#4936,#4937));
#4928 = ORIENTED_EDGE('',*,*,#4929,.T.);
#4929 = EDGE_CURVE('',#4930,#4908,#4932,.T.);
#4930 = VERTEX_POINT('',#4931);
#4931 = CARTESIAN_POINT('',(115.70700073242,61.535800933838,1.));
#4932 = LINE('',#4933,#4934);
#4933 = CARTESIAN_POINT('',(115.70700073242,61.535800933838,1.));
#4934 = VECTOR('',#4935,1.);
#4935 = DIRECTION('',(4.033198838349E-02,8.175803466041E-02,
    -0.995835806989));
#4936 = ORIENTED_EDGE('',*,*,#4907,.F.);
#4937 = ORIENTED_EDGE('',*,*,#4938,.T.);
#4938 = EDGE_CURVE('',#4884,#4930,#4939,.T.);
#4939 = LINE('',#4940,#4941);
#4940 = CARTESIAN_POINT('',(115.78800201416,61.700000762939,1.));
#4941 = VECTOR('',#4942,1.);
#4942 = DIRECTION('',(-0.442406809502,-0.896814481878,0.));
#4943 = PLANE('',#4944);
#4944 = AXIS2_PLACEMENT_3D('',#4945,#4946,#4947);
#4945 = CARTESIAN_POINT('',(115.76682670823,61.657075743243,
    4.368227280712E-02));
#4946 = DIRECTION('',(0.896814481878,-0.442406809502,-4.930104217817E-18
    ));
#4947 = DIRECTION('',(0.442406809502,0.896814481878,0.));
#4948 = ADVANCED_FACE('',(#4949),#4966,.T.);
#4949 = FACE_BOUND('',#4950,.T.);
#4950 = EDGE_LOOP('',(#4951,#4952,#4960));
#4951 = ORIENTED_EDGE('',*,*,#4929,.F.);
#4952 = ORIENTED_EDGE('',*,*,#4953,.F.);
#4953 = EDGE_CURVE('',#4954,#4930,#4956,.T.);
#4954 = VERTEX_POINT('',#4955);
#4955 = CARTESIAN_POINT('',(115.70700073242,61.535800933838,-1.));
#4956 = LINE('',#4957,#4958);
#4957 = CARTESIAN_POINT('',(115.70700073242,61.535800933838,-1.));
#4958 = VECTOR('',#4959,1.);
#4959 = DIRECTION('',(0.,0.,1.));
#4960 = ORIENTED_EDGE('',*,*,#4961,.T.);
#4961 = EDGE_CURVE('',#4954,#4908,#4962,.T.);
#4962 = LINE('',#4963,#4964);
#4963 = CARTESIAN_POINT('',(115.70700073242,61.535800933838,-1.));
#4964 = VECTOR('',#4965,1.);
#4965 = DIRECTION('',(0.442406809502,0.896814481878,0.));
#4966 = PLANE('',#4967);
#4967 = AXIS2_PLACEMENT_3D('',#4968,#4969,#4970);
#4968 = CARTESIAN_POINT('',(115.72817603834,61.578725953534,
    -4.368227280712E-02));
#4969 = DIRECTION('',(0.896814481878,-0.442406809502,4.930104217817E-18)
  );
#4970 = DIRECTION('',(0.442406809502,0.896814481878,0.));
#4971 = ADVANCED_FACE('',(#4972),#4989,.T.);
#4972 = FACE_BOUND('',#4973,.T.);
#4973 = EDGE_LOOP('',(#4974,#4982,#4983));
#4974 = ORIENTED_EDGE('',*,*,#4975,.T.);
#4975 = EDGE_CURVE('',#4976,#4954,#4978,.T.);
#4976 = VERTEX_POINT('',#4977);
#4977 = CARTESIAN_POINT('',(115.64800262451,61.362300872803,1.));
#4978 = LINE('',#4979,#4980);
#4979 = CARTESIAN_POINT('',(115.64800262451,61.362300872803,1.));
#4980 = VECTOR('',#4981,1.);
#4981 = DIRECTION('',(2.937599477906E-02,8.638814137728E-02,
    -0.995828368726));
#4982 = ORIENTED_EDGE('',*,*,#4953,.T.);
#4983 = ORIENTED_EDGE('',*,*,#4984,.T.);
#4984 = EDGE_CURVE('',#4930,#4976,#4985,.T.);
#4985 = LINE('',#4986,#4987);
#4986 = CARTESIAN_POINT('',(115.70700073242,61.535800933838,1.));
#4987 = VECTOR('',#4988,1.);
#4988 = DIRECTION('',(-0.321942290325,-0.946759294488,0.));
#4989 = PLANE('',#4990);
#4990 = AXIS2_PLACEMENT_3D('',#4991,#4992,#4993);
#4991 = CARTESIAN_POINT('',(115.69157688014,61.490442880736,
    4.371964200013E-02));
#4992 = DIRECTION('',(0.946759294488,-0.321942290325,-9.859788160743E-18
    ));
#4993 = DIRECTION('',(0.321942290325,0.946759294488,-3.851859888774E-34)
  );
#4994 = ADVANCED_FACE('',(#4995),#5012,.T.);
#4995 = FACE_BOUND('',#4996,.T.);
#4996 = EDGE_LOOP('',(#4997,#4998,#5006));
#4997 = ORIENTED_EDGE('',*,*,#4975,.F.);
#4998 = ORIENTED_EDGE('',*,*,#4999,.T.);
#4999 = EDGE_CURVE('',#4976,#5000,#5002,.T.);
#5000 = VERTEX_POINT('',#5001);
#5001 = CARTESIAN_POINT('',(115.64800262451,61.362300872803,-1.));
#5002 = LINE('',#5003,#5004);
#5003 = CARTESIAN_POINT('',(115.64800262451,61.362300872803,1.));
#5004 = VECTOR('',#5005,1.);
#5005 = DIRECTION('',(0.,0.,-1.));
#5006 = ORIENTED_EDGE('',*,*,#5007,.T.);
#5007 = EDGE_CURVE('',#5000,#4954,#5008,.T.);
#5008 = LINE('',#5009,#5010);
#5009 = CARTESIAN_POINT('',(115.64800262451,61.362300872803,-1.));
#5010 = VECTOR('',#5011,1.);
#5011 = DIRECTION('',(0.321942290325,0.946759294488,0.));
#5012 = PLANE('',#5013);
#5013 = AXIS2_PLACEMENT_3D('',#5014,#5015,#5016);
#5014 = CARTESIAN_POINT('',(115.66342647678,61.407658925905,
    -4.371964200013E-02));
#5015 = DIRECTION('',(0.946759294488,-0.321942290325,-7.394841120557E-18
    ));
#5016 = DIRECTION('',(0.321942290325,0.946759294488,-3.851859888774E-34)
  );
#5017 = ADVANCED_FACE('',(#5018),#5035,.T.);
#5018 = FACE_BOUND('',#5019,.T.);
#5019 = EDGE_LOOP('',(#5020,#5028,#5029));
#5020 = ORIENTED_EDGE('',*,*,#5021,.T.);
#5021 = EDGE_CURVE('',#5022,#5000,#5024,.T.);
#5022 = VERTEX_POINT('',#5023);
#5023 = CARTESIAN_POINT('',(115.61199951171,61.18270111084,1.));
#5024 = LINE('',#5025,#5026);
#5025 = CARTESIAN_POINT('',(115.61199951171,61.18270111084,1.));
#5026 = VECTOR('',#5027,1.);
#5027 = DIRECTION('',(1.79265288708E-02,8.942560985017E-02,
    -0.995832164506));
#5028 = ORIENTED_EDGE('',*,*,#4999,.F.);
#5029 = ORIENTED_EDGE('',*,*,#5030,.T.);
#5030 = EDGE_CURVE('',#4976,#5022,#5031,.T.);
#5031 = LINE('',#5032,#5033);
#5032 = CARTESIAN_POINT('',(115.64800262451,61.362300872803,1.));
#5033 = VECTOR('',#5034,1.);
#5034 = DIRECTION('',(-0.196552653743,-0.980493270913,0.));
#5035 = PLANE('',#5036);
#5036 = AXIS2_PLACEMENT_3D('',#5037,#5038,#5039);
#5037 = CARTESIAN_POINT('',(115.63859053246,61.31534911334,
    4.370057683212E-02));
#5038 = DIRECTION('',(0.980493270913,-0.196552653743,-4.930001284055E-18
    ));
#5039 = DIRECTION('',(0.196552653743,0.980493270913,0.));
#5040 = ADVANCED_FACE('',(#5041),#5058,.T.);
#5041 = FACE_BOUND('',#5042,.T.);
#5042 = EDGE_LOOP('',(#5043,#5044,#5052));
#5043 = ORIENTED_EDGE('',*,*,#5021,.F.);
#5044 = ORIENTED_EDGE('',*,*,#5045,.T.);
#5045 = EDGE_CURVE('',#5022,#5046,#5048,.T.);
#5046 = VERTEX_POINT('',#5047);
#5047 = CARTESIAN_POINT('',(115.61199951171,61.18270111084,-1.));
#5048 = LINE('',#5049,#5050);
#5049 = CARTESIAN_POINT('',(115.61199951171,61.18270111084,1.));
#5050 = VECTOR('',#5051,1.);
#5051 = DIRECTION('',(0.,0.,-1.));
#5052 = ORIENTED_EDGE('',*,*,#5053,.T.);
#5053 = EDGE_CURVE('',#5046,#5000,#5054,.T.);
#5054 = LINE('',#5055,#5056);
#5055 = CARTESIAN_POINT('',(115.61199951171,61.18270111084,-1.));
#5056 = VECTOR('',#5057,1.);
#5057 = DIRECTION('',(0.196552653743,0.980493270913,0.));
#5058 = PLANE('',#5059);
#5059 = AXIS2_PLACEMENT_3D('',#5060,#5061,#5062);
#5060 = CARTESIAN_POINT('',(115.62141160376,61.229652870302,
    -4.370057683212E-02));
#5061 = DIRECTION('',(0.980493270913,-0.196552653743,-2.465000642028E-18
    ));
#5062 = DIRECTION('',(0.196552653743,0.980493270913,0.));
#5063 = ADVANCED_FACE('',(#5064),#5081,.T.);
#5064 = FACE_BOUND('',#5065,.T.);
#5065 = EDGE_LOOP('',(#5066,#5074,#5080));
#5066 = ORIENTED_EDGE('',*,*,#5067,.T.);
#5067 = EDGE_CURVE('',#4816,#5068,#5070,.T.);
#5068 = VERTEX_POINT('',#5069);
#5069 = CARTESIAN_POINT('',(116.30000305175,62.212398529053,1.));
#5070 = LINE('',#5071,#5072);
#5071 = CARTESIAN_POINT('',(116.14800262451,62.110698699951,-1.));
#5072 = VECTOR('',#5073,1.);
#5073 = DIRECTION('',(7.56844452782E-02,5.063864154788E-02,
    0.995845165036));
#5074 = ORIENTED_EDGE('',*,*,#5075,.T.);
#5075 = EDGE_CURVE('',#5068,#4785,#5076,.T.);
#5076 = LINE('',#5077,#5078);
#5077 = CARTESIAN_POINT('',(116.30000305175,62.212398529053,1.));
#5078 = VECTOR('',#5079,1.);
#5079 = DIRECTION('',(-0.831124950649,-0.556085709589,0.));
#5080 = ORIENTED_EDGE('',*,*,#4823,.F.);
#5081 = PLANE('',#5082);
#5082 = AXIS2_PLACEMENT_3D('',#5083,#5084,#5085);
#5083 = CARTESIAN_POINT('',(116.18773652846,62.137283699184,
    4.363520748587E-02));
#5084 = DIRECTION('',(0.556085709589,-0.831124950649,-0.));
#5085 = DIRECTION('',(-0.831124950649,-0.556085709589,0.));
#5086 = ADVANCED_FACE('',(#5087),#5104,.T.);
#5087 = FACE_BOUND('',#5088,.T.);
#5088 = EDGE_LOOP('',(#5089,#5090,#5098));
#5089 = ORIENTED_EDGE('',*,*,#5067,.F.);
#5090 = ORIENTED_EDGE('',*,*,#5091,.T.);
#5091 = EDGE_CURVE('',#4816,#5092,#5094,.T.);
#5092 = VERTEX_POINT('',#5093);
#5093 = CARTESIAN_POINT('',(116.30000305175,62.212398529053,-1.));
#5094 = LINE('',#5095,#5096);
#5095 = CARTESIAN_POINT('',(116.14800262451,62.110698699951,-1.));
#5096 = VECTOR('',#5097,1.);
#5097 = DIRECTION('',(0.831124950649,0.556085709589,0.));
#5098 = ORIENTED_EDGE('',*,*,#5099,.F.);
#5099 = EDGE_CURVE('',#5068,#5092,#5100,.T.);
#5100 = LINE('',#5101,#5102);
#5101 = CARTESIAN_POINT('',(116.30000305175,62.212398529053,1.));
#5102 = VECTOR('',#5103,1.);
#5103 = DIRECTION('',(0.,0.,-1.));
#5104 = PLANE('',#5105);
#5105 = AXIS2_PLACEMENT_3D('',#5106,#5107,#5108);
#5106 = CARTESIAN_POINT('',(116.2602691478,62.18581352982,
    -4.363520748587E-02));
#5107 = DIRECTION('',(0.556085709589,-0.831124950649,-0.));
#5108 = DIRECTION('',(-0.831124950649,-0.556085709589,0.));
#5109 = ADVANCED_FACE('',(#5110),#5127,.T.);
#5110 = FACE_BOUND('',#5111,.T.);
#5111 = EDGE_LOOP('',(#5112,#5120,#5126));
#5112 = ORIENTED_EDGE('',*,*,#5113,.T.);
#5113 = EDGE_CURVE('',#5092,#5114,#5116,.T.);
#5114 = VERTEX_POINT('',#5115);
#5115 = CARTESIAN_POINT('',(116.4639968872,62.293399810791,1.));
#5116 = LINE('',#5117,#5118);
#5117 = CARTESIAN_POINT('',(116.30000305175,62.212398529053,-1.));
#5118 = VECTOR('',#5119,1.);
#5119 = DIRECTION('',(8.165615105449E-02,4.033232638965E-02,
    0.995844152688));
#5120 = ORIENTED_EDGE('',*,*,#5121,.T.);
#5121 = EDGE_CURVE('',#5114,#5068,#5122,.T.);
#5122 = LINE('',#5123,#5124);
#5123 = CARTESIAN_POINT('',(116.4639968872,62.293399810791,1.));
#5124 = VECTOR('',#5125,1.);
#5125 = DIRECTION('',(-0.896593943089,-0.442853588917,0.));
#5126 = ORIENTED_EDGE('',*,*,#5099,.T.);
#5127 = PLANE('',#5128);
#5128 = AXIS2_PLACEMENT_3D('',#5129,#5130,#5131);
#5129 = CARTESIAN_POINT('',(116.34287233926,62.233572905672,
    4.364030174594E-02));
#5130 = DIRECTION('',(0.442853588917,-0.896593943089,-1.479102084454E-17
    ));
#5131 = DIRECTION('',(-0.896593943089,-0.442853588917,7.703719777549E-34
    ));
#5132 = ADVANCED_FACE('',(#5133),#5150,.T.);
#5133 = FACE_BOUND('',#5134,.T.);
#5134 = EDGE_LOOP('',(#5135,#5136,#5144));
#5135 = ORIENTED_EDGE('',*,*,#5113,.F.);
#5136 = ORIENTED_EDGE('',*,*,#5137,.T.);
#5137 = EDGE_CURVE('',#5092,#5138,#5140,.T.);
#5138 = VERTEX_POINT('',#5139);
#5139 = CARTESIAN_POINT('',(116.4639968872,62.293399810791,-1.));
#5140 = LINE('',#5141,#5142);
#5141 = CARTESIAN_POINT('',(116.30000305175,62.212398529053,-1.));
#5142 = VECTOR('',#5143,1.);
#5143 = DIRECTION('',(0.896593943089,0.442853588917,0.));
#5144 = ORIENTED_EDGE('',*,*,#5145,.F.);
#5145 = EDGE_CURVE('',#5114,#5138,#5146,.T.);
#5146 = LINE('',#5147,#5148);
#5147 = CARTESIAN_POINT('',(116.4639968872,62.293399810791,1.));
#5148 = VECTOR('',#5149,1.);
#5149 = DIRECTION('',(0.,0.,-1.));
#5150 = PLANE('',#5151);
#5151 = AXIS2_PLACEMENT_3D('',#5152,#5153,#5154);
#5152 = CARTESIAN_POINT('',(116.4211275997,62.272225434171,
    -4.364030174594E-02));
#5153 = DIRECTION('',(0.442853588917,-0.896593943089,-4.930340281514E-18
    ));
#5154 = DIRECTION('',(-0.896593943089,-0.442853588917,0.));
#5155 = ADVANCED_FACE('',(#5156),#5173,.T.);
#5156 = FACE_BOUND('',#5157,.T.);
#5157 = EDGE_LOOP('',(#5158,#5166,#5172));
#5158 = ORIENTED_EDGE('',*,*,#5159,.T.);
#5159 = EDGE_CURVE('',#5138,#5160,#5162,.T.);
#5160 = VERTEX_POINT('',#5161);
#5161 = CARTESIAN_POINT('',(116.63800048828,62.352298736572,1.));
#5162 = LINE('',#5163,#5164);
#5163 = CARTESIAN_POINT('',(116.4639968872,62.293399810791,-1.));
#5164 = VECTOR('',#5165,1.);
#5165 = DIRECTION('',(8.663710748808E-02,2.93260170039E-02,
    0.995808212626));
#5166 = ORIENTED_EDGE('',*,*,#5167,.T.);
#5167 = EDGE_CURVE('',#5160,#5114,#5168,.T.);
#5168 = LINE('',#5169,#5170);
#5169 = CARTESIAN_POINT('',(116.63800048828,62.352298736572,1.));
#5170 = VECTOR('',#5171,1.);
#5171 = DIRECTION('',(-0.947207043787,-0.320622544747,0.));
#5172 = ORIENTED_EDGE('',*,*,#5145,.T.);
#5173 = PLANE('',#5174);
#5174 = AXIS2_PLACEMENT_3D('',#5175,#5176,#5177);
#5175 = CARTESIAN_POINT('',(116.50949138949,62.308799361704,
    4.382072380218E-02));
#5176 = DIRECTION('',(0.320622544747,-0.947207043787,7.393988810325E-18)
  );
#5177 = DIRECTION('',(-0.947207043787,-0.320622544747,
    -3.851859888774E-34));
#5178 = ADVANCED_FACE('',(#5179),#5196,.T.);
#5179 = FACE_BOUND('',#5180,.T.);
#5180 = EDGE_LOOP('',(#5181,#5182,#5190));
#5181 = ORIENTED_EDGE('',*,*,#5159,.F.);
#5182 = ORIENTED_EDGE('',*,*,#5183,.T.);
#5183 = EDGE_CURVE('',#5138,#5184,#5186,.T.);
#5184 = VERTEX_POINT('',#5185);
#5185 = CARTESIAN_POINT('',(116.63800048828,62.352298736572,-1.));
#5186 = LINE('',#5187,#5188);
#5187 = CARTESIAN_POINT('',(116.4639968872,62.293399810791,-1.));
#5188 = VECTOR('',#5189,1.);
#5189 = DIRECTION('',(0.947207043787,0.320622544747,0.));
#5190 = ORIENTED_EDGE('',*,*,#5191,.F.);
#5191 = EDGE_CURVE('',#5160,#5184,#5192,.T.);
#5192 = LINE('',#5193,#5194);
#5193 = CARTESIAN_POINT('',(116.63800048828,62.352298736572,1.));
#5194 = VECTOR('',#5195,1.);
#5195 = DIRECTION('',(0.,0.,-1.));
#5196 = PLANE('',#5197);
#5197 = AXIS2_PLACEMENT_3D('',#5198,#5199,#5200);
#5198 = CARTESIAN_POINT('',(116.59250598599,62.33689918566,
    -4.382072380218E-02));
#5199 = DIRECTION('',(0.320622544747,-0.947207043787,-2.464662936775E-18
    ));
#5200 = DIRECTION('',(-0.947207043787,-0.320622544747,0.));
#5201 = ADVANCED_FACE('',(#5202),#5219,.T.);
#5202 = FACE_BOUND('',#5203,.T.);
#5203 = EDGE_LOOP('',(#5204,#5212,#5218));
#5204 = ORIENTED_EDGE('',*,*,#5205,.T.);
#5205 = EDGE_CURVE('',#5184,#5206,#5208,.T.);
#5206 = VERTEX_POINT('',#5207);
#5207 = CARTESIAN_POINT('',(116.81700134277,62.388000488281,1.));
#5208 = LINE('',#5209,#5210);
#5209 = CARTESIAN_POINT('',(116.63800048828,62.352298736572,-1.));
#5210 = VECTOR('',#5211,1.);
#5211 = DIRECTION('',(8.913001586329E-02,1.777699723946E-02,
    0.995861345088));
#5212 = ORIENTED_EDGE('',*,*,#5213,.T.);
#5213 = EDGE_CURVE('',#5206,#5160,#5214,.T.);
#5214 = LINE('',#5215,#5216);
#5215 = CARTESIAN_POINT('',(116.81700134277,62.388000488281,1.));
#5216 = VECTOR('',#5217,1.);
#5217 = DIRECTION('',(-0.980684231886,-0.195597641425,0.));
#5218 = ORIENTED_EDGE('',*,*,#5191,.T.);
#5219 = PLANE('',#5220);
#5220 = AXIS2_PLACEMENT_3D('',#5221,#5222,#5223);
#5221 = CARTESIAN_POINT('',(116.68478849242,62.361630612174,
    4.355369620117E-02));
#5222 = DIRECTION('',(0.195597641425,-0.980684231886,-2.465413775943E-18
    ));
#5223 = DIRECTION('',(-0.980684231886,-0.195597641425,0.));
#5224 = ADVANCED_FACE('',(#5225),#5242,.T.);
#5225 = FACE_BOUND('',#5226,.T.);
#5226 = EDGE_LOOP('',(#5227,#5228,#5236));
#5227 = ORIENTED_EDGE('',*,*,#5205,.F.);
#5228 = ORIENTED_EDGE('',*,*,#5229,.T.);
#5229 = EDGE_CURVE('',#5184,#5230,#5232,.T.);
#5230 = VERTEX_POINT('',#5231);
#5231 = CARTESIAN_POINT('',(116.81700134277,62.388000488281,-1.));
#5232 = LINE('',#5233,#5234);
#5233 = CARTESIAN_POINT('',(116.63800048828,62.352298736572,-1.));
#5234 = VECTOR('',#5235,1.);
#5235 = DIRECTION('',(0.980684231886,0.195597641425,0.));
#5236 = ORIENTED_EDGE('',*,*,#5237,.F.);
#5237 = EDGE_CURVE('',#5206,#5230,#5238,.T.);
#5238 = LINE('',#5239,#5240);
#5239 = CARTESIAN_POINT('',(116.81700134277,62.388000488281,1.));
#5240 = VECTOR('',#5241,1.);
#5241 = DIRECTION('',(0.,0.,-1.));
#5242 = PLANE('',#5243);
#5243 = AXIS2_PLACEMENT_3D('',#5244,#5245,#5246);
#5244 = CARTESIAN_POINT('',(116.77021333863,62.378668612679,
    -4.355369620117E-02));
#5245 = DIRECTION('',(0.195597641425,-0.980684231886,-7.396241327829E-18
    ));
#5246 = DIRECTION('',(-0.980684231886,-0.195597641425,0.));
#5247 = ADVANCED_FACE('',(#5248),#5265,.T.);
#5248 = FACE_BOUND('',#5249,.T.);
#5249 = EDGE_LOOP('',(#5250,#5258,#5264));
#5250 = ORIENTED_EDGE('',*,*,#5251,.T.);
#5251 = EDGE_CURVE('',#5230,#5252,#5254,.T.);
#5252 = VERTEX_POINT('',#5253);
#5253 = CARTESIAN_POINT('',(117.,62.400001525879,1.));
#5254 = LINE('',#5255,#5256);
#5255 = CARTESIAN_POINT('',(116.81700134277,62.388000488281,-1.));
#5256 = VECTOR('',#5257,1.);
#5257 = DIRECTION('',(9.111706822477E-02,5.975450192511E-03,
    0.995822260182));
#5258 = ORIENTED_EDGE('',*,*,#5259,.T.);
#5259 = EDGE_CURVE('',#5252,#5206,#5260,.T.);
#5260 = LINE('',#5261,#5262);
#5261 = CARTESIAN_POINT('',(117.,62.400001525879,1.));
#5262 = VECTOR('',#5263,1.);
#5263 = DIRECTION('',(-0.997856548267,-6.543935422428E-02,0.));
#5264 = ORIENTED_EDGE('',*,*,#5237,.T.);
#5265 = PLANE('',#5266);
#5266 = AXIS2_PLACEMENT_3D('',#5267,#5268,#5269);
#5267 = CARTESIAN_POINT('',(116.86484414418,62.391138015448,
    4.375030387171E-02));
#5268 = DIRECTION('',(6.543935422428E-02,-0.997856548267,
    8.161372207561E-19));
#5269 = DIRECTION('',(-0.997856548267,-6.543935422428E-02,0.));
#5270 = ADVANCED_FACE('',(#5271),#5288,.T.);
#5271 = FACE_BOUND('',#5272,.T.);
#5272 = EDGE_LOOP('',(#5273,#5274,#5282));
#5273 = ORIENTED_EDGE('',*,*,#5251,.F.);
#5274 = ORIENTED_EDGE('',*,*,#5275,.T.);
#5275 = EDGE_CURVE('',#5230,#5276,#5278,.T.);
#5276 = VERTEX_POINT('',#5277);
#5277 = CARTESIAN_POINT('',(117.,62.400001525879,-1.));
#5278 = LINE('',#5279,#5280);
#5279 = CARTESIAN_POINT('',(116.81700134277,62.388000488281,-1.));
#5280 = VECTOR('',#5281,1.);
#5281 = DIRECTION('',(0.997856548267,6.543935422428E-02,0.));
#5282 = ORIENTED_EDGE('',*,*,#5283,.T.);
#5283 = EDGE_CURVE('',#5276,#5252,#5284,.T.);
#5284 = LINE('',#5285,#5286);
#5285 = CARTESIAN_POINT('',(117.,62.400001525879,-1.));
#5286 = VECTOR('',#5287,1.);
#5287 = DIRECTION('',(0.,0.,1.));
#5288 = PLANE('',#5289);
#5289 = AXIS2_PLACEMENT_3D('',#5290,#5291,#5292);
#5290 = CARTESIAN_POINT('',(116.95215719859,62.396863998713,
    -4.375030387171E-02));
#5291 = DIRECTION('',(6.543935422428E-02,-0.997856548267,
    2.550840843994E-18));
#5292 = DIRECTION('',(-0.997856548267,-6.543935422428E-02,0.));
#5293 = ADVANCED_FACE('',(#5294),#5311,.T.);
#5294 = FACE_BOUND('',#5295,.T.);
#5295 = EDGE_LOOP('',(#5296,#5304,#5305));
#5296 = ORIENTED_EDGE('',*,*,#5297,.T.);
#5297 = EDGE_CURVE('',#5298,#5046,#5300,.T.);
#5298 = VERTEX_POINT('',#5299);
#5299 = CARTESIAN_POINT('',(115.59999847412,61.,1.));
#5300 = LINE('',#5301,#5302);
#5301 = CARTESIAN_POINT('',(115.59999847412,61.,1.));
#5302 = VECTOR('',#5303,1.);
#5303 = DIRECTION('',(5.975530792031E-03,9.097014359617E-02,
    -0.995835692274));
#5304 = ORIENTED_EDGE('',*,*,#5045,.F.);
#5305 = ORIENTED_EDGE('',*,*,#5306,.T.);
#5306 = EDGE_CURVE('',#5022,#5298,#5307,.T.);
#5307 = LINE('',#5308,#5309);
#5308 = CARTESIAN_POINT('',(115.61199951171,61.18270111084,1.));
#5309 = VECTOR('',#5310,1.);
#5310 = DIRECTION('',(-6.554547103166E-02,-0.997849583468,0.));
#5311 = PLANE('',#5312);
#5312 = AXIS2_PLACEMENT_3D('',#5313,#5314,#5315);
#5313 = CARTESIAN_POINT('',(115.60886220586,61.1349394685,
    4.368284940197E-02));
#5314 = DIRECTION('',(0.997849583468,-6.554547103166E-02,
    -6.278883631591E-19));
#5315 = DIRECTION('',(6.554547103166E-02,0.997849583468,0.));
#5316 = ADVANCED_FACE('',(#5317),#5334,.T.);
#5317 = FACE_BOUND('',#5318,.T.);
#5318 = EDGE_LOOP('',(#5319,#5320,#5328));
#5319 = ORIENTED_EDGE('',*,*,#5297,.F.);
#5320 = ORIENTED_EDGE('',*,*,#5321,.F.);
#5321 = EDGE_CURVE('',#5322,#5298,#5324,.T.);
#5322 = VERTEX_POINT('',#5323);
#5323 = CARTESIAN_POINT('',(115.59999847412,61.,-1.));
#5324 = LINE('',#5325,#5326);
#5325 = CARTESIAN_POINT('',(115.59999847412,61.,-1.));
#5326 = VECTOR('',#5327,1.);
#5327 = DIRECTION('',(0.,0.,1.));
#5328 = ORIENTED_EDGE('',*,*,#5329,.T.);
#5329 = EDGE_CURVE('',#5322,#5046,#5330,.T.);
#5330 = LINE('',#5331,#5332);
#5331 = CARTESIAN_POINT('',(115.59999847412,61.,-1.));
#5332 = VECTOR('',#5333,1.);
#5333 = DIRECTION('',(6.554547103166E-02,0.997849583468,0.));
#5334 = PLANE('',#5335);
#5335 = AXIS2_PLACEMENT_3D('',#5336,#5337,#5338);
#5336 = CARTESIAN_POINT('',(115.60313577998,61.047761642339,
    -4.368284940197E-02));
#5337 = DIRECTION('',(0.997849583468,-6.554547103166E-02,
    2.836476106768E-18));
#5338 = DIRECTION('',(6.554547103166E-02,0.997849583468,0.));
#5339 = ADVANCED_FACE('',(#5340),#5357,.T.);
#5340 = FACE_BOUND('',#5341,.T.);
#5341 = EDGE_LOOP('',(#5342,#5350,#5351));
#5342 = ORIENTED_EDGE('',*,*,#5343,.T.);
#5343 = EDGE_CURVE('',#5344,#5322,#5346,.T.);
#5344 = VERTEX_POINT('',#5345);
#5345 = CARTESIAN_POINT('',(115.61199951171,60.81729888916,1.));
#5346 = LINE('',#5347,#5348);
#5347 = CARTESIAN_POINT('',(115.61199951171,60.81729888916,1.));
#5348 = VECTOR('',#5349,1.);
#5349 = DIRECTION('',(-5.975530792031E-03,9.097014359617E-02,
    -0.995835692274));
#5350 = ORIENTED_EDGE('',*,*,#5321,.T.);
#5351 = ORIENTED_EDGE('',*,*,#5352,.T.);
#5352 = EDGE_CURVE('',#5298,#5344,#5353,.T.);
#5353 = LINE('',#5354,#5355);
#5354 = CARTESIAN_POINT('',(115.59999847412,61.,1.));
#5355 = VECTOR('',#5356,1.);
#5356 = DIRECTION('',(6.554547103166E-02,-0.997849583468,0.));
#5357 = PLANE('',#5358);
#5358 = AXIS2_PLACEMENT_3D('',#5359,#5360,#5361);
#5359 = CARTESIAN_POINT('',(115.60313577998,60.952238357661,
    4.368284940197E-02));
#5360 = DIRECTION('',(0.997849583468,6.554547103166E-02,
    -6.731541404259E-19));
#5361 = DIRECTION('',(-6.554547103166E-02,0.997849583468,0.));
#5362 = ADVANCED_FACE('',(#5363),#5380,.T.);
#5363 = FACE_BOUND('',#5364,.T.);
#5364 = EDGE_LOOP('',(#5365,#5366,#5374));
#5365 = ORIENTED_EDGE('',*,*,#5343,.F.);
#5366 = ORIENTED_EDGE('',*,*,#5367,.F.);
#5367 = EDGE_CURVE('',#5368,#5344,#5370,.T.);
#5368 = VERTEX_POINT('',#5369);
#5369 = CARTESIAN_POINT('',(115.61199951171,60.81729888916,-1.));
#5370 = LINE('',#5371,#5372);
#5371 = CARTESIAN_POINT('',(115.61199951171,60.81729888916,-1.));
#5372 = VECTOR('',#5373,1.);
#5373 = DIRECTION('',(0.,0.,1.));
#5374 = ORIENTED_EDGE('',*,*,#5375,.T.);
#5375 = EDGE_CURVE('',#5368,#5322,#5376,.T.);
#5376 = LINE('',#5377,#5378);
#5377 = CARTESIAN_POINT('',(115.61199951171,60.81729888916,-1.));
#5378 = VECTOR('',#5379,1.);
#5379 = DIRECTION('',(-6.554547103166E-02,0.997849583468,0.));
#5380 = PLANE('',#5381);
#5381 = AXIS2_PLACEMENT_3D('',#5382,#5383,#5384);
#5382 = CARTESIAN_POINT('',(115.60886220586,60.8650605315,
    -4.368284940197E-02));
#5383 = DIRECTION('',(0.997849583468,6.554547103166E-02,
    -1.97419666986E-18));
#5384 = DIRECTION('',(-6.554547103166E-02,0.997849583468,
    -2.407412430484E-35));
#5385 = ADVANCED_FACE('',(#5386),#5403,.T.);
#5386 = FACE_BOUND('',#5387,.T.);
#5387 = EDGE_LOOP('',(#5388,#5396,#5397));
#5388 = ORIENTED_EDGE('',*,*,#5389,.T.);
#5389 = EDGE_CURVE('',#5390,#5368,#5392,.T.);
#5390 = VERTEX_POINT('',#5391);
#5391 = CARTESIAN_POINT('',(115.64800262451,60.637699127197,1.));
#5392 = LINE('',#5393,#5394);
#5393 = CARTESIAN_POINT('',(115.64800262451,60.637699127197,1.));
#5394 = VECTOR('',#5395,1.);
#5395 = DIRECTION('',(-1.79265288708E-02,8.942560985017E-02,
    -0.995832164506));
#5396 = ORIENTED_EDGE('',*,*,#5367,.T.);
#5397 = ORIENTED_EDGE('',*,*,#5398,.T.);
#5398 = EDGE_CURVE('',#5344,#5390,#5399,.T.);
#5399 = LINE('',#5400,#5401);
#5400 = CARTESIAN_POINT('',(115.61199951171,60.81729888916,1.));
#5401 = VECTOR('',#5402,1.);
#5402 = DIRECTION('',(0.196552653743,-0.980493270913,0.));
#5403 = PLANE('',#5404);
#5404 = AXIS2_PLACEMENT_3D('',#5405,#5406,#5407);
#5405 = CARTESIAN_POINT('',(115.62141160376,60.770347129698,
    4.370057683212E-02));
#5406 = DIRECTION('',(0.980493270913,0.196552653743,4.930001284055E-18)
  );
#5407 = DIRECTION('',(-0.196552653743,0.980493270913,0.));
#5408 = ADVANCED_FACE('',(#5409),#5426,.T.);
#5409 = FACE_BOUND('',#5410,.T.);
#5410 = EDGE_LOOP('',(#5411,#5412,#5420));
#5411 = ORIENTED_EDGE('',*,*,#5389,.F.);
#5412 = ORIENTED_EDGE('',*,*,#5413,.F.);
#5413 = EDGE_CURVE('',#5414,#5390,#5416,.T.);
#5414 = VERTEX_POINT('',#5415);
#5415 = CARTESIAN_POINT('',(115.64800262451,60.637699127197,-1.));
#5416 = LINE('',#5417,#5418);
#5417 = CARTESIAN_POINT('',(115.64800262451,60.637699127197,-1.));
#5418 = VECTOR('',#5419,1.);
#5419 = DIRECTION('',(0.,0.,1.));
#5420 = ORIENTED_EDGE('',*,*,#5421,.T.);
#5421 = EDGE_CURVE('',#5414,#5368,#5422,.T.);
#5422 = LINE('',#5423,#5424);
#5423 = CARTESIAN_POINT('',(115.64800262451,60.637699127197,-1.));
#5424 = VECTOR('',#5425,1.);
#5425 = DIRECTION('',(-0.196552653743,0.980493270913,0.));
#5426 = PLANE('',#5427);
#5427 = AXIS2_PLACEMENT_3D('',#5428,#5429,#5430);
#5428 = CARTESIAN_POINT('',(115.63859053246,60.68465088666,
    -4.370057683212E-02));
#5429 = DIRECTION('',(0.980493270913,0.196552653743,4.930001284055E-18)
  );
#5430 = DIRECTION('',(-0.196552653743,0.980493270913,0.));
#5431 = ADVANCED_FACE('',(#5432),#5449,.T.);
#5432 = FACE_BOUND('',#5433,.T.);
#5433 = EDGE_LOOP('',(#5434,#5442,#5443));
#5434 = ORIENTED_EDGE('',*,*,#5435,.T.);
#5435 = EDGE_CURVE('',#5436,#5414,#5438,.T.);
#5436 = VERTEX_POINT('',#5437);
#5437 = CARTESIAN_POINT('',(115.70700073242,60.464199066162,1.));
#5438 = LINE('',#5439,#5440);
#5439 = CARTESIAN_POINT('',(115.70700073242,60.464199066162,1.));
#5440 = VECTOR('',#5441,1.);
#5441 = DIRECTION('',(-2.937599477906E-02,8.638814137728E-02,
    -0.995828368726));
#5442 = ORIENTED_EDGE('',*,*,#5413,.T.);
#5443 = ORIENTED_EDGE('',*,*,#5444,.T.);
#5444 = EDGE_CURVE('',#5390,#5436,#5445,.T.);
#5445 = LINE('',#5446,#5447);
#5446 = CARTESIAN_POINT('',(115.64800262451,60.637699127197,1.));
#5447 = VECTOR('',#5448,1.);
#5448 = DIRECTION('',(0.321942290325,-0.946759294488,0.));
#5449 = PLANE('',#5450);
#5450 = AXIS2_PLACEMENT_3D('',#5451,#5452,#5453);
#5451 = CARTESIAN_POINT('',(115.66342647678,60.592341074095,
    4.371964200013E-02));
#5452 = DIRECTION('',(0.946759294488,0.321942290325,7.394841120557E-18)
  );
#5453 = DIRECTION('',(-0.321942290325,0.946759294488,0.));
#5454 = ADVANCED_FACE('',(#5455),#5472,.T.);
#5455 = FACE_BOUND('',#5456,.T.);
#5456 = EDGE_LOOP('',(#5457,#5458,#5466));
#5457 = ORIENTED_EDGE('',*,*,#5435,.F.);
#5458 = ORIENTED_EDGE('',*,*,#5459,.T.);
#5459 = EDGE_CURVE('',#5436,#5460,#5462,.T.);
#5460 = VERTEX_POINT('',#5461);
#5461 = CARTESIAN_POINT('',(115.70700073242,60.464199066162,-1.));
#5462 = LINE('',#5463,#5464);
#5463 = CARTESIAN_POINT('',(115.70700073242,60.464199066162,1.));
#5464 = VECTOR('',#5465,1.);
#5465 = DIRECTION('',(0.,0.,-1.));
#5466 = ORIENTED_EDGE('',*,*,#5467,.T.);
#5467 = EDGE_CURVE('',#5460,#5414,#5468,.T.);
#5468 = LINE('',#5469,#5470);
#5469 = CARTESIAN_POINT('',(115.70700073242,60.464199066162,-1.));
#5470 = VECTOR('',#5471,1.);
#5471 = DIRECTION('',(-0.321942290325,0.946759294488,0.));
#5472 = PLANE('',#5473);
#5473 = AXIS2_PLACEMENT_3D('',#5474,#5475,#5476);
#5474 = CARTESIAN_POINT('',(115.69157688014,60.509557119264,
    -4.371964200013E-02));
#5475 = DIRECTION('',(0.946759294488,0.321942290325,2.464947040186E-18)
  );
#5476 = DIRECTION('',(-0.321942290325,0.946759294488,0.));
#5477 = ADVANCED_FACE('',(#5478),#5495,.T.);
#5478 = FACE_BOUND('',#5479,.T.);
#5479 = EDGE_LOOP('',(#5480,#5488,#5489));
#5480 = ORIENTED_EDGE('',*,*,#5481,.T.);
#5481 = EDGE_CURVE('',#5482,#5460,#5484,.T.);
#5482 = VERTEX_POINT('',#5483);
#5483 = CARTESIAN_POINT('',(115.78800201416,60.299999237061,1.));
#5484 = LINE('',#5485,#5486);
#5485 = CARTESIAN_POINT('',(115.78800201416,60.299999237061,1.));
#5486 = VECTOR('',#5487,1.);
#5487 = DIRECTION('',(-4.033198838349E-02,8.175803466041E-02,
    -0.995835806989));
#5488 = ORIENTED_EDGE('',*,*,#5459,.F.);
#5489 = ORIENTED_EDGE('',*,*,#5490,.T.);
#5490 = EDGE_CURVE('',#5436,#5482,#5491,.T.);
#5491 = LINE('',#5492,#5493);
#5492 = CARTESIAN_POINT('',(115.70700073242,60.464199066162,1.));
#5493 = VECTOR('',#5494,1.);
#5494 = DIRECTION('',(0.442406809502,-0.896814481878,0.));
#5495 = PLANE('',#5496);
#5496 = AXIS2_PLACEMENT_3D('',#5497,#5498,#5499);
#5497 = CARTESIAN_POINT('',(115.72817603834,60.421274046466,
    4.368227280712E-02));
#5498 = DIRECTION('',(0.896814481878,0.442406809502,-4.930104217817E-18)
  );
#5499 = DIRECTION('',(-0.442406809502,0.896814481878,0.));
#5500 = ADVANCED_FACE('',(#5501),#5518,.T.);
#5501 = FACE_BOUND('',#5502,.T.);
#5502 = EDGE_LOOP('',(#5503,#5504,#5512));
#5503 = ORIENTED_EDGE('',*,*,#5481,.F.);
#5504 = ORIENTED_EDGE('',*,*,#5505,.T.);
#5505 = EDGE_CURVE('',#5482,#5506,#5508,.T.);
#5506 = VERTEX_POINT('',#5507);
#5507 = CARTESIAN_POINT('',(115.78800201416,60.299999237061,-1.));
#5508 = LINE('',#5509,#5510);
#5509 = CARTESIAN_POINT('',(115.78800201416,60.299999237061,1.));
#5510 = VECTOR('',#5511,1.);
#5511 = DIRECTION('',(0.,0.,-1.));
#5512 = ORIENTED_EDGE('',*,*,#5513,.T.);
#5513 = EDGE_CURVE('',#5506,#5460,#5514,.T.);
#5514 = LINE('',#5515,#5516);
#5515 = CARTESIAN_POINT('',(115.78800201416,60.299999237061,-1.));
#5516 = VECTOR('',#5517,1.);
#5517 = DIRECTION('',(-0.442406809502,0.896814481878,0.));
#5518 = PLANE('',#5519);
#5519 = AXIS2_PLACEMENT_3D('',#5520,#5521,#5522);
#5520 = CARTESIAN_POINT('',(115.76682670823,60.342924256757,
    -4.368227280712E-02));
#5521 = DIRECTION('',(0.896814481878,0.442406809502,4.930104217817E-18)
  );
#5522 = DIRECTION('',(-0.442406809502,0.896814481878,0.));
#5523 = ADVANCED_FACE('',(#5524),#5541,.T.);
#5524 = FACE_BOUND('',#5525,.T.);
#5525 = EDGE_LOOP('',(#5526,#5534,#5535));
#5526 = ORIENTED_EDGE('',*,*,#5527,.T.);
#5527 = EDGE_CURVE('',#5528,#5506,#5530,.T.);
#5528 = VERTEX_POINT('',#5529);
#5529 = CARTESIAN_POINT('',(115.88899993896,60.147701263428,1.));
#5530 = LINE('',#5531,#5532);
#5531 = CARTESIAN_POINT('',(115.88899993896,60.147701263428,1.));
#5532 = VECTOR('',#5533,1.);
#5533 = DIRECTION('',(-5.028947004602E-02,7.583308664894E-02,
    -0.995851551272));
#5534 = ORIENTED_EDGE('',*,*,#5505,.F.);
#5535 = ORIENTED_EDGE('',*,*,#5536,.T.);
#5536 = EDGE_CURVE('',#5482,#5528,#5537,.T.);
#5537 = LINE('',#5538,#5539);
#5538 = CARTESIAN_POINT('',(115.78800201416,60.299999237061,1.));
#5539 = VECTOR('',#5540,1.);
#5540 = DIRECTION('',(0.552675327984,-0.833396653363,0.));
#5541 = PLANE('',#5542);
#5542 = AXIS2_PLACEMENT_3D('',#5543,#5544,#5545);
#5543 = CARTESIAN_POINT('',(115.81440264347,60.260188890913,
    4.360305566668E-02));
#5544 = DIRECTION('',(0.833396653363,0.552675327984,-4.930549812951E-18)
  );
#5545 = DIRECTION('',(-0.552675327984,0.833396653363,0.));
#5546 = ADVANCED_FACE('',(#5547),#5564,.T.);
#5547 = FACE_BOUND('',#5548,.T.);
#5548 = EDGE_LOOP('',(#5549,#5550,#5558));
#5549 = ORIENTED_EDGE('',*,*,#5527,.F.);
#5550 = ORIENTED_EDGE('',*,*,#5551,.F.);
#5551 = EDGE_CURVE('',#5552,#5528,#5554,.T.);
#5552 = VERTEX_POINT('',#5553);
#5553 = CARTESIAN_POINT('',(115.88899993896,60.147701263428,-1.));
#5554 = LINE('',#5555,#5556);
#5555 = CARTESIAN_POINT('',(115.88899993896,60.147701263428,-1.));
#5556 = VECTOR('',#5557,1.);
#5557 = DIRECTION('',(0.,0.,1.));
#5558 = ORIENTED_EDGE('',*,*,#5559,.T.);
#5559 = EDGE_CURVE('',#5552,#5506,#5560,.T.);
#5560 = LINE('',#5561,#5562);
#5561 = CARTESIAN_POINT('',(115.88899993896,60.147701263428,-1.));
#5562 = VECTOR('',#5563,1.);
#5563 = DIRECTION('',(-0.552675327984,0.833396653363,0.));
#5564 = PLANE('',#5565);
#5565 = AXIS2_PLACEMENT_3D('',#5566,#5567,#5568);
#5566 = CARTESIAN_POINT('',(115.86259930965,60.187511609575,
    -4.360305566668E-02));
#5567 = DIRECTION('',(0.833396653363,0.552675327984,0.));
#5568 = DIRECTION('',(-0.552675327984,0.833396653363,0.));
#5569 = ADVANCED_FACE('',(#5570),#5585,.T.);
#5570 = FACE_BOUND('',#5571,.T.);
#5571 = EDGE_LOOP('',(#5572,#5578,#5579));
#5572 = ORIENTED_EDGE('',*,*,#5573,.T.);
#5573 = EDGE_CURVE('',#4737,#5552,#5574,.T.);
#5574 = LINE('',#5575,#5576);
#5575 = CARTESIAN_POINT('',(116.01000213623,60.010101318359,1.));
#5576 = VECTOR('',#5577,1.);
#5577 = DIRECTION('',(-6.024876839674E-02,6.851303041737E-02,
    -0.995829328033));
#5578 = ORIENTED_EDGE('',*,*,#5551,.T.);
#5579 = ORIENTED_EDGE('',*,*,#5580,.T.);
#5580 = EDGE_CURVE('',#5528,#4737,#5581,.T.);
#5581 = LINE('',#5582,#5583);
#5582 = CARTESIAN_POINT('',(115.88899993896,60.147701263428,1.));
#5583 = VECTOR('',#5584,1.);
#5584 = DIRECTION('',(0.660364102548,-0.750945571973,0.));
#5585 = PLANE('',#5586);
#5586 = AXIS2_PLACEMENT_3D('',#5587,#5588,#5589);
#5587 = CARTESIAN_POINT('',(115.92063333671,60.111728744821,
    4.371482455274E-02));
#5588 = DIRECTION('',(0.750945571973,0.660364102548,-9.859842335874E-18)
  );
#5589 = DIRECTION('',(-0.660364102548,0.750945571973,0.));
#5590 = ADVANCED_FACE('',(#5591),#5601,.T.);
#5591 = FACE_BOUND('',#5592,.T.);
#5592 = EDGE_LOOP('',(#5593,#5594,#5595));
#5593 = ORIENTED_EDGE('',*,*,#5573,.F.);
#5594 = ORIENTED_EDGE('',*,*,#4768,.T.);
#5595 = ORIENTED_EDGE('',*,*,#5596,.T.);
#5596 = EDGE_CURVE('',#4761,#5552,#5597,.T.);
#5597 = LINE('',#5598,#5599);
#5598 = CARTESIAN_POINT('',(116.01000213623,60.010101318359,-1.));
#5599 = VECTOR('',#5600,1.);
#5600 = DIRECTION('',(-0.660364102548,0.750945571973,0.));
#5601 = PLANE('',#5602);
#5602 = AXIS2_PLACEMENT_3D('',#5603,#5604,#5605);
#5603 = CARTESIAN_POINT('',(115.97836873848,60.046073836966,
    -4.371482455274E-02));
#5604 = DIRECTION('',(0.750945571973,0.660364102548,0.));
#5605 = DIRECTION('',(-0.660364102548,0.750945571973,0.));
#5606 = ADVANCED_FACE('',(#5607),#5624,.T.);
#5607 = FACE_BOUND('',#5608,.T.);
#5608 = EDGE_LOOP('',(#5609,#5617,#5623));
#5609 = ORIENTED_EDGE('',*,*,#5610,.T.);
#5610 = EDGE_CURVE('',#5276,#5611,#5613,.T.);
#5611 = VERTEX_POINT('',#5612);
#5612 = CARTESIAN_POINT('',(117.18299865722,62.388000488281,1.));
#5613 = LINE('',#5614,#5615);
#5614 = CARTESIAN_POINT('',(117.,62.400001525879,-1.));
#5615 = VECTOR('',#5616,1.);
#5616 = DIRECTION('',(9.111706822477E-02,-5.975450192511E-03,
    0.995822260182));
#5617 = ORIENTED_EDGE('',*,*,#5618,.T.);
#5618 = EDGE_CURVE('',#5611,#5252,#5619,.T.);
#5619 = LINE('',#5620,#5621);
#5620 = CARTESIAN_POINT('',(117.18299865722,62.388000488281,1.));
#5621 = VECTOR('',#5622,1.);
#5622 = DIRECTION('',(-0.997856548267,6.543935422428E-02,0.));
#5623 = ORIENTED_EDGE('',*,*,#5283,.F.);
#5624 = PLANE('',#5625);
#5625 = AXIS2_PLACEMENT_3D('',#5626,#5627,#5628);
#5626 = CARTESIAN_POINT('',(117.0478428014,62.396863998713,
    4.375030387171E-02));
#5627 = DIRECTION('',(-6.543935422428E-02,-0.997856548267,
    -3.418235669611E-18));
#5628 = DIRECTION('',(-0.997856548267,6.543935422428E-02,0.));
#5629 = ADVANCED_FACE('',(#5630),#5647,.T.);
#5630 = FACE_BOUND('',#5631,.T.);
#5631 = EDGE_LOOP('',(#5632,#5633,#5641));
#5632 = ORIENTED_EDGE('',*,*,#5610,.F.);
#5633 = ORIENTED_EDGE('',*,*,#5634,.T.);
#5634 = EDGE_CURVE('',#5276,#5635,#5637,.T.);
#5635 = VERTEX_POINT('',#5636);
#5636 = CARTESIAN_POINT('',(117.18299865722,62.388000488281,-1.));
#5637 = LINE('',#5638,#5639);
#5638 = CARTESIAN_POINT('',(117.,62.400001525879,-1.));
#5639 = VECTOR('',#5640,1.);
#5640 = DIRECTION('',(0.997856548267,-6.543935422428E-02,0.));
#5641 = ORIENTED_EDGE('',*,*,#5642,.F.);
#5642 = EDGE_CURVE('',#5611,#5635,#5643,.T.);
#5643 = LINE('',#5644,#5645);
#5644 = CARTESIAN_POINT('',(117.18299865722,62.388000488281,1.));
#5645 = VECTOR('',#5646,1.);
#5646 = DIRECTION('',(0.,0.,-1.));
#5647 = PLANE('',#5648);
#5648 = AXIS2_PLACEMENT_3D('',#5649,#5650,#5651);
#5649 = CARTESIAN_POINT('',(117.13515585582,62.391138015448,
    -4.375030387171E-02));
#5650 = DIRECTION('',(-6.543935422428E-02,-0.997856548267,
    -2.117146739908E-18));
#5651 = DIRECTION('',(-0.997856548267,6.543935422428E-02,
    -2.407412430484E-35));
#5652 = ADVANCED_FACE('',(#5653),#5670,.T.);
#5653 = FACE_BOUND('',#5654,.T.);
#5654 = EDGE_LOOP('',(#5655,#5663,#5669));
#5655 = ORIENTED_EDGE('',*,*,#5656,.T.);
#5656 = EDGE_CURVE('',#5635,#5657,#5659,.T.);
#5657 = VERTEX_POINT('',#5658);
#5658 = CARTESIAN_POINT('',(117.36199951171,62.352298736572,1.));
#5659 = LINE('',#5660,#5661);
#5660 = CARTESIAN_POINT('',(117.18299865722,62.388000488281,-1.));
#5661 = VECTOR('',#5662,1.);
#5662 = DIRECTION('',(8.913001586329E-02,-1.777699723946E-02,
    0.995861345088));
#5663 = ORIENTED_EDGE('',*,*,#5664,.T.);
#5664 = EDGE_CURVE('',#5657,#5611,#5665,.T.);
#5665 = LINE('',#5666,#5667);
#5666 = CARTESIAN_POINT('',(117.36199951171,62.352298736572,1.));
#5667 = VECTOR('',#5668,1.);
#5668 = DIRECTION('',(-0.980684231886,0.195597641425,0.));
#5669 = ORIENTED_EDGE('',*,*,#5642,.T.);
#5670 = PLANE('',#5671);
#5671 = AXIS2_PLACEMENT_3D('',#5672,#5673,#5674);
#5672 = CARTESIAN_POINT('',(117.22978666136,62.378668612679,
    4.355369620117E-02));
#5673 = DIRECTION('',(-0.195597641425,-0.980684231886,2.465413775943E-18
    ));
#5674 = DIRECTION('',(-0.980684231886,0.195597641425,0.));
#5675 = ADVANCED_FACE('',(#5676),#5693,.T.);
#5676 = FACE_BOUND('',#5677,.T.);
#5677 = EDGE_LOOP('',(#5678,#5679,#5687));
#5678 = ORIENTED_EDGE('',*,*,#5656,.F.);
#5679 = ORIENTED_EDGE('',*,*,#5680,.T.);
#5680 = EDGE_CURVE('',#5635,#5681,#5683,.T.);
#5681 = VERTEX_POINT('',#5682);
#5682 = CARTESIAN_POINT('',(117.36199951171,62.352298736572,-1.));
#5683 = LINE('',#5684,#5685);
#5684 = CARTESIAN_POINT('',(117.18299865722,62.388000488281,-1.));
#5685 = VECTOR('',#5686,1.);
#5686 = DIRECTION('',(0.980684231886,-0.195597641425,0.));
#5687 = ORIENTED_EDGE('',*,*,#5688,.F.);
#5688 = EDGE_CURVE('',#5657,#5681,#5689,.T.);
#5689 = LINE('',#5690,#5691);
#5690 = CARTESIAN_POINT('',(117.36199951171,62.352298736572,1.));
#5691 = VECTOR('',#5692,1.);
#5692 = DIRECTION('',(0.,0.,-1.));
#5693 = PLANE('',#5694);
#5694 = AXIS2_PLACEMENT_3D('',#5695,#5696,#5697);
#5695 = CARTESIAN_POINT('',(117.31521150757,62.361630612174,
    -4.355369620117E-02));
#5696 = DIRECTION('',(-0.195597641425,-0.980684231886,2.465413775943E-18
    ));
#5697 = DIRECTION('',(-0.980684231886,0.195597641425,0.));
#5698 = ADVANCED_FACE('',(#5699),#5716,.T.);
#5699 = FACE_BOUND('',#5700,.T.);
#5700 = EDGE_LOOP('',(#5701,#5709,#5715));
#5701 = ORIENTED_EDGE('',*,*,#5702,.T.);
#5702 = EDGE_CURVE('',#5681,#5703,#5705,.T.);
#5703 = VERTEX_POINT('',#5704);
#5704 = CARTESIAN_POINT('',(117.53600311279,62.293399810791,1.));
#5705 = LINE('',#5706,#5707);
#5706 = CARTESIAN_POINT('',(117.36199951171,62.352298736572,-1.));
#5707 = VECTOR('',#5708,1.);
#5708 = DIRECTION('',(8.663710748808E-02,-2.93260170039E-02,
    0.995808212626));
#5709 = ORIENTED_EDGE('',*,*,#5710,.T.);
#5710 = EDGE_CURVE('',#5703,#5657,#5711,.T.);
#5711 = LINE('',#5712,#5713);
#5712 = CARTESIAN_POINT('',(117.53600311279,62.293399810791,1.));
#5713 = VECTOR('',#5714,1.);
#5714 = DIRECTION('',(-0.947207043787,0.320622544747,0.));
#5715 = ORIENTED_EDGE('',*,*,#5688,.T.);
#5716 = PLANE('',#5717);
#5717 = AXIS2_PLACEMENT_3D('',#5718,#5719,#5720);
#5718 = CARTESIAN_POINT('',(117.407494014,62.33689918566,
    4.382072380218E-02));
#5719 = DIRECTION('',(-0.320622544747,-0.947207043787,-4.92932587355E-18
    ));
#5720 = DIRECTION('',(-0.947207043787,0.320622544747,-1.925929944387E-34
    ));
#5721 = ADVANCED_FACE('',(#5722),#5739,.T.);
#5722 = FACE_BOUND('',#5723,.T.);
#5723 = EDGE_LOOP('',(#5724,#5725,#5733));
#5724 = ORIENTED_EDGE('',*,*,#5702,.F.);
#5725 = ORIENTED_EDGE('',*,*,#5726,.T.);
#5726 = EDGE_CURVE('',#5681,#5727,#5729,.T.);
#5727 = VERTEX_POINT('',#5728);
#5728 = CARTESIAN_POINT('',(117.53600311279,62.293399810791,-1.));
#5729 = LINE('',#5730,#5731);
#5730 = CARTESIAN_POINT('',(117.36199951171,62.352298736572,-1.));
#5731 = VECTOR('',#5732,1.);
#5732 = DIRECTION('',(0.947207043787,-0.320622544747,0.));
#5733 = ORIENTED_EDGE('',*,*,#5734,.T.);
#5734 = EDGE_CURVE('',#5727,#5703,#5735,.T.);
#5735 = LINE('',#5736,#5737);
#5736 = CARTESIAN_POINT('',(117.53600311279,62.293399810791,-1.));
#5737 = VECTOR('',#5738,1.);
#5738 = DIRECTION('',(0.,0.,1.));
#5739 = PLANE('',#5740);
#5740 = AXIS2_PLACEMENT_3D('',#5741,#5742,#5743);
#5741 = CARTESIAN_POINT('',(117.4905086105,62.308799361704,
    -4.382072380218E-02));
#5742 = DIRECTION('',(-0.320622544747,-0.947207043787,
    -2.464662936775E-18));
#5743 = DIRECTION('',(-0.947207043787,0.320622544747,0.));
#5744 = ADVANCED_FACE('',(#5745),#5762,.T.);
#5745 = FACE_BOUND('',#5746,.T.);
#5746 = EDGE_LOOP('',(#5747,#5755,#5761));
#5747 = ORIENTED_EDGE('',*,*,#5748,.T.);
#5748 = EDGE_CURVE('',#5727,#5749,#5751,.T.);
#5749 = VERTEX_POINT('',#5750);
#5750 = CARTESIAN_POINT('',(117.69999694824,62.212398529053,1.));
#5751 = LINE('',#5752,#5753);
#5752 = CARTESIAN_POINT('',(117.53600311279,62.293399810791,-1.));
#5753 = VECTOR('',#5754,1.);
#5754 = DIRECTION('',(8.165615105449E-02,-4.033232638965E-02,
    0.995844152688));
#5755 = ORIENTED_EDGE('',*,*,#5756,.T.);
#5756 = EDGE_CURVE('',#5749,#5703,#5757,.T.);
#5757 = LINE('',#5758,#5759);
#5758 = CARTESIAN_POINT('',(117.69999694824,62.212398529053,1.));
#5759 = VECTOR('',#5760,1.);
#5760 = DIRECTION('',(-0.896593943089,0.442853588917,0.));
#5761 = ORIENTED_EDGE('',*,*,#5734,.F.);
#5762 = PLANE('',#5763);
#5763 = AXIS2_PLACEMENT_3D('',#5764,#5765,#5766);
#5764 = CARTESIAN_POINT('',(117.57887240029,62.272225434171,
    4.364030174594E-02));
#5765 = DIRECTION('',(-0.442853588917,-0.896593943089,4.930340281514E-18
    ));
#5766 = DIRECTION('',(-0.896593943089,0.442853588917,0.));
#5767 = ADVANCED_FACE('',(#5768),#5785,.T.);
#5768 = FACE_BOUND('',#5769,.T.);
#5769 = EDGE_LOOP('',(#5770,#5771,#5779));
#5770 = ORIENTED_EDGE('',*,*,#5748,.F.);
#5771 = ORIENTED_EDGE('',*,*,#5772,.T.);
#5772 = EDGE_CURVE('',#5727,#5773,#5775,.T.);
#5773 = VERTEX_POINT('',#5774);
#5774 = CARTESIAN_POINT('',(117.69999694824,62.212398529053,-1.));
#5775 = LINE('',#5776,#5777);
#5776 = CARTESIAN_POINT('',(117.53600311279,62.293399810791,-1.));
#5777 = VECTOR('',#5778,1.);
#5778 = DIRECTION('',(0.896593943089,-0.442853588917,0.));
#5779 = ORIENTED_EDGE('',*,*,#5780,.F.);
#5780 = EDGE_CURVE('',#5749,#5773,#5781,.T.);
#5781 = LINE('',#5782,#5783);
#5782 = CARTESIAN_POINT('',(117.69999694824,62.212398529053,1.));
#5783 = VECTOR('',#5784,1.);
#5784 = DIRECTION('',(0.,0.,-1.));
#5785 = PLANE('',#5786);
#5786 = AXIS2_PLACEMENT_3D('',#5787,#5788,#5789);
#5787 = CARTESIAN_POINT('',(117.65712766073,62.233572905672,
    -4.364030174594E-02));
#5788 = DIRECTION('',(-0.442853588917,-0.896593943089,
    -4.930340281514E-18));
#5789 = DIRECTION('',(-0.896593943089,0.442853588917,0.));
#5790 = ADVANCED_FACE('',(#5791),#5808,.T.);
#5791 = FACE_BOUND('',#5792,.T.);
#5792 = EDGE_LOOP('',(#5793,#5801,#5807));
#5793 = ORIENTED_EDGE('',*,*,#5794,.T.);
#5794 = EDGE_CURVE('',#5773,#5795,#5797,.T.);
#5795 = VERTEX_POINT('',#5796);
#5796 = CARTESIAN_POINT('',(117.85199737548,62.110698699951,1.));
#5797 = LINE('',#5798,#5799);
#5798 = CARTESIAN_POINT('',(117.69999694824,62.212398529053,-1.));
#5799 = VECTOR('',#5800,1.);
#5800 = DIRECTION('',(7.56844452782E-02,-5.063864154788E-02,
    0.995845165036));
#5801 = ORIENTED_EDGE('',*,*,#5802,.T.);
#5802 = EDGE_CURVE('',#5795,#5749,#5803,.T.);
#5803 = LINE('',#5804,#5805);
#5804 = CARTESIAN_POINT('',(117.85199737548,62.110698699951,1.));
#5805 = VECTOR('',#5806,1.);
#5806 = DIRECTION('',(-0.831124950649,0.556085709589,0.));
#5807 = ORIENTED_EDGE('',*,*,#5780,.T.);
#5808 = PLANE('',#5809);
#5809 = AXIS2_PLACEMENT_3D('',#5810,#5811,#5812);
#5810 = CARTESIAN_POINT('',(117.73973085219,62.18581352982,
    4.363520748587E-02));
#5811 = DIRECTION('',(-0.556085709589,-0.831124950649,
    -4.930368937375E-18));
#5812 = DIRECTION('',(-0.831124950649,0.556085709589,0.));
#5813 = ADVANCED_FACE('',(#5814),#5831,.T.);
#5814 = FACE_BOUND('',#5815,.T.);
#5815 = EDGE_LOOP('',(#5816,#5817,#5825));
#5816 = ORIENTED_EDGE('',*,*,#5794,.F.);
#5817 = ORIENTED_EDGE('',*,*,#5818,.T.);
#5818 = EDGE_CURVE('',#5773,#5819,#5821,.T.);
#5819 = VERTEX_POINT('',#5820);
#5820 = CARTESIAN_POINT('',(117.85199737548,62.110698699951,-1.));
#5821 = LINE('',#5822,#5823);
#5822 = CARTESIAN_POINT('',(117.69999694824,62.212398529053,-1.));
#5823 = VECTOR('',#5824,1.);
#5824 = DIRECTION('',(0.831124950649,-0.556085709589,0.));
#5825 = ORIENTED_EDGE('',*,*,#5826,.F.);
#5826 = EDGE_CURVE('',#5795,#5819,#5827,.T.);
#5827 = LINE('',#5828,#5829);
#5828 = CARTESIAN_POINT('',(117.85199737548,62.110698699951,1.));
#5829 = VECTOR('',#5830,1.);
#5830 = DIRECTION('',(0.,0.,-1.));
#5831 = PLANE('',#5832);
#5832 = AXIS2_PLACEMENT_3D('',#5833,#5834,#5835);
#5833 = CARTESIAN_POINT('',(117.81226347153,62.137283699184,
    -4.363520748587E-02));
#5834 = DIRECTION('',(-0.556085709589,-0.831124950649,-0.));
#5835 = DIRECTION('',(-0.831124950649,0.556085709589,0.));
#5836 = ADVANCED_FACE('',(#5837),#5854,.T.);
#5837 = FACE_BOUND('',#5838,.T.);
#5838 = EDGE_LOOP('',(#5839,#5847,#5853));
#5839 = ORIENTED_EDGE('',*,*,#5840,.T.);
#5840 = EDGE_CURVE('',#5819,#5841,#5843,.T.);
#5841 = VERTEX_POINT('',#5842);
#5842 = CARTESIAN_POINT('',(117.98999786377,61.990001678467,1.));
#5843 = LINE('',#5844,#5845);
#5844 = CARTESIAN_POINT('',(117.85199737548,62.110698699951,-1.));
#5845 = VECTOR('',#5846,1.);
#5846 = DIRECTION('',(6.871215476778E-02,-6.009654403064E-02,
    0.995824806471));
#5847 = ORIENTED_EDGE('',*,*,#5848,.T.);
#5848 = EDGE_CURVE('',#5841,#5795,#5849,.T.);
#5849 = LINE('',#5850,#5851);
#5850 = CARTESIAN_POINT('',(117.98999786377,61.990001678467,1.));
#5851 = VECTOR('',#5852,1.);
#5852 = DIRECTION('',(-0.752721038037,0.658339607571,0.));
#5853 = ORIENTED_EDGE('',*,*,#5826,.T.);
#5854 = PLANE('',#5855);
#5855 = AXIS2_PLACEMENT_3D('',#5856,#5857,#5858);
#5856 = CARTESIAN_POINT('',(117.88807546387,62.07914433472,
    4.373752570778E-02));
#5857 = DIRECTION('',(-0.658339607571,-0.752721038037,-0.));
#5858 = DIRECTION('',(-0.752721038037,0.658339607571,0.));
#5859 = ADVANCED_FACE('',(#5860),#5877,.T.);
#5860 = FACE_BOUND('',#5861,.T.);
#5861 = EDGE_LOOP('',(#5862,#5863,#5871));
#5862 = ORIENTED_EDGE('',*,*,#5840,.F.);
#5863 = ORIENTED_EDGE('',*,*,#5864,.T.);
#5864 = EDGE_CURVE('',#5819,#5865,#5867,.T.);
#5865 = VERTEX_POINT('',#5866);
#5866 = CARTESIAN_POINT('',(117.98999786377,61.990001678467,-1.));
#5867 = LINE('',#5868,#5869);
#5868 = CARTESIAN_POINT('',(117.85199737548,62.110698699951,-1.));
#5869 = VECTOR('',#5870,1.);
#5870 = DIRECTION('',(0.752721038037,-0.658339607571,0.));
#5871 = ORIENTED_EDGE('',*,*,#5872,.T.);
#5872 = EDGE_CURVE('',#5865,#5841,#5873,.T.);
#5873 = LINE('',#5874,#5875);
#5874 = CARTESIAN_POINT('',(117.98999786377,61.990001678467,-1.));
#5875 = VECTOR('',#5876,1.);
#5876 = DIRECTION('',(0.,0.,1.));
#5877 = PLANE('',#5878);
#5878 = AXIS2_PLACEMENT_3D('',#5879,#5880,#5881);
#5879 = CARTESIAN_POINT('',(117.95391977538,62.021556043698,
    -4.373752570778E-02));
#5880 = DIRECTION('',(-0.658339607571,-0.752721038037,
    -9.859587059419E-18));
#5881 = DIRECTION('',(-0.752721038037,0.658339607571,7.703719777549E-34)
  );
#5882 = ADVANCED_FACE('',(#5883),#5900,.T.);
#5883 = FACE_BOUND('',#5884,.T.);
#5884 = EDGE_LOOP('',(#5885,#5893,#5894));
#5885 = ORIENTED_EDGE('',*,*,#5886,.T.);
#5886 = EDGE_CURVE('',#5887,#5841,#5889,.T.);
#5887 = VERTEX_POINT('',#5888);
#5888 = CARTESIAN_POINT('',(118.11100006103,61.852298736572,-1.));
#5889 = LINE('',#5890,#5891);
#5890 = CARTESIAN_POINT('',(118.11100006103,61.852298736572,-1.));
#5891 = VECTOR('',#5892,1.);
#5892 = DIRECTION('',(-6.024855662875E-02,6.856407305121E-02,
    0.995825827799));
#5893 = ORIENTED_EDGE('',*,*,#5872,.F.);
#5894 = ORIENTED_EDGE('',*,*,#5895,.T.);
#5895 = EDGE_CURVE('',#5865,#5887,#5896,.T.);
#5896 = LINE('',#5897,#5898);
#5897 = CARTESIAN_POINT('',(117.98999786377,61.990001678467,-1.));
#5898 = VECTOR('',#5899,1.);
#5899 = DIRECTION('',(0.660085430445,-0.751190538089,0.));
#5900 = PLANE('',#5901);
#5901 = AXIS2_PLACEMENT_3D('',#5902,#5903,#5904);
#5902 = CARTESIAN_POINT('',(118.02163184288,61.954001571966,
    -4.373239914656E-02));
#5903 = DIRECTION('',(-0.751190538089,-0.660085430445,9.859644705411E-18
    ));
#5904 = DIRECTION('',(0.660085430445,-0.751190538089,0.));
#5905 = ADVANCED_FACE('',(#5906),#5923,.T.);
#5906 = FACE_BOUND('',#5907,.T.);
#5907 = EDGE_LOOP('',(#5908,#5909,#5917));
#5908 = ORIENTED_EDGE('',*,*,#5886,.F.);
#5909 = ORIENTED_EDGE('',*,*,#5910,.F.);
#5910 = EDGE_CURVE('',#5911,#5887,#5913,.T.);
#5911 = VERTEX_POINT('',#5912);
#5912 = CARTESIAN_POINT('',(118.11100006103,61.852298736572,1.));
#5913 = LINE('',#5914,#5915);
#5914 = CARTESIAN_POINT('',(118.11100006103,61.852298736572,1.));
#5915 = VECTOR('',#5916,1.);
#5916 = DIRECTION('',(0.,0.,-1.));
#5917 = ORIENTED_EDGE('',*,*,#5918,.T.);
#5918 = EDGE_CURVE('',#5911,#5841,#5919,.T.);
#5919 = LINE('',#5920,#5921);
#5920 = CARTESIAN_POINT('',(118.11100006103,61.852298736572,1.));
#5921 = VECTOR('',#5922,1.);
#5922 = DIRECTION('',(-0.660085430445,0.751190538089,0.));
#5923 = PLANE('',#5924);
#5924 = AXIS2_PLACEMENT_3D('',#5925,#5926,#5927);
#5925 = CARTESIAN_POINT('',(118.07936608191,61.888298843073,
    4.373239914656E-02));
#5926 = DIRECTION('',(-0.751190538089,-0.660085430445,9.859644705411E-18
    ));
#5927 = DIRECTION('',(0.660085430445,-0.751190538089,7.703719777549E-34)
  );
#5928 = ADVANCED_FACE('',(#5929),#5946,.T.);
#5929 = FACE_BOUND('',#5930,.T.);
#5930 = EDGE_LOOP('',(#5931,#5939,#5940));
#5931 = ORIENTED_EDGE('',*,*,#5932,.T.);
#5932 = EDGE_CURVE('',#5933,#5911,#5935,.T.);
#5933 = VERTEX_POINT('',#5934);
#5934 = CARTESIAN_POINT('',(118.21199798584,61.700000762939,-1.));
#5935 = LINE('',#5936,#5937);
#5936 = CARTESIAN_POINT('',(118.21199798584,61.700000762939,-1.));
#5937 = VECTOR('',#5938,1.);
#5938 = DIRECTION('',(-5.028947004602E-02,7.583308664894E-02,
    0.995851551272));
#5939 = ORIENTED_EDGE('',*,*,#5910,.T.);
#5940 = ORIENTED_EDGE('',*,*,#5941,.T.);
#5941 = EDGE_CURVE('',#5887,#5933,#5942,.T.);
#5942 = LINE('',#5943,#5944);
#5943 = CARTESIAN_POINT('',(118.11100006103,61.852298736572,-1.));
#5944 = VECTOR('',#5945,1.);
#5945 = DIRECTION('',(0.552675327984,-0.833396653363,0.));
#5946 = PLANE('',#5947);
#5947 = AXIS2_PLACEMENT_3D('',#5948,#5949,#5950);
#5948 = CARTESIAN_POINT('',(118.13740069034,61.812488390425,
    -4.360305566668E-02));
#5949 = DIRECTION('',(-0.833396653363,-0.552675327984,-1.97221992518E-17
    ));
#5950 = DIRECTION('',(0.552675327984,-0.833396653363,-1.54074395551E-33)
  );
#5951 = ADVANCED_FACE('',(#5952),#5967,.T.);
#5952 = FACE_BOUND('',#5953,.T.);
#5953 = EDGE_LOOP('',(#5954,#5955,#5961));
#5954 = ORIENTED_EDGE('',*,*,#5932,.F.);
#5955 = ORIENTED_EDGE('',*,*,#5956,.F.);
#5956 = EDGE_CURVE('',#4498,#5933,#5957,.T.);
#5957 = LINE('',#5958,#5959);
#5958 = CARTESIAN_POINT('',(118.21199798584,61.700000762939,1.));
#5959 = VECTOR('',#5960,1.);
#5960 = DIRECTION('',(0.,0.,-1.));
#5961 = ORIENTED_EDGE('',*,*,#5962,.T.);
#5962 = EDGE_CURVE('',#4498,#5911,#5963,.T.);
#5963 = LINE('',#5964,#5965);
#5964 = CARTESIAN_POINT('',(118.21199798584,61.700000762939,1.));
#5965 = VECTOR('',#5966,1.);
#5966 = DIRECTION('',(-0.552675327984,0.833396653363,0.));
#5967 = PLANE('',#5968);
#5968 = AXIS2_PLACEMENT_3D('',#5969,#5970,#5971);
#5969 = CARTESIAN_POINT('',(118.18559735652,61.739811109087,
    4.360305566668E-02));
#5970 = DIRECTION('',(-0.833396653363,-0.552675327984,
    -4.930549812951E-18));
#5971 = DIRECTION('',(0.552675327984,-0.833396653363,0.));
#5972 = ADVANCED_FACE('',(#5973),#5990,.T.);
#5973 = FACE_BOUND('',#5974,.T.);
#5974 = EDGE_LOOP('',(#5975,#5983,#5984));
#5975 = ORIENTED_EDGE('',*,*,#5976,.T.);
#5976 = EDGE_CURVE('',#5977,#4498,#5979,.T.);
#5977 = VERTEX_POINT('',#5978);
#5978 = CARTESIAN_POINT('',(118.29299926757,61.535800933838,-1.));
#5979 = LINE('',#5980,#5981);
#5980 = CARTESIAN_POINT('',(118.29299926757,61.535800933838,-1.));
#5981 = VECTOR('',#5982,1.);
#5982 = DIRECTION('',(-4.033198838349E-02,8.175803466041E-02,
    0.995835806989));
#5983 = ORIENTED_EDGE('',*,*,#5956,.T.);
#5984 = ORIENTED_EDGE('',*,*,#5985,.T.);
#5985 = EDGE_CURVE('',#5933,#5977,#5986,.T.);
#5986 = LINE('',#5987,#5988);
#5987 = CARTESIAN_POINT('',(118.21199798584,61.700000762939,-1.));
#5988 = VECTOR('',#5989,1.);
#5989 = DIRECTION('',(0.442406809502,-0.896814481878,0.));
#5990 = PLANE('',#5991);
#5991 = AXIS2_PLACEMENT_3D('',#5992,#5993,#5994);
#5992 = CARTESIAN_POINT('',(118.23317329176,61.657075743243,
    -4.368227280712E-02));
#5993 = DIRECTION('',(-0.896814481878,-0.442406809502,4.930104217817E-18
    ));
#5994 = DIRECTION('',(0.442406809502,-0.896814481878,0.));
#5995 = ADVANCED_FACE('',(#5996),#6006,.T.);
#5996 = FACE_BOUND('',#5997,.T.);
#5997 = EDGE_LOOP('',(#5998,#5999,#6005));
#5998 = ORIENTED_EDGE('',*,*,#5976,.F.);
#5999 = ORIENTED_EDGE('',*,*,#6000,.F.);
#6000 = EDGE_CURVE('',#4522,#5977,#6001,.T.);
#6001 = LINE('',#6002,#6003);
#6002 = CARTESIAN_POINT('',(118.29299926757,61.535800933838,1.));
#6003 = VECTOR('',#6004,1.);
#6004 = DIRECTION('',(0.,0.,-1.));
#6005 = ORIENTED_EDGE('',*,*,#4521,.T.);
#6006 = PLANE('',#6007);
#6007 = AXIS2_PLACEMENT_3D('',#6008,#6009,#6010);
#6008 = CARTESIAN_POINT('',(118.27182396165,61.578725953534,
    4.368227280712E-02));
#6009 = DIRECTION('',(-0.896814481878,-0.442406809502,-0.));
#6010 = DIRECTION('',(0.442406809502,-0.896814481878,0.));
#6011 = ADVANCED_FACE('',(#6012),#6029,.T.);
#6012 = FACE_BOUND('',#6013,.T.);
#6013 = EDGE_LOOP('',(#6014,#6022,#6023));
#6014 = ORIENTED_EDGE('',*,*,#6015,.T.);
#6015 = EDGE_CURVE('',#6016,#4522,#6018,.T.);
#6016 = VERTEX_POINT('',#6017);
#6017 = CARTESIAN_POINT('',(118.35199737548,61.362300872803,-1.));
#6018 = LINE('',#6019,#6020);
#6019 = CARTESIAN_POINT('',(118.35199737548,61.362300872803,-1.));
#6020 = VECTOR('',#6021,1.);
#6021 = DIRECTION('',(-2.937599477906E-02,8.638814137728E-02,
    0.995828368726));
#6022 = ORIENTED_EDGE('',*,*,#6000,.T.);
#6023 = ORIENTED_EDGE('',*,*,#6024,.T.);
#6024 = EDGE_CURVE('',#5977,#6016,#6025,.T.);
#6025 = LINE('',#6026,#6027);
#6026 = CARTESIAN_POINT('',(118.29299926757,61.535800933838,-1.));
#6027 = VECTOR('',#6028,1.);
#6028 = DIRECTION('',(0.321942290325,-0.946759294488,0.));
#6029 = PLANE('',#6030);
#6030 = AXIS2_PLACEMENT_3D('',#6031,#6032,#6033);
#6031 = CARTESIAN_POINT('',(118.30842311985,61.490442880736,
    -4.371964200013E-02));
#6032 = DIRECTION('',(-0.946759294488,-0.321942290325,7.394841120557E-18
    ));
#6033 = DIRECTION('',(0.321942290325,-0.946759294488,0.));
#6034 = ADVANCED_FACE('',(#6035),#6052,.T.);
#6035 = FACE_BOUND('',#6036,.T.);
#6036 = EDGE_LOOP('',(#6037,#6038,#6046));
#6037 = ORIENTED_EDGE('',*,*,#6015,.F.);
#6038 = ORIENTED_EDGE('',*,*,#6039,.F.);
#6039 = EDGE_CURVE('',#6040,#6016,#6042,.T.);
#6040 = VERTEX_POINT('',#6041);
#6041 = CARTESIAN_POINT('',(118.35199737548,61.362300872803,1.));
#6042 = LINE('',#6043,#6044);
#6043 = CARTESIAN_POINT('',(118.35199737548,61.362300872803,1.));
#6044 = VECTOR('',#6045,1.);
#6045 = DIRECTION('',(0.,0.,-1.));
#6046 = ORIENTED_EDGE('',*,*,#6047,.T.);
#6047 = EDGE_CURVE('',#6040,#4522,#6048,.T.);
#6048 = LINE('',#6049,#6050);
#6049 = CARTESIAN_POINT('',(118.35199737548,61.362300872803,1.));
#6050 = VECTOR('',#6051,1.);
#6051 = DIRECTION('',(-0.321942290325,0.946759294488,0.));
#6052 = PLANE('',#6053);
#6053 = AXIS2_PLACEMENT_3D('',#6054,#6055,#6056);
#6054 = CARTESIAN_POINT('',(118.33657352321,61.407658925905,
    4.371964200013E-02));
#6055 = DIRECTION('',(-0.946759294488,-0.321942290325,2.464947040186E-18
    ));
#6056 = DIRECTION('',(0.321942290325,-0.946759294488,0.));
#6057 = ADVANCED_FACE('',(#6058),#6075,.T.);
#6058 = FACE_BOUND('',#6059,.T.);
#6059 = EDGE_LOOP('',(#6060,#6068,#6069));
#6060 = ORIENTED_EDGE('',*,*,#6061,.T.);
#6061 = EDGE_CURVE('',#6062,#6040,#6064,.T.);
#6062 = VERTEX_POINT('',#6063);
#6063 = CARTESIAN_POINT('',(118.38800048828,61.18270111084,-1.));
#6064 = LINE('',#6065,#6066);
#6065 = CARTESIAN_POINT('',(118.38800048828,61.18270111084,-1.));
#6066 = VECTOR('',#6067,1.);
#6067 = DIRECTION('',(-1.79265288708E-02,8.942560985017E-02,
    0.995832164506));
#6068 = ORIENTED_EDGE('',*,*,#6039,.T.);
#6069 = ORIENTED_EDGE('',*,*,#6070,.T.);
#6070 = EDGE_CURVE('',#6016,#6062,#6071,.T.);
#6071 = LINE('',#6072,#6073);
#6072 = CARTESIAN_POINT('',(118.35199737548,61.362300872803,-1.));
#6073 = VECTOR('',#6074,1.);
#6074 = DIRECTION('',(0.196552653743,-0.980493270913,0.));
#6075 = PLANE('',#6076);
#6076 = AXIS2_PLACEMENT_3D('',#6077,#6078,#6079);
#6077 = CARTESIAN_POINT('',(118.36140946753,61.31534911334,
    -4.370057683212E-02));
#6078 = DIRECTION('',(-0.980493270913,-0.196552653743,4.930001284055E-18
    ));
#6079 = DIRECTION('',(0.196552653743,-0.980493270913,0.));
#6080 = ADVANCED_FACE('',(#6081),#6098,.T.);
#6081 = FACE_BOUND('',#6082,.T.);
#6082 = EDGE_LOOP('',(#6083,#6084,#6092));
#6083 = ORIENTED_EDGE('',*,*,#6061,.F.);
#6084 = ORIENTED_EDGE('',*,*,#6085,.T.);
#6085 = EDGE_CURVE('',#6062,#6086,#6088,.T.);
#6086 = VERTEX_POINT('',#6087);
#6087 = CARTESIAN_POINT('',(118.38800048828,61.18270111084,1.));
#6088 = LINE('',#6089,#6090);
#6089 = CARTESIAN_POINT('',(118.38800048828,61.18270111084,-1.));
#6090 = VECTOR('',#6091,1.);
#6091 = DIRECTION('',(0.,0.,1.));
#6092 = ORIENTED_EDGE('',*,*,#6093,.T.);
#6093 = EDGE_CURVE('',#6086,#6040,#6094,.T.);
#6094 = LINE('',#6095,#6096);
#6095 = CARTESIAN_POINT('',(118.38800048828,61.18270111084,1.));
#6096 = VECTOR('',#6097,1.);
#6097 = DIRECTION('',(-0.196552653743,0.980493270913,0.));
#6098 = PLANE('',#6099);
#6099 = AXIS2_PLACEMENT_3D('',#6100,#6101,#6102);
#6100 = CARTESIAN_POINT('',(118.37858839623,61.229652870302,
    4.370057683212E-02));
#6101 = DIRECTION('',(-0.980493270913,-0.196552653743,2.465000642028E-18
    ));
#6102 = DIRECTION('',(0.196552653743,-0.980493270913,0.));
#6103 = ADVANCED_FACE('',(#6104),#6121,.T.);
#6104 = FACE_BOUND('',#6105,.T.);
#6105 = EDGE_LOOP('',(#6106,#6114,#6115));
#6106 = ORIENTED_EDGE('',*,*,#6107,.T.);
#6107 = EDGE_CURVE('',#6108,#6086,#6110,.T.);
#6108 = VERTEX_POINT('',#6109);
#6109 = CARTESIAN_POINT('',(118.40000152587,61.,-1.));
#6110 = LINE('',#6111,#6112);
#6111 = CARTESIAN_POINT('',(118.40000152587,61.,-1.));
#6112 = VECTOR('',#6113,1.);
#6113 = DIRECTION('',(-5.975530792031E-03,9.097014359617E-02,
    0.995835692274));
#6114 = ORIENTED_EDGE('',*,*,#6085,.F.);
#6115 = ORIENTED_EDGE('',*,*,#6116,.T.);
#6116 = EDGE_CURVE('',#6062,#6108,#6117,.T.);
#6117 = LINE('',#6118,#6119);
#6118 = CARTESIAN_POINT('',(118.38800048828,61.18270111084,-1.));
#6119 = VECTOR('',#6120,1.);
#6120 = DIRECTION('',(6.554547103166E-02,-0.997849583468,0.));
#6121 = PLANE('',#6122);
#6122 = AXIS2_PLACEMENT_3D('',#6123,#6124,#6125);
#6123 = CARTESIAN_POINT('',(118.39113779414,61.1349394685,
    -4.368284940197E-02));
#6124 = DIRECTION('',(-0.997849583468,-6.554547103166E-02,
    6.278883631591E-19));
#6125 = DIRECTION('',(6.554547103166E-02,-0.997849583468,0.));
#6126 = ADVANCED_FACE('',(#6127),#6144,.T.);
#6127 = FACE_BOUND('',#6128,.T.);
#6128 = EDGE_LOOP('',(#6129,#6130,#6138));
#6129 = ORIENTED_EDGE('',*,*,#6107,.F.);
#6130 = ORIENTED_EDGE('',*,*,#6131,.T.);
#6131 = EDGE_CURVE('',#6108,#6132,#6134,.T.);
#6132 = VERTEX_POINT('',#6133);
#6133 = CARTESIAN_POINT('',(118.40000152587,61.,1.));
#6134 = LINE('',#6135,#6136);
#6135 = CARTESIAN_POINT('',(118.40000152587,61.,-1.));
#6136 = VECTOR('',#6137,1.);
#6137 = DIRECTION('',(0.,0.,1.));
#6138 = ORIENTED_EDGE('',*,*,#6139,.T.);
#6139 = EDGE_CURVE('',#6132,#6086,#6140,.T.);
#6140 = LINE('',#6141,#6142);
#6141 = CARTESIAN_POINT('',(118.40000152587,61.,1.));
#6142 = VECTOR('',#6143,1.);
#6143 = DIRECTION('',(-6.554547103166E-02,0.997849583468,0.));
#6144 = PLANE('',#6145);
#6145 = AXIS2_PLACEMENT_3D('',#6146,#6147,#6148);
#6146 = CARTESIAN_POINT('',(118.39686422002,61.047761642339,
    4.368284940197E-02));
#6147 = DIRECTION('',(-0.997849583468,-6.554547103166E-02,
    -1.97419666986E-18));
#6148 = DIRECTION('',(6.554547103166E-02,-0.997849583468,
    -2.407412430484E-35));
#6149 = ADVANCED_FACE('',(#6150),#6167,.T.);
#6150 = FACE_BOUND('',#6151,.T.);
#6151 = EDGE_LOOP('',(#6152,#6160,#6161));
#6152 = ORIENTED_EDGE('',*,*,#6153,.T.);
#6153 = EDGE_CURVE('',#6154,#6132,#6156,.T.);
#6154 = VERTEX_POINT('',#6155);
#6155 = CARTESIAN_POINT('',(118.38800048828,60.81729888916,-1.));
#6156 = LINE('',#6157,#6158);
#6157 = CARTESIAN_POINT('',(118.38800048828,60.81729888916,-1.));
#6158 = VECTOR('',#6159,1.);
#6159 = DIRECTION('',(5.975530792031E-03,9.097014359617E-02,
    0.995835692274));
#6160 = ORIENTED_EDGE('',*,*,#6131,.F.);
#6161 = ORIENTED_EDGE('',*,*,#6162,.T.);
#6162 = EDGE_CURVE('',#6108,#6154,#6163,.T.);
#6163 = LINE('',#6164,#6165);
#6164 = CARTESIAN_POINT('',(118.40000152587,61.,-1.));
#6165 = VECTOR('',#6166,1.);
#6166 = DIRECTION('',(-6.554547103166E-02,-0.997849583468,0.));
#6167 = PLANE('',#6168);
#6168 = AXIS2_PLACEMENT_3D('',#6169,#6170,#6171);
#6169 = CARTESIAN_POINT('',(118.39686422002,60.952238357661,
    -4.368284940197E-02));
#6170 = DIRECTION('',(-0.997849583468,6.554547103166E-02,
    1.969114446327E-18));
#6171 = DIRECTION('',(-6.554547103166E-02,-0.997849583468,
    2.407412430484E-35));
#6172 = ADVANCED_FACE('',(#6173),#6190,.T.);
#6173 = FACE_BOUND('',#6174,.T.);
#6174 = EDGE_LOOP('',(#6175,#6176,#6184));
#6175 = ORIENTED_EDGE('',*,*,#6153,.F.);
#6176 = ORIENTED_EDGE('',*,*,#6177,.T.);
#6177 = EDGE_CURVE('',#6154,#6178,#6180,.T.);
#6178 = VERTEX_POINT('',#6179);
#6179 = CARTESIAN_POINT('',(118.38800048828,60.81729888916,1.));
#6180 = LINE('',#6181,#6182);
#6181 = CARTESIAN_POINT('',(118.38800048828,60.81729888916,-1.));
#6182 = VECTOR('',#6183,1.);
#6183 = DIRECTION('',(0.,0.,1.));
#6184 = ORIENTED_EDGE('',*,*,#6185,.T.);
#6185 = EDGE_CURVE('',#6178,#6132,#6186,.T.);
#6186 = LINE('',#6187,#6188);
#6187 = CARTESIAN_POINT('',(118.38800048828,60.81729888916,1.));
#6188 = VECTOR('',#6189,1.);
#6189 = DIRECTION('',(6.554547103166E-02,0.997849583468,0.));
#6190 = PLANE('',#6191);
#6191 = AXIS2_PLACEMENT_3D('',#6192,#6193,#6194);
#6192 = CARTESIAN_POINT('',(118.39113779414,60.8650605315,
    4.368284940197E-02));
#6193 = DIRECTION('',(-0.997849583468,6.554547103166E-02,
    2.836476106768E-18));
#6194 = DIRECTION('',(-6.554547103166E-02,-0.997849583468,0.));
#6195 = ADVANCED_FACE('',(#6196),#6213,.T.);
#6196 = FACE_BOUND('',#6197,.T.);
#6197 = EDGE_LOOP('',(#6198,#6206,#6207));
#6198 = ORIENTED_EDGE('',*,*,#6199,.T.);
#6199 = EDGE_CURVE('',#6200,#6178,#6202,.T.);
#6200 = VERTEX_POINT('',#6201);
#6201 = CARTESIAN_POINT('',(118.35199737548,60.637699127197,-1.));
#6202 = LINE('',#6203,#6204);
#6203 = CARTESIAN_POINT('',(118.35199737548,60.637699127197,-1.));
#6204 = VECTOR('',#6205,1.);
#6205 = DIRECTION('',(1.79265288708E-02,8.942560985017E-02,
    0.995832164506));
#6206 = ORIENTED_EDGE('',*,*,#6177,.F.);
#6207 = ORIENTED_EDGE('',*,*,#6208,.T.);
#6208 = EDGE_CURVE('',#6154,#6200,#6209,.T.);
#6209 = LINE('',#6210,#6211);
#6210 = CARTESIAN_POINT('',(118.38800048828,60.81729888916,-1.));
#6211 = VECTOR('',#6212,1.);
#6212 = DIRECTION('',(-0.196552653743,-0.980493270913,0.));
#6213 = PLANE('',#6214);
#6214 = AXIS2_PLACEMENT_3D('',#6215,#6216,#6217);
#6215 = CARTESIAN_POINT('',(118.37858839623,60.770347129698,
    -4.370057683212E-02));
#6216 = DIRECTION('',(-0.980493270913,0.196552653743,-2.465000642028E-18
    ));
#6217 = DIRECTION('',(-0.196552653743,-0.980493270913,0.));
#6218 = ADVANCED_FACE('',(#6219),#6236,.T.);
#6219 = FACE_BOUND('',#6220,.T.);
#6220 = EDGE_LOOP('',(#6221,#6222,#6230));
#6221 = ORIENTED_EDGE('',*,*,#6199,.F.);
#6222 = ORIENTED_EDGE('',*,*,#6223,.F.);
#6223 = EDGE_CURVE('',#6224,#6200,#6226,.T.);
#6224 = VERTEX_POINT('',#6225);
#6225 = CARTESIAN_POINT('',(118.35199737548,60.637699127197,1.));
#6226 = LINE('',#6227,#6228);
#6227 = CARTESIAN_POINT('',(118.35199737548,60.637699127197,1.));
#6228 = VECTOR('',#6229,1.);
#6229 = DIRECTION('',(0.,0.,-1.));
#6230 = ORIENTED_EDGE('',*,*,#6231,.T.);
#6231 = EDGE_CURVE('',#6224,#6178,#6232,.T.);
#6232 = LINE('',#6233,#6234);
#6233 = CARTESIAN_POINT('',(118.35199737548,60.637699127197,1.));
#6234 = VECTOR('',#6235,1.);
#6235 = DIRECTION('',(0.196552653743,0.980493270913,0.));
#6236 = PLANE('',#6237);
#6237 = AXIS2_PLACEMENT_3D('',#6238,#6239,#6240);
#6238 = CARTESIAN_POINT('',(118.36140946753,60.68465088666,
    4.370057683212E-02));
#6239 = DIRECTION('',(-0.980493270913,0.196552653743,-2.465000642028E-18
    ));
#6240 = DIRECTION('',(-0.196552653743,-0.980493270913,0.));
#6241 = ADVANCED_FACE('',(#6242),#6259,.T.);
#6242 = FACE_BOUND('',#6243,.T.);
#6243 = EDGE_LOOP('',(#6244,#6252,#6253));
#6244 = ORIENTED_EDGE('',*,*,#6245,.T.);
#6245 = EDGE_CURVE('',#6246,#6224,#6248,.T.);
#6246 = VERTEX_POINT('',#6247);
#6247 = CARTESIAN_POINT('',(118.29299926757,60.464199066162,-1.));
#6248 = LINE('',#6249,#6250);
#6249 = CARTESIAN_POINT('',(118.29299926757,60.464199066162,-1.));
#6250 = VECTOR('',#6251,1.);
#6251 = DIRECTION('',(2.937599477906E-02,8.638814137728E-02,
    0.995828368726));
#6252 = ORIENTED_EDGE('',*,*,#6223,.T.);
#6253 = ORIENTED_EDGE('',*,*,#6254,.T.);
#6254 = EDGE_CURVE('',#6200,#6246,#6255,.T.);
#6255 = LINE('',#6256,#6257);
#6256 = CARTESIAN_POINT('',(118.35199737548,60.637699127197,-1.));
#6257 = VECTOR('',#6258,1.);
#6258 = DIRECTION('',(-0.321942290325,-0.946759294488,0.));
#6259 = PLANE('',#6260);
#6260 = AXIS2_PLACEMENT_3D('',#6261,#6262,#6263);
#6261 = CARTESIAN_POINT('',(118.33657352321,60.592341074095,
    -4.371964200013E-02));
#6262 = DIRECTION('',(-0.946759294488,0.321942290325,-1.232473520093E-17
    ));
#6263 = DIRECTION('',(-0.321942290325,-0.946759294488,7.703719777549E-34
    ));
#6264 = ADVANCED_FACE('',(#6265),#6282,.T.);
#6265 = FACE_BOUND('',#6266,.T.);
#6266 = EDGE_LOOP('',(#6267,#6268,#6276));
#6267 = ORIENTED_EDGE('',*,*,#6245,.F.);
#6268 = ORIENTED_EDGE('',*,*,#6269,.T.);
#6269 = EDGE_CURVE('',#6246,#6270,#6272,.T.);
#6270 = VERTEX_POINT('',#6271);
#6271 = CARTESIAN_POINT('',(118.29299926757,60.464199066162,1.));
#6272 = LINE('',#6273,#6274);
#6273 = CARTESIAN_POINT('',(118.29299926757,60.464199066162,-1.));
#6274 = VECTOR('',#6275,1.);
#6275 = DIRECTION('',(0.,0.,1.));
#6276 = ORIENTED_EDGE('',*,*,#6277,.T.);
#6277 = EDGE_CURVE('',#6270,#6224,#6278,.T.);
#6278 = LINE('',#6279,#6280);
#6279 = CARTESIAN_POINT('',(118.29299926757,60.464199066162,1.));
#6280 = VECTOR('',#6281,1.);
#6281 = DIRECTION('',(0.321942290325,0.946759294488,0.));
#6282 = PLANE('',#6283);
#6283 = AXIS2_PLACEMENT_3D('',#6284,#6285,#6286);
#6284 = CARTESIAN_POINT('',(118.30842311985,60.509557119264,
    4.371964200013E-02));
#6285 = DIRECTION('',(-0.946759294488,0.321942290325,-4.929894080372E-18
    ));
#6286 = DIRECTION('',(-0.321942290325,-0.946759294488,1.925929944387E-34
    ));
#6287 = ADVANCED_FACE('',(#6288),#6305,.T.);
#6288 = FACE_BOUND('',#6289,.T.);
#6289 = EDGE_LOOP('',(#6290,#6298,#6299));
#6290 = ORIENTED_EDGE('',*,*,#6291,.T.);
#6291 = EDGE_CURVE('',#6292,#6270,#6294,.T.);
#6292 = VERTEX_POINT('',#6293);
#6293 = CARTESIAN_POINT('',(118.21199798584,60.299999237061,-1.));
#6294 = LINE('',#6295,#6296);
#6295 = CARTESIAN_POINT('',(118.21199798584,60.299999237061,-1.));
#6296 = VECTOR('',#6297,1.);
#6297 = DIRECTION('',(4.033198838349E-02,8.175803466041E-02,
    0.995835806989));
#6298 = ORIENTED_EDGE('',*,*,#6269,.F.);
#6299 = ORIENTED_EDGE('',*,*,#6300,.T.);
#6300 = EDGE_CURVE('',#6246,#6292,#6301,.T.);
#6301 = LINE('',#6302,#6303);
#6302 = CARTESIAN_POINT('',(118.29299926757,60.464199066162,-1.));
#6303 = VECTOR('',#6304,1.);
#6304 = DIRECTION('',(-0.442406809502,-0.896814481878,0.));
#6305 = PLANE('',#6306);
#6306 = AXIS2_PLACEMENT_3D('',#6307,#6308,#6309);
#6307 = CARTESIAN_POINT('',(118.27182396165,60.421274046466,
    -4.368227280712E-02));
#6308 = DIRECTION('',(-0.896814481878,0.442406809502,-0.));
#6309 = DIRECTION('',(-0.442406809502,-0.896814481878,0.));
#6310 = ADVANCED_FACE('',(#6311),#6328,.T.);
#6311 = FACE_BOUND('',#6312,.T.);
#6312 = EDGE_LOOP('',(#6313,#6314,#6322));
#6313 = ORIENTED_EDGE('',*,*,#6291,.F.);
#6314 = ORIENTED_EDGE('',*,*,#6315,.T.);
#6315 = EDGE_CURVE('',#6292,#6316,#6318,.T.);
#6316 = VERTEX_POINT('',#6317);
#6317 = CARTESIAN_POINT('',(118.21199798584,60.299999237061,1.));
#6318 = LINE('',#6319,#6320);
#6319 = CARTESIAN_POINT('',(118.21199798584,60.299999237061,-1.));
#6320 = VECTOR('',#6321,1.);
#6321 = DIRECTION('',(0.,0.,1.));
#6322 = ORIENTED_EDGE('',*,*,#6323,.T.);
#6323 = EDGE_CURVE('',#6316,#6270,#6324,.T.);
#6324 = LINE('',#6325,#6326);
#6325 = CARTESIAN_POINT('',(118.21199798584,60.299999237061,1.));
#6326 = VECTOR('',#6327,1.);
#6327 = DIRECTION('',(0.442406809502,0.896814481878,0.));
#6328 = PLANE('',#6329);
#6329 = AXIS2_PLACEMENT_3D('',#6330,#6331,#6332);
#6330 = CARTESIAN_POINT('',(118.23317329176,60.342924256757,
    4.368227280712E-02));
#6331 = DIRECTION('',(-0.896814481878,0.442406809502,-4.930104217817E-18
    ));
#6332 = DIRECTION('',(-0.442406809502,-0.896814481878,0.));
#6333 = ADVANCED_FACE('',(#6334),#6351,.T.);
#6334 = FACE_BOUND('',#6335,.T.);
#6335 = EDGE_LOOP('',(#6336,#6344,#6345));
#6336 = ORIENTED_EDGE('',*,*,#6337,.T.);
#6337 = EDGE_CURVE('',#6338,#6316,#6340,.T.);
#6338 = VERTEX_POINT('',#6339);
#6339 = CARTESIAN_POINT('',(118.11100006103,60.147701263428,-1.));
#6340 = LINE('',#6341,#6342);
#6341 = CARTESIAN_POINT('',(118.11100006103,60.147701263428,-1.));
#6342 = VECTOR('',#6343,1.);
#6343 = DIRECTION('',(5.028947004602E-02,7.583308664894E-02,
    0.995851551272));
#6344 = ORIENTED_EDGE('',*,*,#6315,.F.);
#6345 = ORIENTED_EDGE('',*,*,#6346,.T.);
#6346 = EDGE_CURVE('',#6292,#6338,#6347,.T.);
#6347 = LINE('',#6348,#6349);
#6348 = CARTESIAN_POINT('',(118.21199798584,60.299999237061,-1.));
#6349 = VECTOR('',#6350,1.);
#6350 = DIRECTION('',(-0.552675327984,-0.833396653363,0.));
#6351 = PLANE('',#6352);
#6352 = AXIS2_PLACEMENT_3D('',#6353,#6354,#6355);
#6353 = CARTESIAN_POINT('',(118.18559735652,60.260188890913,
    -4.360305566668E-02));
#6354 = DIRECTION('',(-0.833396653363,0.552675327984,4.930549812951E-18)
  );
#6355 = DIRECTION('',(-0.552675327984,-0.833396653363,0.));
#6356 = ADVANCED_FACE('',(#6357),#6374,.T.);
#6357 = FACE_BOUND('',#6358,.T.);
#6358 = EDGE_LOOP('',(#6359,#6360,#6368));
#6359 = ORIENTED_EDGE('',*,*,#6337,.F.);
#6360 = ORIENTED_EDGE('',*,*,#6361,.T.);
#6361 = EDGE_CURVE('',#6338,#6362,#6364,.T.);
#6362 = VERTEX_POINT('',#6363);
#6363 = CARTESIAN_POINT('',(118.11100006103,60.147701263428,1.));
#6364 = LINE('',#6365,#6366);
#6365 = CARTESIAN_POINT('',(118.11100006103,60.147701263428,-1.));
#6366 = VECTOR('',#6367,1.);
#6367 = DIRECTION('',(0.,0.,1.));
#6368 = ORIENTED_EDGE('',*,*,#6369,.T.);
#6369 = EDGE_CURVE('',#6362,#6316,#6370,.T.);
#6370 = LINE('',#6371,#6372);
#6371 = CARTESIAN_POINT('',(118.11100006103,60.147701263428,1.));
#6372 = VECTOR('',#6373,1.);
#6373 = DIRECTION('',(0.552675327984,0.833396653363,0.));
#6374 = PLANE('',#6375);
#6375 = AXIS2_PLACEMENT_3D('',#6376,#6377,#6378);
#6376 = CARTESIAN_POINT('',(118.13740069034,60.187511609575,
    4.360305566668E-02));
#6377 = DIRECTION('',(-0.833396653363,0.552675327984,1.479164943885E-17)
  );
#6378 = DIRECTION('',(-0.552675327984,-0.833396653363,
    -7.703719777549E-34));
#6379 = ADVANCED_FACE('',(#6380),#6397,.T.);
#6380 = FACE_BOUND('',#6381,.T.);
#6381 = EDGE_LOOP('',(#6382,#6390,#6391));
#6382 = ORIENTED_EDGE('',*,*,#6383,.T.);
#6383 = EDGE_CURVE('',#6384,#6362,#6386,.T.);
#6384 = VERTEX_POINT('',#6385);
#6385 = CARTESIAN_POINT('',(117.98999786377,60.010101318359,-1.));
#6386 = LINE('',#6387,#6388);
#6387 = CARTESIAN_POINT('',(117.98999786377,60.010101318359,-1.));
#6388 = VECTOR('',#6389,1.);
#6389 = DIRECTION('',(6.024876839674E-02,6.851303041737E-02,
    0.995829328033));
#6390 = ORIENTED_EDGE('',*,*,#6361,.F.);
#6391 = ORIENTED_EDGE('',*,*,#6392,.T.);
#6392 = EDGE_CURVE('',#6338,#6384,#6393,.T.);
#6393 = LINE('',#6394,#6395);
#6394 = CARTESIAN_POINT('',(118.11100006103,60.147701263428,-1.));
#6395 = VECTOR('',#6396,1.);
#6396 = DIRECTION('',(-0.660364102548,-0.750945571973,0.));
#6397 = PLANE('',#6398);
#6398 = AXIS2_PLACEMENT_3D('',#6399,#6400,#6401);
#6399 = CARTESIAN_POINT('',(118.07936666328,60.111728744821,
    -4.371482455274E-02));
#6400 = DIRECTION('',(-0.750945571973,0.660364102548,-0.));
#6401 = DIRECTION('',(-0.660364102548,-0.750945571973,0.));
#6402 = ADVANCED_FACE('',(#6403),#6420,.T.);
#6403 = FACE_BOUND('',#6404,.T.);
#6404 = EDGE_LOOP('',(#6405,#6406,#6414));
#6405 = ORIENTED_EDGE('',*,*,#6383,.F.);
#6406 = ORIENTED_EDGE('',*,*,#6407,.F.);
#6407 = EDGE_CURVE('',#6408,#6384,#6410,.T.);
#6408 = VERTEX_POINT('',#6409);
#6409 = CARTESIAN_POINT('',(117.98999786377,60.010101318359,1.));
#6410 = LINE('',#6411,#6412);
#6411 = CARTESIAN_POINT('',(117.98999786377,60.010101318359,1.));
#6412 = VECTOR('',#6413,1.);
#6413 = DIRECTION('',(0.,0.,-1.));
#6414 = ORIENTED_EDGE('',*,*,#6415,.T.);
#6415 = EDGE_CURVE('',#6408,#6362,#6416,.T.);
#6416 = LINE('',#6417,#6418);
#6417 = CARTESIAN_POINT('',(117.98999786377,60.010101318359,1.));
#6418 = VECTOR('',#6419,1.);
#6419 = DIRECTION('',(0.660364102548,0.750945571973,0.));
#6420 = PLANE('',#6421);
#6421 = AXIS2_PLACEMENT_3D('',#6422,#6423,#6424);
#6422 = CARTESIAN_POINT('',(118.02163126151,60.046073836966,
    4.371482455274E-02));
#6423 = DIRECTION('',(-0.750945571973,0.660364102548,-1.971968467175E-17
    ));
#6424 = DIRECTION('',(-0.660364102548,-0.750945571973,-1.54074395551E-33
    ));
#6425 = ADVANCED_FACE('',(#6426),#6443,.T.);
#6426 = FACE_BOUND('',#6427,.T.);
#6427 = EDGE_LOOP('',(#6428,#6436,#6442));
#6428 = ORIENTED_EDGE('',*,*,#6429,.T.);
#6429 = EDGE_CURVE('',#6384,#6430,#6432,.T.);
#6430 = VERTEX_POINT('',#6431);
#6431 = CARTESIAN_POINT('',(117.85199737548,59.889301300049,1.));
#6432 = LINE('',#6433,#6434);
#6433 = CARTESIAN_POINT('',(117.98999786377,60.010101318359,-1.));
#6434 = VECTOR('',#6435,1.);
#6435 = DIRECTION('',(-6.871194291064E-02,-6.014764197676E-02,
    0.995821736088));
#6436 = ORIENTED_EDGE('',*,*,#6437,.T.);
#6437 = EDGE_CURVE('',#6430,#6408,#6438,.T.);
#6438 = LINE('',#6439,#6440);
#6439 = CARTESIAN_POINT('',(117.85199737548,59.889301300049,1.));
#6440 = VECTOR('',#6441,1.);
#6441 = DIRECTION('',(0.752442678813,0.658657737449,0.));
#6442 = ORIENTED_EDGE('',*,*,#6407,.T.);
#6443 = PLANE('',#6444);
#6444 = AXIS2_PLACEMENT_3D('',#6445,#6446,#6447);
#6445 = CARTESIAN_POINT('',(117.95391919406,59.978519517344,
    4.375293343067E-02));
#6446 = DIRECTION('',(-0.658657737449,0.752442678813,0.));
#6447 = DIRECTION('',(0.752442678813,0.658657737449,0.));
#6448 = ADVANCED_FACE('',(#6449),#6466,.T.);
#6449 = FACE_BOUND('',#6450,.T.);
#6450 = EDGE_LOOP('',(#6451,#6452,#6460));
#6451 = ORIENTED_EDGE('',*,*,#6429,.F.);
#6452 = ORIENTED_EDGE('',*,*,#6453,.T.);
#6453 = EDGE_CURVE('',#6384,#6454,#6456,.T.);
#6454 = VERTEX_POINT('',#6455);
#6455 = CARTESIAN_POINT('',(117.85199737548,59.889301300049,-1.));
#6456 = LINE('',#6457,#6458);
#6457 = CARTESIAN_POINT('',(117.98999786377,60.010101318359,-1.));
#6458 = VECTOR('',#6459,1.);
#6459 = DIRECTION('',(-0.752442678813,-0.658657737449,0.));
#6460 = ORIENTED_EDGE('',*,*,#6461,.F.);
#6461 = EDGE_CURVE('',#6430,#6454,#6462,.T.);
#6462 = LINE('',#6463,#6464);
#6463 = CARTESIAN_POINT('',(117.85199737548,59.889301300049,1.));
#6464 = VECTOR('',#6465,1.);
#6465 = DIRECTION('',(0.,0.,-1.));
#6466 = PLANE('',#6467);
#6467 = AXIS2_PLACEMENT_3D('',#6468,#6469,#6470);
#6468 = CARTESIAN_POINT('',(117.88807604519,59.920883101064,
    -4.375293343067E-02));
#6469 = DIRECTION('',(-0.658657737449,0.752442678813,-9.859413815399E-18
    ));
#6470 = DIRECTION('',(0.752442678813,0.658657737449,0.));
#6471 = ADVANCED_FACE('',(#6472),#6489,.T.);
#6472 = FACE_BOUND('',#6473,.T.);
#6473 = EDGE_LOOP('',(#6474,#6482,#6488));
#6474 = ORIENTED_EDGE('',*,*,#6475,.T.);
#6475 = EDGE_CURVE('',#6454,#6476,#6478,.T.);
#6476 = VERTEX_POINT('',#6477);
#6477 = CARTESIAN_POINT('',(117.69999694824,59.787601470947,1.));
#6478 = LINE('',#6479,#6480);
#6479 = CARTESIAN_POINT('',(117.85199737548,59.889301300049,-1.));
#6480 = VECTOR('',#6481,1.);
#6481 = DIRECTION('',(-7.56844452782E-02,-5.063864154788E-02,
    0.995845165036));
#6482 = ORIENTED_EDGE('',*,*,#6483,.T.);
#6483 = EDGE_CURVE('',#6476,#6430,#6484,.T.);
#6484 = LINE('',#6485,#6486);
#6485 = CARTESIAN_POINT('',(117.69999694824,59.787601470947,1.));
#6486 = VECTOR('',#6487,1.);
#6487 = DIRECTION('',(0.831124950649,0.556085709589,0.));
#6488 = ORIENTED_EDGE('',*,*,#6461,.T.);
#6489 = PLANE('',#6490);
#6490 = AXIS2_PLACEMENT_3D('',#6491,#6492,#6493);
#6491 = CARTESIAN_POINT('',(117.81226347153,59.862716300816,
    4.363520748587E-02));
#6492 = DIRECTION('',(-0.556085709589,0.831124950649,4.930368937375E-18)
  );
#6493 = DIRECTION('',(0.831124950649,0.556085709589,0.));
#6494 = ADVANCED_FACE('',(#6495),#6512,.T.);
#6495 = FACE_BOUND('',#6496,.T.);
#6496 = EDGE_LOOP('',(#6497,#6498,#6506));
#6497 = ORIENTED_EDGE('',*,*,#6475,.F.);
#6498 = ORIENTED_EDGE('',*,*,#6499,.T.);
#6499 = EDGE_CURVE('',#6454,#6500,#6502,.T.);
#6500 = VERTEX_POINT('',#6501);
#6501 = CARTESIAN_POINT('',(117.69999694824,59.787601470947,-1.));
#6502 = LINE('',#6503,#6504);
#6503 = CARTESIAN_POINT('',(117.85199737548,59.889301300049,-1.));
#6504 = VECTOR('',#6505,1.);
#6505 = DIRECTION('',(-0.831124950649,-0.556085709589,0.));
#6506 = ORIENTED_EDGE('',*,*,#6507,.T.);
#6507 = EDGE_CURVE('',#6500,#6476,#6508,.T.);
#6508 = LINE('',#6509,#6510);
#6509 = CARTESIAN_POINT('',(117.69999694824,59.787601470947,-1.));
#6510 = VECTOR('',#6511,1.);
#6511 = DIRECTION('',(0.,0.,1.));
#6512 = PLANE('',#6513);
#6513 = AXIS2_PLACEMENT_3D('',#6514,#6515,#6516);
#6514 = CARTESIAN_POINT('',(117.73973085219,59.81418647018,
    -4.363520748587E-02));
#6515 = DIRECTION('',(-0.556085709589,0.831124950649,9.860737874751E-18)
  );
#6516 = DIRECTION('',(0.831124950649,0.556085709589,0.));
#6517 = ADVANCED_FACE('',(#6518),#6535,.T.);
#6518 = FACE_BOUND('',#6519,.T.);
#6519 = EDGE_LOOP('',(#6520,#6528,#6534));
#6520 = ORIENTED_EDGE('',*,*,#6521,.T.);
#6521 = EDGE_CURVE('',#6500,#6522,#6524,.T.);
#6522 = VERTEX_POINT('',#6523);
#6523 = CARTESIAN_POINT('',(117.53600311279,59.706600189209,1.));
#6524 = LINE('',#6525,#6526);
#6525 = CARTESIAN_POINT('',(117.69999694824,59.787601470947,-1.));
#6526 = VECTOR('',#6527,1.);
#6527 = DIRECTION('',(-8.165615105449E-02,-4.033232638965E-02,
    0.995844152688));
#6528 = ORIENTED_EDGE('',*,*,#6529,.T.);
#6529 = EDGE_CURVE('',#6522,#6476,#6530,.T.);
#6530 = LINE('',#6531,#6532);
#6531 = CARTESIAN_POINT('',(117.53600311279,59.706600189209,1.));
#6532 = VECTOR('',#6533,1.);
#6533 = DIRECTION('',(0.896593943089,0.442853588917,0.));
#6534 = ORIENTED_EDGE('',*,*,#6507,.F.);
#6535 = PLANE('',#6536);
#6536 = AXIS2_PLACEMENT_3D('',#6537,#6538,#6539);
#6537 = CARTESIAN_POINT('',(117.65712766073,59.766427094328,
    4.364030174594E-02));
#6538 = DIRECTION('',(-0.442853588917,0.896593943089,4.930340281514E-18)
  );
#6539 = DIRECTION('',(0.896593943089,0.442853588917,0.));
#6540 = ADVANCED_FACE('',(#6541),#6558,.T.);
#6541 = FACE_BOUND('',#6542,.T.);
#6542 = EDGE_LOOP('',(#6543,#6544,#6552));
#6543 = ORIENTED_EDGE('',*,*,#6521,.F.);
#6544 = ORIENTED_EDGE('',*,*,#6545,.T.);
#6545 = EDGE_CURVE('',#6500,#6546,#6548,.T.);
#6546 = VERTEX_POINT('',#6547);
#6547 = CARTESIAN_POINT('',(117.53600311279,59.706600189209,-1.));
#6548 = LINE('',#6549,#6550);
#6549 = CARTESIAN_POINT('',(117.69999694824,59.787601470947,-1.));
#6550 = VECTOR('',#6551,1.);
#6551 = DIRECTION('',(-0.896593943089,-0.442853588917,0.));
#6552 = ORIENTED_EDGE('',*,*,#6553,.F.);
#6553 = EDGE_CURVE('',#6522,#6546,#6554,.T.);
#6554 = LINE('',#6555,#6556);
#6555 = CARTESIAN_POINT('',(117.53600311279,59.706600189209,1.));
#6556 = VECTOR('',#6557,1.);
#6557 = DIRECTION('',(0.,0.,-1.));
#6558 = PLANE('',#6559);
#6559 = AXIS2_PLACEMENT_3D('',#6560,#6561,#6562);
#6560 = CARTESIAN_POINT('',(117.57887240029,59.727774565829,
    -4.364030174594E-02));
#6561 = DIRECTION('',(-0.442853588917,0.896593943089,0.));
#6562 = DIRECTION('',(0.896593943089,0.442853588917,0.));
#6563 = ADVANCED_FACE('',(#6564),#6581,.T.);
#6564 = FACE_BOUND('',#6565,.T.);
#6565 = EDGE_LOOP('',(#6566,#6574,#6580));
#6566 = ORIENTED_EDGE('',*,*,#6567,.T.);
#6567 = EDGE_CURVE('',#6546,#6568,#6570,.T.);
#6568 = VERTEX_POINT('',#6569);
#6569 = CARTESIAN_POINT('',(117.36199951171,59.647701263428,1.));
#6570 = LINE('',#6571,#6572);
#6571 = CARTESIAN_POINT('',(117.53600311279,59.706600189209,-1.));
#6572 = VECTOR('',#6573,1.);
#6573 = DIRECTION('',(-8.663710748808E-02,-2.93260170039E-02,
    0.995808212626));
#6574 = ORIENTED_EDGE('',*,*,#6575,.T.);
#6575 = EDGE_CURVE('',#6568,#6522,#6576,.T.);
#6576 = LINE('',#6577,#6578);
#6577 = CARTESIAN_POINT('',(117.36199951171,59.647701263428,1.));
#6578 = VECTOR('',#6579,1.);
#6579 = DIRECTION('',(0.947207043787,0.320622544747,0.));
#6580 = ORIENTED_EDGE('',*,*,#6553,.T.);
#6581 = PLANE('',#6582);
#6582 = AXIS2_PLACEMENT_3D('',#6583,#6584,#6585);
#6583 = CARTESIAN_POINT('',(117.4905086105,59.691200638296,
    4.382072380218E-02));
#6584 = DIRECTION('',(-0.320622544747,0.947207043787,-2.464662936775E-18
    ));
#6585 = DIRECTION('',(0.947207043787,0.320622544747,0.));
#6586 = ADVANCED_FACE('',(#6587),#6604,.T.);
#6587 = FACE_BOUND('',#6588,.T.);
#6588 = EDGE_LOOP('',(#6589,#6590,#6598));
#6589 = ORIENTED_EDGE('',*,*,#6567,.F.);
#6590 = ORIENTED_EDGE('',*,*,#6591,.T.);
#6591 = EDGE_CURVE('',#6546,#6592,#6594,.T.);
#6592 = VERTEX_POINT('',#6593);
#6593 = CARTESIAN_POINT('',(117.36199951171,59.647701263428,-1.));
#6594 = LINE('',#6595,#6596);
#6595 = CARTESIAN_POINT('',(117.53600311279,59.706600189209,-1.));
#6596 = VECTOR('',#6597,1.);
#6597 = DIRECTION('',(-0.947207043787,-0.320622544747,0.));
#6598 = ORIENTED_EDGE('',*,*,#6599,.T.);
#6599 = EDGE_CURVE('',#6592,#6568,#6600,.T.);
#6600 = LINE('',#6601,#6602);
#6601 = CARTESIAN_POINT('',(117.36199951171,59.647701263428,-1.));
#6602 = VECTOR('',#6603,1.);
#6603 = DIRECTION('',(0.,0.,1.));
#6604 = PLANE('',#6605);
#6605 = AXIS2_PLACEMENT_3D('',#6606,#6607,#6608);
#6606 = CARTESIAN_POINT('',(117.407494014,59.66310081434,
    -4.382072380218E-02));
#6607 = DIRECTION('',(-0.320622544747,0.947207043787,2.464662936775E-18)
  );
#6608 = DIRECTION('',(0.947207043787,0.320622544747,-9.629649721936E-35)
  );
#6609 = ADVANCED_FACE('',(#6610),#6627,.T.);
#6610 = FACE_BOUND('',#6611,.T.);
#6611 = EDGE_LOOP('',(#6612,#6620,#6626));
#6612 = ORIENTED_EDGE('',*,*,#6613,.T.);
#6613 = EDGE_CURVE('',#6592,#6614,#6616,.T.);
#6614 = VERTEX_POINT('',#6615);
#6615 = CARTESIAN_POINT('',(117.18299865722,59.611999511719,1.));
#6616 = LINE('',#6617,#6618);
#6617 = CARTESIAN_POINT('',(117.36199951171,59.647701263428,-1.));
#6618 = VECTOR('',#6619,1.);
#6619 = DIRECTION('',(-8.913001586329E-02,-1.777699723946E-02,
    0.995861345088));
#6620 = ORIENTED_EDGE('',*,*,#6621,.T.);
#6621 = EDGE_CURVE('',#6614,#6568,#6622,.T.);
#6622 = LINE('',#6623,#6624);
#6623 = CARTESIAN_POINT('',(117.18299865722,59.611999511719,1.));
#6624 = VECTOR('',#6625,1.);
#6625 = DIRECTION('',(0.980684231886,0.195597641425,0.));
#6626 = ORIENTED_EDGE('',*,*,#6599,.F.);
#6627 = PLANE('',#6628);
#6628 = AXIS2_PLACEMENT_3D('',#6629,#6630,#6631);
#6629 = CARTESIAN_POINT('',(117.31521150757,59.638369387826,
    4.355369620117E-02));
#6630 = DIRECTION('',(-0.195597641425,0.980684231886,0.));
#6631 = DIRECTION('',(0.980684231886,0.195597641425,0.));
#6632 = ADVANCED_FACE('',(#6633),#6650,.T.);
#6633 = FACE_BOUND('',#6634,.T.);
#6634 = EDGE_LOOP('',(#6635,#6636,#6644));
#6635 = ORIENTED_EDGE('',*,*,#6613,.F.);
#6636 = ORIENTED_EDGE('',*,*,#6637,.T.);
#6637 = EDGE_CURVE('',#6592,#6638,#6640,.T.);
#6638 = VERTEX_POINT('',#6639);
#6639 = CARTESIAN_POINT('',(117.18299865722,59.611999511719,-1.));
#6640 = LINE('',#6641,#6642);
#6641 = CARTESIAN_POINT('',(117.36199951171,59.647701263428,-1.));
#6642 = VECTOR('',#6643,1.);
#6643 = DIRECTION('',(-0.980684231886,-0.195597641425,0.));
#6644 = ORIENTED_EDGE('',*,*,#6645,.T.);
#6645 = EDGE_CURVE('',#6638,#6614,#6646,.T.);
#6646 = LINE('',#6647,#6648);
#6647 = CARTESIAN_POINT('',(117.18299865722,59.611999511719,-1.));
#6648 = VECTOR('',#6649,1.);
#6649 = DIRECTION('',(0.,0.,1.));
#6650 = PLANE('',#6651);
#6651 = AXIS2_PLACEMENT_3D('',#6652,#6653,#6654);
#6652 = CARTESIAN_POINT('',(117.22978666136,59.621331387321,
    -4.355369620117E-02));
#6653 = DIRECTION('',(-0.195597641425,0.980684231886,2.465413775943E-18)
  );
#6654 = DIRECTION('',(0.980684231886,0.195597641425,0.));
#6655 = ADVANCED_FACE('',(#6656),#6673,.T.);
#6656 = FACE_BOUND('',#6657,.T.);
#6657 = EDGE_LOOP('',(#6658,#6666,#6672));
#6658 = ORIENTED_EDGE('',*,*,#6659,.T.);
#6659 = EDGE_CURVE('',#6638,#6660,#6662,.T.);
#6660 = VERTEX_POINT('',#6661);
#6661 = CARTESIAN_POINT('',(117.,59.599998474121,1.));
#6662 = LINE('',#6663,#6664);
#6663 = CARTESIAN_POINT('',(117.18299865722,59.611999511719,-1.));
#6664 = VECTOR('',#6665,1.);
#6665 = DIRECTION('',(-9.111706822477E-02,-5.975450192511E-03,
    0.995822260182));
#6666 = ORIENTED_EDGE('',*,*,#6667,.T.);
#6667 = EDGE_CURVE('',#6660,#6614,#6668,.T.);
#6668 = LINE('',#6669,#6670);
#6669 = CARTESIAN_POINT('',(117.,59.599998474121,1.));
#6670 = VECTOR('',#6671,1.);
#6671 = DIRECTION('',(0.997856548267,6.543935422428E-02,0.));
#6672 = ORIENTED_EDGE('',*,*,#6645,.F.);
#6673 = PLANE('',#6674);
#6674 = AXIS2_PLACEMENT_3D('',#6675,#6676,#6677);
#6675 = CARTESIAN_POINT('',(117.13515585582,59.608861984552,
    4.375030387171E-02));
#6676 = DIRECTION('',(-6.543935422428E-02,0.997856548267,
    2.550854078985E-18));
#6677 = DIRECTION('',(0.997856548267,6.543935422428E-02,
    2.407412430484E-35));
#6678 = ADVANCED_FACE('',(#6679),#6696,.T.);
#6679 = FACE_BOUND('',#6680,.T.);
#6680 = EDGE_LOOP('',(#6681,#6682,#6690));
#6681 = ORIENTED_EDGE('',*,*,#6659,.F.);
#6682 = ORIENTED_EDGE('',*,*,#6683,.T.);
#6683 = EDGE_CURVE('',#6638,#6684,#6686,.T.);
#6684 = VERTEX_POINT('',#6685);
#6685 = CARTESIAN_POINT('',(117.,59.599998474121,-1.));
#6686 = LINE('',#6687,#6688);
#6687 = CARTESIAN_POINT('',(117.18299865722,59.611999511719,-1.));
#6688 = VECTOR('',#6689,1.);
#6689 = DIRECTION('',(-0.997856548267,-6.543935422428E-02,0.));
#6690 = ORIENTED_EDGE('',*,*,#6691,.T.);
#6691 = EDGE_CURVE('',#6684,#6660,#6692,.T.);
#6692 = LINE('',#6693,#6694);
#6693 = CARTESIAN_POINT('',(117.,59.599998474121,-1.));
#6694 = VECTOR('',#6695,1.);
#6695 = DIRECTION('',(0.,0.,1.));
#6696 = PLANE('',#6697);
#6697 = AXIS2_PLACEMENT_3D('',#6698,#6699,#6700);
#6698 = CARTESIAN_POINT('',(117.0478428014,59.603136001287,
    -4.375030387171E-02));
#6699 = DIRECTION('',(-6.543935422428E-02,0.997856548267,
    1.249831324943E-18));
#6700 = DIRECTION('',(0.997856548267,6.543935422428E-02,0.));
#6701 = ADVANCED_FACE('',(#6702),#6717,.T.);
#6702 = FACE_BOUND('',#6703,.T.);
#6703 = EDGE_LOOP('',(#6704,#6710,#6716));
#6704 = ORIENTED_EDGE('',*,*,#6705,.T.);
#6705 = EDGE_CURVE('',#6684,#4554,#6706,.T.);
#6706 = LINE('',#6707,#6708);
#6707 = CARTESIAN_POINT('',(117.,59.599998474121,-1.));
#6708 = VECTOR('',#6709,1.);
#6709 = DIRECTION('',(-9.111706822477E-02,5.975450192511E-03,
    0.995822260182));
#6710 = ORIENTED_EDGE('',*,*,#6711,.T.);
#6711 = EDGE_CURVE('',#4554,#6660,#6712,.T.);
#6712 = LINE('',#6713,#6714);
#6713 = CARTESIAN_POINT('',(116.81700134277,59.611999511719,1.));
#6714 = VECTOR('',#6715,1.);
#6715 = DIRECTION('',(0.997856548267,-6.543935422428E-02,0.));
#6716 = ORIENTED_EDGE('',*,*,#6691,.F.);
#6717 = PLANE('',#6718);
#6718 = AXIS2_PLACEMENT_3D('',#6719,#6720,#6721);
#6719 = CARTESIAN_POINT('',(116.95215719859,59.603136001287,
    4.375030387171E-02));
#6720 = DIRECTION('',(6.543935422428E-02,0.997856548267,
    -2.550854078985E-18));
#6721 = DIRECTION('',(0.997856548267,-6.543935422428E-02,
    2.407412430484E-35));
#6722 = ADVANCED_FACE('',(#6723),#6733,.T.);
#6723 = FACE_BOUND('',#6724,.T.);
#6724 = EDGE_LOOP('',(#6725,#6726,#6732));
#6725 = ORIENTED_EDGE('',*,*,#6705,.F.);
#6726 = ORIENTED_EDGE('',*,*,#6727,.T.);
#6727 = EDGE_CURVE('',#6684,#4544,#6728,.T.);
#6728 = LINE('',#6729,#6730);
#6729 = CARTESIAN_POINT('',(117.,59.599998474121,-1.));
#6730 = VECTOR('',#6731,1.);
#6731 = DIRECTION('',(-0.997856548267,6.543935422428E-02,0.));
#6732 = ORIENTED_EDGE('',*,*,#4561,.F.);
#6733 = PLANE('',#6734);
#6734 = AXIS2_PLACEMENT_3D('',#6735,#6736,#6737);
#6735 = CARTESIAN_POINT('',(116.86484414418,59.608861984552,
    -4.375030387171E-02));
#6736 = DIRECTION('',(6.543935422428E-02,0.997856548267,
    -1.683465870813E-18));
#6737 = DIRECTION('',(0.997856548267,-6.543935422428E-02,
    -2.407412430484E-35));
#6738 = ADVANCED_FACE('',(#6739),#6754,.T.);
#6739 = FACE_BOUND('',#6740,.T.);
#6740 = EDGE_LOOP('',(#6741,#6747,#6748));
#6741 = ORIENTED_EDGE('',*,*,#6742,.T.);
#6742 = EDGE_CURVE('',#4476,#6086,#6743,.T.);
#6743 = LINE('',#6744,#6745);
#6744 = CARTESIAN_POINT('',(173.78799438476,61.700000762939,1.));
#6745 = VECTOR('',#6746,1.);
#6746 = DIRECTION('',(-0.999956408025,-9.337132833493E-03,0.));
#6747 = ORIENTED_EDGE('',*,*,#6139,.F.);
#6748 = ORIENTED_EDGE('',*,*,#6749,.T.);
#6749 = EDGE_CURVE('',#6132,#4476,#6750,.T.);
#6750 = LINE('',#6751,#6752);
#6751 = CARTESIAN_POINT('',(118.40000152587,61.,1.));
#6752 = VECTOR('',#6753,1.);
#6753 = DIRECTION('',(0.999920148376,1.263712278805E-02,0.));
#6754 = PLANE('',#6755);
#6755 = AXIS2_PLACEMENT_3D('',#6756,#6757,#6758);
#6756 = CARTESIAN_POINT('',(146.04530205491,61.395177686924,1.));
#6757 = DIRECTION('',(0.,0.,1.));
#6758 = DIRECTION('',(1.,0.,-0.));
#6759 = ADVANCED_FACE('',(#6760),#6770,.T.);
#6760 = FACE_BOUND('',#6761,.T.);
#6761 = EDGE_LOOP('',(#6762,#6768,#6769));
#6762 = ORIENTED_EDGE('',*,*,#6763,.T.);
#6763 = EDGE_CURVE('',#4476,#6040,#6764,.T.);
#6764 = LINE('',#6765,#6766);
#6765 = CARTESIAN_POINT('',(173.78799438476,61.700000762939,1.));
#6766 = VECTOR('',#6767,1.);
#6767 = DIRECTION('',(-0.999981446065,-6.091594680229E-03,0.));
#6768 = ORIENTED_EDGE('',*,*,#6093,.F.);
#6769 = ORIENTED_EDGE('',*,*,#6742,.F.);
#6770 = PLANE('',#6771);
#6771 = AXIS2_PLACEMENT_3D('',#6772,#6773,#6774);
#6772 = CARTESIAN_POINT('',(146.0332776088,61.48591221756,1.));
#6773 = DIRECTION('',(0.,0.,1.));
#6774 = DIRECTION('',(1.,0.,-0.));
#6775 = ADVANCED_FACE('',(#6776),#6781,.T.);
#6776 = FACE_BOUND('',#6777,.T.);
#6777 = EDGE_LOOP('',(#6778,#6779,#6780));
#6778 = ORIENTED_EDGE('',*,*,#4529,.T.);
#6779 = ORIENTED_EDGE('',*,*,#6047,.F.);
#6780 = ORIENTED_EDGE('',*,*,#6763,.F.);
#6781 = PLANE('',#6782);
#6782 = AXIS2_PLACEMENT_3D('',#6783,#6784,#6785);
#6783 = CARTESIAN_POINT('',(146.00950051377,61.574341617948,1.));
#6784 = DIRECTION('',(0.,0.,1.));
#6785 = DIRECTION('',(1.,0.,-0.));
#6786 = ADVANCED_FACE('',(#6787),#6797,.T.);
#6787 = FACE_BOUND('',#6788,.T.);
#6788 = EDGE_LOOP('',(#6789,#6795,#6796));
#6789 = ORIENTED_EDGE('',*,*,#6790,.T.);
#6790 = EDGE_CURVE('',#3772,#4498,#6791,.T.);
#6791 = LINE('',#6792,#6793);
#6792 = CARTESIAN_POINT('',(118.11100006103,91.14769744873,1.));
#6793 = VECTOR('',#6794,1.);
#6794 = DIRECTION('',(3.429719202239E-03,-0.999994118496,0.));
#6795 = ORIENTED_EDGE('',*,*,#4506,.F.);
#6796 = ORIENTED_EDGE('',*,*,#3779,.F.);
#6797 = PLANE('',#6798);
#6798 = AXIS2_PLACEMENT_3D('',#6799,#6800,#6801);
#6799 = CARTESIAN_POINT('',(118.18673545261,76.507569717429,1.));
#6800 = DIRECTION('',(0.,0.,1.));
#6801 = DIRECTION('',(1.,0.,-0.));
#6802 = ADVANCED_FACE('',(#6803),#6813,.T.);
#6803 = FACE_BOUND('',#6804,.T.);
#6804 = EDGE_LOOP('',(#6805,#6811,#6812));
#6805 = ORIENTED_EDGE('',*,*,#6806,.T.);
#6806 = EDGE_CURVE('',#3772,#5911,#6807,.T.);
#6807 = LINE('',#6808,#6809);
#6808 = CARTESIAN_POINT('',(118.11100006103,91.14769744873,1.));
#6809 = VECTOR('',#6810,1.);
#6810 = DIRECTION('',(0.,-1.,0.));
#6811 = ORIENTED_EDGE('',*,*,#5962,.F.);
#6812 = ORIENTED_EDGE('',*,*,#6790,.F.);
#6813 = PLANE('',#6814);
#6814 = AXIS2_PLACEMENT_3D('',#6815,#6816,#6817);
#6815 = CARTESIAN_POINT('',(118.13639318,76.416280977997,1.));
#6816 = DIRECTION('',(0.,0.,1.));
#6817 = DIRECTION('',(1.,0.,-0.));
#6818 = ADVANCED_FACE('',(#6819),#6829,.T.);
#6819 = FACE_BOUND('',#6820,.T.);
#6820 = EDGE_LOOP('',(#6821,#6827,#6828));
#6821 = ORIENTED_EDGE('',*,*,#6822,.T.);
#6822 = EDGE_CURVE('',#3818,#5911,#6823,.T.);
#6823 = LINE('',#6824,#6825);
#6824 = CARTESIAN_POINT('',(117.98999786377,91.01000213623,1.));
#6825 = VECTOR('',#6826,1.);
#6826 = DIRECTION('',(4.149886350084E-03,-0.999991389185,0.));
#6827 = ORIENTED_EDGE('',*,*,#6806,.F.);
#6828 = ORIENTED_EDGE('',*,*,#3825,.F.);
#6829 = PLANE('',#6830);
#6830 = AXIS2_PLACEMENT_3D('',#6831,#6832,#6833);
#6831 = CARTESIAN_POINT('',(118.08072585109,76.511338296942,1.));
#6832 = DIRECTION('',(0.,0.,1.));
#6833 = DIRECTION('',(1.,0.,-0.));
#6834 = ADVANCED_FACE('',(#6835),#6845,.T.);
#6835 = FACE_BOUND('',#6836,.T.);
#6836 = EDGE_LOOP('',(#6837,#6843,#6844));
#6837 = ORIENTED_EDGE('',*,*,#6838,.T.);
#6838 = EDGE_CURVE('',#3818,#5841,#6839,.T.);
#6839 = LINE('',#6840,#6841);
#6840 = CARTESIAN_POINT('',(117.98999786377,91.01000213623,1.));
#6841 = VECTOR('',#6842,1.);
#6842 = DIRECTION('',(0.,-1.,0.));
#6843 = ORIENTED_EDGE('',*,*,#5918,.F.);
#6844 = ORIENTED_EDGE('',*,*,#6822,.F.);
#6845 = PLANE('',#6846);
#6846 = AXIS2_PLACEMENT_3D('',#6847,#6848,#6849);
#6847 = CARTESIAN_POINT('',(118.02041493622,76.419810706695,1.));
#6848 = DIRECTION('',(0.,0.,1.));
#6849 = DIRECTION('',(1.,0.,-0.));
#6850 = ADVANCED_FACE('',(#6851),#6861,.T.);
#6851 = FACE_BOUND('',#6852,.T.);
#6852 = EDGE_LOOP('',(#6853,#6859,#6860));
#6853 = ORIENTED_EDGE('',*,*,#6854,.T.);
#6854 = EDGE_CURVE('',#3840,#5841,#6855,.T.);
#6855 = LINE('',#6856,#6857);
#6856 = CARTESIAN_POINT('',(117.85199737548,90.889297485352,1.));
#6857 = VECTOR('',#6858,1.);
#6858 = DIRECTION('',(4.775165313259E-03,-0.999988598833,0.));
#6859 = ORIENTED_EDGE('',*,*,#6838,.F.);
#6860 = ORIENTED_EDGE('',*,*,#3847,.F.);
#6861 = PLANE('',#6862);
#6862 = AXIS2_PLACEMENT_3D('',#6863,#6864,#6865);
#6863 = CARTESIAN_POINT('',(117.9554603544,76.515578503109,1.));
#6864 = DIRECTION('',(0.,0.,1.));
#6865 = DIRECTION('',(1.,0.,-0.));
#6866 = ADVANCED_FACE('',(#6867),#6877,.T.);
#6867 = FACE_BOUND('',#6868,.T.);
#6868 = EDGE_LOOP('',(#6869,#6875,#6876));
#6869 = ORIENTED_EDGE('',*,*,#6870,.T.);
#6870 = EDGE_CURVE('',#3840,#5795,#6871,.T.);
#6871 = LINE('',#6872,#6873);
#6872 = CARTESIAN_POINT('',(117.85199737548,90.889297485352,1.));
#6873 = VECTOR('',#6874,1.);
#6874 = DIRECTION('',(0.,-1.,0.));
#6875 = ORIENTED_EDGE('',*,*,#5848,.F.);
#6876 = ORIENTED_EDGE('',*,*,#6854,.F.);
#6877 = PLANE('',#6878);
#6878 = AXIS2_PLACEMENT_3D('',#6879,#6880,#6881);
#6879 = CARTESIAN_POINT('',(117.88667897428,76.424072334506,1.));
#6880 = DIRECTION('',(0.,0.,1.));
#6881 = DIRECTION('',(1.,0.,-0.));
#6882 = ADVANCED_FACE('',(#6883),#6893,.T.);
#6883 = FACE_BOUND('',#6884,.T.);
#6884 = EDGE_LOOP('',(#6885,#6891,#6892));
#6885 = ORIENTED_EDGE('',*,*,#6886,.T.);
#6886 = EDGE_CURVE('',#3886,#5795,#6887,.T.);
#6887 = LINE('',#6888,#6889);
#6888 = CARTESIAN_POINT('',(117.69999694824,90.78759765625,1.));
#6889 = VECTOR('',#6890,1.);
#6890 = DIRECTION('',(5.300374085613E-03,-0.999985952919,0.));
#6891 = ORIENTED_EDGE('',*,*,#6870,.F.);
#6892 = ORIENTED_EDGE('',*,*,#3893,.F.);
#6893 = PLANE('',#6894);
#6894 = AXIS2_PLACEMENT_3D('',#6895,#6896,#6897);
#6895 = CARTESIAN_POINT('',(117.81394347921,76.520193719584,1.));
#6896 = DIRECTION('',(0.,0.,1.));
#6897 = DIRECTION('',(1.,0.,-0.));
#6898 = ADVANCED_FACE('',(#6899),#6909,.T.);
#6899 = FACE_BOUND('',#6900,.T.);
#6900 = EDGE_LOOP('',(#6901,#6907,#6908));
#6901 = ORIENTED_EDGE('',*,*,#6902,.T.);
#6902 = EDGE_CURVE('',#3886,#5749,#6903,.T.);
#6903 = LINE('',#6904,#6905);
#6904 = CARTESIAN_POINT('',(117.69999694824,90.78759765625,1.));
#6905 = VECTOR('',#6906,1.);
#6906 = DIRECTION('',(0.,-1.,0.));
#6907 = ORIENTED_EDGE('',*,*,#5802,.F.);
#6908 = ORIENTED_EDGE('',*,*,#6886,.F.);
#6909 = PLANE('',#6910);
#6910 = AXIS2_PLACEMENT_3D('',#6911,#6912,#6913);
#6911 = CARTESIAN_POINT('',(117.73818560724,76.428952551168,1.));
#6912 = DIRECTION('',(0.,0.,1.));
#6913 = DIRECTION('',(1.,0.,-0.));
#6914 = ADVANCED_FACE('',(#6915),#6925,.T.);
#6915 = FACE_BOUND('',#6916,.T.);
#6916 = EDGE_LOOP('',(#6917,#6923,#6924));
#6917 = ORIENTED_EDGE('',*,*,#6918,.T.);
#6918 = EDGE_CURVE('',#3932,#5749,#6919,.T.);
#6919 = LINE('',#6920,#6921);
#6920 = CARTESIAN_POINT('',(117.53600311279,90.706596374512,1.));
#6921 = VECTOR('',#6922,1.);
#6922 = DIRECTION('',(5.755246044966E-03,-0.999983438434,0.));
#6923 = ORIENTED_EDGE('',*,*,#6902,.F.);
#6924 = ORIENTED_EDGE('',*,*,#3939,.F.);
#6925 = PLANE('',#6926);
#6926 = AXIS2_PLACEMENT_3D('',#6927,#6928,#6929);
#6927 = CARTESIAN_POINT('',(117.65892517679,76.525356690104,1.));
#6928 = DIRECTION('',(0.,0.,1.));
#6929 = DIRECTION('',(1.,0.,-0.));
#6930 = ADVANCED_FACE('',(#6931),#6941,.T.);
#6931 = FACE_BOUND('',#6932,.T.);
#6932 = EDGE_LOOP('',(#6933,#6939,#6940));
#6933 = ORIENTED_EDGE('',*,*,#6934,.T.);
#6934 = EDGE_CURVE('',#3932,#5703,#6935,.T.);
#6935 = LINE('',#6936,#6937);
#6936 = CARTESIAN_POINT('',(117.53600311279,90.706596374512,1.));
#6937 = VECTOR('',#6938,1.);
#6938 = DIRECTION('',(0.,-1.,0.));
#6939 = ORIENTED_EDGE('',*,*,#5756,.F.);
#6940 = ORIENTED_EDGE('',*,*,#6918,.F.);
#6941 = PLANE('',#6942);
#6942 = AXIS2_PLACEMENT_3D('',#6943,#6944,#6945);
#6943 = CARTESIAN_POINT('',(117.57719143078,76.43413885433,1.));
#6944 = DIRECTION('',(0.,0.,1.));
#6945 = DIRECTION('',(1.,0.,-0.));
#6946 = ADVANCED_FACE('',(#6947),#6957,.T.);
#6947 = FACE_BOUND('',#6948,.T.);
#6948 = EDGE_LOOP('',(#6949,#6955,#6956));
#6949 = ORIENTED_EDGE('',*,*,#6950,.T.);
#6950 = EDGE_CURVE('',#3978,#5703,#6951,.T.);
#6951 = LINE('',#6952,#6953);
#6952 = CARTESIAN_POINT('',(117.36199951171,90.64769744873,1.));
#6953 = VECTOR('',#6954,1.);
#6954 = DIRECTION('',(6.136647322854E-03,-0.999981170603,0.));
#6955 = ORIENTED_EDGE('',*,*,#6934,.F.);
#6956 = ORIENTED_EDGE('',*,*,#3985,.F.);
#6957 = PLANE('',#6958);
#6958 = AXIS2_PLACEMENT_3D('',#6959,#6960,#6961);
#6959 = CARTESIAN_POINT('',(117.49240647775,76.53106532512,1.));
#6960 = DIRECTION('',(0.,0.,1.));
#6961 = DIRECTION('',(1.,0.,-0.));
#6962 = ADVANCED_FACE('',(#6963),#6973,.T.);
#6963 = FACE_BOUND('',#6964,.T.);
#6964 = EDGE_LOOP('',(#6965,#6971,#6972));
#6965 = ORIENTED_EDGE('',*,*,#6966,.T.);
#6966 = EDGE_CURVE('',#3978,#5657,#6967,.T.);
#6967 = LINE('',#6968,#6969);
#6968 = CARTESIAN_POINT('',(117.36199951171,90.64769744873,1.));
#6969 = VECTOR('',#6970,1.);
#6970 = DIRECTION('',(0.,-1.,0.));
#6971 = ORIENTED_EDGE('',*,*,#5710,.F.);
#6972 = ORIENTED_EDGE('',*,*,#6950,.F.);
#6973 = PLANE('',#6974);
#6974 = AXIS2_PLACEMENT_3D('',#6975,#6976,#6977);
#6975 = CARTESIAN_POINT('',(117.40568650809,76.439481397292,1.));
#6976 = DIRECTION('',(0.,0.,1.));
#6977 = DIRECTION('',(1.,0.,-0.));
#6978 = ADVANCED_FACE('',(#6979),#6989,.T.);
#6979 = FACE_BOUND('',#6980,.T.);
#6980 = EDGE_LOOP('',(#6981,#6987,#6988));
#6981 = ORIENTED_EDGE('',*,*,#6982,.T.);
#6982 = EDGE_CURVE('',#4024,#5657,#6983,.T.);
#6983 = LINE('',#6984,#6985);
#6984 = CARTESIAN_POINT('',(117.18299865722,90.611999511719,1.));
#6985 = VECTOR('',#6986,1.);
#6986 = DIRECTION('',(6.334011288732E-03,-0.999979939949,0.));
#6987 = ORIENTED_EDGE('',*,*,#6966,.F.);
#6988 = ORIENTED_EDGE('',*,*,#4031,.F.);
#6989 = PLANE('',#6990);
#6990 = AXIS2_PLACEMENT_3D('',#6991,#6992,#6993);
#6991 = CARTESIAN_POINT('',(117.3171330458,76.536563319752,1.));
#6992 = DIRECTION('',(0.,0.,1.));
#6993 = DIRECTION('',(1.,0.,-0.));
#6994 = ADVANCED_FACE('',(#6995),#7005,.T.);
#6995 = FACE_BOUND('',#6996,.T.);
#6996 = EDGE_LOOP('',(#6997,#7003,#7004));
#6997 = ORIENTED_EDGE('',*,*,#6998,.T.);
#6998 = EDGE_CURVE('',#4024,#5611,#6999,.T.);
#6999 = LINE('',#7000,#7001);
#7000 = CARTESIAN_POINT('',(117.18299865722,90.611999511719,1.));
#7001 = VECTOR('',#7002,1.);
#7002 = DIRECTION('',(0.,-1.,0.));
#7003 = ORIENTED_EDGE('',*,*,#5664,.F.);
#7004 = ORIENTED_EDGE('',*,*,#6982,.F.);
#7005 = PLANE('',#7006);
#7006 = AXIS2_PLACEMENT_3D('',#7007,#7008,#7009);
#7007 = CARTESIAN_POINT('',(117.2279216551,76.445584664193,1.));
#7008 = DIRECTION('',(0.,0.,1.));
#7009 = DIRECTION('',(1.,0.,-0.));
#7010 = ADVANCED_FACE('',(#7011),#7021,.T.);
#7011 = FACE_BOUND('',#7012,.T.);
#7012 = EDGE_LOOP('',(#7013,#7019,#7020));
#7013 = ORIENTED_EDGE('',*,*,#7014,.T.);
#7014 = EDGE_CURVE('',#4070,#5611,#7015,.T.);
#7015 = LINE('',#7016,#7017);
#7016 = CARTESIAN_POINT('',(117.,90.599998474121,1.));
#7017 = VECTOR('',#7018,1.);
#7018 = DIRECTION('',(6.486417855632E-03,-0.99997896297,0.));
#7019 = ORIENTED_EDGE('',*,*,#6998,.F.);
#7020 = ORIENTED_EDGE('',*,*,#4077,.F.);
#7021 = PLANE('',#7022);
#7022 = AXIS2_PLACEMENT_3D('',#7023,#7024,#7025);
#7023 = CARTESIAN_POINT('',(117.13711002748,76.542699300467,1.));
#7024 = DIRECTION('',(0.,0.,1.));
#7025 = DIRECTION('',(1.,0.,-0.));
#7026 = ADVANCED_FACE('',(#7027),#7037,.T.);
#7027 = FACE_BOUND('',#7028,.T.);
#7028 = EDGE_LOOP('',(#7029,#7035,#7036));
#7029 = ORIENTED_EDGE('',*,*,#7030,.T.);
#7030 = EDGE_CURVE('',#4070,#5252,#7031,.T.);
#7031 = LINE('',#7032,#7033);
#7032 = CARTESIAN_POINT('',(117.,90.599998474121,1.));
#7033 = VECTOR('',#7034,1.);
#7034 = DIRECTION('',(0.,-1.,0.));
#7035 = ORIENTED_EDGE('',*,*,#5618,.F.);
#7036 = ORIENTED_EDGE('',*,*,#7014,.F.);
#7037 = PLANE('',#7038);
#7038 = AXIS2_PLACEMENT_3D('',#7039,#7040,#7041);
#7039 = CARTESIAN_POINT('',(117.04590809088,76.451300180734,1.));
#7040 = DIRECTION('',(0.,0.,1.));
#7041 = DIRECTION('',(1.,0.,-0.));
#7042 = ADVANCED_FACE('',(#7043),#7053,.T.);
#7043 = FACE_BOUND('',#7044,.T.);
#7044 = EDGE_LOOP('',(#7045,#7051,#7052));
#7045 = ORIENTED_EDGE('',*,*,#7046,.T.);
#7046 = EDGE_CURVE('',#4116,#5252,#7047,.T.);
#7047 = LINE('',#7048,#7049);
#7048 = CARTESIAN_POINT('',(116.81700134277,90.611999511719,1.));
#7049 = VECTOR('',#7050,1.);
#7050 = DIRECTION('',(6.486417855632E-03,-0.99997896297,0.));
#7051 = ORIENTED_EDGE('',*,*,#7030,.F.);
#7052 = ORIENTED_EDGE('',*,*,#4123,.F.);
#7053 = PLANE('',#7054);
#7054 = AXIS2_PLACEMENT_3D('',#7055,#7056,#7057);
#7055 = CARTESIAN_POINT('',(116.95409190912,76.548699819266,1.));
#7056 = DIRECTION('',(0.,0.,1.));
#7057 = DIRECTION('',(1.,0.,-0.));
#7058 = ADVANCED_FACE('',(#7059),#7069,.T.);
#7059 = FACE_BOUND('',#7060,.T.);
#7060 = EDGE_LOOP('',(#7061,#7067,#7068));
#7061 = ORIENTED_EDGE('',*,*,#7062,.T.);
#7062 = EDGE_CURVE('',#4116,#5206,#7063,.T.);
#7063 = LINE('',#7064,#7065);
#7064 = CARTESIAN_POINT('',(116.81700134277,90.611999511719,1.));
#7065 = VECTOR('',#7066,1.);
#7066 = DIRECTION('',(0.,-1.,0.));
#7067 = ORIENTED_EDGE('',*,*,#5259,.F.);
#7068 = ORIENTED_EDGE('',*,*,#7046,.F.);
#7069 = PLANE('',#7070);
#7070 = AXIS2_PLACEMENT_3D('',#7071,#7072,#7073);
#7071 = CARTESIAN_POINT('',(116.86288997251,76.457300699533,1.));
#7072 = DIRECTION('',(0.,0.,1.));
#7073 = DIRECTION('',(1.,0.,-0.));
#7074 = ADVANCED_FACE('',(#7075),#7085,.T.);
#7075 = FACE_BOUND('',#7076,.T.);
#7076 = EDGE_LOOP('',(#7077,#7083,#7084));
#7077 = ORIENTED_EDGE('',*,*,#7078,.T.);
#7078 = EDGE_CURVE('',#4264,#5206,#7079,.T.);
#7079 = LINE('',#7080,#7081);
#7080 = CARTESIAN_POINT('',(116.63800048828,90.64769744873,1.));
#7081 = VECTOR('',#7082,1.);
#7082 = DIRECTION('',(6.334012143708E-03,-0.999979939944,0.));
#7083 = ORIENTED_EDGE('',*,*,#7062,.F.);
#7084 = ORIENTED_EDGE('',*,*,#4443,.F.);
#7085 = PLANE('',#7086);
#7086 = AXIS2_PLACEMENT_3D('',#7087,#7088,#7089);
#7087 = CARTESIAN_POINT('',(116.77207834848,76.554414195587,1.));
#7088 = DIRECTION('',(0.,0.,1.));
#7089 = DIRECTION('',(1.,0.,-0.));
#7090 = ADVANCED_FACE('',(#7091),#7101,.T.);
#7091 = FACE_BOUND('',#7092,.T.);
#7092 = EDGE_LOOP('',(#7093,#7099,#7100));
#7093 = ORIENTED_EDGE('',*,*,#7094,.T.);
#7094 = EDGE_CURVE('',#4264,#5160,#7095,.T.);
#7095 = LINE('',#7096,#7097);
#7096 = CARTESIAN_POINT('',(116.63800048828,90.64769744873,1.));
#7097 = VECTOR('',#7098,1.);
#7098 = DIRECTION('',(0.,-1.,0.));
#7099 = ORIENTED_EDGE('',*,*,#5213,.F.);
#7100 = ORIENTED_EDGE('',*,*,#7078,.F.);
#7101 = PLANE('',#7102);
#7102 = AXIS2_PLACEMENT_3D('',#7103,#7104,#7105);
#7103 = CARTESIAN_POINT('',(116.68286695178,76.463433632717,1.));
#7104 = DIRECTION('',(0.,0.,1.));
#7105 = DIRECTION('',(1.,0.,-0.));
#7106 = ADVANCED_FACE('',(#7107),#7117,.T.);
#7107 = FACE_BOUND('',#7108,.T.);
#7108 = EDGE_LOOP('',(#7109,#7115,#7116));
#7109 = ORIENTED_EDGE('',*,*,#7110,.T.);
#7110 = EDGE_CURVE('',#4256,#5160,#7111,.T.);
#7111 = LINE('',#7112,#7113);
#7112 = CARTESIAN_POINT('',(116.4639968872,90.706596374512,1.));
#7113 = VECTOR('',#7114,1.);
#7114 = DIRECTION('',(6.136647322854E-03,-0.999981170603,0.));
#7115 = ORIENTED_EDGE('',*,*,#7094,.F.);
#7116 = ORIENTED_EDGE('',*,*,#4263,.F.);
#7117 = PLANE('',#7118);
#7118 = AXIS2_PLACEMENT_3D('',#7119,#7120,#7121);
#7119 = CARTESIAN_POINT('',(116.5943134919,76.560514788011,1.));
#7120 = DIRECTION('',(0.,0.,1.));
#7121 = DIRECTION('',(1.,0.,-0.));
#7122 = ADVANCED_FACE('',(#7123),#7133,.T.);
#7123 = FACE_BOUND('',#7124,.T.);
#7124 = EDGE_LOOP('',(#7125,#7131,#7132));
#7125 = ORIENTED_EDGE('',*,*,#7126,.T.);
#7126 = EDGE_CURVE('',#4256,#5114,#7127,.T.);
#7127 = LINE('',#7128,#7129);
#7128 = CARTESIAN_POINT('',(116.4639968872,90.706596374512,1.));
#7129 = VECTOR('',#7130,1.);
#7130 = DIRECTION('',(0.,-1.,0.));
#7131 = ORIENTED_EDGE('',*,*,#5167,.F.);
#7132 = ORIENTED_EDGE('',*,*,#7110,.F.);
#7133 = PLANE('',#7134);
#7134 = AXIS2_PLACEMENT_3D('',#7135,#7136,#7137);
#7135 = CARTESIAN_POINT('',(116.50759352224,76.468930860183,1.));
#7136 = DIRECTION('',(0.,0.,1.));
#7137 = DIRECTION('',(1.,0.,-0.));
#7138 = ADVANCED_FACE('',(#7139),#7149,.T.);
#7139 = FACE_BOUND('',#7140,.T.);
#7140 = EDGE_LOOP('',(#7141,#7147,#7148));
#7141 = ORIENTED_EDGE('',*,*,#7142,.T.);
#7142 = EDGE_CURVE('',#4309,#5114,#7143,.T.);
#7143 = LINE('',#7144,#7145);
#7144 = CARTESIAN_POINT('',(116.30000305175,90.78759765625,1.));
#7145 = VECTOR('',#7146,1.);
#7146 = DIRECTION('',(5.755246044966E-03,-0.999983438434,0.));
#7147 = ORIENTED_EDGE('',*,*,#7126,.F.);
#7148 = ORIENTED_EDGE('',*,*,#4316,.F.);
#7149 = PLANE('',#7150);
#7150 = AXIS2_PLACEMENT_3D('',#7151,#7152,#7153);
#7151 = CARTESIAN_POINT('',(116.42280856921,76.565857330973,1.));
#7152 = DIRECTION('',(0.,0.,1.));
#7153 = DIRECTION('',(1.,0.,-0.));
#7154 = ADVANCED_FACE('',(#7155),#7165,.T.);
#7155 = FACE_BOUND('',#7156,.T.);
#7156 = EDGE_LOOP('',(#7157,#7163,#7164));
#7157 = ORIENTED_EDGE('',*,*,#7158,.T.);
#7158 = EDGE_CURVE('',#4309,#5068,#7159,.T.);
#7159 = LINE('',#7160,#7161);
#7160 = CARTESIAN_POINT('',(116.30000305175,90.78759765625,1.));
#7161 = VECTOR('',#7162,1.);
#7162 = DIRECTION('',(0.,-1.,0.));
#7163 = ORIENTED_EDGE('',*,*,#5121,.F.);
#7164 = ORIENTED_EDGE('',*,*,#7142,.F.);
#7165 = PLANE('',#7166);
#7166 = AXIS2_PLACEMENT_3D('',#7167,#7168,#7169);
#7167 = CARTESIAN_POINT('',(116.34107482321,76.474639495199,1.));
#7168 = DIRECTION('',(0.,0.,1.));
#7169 = DIRECTION('',(1.,0.,-0.));
#7170 = ADVANCED_FACE('',(#7171),#7181,.T.);
#7171 = FACE_BOUND('',#7172,.T.);
#7172 = EDGE_LOOP('',(#7173,#7179,#7180));
#7173 = ORIENTED_EDGE('',*,*,#7174,.T.);
#7174 = EDGE_CURVE('',#4355,#5068,#7175,.T.);
#7175 = LINE('',#7176,#7177);
#7176 = CARTESIAN_POINT('',(116.14800262451,90.889297485352,1.));
#7177 = VECTOR('',#7178,1.);
#7178 = DIRECTION('',(5.300374085613E-03,-0.999985952919,0.));
#7179 = ORIENTED_EDGE('',*,*,#7158,.F.);
#7180 = ORIENTED_EDGE('',*,*,#4362,.F.);
#7181 = PLANE('',#7182);
#7182 = AXIS2_PLACEMENT_3D('',#7183,#7184,#7185);
#7183 = CARTESIAN_POINT('',(116.26181439275,76.571043634135,1.));
#7184 = DIRECTION('',(0.,0.,1.));
#7185 = DIRECTION('',(1.,0.,-0.));
#7186 = ADVANCED_FACE('',(#7187),#7197,.T.);
#7187 = FACE_BOUND('',#7188,.T.);
#7188 = EDGE_LOOP('',(#7189,#7195,#7196));
#7189 = ORIENTED_EDGE('',*,*,#7190,.T.);
#7190 = EDGE_CURVE('',#4355,#4785,#7191,.T.);
#7191 = LINE('',#7192,#7193);
#7192 = CARTESIAN_POINT('',(116.14800262451,90.889297485352,1.));
#7193 = VECTOR('',#7194,1.);
#7194 = DIRECTION('',(0.,-1.,0.));
#7195 = ORIENTED_EDGE('',*,*,#5075,.F.);
#7196 = ORIENTED_EDGE('',*,*,#7174,.F.);
#7197 = PLANE('',#7198);
#7198 = AXIS2_PLACEMENT_3D('',#7199,#7200,#7201);
#7199 = CARTESIAN_POINT('',(116.18605652078,76.479802465719,1.));
#7200 = DIRECTION('',(0.,0.,1.));
#7201 = DIRECTION('',(1.,0.,-0.));
#7202 = ADVANCED_FACE('',(#7203),#7213,.T.);
#7203 = FACE_BOUND('',#7204,.T.);
#7204 = EDGE_LOOP('',(#7205,#7211,#7212));
#7205 = ORIENTED_EDGE('',*,*,#7206,.T.);
#7206 = EDGE_CURVE('',#4208,#4785,#7207,.T.);
#7207 = LINE('',#7208,#7209);
#7208 = CARTESIAN_POINT('',(116.01000213623,91.01000213623,1.));
#7209 = VECTOR('',#7210,1.);
#7210 = DIRECTION('',(4.775164052648E-03,-0.999988598839,0.));
#7211 = ORIENTED_EDGE('',*,*,#7190,.F.);
#7212 = ORIENTED_EDGE('',*,*,#4406,.F.);
#7213 = PLANE('',#7214);
#7214 = AXIS2_PLACEMENT_3D('',#7215,#7216,#7217);
#7215 = CARTESIAN_POINT('',(116.1133210182,76.575927013873,1.));
#7216 = DIRECTION('',(0.,0.,1.));
#7217 = DIRECTION('',(1.,0.,-0.));
#7218 = ADVANCED_FACE('',(#7219),#7229,.T.);
#7219 = FACE_BOUND('',#7220,.T.);
#7220 = EDGE_LOOP('',(#7221,#7227,#7228));
#7221 = ORIENTED_EDGE('',*,*,#7222,.T.);
#7222 = EDGE_CURVE('',#4208,#4793,#7223,.T.);
#7223 = LINE('',#7224,#7225);
#7224 = CARTESIAN_POINT('',(116.01000213623,91.01000213623,1.));
#7225 = VECTOR('',#7226,1.);
#7226 = DIRECTION('',(0.,-1.,0.));
#7227 = ORIENTED_EDGE('',*,*,#4792,.F.);
#7228 = ORIENTED_EDGE('',*,*,#7206,.F.);
#7229 = PLANE('',#7230);
#7230 = AXIS2_PLACEMENT_3D('',#7231,#7232,#7233);
#7231 = CARTESIAN_POINT('',(116.04453964714,76.484424659924,1.));
#7232 = DIRECTION('',(0.,0.,1.));
#7233 = DIRECTION('',(1.,0.,-0.));
#7234 = ADVANCED_FACE('',(#7235),#7245,.T.);
#7235 = FACE_BOUND('',#7236,.T.);
#7236 = EDGE_LOOP('',(#7237,#7243,#7244));
#7237 = ORIENTED_EDGE('',*,*,#7238,.T.);
#7238 = EDGE_CURVE('',#4162,#4793,#7239,.T.);
#7239 = LINE('',#7240,#7241);
#7240 = CARTESIAN_POINT('',(115.88899993896,91.14769744873,1.));
#7241 = VECTOR('',#7242,1.);
#7242 = DIRECTION('',(4.149887435923E-03,-0.99999138918,0.));
#7243 = ORIENTED_EDGE('',*,*,#7222,.F.);
#7244 = ORIENTED_EDGE('',*,*,#4216,.F.);
#7245 = PLANE('',#7246);
#7246 = AXIS2_PLACEMENT_3D('',#7247,#7248,#7249);
#7247 = CARTESIAN_POINT('',(115.97958507065,76.580189767872,1.));
#7248 = DIRECTION('',(0.,0.,1.));
#7249 = DIRECTION('',(1.,0.,-0.));
#7250 = ADVANCED_FACE('',(#7251),#7261,.T.);
#7251 = FACE_BOUND('',#7252,.T.);
#7252 = EDGE_LOOP('',(#7253,#7259,#7260));
#7253 = ORIENTED_EDGE('',*,*,#7254,.T.);
#7254 = EDGE_CURVE('',#4162,#4838,#7255,.T.);
#7255 = LINE('',#7256,#7257);
#7256 = CARTESIAN_POINT('',(115.88899993896,91.14769744873,1.));
#7257 = VECTOR('',#7258,1.);
#7258 = DIRECTION('',(0.,-1.,0.));
#7259 = ORIENTED_EDGE('',*,*,#4846,.F.);
#7260 = ORIENTED_EDGE('',*,*,#7238,.F.);
#7261 = PLANE('',#7262);
#7262 = AXIS2_PLACEMENT_3D('',#7263,#7264,#7265);
#7263 = CARTESIAN_POINT('',(115.91927414792,76.488658362961,1.));
#7264 = DIRECTION('',(0.,0.,1.));
#7265 = DIRECTION('',(1.,0.,-0.));
#7266 = ADVANCED_FACE('',(#7267),#7277,.T.);
#7267 = FACE_BOUND('',#7268,.T.);
#7268 = EDGE_LOOP('',(#7269,#7275,#7276));
#7269 = ORIENTED_EDGE('',*,*,#7270,.T.);
#7270 = EDGE_CURVE('',#3021,#4838,#7271,.T.);
#7271 = LINE('',#7272,#7273);
#7272 = CARTESIAN_POINT('',(115.78800201416,91.300003051758,1.));
#7273 = VECTOR('',#7274,1.);
#7274 = DIRECTION('',(3.429718313668E-03,-0.999994118499,0.));
#7275 = ORIENTED_EDGE('',*,*,#7254,.F.);
#7276 = ORIENTED_EDGE('',*,*,#4170,.F.);
#7277 = PLANE('',#7278);
#7278 = AXIS2_PLACEMENT_3D('',#7279,#7280,#7281);
#7279 = CARTESIAN_POINT('',(115.86360681403,76.583718704256,1.));
#7280 = DIRECTION('',(0.,0.,1.));
#7281 = DIRECTION('',(1.,0.,-0.));
#7282 = ADVANCED_FACE('',(#7283),#7293,.T.);
#7283 = FACE_BOUND('',#7284,.T.);
#7284 = EDGE_LOOP('',(#7285,#7291,#7292));
#7285 = ORIENTED_EDGE('',*,*,#7286,.T.);
#7286 = EDGE_CURVE('',#3021,#4884,#7287,.T.);
#7287 = LINE('',#7288,#7289);
#7288 = CARTESIAN_POINT('',(115.78800201416,91.300003051758,1.));
#7289 = VECTOR('',#7290,1.);
#7290 = DIRECTION('',(0.,-1.,0.));
#7291 = ORIENTED_EDGE('',*,*,#4892,.F.);
#7292 = ORIENTED_EDGE('',*,*,#7270,.F.);
#7293 = PLANE('',#7294);
#7294 = AXIS2_PLACEMENT_3D('',#7295,#7296,#7297);
#7295 = CARTESIAN_POINT('',(115.81326454792,76.492433779499,1.));
#7296 = DIRECTION('',(0.,0.,1.));
#7297 = DIRECTION('',(1.,0.,-0.));
#7298 = ADVANCED_FACE('',(#7299),#7309,.T.);
#7299 = FACE_BOUND('',#7300,.T.);
#7300 = EDGE_LOOP('',(#7301,#7307,#7308));
#7301 = ORIENTED_EDGE('',*,*,#7302,.T.);
#7302 = EDGE_CURVE('',#2975,#4884,#7303,.T.);
#7303 = LINE('',#7304,#7305);
#7304 = CARTESIAN_POINT('',(115.70700073242,91.464202880859,1.));
#7305 = VECTOR('',#7306,1.);
#7306 = DIRECTION('',(2.721422918151E-03,-0.999996296922,0.));
#7307 = ORIENTED_EDGE('',*,*,#7286,.F.);
#7308 = ORIENTED_EDGE('',*,*,#3029,.F.);
#7309 = PLANE('',#7310);
#7310 = AXIS2_PLACEMENT_3D('',#7311,#7312,#7313);
#7311 = CARTESIAN_POINT('',(115.76763355241,76.58679738555,1.));
#7312 = DIRECTION('',(0.,0.,1.));
#7313 = DIRECTION('',(1.,0.,-0.));
#7314 = ADVANCED_FACE('',(#7315),#7325,.T.);
#7315 = FACE_BOUND('',#7316,.T.);
#7316 = EDGE_LOOP('',(#7317,#7323,#7324));
#7317 = ORIENTED_EDGE('',*,*,#7318,.T.);
#7318 = EDGE_CURVE('',#2975,#4930,#7319,.T.);
#7319 = LINE('',#7320,#7321);
#7320 = CARTESIAN_POINT('',(115.70700073242,91.464202880859,1.));
#7321 = VECTOR('',#7322,1.);
#7322 = DIRECTION('',(0.,-1.,0.));
#7323 = ORIENTED_EDGE('',*,*,#4938,.F.);
#7324 = ORIENTED_EDGE('',*,*,#7302,.F.);
#7325 = PLANE('',#7326);
#7326 = AXIS2_PLACEMENT_3D('',#7327,#7328,#7329);
#7327 = CARTESIAN_POINT('',(115.72725747967,76.495306343698,1.));
#7328 = DIRECTION('',(0.,0.,1.));
#7329 = DIRECTION('',(1.,0.,-0.));
#7330 = ADVANCED_FACE('',(#7331),#7348,.T.);
#7331 = FACE_BOUND('',#7332,.T.);
#7332 = EDGE_LOOP('',(#7333,#7341,#7342));
#7333 = ORIENTED_EDGE('',*,*,#7334,.T.);
#7334 = EDGE_CURVE('',#7335,#2975,#7337,.T.);
#7335 = VERTEX_POINT('',#7336);
#7336 = CARTESIAN_POINT('',(113.5,95.5,1.));
#7337 = LINE('',#7338,#7339);
#7338 = CARTESIAN_POINT('',(113.5,95.5,1.));
#7339 = VECTOR('',#7340,1.);
#7340 = DIRECTION('',(0.479799653945,-0.877378078182,0.));
#7341 = ORIENTED_EDGE('',*,*,#2983,.F.);
#7342 = ORIENTED_EDGE('',*,*,#7343,.T.);
#7343 = EDGE_CURVE('',#2929,#7335,#7344,.T.);
#7344 = LINE('',#7345,#7346);
#7345 = CARTESIAN_POINT('',(115.64800262451,91.637603759766,1.));
#7346 = VECTOR('',#7347,1.);
#7347 = DIRECTION('',(-0.486027930593,0.873943276582,0.));
#7348 = PLANE('',#7349);
#7349 = AXIS2_PLACEMENT_3D('',#7350,#7351,#7352);
#7350 = CARTESIAN_POINT('',(114.61070992177,93.485301565393,1.));
#7351 = DIRECTION('',(0.,0.,1.));
#7352 = DIRECTION('',(1.,0.,-0.));
#7353 = ADVANCED_FACE('',(#7354),#7364,.T.);
#7354 = FACE_BOUND('',#7355,.T.);
#7355 = EDGE_LOOP('',(#7356,#7357,#7363));
#7356 = ORIENTED_EDGE('',*,*,#7334,.F.);
#7357 = ORIENTED_EDGE('',*,*,#7358,.T.);
#7358 = EDGE_CURVE('',#7335,#4930,#7359,.T.);
#7359 = LINE('',#7360,#7361);
#7360 = CARTESIAN_POINT('',(113.5,95.5,1.));
#7361 = VECTOR('',#7362,1.);
#7362 = DIRECTION('',(6.484345418466E-02,-0.997895448657,0.));
#7363 = ORIENTED_EDGE('',*,*,#7318,.F.);
#7364 = PLANE('',#7365);
#7365 = AXIS2_PLACEMENT_3D('',#7366,#7367,#7368);
#7366 = CARTESIAN_POINT('',(115.08518126496,78.641003176607,1.));
#7367 = DIRECTION('',(0.,0.,1.));
#7368 = DIRECTION('',(1.,0.,-0.));
#7369 = ADVANCED_FACE('',(#7370),#7380,.T.);
#7370 = FACE_BOUND('',#7371,.T.);
#7371 = EDGE_LOOP('',(#7372,#7373,#7374));
#7372 = ORIENTED_EDGE('',*,*,#7343,.F.);
#7373 = ORIENTED_EDGE('',*,*,#2937,.F.);
#7374 = ORIENTED_EDGE('',*,*,#7375,.T.);
#7375 = EDGE_CURVE('',#2883,#7335,#7376,.T.);
#7376 = LINE('',#7377,#7378);
#7377 = CARTESIAN_POINT('',(115.61199951171,91.81729888916,1.));
#7378 = VECTOR('',#7379,1.);
#7379 = DIRECTION('',(-0.497487676896,0.867471043515,0.));
#7380 = PLANE('',#7381);
#7381 = AXIS2_PLACEMENT_3D('',#7382,#7383,#7384);
#7382 = CARTESIAN_POINT('',(114.58723654662,93.573771867209,1.));
#7383 = DIRECTION('',(0.,0.,1.));
#7384 = DIRECTION('',(1.,0.,-0.));
#7385 = ADVANCED_FACE('',(#7386),#7403,.T.);
#7386 = FACE_BOUND('',#7387,.T.);
#7387 = EDGE_LOOP('',(#7388,#7396,#7397));
#7388 = ORIENTED_EDGE('',*,*,#7389,.T.);
#7389 = EDGE_CURVE('',#7390,#4930,#7392,.T.);
#7390 = VERTEX_POINT('',#7391);
#7391 = CARTESIAN_POINT('',(113.5,57.5,1.));
#7392 = LINE('',#7393,#7394);
#7393 = CARTESIAN_POINT('',(113.5,57.5,1.));
#7394 = VECTOR('',#7395,1.);
#7395 = DIRECTION('',(0.479799304834,0.877378269095,0.));
#7396 = ORIENTED_EDGE('',*,*,#7358,.F.);
#7397 = ORIENTED_EDGE('',*,*,#7398,.T.);
#7398 = EDGE_CURVE('',#7335,#7390,#7399,.T.);
#7399 = LINE('',#7400,#7401);
#7400 = CARTESIAN_POINT('',(113.5,95.5,1.));
#7401 = VECTOR('',#7402,1.);
#7402 = DIRECTION('',(0.,-1.,0.));
#7403 = PLANE('',#7404);
#7404 = AXIS2_PLACEMENT_3D('',#7405,#7406,#7407);
#7405 = CARTESIAN_POINT('',(114.05632679091,76.376897407253,1.));
#7406 = DIRECTION('',(0.,0.,1.));
#7407 = DIRECTION('',(1.,0.,-0.));
#7408 = ADVANCED_FACE('',(#7409),#7419,.T.);
#7409 = FACE_BOUND('',#7410,.T.);
#7410 = EDGE_LOOP('',(#7411,#7412,#7413));
#7411 = ORIENTED_EDGE('',*,*,#7375,.F.);
#7412 = ORIENTED_EDGE('',*,*,#2891,.F.);
#7413 = ORIENTED_EDGE('',*,*,#7414,.T.);
#7414 = EDGE_CURVE('',#2837,#7335,#7415,.T.);
#7415 = LINE('',#7416,#7417);
#7416 = CARTESIAN_POINT('',(115.59999847412,92.,1.));
#7417 = VECTOR('',#7418,1.);
#7418 = DIRECTION('',(-0.514495480547,0.857493090641,0.));
#7419 = PLANE('',#7420);
#7420 = AXIS2_PLACEMENT_3D('',#7421,#7422,#7423);
#7421 = CARTESIAN_POINT('',(114.57571251083,93.664812298113,1.));
#7422 = DIRECTION('',(0.,0.,1.));
#7423 = DIRECTION('',(1.,0.,-0.));
#7424 = ADVANCED_FACE('',(#7425),#7435,.T.);
#7425 = FACE_BOUND('',#7426,.T.);
#7426 = EDGE_LOOP('',(#7427,#7428,#7434));
#7427 = ORIENTED_EDGE('',*,*,#7389,.F.);
#7428 = ORIENTED_EDGE('',*,*,#7429,.T.);
#7429 = EDGE_CURVE('',#7390,#4976,#7430,.T.);
#7430 = LINE('',#7431,#7432);
#7431 = CARTESIAN_POINT('',(113.5,57.5,1.));
#7432 = VECTOR('',#7433,1.);
#7433 = DIRECTION('',(0.486037096552,0.873938179035,0.));
#7434 = ORIENTED_EDGE('',*,*,#4984,.F.);
#7435 = PLANE('',#7436);
#7436 = AXIS2_PLACEMENT_3D('',#7437,#7438,#7439);
#7437 = CARTESIAN_POINT('',(114.61072113673,59.514696071998,1.));
#7438 = DIRECTION('',(0.,0.,1.));
#7439 = DIRECTION('',(1.,0.,-0.));
#7440 = ADVANCED_FACE('',(#7441),#7458,.T.);
#7441 = FACE_BOUND('',#7442,.T.);
#7442 = EDGE_LOOP('',(#7443,#7451,#7457));
#7443 = ORIENTED_EDGE('',*,*,#7444,.T.);
#7444 = EDGE_CURVE('',#1435,#7445,#7447,.T.);
#7445 = VERTEX_POINT('',#7446);
#7446 = CARTESIAN_POINT('',(178.5,95.5,1.));
#7447 = LINE('',#7448,#7449);
#7448 = CARTESIAN_POINT('',(176.29299926757,91.464202880859,1.));
#7449 = VECTOR('',#7450,1.);
#7450 = DIRECTION('',(0.479799653945,0.877378078182,0.));
#7451 = ORIENTED_EDGE('',*,*,#7452,.T.);
#7452 = EDGE_CURVE('',#7445,#1389,#7453,.T.);
#7453 = LINE('',#7454,#7455);
#7454 = CARTESIAN_POINT('',(178.5,95.5,1.));
#7455 = VECTOR('',#7456,1.);
#7456 = DIRECTION('',(-0.486026612083,-0.873944009847,0.));
#7457 = ORIENTED_EDGE('',*,*,#1442,.F.);
#7458 = PLANE('',#7459);
#7459 = AXIS2_PLACEMENT_3D('',#7460,#7461,#7462);
#7460 = CARTESIAN_POINT('',(177.38929168647,93.485301015146,1.));
#7461 = DIRECTION('',(0.,0.,1.));
#7462 = DIRECTION('',(1.,0.,-0.));
#7463 = ADVANCED_FACE('',(#7464),#7481,.T.);
#7464 = FACE_BOUND('',#7465,.T.);
#7465 = EDGE_LOOP('',(#7466,#7467,#7475));
#7466 = ORIENTED_EDGE('',*,*,#7444,.F.);
#7467 = ORIENTED_EDGE('',*,*,#7468,.T.);
#7468 = EDGE_CURVE('',#1435,#7469,#7471,.T.);
#7469 = VERTEX_POINT('',#7470);
#7470 = CARTESIAN_POINT('',(178.5,57.5,1.));
#7471 = LINE('',#7472,#7473);
#7472 = CARTESIAN_POINT('',(176.29299926757,91.464202880859,1.));
#7473 = VECTOR('',#7474,1.);
#7474 = DIRECTION('',(6.484344693238E-02,-0.997895449128,0.));
#7475 = ORIENTED_EDGE('',*,*,#7476,.F.);
#7476 = EDGE_CURVE('',#7445,#7469,#7477,.T.);
#7477 = LINE('',#7478,#7479);
#7478 = CARTESIAN_POINT('',(178.5,95.5,1.));
#7479 = VECTOR('',#7480,1.);
#7480 = DIRECTION('',(0.,-1.,0.));
#7481 = PLANE('',#7482);
#7482 = AXIS2_PLACEMENT_3D('',#7483,#7484,#7485);
#7483 = CARTESIAN_POINT('',(177.94367320579,76.623102711695,1.));
#7484 = DIRECTION('',(0.,0.,1.));
#7485 = DIRECTION('',(1.,0.,-0.));
#7486 = ADVANCED_FACE('',(#7487),#7504,.T.);
#7487 = FACE_BOUND('',#7488,.T.);
#7488 = EDGE_LOOP('',(#7489,#7497,#7503));
#7489 = ORIENTED_EDGE('',*,*,#7490,.T.);
#7490 = EDGE_CURVE('',#7469,#7491,#7493,.T.);
#7491 = VERTEX_POINT('',#7492);
#7492 = CARTESIAN_POINT('',(178.5,95.5,-1.));
#7493 = LINE('',#7494,#7495);
#7494 = CARTESIAN_POINT('',(178.5,57.5,1.));
#7495 = VECTOR('',#7496,1.);
#7496 = DIRECTION('',(0.,0.998617829333,-5.255883312276E-02));
#7497 = ORIENTED_EDGE('',*,*,#7498,.T.);
#7498 = EDGE_CURVE('',#7491,#7445,#7499,.T.);
#7499 = LINE('',#7500,#7501);
#7500 = CARTESIAN_POINT('',(178.5,95.5,-1.));
#7501 = VECTOR('',#7502,1.);
#7502 = DIRECTION('',(0.,0.,1.));
#7503 = ORIENTED_EDGE('',*,*,#7476,.T.);
#7504 = PLANE('',#7505);
#7505 = AXIS2_PLACEMENT_3D('',#7506,#7507,#7508);
#7506 = CARTESIAN_POINT('',(178.5,76.98685120478,0.48685120478));
#7507 = DIRECTION('',(1.,0.,0.));
#7508 = DIRECTION('',(-0.,0.,1.));
#7509 = ADVANCED_FACE('',(#7510),#7527,.T.);
#7510 = FACE_BOUND('',#7511,.T.);
#7511 = EDGE_LOOP('',(#7512,#7513,#7521));
#7512 = ORIENTED_EDGE('',*,*,#7490,.F.);
#7513 = ORIENTED_EDGE('',*,*,#7514,.T.);
#7514 = EDGE_CURVE('',#7469,#7515,#7517,.T.);
#7515 = VERTEX_POINT('',#7516);
#7516 = CARTESIAN_POINT('',(178.5,57.5,-1.));
#7517 = LINE('',#7518,#7519);
#7518 = CARTESIAN_POINT('',(178.5,57.5,1.));
#7519 = VECTOR('',#7520,1.);
#7520 = DIRECTION('',(0.,0.,-1.));
#7521 = ORIENTED_EDGE('',*,*,#7522,.T.);
#7522 = EDGE_CURVE('',#7515,#7491,#7523,.T.);
#7523 = LINE('',#7524,#7525);
#7524 = CARTESIAN_POINT('',(178.5,57.5,-1.));
#7525 = VECTOR('',#7526,1.);
#7526 = DIRECTION('',(0.,1.,0.));
#7527 = PLANE('',#7528);
#7528 = AXIS2_PLACEMENT_3D('',#7529,#7530,#7531);
#7529 = CARTESIAN_POINT('',(178.5,76.01314879522,-0.48685120478));
#7530 = DIRECTION('',(1.,0.,0.));
#7531 = DIRECTION('',(-0.,0.,1.));
#7532 = ADVANCED_FACE('',(#7533),#7550,.T.);
#7533 = FACE_BOUND('',#7534,.T.);
#7534 = EDGE_LOOP('',(#7535,#7543,#7544));
#7535 = ORIENTED_EDGE('',*,*,#7536,.T.);
#7536 = EDGE_CURVE('',#7537,#7469,#7539,.T.);
#7537 = VERTEX_POINT('',#7538);
#7538 = CARTESIAN_POINT('',(176.29299926757,61.535800933838,1.));
#7539 = LINE('',#7540,#7541);
#7540 = CARTESIAN_POINT('',(176.29299926757,61.535800933838,1.));
#7541 = VECTOR('',#7542,1.);
#7542 = DIRECTION('',(0.479799304834,-0.877378269095,0.));
#7543 = ORIENTED_EDGE('',*,*,#7468,.F.);
#7544 = ORIENTED_EDGE('',*,*,#7545,.T.);
#7545 = EDGE_CURVE('',#1435,#7537,#7546,.T.);
#7546 = LINE('',#7547,#7548);
#7547 = CARTESIAN_POINT('',(176.29299926757,91.464202880859,1.));
#7548 = VECTOR('',#7549,1.);
#7549 = DIRECTION('',(0.,-1.,0.));
#7550 = PLANE('',#7551);
#7551 = AXIS2_PLACEMENT_3D('',#7552,#7553,#7554);
#7552 = CARTESIAN_POINT('',(176.91481878529,74.358998845676,1.));
#7553 = DIRECTION('',(0.,0.,1.));
#7554 = DIRECTION('',(1.,0.,-0.));
#7555 = ADVANCED_FACE('',(#7556),#7573,.T.);
#7556 = FACE_BOUND('',#7557,.T.);
#7557 = EDGE_LOOP('',(#7558,#7559,#7567));
#7558 = ORIENTED_EDGE('',*,*,#7536,.F.);
#7559 = ORIENTED_EDGE('',*,*,#7560,.F.);
#7560 = EDGE_CURVE('',#7561,#7537,#7563,.T.);
#7561 = VERTEX_POINT('',#7562);
#7562 = CARTESIAN_POINT('',(176.35200500488,61.362300872803,1.));
#7563 = LINE('',#7564,#7565);
#7564 = CARTESIAN_POINT('',(176.35200500488,61.362300872803,1.));
#7565 = VECTOR('',#7566,1.);
#7566 = DIRECTION('',(-0.321979606785,0.946746604332,0.));
#7567 = ORIENTED_EDGE('',*,*,#7568,.F.);
#7568 = EDGE_CURVE('',#7469,#7561,#7569,.T.);
#7569 = LINE('',#7570,#7571);
#7570 = CARTESIAN_POINT('',(178.5,57.5,1.));
#7571 = VECTOR('',#7572,1.);
#7572 = DIRECTION('',(-0.486035778032,0.873938912323,0.));
#7573 = PLANE('',#7574);
#7574 = AXIS2_PLACEMENT_3D('',#7575,#7576,#7577);
#7575 = CARTESIAN_POINT('',(177.38928047166,59.514696621987,1.));
#7576 = DIRECTION('',(0.,0.,1.));
#7577 = DIRECTION('',(1.,0.,-0.));
#7578 = ADVANCED_FACE('',(#7579),#7605,.T.);
#7579 = FACE_BOUND('',#7580,.T.);
#7580 = EDGE_LOOP('',(#7581,#7591,#7599));
#7581 = ORIENTED_EDGE('',*,*,#7582,.T.);
#7582 = EDGE_CURVE('',#7583,#7585,#7587,.T.);
#7583 = VERTEX_POINT('',#7584);
#7584 = CARTESIAN_POINT('',(175.36199951171,62.352298736572,-1.));
#7585 = VERTEX_POINT('',#7586);
#7586 = CARTESIAN_POINT('',(175.53599548339,62.293399810791,1.));
#7587 = LINE('',#7588,#7589);
#7588 = CARTESIAN_POINT('',(175.36199951171,62.352298736572,-1.));
#7589 = VECTOR('',#7590,1.);
#7590 = DIRECTION('',(8.66333372924E-02,-2.932602665515E-02,
    0.995808540348));
#7591 = ORIENTED_EDGE('',*,*,#7592,.T.);
#7592 = EDGE_CURVE('',#7585,#7593,#7595,.T.);
#7593 = VERTEX_POINT('',#7594);
#7594 = CARTESIAN_POINT('',(175.36199951171,62.352298736572,1.));
#7595 = LINE('',#7596,#7597);
#7596 = CARTESIAN_POINT('',(175.53599548339,62.293399810791,1.));
#7597 = VECTOR('',#7598,1.);
#7598 = DIRECTION('',(-0.947202774155,0.320635158137,0.));
#7599 = ORIENTED_EDGE('',*,*,#7600,.T.);
#7600 = EDGE_CURVE('',#7593,#7583,#7601,.T.);
#7601 = LINE('',#7602,#7603);
#7602 = CARTESIAN_POINT('',(175.36199951171,62.352298736572,1.));
#7603 = VECTOR('',#7604,1.);
#7604 = DIRECTION('',(0.,0.,-1.));
#7605 = PLANE('',#7606);
#7606 = AXIS2_PLACEMENT_3D('',#7607,#7608,#7609);
#7607 = CARTESIAN_POINT('',(175.40749194115,62.336899212095,
    4.381908239577E-02));
#7608 = DIRECTION('',(-0.320635158137,-0.947202774155,
    -4.929335097933E-18));
#7609 = DIRECTION('',(-0.947202774155,0.320635158137,0.));
#7610 = ADVANCED_FACE('',(#7611),#7628,.T.);
#7611 = FACE_BOUND('',#7612,.T.);
#7612 = EDGE_LOOP('',(#7613,#7614,#7622));
#7613 = ORIENTED_EDGE('',*,*,#7582,.F.);
#7614 = ORIENTED_EDGE('',*,*,#7615,.T.);
#7615 = EDGE_CURVE('',#7583,#7616,#7618,.T.);
#7616 = VERTEX_POINT('',#7617);
#7617 = CARTESIAN_POINT('',(175.53599548339,62.293399810791,-1.));
#7618 = LINE('',#7619,#7620);
#7619 = CARTESIAN_POINT('',(175.36199951171,62.352298736572,-1.));
#7620 = VECTOR('',#7621,1.);
#7621 = DIRECTION('',(0.947202774155,-0.320635158137,0.));
#7622 = ORIENTED_EDGE('',*,*,#7623,.T.);
#7623 = EDGE_CURVE('',#7616,#7585,#7624,.T.);
#7624 = LINE('',#7625,#7626);
#7625 = CARTESIAN_POINT('',(175.53599548339,62.293399810791,-1.));
#7626 = VECTOR('',#7627,1.);
#7627 = DIRECTION('',(0.,0.,1.));
#7628 = PLANE('',#7629);
#7629 = AXIS2_PLACEMENT_3D('',#7630,#7631,#7632);
#7630 = CARTESIAN_POINT('',(175.49050305396,62.308799335268,
    -4.381908239577E-02));
#7631 = DIRECTION('',(-0.320635158137,-0.947202774155,
    -4.929335097933E-18));
#7632 = DIRECTION('',(-0.947202774155,0.320635158137,0.));
#7633 = ADVANCED_FACE('',(#7634),#7651,.T.);
#7634 = FACE_BOUND('',#7635,.T.);
#7635 = EDGE_LOOP('',(#7636,#7644,#7650));
#7636 = ORIENTED_EDGE('',*,*,#7637,.T.);
#7637 = EDGE_CURVE('',#7616,#7638,#7640,.T.);
#7638 = VERTEX_POINT('',#7639);
#7639 = CARTESIAN_POINT('',(175.69999694824,62.212398529053,1.));
#7640 = LINE('',#7641,#7642);
#7641 = CARTESIAN_POINT('',(175.53599548339,62.293399810791,-1.));
#7642 = VECTOR('',#7643,1.);
#7643 = DIRECTION('',(8.165992456705E-02,-4.033231387832E-02,
    0.995843843771));
#7644 = ORIENTED_EDGE('',*,*,#7645,.T.);
#7645 = EDGE_CURVE('',#7638,#7585,#7646,.T.);
#7646 = LINE('',#7647,#7648);
#7647 = CARTESIAN_POINT('',(175.69999694824,62.212398529053,1.));
#7648 = VECTOR('',#7649,1.);
#7649 = DIRECTION('',(-0.896602123108,0.442837027402,0.));
#7650 = ORIENTED_EDGE('',*,*,#7623,.F.);
#7651 = PLANE('',#7652);
#7652 = AXIS2_PLACEMENT_3D('',#7653,#7654,#7655);
#7653 = CARTESIAN_POINT('',(175.57886683496,62.272225399757,
    4.364185612062E-02));
#7654 = DIRECTION('',(-0.442837027402,-0.896602123108,1.479099461433E-17
    ));
#7655 = DIRECTION('',(-0.896602123108,0.442837027402,0.));
#7656 = ADVANCED_FACE('',(#7657),#7674,.T.);
#7657 = FACE_BOUND('',#7658,.T.);
#7658 = EDGE_LOOP('',(#7659,#7660,#7668));
#7659 = ORIENTED_EDGE('',*,*,#7637,.F.);
#7660 = ORIENTED_EDGE('',*,*,#7661,.T.);
#7661 = EDGE_CURVE('',#7616,#7662,#7664,.T.);
#7662 = VERTEX_POINT('',#7663);
#7663 = CARTESIAN_POINT('',(175.69999694824,62.212398529053,-1.));
#7664 = LINE('',#7665,#7666);
#7665 = CARTESIAN_POINT('',(175.53599548339,62.293399810791,-1.));
#7666 = VECTOR('',#7667,1.);
#7667 = DIRECTION('',(0.896602123108,-0.442837027402,0.));
#7668 = ORIENTED_EDGE('',*,*,#7669,.F.);
#7669 = EDGE_CURVE('',#7638,#7662,#7670,.T.);
#7670 = LINE('',#7671,#7672);
#7671 = CARTESIAN_POINT('',(175.69999694824,62.212398529053,1.));
#7672 = VECTOR('',#7673,1.);
#7673 = DIRECTION('',(0.,0.,-1.));
#7674 = PLANE('',#7675);
#7675 = AXIS2_PLACEMENT_3D('',#7676,#7677,#7678);
#7676 = CARTESIAN_POINT('',(175.65712559667,62.233572940087,
    -4.364185612062E-02));
#7677 = DIRECTION('',(-0.442837027402,-0.896602123108,
    -4.930331538109E-18));
#7678 = DIRECTION('',(-0.896602123108,0.442837027402,3.851859888774E-34)
  );
#7679 = ADVANCED_FACE('',(#7680),#7697,.T.);
#7680 = FACE_BOUND('',#7681,.T.);
#7681 = EDGE_LOOP('',(#7682,#7690,#7696));
#7682 = ORIENTED_EDGE('',*,*,#7683,.T.);
#7683 = EDGE_CURVE('',#7662,#7684,#7686,.T.);
#7684 = VERTEX_POINT('',#7685);
#7685 = CARTESIAN_POINT('',(175.85200500488,62.110698699951,1.));
#7686 = LINE('',#7687,#7688);
#7687 = CARTESIAN_POINT('',(175.69999694824,62.212398529053,-1.));
#7688 = VECTOR('',#7689,1.);
#7689 = DIRECTION('',(7.568822236408E-02,-5.063862698822E-02,
    0.99584487871));
#7690 = ORIENTED_EDGE('',*,*,#7691,.T.);
#7691 = EDGE_CURVE('',#7684,#7638,#7692,.T.);
#7692 = LINE('',#7693,#7694);
#7693 = CARTESIAN_POINT('',(175.85200500488,62.110698699951,1.));
#7694 = VECTOR('',#7695,1.);
#7695 = DIRECTION('',(-0.831137850136,0.556066429548,0.));
#7696 = ORIENTED_EDGE('',*,*,#7669,.T.);
#7697 = PLANE('',#7698);
#7698 = AXIS2_PLACEMENT_3D('',#7699,#7700,#7701);
#7699 = CARTESIAN_POINT('',(175.73973290643,62.185813489766,
    4.363664838298E-02));
#7700 = DIRECTION('',(-0.556066429548,-0.831137850136,
    -4.930360832069E-18));
#7701 = DIRECTION('',(-0.831137850136,0.556066429548,0.));
#7702 = ADVANCED_FACE('',(#7703),#7720,.T.);
#7703 = FACE_BOUND('',#7704,.T.);
#7704 = EDGE_LOOP('',(#7705,#7706,#7714));
#7705 = ORIENTED_EDGE('',*,*,#7683,.F.);
#7706 = ORIENTED_EDGE('',*,*,#7707,.T.);
#7707 = EDGE_CURVE('',#7662,#7708,#7710,.T.);
#7708 = VERTEX_POINT('',#7709);
#7709 = CARTESIAN_POINT('',(175.85200500488,62.110698699951,-1.));
#7710 = LINE('',#7711,#7712);
#7711 = CARTESIAN_POINT('',(175.69999694824,62.212398529053,-1.));
#7712 = VECTOR('',#7713,1.);
#7713 = DIRECTION('',(0.831137850136,-0.556066429548,0.));
#7714 = ORIENTED_EDGE('',*,*,#7715,.F.);
#7715 = EDGE_CURVE('',#7684,#7708,#7716,.T.);
#7716 = LINE('',#7717,#7718);
#7717 = CARTESIAN_POINT('',(175.85200500488,62.110698699951,1.));
#7718 = VECTOR('',#7719,1.);
#7719 = DIRECTION('',(0.,0.,-1.));
#7720 = PLANE('',#7721);
#7721 = AXIS2_PLACEMENT_3D('',#7722,#7723,#7724);
#7722 = CARTESIAN_POINT('',(175.81226904668,62.137283739238,
    -4.363664838298E-02));
#7723 = DIRECTION('',(-0.556066429548,-0.831137850136,4.930360832069E-18
    ));
#7724 = DIRECTION('',(-0.831137850136,0.556066429548,3.851859888774E-34)
  );
#7725 = ADVANCED_FACE('',(#7726),#7743,.T.);
#7726 = FACE_BOUND('',#7727,.T.);
#7727 = EDGE_LOOP('',(#7728,#7736,#7742));
#7728 = ORIENTED_EDGE('',*,*,#7729,.T.);
#7729 = EDGE_CURVE('',#7708,#7730,#7732,.T.);
#7730 = VERTEX_POINT('',#7731);
#7731 = CARTESIAN_POINT('',(175.99000549316,61.990001678467,1.));
#7732 = LINE('',#7733,#7734);
#7733 = CARTESIAN_POINT('',(175.85200500488,62.110698699951,-1.));
#7734 = VECTOR('',#7735,1.);
#7735 = DIRECTION('',(6.871215476778E-02,-6.009654403064E-02,
    0.995824806471));
#7736 = ORIENTED_EDGE('',*,*,#7737,.T.);
#7737 = EDGE_CURVE('',#7730,#7684,#7738,.T.);
#7738 = LINE('',#7739,#7740);
#7739 = CARTESIAN_POINT('',(175.99000549316,61.990001678467,1.));
#7740 = VECTOR('',#7741,1.);
#7741 = DIRECTION('',(-0.752721038037,0.658339607571,0.));
#7742 = ORIENTED_EDGE('',*,*,#7715,.T.);
#7743 = PLANE('',#7744);
#7744 = AXIS2_PLACEMENT_3D('',#7745,#7746,#7747);
#7745 = CARTESIAN_POINT('',(175.88808309327,62.07914433472,
    4.373752570778E-02));
#7746 = DIRECTION('',(-0.658339607571,-0.752721038037,-0.));
#7747 = DIRECTION('',(-0.752721038037,0.658339607571,0.));
#7748 = ADVANCED_FACE('',(#7749),#7766,.T.);
#7749 = FACE_BOUND('',#7750,.T.);
#7750 = EDGE_LOOP('',(#7751,#7752,#7760));
#7751 = ORIENTED_EDGE('',*,*,#7729,.F.);
#7752 = ORIENTED_EDGE('',*,*,#7753,.T.);
#7753 = EDGE_CURVE('',#7708,#7754,#7756,.T.);
#7754 = VERTEX_POINT('',#7755);
#7755 = CARTESIAN_POINT('',(175.99000549316,61.990001678467,-1.));
#7756 = LINE('',#7757,#7758);
#7757 = CARTESIAN_POINT('',(175.85200500488,62.110698699951,-1.));
#7758 = VECTOR('',#7759,1.);
#7759 = DIRECTION('',(0.752721038037,-0.658339607571,0.));
#7760 = ORIENTED_EDGE('',*,*,#7761,.T.);
#7761 = EDGE_CURVE('',#7754,#7730,#7762,.T.);
#7762 = LINE('',#7763,#7764);
#7763 = CARTESIAN_POINT('',(175.99000549316,61.990001678467,-1.));
#7764 = VECTOR('',#7765,1.);
#7765 = DIRECTION('',(0.,0.,1.));
#7766 = PLANE('',#7767);
#7767 = AXIS2_PLACEMENT_3D('',#7768,#7769,#7770);
#7768 = CARTESIAN_POINT('',(175.95392740477,62.021556043698,
    -4.373752570778E-02));
#7769 = DIRECTION('',(-0.658339607571,-0.752721038037,
    -9.859587059419E-18));
#7770 = DIRECTION('',(-0.752721038037,0.658339607571,7.703719777549E-34)
  );
#7771 = ADVANCED_FACE('',(#7772),#7789,.T.);
#7772 = FACE_BOUND('',#7773,.T.);
#7773 = EDGE_LOOP('',(#7774,#7782,#7783));
#7774 = ORIENTED_EDGE('',*,*,#7775,.T.);
#7775 = EDGE_CURVE('',#7776,#7730,#7778,.T.);
#7776 = VERTEX_POINT('',#7777);
#7777 = CARTESIAN_POINT('',(176.11099243164,61.852298736572,-1.));
#7778 = LINE('',#7779,#7780);
#7779 = CARTESIAN_POINT('',(176.11099243164,61.852298736572,-1.));
#7780 = VECTOR('',#7781,1.);
#7781 = DIRECTION('',(-6.024098665368E-02,6.856410443386E-02,
    0.995826283601));
#7782 = ORIENTED_EDGE('',*,*,#7761,.F.);
#7783 = ORIENTED_EDGE('',*,*,#7784,.T.);
#7784 = EDGE_CURVE('',#7754,#7776,#7785,.T.);
#7785 = LINE('',#7786,#7787);
#7786 = CARTESIAN_POINT('',(175.99000549316,61.990001678467,-1.));
#7787 = VECTOR('',#7788,1.);
#7788 = DIRECTION('',(0.660038455858,-0.751231812951,0.));
#7789 = PLANE('',#7790);
#7790 = AXIS2_PLACEMENT_3D('',#7791,#7792,#7793);
#7791 = CARTESIAN_POINT('',(176.02163540744,61.954001658106,
    -4.373011102563E-02));
#7792 = DIRECTION('',(-0.751231812951,-0.660038455858,-0.));
#7793 = DIRECTION('',(0.660038455858,-0.751231812951,0.));
#7794 = ADVANCED_FACE('',(#7795),#7812,.T.);
#7795 = FACE_BOUND('',#7796,.T.);
#7796 = EDGE_LOOP('',(#7797,#7798,#7806));
#7797 = ORIENTED_EDGE('',*,*,#7775,.F.);
#7798 = ORIENTED_EDGE('',*,*,#7799,.F.);
#7799 = EDGE_CURVE('',#7800,#7776,#7802,.T.);
#7800 = VERTEX_POINT('',#7801);
#7801 = CARTESIAN_POINT('',(176.11099243164,61.852298736572,1.));
#7802 = LINE('',#7803,#7804);
#7803 = CARTESIAN_POINT('',(176.11099243164,61.852298736572,1.));
#7804 = VECTOR('',#7805,1.);
#7805 = DIRECTION('',(0.,0.,-1.));
#7806 = ORIENTED_EDGE('',*,*,#7807,.T.);
#7807 = EDGE_CURVE('',#7800,#7730,#7808,.T.);
#7808 = LINE('',#7809,#7810);
#7809 = CARTESIAN_POINT('',(176.11099243164,61.852298736572,1.));
#7810 = VECTOR('',#7811,1.);
#7811 = DIRECTION('',(-0.660038455858,0.751231812951,0.));
#7812 = PLANE('',#7813);
#7813 = AXIS2_PLACEMENT_3D('',#7814,#7815,#7816);
#7814 = CARTESIAN_POINT('',(176.07936251735,61.888298756933,
    4.373011102563E-02));
#7815 = DIRECTION('',(-0.751231812951,-0.660038455858,-0.));
#7816 = DIRECTION('',(0.660038455858,-0.751231812951,0.));
#7817 = ADVANCED_FACE('',(#7818),#7835,.T.);
#7818 = FACE_BOUND('',#7819,.T.);
#7819 = EDGE_LOOP('',(#7820,#7828,#7829));
#7820 = ORIENTED_EDGE('',*,*,#7821,.T.);
#7821 = EDGE_CURVE('',#7822,#7800,#7824,.T.);
#7822 = VERTEX_POINT('',#7823);
#7823 = CARTESIAN_POINT('',(176.21200561523,61.700000762939,-1.));
#7824 = LINE('',#7825,#7826);
#7825 = CARTESIAN_POINT('',(176.21200561523,61.700000762939,-1.));
#7826 = VECTOR('',#7827,1.);
#7827 = DIRECTION('',(-5.029704857113E-02,7.583305767197E-02,
    0.995851170742));
#7828 = ORIENTED_EDGE('',*,*,#7799,.T.);
#7829 = ORIENTED_EDGE('',*,*,#7830,.T.);
#7830 = EDGE_CURVE('',#7776,#7822,#7831,.T.);
#7831 = LINE('',#7832,#7833);
#7832 = CARTESIAN_POINT('',(176.11099243164,61.852298736572,-1.));
#7833 = VECTOR('',#7834,1.);
#7834 = DIRECTION('',(0.552733317721,-0.833358193984,0.));
#7835 = PLANE('',#7836);
#7836 = AXIS2_PLACEMENT_3D('',#7837,#7838,#7839);
#7837 = CARTESIAN_POINT('',(176.13739710247,61.812488310648,
    -4.360497221279E-02));
#7838 = DIRECTION('',(-0.833358193984,-0.552733317721,-0.));
#7839 = DIRECTION('',(0.552733317721,-0.833358193984,0.));
#7840 = ADVANCED_FACE('',(#7841),#7858,.T.);
#7841 = FACE_BOUND('',#7842,.T.);
#7842 = EDGE_LOOP('',(#7843,#7844,#7852));
#7843 = ORIENTED_EDGE('',*,*,#7821,.F.);
#7844 = ORIENTED_EDGE('',*,*,#7845,.F.);
#7845 = EDGE_CURVE('',#7846,#7822,#7848,.T.);
#7846 = VERTEX_POINT('',#7847);
#7847 = CARTESIAN_POINT('',(176.21200561523,61.700000762939,1.));
#7848 = LINE('',#7849,#7850);
#7849 = CARTESIAN_POINT('',(176.21200561523,61.700000762939,1.));
#7850 = VECTOR('',#7851,1.);
#7851 = DIRECTION('',(0.,0.,-1.));
#7852 = ORIENTED_EDGE('',*,*,#7853,.T.);
#7853 = EDGE_CURVE('',#7846,#7800,#7854,.T.);
#7854 = LINE('',#7855,#7856);
#7855 = CARTESIAN_POINT('',(176.21200561523,61.700000762939,1.));
#7856 = VECTOR('',#7857,1.);
#7857 = DIRECTION('',(-0.552733317721,0.833358193984,0.));
#7858 = PLANE('',#7859);
#7859 = AXIS2_PLACEMENT_3D('',#7860,#7861,#7862);
#7860 = CARTESIAN_POINT('',(176.18560094439,61.739811188864,
    4.360497221279E-02));
#7861 = DIRECTION('',(-0.833358193984,-0.552733317721,-0.));
#7862 = DIRECTION('',(0.552733317721,-0.833358193984,0.));
#7863 = ADVANCED_FACE('',(#7864),#7881,.T.);
#7864 = FACE_BOUND('',#7865,.T.);
#7865 = EDGE_LOOP('',(#7866,#7874,#7875));
#7866 = ORIENTED_EDGE('',*,*,#7867,.T.);
#7867 = EDGE_CURVE('',#7868,#7846,#7870,.T.);
#7868 = VERTEX_POINT('',#7869);
#7869 = CARTESIAN_POINT('',(176.29299926757,61.535800933838,-1.));
#7870 = LINE('',#7871,#7872);
#7871 = CARTESIAN_POINT('',(176.29299926757,61.535800933838,-1.));
#7872 = VECTOR('',#7873,1.);
#7873 = DIRECTION('',(-4.03281957499E-02,8.175804718627E-02,
    0.995835959558));
#7874 = ORIENTED_EDGE('',*,*,#7845,.T.);
#7875 = ORIENTED_EDGE('',*,*,#7876,.T.);
#7876 = EDGE_CURVE('',#7822,#7868,#7877,.T.);
#7877 = LINE('',#7878,#7879);
#7878 = CARTESIAN_POINT('',(176.21200561523,61.700000762939,-1.));
#7879 = VECTOR('',#7880,1.);
#7880 = DIRECTION('',(0.442373294657,-0.89683101428,0.));
#7881 = PLANE('',#7882);
#7882 = AXIS2_PLACEMENT_3D('',#7883,#7884,#7885);
#7883 = CARTESIAN_POINT('',(176.2331789097,61.657075777665,
    -4.368150593861E-02));
#7884 = DIRECTION('',(-0.89683101428,-0.442373294657,-0.));
#7885 = DIRECTION('',(0.442373294657,-0.89683101428,0.));
#7886 = ADVANCED_FACE('',(#7887),#7902,.T.);
#7887 = FACE_BOUND('',#7888,.T.);
#7888 = EDGE_LOOP('',(#7889,#7890,#7896));
#7889 = ORIENTED_EDGE('',*,*,#7867,.F.);
#7890 = ORIENTED_EDGE('',*,*,#7891,.F.);
#7891 = EDGE_CURVE('',#7537,#7868,#7892,.T.);
#7892 = LINE('',#7893,#7894);
#7893 = CARTESIAN_POINT('',(176.29299926757,61.535800933838,1.));
#7894 = VECTOR('',#7895,1.);
#7895 = DIRECTION('',(0.,0.,-1.));
#7896 = ORIENTED_EDGE('',*,*,#7897,.T.);
#7897 = EDGE_CURVE('',#7537,#7846,#7898,.T.);
#7898 = LINE('',#7899,#7900);
#7899 = CARTESIAN_POINT('',(176.29299926757,61.535800933838,1.));
#7900 = VECTOR('',#7901,1.);
#7901 = DIRECTION('',(-0.442373294657,0.89683101428,0.));
#7902 = PLANE('',#7903);
#7903 = AXIS2_PLACEMENT_3D('',#7904,#7905,#7906);
#7904 = CARTESIAN_POINT('',(176.2718259731,61.578725919112,
    4.368150593861E-02));
#7905 = DIRECTION('',(-0.89683101428,-0.442373294657,-0.));
#7906 = DIRECTION('',(0.442373294657,-0.89683101428,0.));
#7907 = ADVANCED_FACE('',(#7908),#7925,.T.);
#7908 = FACE_BOUND('',#7909,.T.);
#7909 = EDGE_LOOP('',(#7910,#7918,#7919));
#7910 = ORIENTED_EDGE('',*,*,#7911,.T.);
#7911 = EDGE_CURVE('',#7912,#7537,#7914,.T.);
#7912 = VERTEX_POINT('',#7913);
#7913 = CARTESIAN_POINT('',(176.35200500488,61.362300872803,-1.));
#7914 = LINE('',#7915,#7916);
#7915 = CARTESIAN_POINT('',(176.35200500488,61.362300872803,-1.));
#7916 = VECTOR('',#7917,1.);
#7917 = DIRECTION('',(-2.937979028402E-02,8.638813173634E-02,
    0.995828257592));
#7918 = ORIENTED_EDGE('',*,*,#7891,.T.);
#7919 = ORIENTED_EDGE('',*,*,#7920,.T.);
#7920 = EDGE_CURVE('',#7868,#7912,#7921,.T.);
#7921 = LINE('',#7922,#7923);
#7922 = CARTESIAN_POINT('',(176.29299926757,61.535800933838,-1.));
#7923 = VECTOR('',#7924,1.);
#7924 = DIRECTION('',(0.321979606785,-0.946746604332,0.));
#7925 = PLANE('',#7926);
#7926 = AXIS2_PLACEMENT_3D('',#7927,#7928,#7929);
#7927 = CARTESIAN_POINT('',(176.3084251234,61.490442854266,
    -4.372020005803E-02));
#7928 = DIRECTION('',(-0.946746604332,-0.321979606785,-0.));
#7929 = DIRECTION('',(0.321979606785,-0.946746604332,0.));
#7930 = ADVANCED_FACE('',(#7931),#7941,.T.);
#7931 = FACE_BOUND('',#7932,.T.);
#7932 = EDGE_LOOP('',(#7933,#7934,#7940));
#7933 = ORIENTED_EDGE('',*,*,#7911,.F.);
#7934 = ORIENTED_EDGE('',*,*,#7935,.F.);
#7935 = EDGE_CURVE('',#7561,#7912,#7936,.T.);
#7936 = LINE('',#7937,#7938);
#7937 = CARTESIAN_POINT('',(176.35200500488,61.362300872803,1.));
#7938 = VECTOR('',#7939,1.);
#7939 = DIRECTION('',(0.,0.,-1.));
#7940 = ORIENTED_EDGE('',*,*,#7560,.T.);
#7941 = PLANE('',#7942);
#7942 = AXIS2_PLACEMENT_3D('',#7943,#7944,#7945);
#7943 = CARTESIAN_POINT('',(176.33657914905,61.407658952375,
    4.372020005803E-02));
#7944 = DIRECTION('',(-0.946746604332,-0.321979606785,4.929890942565E-18
    ));
#7945 = DIRECTION('',(0.321979606785,-0.946746604332,-1.925929944387E-34
    ));
#7946 = ADVANCED_FACE('',(#7947),#7964,.T.);
#7947 = FACE_BOUND('',#7948,.T.);
#7948 = EDGE_LOOP('',(#7949,#7957,#7958));
#7949 = ORIENTED_EDGE('',*,*,#7950,.T.);
#7950 = EDGE_CURVE('',#7951,#7561,#7953,.T.);
#7951 = VERTEX_POINT('',#7952);
#7952 = CARTESIAN_POINT('',(176.38800048828,61.18270111084,-1.));
#7953 = LINE('',#7954,#7955);
#7954 = CARTESIAN_POINT('',(176.38800048828,61.18270111084,-1.));
#7955 = VECTOR('',#7956,1.);
#7956 = DIRECTION('',(-1.792273129296E-02,8.942561593935E-02,
    0.995832232315));
#7957 = ORIENTED_EDGE('',*,*,#7935,.T.);
#7958 = ORIENTED_EDGE('',*,*,#7959,.T.);
#7959 = EDGE_CURVE('',#7912,#7951,#7960,.T.);
#7960 = LINE('',#7961,#7962);
#7961 = CARTESIAN_POINT('',(176.35200500488,61.362300872803,-1.));
#7962 = VECTOR('',#7963,1.);
#7963 = DIRECTION('',(0.196512611029,-0.980501297147,0.));
#7964 = PLANE('',#7965);
#7965 = AXIS2_PLACEMENT_3D('',#7966,#7967,#7968);
#7966 = CARTESIAN_POINT('',(176.36141509907,61.315349130066,
    -4.370023616439E-02));
#7967 = DIRECTION('',(-0.980501297147,-0.196512611029,
    -2.465001599865E-18));
#7968 = DIRECTION('',(0.196512611029,-0.980501297147,9.629649721936E-35)
  );
#7969 = ADVANCED_FACE('',(#7970),#7987,.T.);
#7970 = FACE_BOUND('',#7971,.T.);
#7971 = EDGE_LOOP('',(#7972,#7973,#7981));
#7972 = ORIENTED_EDGE('',*,*,#7950,.F.);
#7973 = ORIENTED_EDGE('',*,*,#7974,.T.);
#7974 = EDGE_CURVE('',#7951,#7975,#7977,.T.);
#7975 = VERTEX_POINT('',#7976);
#7976 = CARTESIAN_POINT('',(176.38800048828,61.18270111084,1.));
#7977 = LINE('',#7978,#7979);
#7978 = CARTESIAN_POINT('',(176.38800048828,61.18270111084,-1.));
#7979 = VECTOR('',#7980,1.);
#7980 = DIRECTION('',(0.,0.,1.));
#7981 = ORIENTED_EDGE('',*,*,#7982,.T.);
#7982 = EDGE_CURVE('',#7975,#7561,#7983,.T.);
#7983 = LINE('',#7984,#7985);
#7984 = CARTESIAN_POINT('',(176.38800048828,61.18270111084,1.));
#7985 = VECTOR('',#7986,1.);
#7986 = DIRECTION('',(-0.196512611029,0.980501297147,0.));
#7987 = PLANE('',#7988);
#7988 = AXIS2_PLACEMENT_3D('',#7989,#7990,#7991);
#7989 = CARTESIAN_POINT('',(176.37859039409,61.229652853576,
    4.370023616439E-02));
#7990 = DIRECTION('',(-0.980501297147,-0.196512611029,2.465001599865E-18
    ));
#7991 = DIRECTION('',(0.196512611029,-0.980501297147,0.));
#7992 = ADVANCED_FACE('',(#7993),#8010,.T.);
#7993 = FACE_BOUND('',#7994,.T.);
#7994 = EDGE_LOOP('',(#7995,#8003,#8004));
#7995 = ORIENTED_EDGE('',*,*,#7996,.T.);
#7996 = EDGE_CURVE('',#7997,#7975,#7999,.T.);
#7997 = VERTEX_POINT('',#7998);
#7998 = CARTESIAN_POINT('',(176.39999389648,61.,-1.));
#7999 = LINE('',#8000,#8001);
#8000 = CARTESIAN_POINT('',(176.39999389648,61.,-1.));
#8001 = VECTOR('',#8002,1.);
#8002 = DIRECTION('',(-5.971732115854E-03,9.097014566053E-02,
    0.995835714872));
#8003 = ORIENTED_EDGE('',*,*,#7974,.F.);
#8004 = ORIENTED_EDGE('',*,*,#8005,.T.);
#8005 = EDGE_CURVE('',#7951,#7997,#8006,.T.);
#8006 = LINE('',#8007,#8008);
#8007 = CARTESIAN_POINT('',(176.38800048828,61.18270111084,-1.));
#8008 = VECTOR('',#8009,1.);
#8009 = DIRECTION('',(6.55039807956E-02,-0.997852307959,0.));
#8010 = PLANE('',#8011);
#8011 = AXIS2_PLACEMENT_3D('',#8012,#8013,#8014);
#8012 = CARTESIAN_POINT('',(176.39113579929,61.134939474173,
    -4.368273581728E-02));
#8013 = DIRECTION('',(-0.997852307959,-6.55039807956E-02,
    4.725376458056E-19));
#8014 = DIRECTION('',(6.55039807956E-02,-0.997852307959,0.));
#8015 = ADVANCED_FACE('',(#8016),#8033,.T.);
#8016 = FACE_BOUND('',#8017,.T.);
#8017 = EDGE_LOOP('',(#8018,#8019,#8027));
#8018 = ORIENTED_EDGE('',*,*,#7996,.F.);
#8019 = ORIENTED_EDGE('',*,*,#8020,.T.);
#8020 = EDGE_CURVE('',#7997,#8021,#8023,.T.);
#8021 = VERTEX_POINT('',#8022);
#8022 = CARTESIAN_POINT('',(176.39999389648,61.,1.));
#8023 = LINE('',#8024,#8025);
#8024 = CARTESIAN_POINT('',(176.39999389648,61.,-1.));
#8025 = VECTOR('',#8026,1.);
#8026 = DIRECTION('',(0.,0.,1.));
#8027 = ORIENTED_EDGE('',*,*,#8028,.T.);
#8028 = EDGE_CURVE('',#8021,#7975,#8029,.T.);
#8029 = LINE('',#8030,#8031);
#8030 = CARTESIAN_POINT('',(176.39999389648,61.,1.));
#8031 = VECTOR('',#8032,1.);
#8032 = DIRECTION('',(-6.55039807956E-02,0.997852307959,0.));
#8033 = PLANE('',#8034);
#8034 = AXIS2_PLACEMENT_3D('',#8035,#8036,#8037);
#8035 = CARTESIAN_POINT('',(176.39685858547,61.047761636667,
    4.368273581728E-02));
#8036 = DIRECTION('',(-0.997852307959,-6.55039807956E-02,
    3.885677681137E-20));
#8037 = DIRECTION('',(6.55039807956E-02,-0.997852307959,
    -3.761581922631E-37));
#8038 = ADVANCED_FACE('',(#8039),#8056,.T.);
#8039 = FACE_BOUND('',#8040,.T.);
#8040 = EDGE_LOOP('',(#8041,#8049,#8050));
#8041 = ORIENTED_EDGE('',*,*,#8042,.T.);
#8042 = EDGE_CURVE('',#8043,#8021,#8045,.T.);
#8043 = VERTEX_POINT('',#8044);
#8044 = CARTESIAN_POINT('',(176.38800048828,60.81729888916,-1.));
#8045 = LINE('',#8046,#8047);
#8046 = CARTESIAN_POINT('',(176.38800048828,60.81729888916,-1.));
#8047 = VECTOR('',#8048,1.);
#8048 = DIRECTION('',(5.971732115854E-03,9.097014566053E-02,
    0.995835714872));
#8049 = ORIENTED_EDGE('',*,*,#8020,.F.);
#8050 = ORIENTED_EDGE('',*,*,#8051,.T.);
#8051 = EDGE_CURVE('',#7997,#8043,#8052,.T.);
#8052 = LINE('',#8053,#8054);
#8053 = CARTESIAN_POINT('',(176.39999389648,61.,-1.));
#8054 = VECTOR('',#8055,1.);
#8055 = DIRECTION('',(-6.55039807956E-02,-0.997852307959,0.));
#8056 = PLANE('',#8057);
#8057 = AXIS2_PLACEMENT_3D('',#8058,#8059,#8060);
#8058 = CARTESIAN_POINT('',(176.39685858547,60.952238363333,
    -4.368273581728E-02));
#8059 = DIRECTION('',(-0.997852307959,6.55039807956E-02,
    -2.635859560449E-18));
#8060 = DIRECTION('',(-6.55039807956E-02,-0.997852307959,0.));
#8061 = ADVANCED_FACE('',(#8062),#8079,.T.);
#8062 = FACE_BOUND('',#8063,.T.);
#8063 = EDGE_LOOP('',(#8064,#8065,#8073));
#8064 = ORIENTED_EDGE('',*,*,#8042,.F.);
#8065 = ORIENTED_EDGE('',*,*,#8066,.T.);
#8066 = EDGE_CURVE('',#8043,#8067,#8069,.T.);
#8067 = VERTEX_POINT('',#8068);
#8068 = CARTESIAN_POINT('',(176.38800048828,60.81729888916,1.));
#8069 = LINE('',#8070,#8071);
#8070 = CARTESIAN_POINT('',(176.38800048828,60.81729888916,-1.));
#8071 = VECTOR('',#8072,1.);
#8072 = DIRECTION('',(0.,0.,1.));
#8073 = ORIENTED_EDGE('',*,*,#8074,.T.);
#8074 = EDGE_CURVE('',#8067,#8021,#8075,.T.);
#8075 = LINE('',#8076,#8077);
#8076 = CARTESIAN_POINT('',(176.38800048828,60.81729888916,1.));
#8077 = VECTOR('',#8078,1.);
#8078 = DIRECTION('',(6.55039807956E-02,0.997852307959,0.));
#8079 = PLANE('',#8080);
#8080 = AXIS2_PLACEMENT_3D('',#8081,#8082,#8083);
#8081 = CARTESIAN_POINT('',(176.39113579929,60.865060525827,
    4.368273581728E-02));
#8082 = DIRECTION('',(-0.997852307959,6.55039807956E-02,
    -1.334817056863E-18));
#8083 = DIRECTION('',(-6.55039807956E-02,-0.997852307959,0.));
#8084 = ADVANCED_FACE('',(#8085),#8102,.T.);
#8085 = FACE_BOUND('',#8086,.T.);
#8086 = EDGE_LOOP('',(#8087,#8095,#8096));
#8087 = ORIENTED_EDGE('',*,*,#8088,.T.);
#8088 = EDGE_CURVE('',#8089,#8067,#8091,.T.);
#8089 = VERTEX_POINT('',#8090);
#8090 = CARTESIAN_POINT('',(176.35200500488,60.637699127197,-1.));
#8091 = LINE('',#8092,#8093);
#8092 = CARTESIAN_POINT('',(176.35200500488,60.637699127197,-1.));
#8093 = VECTOR('',#8094,1.);
#8094 = DIRECTION('',(1.792273129296E-02,8.942561593935E-02,
    0.995832232315));
#8095 = ORIENTED_EDGE('',*,*,#8066,.F.);
#8096 = ORIENTED_EDGE('',*,*,#8097,.T.);
#8097 = EDGE_CURVE('',#8043,#8089,#8098,.T.);
#8098 = LINE('',#8099,#8100);
#8099 = CARTESIAN_POINT('',(176.38800048828,60.81729888916,-1.));
#8100 = VECTOR('',#8101,1.);
#8101 = DIRECTION('',(-0.196512611029,-0.980501297147,0.));
#8102 = PLANE('',#8103);
#8103 = AXIS2_PLACEMENT_3D('',#8104,#8105,#8106);
#8104 = CARTESIAN_POINT('',(176.37859039409,60.770347146424,
    -4.370023616439E-02));
#8105 = DIRECTION('',(-0.980501297147,0.196512611029,-0.));
#8106 = DIRECTION('',(-0.196512611029,-0.980501297147,0.));
#8107 = ADVANCED_FACE('',(#8108),#8125,.T.);
#8108 = FACE_BOUND('',#8109,.T.);
#8109 = EDGE_LOOP('',(#8110,#8111,#8119));
#8110 = ORIENTED_EDGE('',*,*,#8088,.F.);
#8111 = ORIENTED_EDGE('',*,*,#8112,.F.);
#8112 = EDGE_CURVE('',#8113,#8089,#8115,.T.);
#8113 = VERTEX_POINT('',#8114);
#8114 = CARTESIAN_POINT('',(176.35200500488,60.637699127197,1.));
#8115 = LINE('',#8116,#8117);
#8116 = CARTESIAN_POINT('',(176.35200500488,60.637699127197,1.));
#8117 = VECTOR('',#8118,1.);
#8118 = DIRECTION('',(0.,0.,-1.));
#8119 = ORIENTED_EDGE('',*,*,#8120,.T.);
#8120 = EDGE_CURVE('',#8113,#8067,#8121,.T.);
#8121 = LINE('',#8122,#8123);
#8122 = CARTESIAN_POINT('',(176.35200500488,60.637699127197,1.));
#8123 = VECTOR('',#8124,1.);
#8124 = DIRECTION('',(0.196512611029,0.980501297147,0.));
#8125 = PLANE('',#8126);
#8126 = AXIS2_PLACEMENT_3D('',#8127,#8128,#8129);
#8127 = CARTESIAN_POINT('',(176.36141509907,60.684650869934,
    4.370023616439E-02));
#8128 = DIRECTION('',(-0.980501297147,0.196512611029,-2.465001599865E-18
    ));
#8129 = DIRECTION('',(-0.196512611029,-0.980501297147,0.));
#8130 = ADVANCED_FACE('',(#8131),#8148,.T.);
#8131 = FACE_BOUND('',#8132,.T.);
#8132 = EDGE_LOOP('',(#8133,#8141,#8142));
#8133 = ORIENTED_EDGE('',*,*,#8134,.T.);
#8134 = EDGE_CURVE('',#8135,#8113,#8137,.T.);
#8135 = VERTEX_POINT('',#8136);
#8136 = CARTESIAN_POINT('',(176.29299926757,60.464199066162,-1.));
#8137 = LINE('',#8138,#8139);
#8138 = CARTESIAN_POINT('',(176.29299926757,60.464199066162,-1.));
#8139 = VECTOR('',#8140,1.);
#8140 = DIRECTION('',(2.937979028402E-02,8.638813173634E-02,
    0.995828257592));
#8141 = ORIENTED_EDGE('',*,*,#8112,.T.);
#8142 = ORIENTED_EDGE('',*,*,#8143,.T.);
#8143 = EDGE_CURVE('',#8089,#8135,#8144,.T.);
#8144 = LINE('',#8145,#8146);
#8145 = CARTESIAN_POINT('',(176.35200500488,60.637699127197,-1.));
#8146 = VECTOR('',#8147,1.);
#8147 = DIRECTION('',(-0.321979606785,-0.946746604332,0.));
#8148 = PLANE('',#8149);
#8149 = AXIS2_PLACEMENT_3D('',#8150,#8151,#8152);
#8150 = CARTESIAN_POINT('',(176.33657914905,60.592341047625,
    -4.372020005803E-02));
#8151 = DIRECTION('',(-0.946746604332,0.321979606785,-7.394836413847E-18
    ));
#8152 = DIRECTION('',(-0.321979606785,-0.946746604332,0.));
#8153 = ADVANCED_FACE('',(#8154),#8171,.T.);
#8154 = FACE_BOUND('',#8155,.T.);
#8155 = EDGE_LOOP('',(#8156,#8157,#8165));
#8156 = ORIENTED_EDGE('',*,*,#8134,.F.);
#8157 = ORIENTED_EDGE('',*,*,#8158,.T.);
#8158 = EDGE_CURVE('',#8135,#8159,#8161,.T.);
#8159 = VERTEX_POINT('',#8160);
#8160 = CARTESIAN_POINT('',(176.29299926757,60.464199066162,1.));
#8161 = LINE('',#8162,#8163);
#8162 = CARTESIAN_POINT('',(176.29299926757,60.464199066162,-1.));
#8163 = VECTOR('',#8164,1.);
#8164 = DIRECTION('',(0.,0.,1.));
#8165 = ORIENTED_EDGE('',*,*,#8166,.T.);
#8166 = EDGE_CURVE('',#8159,#8113,#8167,.T.);
#8167 = LINE('',#8168,#8169);
#8168 = CARTESIAN_POINT('',(176.29299926757,60.464199066162,1.));
#8169 = VECTOR('',#8170,1.);
#8170 = DIRECTION('',(0.321979606785,0.946746604332,0.));
#8171 = PLANE('',#8172);
#8172 = AXIS2_PLACEMENT_3D('',#8173,#8174,#8175);
#8173 = CARTESIAN_POINT('',(176.3084251234,60.509557145734,
    4.372020005803E-02));
#8174 = DIRECTION('',(-0.946746604332,0.321979606785,-2.464945471282E-18
    ));
#8175 = DIRECTION('',(-0.321979606785,-0.946746604332,
    -9.629649721936E-35));
#8176 = ADVANCED_FACE('',(#8177),#8194,.T.);
#8177 = FACE_BOUND('',#8178,.T.);
#8178 = EDGE_LOOP('',(#8179,#8187,#8188));
#8179 = ORIENTED_EDGE('',*,*,#8180,.T.);
#8180 = EDGE_CURVE('',#8181,#8159,#8183,.T.);
#8181 = VERTEX_POINT('',#8182);
#8182 = CARTESIAN_POINT('',(176.21200561523,60.299999237061,-1.));
#8183 = LINE('',#8184,#8185);
#8184 = CARTESIAN_POINT('',(176.21200561523,60.299999237061,-1.));
#8185 = VECTOR('',#8186,1.);
#8186 = DIRECTION('',(4.03281957499E-02,8.175804718627E-02,
    0.995835959558));
#8187 = ORIENTED_EDGE('',*,*,#8158,.F.);
#8188 = ORIENTED_EDGE('',*,*,#8189,.T.);
#8189 = EDGE_CURVE('',#8135,#8181,#8190,.T.);
#8190 = LINE('',#8191,#8192);
#8191 = CARTESIAN_POINT('',(176.29299926757,60.464199066162,-1.));
#8192 = VECTOR('',#8193,1.);
#8193 = DIRECTION('',(-0.442373294657,-0.89683101428,0.));
#8194 = PLANE('',#8195);
#8195 = AXIS2_PLACEMENT_3D('',#8196,#8197,#8198);
#8196 = CARTESIAN_POINT('',(176.2718259731,60.421274080888,
    -4.368150593861E-02));
#8197 = DIRECTION('',(-0.89683101428,0.442373294657,-4.930108530561E-18)
  );
#8198 = DIRECTION('',(-0.442373294657,-0.89683101428,0.));
#8199 = ADVANCED_FACE('',(#8200),#8217,.T.);
#8200 = FACE_BOUND('',#8201,.T.);
#8201 = EDGE_LOOP('',(#8202,#8203,#8211));
#8202 = ORIENTED_EDGE('',*,*,#8180,.F.);
#8203 = ORIENTED_EDGE('',*,*,#8204,.T.);
#8204 = EDGE_CURVE('',#8181,#8205,#8207,.T.);
#8205 = VERTEX_POINT('',#8206);
#8206 = CARTESIAN_POINT('',(176.21200561523,60.299999237061,1.));
#8207 = LINE('',#8208,#8209);
#8208 = CARTESIAN_POINT('',(176.21200561523,60.299999237061,-1.));
#8209 = VECTOR('',#8210,1.);
#8210 = DIRECTION('',(0.,0.,1.));
#8211 = ORIENTED_EDGE('',*,*,#8212,.T.);
#8212 = EDGE_CURVE('',#8205,#8159,#8213,.T.);
#8213 = LINE('',#8214,#8215);
#8214 = CARTESIAN_POINT('',(176.21200561523,60.299999237061,1.));
#8215 = VECTOR('',#8216,1.);
#8216 = DIRECTION('',(0.442373294657,0.89683101428,0.));
#8217 = PLANE('',#8218);
#8218 = AXIS2_PLACEMENT_3D('',#8219,#8220,#8221);
#8219 = CARTESIAN_POINT('',(176.2331789097,60.342924222335,
    4.368150593861E-02));
#8220 = DIRECTION('',(-0.89683101428,0.442373294657,4.930108530561E-18)
  );
#8221 = DIRECTION('',(-0.442373294657,-0.89683101428,0.));
#8222 = ADVANCED_FACE('',(#8223),#8240,.T.);
#8223 = FACE_BOUND('',#8224,.T.);
#8224 = EDGE_LOOP('',(#8225,#8233,#8234));
#8225 = ORIENTED_EDGE('',*,*,#8226,.T.);
#8226 = EDGE_CURVE('',#8227,#8205,#8229,.T.);
#8227 = VERTEX_POINT('',#8228);
#8228 = CARTESIAN_POINT('',(176.11099243164,60.147701263428,-1.));
#8229 = LINE('',#8230,#8231);
#8230 = CARTESIAN_POINT('',(176.11099243164,60.147701263428,-1.));
#8231 = VECTOR('',#8232,1.);
#8232 = DIRECTION('',(5.029704857113E-02,7.583305767197E-02,
    0.995851170742));
#8233 = ORIENTED_EDGE('',*,*,#8204,.F.);
#8234 = ORIENTED_EDGE('',*,*,#8235,.T.);
#8235 = EDGE_CURVE('',#8181,#8227,#8236,.T.);
#8236 = LINE('',#8237,#8238);
#8237 = CARTESIAN_POINT('',(176.21200561523,60.299999237061,-1.));
#8238 = VECTOR('',#8239,1.);
#8239 = DIRECTION('',(-0.552733317721,-0.833358193984,0.));
#8240 = PLANE('',#8241);
#8241 = AXIS2_PLACEMENT_3D('',#8242,#8243,#8244);
#8242 = CARTESIAN_POINT('',(176.18560094439,60.260188811136,
    -4.360497221279E-02));
#8243 = DIRECTION('',(-0.833358193984,0.552733317721,-4.930539030245E-18
    ));
#8244 = DIRECTION('',(-0.552733317721,-0.833358193984,0.));
#8245 = ADVANCED_FACE('',(#8246),#8263,.T.);
#8246 = FACE_BOUND('',#8247,.T.);
#8247 = EDGE_LOOP('',(#8248,#8249,#8257));
#8248 = ORIENTED_EDGE('',*,*,#8226,.F.);
#8249 = ORIENTED_EDGE('',*,*,#8250,.T.);
#8250 = EDGE_CURVE('',#8227,#8251,#8253,.T.);
#8251 = VERTEX_POINT('',#8252);
#8252 = CARTESIAN_POINT('',(176.11099243164,60.147701263428,1.));
#8253 = LINE('',#8254,#8255);
#8254 = CARTESIAN_POINT('',(176.11099243164,60.147701263428,-1.));
#8255 = VECTOR('',#8256,1.);
#8256 = DIRECTION('',(0.,0.,1.));
#8257 = ORIENTED_EDGE('',*,*,#8258,.T.);
#8258 = EDGE_CURVE('',#8251,#8205,#8259,.T.);
#8259 = LINE('',#8260,#8261);
#8260 = CARTESIAN_POINT('',(176.11099243164,60.147701263428,1.));
#8261 = VECTOR('',#8262,1.);
#8262 = DIRECTION('',(0.552733317721,0.833358193984,0.));
#8263 = PLANE('',#8264);
#8264 = AXIS2_PLACEMENT_3D('',#8265,#8266,#8267);
#8265 = CARTESIAN_POINT('',(176.13739710247,60.187511689352,
    4.360497221279E-02));
#8266 = DIRECTION('',(-0.833358193984,0.552733317721,-0.));
#8267 = DIRECTION('',(-0.552733317721,-0.833358193984,0.));
#8268 = ADVANCED_FACE('',(#8269),#8286,.T.);
#8269 = FACE_BOUND('',#8270,.T.);
#8270 = EDGE_LOOP('',(#8271,#8279,#8280));
#8271 = ORIENTED_EDGE('',*,*,#8272,.T.);
#8272 = EDGE_CURVE('',#8273,#8251,#8275,.T.);
#8273 = VERTEX_POINT('',#8274);
#8274 = CARTESIAN_POINT('',(175.99000549316,60.010101318359,-1.));
#8275 = LINE('',#8276,#8277);
#8276 = CARTESIAN_POINT('',(175.99000549316,60.010101318359,-1.));
#8277 = VECTOR('',#8278,1.);
#8278 = DIRECTION('',(6.024119839526E-02,6.851306177688E-02,
    0.99582978384));
#8279 = ORIENTED_EDGE('',*,*,#8250,.F.);
#8280 = ORIENTED_EDGE('',*,*,#8281,.T.);
#8281 = EDGE_CURVE('',#8227,#8273,#8282,.T.);
#8282 = LINE('',#8283,#8284);
#8283 = CARTESIAN_POINT('',(176.11099243164,60.147701263428,-1.));
#8284 = VECTOR('',#8285,1.);
#8285 = DIRECTION('',(-0.660317138771,-0.750986868224,0.));
#8286 = PLANE('',#8287);
#8287 = AXIS2_PLACEMENT_3D('',#8288,#8289,#8290);
#8288 = CARTESIAN_POINT('',(176.07936309868,60.111728830933,
    -4.371253536956E-02));
#8289 = DIRECTION('',(-0.750986868224,0.660317138771,9.859868079609E-18)
  );
#8290 = DIRECTION('',(-0.660317138771,-0.750986868224,
    -7.703719777549E-34));
#8291 = ADVANCED_FACE('',(#8292),#8309,.T.);
#8292 = FACE_BOUND('',#8293,.T.);
#8293 = EDGE_LOOP('',(#8294,#8295,#8303));
#8294 = ORIENTED_EDGE('',*,*,#8272,.F.);
#8295 = ORIENTED_EDGE('',*,*,#8296,.F.);
#8296 = EDGE_CURVE('',#8297,#8273,#8299,.T.);
#8297 = VERTEX_POINT('',#8298);
#8298 = CARTESIAN_POINT('',(175.99000549316,60.010101318359,1.));
#8299 = LINE('',#8300,#8301);
#8300 = CARTESIAN_POINT('',(175.99000549316,60.010101318359,1.));
#8301 = VECTOR('',#8302,1.);
#8302 = DIRECTION('',(0.,0.,-1.));
#8303 = ORIENTED_EDGE('',*,*,#8304,.T.);
#8304 = EDGE_CURVE('',#8297,#8251,#8305,.T.);
#8305 = LINE('',#8306,#8307);
#8306 = CARTESIAN_POINT('',(175.99000549316,60.010101318359,1.));
#8307 = VECTOR('',#8308,1.);
#8308 = DIRECTION('',(0.660317138771,0.750986868224,0.));
#8309 = PLANE('',#8310);
#8310 = AXIS2_PLACEMENT_3D('',#8311,#8312,#8313);
#8311 = CARTESIAN_POINT('',(176.02163482611,60.046073750854,
    4.371253536956E-02));
#8312 = DIRECTION('',(-0.750986868224,0.660317138771,-0.));
#8313 = DIRECTION('',(-0.660317138771,-0.750986868224,0.));
#8314 = ADVANCED_FACE('',(#8315),#8332,.T.);
#8315 = FACE_BOUND('',#8316,.T.);
#8316 = EDGE_LOOP('',(#8317,#8325,#8331));
#8317 = ORIENTED_EDGE('',*,*,#8318,.T.);
#8318 = EDGE_CURVE('',#8273,#8319,#8321,.T.);
#8319 = VERTEX_POINT('',#8320);
#8320 = CARTESIAN_POINT('',(175.85200500488,59.889301300049,1.));
#8321 = LINE('',#8322,#8323);
#8322 = CARTESIAN_POINT('',(175.99000549316,60.010101318359,-1.));
#8323 = VECTOR('',#8324,1.);
#8324 = DIRECTION('',(-6.871194291064E-02,-6.014764197676E-02,
    0.995821736088));
#8325 = ORIENTED_EDGE('',*,*,#8326,.T.);
#8326 = EDGE_CURVE('',#8319,#8297,#8327,.T.);
#8327 = LINE('',#8328,#8329);
#8328 = CARTESIAN_POINT('',(175.85200500488,59.889301300049,1.));
#8329 = VECTOR('',#8330,1.);
#8330 = DIRECTION('',(0.752442678813,0.658657737449,0.));
#8331 = ORIENTED_EDGE('',*,*,#8296,.T.);
#8332 = PLANE('',#8333);
#8333 = AXIS2_PLACEMENT_3D('',#8334,#8335,#8336);
#8334 = CARTESIAN_POINT('',(175.95392682346,59.978519517344,
    4.375293343067E-02));
#8335 = DIRECTION('',(-0.658657737449,0.752442678813,9.859413815399E-18)
  );
#8336 = DIRECTION('',(0.752442678813,0.658657737449,-7.703719777549E-34)
  );
#8337 = ADVANCED_FACE('',(#8338),#8355,.T.);
#8338 = FACE_BOUND('',#8339,.T.);
#8339 = EDGE_LOOP('',(#8340,#8341,#8349));
#8340 = ORIENTED_EDGE('',*,*,#8318,.F.);
#8341 = ORIENTED_EDGE('',*,*,#8342,.T.);
#8342 = EDGE_CURVE('',#8273,#8343,#8345,.T.);
#8343 = VERTEX_POINT('',#8344);
#8344 = CARTESIAN_POINT('',(175.85200500488,59.889301300049,-1.));
#8345 = LINE('',#8346,#8347);
#8346 = CARTESIAN_POINT('',(175.99000549316,60.010101318359,-1.));
#8347 = VECTOR('',#8348,1.);
#8348 = DIRECTION('',(-0.752442678813,-0.658657737449,0.));
#8349 = ORIENTED_EDGE('',*,*,#8350,.F.);
#8350 = EDGE_CURVE('',#8319,#8343,#8351,.T.);
#8351 = LINE('',#8352,#8353);
#8352 = CARTESIAN_POINT('',(175.85200500488,59.889301300049,1.));
#8353 = VECTOR('',#8354,1.);
#8354 = DIRECTION('',(0.,0.,-1.));
#8355 = PLANE('',#8356);
#8356 = AXIS2_PLACEMENT_3D('',#8357,#8358,#8359);
#8357 = CARTESIAN_POINT('',(175.88808367458,59.920883101064,
    -4.375293343067E-02));
#8358 = DIRECTION('',(-0.658657737449,0.752442678813,0.));
#8359 = DIRECTION('',(0.752442678813,0.658657737449,0.));
#8360 = ADVANCED_FACE('',(#8361),#8378,.T.);
#8361 = FACE_BOUND('',#8362,.T.);
#8362 = EDGE_LOOP('',(#8363,#8371,#8377));
#8363 = ORIENTED_EDGE('',*,*,#8364,.T.);
#8364 = EDGE_CURVE('',#8343,#8365,#8367,.T.);
#8365 = VERTEX_POINT('',#8366);
#8366 = CARTESIAN_POINT('',(175.69999694824,59.787601470947,1.));
#8367 = LINE('',#8368,#8369);
#8368 = CARTESIAN_POINT('',(175.85200500488,59.889301300049,-1.));
#8369 = VECTOR('',#8370,1.);
#8370 = DIRECTION('',(-7.568822236408E-02,-5.063862698822E-02,
    0.99584487871));
#8371 = ORIENTED_EDGE('',*,*,#8372,.T.);
#8372 = EDGE_CURVE('',#8365,#8319,#8373,.T.);
#8373 = LINE('',#8374,#8375);
#8374 = CARTESIAN_POINT('',(175.69999694824,59.787601470947,1.));
#8375 = VECTOR('',#8376,1.);
#8376 = DIRECTION('',(0.831137850136,0.556066429548,0.));
#8377 = ORIENTED_EDGE('',*,*,#8350,.T.);
#8378 = PLANE('',#8379);
#8379 = AXIS2_PLACEMENT_3D('',#8380,#8381,#8382);
#8380 = CARTESIAN_POINT('',(175.81226904668,59.862716260762,
    4.363664838298E-02));
#8381 = DIRECTION('',(-0.556066429548,0.831137850136,4.930360832069E-18)
  );
#8382 = DIRECTION('',(0.831137850136,0.556066429548,0.));
#8383 = ADVANCED_FACE('',(#8384),#8401,.T.);
#8384 = FACE_BOUND('',#8385,.T.);
#8385 = EDGE_LOOP('',(#8386,#8387,#8395));
#8386 = ORIENTED_EDGE('',*,*,#8364,.F.);
#8387 = ORIENTED_EDGE('',*,*,#8388,.T.);
#8388 = EDGE_CURVE('',#8343,#8389,#8391,.T.);
#8389 = VERTEX_POINT('',#8390);
#8390 = CARTESIAN_POINT('',(175.69999694824,59.787601470947,-1.));
#8391 = LINE('',#8392,#8393);
#8392 = CARTESIAN_POINT('',(175.85200500488,59.889301300049,-1.));
#8393 = VECTOR('',#8394,1.);
#8394 = DIRECTION('',(-0.831137850136,-0.556066429548,0.));
#8395 = ORIENTED_EDGE('',*,*,#8396,.T.);
#8396 = EDGE_CURVE('',#8389,#8365,#8397,.T.);
#8397 = LINE('',#8398,#8399);
#8398 = CARTESIAN_POINT('',(175.69999694824,59.787601470947,-1.));
#8399 = VECTOR('',#8400,1.);
#8400 = DIRECTION('',(0.,0.,1.));
#8401 = PLANE('',#8402);
#8402 = AXIS2_PLACEMENT_3D('',#8403,#8404,#8405);
#8403 = CARTESIAN_POINT('',(175.73973290643,59.814186510234,
    -4.363664838298E-02));
#8404 = DIRECTION('',(-0.556066429548,0.831137850136,4.930360832069E-18)
  );
#8405 = DIRECTION('',(0.831137850136,0.556066429548,0.));
#8406 = ADVANCED_FACE('',(#8407),#8424,.T.);
#8407 = FACE_BOUND('',#8408,.T.);
#8408 = EDGE_LOOP('',(#8409,#8417,#8423));
#8409 = ORIENTED_EDGE('',*,*,#8410,.T.);
#8410 = EDGE_CURVE('',#8389,#8411,#8413,.T.);
#8411 = VERTEX_POINT('',#8412);
#8412 = CARTESIAN_POINT('',(175.53599548339,59.706600189209,1.));
#8413 = LINE('',#8414,#8415);
#8414 = CARTESIAN_POINT('',(175.69999694824,59.787601470947,-1.));
#8415 = VECTOR('',#8416,1.);
#8416 = DIRECTION('',(-8.165992456705E-02,-4.033231387832E-02,
    0.995843843771));
#8417 = ORIENTED_EDGE('',*,*,#8418,.T.);
#8418 = EDGE_CURVE('',#8411,#8365,#8419,.T.);
#8419 = LINE('',#8420,#8421);
#8420 = CARTESIAN_POINT('',(175.53599548339,59.706600189209,1.));
#8421 = VECTOR('',#8422,1.);
#8422 = DIRECTION('',(0.896602123108,0.442837027402,0.));
#8423 = ORIENTED_EDGE('',*,*,#8396,.F.);
#8424 = PLANE('',#8425);
#8425 = AXIS2_PLACEMENT_3D('',#8426,#8427,#8428);
#8426 = CARTESIAN_POINT('',(175.65712559667,59.766427059913,
    4.364185612062E-02));
#8427 = DIRECTION('',(-0.442837027402,0.896602123108,9.860663076219E-18)
  );
#8428 = DIRECTION('',(0.896602123108,0.442837027402,0.));
#8429 = ADVANCED_FACE('',(#8430),#8447,.T.);
#8430 = FACE_BOUND('',#8431,.T.);
#8431 = EDGE_LOOP('',(#8432,#8433,#8441));
#8432 = ORIENTED_EDGE('',*,*,#8410,.F.);
#8433 = ORIENTED_EDGE('',*,*,#8434,.T.);
#8434 = EDGE_CURVE('',#8389,#8435,#8437,.T.);
#8435 = VERTEX_POINT('',#8436);
#8436 = CARTESIAN_POINT('',(175.53599548339,59.706600189209,-1.));
#8437 = LINE('',#8438,#8439);
#8438 = CARTESIAN_POINT('',(175.69999694824,59.787601470947,-1.));
#8439 = VECTOR('',#8440,1.);
#8440 = DIRECTION('',(-0.896602123108,-0.442837027402,0.));
#8441 = ORIENTED_EDGE('',*,*,#8442,.F.);
#8442 = EDGE_CURVE('',#8411,#8435,#8443,.T.);
#8443 = LINE('',#8444,#8445);
#8444 = CARTESIAN_POINT('',(175.53599548339,59.706600189209,1.));
#8445 = VECTOR('',#8446,1.);
#8446 = DIRECTION('',(0.,0.,-1.));
#8447 = PLANE('',#8448);
#8448 = AXIS2_PLACEMENT_3D('',#8449,#8450,#8451);
#8449 = CARTESIAN_POINT('',(175.57886683496,59.727774600243,
    -4.364185612062E-02));
#8450 = DIRECTION('',(-0.442837027402,0.896602123108,-1.479099461433E-17
    ));
#8451 = DIRECTION('',(0.896602123108,0.442837027402,0.));
#8452 = ADVANCED_FACE('',(#8453),#8470,.T.);
#8453 = FACE_BOUND('',#8454,.T.);
#8454 = EDGE_LOOP('',(#8455,#8463,#8469));
#8455 = ORIENTED_EDGE('',*,*,#8456,.T.);
#8456 = EDGE_CURVE('',#8435,#8457,#8459,.T.);
#8457 = VERTEX_POINT('',#8458);
#8458 = CARTESIAN_POINT('',(175.36199951171,59.647701263428,1.));
#8459 = LINE('',#8460,#8461);
#8460 = CARTESIAN_POINT('',(175.53599548339,59.706600189209,-1.));
#8461 = VECTOR('',#8462,1.);
#8462 = DIRECTION('',(-8.66333372924E-02,-2.932602665515E-02,
    0.995808540348));
#8463 = ORIENTED_EDGE('',*,*,#8464,.T.);
#8464 = EDGE_CURVE('',#8457,#8411,#8465,.T.);
#8465 = LINE('',#8466,#8467);
#8466 = CARTESIAN_POINT('',(175.36199951171,59.647701263428,1.));
#8467 = VECTOR('',#8468,1.);
#8468 = DIRECTION('',(0.947202774155,0.320635158137,0.));
#8469 = ORIENTED_EDGE('',*,*,#8442,.T.);
#8470 = PLANE('',#8471);
#8471 = AXIS2_PLACEMENT_3D('',#8472,#8473,#8474);
#8472 = CARTESIAN_POINT('',(175.49050305396,59.691200664732,
    4.381908239577E-02));
#8473 = DIRECTION('',(-0.320635158137,0.947202774155,4.929335097933E-18)
  );
#8474 = DIRECTION('',(0.947202774155,0.320635158137,0.));
#8475 = ADVANCED_FACE('',(#8476),#8493,.T.);
#8476 = FACE_BOUND('',#8477,.T.);
#8477 = EDGE_LOOP('',(#8478,#8479,#8487));
#8478 = ORIENTED_EDGE('',*,*,#8456,.F.);
#8479 = ORIENTED_EDGE('',*,*,#8480,.T.);
#8480 = EDGE_CURVE('',#8435,#8481,#8483,.T.);
#8481 = VERTEX_POINT('',#8482);
#8482 = CARTESIAN_POINT('',(175.36199951171,59.647701263428,-1.));
#8483 = LINE('',#8484,#8485);
#8484 = CARTESIAN_POINT('',(175.53599548339,59.706600189209,-1.));
#8485 = VECTOR('',#8486,1.);
#8486 = DIRECTION('',(-0.947202774155,-0.320635158137,0.));
#8487 = ORIENTED_EDGE('',*,*,#8488,.T.);
#8488 = EDGE_CURVE('',#8481,#8457,#8489,.T.);
#8489 = LINE('',#8490,#8491);
#8490 = CARTESIAN_POINT('',(175.36199951171,59.647701263428,-1.));
#8491 = VECTOR('',#8492,1.);
#8492 = DIRECTION('',(0.,0.,1.));
#8493 = PLANE('',#8494);
#8494 = AXIS2_PLACEMENT_3D('',#8495,#8496,#8497);
#8495 = CARTESIAN_POINT('',(175.40749194115,59.663100787905,
    -4.381908239577E-02));
#8496 = DIRECTION('',(-0.320635158137,0.947202774155,4.929335097933E-18)
  );
#8497 = DIRECTION('',(0.947202774155,0.320635158137,0.));
#8498 = ADVANCED_FACE('',(#8499),#8516,.T.);
#8499 = FACE_BOUND('',#8500,.T.);
#8500 = EDGE_LOOP('',(#8501,#8509,#8515));
#8501 = ORIENTED_EDGE('',*,*,#8502,.T.);
#8502 = EDGE_CURVE('',#8481,#8503,#8505,.T.);
#8503 = VERTEX_POINT('',#8504);
#8504 = CARTESIAN_POINT('',(175.18299865722,59.611999511719,1.));
#8505 = LINE('',#8506,#8507);
#8506 = CARTESIAN_POINT('',(175.36199951171,59.647701263428,-1.));
#8507 = VECTOR('',#8508,1.);
#8508 = DIRECTION('',(-8.913001586329E-02,-1.777699723946E-02,
    0.995861345088));
#8509 = ORIENTED_EDGE('',*,*,#8510,.T.);
#8510 = EDGE_CURVE('',#8503,#8457,#8511,.T.);
#8511 = LINE('',#8512,#8513);
#8512 = CARTESIAN_POINT('',(175.18299865722,59.611999511719,1.));
#8513 = VECTOR('',#8514,1.);
#8514 = DIRECTION('',(0.980684231886,0.195597641425,0.));
#8515 = ORIENTED_EDGE('',*,*,#8488,.F.);
#8516 = PLANE('',#8517);
#8517 = AXIS2_PLACEMENT_3D('',#8518,#8519,#8520);
#8518 = CARTESIAN_POINT('',(175.31521150757,59.638369387826,
    4.355369620117E-02));
#8519 = DIRECTION('',(-0.195597641425,0.980684231886,-2.465413775943E-18
    ));
#8520 = DIRECTION('',(0.980684231886,0.195597641425,0.));
#8521 = ADVANCED_FACE('',(#8522),#8539,.T.);
#8522 = FACE_BOUND('',#8523,.T.);
#8523 = EDGE_LOOP('',(#8524,#8525,#8533));
#8524 = ORIENTED_EDGE('',*,*,#8502,.F.);
#8525 = ORIENTED_EDGE('',*,*,#8526,.T.);
#8526 = EDGE_CURVE('',#8481,#8527,#8529,.T.);
#8527 = VERTEX_POINT('',#8528);
#8528 = CARTESIAN_POINT('',(175.18299865722,59.611999511719,-1.));
#8529 = LINE('',#8530,#8531);
#8530 = CARTESIAN_POINT('',(175.36199951171,59.647701263428,-1.));
#8531 = VECTOR('',#8532,1.);
#8532 = DIRECTION('',(-0.980684231886,-0.195597641425,0.));
#8533 = ORIENTED_EDGE('',*,*,#8534,.T.);
#8534 = EDGE_CURVE('',#8527,#8503,#8535,.T.);
#8535 = LINE('',#8536,#8537);
#8536 = CARTESIAN_POINT('',(175.18299865722,59.611999511719,-1.));
#8537 = VECTOR('',#8538,1.);
#8538 = DIRECTION('',(0.,0.,1.));
#8539 = PLANE('',#8540);
#8540 = AXIS2_PLACEMENT_3D('',#8541,#8542,#8543);
#8541 = CARTESIAN_POINT('',(175.22978666136,59.621331387321,
    -4.355369620117E-02));
#8542 = DIRECTION('',(-0.195597641425,0.980684231886,2.465413775943E-18)
  );
#8543 = DIRECTION('',(0.980684231886,0.195597641425,0.));
#8544 = ADVANCED_FACE('',(#8545),#8562,.T.);
#8545 = FACE_BOUND('',#8546,.T.);
#8546 = EDGE_LOOP('',(#8547,#8555,#8561));
#8547 = ORIENTED_EDGE('',*,*,#8548,.T.);
#8548 = EDGE_CURVE('',#8527,#8549,#8551,.T.);
#8549 = VERTEX_POINT('',#8550);
#8550 = CARTESIAN_POINT('',(175.,59.599998474121,1.));
#8551 = LINE('',#8552,#8553);
#8552 = CARTESIAN_POINT('',(175.18299865722,59.611999511719,-1.));
#8553 = VECTOR('',#8554,1.);
#8554 = DIRECTION('',(-9.111706822477E-02,-5.975450192511E-03,
    0.995822260182));
#8555 = ORIENTED_EDGE('',*,*,#8556,.T.);
#8556 = EDGE_CURVE('',#8549,#8503,#8557,.T.);
#8557 = LINE('',#8558,#8559);
#8558 = CARTESIAN_POINT('',(175.,59.599998474121,1.));
#8559 = VECTOR('',#8560,1.);
#8560 = DIRECTION('',(0.997856548267,6.543935422428E-02,0.));
#8561 = ORIENTED_EDGE('',*,*,#8534,.F.);
#8562 = PLANE('',#8563);
#8563 = AXIS2_PLACEMENT_3D('',#8564,#8565,#8566);
#8564 = CARTESIAN_POINT('',(175.13515585582,59.608861984552,
    4.375030387171E-02));
#8565 = DIRECTION('',(-6.543935422428E-02,0.997856548267,
    1.249758531837E-18));
#8566 = DIRECTION('',(0.997856548267,6.543935422428E-02,0.));
#8567 = ADVANCED_FACE('',(#8568),#8585,.T.);
#8568 = FACE_BOUND('',#8569,.T.);
#8569 = EDGE_LOOP('',(#8570,#8571,#8579));
#8570 = ORIENTED_EDGE('',*,*,#8548,.F.);
#8571 = ORIENTED_EDGE('',*,*,#8572,.T.);
#8572 = EDGE_CURVE('',#8527,#8573,#8575,.T.);
#8573 = VERTEX_POINT('',#8574);
#8574 = CARTESIAN_POINT('',(175.,59.599998474121,-1.));
#8575 = LINE('',#8576,#8577);
#8576 = CARTESIAN_POINT('',(175.18299865722,59.611999511719,-1.));
#8577 = VECTOR('',#8578,1.);
#8578 = DIRECTION('',(-0.997856548267,-6.543935422428E-02,0.));
#8579 = ORIENTED_EDGE('',*,*,#8580,.T.);
#8580 = EDGE_CURVE('',#8573,#8549,#8581,.T.);
#8581 = LINE('',#8582,#8583);
#8582 = CARTESIAN_POINT('',(175.,59.599998474121,-1.));
#8583 = VECTOR('',#8584,1.);
#8584 = DIRECTION('',(0.,0.,1.));
#8585 = PLANE('',#8586);
#8586 = AXIS2_PLACEMENT_3D('',#8587,#8588,#8589);
#8587 = CARTESIAN_POINT('',(175.0478428014,59.603136001287,
    -4.375030387171E-02));
#8588 = DIRECTION('',(-6.543935422428E-02,0.997856548267,
    8.161372207561E-19));
#8589 = DIRECTION('',(0.997856548267,6.543935422428E-02,0.));
#8590 = ADVANCED_FACE('',(#8591),#8608,.T.);
#8591 = FACE_BOUND('',#8592,.T.);
#8592 = EDGE_LOOP('',(#8593,#8601,#8607));
#8593 = ORIENTED_EDGE('',*,*,#8594,.T.);
#8594 = EDGE_CURVE('',#8573,#8595,#8597,.T.);
#8595 = VERTEX_POINT('',#8596);
#8596 = CARTESIAN_POINT('',(174.81700134277,59.611999511719,1.));
#8597 = LINE('',#8598,#8599);
#8598 = CARTESIAN_POINT('',(175.,59.599998474121,-1.));
#8599 = VECTOR('',#8600,1.);
#8600 = DIRECTION('',(-9.111706822477E-02,5.975450192511E-03,
    0.995822260182));
#8601 = ORIENTED_EDGE('',*,*,#8602,.T.);
#8602 = EDGE_CURVE('',#8595,#8549,#8603,.T.);
#8603 = LINE('',#8604,#8605);
#8604 = CARTESIAN_POINT('',(174.81700134277,59.611999511719,1.));
#8605 = VECTOR('',#8606,1.);
#8606 = DIRECTION('',(0.997856548267,-6.543935422428E-02,0.));
#8607 = ORIENTED_EDGE('',*,*,#8580,.F.);
#8608 = PLANE('',#8609);
#8609 = AXIS2_PLACEMENT_3D('',#8610,#8611,#8612);
#8610 = CARTESIAN_POINT('',(174.95215719859,59.603136001287,
    4.375030387171E-02));
#8611 = DIRECTION('',(6.543935422428E-02,0.997856548267,
    -2.550854079086E-18));
#8612 = DIRECTION('',(0.997856548267,-6.543935422428E-02,0.));
#8613 = ADVANCED_FACE('',(#8614),#8631,.T.);
#8614 = FACE_BOUND('',#8615,.T.);
#8615 = EDGE_LOOP('',(#8616,#8617,#8625));
#8616 = ORIENTED_EDGE('',*,*,#8594,.F.);
#8617 = ORIENTED_EDGE('',*,*,#8618,.T.);
#8618 = EDGE_CURVE('',#8573,#8619,#8621,.T.);
#8619 = VERTEX_POINT('',#8620);
#8620 = CARTESIAN_POINT('',(174.81700134277,59.611999511719,-1.));
#8621 = LINE('',#8622,#8623);
#8622 = CARTESIAN_POINT('',(175.,59.599998474121,-1.));
#8623 = VECTOR('',#8624,1.);
#8624 = DIRECTION('',(-0.997856548267,6.543935422428E-02,0.));
#8625 = ORIENTED_EDGE('',*,*,#8626,.F.);
#8626 = EDGE_CURVE('',#8595,#8619,#8627,.T.);
#8627 = LINE('',#8628,#8629);
#8628 = CARTESIAN_POINT('',(174.81700134277,59.611999511719,1.));
#8629 = VECTOR('',#8630,1.);
#8630 = DIRECTION('',(0.,0.,-1.));
#8631 = PLANE('',#8632);
#8632 = AXIS2_PLACEMENT_3D('',#8633,#8634,#8635);
#8633 = CARTESIAN_POINT('',(174.86484414418,59.608861984552,
    -4.375030387171E-02));
#8634 = DIRECTION('',(6.543935422428E-02,0.997856548267,
    -1.683465870813E-18));
#8635 = DIRECTION('',(0.997856548267,-6.543935422428E-02,
    -2.407412430484E-35));
#8636 = ADVANCED_FACE('',(#8637),#8654,.T.);
#8637 = FACE_BOUND('',#8638,.T.);
#8638 = EDGE_LOOP('',(#8639,#8647,#8653));
#8639 = ORIENTED_EDGE('',*,*,#8640,.T.);
#8640 = EDGE_CURVE('',#8619,#8641,#8643,.T.);
#8641 = VERTEX_POINT('',#8642);
#8642 = CARTESIAN_POINT('',(174.63800048828,59.647701263428,1.));
#8643 = LINE('',#8644,#8645);
#8644 = CARTESIAN_POINT('',(174.81700134277,59.611999511719,-1.));
#8645 = VECTOR('',#8646,1.);
#8646 = DIRECTION('',(-8.913001586329E-02,1.777699723946E-02,
    0.995861345088));
#8647 = ORIENTED_EDGE('',*,*,#8648,.T.);
#8648 = EDGE_CURVE('',#8641,#8595,#8649,.T.);
#8649 = LINE('',#8650,#8651);
#8650 = CARTESIAN_POINT('',(174.63800048828,59.647701263428,1.));
#8651 = VECTOR('',#8652,1.);
#8652 = DIRECTION('',(0.980684231886,-0.195597641425,0.));
#8653 = ORIENTED_EDGE('',*,*,#8626,.T.);
#8654 = PLANE('',#8655);
#8655 = AXIS2_PLACEMENT_3D('',#8656,#8657,#8658);
#8656 = CARTESIAN_POINT('',(174.77021333863,59.621331387321,
    4.355369620117E-02));
#8657 = DIRECTION('',(0.195597641425,0.980684231886,-2.465413775943E-18)
  );
#8658 = DIRECTION('',(0.980684231886,-0.195597641425,0.));
#8659 = ADVANCED_FACE('',(#8660),#8677,.T.);
#8660 = FACE_BOUND('',#8661,.T.);
#8661 = EDGE_LOOP('',(#8662,#8663,#8671));
#8662 = ORIENTED_EDGE('',*,*,#8640,.F.);
#8663 = ORIENTED_EDGE('',*,*,#8664,.T.);
#8664 = EDGE_CURVE('',#8619,#8665,#8667,.T.);
#8665 = VERTEX_POINT('',#8666);
#8666 = CARTESIAN_POINT('',(174.63800048828,59.647701263428,-1.));
#8667 = LINE('',#8668,#8669);
#8668 = CARTESIAN_POINT('',(174.81700134277,59.611999511719,-1.));
#8669 = VECTOR('',#8670,1.);
#8670 = DIRECTION('',(-0.980684231886,0.195597641425,0.));
#8671 = ORIENTED_EDGE('',*,*,#8672,.F.);
#8672 = EDGE_CURVE('',#8641,#8665,#8673,.T.);
#8673 = LINE('',#8674,#8675);
#8674 = CARTESIAN_POINT('',(174.63800048828,59.647701263428,1.));
#8675 = VECTOR('',#8676,1.);
#8676 = DIRECTION('',(0.,0.,-1.));
#8677 = PLANE('',#8678);
#8678 = AXIS2_PLACEMENT_3D('',#8679,#8680,#8681);
#8679 = CARTESIAN_POINT('',(174.68478849242,59.638369387826,
    -4.355369620117E-02));
#8680 = DIRECTION('',(0.195597641425,0.980684231886,2.465413775943E-18)
  );
#8681 = DIRECTION('',(0.980684231886,-0.195597641425,0.));
#8682 = ADVANCED_FACE('',(#8683),#8700,.T.);
#8683 = FACE_BOUND('',#8684,.T.);
#8684 = EDGE_LOOP('',(#8685,#8693,#8699));
#8685 = ORIENTED_EDGE('',*,*,#8686,.T.);
#8686 = EDGE_CURVE('',#8665,#8687,#8689,.T.);
#8687 = VERTEX_POINT('',#8688);
#8688 = CARTESIAN_POINT('',(174.4640045166,59.706600189209,1.));
#8689 = LINE('',#8690,#8691);
#8690 = CARTESIAN_POINT('',(174.63800048828,59.647701263428,-1.));
#8691 = VECTOR('',#8692,1.);
#8692 = DIRECTION('',(-8.66333372924E-02,2.932602665515E-02,
    0.995808540348));
#8693 = ORIENTED_EDGE('',*,*,#8694,.T.);
#8694 = EDGE_CURVE('',#8687,#8641,#8695,.T.);
#8695 = LINE('',#8696,#8697);
#8696 = CARTESIAN_POINT('',(174.4640045166,59.706600189209,1.));
#8697 = VECTOR('',#8698,1.);
#8698 = DIRECTION('',(0.947202774155,-0.320635158137,0.));
#8699 = ORIENTED_EDGE('',*,*,#8672,.T.);
#8700 = PLANE('',#8701);
#8701 = AXIS2_PLACEMENT_3D('',#8702,#8703,#8704);
#8702 = CARTESIAN_POINT('',(174.59250805884,59.663100787905,
    4.381908239577E-02));
#8703 = DIRECTION('',(0.320635158137,0.947202774155,-4.929335097933E-18)
  );
#8704 = DIRECTION('',(0.947202774155,-0.320635158137,0.));
#8705 = ADVANCED_FACE('',(#8706),#8723,.T.);
#8706 = FACE_BOUND('',#8707,.T.);
#8707 = EDGE_LOOP('',(#8708,#8709,#8717));
#8708 = ORIENTED_EDGE('',*,*,#8686,.F.);
#8709 = ORIENTED_EDGE('',*,*,#8710,.T.);
#8710 = EDGE_CURVE('',#8665,#8711,#8713,.T.);
#8711 = VERTEX_POINT('',#8712);
#8712 = CARTESIAN_POINT('',(174.4640045166,59.706600189209,-1.));
#8713 = LINE('',#8714,#8715);
#8714 = CARTESIAN_POINT('',(174.63800048828,59.647701263428,-1.));
#8715 = VECTOR('',#8716,1.);
#8716 = DIRECTION('',(-0.947202774155,0.320635158137,0.));
#8717 = ORIENTED_EDGE('',*,*,#8718,.F.);
#8718 = EDGE_CURVE('',#8687,#8711,#8719,.T.);
#8719 = LINE('',#8720,#8721);
#8720 = CARTESIAN_POINT('',(174.4640045166,59.706600189209,1.));
#8721 = VECTOR('',#8722,1.);
#8722 = DIRECTION('',(0.,0.,-1.));
#8723 = PLANE('',#8724);
#8724 = AXIS2_PLACEMENT_3D('',#8725,#8726,#8727);
#8725 = CARTESIAN_POINT('',(174.50949694603,59.691200664732,
    -4.381908239577E-02));
#8726 = DIRECTION('',(0.320635158137,0.947202774155,0.));
#8727 = DIRECTION('',(0.947202774155,-0.320635158137,0.));
#8728 = ADVANCED_FACE('',(#8729),#8746,.T.);
#8729 = FACE_BOUND('',#8730,.T.);
#8730 = EDGE_LOOP('',(#8731,#8739,#8745));
#8731 = ORIENTED_EDGE('',*,*,#8732,.T.);
#8732 = EDGE_CURVE('',#8711,#8733,#8735,.T.);
#8733 = VERTEX_POINT('',#8734);
#8734 = CARTESIAN_POINT('',(174.30000305175,59.787601470947,1.));
#8735 = LINE('',#8736,#8737);
#8736 = CARTESIAN_POINT('',(174.4640045166,59.706600189209,-1.));
#8737 = VECTOR('',#8738,1.);
#8738 = DIRECTION('',(-8.165992456705E-02,4.033231387832E-02,
    0.995843843771));
#8739 = ORIENTED_EDGE('',*,*,#8740,.T.);
#8740 = EDGE_CURVE('',#8733,#8687,#8741,.T.);
#8741 = LINE('',#8742,#8743);
#8742 = CARTESIAN_POINT('',(174.30000305175,59.787601470947,1.));
#8743 = VECTOR('',#8744,1.);
#8744 = DIRECTION('',(0.896602123108,-0.442837027402,0.));
#8745 = ORIENTED_EDGE('',*,*,#8718,.T.);
#8746 = PLANE('',#8747);
#8747 = AXIS2_PLACEMENT_3D('',#8748,#8749,#8750);
#8748 = CARTESIAN_POINT('',(174.42113316503,59.727774600243,
    4.364185612062E-02));
#8749 = DIRECTION('',(0.442837027402,0.896602123108,4.930331538109E-18)
  );
#8750 = DIRECTION('',(0.896602123108,-0.442837027402,0.));
#8751 = ADVANCED_FACE('',(#8752),#8769,.T.);
#8752 = FACE_BOUND('',#8753,.T.);
#8753 = EDGE_LOOP('',(#8754,#8755,#8763));
#8754 = ORIENTED_EDGE('',*,*,#8732,.F.);
#8755 = ORIENTED_EDGE('',*,*,#8756,.T.);
#8756 = EDGE_CURVE('',#8711,#8757,#8759,.T.);
#8757 = VERTEX_POINT('',#8758);
#8758 = CARTESIAN_POINT('',(174.30000305175,59.787601470947,-1.));
#8759 = LINE('',#8760,#8761);
#8760 = CARTESIAN_POINT('',(174.4640045166,59.706600189209,-1.));
#8761 = VECTOR('',#8762,1.);
#8762 = DIRECTION('',(-0.896602123108,0.442837027402,0.));
#8763 = ORIENTED_EDGE('',*,*,#8764,.F.);
#8764 = EDGE_CURVE('',#8733,#8757,#8765,.T.);
#8765 = LINE('',#8766,#8767);
#8766 = CARTESIAN_POINT('',(174.30000305175,59.787601470947,1.));
#8767 = VECTOR('',#8768,1.);
#8768 = DIRECTION('',(0.,0.,-1.));
#8769 = PLANE('',#8770);
#8770 = AXIS2_PLACEMENT_3D('',#8771,#8772,#8773);
#8771 = CARTESIAN_POINT('',(174.34287440332,59.766427059913,
    -4.364185612062E-02));
#8772 = DIRECTION('',(0.442837027402,0.896602123108,4.930331538109E-18)
  );
#8773 = DIRECTION('',(0.896602123108,-0.442837027402,0.));
#8774 = ADVANCED_FACE('',(#8775),#8792,.T.);
#8775 = FACE_BOUND('',#8776,.T.);
#8776 = EDGE_LOOP('',(#8777,#8785,#8791));
#8777 = ORIENTED_EDGE('',*,*,#8778,.T.);
#8778 = EDGE_CURVE('',#8757,#8779,#8781,.T.);
#8779 = VERTEX_POINT('',#8780);
#8780 = CARTESIAN_POINT('',(174.14799499511,59.889301300049,1.));
#8781 = LINE('',#8782,#8783);
#8782 = CARTESIAN_POINT('',(174.30000305175,59.787601470947,-1.));
#8783 = VECTOR('',#8784,1.);
#8784 = DIRECTION('',(-7.568822236408E-02,5.063862698822E-02,
    0.99584487871));
#8785 = ORIENTED_EDGE('',*,*,#8786,.T.);
#8786 = EDGE_CURVE('',#8779,#8733,#8787,.T.);
#8787 = LINE('',#8788,#8789);
#8788 = CARTESIAN_POINT('',(174.14799499511,59.889301300049,1.));
#8789 = VECTOR('',#8790,1.);
#8790 = DIRECTION('',(0.831137850136,-0.556066429548,0.));
#8791 = ORIENTED_EDGE('',*,*,#8764,.T.);
#8792 = PLANE('',#8793);
#8793 = AXIS2_PLACEMENT_3D('',#8794,#8795,#8796);
#8794 = CARTESIAN_POINT('',(174.26026709356,59.814186510234,
    4.363664838298E-02));
#8795 = DIRECTION('',(0.556066429548,0.831137850136,4.930360832069E-18)
  );
#8796 = DIRECTION('',(0.831137850136,-0.556066429548,3.851859888774E-34)
  );
#8797 = ADVANCED_FACE('',(#8798),#8815,.T.);
#8798 = FACE_BOUND('',#8799,.T.);
#8799 = EDGE_LOOP('',(#8800,#8801,#8809));
#8800 = ORIENTED_EDGE('',*,*,#8778,.F.);
#8801 = ORIENTED_EDGE('',*,*,#8802,.T.);
#8802 = EDGE_CURVE('',#8757,#8803,#8805,.T.);
#8803 = VERTEX_POINT('',#8804);
#8804 = CARTESIAN_POINT('',(174.14799499511,59.889301300049,-1.));
#8805 = LINE('',#8806,#8807);
#8806 = CARTESIAN_POINT('',(174.30000305175,59.787601470947,-1.));
#8807 = VECTOR('',#8808,1.);
#8808 = DIRECTION('',(-0.831137850136,0.556066429548,0.));
#8809 = ORIENTED_EDGE('',*,*,#8810,.T.);
#8810 = EDGE_CURVE('',#8803,#8779,#8811,.T.);
#8811 = LINE('',#8812,#8813);
#8812 = CARTESIAN_POINT('',(174.14799499511,59.889301300049,-1.));
#8813 = VECTOR('',#8814,1.);
#8814 = DIRECTION('',(0.,0.,1.));
#8815 = PLANE('',#8816);
#8816 = AXIS2_PLACEMENT_3D('',#8817,#8818,#8819);
#8817 = CARTESIAN_POINT('',(174.18773095331,59.862716260762,
    -4.363664838298E-02));
#8818 = DIRECTION('',(0.556066429548,0.831137850136,-4.930360832069E-18)
  );
#8819 = DIRECTION('',(0.831137850136,-0.556066429548,0.));
#8820 = ADVANCED_FACE('',(#8821),#8838,.T.);
#8821 = FACE_BOUND('',#8822,.T.);
#8822 = EDGE_LOOP('',(#8823,#8831,#8837));
#8823 = ORIENTED_EDGE('',*,*,#8824,.T.);
#8824 = EDGE_CURVE('',#8803,#8825,#8827,.T.);
#8825 = VERTEX_POINT('',#8826);
#8826 = CARTESIAN_POINT('',(174.00999450683,60.010101318359,1.));
#8827 = LINE('',#8828,#8829);
#8828 = CARTESIAN_POINT('',(174.14799499511,59.889301300049,-1.));
#8829 = VECTOR('',#8830,1.);
#8830 = DIRECTION('',(-6.871194291064E-02,6.014764197676E-02,
    0.995821736088));
#8831 = ORIENTED_EDGE('',*,*,#8832,.T.);
#8832 = EDGE_CURVE('',#8825,#8779,#8833,.T.);
#8833 = LINE('',#8834,#8835);
#8834 = CARTESIAN_POINT('',(174.00999450683,60.010101318359,1.));
#8835 = VECTOR('',#8836,1.);
#8836 = DIRECTION('',(0.752442678813,-0.658657737449,0.));
#8837 = ORIENTED_EDGE('',*,*,#8810,.F.);
#8838 = PLANE('',#8839);
#8839 = AXIS2_PLACEMENT_3D('',#8840,#8841,#8842);
#8840 = CARTESIAN_POINT('',(174.11191632541,59.920883101064,
    4.375293343067E-02));
#8841 = DIRECTION('',(0.658657737449,0.752442678813,0.));
#8842 = DIRECTION('',(0.752442678813,-0.658657737449,0.));
#8843 = ADVANCED_FACE('',(#8844),#8861,.T.);
#8844 = FACE_BOUND('',#8845,.T.);
#8845 = EDGE_LOOP('',(#8846,#8847,#8855));
#8846 = ORIENTED_EDGE('',*,*,#8824,.F.);
#8847 = ORIENTED_EDGE('',*,*,#8848,.T.);
#8848 = EDGE_CURVE('',#8803,#8849,#8851,.T.);
#8849 = VERTEX_POINT('',#8850);
#8850 = CARTESIAN_POINT('',(174.00999450683,60.010101318359,-1.));
#8851 = LINE('',#8852,#8853);
#8852 = CARTESIAN_POINT('',(174.14799499511,59.889301300049,-1.));
#8853 = VECTOR('',#8854,1.);
#8854 = DIRECTION('',(-0.752442678813,0.658657737449,0.));
#8855 = ORIENTED_EDGE('',*,*,#8856,.F.);
#8856 = EDGE_CURVE('',#8825,#8849,#8857,.T.);
#8857 = LINE('',#8858,#8859);
#8858 = CARTESIAN_POINT('',(174.00999450683,60.010101318359,1.));
#8859 = VECTOR('',#8860,1.);
#8860 = DIRECTION('',(0.,0.,-1.));
#8861 = PLANE('',#8862);
#8862 = AXIS2_PLACEMENT_3D('',#8863,#8864,#8865);
#8863 = CARTESIAN_POINT('',(174.04607317654,59.978519517344,
    -4.375293343067E-02));
#8864 = DIRECTION('',(0.658657737449,0.752442678813,-9.859413815399E-18)
  );
#8865 = DIRECTION('',(0.752442678813,-0.658657737449,0.));
#8866 = ADVANCED_FACE('',(#8867),#8893,.T.);
#8867 = FACE_BOUND('',#8868,.T.);
#8868 = EDGE_LOOP('',(#8869,#8879,#8887));
#8869 = ORIENTED_EDGE('',*,*,#8870,.T.);
#8870 = EDGE_CURVE('',#8871,#8873,#8875,.T.);
#8871 = VERTEX_POINT('',#8872);
#8872 = CARTESIAN_POINT('',(174.00999450683,61.990001678467,-1.));
#8873 = VERTEX_POINT('',#8874);
#8874 = CARTESIAN_POINT('',(174.14799499511,62.110698699951,1.));
#8875 = LINE('',#8876,#8877);
#8876 = CARTESIAN_POINT('',(174.00999450683,61.990001678467,-1.));
#8877 = VECTOR('',#8878,1.);
#8878 = DIRECTION('',(6.871215476778E-02,6.009654403064E-02,
    0.995824806471));
#8879 = ORIENTED_EDGE('',*,*,#8880,.T.);
#8880 = EDGE_CURVE('',#8873,#8881,#8883,.T.);
#8881 = VERTEX_POINT('',#8882);
#8882 = CARTESIAN_POINT('',(174.00999450683,61.990001678467,1.));
#8883 = LINE('',#8884,#8885);
#8884 = CARTESIAN_POINT('',(174.14799499511,62.110698699951,1.));
#8885 = VECTOR('',#8886,1.);
#8886 = DIRECTION('',(-0.752721038037,-0.658339607571,0.));
#8887 = ORIENTED_EDGE('',*,*,#8888,.T.);
#8888 = EDGE_CURVE('',#8881,#8871,#8889,.T.);
#8889 = LINE('',#8890,#8891);
#8890 = CARTESIAN_POINT('',(174.00999450683,61.990001678467,1.));
#8891 = VECTOR('',#8892,1.);
#8892 = DIRECTION('',(0.,0.,-1.));
#8893 = PLANE('',#8894);
#8894 = AXIS2_PLACEMENT_3D('',#8895,#8896,#8897);
#8895 = CARTESIAN_POINT('',(174.04607259522,62.021556043698,
    4.373752570778E-02));
#8896 = DIRECTION('',(0.658339607571,-0.752721038037,-0.));
#8897 = DIRECTION('',(-0.752721038037,-0.658339607571,0.));
#8898 = ADVANCED_FACE('',(#8899),#8916,.T.);
#8899 = FACE_BOUND('',#8900,.T.);
#8900 = EDGE_LOOP('',(#8901,#8902,#8910));
#8901 = ORIENTED_EDGE('',*,*,#8870,.F.);
#8902 = ORIENTED_EDGE('',*,*,#8903,.T.);
#8903 = EDGE_CURVE('',#8871,#8904,#8906,.T.);
#8904 = VERTEX_POINT('',#8905);
#8905 = CARTESIAN_POINT('',(174.14799499511,62.110698699951,-1.));
#8906 = LINE('',#8907,#8908);
#8907 = CARTESIAN_POINT('',(174.00999450683,61.990001678467,-1.));
#8908 = VECTOR('',#8909,1.);
#8909 = DIRECTION('',(0.752721038037,0.658339607571,0.));
#8910 = ORIENTED_EDGE('',*,*,#8911,.T.);
#8911 = EDGE_CURVE('',#8904,#8873,#8912,.T.);
#8912 = LINE('',#8913,#8914);
#8913 = CARTESIAN_POINT('',(174.14799499511,62.110698699951,-1.));
#8914 = VECTOR('',#8915,1.);
#8915 = DIRECTION('',(0.,0.,1.));
#8916 = PLANE('',#8917);
#8917 = AXIS2_PLACEMENT_3D('',#8918,#8919,#8920);
#8918 = CARTESIAN_POINT('',(174.11191690672,62.07914433472,
    -4.373752570778E-02));
#8919 = DIRECTION('',(0.658339607571,-0.752721038037,-0.));
#8920 = DIRECTION('',(-0.752721038037,-0.658339607571,0.));
#8921 = ADVANCED_FACE('',(#8922),#8939,.T.);
#8922 = FACE_BOUND('',#8923,.T.);
#8923 = EDGE_LOOP('',(#8924,#8932,#8933));
#8924 = ORIENTED_EDGE('',*,*,#8925,.T.);
#8925 = EDGE_CURVE('',#8926,#8871,#8928,.T.);
#8926 = VERTEX_POINT('',#8927);
#8927 = CARTESIAN_POINT('',(173.88900756835,61.852298736572,1.));
#8928 = LINE('',#8929,#8930);
#8929 = CARTESIAN_POINT('',(173.88900756835,61.852298736572,1.));
#8930 = VECTOR('',#8931,1.);
#8931 = DIRECTION('',(6.024098665368E-02,6.856410443386E-02,
    -0.995826283601));
#8932 = ORIENTED_EDGE('',*,*,#8888,.F.);
#8933 = ORIENTED_EDGE('',*,*,#8934,.T.);
#8934 = EDGE_CURVE('',#8881,#8926,#8935,.T.);
#8935 = LINE('',#8936,#8937);
#8936 = CARTESIAN_POINT('',(174.00999450683,61.990001678467,1.));
#8937 = VECTOR('',#8938,1.);
#8938 = DIRECTION('',(-0.660038455858,-0.751231812951,0.));
#8939 = PLANE('',#8940);
#8940 = AXIS2_PLACEMENT_3D('',#8941,#8942,#8943);
#8941 = CARTESIAN_POINT('',(173.97836459255,61.954001658106,
    4.373011102563E-02));
#8942 = DIRECTION('',(0.751231812951,-0.660038455858,0.));
#8943 = DIRECTION('',(0.660038455858,0.751231812951,0.));
#8944 = ADVANCED_FACE('',(#8945),#8962,.T.);
#8945 = FACE_BOUND('',#8946,.T.);
#8946 = EDGE_LOOP('',(#8947,#8948,#8956));
#8947 = ORIENTED_EDGE('',*,*,#8925,.F.);
#8948 = ORIENTED_EDGE('',*,*,#8949,.F.);
#8949 = EDGE_CURVE('',#8950,#8926,#8952,.T.);
#8950 = VERTEX_POINT('',#8951);
#8951 = CARTESIAN_POINT('',(173.88900756835,61.852298736572,-1.));
#8952 = LINE('',#8953,#8954);
#8953 = CARTESIAN_POINT('',(173.88900756835,61.852298736572,-1.));
#8954 = VECTOR('',#8955,1.);
#8955 = DIRECTION('',(0.,0.,1.));
#8956 = ORIENTED_EDGE('',*,*,#8957,.T.);
#8957 = EDGE_CURVE('',#8950,#8871,#8958,.T.);
#8958 = LINE('',#8959,#8960);
#8959 = CARTESIAN_POINT('',(173.88900756835,61.852298736572,-1.));
#8960 = VECTOR('',#8961,1.);
#8961 = DIRECTION('',(0.660038455858,0.751231812951,0.));
#8962 = PLANE('',#8963);
#8963 = AXIS2_PLACEMENT_3D('',#8964,#8965,#8966);
#8964 = CARTESIAN_POINT('',(173.92063748264,61.888298756933,
    -4.373011102563E-02));
#8965 = DIRECTION('',(0.751231812951,-0.660038455858,-9.85967043485E-18)
  );
#8966 = DIRECTION('',(0.660038455858,0.751231812951,0.));
#8967 = ADVANCED_FACE('',(#8968),#8983,.T.);
#8968 = FACE_BOUND('',#8969,.T.);
#8969 = EDGE_LOOP('',(#8970,#8976,#8977));
#8970 = ORIENTED_EDGE('',*,*,#8971,.T.);
#8971 = EDGE_CURVE('',#4476,#8950,#8972,.T.);
#8972 = LINE('',#8973,#8974);
#8973 = CARTESIAN_POINT('',(173.78799438476,61.700000762939,1.));
#8974 = VECTOR('',#8975,1.);
#8975 = DIRECTION('',(5.029704857113E-02,7.583305767197E-02,
    -0.995851170742));
#8976 = ORIENTED_EDGE('',*,*,#8949,.T.);
#8977 = ORIENTED_EDGE('',*,*,#8978,.T.);
#8978 = EDGE_CURVE('',#8926,#4476,#8979,.T.);
#8979 = LINE('',#8980,#8981);
#8980 = CARTESIAN_POINT('',(173.88900756835,61.852298736572,1.));
#8981 = VECTOR('',#8982,1.);
#8982 = DIRECTION('',(-0.552733317721,-0.833358193984,0.));
#8983 = PLANE('',#8984);
#8984 = AXIS2_PLACEMENT_3D('',#8985,#8986,#8987);
#8985 = CARTESIAN_POINT('',(173.86260289752,61.812488310648,
    4.360497221279E-02));
#8986 = DIRECTION('',(0.833358193984,-0.552733317721,0.));
#8987 = DIRECTION('',(0.552733317721,0.833358193984,0.));
#8988 = ADVANCED_FACE('',(#8989),#9006,.T.);
#8989 = FACE_BOUND('',#8990,.T.);
#8990 = EDGE_LOOP('',(#8991,#8992,#9000));
#8991 = ORIENTED_EDGE('',*,*,#8971,.F.);
#8992 = ORIENTED_EDGE('',*,*,#8993,.T.);
#8993 = EDGE_CURVE('',#4476,#8994,#8996,.T.);
#8994 = VERTEX_POINT('',#8995);
#8995 = CARTESIAN_POINT('',(173.78799438476,61.700000762939,-1.));
#8996 = LINE('',#8997,#8998);
#8997 = CARTESIAN_POINT('',(173.78799438476,61.700000762939,1.));
#8998 = VECTOR('',#8999,1.);
#8999 = DIRECTION('',(0.,0.,-1.));
#9000 = ORIENTED_EDGE('',*,*,#9001,.T.);
#9001 = EDGE_CURVE('',#8994,#8950,#9002,.T.);
#9002 = LINE('',#9003,#9004);
#9003 = CARTESIAN_POINT('',(173.78799438476,61.700000762939,-1.));
#9004 = VECTOR('',#9005,1.);
#9005 = DIRECTION('',(0.552733317721,0.833358193984,0.));
#9006 = PLANE('',#9007);
#9007 = AXIS2_PLACEMENT_3D('',#9008,#9009,#9010);
#9008 = CARTESIAN_POINT('',(173.8143990556,61.739811188864,
    -4.360497221279E-02));
#9009 = DIRECTION('',(0.833358193984,-0.552733317721,0.));
#9010 = DIRECTION('',(0.552733317721,0.833358193984,0.));
#9011 = ADVANCED_FACE('',(#9012),#9029,.T.);
#9012 = FACE_BOUND('',#9013,.T.);
#9013 = EDGE_LOOP('',(#9014,#9022,#9023));
#9014 = ORIENTED_EDGE('',*,*,#9015,.T.);
#9015 = EDGE_CURVE('',#9016,#8994,#9018,.T.);
#9016 = VERTEX_POINT('',#9017);
#9017 = CARTESIAN_POINT('',(173.70700073242,61.535800933838,1.));
#9018 = LINE('',#9019,#9020);
#9019 = CARTESIAN_POINT('',(173.70700073242,61.535800933838,1.));
#9020 = VECTOR('',#9021,1.);
#9021 = DIRECTION('',(4.03281957499E-02,8.175804718627E-02,
    -0.995835959558));
#9022 = ORIENTED_EDGE('',*,*,#8993,.F.);
#9023 = ORIENTED_EDGE('',*,*,#9024,.T.);
#9024 = EDGE_CURVE('',#4476,#9016,#9025,.T.);
#9025 = LINE('',#9026,#9027);
#9026 = CARTESIAN_POINT('',(173.78799438476,61.700000762939,1.));
#9027 = VECTOR('',#9028,1.);
#9028 = DIRECTION('',(-0.442373294657,-0.89683101428,0.));
#9029 = PLANE('',#9030);
#9030 = AXIS2_PLACEMENT_3D('',#9031,#9032,#9033);
#9031 = CARTESIAN_POINT('',(173.76682109029,61.657075777665,
    4.368150593861E-02));
#9032 = DIRECTION('',(0.89683101428,-0.442373294657,0.));
#9033 = DIRECTION('',(0.442373294657,0.89683101428,0.));
#9034 = ADVANCED_FACE('',(#9035),#9052,.T.);
#9035 = FACE_BOUND('',#9036,.T.);
#9036 = EDGE_LOOP('',(#9037,#9038,#9046));
#9037 = ORIENTED_EDGE('',*,*,#9015,.F.);
#9038 = ORIENTED_EDGE('',*,*,#9039,.F.);
#9039 = EDGE_CURVE('',#9040,#9016,#9042,.T.);
#9040 = VERTEX_POINT('',#9041);
#9041 = CARTESIAN_POINT('',(173.70700073242,61.535800933838,-1.));
#9042 = LINE('',#9043,#9044);
#9043 = CARTESIAN_POINT('',(173.70700073242,61.535800933838,-1.));
#9044 = VECTOR('',#9045,1.);
#9045 = DIRECTION('',(0.,0.,1.));
#9046 = ORIENTED_EDGE('',*,*,#9047,.T.);
#9047 = EDGE_CURVE('',#9040,#8994,#9048,.T.);
#9048 = LINE('',#9049,#9050);
#9049 = CARTESIAN_POINT('',(173.70700073242,61.535800933838,-1.));
#9050 = VECTOR('',#9051,1.);
#9051 = DIRECTION('',(0.442373294657,0.89683101428,0.));
#9052 = PLANE('',#9053);
#9053 = AXIS2_PLACEMENT_3D('',#9054,#9055,#9056);
#9054 = CARTESIAN_POINT('',(173.72817402689,61.578725919112,
    -4.368150593861E-02));
#9055 = DIRECTION('',(0.89683101428,-0.442373294657,4.930108530561E-18)
  );
#9056 = DIRECTION('',(0.442373294657,0.89683101428,0.));
#9057 = ADVANCED_FACE('',(#9058),#9075,.T.);
#9058 = FACE_BOUND('',#9059,.T.);
#9059 = EDGE_LOOP('',(#9060,#9068,#9069));
#9060 = ORIENTED_EDGE('',*,*,#9061,.T.);
#9061 = EDGE_CURVE('',#9062,#9040,#9064,.T.);
#9062 = VERTEX_POINT('',#9063);
#9063 = CARTESIAN_POINT('',(173.64799499511,61.362300872803,1.));
#9064 = LINE('',#9065,#9066);
#9065 = CARTESIAN_POINT('',(173.64799499511,61.362300872803,1.));
#9066 = VECTOR('',#9067,1.);
#9067 = DIRECTION('',(2.937979028402E-02,8.638813173634E-02,
    -0.995828257592));
#9068 = ORIENTED_EDGE('',*,*,#9039,.T.);
#9069 = ORIENTED_EDGE('',*,*,#9070,.T.);
#9070 = EDGE_CURVE('',#9016,#9062,#9071,.T.);
#9071 = LINE('',#9072,#9073);
#9072 = CARTESIAN_POINT('',(173.70700073242,61.535800933838,1.));
#9073 = VECTOR('',#9074,1.);
#9074 = DIRECTION('',(-0.321979606785,-0.946746604332,0.));
#9075 = PLANE('',#9076);
#9076 = AXIS2_PLACEMENT_3D('',#9077,#9078,#9079);
#9077 = CARTESIAN_POINT('',(173.69157487659,61.490442854266,
    4.372020005803E-02));
#9078 = DIRECTION('',(0.946746604332,-0.321979606785,0.));
#9079 = DIRECTION('',(0.321979606785,0.946746604332,0.));
#9080 = ADVANCED_FACE('',(#9081),#9098,.T.);
#9081 = FACE_BOUND('',#9082,.T.);
#9082 = EDGE_LOOP('',(#9083,#9084,#9092));
#9083 = ORIENTED_EDGE('',*,*,#9061,.F.);
#9084 = ORIENTED_EDGE('',*,*,#9085,.T.);
#9085 = EDGE_CURVE('',#9062,#9086,#9088,.T.);
#9086 = VERTEX_POINT('',#9087);
#9087 = CARTESIAN_POINT('',(173.64799499511,61.362300872803,-1.));
#9088 = LINE('',#9089,#9090);
#9089 = CARTESIAN_POINT('',(173.64799499511,61.362300872803,1.));
#9090 = VECTOR('',#9091,1.);
#9091 = DIRECTION('',(0.,0.,-1.));
#9092 = ORIENTED_EDGE('',*,*,#9093,.T.);
#9093 = EDGE_CURVE('',#9086,#9040,#9094,.T.);
#9094 = LINE('',#9095,#9096);
#9095 = CARTESIAN_POINT('',(173.64799499511,61.362300872803,-1.));
#9096 = VECTOR('',#9097,1.);
#9097 = DIRECTION('',(0.321979606785,0.946746604332,0.));
#9098 = PLANE('',#9099);
#9099 = AXIS2_PLACEMENT_3D('',#9100,#9101,#9102);
#9100 = CARTESIAN_POINT('',(173.66342085094,61.407658952375,
    -4.372020005803E-02));
#9101 = DIRECTION('',(0.946746604332,-0.321979606785,4.929890942565E-18)
  );
#9102 = DIRECTION('',(0.321979606785,0.946746604332,0.));
#9103 = ADVANCED_FACE('',(#9104),#9121,.T.);
#9104 = FACE_BOUND('',#9105,.T.);
#9105 = EDGE_LOOP('',(#9106,#9114,#9115));
#9106 = ORIENTED_EDGE('',*,*,#9107,.T.);
#9107 = EDGE_CURVE('',#9108,#9086,#9110,.T.);
#9108 = VERTEX_POINT('',#9109);
#9109 = CARTESIAN_POINT('',(173.61199951171,61.18270111084,1.));
#9110 = LINE('',#9111,#9112);
#9111 = CARTESIAN_POINT('',(173.61199951171,61.18270111084,1.));
#9112 = VECTOR('',#9113,1.);
#9113 = DIRECTION('',(1.792273129296E-02,8.942561593935E-02,
    -0.995832232315));
#9114 = ORIENTED_EDGE('',*,*,#9085,.F.);
#9115 = ORIENTED_EDGE('',*,*,#9116,.T.);
#9116 = EDGE_CURVE('',#9062,#9108,#9117,.T.);
#9117 = LINE('',#9118,#9119);
#9118 = CARTESIAN_POINT('',(173.64799499511,61.362300872803,1.));
#9119 = VECTOR('',#9120,1.);
#9120 = DIRECTION('',(-0.196512611029,-0.980501297147,0.));
#9121 = PLANE('',#9122);
#9122 = AXIS2_PLACEMENT_3D('',#9123,#9124,#9125);
#9123 = CARTESIAN_POINT('',(173.63858490092,61.315349130066,
    4.370023616439E-02));
#9124 = DIRECTION('',(0.980501297147,-0.196512611029,-4.930003199731E-18
    ));
#9125 = DIRECTION('',(0.196512611029,0.980501297147,0.));
#9126 = ADVANCED_FACE('',(#9127),#9144,.T.);
#9127 = FACE_BOUND('',#9128,.T.);
#9128 = EDGE_LOOP('',(#9129,#9130,#9138));
#9129 = ORIENTED_EDGE('',*,*,#9107,.F.);
#9130 = ORIENTED_EDGE('',*,*,#9131,.T.);
#9131 = EDGE_CURVE('',#9108,#9132,#9134,.T.);
#9132 = VERTEX_POINT('',#9133);
#9133 = CARTESIAN_POINT('',(173.61199951171,61.18270111084,-1.));
#9134 = LINE('',#9135,#9136);
#9135 = CARTESIAN_POINT('',(173.61199951171,61.18270111084,1.));
#9136 = VECTOR('',#9137,1.);
#9137 = DIRECTION('',(0.,0.,-1.));
#9138 = ORIENTED_EDGE('',*,*,#9139,.T.);
#9139 = EDGE_CURVE('',#9132,#9086,#9140,.T.);
#9140 = LINE('',#9141,#9142);
#9141 = CARTESIAN_POINT('',(173.61199951171,61.18270111084,-1.));
#9142 = VECTOR('',#9143,1.);
#9143 = DIRECTION('',(0.196512611029,0.980501297147,0.));
#9144 = PLANE('',#9145);
#9145 = AXIS2_PLACEMENT_3D('',#9146,#9147,#9148);
#9146 = CARTESIAN_POINT('',(173.6214096059,61.229652853576,
    -4.370023616439E-02));
#9147 = DIRECTION('',(0.980501297147,-0.196512611029,7.395004799596E-18)
  );
#9148 = DIRECTION('',(0.196512611029,0.980501297147,0.));
#9149 = ADVANCED_FACE('',(#9150),#9167,.T.);
#9150 = FACE_BOUND('',#9151,.T.);
#9151 = EDGE_LOOP('',(#9152,#9160,#9166));
#9152 = ORIENTED_EDGE('',*,*,#9153,.T.);
#9153 = EDGE_CURVE('',#8904,#9154,#9156,.T.);
#9154 = VERTEX_POINT('',#9155);
#9155 = CARTESIAN_POINT('',(174.30000305175,62.212398529053,1.));
#9156 = LINE('',#9157,#9158);
#9157 = CARTESIAN_POINT('',(174.14799499511,62.110698699951,-1.));
#9158 = VECTOR('',#9159,1.);
#9159 = DIRECTION('',(7.568822236408E-02,5.063862698822E-02,
    0.99584487871));
#9160 = ORIENTED_EDGE('',*,*,#9161,.T.);
#9161 = EDGE_CURVE('',#9154,#8873,#9162,.T.);
#9162 = LINE('',#9163,#9164);
#9163 = CARTESIAN_POINT('',(174.30000305175,62.212398529053,1.));
#9164 = VECTOR('',#9165,1.);
#9165 = DIRECTION('',(-0.831137850136,-0.556066429548,0.));
#9166 = ORIENTED_EDGE('',*,*,#8911,.F.);
#9167 = PLANE('',#9168);
#9168 = AXIS2_PLACEMENT_3D('',#9169,#9170,#9171);
#9169 = CARTESIAN_POINT('',(174.18773095331,62.137283739238,
    4.363664838298E-02));
#9170 = DIRECTION('',(0.556066429548,-0.831137850136,4.930360832069E-18)
  );
#9171 = DIRECTION('',(-0.831137850136,-0.556066429548,0.));
#9172 = ADVANCED_FACE('',(#9173),#9190,.T.);
#9173 = FACE_BOUND('',#9174,.T.);
#9174 = EDGE_LOOP('',(#9175,#9176,#9184));
#9175 = ORIENTED_EDGE('',*,*,#9153,.F.);
#9176 = ORIENTED_EDGE('',*,*,#9177,.T.);
#9177 = EDGE_CURVE('',#8904,#9178,#9180,.T.);
#9178 = VERTEX_POINT('',#9179);
#9179 = CARTESIAN_POINT('',(174.30000305175,62.212398529053,-1.));
#9180 = LINE('',#9181,#9182);
#9181 = CARTESIAN_POINT('',(174.14799499511,62.110698699951,-1.));
#9182 = VECTOR('',#9183,1.);
#9183 = DIRECTION('',(0.831137850136,0.556066429548,0.));
#9184 = ORIENTED_EDGE('',*,*,#9185,.F.);
#9185 = EDGE_CURVE('',#9154,#9178,#9186,.T.);
#9186 = LINE('',#9187,#9188);
#9187 = CARTESIAN_POINT('',(174.30000305175,62.212398529053,1.));
#9188 = VECTOR('',#9189,1.);
#9189 = DIRECTION('',(0.,0.,-1.));
#9190 = PLANE('',#9191);
#9191 = AXIS2_PLACEMENT_3D('',#9192,#9193,#9194);
#9192 = CARTESIAN_POINT('',(174.26026709356,62.185813489766,
    -4.363664838298E-02));
#9193 = DIRECTION('',(0.556066429548,-0.831137850136,9.860721664138E-18)
  );
#9194 = DIRECTION('',(-0.831137850136,-0.556066429548,0.));
#9195 = ADVANCED_FACE('',(#9196),#9213,.T.);
#9196 = FACE_BOUND('',#9197,.T.);
#9197 = EDGE_LOOP('',(#9198,#9206,#9212));
#9198 = ORIENTED_EDGE('',*,*,#9199,.T.);
#9199 = EDGE_CURVE('',#9178,#9200,#9202,.T.);
#9200 = VERTEX_POINT('',#9201);
#9201 = CARTESIAN_POINT('',(174.4640045166,62.293399810791,1.));
#9202 = LINE('',#9203,#9204);
#9203 = CARTESIAN_POINT('',(174.30000305175,62.212398529053,-1.));
#9204 = VECTOR('',#9205,1.);
#9205 = DIRECTION('',(8.165992456705E-02,4.033231387832E-02,
    0.995843843771));
#9206 = ORIENTED_EDGE('',*,*,#9207,.T.);
#9207 = EDGE_CURVE('',#9200,#9154,#9208,.T.);
#9208 = LINE('',#9209,#9210);
#9209 = CARTESIAN_POINT('',(174.4640045166,62.293399810791,1.));
#9210 = VECTOR('',#9211,1.);
#9211 = DIRECTION('',(-0.896602123108,-0.442837027402,0.));
#9212 = ORIENTED_EDGE('',*,*,#9185,.T.);
#9213 = PLANE('',#9214);
#9214 = AXIS2_PLACEMENT_3D('',#9215,#9216,#9217);
#9215 = CARTESIAN_POINT('',(174.34287440332,62.233572940087,
    4.364185612062E-02));
#9216 = DIRECTION('',(0.442837027402,-0.896602123108,4.930331538109E-18)
  );
#9217 = DIRECTION('',(-0.896602123108,-0.442837027402,3.851859888774E-34
    ));
#9218 = ADVANCED_FACE('',(#9219),#9236,.T.);
#9219 = FACE_BOUND('',#9220,.T.);
#9220 = EDGE_LOOP('',(#9221,#9222,#9230));
#9221 = ORIENTED_EDGE('',*,*,#9199,.F.);
#9222 = ORIENTED_EDGE('',*,*,#9223,.T.);
#9223 = EDGE_CURVE('',#9178,#9224,#9226,.T.);
#9224 = VERTEX_POINT('',#9225);
#9225 = CARTESIAN_POINT('',(174.4640045166,62.293399810791,-1.));
#9226 = LINE('',#9227,#9228);
#9227 = CARTESIAN_POINT('',(174.30000305175,62.212398529053,-1.));
#9228 = VECTOR('',#9229,1.);
#9229 = DIRECTION('',(0.896602123108,0.442837027402,0.));
#9230 = ORIENTED_EDGE('',*,*,#9231,.F.);
#9231 = EDGE_CURVE('',#9200,#9224,#9232,.T.);
#9232 = LINE('',#9233,#9234);
#9233 = CARTESIAN_POINT('',(174.4640045166,62.293399810791,1.));
#9234 = VECTOR('',#9235,1.);
#9235 = DIRECTION('',(0.,0.,-1.));
#9236 = PLANE('',#9237);
#9237 = AXIS2_PLACEMENT_3D('',#9238,#9239,#9240);
#9238 = CARTESIAN_POINT('',(174.42113316503,62.272225399757,
    -4.364185612062E-02));
#9239 = DIRECTION('',(0.442837027402,-0.896602123108,-4.930331538109E-18
    ));
#9240 = DIRECTION('',(-0.896602123108,-0.442837027402,0.));
#9241 = ADVANCED_FACE('',(#9242),#9259,.T.);
#9242 = FACE_BOUND('',#9243,.T.);
#9243 = EDGE_LOOP('',(#9244,#9252,#9258));
#9244 = ORIENTED_EDGE('',*,*,#9245,.T.);
#9245 = EDGE_CURVE('',#9224,#9246,#9248,.T.);
#9246 = VERTEX_POINT('',#9247);
#9247 = CARTESIAN_POINT('',(174.63800048828,62.352298736572,1.));
#9248 = LINE('',#9249,#9250);
#9249 = CARTESIAN_POINT('',(174.4640045166,62.293399810791,-1.));
#9250 = VECTOR('',#9251,1.);
#9251 = DIRECTION('',(8.66333372924E-02,2.932602665515E-02,
    0.995808540348));
#9252 = ORIENTED_EDGE('',*,*,#9253,.T.);
#9253 = EDGE_CURVE('',#9246,#9200,#9254,.T.);
#9254 = LINE('',#9255,#9256);
#9255 = CARTESIAN_POINT('',(174.63800048828,62.352298736572,1.));
#9256 = VECTOR('',#9257,1.);
#9257 = DIRECTION('',(-0.947202774155,-0.320635158137,0.));
#9258 = ORIENTED_EDGE('',*,*,#9231,.T.);
#9259 = PLANE('',#9260);
#9260 = AXIS2_PLACEMENT_3D('',#9261,#9262,#9263);
#9261 = CARTESIAN_POINT('',(174.50949694603,62.308799335268,
    4.381908239577E-02));
#9262 = DIRECTION('',(0.320635158137,-0.947202774155,2.464667548966E-18)
  );
#9263 = DIRECTION('',(-0.947202774155,-0.320635158137,0.));
#9264 = ADVANCED_FACE('',(#9265),#9282,.T.);
#9265 = FACE_BOUND('',#9266,.T.);
#9266 = EDGE_LOOP('',(#9267,#9268,#9276));
#9267 = ORIENTED_EDGE('',*,*,#9245,.F.);
#9268 = ORIENTED_EDGE('',*,*,#9269,.T.);
#9269 = EDGE_CURVE('',#9224,#9270,#9272,.T.);
#9270 = VERTEX_POINT('',#9271);
#9271 = CARTESIAN_POINT('',(174.63800048828,62.352298736572,-1.));
#9272 = LINE('',#9273,#9274);
#9273 = CARTESIAN_POINT('',(174.4640045166,62.293399810791,-1.));
#9274 = VECTOR('',#9275,1.);
#9275 = DIRECTION('',(0.947202774155,0.320635158137,0.));
#9276 = ORIENTED_EDGE('',*,*,#9277,.F.);
#9277 = EDGE_CURVE('',#9246,#9270,#9278,.T.);
#9278 = LINE('',#9279,#9280);
#9279 = CARTESIAN_POINT('',(174.63800048828,62.352298736572,1.));
#9280 = VECTOR('',#9281,1.);
#9281 = DIRECTION('',(0.,0.,-1.));
#9282 = PLANE('',#9283);
#9283 = AXIS2_PLACEMENT_3D('',#9284,#9285,#9286);
#9284 = CARTESIAN_POINT('',(174.59250805884,62.336899212095,
    -4.381908239577E-02));
#9285 = DIRECTION('',(0.320635158137,-0.947202774155,-0.));
#9286 = DIRECTION('',(-0.947202774155,-0.320635158137,0.));
#9287 = ADVANCED_FACE('',(#9288),#9305,.T.);
#9288 = FACE_BOUND('',#9289,.T.);
#9289 = EDGE_LOOP('',(#9290,#9298,#9304));
#9290 = ORIENTED_EDGE('',*,*,#9291,.T.);
#9291 = EDGE_CURVE('',#9270,#9292,#9294,.T.);
#9292 = VERTEX_POINT('',#9293);
#9293 = CARTESIAN_POINT('',(174.81700134277,62.388000488281,1.));
#9294 = LINE('',#9295,#9296);
#9295 = CARTESIAN_POINT('',(174.63800048828,62.352298736572,-1.));
#9296 = VECTOR('',#9297,1.);
#9297 = DIRECTION('',(8.913001586329E-02,1.777699723946E-02,
    0.995861345088));
#9298 = ORIENTED_EDGE('',*,*,#9299,.T.);
#9299 = EDGE_CURVE('',#9292,#9246,#9300,.T.);
#9300 = LINE('',#9301,#9302);
#9301 = CARTESIAN_POINT('',(174.81700134277,62.388000488281,1.));
#9302 = VECTOR('',#9303,1.);
#9303 = DIRECTION('',(-0.980684231886,-0.195597641425,0.));
#9304 = ORIENTED_EDGE('',*,*,#9277,.T.);
#9305 = PLANE('',#9306);
#9306 = AXIS2_PLACEMENT_3D('',#9307,#9308,#9309);
#9307 = CARTESIAN_POINT('',(174.68478849242,62.361630612174,
    4.355369620117E-02));
#9308 = DIRECTION('',(0.195597641425,-0.980684231886,-0.));
#9309 = DIRECTION('',(-0.980684231886,-0.195597641425,0.));
#9310 = ADVANCED_FACE('',(#9311),#9328,.T.);
#9311 = FACE_BOUND('',#9312,.T.);
#9312 = EDGE_LOOP('',(#9313,#9314,#9322));
#9313 = ORIENTED_EDGE('',*,*,#9291,.F.);
#9314 = ORIENTED_EDGE('',*,*,#9315,.T.);
#9315 = EDGE_CURVE('',#9270,#9316,#9318,.T.);
#9316 = VERTEX_POINT('',#9317);
#9317 = CARTESIAN_POINT('',(174.81700134277,62.388000488281,-1.));
#9318 = LINE('',#9319,#9320);
#9319 = CARTESIAN_POINT('',(174.63800048828,62.352298736572,-1.));
#9320 = VECTOR('',#9321,1.);
#9321 = DIRECTION('',(0.980684231886,0.195597641425,0.));
#9322 = ORIENTED_EDGE('',*,*,#9323,.F.);
#9323 = EDGE_CURVE('',#9292,#9316,#9324,.T.);
#9324 = LINE('',#9325,#9326);
#9325 = CARTESIAN_POINT('',(174.81700134277,62.388000488281,1.));
#9326 = VECTOR('',#9327,1.);
#9327 = DIRECTION('',(0.,0.,-1.));
#9328 = PLANE('',#9329);
#9329 = AXIS2_PLACEMENT_3D('',#9330,#9331,#9332);
#9330 = CARTESIAN_POINT('',(174.77021333863,62.378668612679,
    -4.355369620117E-02));
#9331 = DIRECTION('',(0.195597641425,-0.980684231886,-2.465413775943E-18
    ));
#9332 = DIRECTION('',(-0.980684231886,-0.195597641425,0.));
#9333 = ADVANCED_FACE('',(#9334),#9351,.T.);
#9334 = FACE_BOUND('',#9335,.T.);
#9335 = EDGE_LOOP('',(#9336,#9344,#9350));
#9336 = ORIENTED_EDGE('',*,*,#9337,.T.);
#9337 = EDGE_CURVE('',#9316,#9338,#9340,.T.);
#9338 = VERTEX_POINT('',#9339);
#9339 = CARTESIAN_POINT('',(175.,62.400001525879,1.));
#9340 = LINE('',#9341,#9342);
#9341 = CARTESIAN_POINT('',(174.81700134277,62.388000488281,-1.));
#9342 = VECTOR('',#9343,1.);
#9343 = DIRECTION('',(9.111706822477E-02,5.975450192511E-03,
    0.995822260182));
#9344 = ORIENTED_EDGE('',*,*,#9345,.T.);
#9345 = EDGE_CURVE('',#9338,#9292,#9346,.T.);
#9346 = LINE('',#9347,#9348);
#9347 = CARTESIAN_POINT('',(175.,62.400001525879,1.));
#9348 = VECTOR('',#9349,1.);
#9349 = DIRECTION('',(-0.997856548267,-6.543935422428E-02,0.));
#9350 = ORIENTED_EDGE('',*,*,#9323,.T.);
#9351 = PLANE('',#9352);
#9352 = AXIS2_PLACEMENT_3D('',#9353,#9354,#9355);
#9353 = CARTESIAN_POINT('',(174.86484414418,62.391138015448,
    4.375030387171E-02));
#9354 = DIRECTION('',(6.543935422428E-02,-0.997856548267,
    8.161372207561E-19));
#9355 = DIRECTION('',(-0.997856548267,-6.543935422428E-02,0.));
#9356 = ADVANCED_FACE('',(#9357),#9374,.T.);
#9357 = FACE_BOUND('',#9358,.T.);
#9358 = EDGE_LOOP('',(#9359,#9360,#9368));
#9359 = ORIENTED_EDGE('',*,*,#9337,.F.);
#9360 = ORIENTED_EDGE('',*,*,#9361,.T.);
#9361 = EDGE_CURVE('',#9316,#9362,#9364,.T.);
#9362 = VERTEX_POINT('',#9363);
#9363 = CARTESIAN_POINT('',(175.,62.400001525879,-1.));
#9364 = LINE('',#9365,#9366);
#9365 = CARTESIAN_POINT('',(174.81700134277,62.388000488281,-1.));
#9366 = VECTOR('',#9367,1.);
#9367 = DIRECTION('',(0.997856548267,6.543935422428E-02,0.));
#9368 = ORIENTED_EDGE('',*,*,#9369,.T.);
#9369 = EDGE_CURVE('',#9362,#9338,#9370,.T.);
#9370 = LINE('',#9371,#9372);
#9371 = CARTESIAN_POINT('',(175.,62.400001525879,-1.));
#9372 = VECTOR('',#9373,1.);
#9373 = DIRECTION('',(0.,0.,1.));
#9374 = PLANE('',#9375);
#9375 = AXIS2_PLACEMENT_3D('',#9376,#9377,#9378);
#9376 = CARTESIAN_POINT('',(174.95215719859,62.396863998713,
    -4.375030387171E-02));
#9377 = DIRECTION('',(6.543935422428E-02,-0.997856548267,
    4.285610642691E-18));
#9378 = DIRECTION('',(-0.997856548267,-6.543935422428E-02,0.));
#9379 = ADVANCED_FACE('',(#9380),#9397,.T.);
#9380 = FACE_BOUND('',#9381,.T.);
#9381 = EDGE_LOOP('',(#9382,#9390,#9391));
#9382 = ORIENTED_EDGE('',*,*,#9383,.T.);
#9383 = EDGE_CURVE('',#9384,#9132,#9386,.T.);
#9384 = VERTEX_POINT('',#9385);
#9385 = CARTESIAN_POINT('',(173.60000610351,61.,1.));
#9386 = LINE('',#9387,#9388);
#9387 = CARTESIAN_POINT('',(173.60000610351,61.,1.));
#9388 = VECTOR('',#9389,1.);
#9389 = DIRECTION('',(5.971732115854E-03,9.097014566053E-02,
    -0.995835714872));
#9390 = ORIENTED_EDGE('',*,*,#9131,.F.);
#9391 = ORIENTED_EDGE('',*,*,#9392,.T.);
#9392 = EDGE_CURVE('',#9108,#9384,#9393,.T.);
#9393 = LINE('',#9394,#9395);
#9394 = CARTESIAN_POINT('',(173.61199951171,61.18270111084,1.));
#9395 = VECTOR('',#9396,1.);
#9396 = DIRECTION('',(-6.55039807956E-02,-0.997852307959,0.));
#9397 = PLANE('',#9398);
#9398 = AXIS2_PLACEMENT_3D('',#9399,#9400,#9401);
#9399 = CARTESIAN_POINT('',(173.6088642007,61.134939474173,
    4.368273581728E-02));
#9400 = DIRECTION('',(0.997852307959,-6.55039807956E-02,
    -4.725376458056E-19));
#9401 = DIRECTION('',(6.55039807956E-02,0.997852307959,0.));
#9402 = ADVANCED_FACE('',(#9403),#9420,.T.);
#9403 = FACE_BOUND('',#9404,.T.);
#9404 = EDGE_LOOP('',(#9405,#9406,#9414));
#9405 = ORIENTED_EDGE('',*,*,#9383,.F.);
#9406 = ORIENTED_EDGE('',*,*,#9407,.F.);
#9407 = EDGE_CURVE('',#9408,#9384,#9410,.T.);
#9408 = VERTEX_POINT('',#9409);
#9409 = CARTESIAN_POINT('',(173.60000610351,61.,-1.));
#9410 = LINE('',#9411,#9412);
#9411 = CARTESIAN_POINT('',(173.60000610351,61.,-1.));
#9412 = VECTOR('',#9413,1.);
#9413 = DIRECTION('',(0.,0.,1.));
#9414 = ORIENTED_EDGE('',*,*,#9415,.T.);
#9415 = EDGE_CURVE('',#9408,#9132,#9416,.T.);
#9416 = LINE('',#9417,#9418);
#9417 = CARTESIAN_POINT('',(173.60000610351,61.,-1.));
#9418 = VECTOR('',#9419,1.);
#9419 = DIRECTION('',(6.55039807956E-02,0.997852307959,0.));
#9420 = PLANE('',#9421);
#9421 = AXIS2_PLACEMENT_3D('',#9422,#9423,#9424);
#9422 = CARTESIAN_POINT('',(173.60314141452,61.047761636667,
    -4.368273581728E-02));
#9423 = DIRECTION('',(0.997852307959,-6.55039807956E-02,
    -9.06218463101E-19));
#9424 = DIRECTION('',(6.55039807956E-02,0.997852307959,0.));
#9425 = ADVANCED_FACE('',(#9426),#9443,.T.);
#9426 = FACE_BOUND('',#9427,.T.);
#9427 = EDGE_LOOP('',(#9428,#9436,#9437));
#9428 = ORIENTED_EDGE('',*,*,#9429,.T.);
#9429 = EDGE_CURVE('',#9430,#9408,#9432,.T.);
#9430 = VERTEX_POINT('',#9431);
#9431 = CARTESIAN_POINT('',(173.61199951171,60.81729888916,1.));
#9432 = LINE('',#9433,#9434);
#9433 = CARTESIAN_POINT('',(173.61199951171,60.81729888916,1.));
#9434 = VECTOR('',#9435,1.);
#9435 = DIRECTION('',(-5.971732115854E-03,9.097014566053E-02,
    -0.995835714872));
#9436 = ORIENTED_EDGE('',*,*,#9407,.T.);
#9437 = ORIENTED_EDGE('',*,*,#9438,.T.);
#9438 = EDGE_CURVE('',#9384,#9430,#9439,.T.);
#9439 = LINE('',#9440,#9441);
#9440 = CARTESIAN_POINT('',(173.60000610351,61.,1.));
#9441 = VECTOR('',#9442,1.);
#9442 = DIRECTION('',(6.55039807956E-02,-0.997852307959,0.));
#9443 = PLANE('',#9444);
#9444 = AXIS2_PLACEMENT_3D('',#9445,#9446,#9447);
#9445 = CARTESIAN_POINT('',(173.60314141452,60.952238363333,
    4.368273581728E-02));
#9446 = DIRECTION('',(0.997852307959,6.55039807956E-02,
    2.635859560449E-18));
#9447 = DIRECTION('',(-6.55039807956E-02,0.997852307959,0.));
#9448 = ADVANCED_FACE('',(#9449),#9466,.T.);
#9449 = FACE_BOUND('',#9450,.T.);
#9450 = EDGE_LOOP('',(#9451,#9452,#9460));
#9451 = ORIENTED_EDGE('',*,*,#9429,.F.);
#9452 = ORIENTED_EDGE('',*,*,#9453,.F.);
#9453 = EDGE_CURVE('',#9454,#9430,#9456,.T.);
#9454 = VERTEX_POINT('',#9455);
#9455 = CARTESIAN_POINT('',(173.61199951171,60.81729888916,-1.));
#9456 = LINE('',#9457,#9458);
#9457 = CARTESIAN_POINT('',(173.61199951171,60.81729888916,-1.));
#9458 = VECTOR('',#9459,1.);
#9459 = DIRECTION('',(0.,0.,1.));
#9460 = ORIENTED_EDGE('',*,*,#9461,.T.);
#9461 = EDGE_CURVE('',#9454,#9408,#9462,.T.);
#9462 = LINE('',#9463,#9464);
#9463 = CARTESIAN_POINT('',(173.61199951171,60.81729888916,-1.));
#9464 = VECTOR('',#9465,1.);
#9465 = DIRECTION('',(-6.55039807956E-02,0.997852307959,0.));
#9466 = PLANE('',#9467);
#9467 = AXIS2_PLACEMENT_3D('',#9468,#9469,#9470);
#9468 = CARTESIAN_POINT('',(173.6088642007,60.865060525827,
    -4.368273581728E-02));
#9469 = DIRECTION('',(0.997852307959,6.55039807956E-02,
    3.885677681137E-20));
#9470 = DIRECTION('',(-6.55039807956E-02,0.997852307959,
    -3.761581922631E-37));
#9471 = ADVANCED_FACE('',(#9472),#9489,.T.);
#9472 = FACE_BOUND('',#9473,.T.);
#9473 = EDGE_LOOP('',(#9474,#9482,#9483));
#9474 = ORIENTED_EDGE('',*,*,#9475,.T.);
#9475 = EDGE_CURVE('',#9476,#9454,#9478,.T.);
#9476 = VERTEX_POINT('',#9477);
#9477 = CARTESIAN_POINT('',(173.64799499511,60.637699127197,1.));
#9478 = LINE('',#9479,#9480);
#9479 = CARTESIAN_POINT('',(173.64799499511,60.637699127197,1.));
#9480 = VECTOR('',#9481,1.);
#9481 = DIRECTION('',(-1.792273129296E-02,8.942561593935E-02,
    -0.995832232315));
#9482 = ORIENTED_EDGE('',*,*,#9453,.T.);
#9483 = ORIENTED_EDGE('',*,*,#9484,.T.);
#9484 = EDGE_CURVE('',#9430,#9476,#9485,.T.);
#9485 = LINE('',#9486,#9487);
#9486 = CARTESIAN_POINT('',(173.61199951171,60.81729888916,1.));
#9487 = VECTOR('',#9488,1.);
#9488 = DIRECTION('',(0.196512611029,-0.980501297147,0.));
#9489 = PLANE('',#9490);
#9490 = AXIS2_PLACEMENT_3D('',#9491,#9492,#9493);
#9491 = CARTESIAN_POINT('',(173.6214096059,60.770347146424,
    4.370023616439E-02));
#9492 = DIRECTION('',(0.980501297147,0.196512611029,-7.395004799596E-18)
  );
#9493 = DIRECTION('',(-0.196512611029,0.980501297147,0.));
#9494 = ADVANCED_FACE('',(#9495),#9512,.T.);
#9495 = FACE_BOUND('',#9496,.T.);
#9496 = EDGE_LOOP('',(#9497,#9498,#9506));
#9497 = ORIENTED_EDGE('',*,*,#9475,.F.);
#9498 = ORIENTED_EDGE('',*,*,#9499,.F.);
#9499 = EDGE_CURVE('',#9500,#9476,#9502,.T.);
#9500 = VERTEX_POINT('',#9501);
#9501 = CARTESIAN_POINT('',(173.64799499511,60.637699127197,-1.));
#9502 = LINE('',#9503,#9504);
#9503 = CARTESIAN_POINT('',(173.64799499511,60.637699127197,-1.));
#9504 = VECTOR('',#9505,1.);
#9505 = DIRECTION('',(0.,0.,1.));
#9506 = ORIENTED_EDGE('',*,*,#9507,.T.);
#9507 = EDGE_CURVE('',#9500,#9454,#9508,.T.);
#9508 = LINE('',#9509,#9510);
#9509 = CARTESIAN_POINT('',(173.64799499511,60.637699127197,-1.));
#9510 = VECTOR('',#9511,1.);
#9511 = DIRECTION('',(-0.196512611029,0.980501297147,0.));
#9512 = PLANE('',#9513);
#9513 = AXIS2_PLACEMENT_3D('',#9514,#9515,#9516);
#9514 = CARTESIAN_POINT('',(173.63858490092,60.684650869934,
    -4.370023616439E-02));
#9515 = DIRECTION('',(0.980501297147,0.196512611029,2.465001599865E-18)
  );
#9516 = DIRECTION('',(-0.196512611029,0.980501297147,0.));
#9517 = ADVANCED_FACE('',(#9518),#9535,.T.);
#9518 = FACE_BOUND('',#9519,.T.);
#9519 = EDGE_LOOP('',(#9520,#9528,#9529));
#9520 = ORIENTED_EDGE('',*,*,#9521,.T.);
#9521 = EDGE_CURVE('',#9522,#9500,#9524,.T.);
#9522 = VERTEX_POINT('',#9523);
#9523 = CARTESIAN_POINT('',(173.70700073242,60.464199066162,1.));
#9524 = LINE('',#9525,#9526);
#9525 = CARTESIAN_POINT('',(173.70700073242,60.464199066162,1.));
#9526 = VECTOR('',#9527,1.);
#9527 = DIRECTION('',(-2.937979028402E-02,8.638813173634E-02,
    -0.995828257592));
#9528 = ORIENTED_EDGE('',*,*,#9499,.T.);
#9529 = ORIENTED_EDGE('',*,*,#9530,.T.);
#9530 = EDGE_CURVE('',#9476,#9522,#9531,.T.);
#9531 = LINE('',#9532,#9533);
#9532 = CARTESIAN_POINT('',(173.64799499511,60.637699127197,1.));
#9533 = VECTOR('',#9534,1.);
#9534 = DIRECTION('',(0.321979606785,-0.946746604332,0.));
#9535 = PLANE('',#9536);
#9536 = AXIS2_PLACEMENT_3D('',#9537,#9538,#9539);
#9537 = CARTESIAN_POINT('',(173.66342085094,60.592341047625,
    4.372020005803E-02));
#9538 = DIRECTION('',(0.946746604332,0.321979606785,0.));
#9539 = DIRECTION('',(-0.321979606785,0.946746604332,0.));
#9540 = ADVANCED_FACE('',(#9541),#9558,.T.);
#9541 = FACE_BOUND('',#9542,.T.);
#9542 = EDGE_LOOP('',(#9543,#9544,#9552));
#9543 = ORIENTED_EDGE('',*,*,#9521,.F.);
#9544 = ORIENTED_EDGE('',*,*,#9545,.T.);
#9545 = EDGE_CURVE('',#9522,#9546,#9548,.T.);
#9546 = VERTEX_POINT('',#9547);
#9547 = CARTESIAN_POINT('',(173.70700073242,60.464199066162,-1.));
#9548 = LINE('',#9549,#9550);
#9549 = CARTESIAN_POINT('',(173.70700073242,60.464199066162,1.));
#9550 = VECTOR('',#9551,1.);
#9551 = DIRECTION('',(0.,0.,-1.));
#9552 = ORIENTED_EDGE('',*,*,#9553,.T.);
#9553 = EDGE_CURVE('',#9546,#9500,#9554,.T.);
#9554 = LINE('',#9555,#9556);
#9555 = CARTESIAN_POINT('',(173.70700073242,60.464199066162,-1.));
#9556 = VECTOR('',#9557,1.);
#9557 = DIRECTION('',(-0.321979606785,0.946746604332,0.));
#9558 = PLANE('',#9559);
#9559 = AXIS2_PLACEMENT_3D('',#9560,#9561,#9562);
#9560 = CARTESIAN_POINT('',(173.69157487659,60.509557145734,
    -4.372020005803E-02));
#9561 = DIRECTION('',(0.946746604332,0.321979606785,2.464945471282E-18)
  );
#9562 = DIRECTION('',(-0.321979606785,0.946746604332,-9.629649721936E-35
    ));
#9563 = ADVANCED_FACE('',(#9564),#9581,.T.);
#9564 = FACE_BOUND('',#9565,.T.);
#9565 = EDGE_LOOP('',(#9566,#9574,#9575));
#9566 = ORIENTED_EDGE('',*,*,#9567,.T.);
#9567 = EDGE_CURVE('',#9568,#9546,#9570,.T.);
#9568 = VERTEX_POINT('',#9569);
#9569 = CARTESIAN_POINT('',(173.78799438476,60.299999237061,1.));
#9570 = LINE('',#9571,#9572);
#9571 = CARTESIAN_POINT('',(173.78799438476,60.299999237061,1.));
#9572 = VECTOR('',#9573,1.);
#9573 = DIRECTION('',(-4.03281957499E-02,8.175804718627E-02,
    -0.995835959558));
#9574 = ORIENTED_EDGE('',*,*,#9545,.F.);
#9575 = ORIENTED_EDGE('',*,*,#9576,.T.);
#9576 = EDGE_CURVE('',#9522,#9568,#9577,.T.);
#9577 = LINE('',#9578,#9579);
#9578 = CARTESIAN_POINT('',(173.70700073242,60.464199066162,1.));
#9579 = VECTOR('',#9580,1.);
#9580 = DIRECTION('',(0.442373294657,-0.89683101428,0.));
#9581 = PLANE('',#9582);
#9582 = AXIS2_PLACEMENT_3D('',#9583,#9584,#9585);
#9583 = CARTESIAN_POINT('',(173.72817402689,60.421274080888,
    4.368150593861E-02));
#9584 = DIRECTION('',(0.89683101428,0.442373294657,0.));
#9585 = DIRECTION('',(-0.442373294657,0.89683101428,0.));
#9586 = ADVANCED_FACE('',(#9587),#9604,.T.);
#9587 = FACE_BOUND('',#9588,.T.);
#9588 = EDGE_LOOP('',(#9589,#9590,#9598));
#9589 = ORIENTED_EDGE('',*,*,#9567,.F.);
#9590 = ORIENTED_EDGE('',*,*,#9591,.T.);
#9591 = EDGE_CURVE('',#9568,#9592,#9594,.T.);
#9592 = VERTEX_POINT('',#9593);
#9593 = CARTESIAN_POINT('',(173.78799438476,60.299999237061,-1.));
#9594 = LINE('',#9595,#9596);
#9595 = CARTESIAN_POINT('',(173.78799438476,60.299999237061,1.));
#9596 = VECTOR('',#9597,1.);
#9597 = DIRECTION('',(0.,0.,-1.));
#9598 = ORIENTED_EDGE('',*,*,#9599,.T.);
#9599 = EDGE_CURVE('',#9592,#9546,#9600,.T.);
#9600 = LINE('',#9601,#9602);
#9601 = CARTESIAN_POINT('',(173.78799438476,60.299999237061,-1.));
#9602 = VECTOR('',#9603,1.);
#9603 = DIRECTION('',(-0.442373294657,0.89683101428,0.));
#9604 = PLANE('',#9605);
#9605 = AXIS2_PLACEMENT_3D('',#9606,#9607,#9608);
#9606 = CARTESIAN_POINT('',(173.76682109029,60.342924222335,
    -4.368150593861E-02));
#9607 = DIRECTION('',(0.89683101428,0.442373294657,0.));
#9608 = DIRECTION('',(-0.442373294657,0.89683101428,0.));
#9609 = ADVANCED_FACE('',(#9610),#9627,.T.);
#9610 = FACE_BOUND('',#9611,.T.);
#9611 = EDGE_LOOP('',(#9612,#9620,#9621));
#9612 = ORIENTED_EDGE('',*,*,#9613,.T.);
#9613 = EDGE_CURVE('',#9614,#9592,#9616,.T.);
#9614 = VERTEX_POINT('',#9615);
#9615 = CARTESIAN_POINT('',(173.88900756835,60.147701263428,1.));
#9616 = LINE('',#9617,#9618);
#9617 = CARTESIAN_POINT('',(173.88900756835,60.147701263428,1.));
#9618 = VECTOR('',#9619,1.);
#9619 = DIRECTION('',(-5.029704857113E-02,7.583305767197E-02,
    -0.995851170742));
#9620 = ORIENTED_EDGE('',*,*,#9591,.F.);
#9621 = ORIENTED_EDGE('',*,*,#9622,.T.);
#9622 = EDGE_CURVE('',#9568,#9614,#9623,.T.);
#9623 = LINE('',#9624,#9625);
#9624 = CARTESIAN_POINT('',(173.78799438476,60.299999237061,1.));
#9625 = VECTOR('',#9626,1.);
#9626 = DIRECTION('',(0.552733317721,-0.833358193984,0.));
#9627 = PLANE('',#9628);
#9628 = AXIS2_PLACEMENT_3D('',#9629,#9630,#9631);
#9629 = CARTESIAN_POINT('',(173.8143990556,60.260188811136,
    4.360497221279E-02));
#9630 = DIRECTION('',(0.833358193984,0.552733317721,4.930539030245E-18)
  );
#9631 = DIRECTION('',(-0.552733317721,0.833358193984,0.));
#9632 = ADVANCED_FACE('',(#9633),#9650,.T.);
#9633 = FACE_BOUND('',#9634,.T.);
#9634 = EDGE_LOOP('',(#9635,#9636,#9644));
#9635 = ORIENTED_EDGE('',*,*,#9613,.F.);
#9636 = ORIENTED_EDGE('',*,*,#9637,.F.);
#9637 = EDGE_CURVE('',#9638,#9614,#9640,.T.);
#9638 = VERTEX_POINT('',#9639);
#9639 = CARTESIAN_POINT('',(173.88900756835,60.147701263428,-1.));
#9640 = LINE('',#9641,#9642);
#9641 = CARTESIAN_POINT('',(173.88900756835,60.147701263428,-1.));
#9642 = VECTOR('',#9643,1.);
#9643 = DIRECTION('',(0.,0.,1.));
#9644 = ORIENTED_EDGE('',*,*,#9645,.T.);
#9645 = EDGE_CURVE('',#9638,#9592,#9646,.T.);
#9646 = LINE('',#9647,#9648);
#9647 = CARTESIAN_POINT('',(173.88900756835,60.147701263428,-1.));
#9648 = VECTOR('',#9649,1.);
#9649 = DIRECTION('',(-0.552733317721,0.833358193984,0.));
#9650 = PLANE('',#9651);
#9651 = AXIS2_PLACEMENT_3D('',#9652,#9653,#9654);
#9652 = CARTESIAN_POINT('',(173.86260289752,60.187511689352,
    -4.360497221279E-02));
#9653 = DIRECTION('',(0.833358193984,0.552733317721,0.));
#9654 = DIRECTION('',(-0.552733317721,0.833358193984,0.));
#9655 = ADVANCED_FACE('',(#9656),#9671,.T.);
#9656 = FACE_BOUND('',#9657,.T.);
#9657 = EDGE_LOOP('',(#9658,#9664,#9665));
#9658 = ORIENTED_EDGE('',*,*,#9659,.T.);
#9659 = EDGE_CURVE('',#8825,#9638,#9660,.T.);
#9660 = LINE('',#9661,#9662);
#9661 = CARTESIAN_POINT('',(174.00999450683,60.010101318359,1.));
#9662 = VECTOR('',#9663,1.);
#9663 = DIRECTION('',(-6.024119839526E-02,6.851306177688E-02,
    -0.99582978384));
#9664 = ORIENTED_EDGE('',*,*,#9637,.T.);
#9665 = ORIENTED_EDGE('',*,*,#9666,.T.);
#9666 = EDGE_CURVE('',#9614,#8825,#9667,.T.);
#9667 = LINE('',#9668,#9669);
#9668 = CARTESIAN_POINT('',(173.88900756835,60.147701263428,1.));
#9669 = VECTOR('',#9670,1.);
#9670 = DIRECTION('',(0.660317138771,-0.750986868224,0.));
#9671 = PLANE('',#9672);
#9672 = AXIS2_PLACEMENT_3D('',#9673,#9674,#9675);
#9673 = CARTESIAN_POINT('',(173.92063690131,60.111728830933,
    4.371253536956E-02));
#9674 = DIRECTION('',(0.750986868224,0.660317138771,0.));
#9675 = DIRECTION('',(-0.660317138771,0.750986868224,0.));
#9676 = ADVANCED_FACE('',(#9677),#9687,.T.);
#9677 = FACE_BOUND('',#9678,.T.);
#9678 = EDGE_LOOP('',(#9679,#9680,#9681));
#9679 = ORIENTED_EDGE('',*,*,#9659,.F.);
#9680 = ORIENTED_EDGE('',*,*,#8856,.T.);
#9681 = ORIENTED_EDGE('',*,*,#9682,.T.);
#9682 = EDGE_CURVE('',#8849,#9638,#9683,.T.);
#9683 = LINE('',#9684,#9685);
#9684 = CARTESIAN_POINT('',(174.00999450683,60.010101318359,-1.));
#9685 = VECTOR('',#9686,1.);
#9686 = DIRECTION('',(-0.660317138771,0.750986868224,0.));
#9687 = PLANE('',#9688);
#9688 = AXIS2_PLACEMENT_3D('',#9689,#9690,#9691);
#9689 = CARTESIAN_POINT('',(173.97836517388,60.046073750854,
    -4.371253536956E-02));
#9690 = DIRECTION('',(0.750986868224,0.660317138771,9.859868079609E-18)
  );
#9691 = DIRECTION('',(-0.660317138771,0.750986868224,0.));
#9692 = ADVANCED_FACE('',(#9693),#9710,.T.);
#9693 = FACE_BOUND('',#9694,.T.);
#9694 = EDGE_LOOP('',(#9695,#9703,#9709));
#9695 = ORIENTED_EDGE('',*,*,#9696,.T.);
#9696 = EDGE_CURVE('',#9362,#9697,#9699,.T.);
#9697 = VERTEX_POINT('',#9698);
#9698 = CARTESIAN_POINT('',(175.18299865722,62.388000488281,1.));
#9699 = LINE('',#9700,#9701);
#9700 = CARTESIAN_POINT('',(175.,62.400001525879,-1.));
#9701 = VECTOR('',#9702,1.);
#9702 = DIRECTION('',(9.111706822477E-02,-5.975450192511E-03,
    0.995822260182));
#9703 = ORIENTED_EDGE('',*,*,#9704,.T.);
#9704 = EDGE_CURVE('',#9697,#9338,#9705,.T.);
#9705 = LINE('',#9706,#9707);
#9706 = CARTESIAN_POINT('',(175.18299865722,62.388000488281,1.));
#9707 = VECTOR('',#9708,1.);
#9708 = DIRECTION('',(-0.997856548267,6.543935422428E-02,0.));
#9709 = ORIENTED_EDGE('',*,*,#9369,.F.);
#9710 = PLANE('',#9711);
#9711 = AXIS2_PLACEMENT_3D('',#9712,#9713,#9714);
#9712 = CARTESIAN_POINT('',(175.0478428014,62.396863998713,
    4.375030387171E-02));
#9713 = DIRECTION('',(-6.543935422428E-02,-0.997856548267,
    -2.117179827436E-18));
#9714 = DIRECTION('',(-0.997856548267,6.543935422428E-02,
    -2.407412430484E-35));
#9715 = ADVANCED_FACE('',(#9716),#9733,.T.);
#9716 = FACE_BOUND('',#9717,.T.);
#9717 = EDGE_LOOP('',(#9718,#9719,#9727));
#9718 = ORIENTED_EDGE('',*,*,#9696,.F.);
#9719 = ORIENTED_EDGE('',*,*,#9720,.T.);
#9720 = EDGE_CURVE('',#9362,#9721,#9723,.T.);
#9721 = VERTEX_POINT('',#9722);
#9722 = CARTESIAN_POINT('',(175.18299865722,62.388000488281,-1.));
#9723 = LINE('',#9724,#9725);
#9724 = CARTESIAN_POINT('',(175.,62.400001525879,-1.));
#9725 = VECTOR('',#9726,1.);
#9726 = DIRECTION('',(0.997856548267,-6.543935422428E-02,0.));
#9727 = ORIENTED_EDGE('',*,*,#9728,.T.);
#9728 = EDGE_CURVE('',#9721,#9697,#9729,.T.);
#9729 = LINE('',#9730,#9731);
#9730 = CARTESIAN_POINT('',(175.18299865722,62.388000488281,-1.));
#9731 = VECTOR('',#9732,1.);
#9732 = DIRECTION('',(0.,0.,1.));
#9733 = PLANE('',#9734);
#9734 = AXIS2_PLACEMENT_3D('',#9735,#9736,#9737);
#9735 = CARTESIAN_POINT('',(175.13515585582,62.391138015448,
    -4.375030387171E-02));
#9736 = DIRECTION('',(-6.543935422428E-02,-0.997856548267,
    -1.249818089851E-18));
#9737 = DIRECTION('',(-0.997856548267,6.543935422428E-02,
    1.203706215242E-35));
#9738 = ADVANCED_FACE('',(#9739),#9754,.T.);
#9739 = FACE_BOUND('',#9740,.T.);
#9740 = EDGE_LOOP('',(#9741,#9747,#9753));
#9741 = ORIENTED_EDGE('',*,*,#9742,.T.);
#9742 = EDGE_CURVE('',#9721,#7593,#9743,.T.);
#9743 = LINE('',#9744,#9745);
#9744 = CARTESIAN_POINT('',(175.18299865722,62.388000488281,-1.));
#9745 = VECTOR('',#9746,1.);
#9746 = DIRECTION('',(8.913001586329E-02,-1.777699723946E-02,
    0.995861345088));
#9747 = ORIENTED_EDGE('',*,*,#9748,.T.);
#9748 = EDGE_CURVE('',#7593,#9697,#9749,.T.);
#9749 = LINE('',#9750,#9751);
#9750 = CARTESIAN_POINT('',(175.36199951171,62.352298736572,1.));
#9751 = VECTOR('',#9752,1.);
#9752 = DIRECTION('',(-0.980684231886,0.195597641425,0.));
#9753 = ORIENTED_EDGE('',*,*,#9728,.F.);
#9754 = PLANE('',#9755);
#9755 = AXIS2_PLACEMENT_3D('',#9756,#9757,#9758);
#9756 = CARTESIAN_POINT('',(175.22978666136,62.378668612679,
    4.355369620117E-02));
#9757 = DIRECTION('',(-0.195597641425,-0.980684231886,2.465413775943E-18
    ));
#9758 = DIRECTION('',(-0.980684231886,0.195597641425,0.));
#9759 = ADVANCED_FACE('',(#9760),#9770,.T.);
#9760 = FACE_BOUND('',#9761,.T.);
#9761 = EDGE_LOOP('',(#9762,#9763,#9769));
#9762 = ORIENTED_EDGE('',*,*,#9742,.F.);
#9763 = ORIENTED_EDGE('',*,*,#9764,.T.);
#9764 = EDGE_CURVE('',#9721,#7583,#9765,.T.);
#9765 = LINE('',#9766,#9767);
#9766 = CARTESIAN_POINT('',(175.18299865722,62.388000488281,-1.));
#9767 = VECTOR('',#9768,1.);
#9768 = DIRECTION('',(0.980684231886,-0.195597641425,0.));
#9769 = ORIENTED_EDGE('',*,*,#7600,.F.);
#9770 = PLANE('',#9771);
#9771 = AXIS2_PLACEMENT_3D('',#9772,#9773,#9774);
#9772 = CARTESIAN_POINT('',(175.31521150757,62.361630612174,
    -4.355369620117E-02));
#9773 = DIRECTION('',(-0.195597641425,-0.980684231886,-0.));
#9774 = DIRECTION('',(-0.980684231886,0.195597641425,0.));
#9775 = ADVANCED_FACE('',(#9776),#9791,.T.);
#9776 = FACE_BOUND('',#9777,.T.);
#9777 = EDGE_LOOP('',(#9778,#9784,#9785));
#9778 = ORIENTED_EDGE('',*,*,#9779,.T.);
#9779 = EDGE_CURVE('',#7469,#7975,#9780,.T.);
#9780 = LINE('',#9781,#9782);
#9781 = CARTESIAN_POINT('',(178.5,57.5,1.));
#9782 = VECTOR('',#9783,1.);
#9783 = DIRECTION('',(-0.497487676896,0.867471043515,0.));
#9784 = ORIENTED_EDGE('',*,*,#8028,.F.);
#9785 = ORIENTED_EDGE('',*,*,#9786,.T.);
#9786 = EDGE_CURVE('',#8021,#7469,#9787,.T.);
#9787 = LINE('',#9788,#9789);
#9788 = CARTESIAN_POINT('',(176.39999389648,61.,1.));
#9789 = VECTOR('',#9790,1.);
#9790 = DIRECTION('',(0.514496854948,-0.857492266,0.));
#9791 = PLANE('',#9792);
#9792 = AXIS2_PLACEMENT_3D('',#9793,#9794,#9795);
#9793 = CARTESIAN_POINT('',(177.42428564984,59.335187559431,1.));
#9794 = DIRECTION('',(0.,0.,1.));
#9795 = DIRECTION('',(1.,0.,-0.));
#9796 = ADVANCED_FACE('',(#9797),#9802,.T.);
#9797 = FACE_BOUND('',#9798,.T.);
#9798 = EDGE_LOOP('',(#9799,#9800,#9801));
#9799 = ORIENTED_EDGE('',*,*,#7568,.T.);
#9800 = ORIENTED_EDGE('',*,*,#7982,.F.);
#9801 = ORIENTED_EDGE('',*,*,#9779,.F.);
#9802 = PLANE('',#9803);
#9803 = AXIS2_PLACEMENT_3D('',#9804,#9805,#9806);
#9804 = CARTESIAN_POINT('',(177.41277650455,59.426183453867,1.));
#9805 = DIRECTION('',(0.,0.,1.));
#9806 = DIRECTION('',(1.,0.,-0.));
#9807 = ADVANCED_FACE('',(#9808),#9818,.T.);
#9808 = FACE_BOUND('',#9809,.T.);
#9809 = EDGE_LOOP('',(#9810,#9816,#9817));
#9810 = ORIENTED_EDGE('',*,*,#9811,.T.);
#9811 = EDGE_CURVE('',#1481,#7537,#9812,.T.);
#9812 = LINE('',#9813,#9814);
#9813 = CARTESIAN_POINT('',(176.21200561523,91.300003051758,1.));
#9814 = VECTOR('',#9815,1.);
#9815 = DIRECTION('',(2.721166593129E-03,-0.999996297619,0.));
#9816 = ORIENTED_EDGE('',*,*,#7545,.F.);
#9817 = ORIENTED_EDGE('',*,*,#1488,.F.);
#9818 = PLANE('',#9819);
#9819 = AXIS2_PLACEMENT_3D('',#9820,#9821,#9822);
#9820 = CARTESIAN_POINT('',(176.27274442943,76.504696632397,1.));
#9821 = DIRECTION('',(0.,0.,1.));
#9822 = DIRECTION('',(1.,0.,-0.));
#9823 = ADVANCED_FACE('',(#9824),#9834,.T.);
#9824 = FACE_BOUND('',#9825,.T.);
#9825 = EDGE_LOOP('',(#9826,#9832,#9833));
#9826 = ORIENTED_EDGE('',*,*,#9827,.T.);
#9827 = EDGE_CURVE('',#1481,#7846,#9828,.T.);
#9828 = LINE('',#9829,#9830);
#9829 = CARTESIAN_POINT('',(176.21200561523,91.300003051758,1.));
#9830 = VECTOR('',#9831,1.);
#9831 = DIRECTION('',(0.,-1.,0.));
#9832 = ORIENTED_EDGE('',*,*,#7897,.F.);
#9833 = ORIENTED_EDGE('',*,*,#9811,.F.);
#9834 = PLANE('',#9835);
#9835 = AXIS2_PLACEMENT_3D('',#9836,#9837,#9838);
#9836 = CARTESIAN_POINT('',(176.23237215736,76.413207267749,1.));
#9837 = DIRECTION('',(0.,0.,1.));
#9838 = DIRECTION('',(1.,0.,-0.));
#9839 = ADVANCED_FACE('',(#9840),#9850,.T.);
#9840 = FACE_BOUND('',#9841,.T.);
#9841 = EDGE_LOOP('',(#9842,#9848,#9849));
#9842 = ORIENTED_EDGE('',*,*,#9843,.T.);
#9843 = EDGE_CURVE('',#1527,#7846,#9844,.T.);
#9844 = LINE('',#9845,#9846);
#9845 = CARTESIAN_POINT('',(176.11099243164,91.14769744873,1.));
#9846 = VECTOR('',#9847,1.);
#9847 = DIRECTION('',(3.430237358886E-03,-0.999994116719,0.));
#9848 = ORIENTED_EDGE('',*,*,#9827,.F.);
#9849 = ORIENTED_EDGE('',*,*,#1534,.F.);
#9850 = PLANE('',#9851);
#9851 = AXIS2_PLACEMENT_3D('',#9852,#9853,#9854);
#9852 = CARTESIAN_POINT('',(176.18673926172,76.507571812671,1.));
#9853 = DIRECTION('',(0.,0.,1.));
#9854 = DIRECTION('',(1.,0.,-0.));
#9855 = ADVANCED_FACE('',(#9856),#9866,.T.);
#9856 = FACE_BOUND('',#9857,.T.);
#9857 = EDGE_LOOP('',(#9858,#9864,#9865));
#9858 = ORIENTED_EDGE('',*,*,#9859,.T.);
#9859 = EDGE_CURVE('',#1527,#7800,#9860,.T.);
#9860 = LINE('',#9861,#9862);
#9861 = CARTESIAN_POINT('',(176.11099243164,91.14769744873,1.));
#9862 = VECTOR('',#9863,1.);
#9863 = DIRECTION('',(0.,-1.,0.));
#9864 = ORIENTED_EDGE('',*,*,#7853,.F.);
#9865 = ORIENTED_EDGE('',*,*,#9843,.F.);
#9866 = PLANE('',#9867);
#9867 = AXIS2_PLACEMENT_3D('',#9868,#9869,#9870);
#9868 = CARTESIAN_POINT('',(176.13638939062,76.416278882681,1.));
#9869 = DIRECTION('',(0.,0.,1.));
#9870 = DIRECTION('',(1.,0.,-0.));
#9871 = ADVANCED_FACE('',(#9872),#9882,.T.);
#9872 = FACE_BOUND('',#9873,.T.);
#9873 = EDGE_LOOP('',(#9874,#9880,#9881));
#9874 = ORIENTED_EDGE('',*,*,#9875,.T.);
#9875 = EDGE_CURVE('',#1573,#7800,#9876,.T.);
#9876 = LINE('',#9877,#9878);
#9877 = CARTESIAN_POINT('',(175.99000549316,91.01000213623,1.));
#9878 = VECTOR('',#9879,1.);
#9879 = DIRECTION('',(4.149363044296E-03,-0.999991391356,0.));
#9880 = ORIENTED_EDGE('',*,*,#9859,.F.);
#9881 = ORIENTED_EDGE('',*,*,#1580,.F.);
#9882 = PLANE('',#9883);
#9883 = AXIS2_PLACEMENT_3D('',#9884,#9885,#9886);
#9884 = CARTESIAN_POINT('',(176.0807220446,76.511335794756,1.));
#9885 = DIRECTION('',(0.,0.,1.));
#9886 = DIRECTION('',(1.,0.,-0.));
#9887 = ADVANCED_FACE('',(#9888),#9898,.T.);
#9888 = FACE_BOUND('',#9889,.T.);
#9889 = EDGE_LOOP('',(#9890,#9896,#9897));
#9890 = ORIENTED_EDGE('',*,*,#9891,.T.);
#9891 = EDGE_CURVE('',#1573,#7730,#9892,.T.);
#9892 = LINE('',#9893,#9894);
#9893 = CARTESIAN_POINT('',(175.99000549316,91.01000213623,1.));
#9894 = VECTOR('',#9895,1.);
#9895 = DIRECTION('',(0.,-1.,0.));
#9896 = ORIENTED_EDGE('',*,*,#7807,.F.);
#9897 = ORIENTED_EDGE('',*,*,#9875,.F.);
#9898 = PLANE('',#9899);
#9899 = AXIS2_PLACEMENT_3D('',#9900,#9901,#9902);
#9900 = CARTESIAN_POINT('',(176.0204187247,76.419813208802,1.));
#9901 = DIRECTION('',(0.,0.,1.));
#9902 = DIRECTION('',(1.,0.,-0.));
#9903 = ADVANCED_FACE('',(#9904),#9914,.T.);
#9904 = FACE_BOUND('',#9905,.T.);
#9905 = EDGE_LOOP('',(#9906,#9912,#9913));
#9906 = ORIENTED_EDGE('',*,*,#9907,.T.);
#9907 = EDGE_CURVE('',#1595,#7730,#9908,.T.);
#9908 = LINE('',#9909,#9910);
#9909 = CARTESIAN_POINT('',(175.85200500488,90.889297485352,1.));
#9910 = VECTOR('',#9911,1.);
#9911 = DIRECTION('',(4.775165313259E-03,-0.999988598833,0.));
#9912 = ORIENTED_EDGE('',*,*,#9891,.F.);
#9913 = ORIENTED_EDGE('',*,*,#1602,.F.);
#9914 = PLANE('',#9915);
#9915 = AXIS2_PLACEMENT_3D('',#9916,#9917,#9918);
#9916 = CARTESIAN_POINT('',(175.9554679838,76.515578503109,1.));
#9917 = DIRECTION('',(0.,0.,1.));
#9918 = DIRECTION('',(1.,0.,-0.));
#9919 = ADVANCED_FACE('',(#9920),#9930,.T.);
#9920 = FACE_BOUND('',#9921,.T.);
#9921 = EDGE_LOOP('',(#9922,#9928,#9929));
#9922 = ORIENTED_EDGE('',*,*,#9923,.T.);
#9923 = EDGE_CURVE('',#1595,#7684,#9924,.T.);
#9924 = LINE('',#9925,#9926);
#9925 = CARTESIAN_POINT('',(175.85200500488,90.889297485352,1.));
#9926 = VECTOR('',#9927,1.);
#9927 = DIRECTION('',(0.,-1.,0.));
#9928 = ORIENTED_EDGE('',*,*,#7737,.F.);
#9929 = ORIENTED_EDGE('',*,*,#9907,.F.);
#9930 = PLANE('',#9931);
#9931 = AXIS2_PLACEMENT_3D('',#9932,#9933,#9934);
#9932 = CARTESIAN_POINT('',(175.88668660368,76.424072334506,1.));
#9933 = DIRECTION('',(0.,0.,1.));
#9934 = DIRECTION('',(1.,0.,-0.));
#9935 = ADVANCED_FACE('',(#9936),#9946,.T.);
#9936 = FACE_BOUND('',#9937,.T.);
#9937 = EDGE_LOOP('',(#9938,#9944,#9945));
#9938 = ORIENTED_EDGE('',*,*,#9939,.T.);
#9939 = EDGE_CURVE('',#1641,#7684,#9940,.T.);
#9940 = LINE('',#9941,#9942);
#9941 = CARTESIAN_POINT('',(175.69999694824,90.78759765625,1.));
#9942 = VECTOR('',#9943,1.);
#9943 = DIRECTION('',(5.300640121108E-03,-0.999985951508,0.));
#9944 = ORIENTED_EDGE('',*,*,#9923,.F.);
#9945 = ORIENTED_EDGE('',*,*,#1648,.F.);
#9946 = PLANE('',#9947);
#9947 = AXIS2_PLACEMENT_3D('',#9948,#9949,#9950);
#9948 = CARTESIAN_POINT('',(175.81394919435,76.520195294732,1.));
#9949 = DIRECTION('',(0.,0.,1.));
#9950 = DIRECTION('',(1.,0.,-0.));
#9951 = ADVANCED_FACE('',(#9952),#9962,.T.);
#9952 = FACE_BOUND('',#9953,.T.);
#9953 = EDGE_LOOP('',(#9954,#9960,#9961));
#9954 = ORIENTED_EDGE('',*,*,#9955,.T.);
#9955 = EDGE_CURVE('',#1641,#7638,#9956,.T.);
#9956 = LINE('',#9957,#9958);
#9957 = CARTESIAN_POINT('',(175.69999694824,90.78759765625,1.));
#9958 = VECTOR('',#9959,1.);
#9959 = DIRECTION('',(0.,-1.,0.));
#9960 = ORIENTED_EDGE('',*,*,#7691,.F.);
#9961 = ORIENTED_EDGE('',*,*,#9939,.F.);
#9962 = PLANE('',#9963);
#9963 = AXIS2_PLACEMENT_3D('',#9964,#9965,#9966);
#9964 = CARTESIAN_POINT('',(175.73818752826,76.42895097602,1.));
#9965 = DIRECTION('',(0.,0.,1.));
#9966 = DIRECTION('',(1.,0.,-0.));
#9967 = ADVANCED_FACE('',(#9968),#9978,.T.);
#9968 = FACE_BOUND('',#9969,.T.);
#9969 = EDGE_LOOP('',(#9970,#9976,#9977));
#9970 = ORIENTED_EDGE('',*,*,#9971,.T.);
#9971 = EDGE_CURVE('',#1687,#7638,#9972,.T.);
#9972 = LINE('',#9973,#9974);
#9973 = CARTESIAN_POINT('',(175.53599548339,90.706596374512,1.));
#9974 = VECTOR('',#9975,1.);
#9975 = DIRECTION('',(5.755513784226E-03,-0.999983436893,0.));
#9976 = ORIENTED_EDGE('',*,*,#9955,.F.);
#9977 = ORIENTED_EDGE('',*,*,#1694,.F.);
#9978 = PLANE('',#9979);
#9979 = AXIS2_PLACEMENT_3D('',#9980,#9981,#9982);
#9980 = CARTESIAN_POINT('',(175.6589232611,76.525358389251,1.));
#9981 = DIRECTION('',(0.,0.,1.));
#9982 = DIRECTION('',(1.,0.,-0.));
#9983 = ADVANCED_FACE('',(#9984),#9994,.T.);
#9984 = FACE_BOUND('',#9985,.T.);
#9985 = EDGE_LOOP('',(#9986,#9992,#9993));
#9986 = ORIENTED_EDGE('',*,*,#9987,.T.);
#9987 = EDGE_CURVE('',#1687,#7585,#9988,.T.);
#9988 = LINE('',#9989,#9990);
#9989 = CARTESIAN_POINT('',(175.53599548339,90.706596374512,1.));
#9990 = VECTOR('',#9991,1.);
#9991 = DIRECTION('',(0.,-1.,0.));
#9992 = ORIENTED_EDGE('',*,*,#7645,.F.);
#9993 = ORIENTED_EDGE('',*,*,#9971,.F.);
#9994 = PLANE('',#9995);
#9995 = AXIS2_PLACEMENT_3D('',#9996,#9997,#9998);
#9996 = CARTESIAN_POINT('',(175.57718572249,76.434137155182,1.));
#9997 = DIRECTION('',(0.,0.,1.));
#9998 = DIRECTION('',(1.,0.,-0.));
#9999 = ADVANCED_FACE('',(#10000),#10010,.T.);
#10000 = FACE_BOUND('',#10001,.T.);
#10001 = EDGE_LOOP('',(#10002,#10008,#10009));
#10002 = ORIENTED_EDGE('',*,*,#10003,.T.);
#10003 = EDGE_CURVE('',#1733,#7585,#10004,.T.);
#10004 = LINE('',#10005,#10006);
#10005 = CARTESIAN_POINT('',(175.36199951171,90.64769744873,1.));
#10006 = VECTOR('',#10007,1.);
#10007 = DIRECTION('',(6.136378264396E-03,-0.999981172254,0.));
#10008 = ORIENTED_EDGE('',*,*,#9987,.F.);
#10009 = ORIENTED_EDGE('',*,*,#1740,.F.);
#10010 = PLANE('',#10011);
#10011 = AXIS2_PLACEMENT_3D('',#10012,#10013,#10014);
#10012 = CARTESIAN_POINT('',(175.49240076544,76.531063530174,1.));
#10013 = DIRECTION('',(0.,0.,1.));
#10014 = DIRECTION('',(1.,0.,-0.));
#10015 = ADVANCED_FACE('',(#10016),#10026,.T.);
#10016 = FACE_BOUND('',#10017,.T.);
#10017 = EDGE_LOOP('',(#10018,#10024,#10025));
#10018 = ORIENTED_EDGE('',*,*,#10019,.T.);
#10019 = EDGE_CURVE('',#1733,#7593,#10020,.T.);
#10020 = LINE('',#10021,#10022);
#10021 = CARTESIAN_POINT('',(175.36199951171,90.64769744873,1.));
#10022 = VECTOR('',#10023,1.);
#10023 = DIRECTION('',(0.,-1.,0.));
#10024 = ORIENTED_EDGE('',*,*,#7592,.F.);
#10025 = ORIENTED_EDGE('',*,*,#10003,.F.);
#10026 = PLANE('',#10027);
#10027 = AXIS2_PLACEMENT_3D('',#10028,#10029,#10030);
#10028 = CARTESIAN_POINT('',(175.40568458704,76.439483192238,1.));
#10029 = DIRECTION('',(0.,0.,1.));
#10030 = DIRECTION('',(1.,0.,-0.));
#10031 = ADVANCED_FACE('',(#10032),#10042,.T.);
#10032 = FACE_BOUND('',#10033,.T.);
#10033 = EDGE_LOOP('',(#10034,#10040,#10041));
#10034 = ORIENTED_EDGE('',*,*,#10035,.T.);
#10035 = EDGE_CURVE('',#1779,#7593,#10036,.T.);
#10036 = LINE('',#10037,#10038);
#10037 = CARTESIAN_POINT('',(175.18299865722,90.611999511719,1.));
#10038 = VECTOR('',#10039,1.);
#10039 = DIRECTION('',(6.334011288732E-03,-0.999979939949,0.));
#10040 = ORIENTED_EDGE('',*,*,#10019,.F.);
#10041 = ORIENTED_EDGE('',*,*,#1786,.F.);
#10042 = PLANE('',#10043);
#10043 = AXIS2_PLACEMENT_3D('',#10044,#10045,#10046);
#10044 = CARTESIAN_POINT('',(175.3171330458,76.536563319752,1.));
#10045 = DIRECTION('',(0.,0.,1.));
#10046 = DIRECTION('',(1.,0.,-0.));
#10047 = ADVANCED_FACE('',(#10048),#10058,.T.);
#10048 = FACE_BOUND('',#10049,.T.);
#10049 = EDGE_LOOP('',(#10050,#10056,#10057));
#10050 = ORIENTED_EDGE('',*,*,#10051,.T.);
#10051 = EDGE_CURVE('',#1779,#9697,#10052,.T.);
#10052 = LINE('',#10053,#10054);
#10053 = CARTESIAN_POINT('',(175.18299865722,90.611999511719,1.));
#10054 = VECTOR('',#10055,1.);
#10055 = DIRECTION('',(0.,-1.,0.));
#10056 = ORIENTED_EDGE('',*,*,#9748,.F.);
#10057 = ORIENTED_EDGE('',*,*,#10035,.F.);
#10058 = PLANE('',#10059);
#10059 = AXIS2_PLACEMENT_3D('',#10060,#10061,#10062);
#10060 = CARTESIAN_POINT('',(175.2279216551,76.445584664193,1.));
#10061 = DIRECTION('',(0.,0.,1.));
#10062 = DIRECTION('',(1.,0.,-0.));
#10063 = ADVANCED_FACE('',(#10064),#10074,.T.);
#10064 = FACE_BOUND('',#10065,.T.);
#10065 = EDGE_LOOP('',(#10066,#10072,#10073));
#10066 = ORIENTED_EDGE('',*,*,#10067,.T.);
#10067 = EDGE_CURVE('',#1825,#9697,#10068,.T.);
#10068 = LINE('',#10069,#10070);
#10069 = CARTESIAN_POINT('',(175.,90.599998474121,1.));
#10070 = VECTOR('',#10071,1.);
#10071 = DIRECTION('',(6.486417855632E-03,-0.99997896297,0.));
#10072 = ORIENTED_EDGE('',*,*,#10051,.F.);
#10073 = ORIENTED_EDGE('',*,*,#1832,.F.);
#10074 = PLANE('',#10075);
#10075 = AXIS2_PLACEMENT_3D('',#10076,#10077,#10078);
#10076 = CARTESIAN_POINT('',(175.13711002748,76.542699300467,1.));
#10077 = DIRECTION('',(0.,0.,1.));
#10078 = DIRECTION('',(1.,0.,-0.));
#10079 = ADVANCED_FACE('',(#10080),#10090,.T.);
#10080 = FACE_BOUND('',#10081,.T.);
#10081 = EDGE_LOOP('',(#10082,#10088,#10089));
#10082 = ORIENTED_EDGE('',*,*,#10083,.T.);
#10083 = EDGE_CURVE('',#1825,#9338,#10084,.T.);
#10084 = LINE('',#10085,#10086);
#10085 = CARTESIAN_POINT('',(175.,90.599998474121,1.));
#10086 = VECTOR('',#10087,1.);
#10087 = DIRECTION('',(0.,-1.,0.));
#10088 = ORIENTED_EDGE('',*,*,#9704,.F.);
#10089 = ORIENTED_EDGE('',*,*,#10067,.F.);
#10090 = PLANE('',#10091);
#10091 = AXIS2_PLACEMENT_3D('',#10092,#10093,#10094);
#10092 = CARTESIAN_POINT('',(175.04590809088,76.451300180734,1.));
#10093 = DIRECTION('',(0.,0.,1.));
#10094 = DIRECTION('',(1.,0.,-0.));
#10095 = ADVANCED_FACE('',(#10096),#10106,.T.);
#10096 = FACE_BOUND('',#10097,.T.);
#10097 = EDGE_LOOP('',(#10098,#10104,#10105));
#10098 = ORIENTED_EDGE('',*,*,#10099,.T.);
#10099 = EDGE_CURVE('',#1871,#9338,#10100,.T.);
#10100 = LINE('',#10101,#10102);
#10101 = CARTESIAN_POINT('',(174.81700134277,90.611999511719,1.));
#10102 = VECTOR('',#10103,1.);
#10103 = DIRECTION('',(6.486417855632E-03,-0.99997896297,0.));
#10104 = ORIENTED_EDGE('',*,*,#10083,.F.);
#10105 = ORIENTED_EDGE('',*,*,#1878,.F.);
#10106 = PLANE('',#10107);
#10107 = AXIS2_PLACEMENT_3D('',#10108,#10109,#10110);
#10108 = CARTESIAN_POINT('',(174.95409190912,76.548699819266,1.));
#10109 = DIRECTION('',(0.,0.,1.));
#10110 = DIRECTION('',(1.,0.,-0.));
#10111 = ADVANCED_FACE('',(#10112),#10122,.T.);
#10112 = FACE_BOUND('',#10113,.T.);
#10113 = EDGE_LOOP('',(#10114,#10120,#10121));
#10114 = ORIENTED_EDGE('',*,*,#10115,.T.);
#10115 = EDGE_CURVE('',#1871,#9292,#10116,.T.);
#10116 = LINE('',#10117,#10118);
#10117 = CARTESIAN_POINT('',(174.81700134277,90.611999511719,1.));
#10118 = VECTOR('',#10119,1.);
#10119 = DIRECTION('',(0.,-1.,0.));
#10120 = ORIENTED_EDGE('',*,*,#9345,.F.);
#10121 = ORIENTED_EDGE('',*,*,#10099,.F.);
#10122 = PLANE('',#10123);
#10123 = AXIS2_PLACEMENT_3D('',#10124,#10125,#10126);
#10124 = CARTESIAN_POINT('',(174.86288997251,76.457300699533,1.));
#10125 = DIRECTION('',(0.,0.,1.));
#10126 = DIRECTION('',(1.,0.,-0.));
#10127 = ADVANCED_FACE('',(#10128),#10138,.T.);
#10128 = FACE_BOUND('',#10129,.T.);
#10129 = EDGE_LOOP('',(#10130,#10136,#10137));
#10130 = ORIENTED_EDGE('',*,*,#10131,.T.);
#10131 = EDGE_CURVE('',#1973,#9292,#10132,.T.);
#10132 = LINE('',#10133,#10134);
#10133 = CARTESIAN_POINT('',(174.63800048828,90.64769744873,1.));
#10134 = VECTOR('',#10135,1.);
#10135 = DIRECTION('',(6.334012143708E-03,-0.999979939944,0.));
#10136 = ORIENTED_EDGE('',*,*,#10115,.F.);
#10137 = ORIENTED_EDGE('',*,*,#2198,.F.);
#10138 = PLANE('',#10139);
#10139 = AXIS2_PLACEMENT_3D('',#10140,#10141,#10142);
#10140 = CARTESIAN_POINT('',(174.77207834848,76.554414195587,1.));
#10141 = DIRECTION('',(0.,0.,1.));
#10142 = DIRECTION('',(1.,0.,-0.));
#10143 = ADVANCED_FACE('',(#10144),#10154,.T.);
#10144 = FACE_BOUND('',#10145,.T.);
#10145 = EDGE_LOOP('',(#10146,#10152,#10153));
#10146 = ORIENTED_EDGE('',*,*,#10147,.T.);
#10147 = EDGE_CURVE('',#1973,#9246,#10148,.T.);
#10148 = LINE('',#10149,#10150);
#10149 = CARTESIAN_POINT('',(174.63800048828,90.64769744873,1.));
#10150 = VECTOR('',#10151,1.);
#10151 = DIRECTION('',(0.,-1.,0.));
#10152 = ORIENTED_EDGE('',*,*,#9299,.F.);
#10153 = ORIENTED_EDGE('',*,*,#10131,.F.);
#10154 = PLANE('',#10155);
#10155 = AXIS2_PLACEMENT_3D('',#10156,#10157,#10158);
#10156 = CARTESIAN_POINT('',(174.68286695178,76.463433632717,1.));
#10157 = DIRECTION('',(0.,0.,1.));
#10158 = DIRECTION('',(1.,0.,-0.));
#10159 = ADVANCED_FACE('',(#10160),#10170,.T.);
#10160 = FACE_BOUND('',#10161,.T.);
#10161 = EDGE_LOOP('',(#10162,#10168,#10169));
#10162 = ORIENTED_EDGE('',*,*,#10163,.T.);
#10163 = EDGE_CURVE('',#1965,#9246,#10164,.T.);
#10164 = LINE('',#10165,#10166);
#10165 = CARTESIAN_POINT('',(174.4640045166,90.706596374512,1.));
#10166 = VECTOR('',#10167,1.);
#10167 = DIRECTION('',(6.136378264396E-03,-0.999981172254,0.));
#10168 = ORIENTED_EDGE('',*,*,#10147,.F.);
#10169 = ORIENTED_EDGE('',*,*,#1972,.F.);
#10170 = PLANE('',#10171);
#10171 = AXIS2_PLACEMENT_3D('',#10172,#10173,#10174);
#10172 = CARTESIAN_POINT('',(174.59431541295,76.560512993065,1.));
#10173 = DIRECTION('',(0.,0.,1.));
#10174 = DIRECTION('',(1.,0.,-0.));
#10175 = ADVANCED_FACE('',(#10176),#10186,.T.);
#10176 = FACE_BOUND('',#10177,.T.);
#10177 = EDGE_LOOP('',(#10178,#10184,#10185));
#10178 = ORIENTED_EDGE('',*,*,#10179,.T.);
#10179 = EDGE_CURVE('',#1965,#9200,#10180,.T.);
#10180 = LINE('',#10181,#10182);
#10181 = CARTESIAN_POINT('',(174.4640045166,90.706596374512,1.));
#10182 = VECTOR('',#10183,1.);
#10183 = DIRECTION('',(0.,-1.,0.));
#10184 = ORIENTED_EDGE('',*,*,#9253,.F.);
#10185 = ORIENTED_EDGE('',*,*,#10163,.F.);
#10186 = PLANE('',#10187);
#10187 = AXIS2_PLACEMENT_3D('',#10188,#10189,#10190);
#10188 = CARTESIAN_POINT('',(174.50759923455,76.468932655128,1.));
#10189 = DIRECTION('',(0.,0.,1.));
#10190 = DIRECTION('',(1.,0.,-0.));
#10191 = ADVANCED_FACE('',(#10192),#10202,.T.);
#10192 = FACE_BOUND('',#10193,.T.);
#10193 = EDGE_LOOP('',(#10194,#10200,#10201));
#10194 = ORIENTED_EDGE('',*,*,#10195,.T.);
#10195 = EDGE_CURVE('',#2064,#9200,#10196,.T.);
#10196 = LINE('',#10197,#10198);
#10197 = CARTESIAN_POINT('',(174.30000305175,90.78759765625,1.));
#10198 = VECTOR('',#10199,1.);
#10199 = DIRECTION('',(5.755513784226E-03,-0.999983436893,0.));
#10200 = ORIENTED_EDGE('',*,*,#10179,.F.);
#10201 = ORIENTED_EDGE('',*,*,#2071,.F.);
#10202 = PLANE('',#10203);
#10203 = AXIS2_PLACEMENT_3D('',#10204,#10205,#10206);
#10204 = CARTESIAN_POINT('',(174.4228142775,76.56585903012,1.));
#10205 = DIRECTION('',(0.,0.,1.));
#10206 = DIRECTION('',(1.,0.,-0.));
#10207 = ADVANCED_FACE('',(#10208),#10218,.T.);
#10208 = FACE_BOUND('',#10209,.T.);
#10209 = EDGE_LOOP('',(#10210,#10216,#10217));
#10210 = ORIENTED_EDGE('',*,*,#10211,.T.);
#10211 = EDGE_CURVE('',#2064,#9154,#10212,.T.);
#10212 = LINE('',#10213,#10214);
#10213 = CARTESIAN_POINT('',(174.30000305175,90.78759765625,1.));
#10214 = VECTOR('',#10215,1.);
#10215 = DIRECTION('',(0.,-1.,0.));
#10216 = ORIENTED_EDGE('',*,*,#9207,.F.);
#10217 = ORIENTED_EDGE('',*,*,#10195,.F.);
#10218 = PLANE('',#10219);
#10219 = AXIS2_PLACEMENT_3D('',#10220,#10221,#10222);
#10220 = CARTESIAN_POINT('',(174.34107673889,76.474637796051,1.));
#10221 = DIRECTION('',(0.,0.,1.));
#10222 = DIRECTION('',(1.,0.,-0.));
#10223 = ADVANCED_FACE('',(#10224),#10234,.T.);
#10224 = FACE_BOUND('',#10225,.T.);
#10225 = EDGE_LOOP('',(#10226,#10232,#10233));
#10226 = ORIENTED_EDGE('',*,*,#10227,.T.);
#10227 = EDGE_CURVE('',#2110,#9154,#10228,.T.);
#10228 = LINE('',#10229,#10230);
#10229 = CARTESIAN_POINT('',(174.14799499511,90.889297485352,1.));
#10230 = VECTOR('',#10231,1.);
#10231 = DIRECTION('',(5.300640121108E-03,-0.999985951508,0.));
#10232 = ORIENTED_EDGE('',*,*,#10211,.F.);
#10233 = ORIENTED_EDGE('',*,*,#2117,.F.);
#10234 = PLANE('',#10235);
#10235 = AXIS2_PLACEMENT_3D('',#10236,#10237,#10238);
#10236 = CARTESIAN_POINT('',(174.26181247173,76.571045209282,1.));
#10237 = DIRECTION('',(0.,0.,1.));
#10238 = DIRECTION('',(1.,0.,-0.));
#10239 = ADVANCED_FACE('',(#10240),#10250,.T.);
#10240 = FACE_BOUND('',#10241,.T.);
#10241 = EDGE_LOOP('',(#10242,#10248,#10249));
#10242 = ORIENTED_EDGE('',*,*,#10243,.T.);
#10243 = EDGE_CURVE('',#2110,#8873,#10244,.T.);
#10244 = LINE('',#10245,#10246);
#10245 = CARTESIAN_POINT('',(174.14799499511,90.889297485352,1.));
#10246 = VECTOR('',#10247,1.);
#10247 = DIRECTION('',(0.,-1.,0.));
#10248 = ORIENTED_EDGE('',*,*,#9161,.F.);
#10249 = ORIENTED_EDGE('',*,*,#10227,.F.);
#10250 = PLANE('',#10251);
#10251 = AXIS2_PLACEMENT_3D('',#10252,#10253,#10254);
#10252 = CARTESIAN_POINT('',(174.18605080564,76.479800890571,1.));
#10253 = DIRECTION('',(0.,0.,1.));
#10254 = DIRECTION('',(1.,0.,-0.));
#10255 = ADVANCED_FACE('',(#10256),#10266,.T.);
#10256 = FACE_BOUND('',#10257,.T.);
#10257 = EDGE_LOOP('',(#10258,#10264,#10265));
#10258 = ORIENTED_EDGE('',*,*,#10259,.T.);
#10259 = EDGE_CURVE('',#2018,#8873,#10260,.T.);
#10260 = LINE('',#10261,#10262);
#10261 = CARTESIAN_POINT('',(174.00999450683,91.01000213623,1.));
#10262 = VECTOR('',#10263,1.);
#10263 = DIRECTION('',(4.775164052648E-03,-0.999988598839,0.));
#10264 = ORIENTED_EDGE('',*,*,#10243,.F.);
#10265 = ORIENTED_EDGE('',*,*,#2161,.F.);
#10266 = PLANE('',#10267);
#10267 = AXIS2_PLACEMENT_3D('',#10268,#10269,#10270);
#10268 = CARTESIAN_POINT('',(174.11331338881,76.575927013873,1.));
#10269 = DIRECTION('',(0.,0.,1.));
#10270 = DIRECTION('',(1.,0.,-0.));
#10271 = ADVANCED_FACE('',(#10272),#10282,.T.);
#10272 = FACE_BOUND('',#10273,.T.);
#10273 = EDGE_LOOP('',(#10274,#10280,#10281));
#10274 = ORIENTED_EDGE('',*,*,#10275,.T.);
#10275 = EDGE_CURVE('',#2018,#8881,#10276,.T.);
#10276 = LINE('',#10277,#10278);
#10277 = CARTESIAN_POINT('',(174.00999450683,91.01000213623,1.));
#10278 = VECTOR('',#10279,1.);
#10279 = DIRECTION('',(0.,-1.,0.));
#10280 = ORIENTED_EDGE('',*,*,#8880,.F.);
#10281 = ORIENTED_EDGE('',*,*,#10259,.F.);
#10282 = PLANE('',#10283);
#10283 = AXIS2_PLACEMENT_3D('',#10284,#10285,#10286);
#10284 = CARTESIAN_POINT('',(174.04453201774,76.484424659924,1.));
#10285 = DIRECTION('',(0.,0.,1.));
#10286 = DIRECTION('',(1.,0.,-0.));
#10287 = ADVANCED_FACE('',(#10288),#10298,.T.);
#10288 = FACE_BOUND('',#10289,.T.);
#10289 = EDGE_LOOP('',(#10290,#10296,#10297));
#10290 = ORIENTED_EDGE('',*,*,#10291,.T.);
#10291 = EDGE_CURVE('',#1917,#8881,#10292,.T.);
#10292 = LINE('',#10293,#10294);
#10293 = CARTESIAN_POINT('',(173.88900756835,91.14769744873,1.));
#10294 = VECTOR('',#10295,1.);
#10295 = DIRECTION('',(4.149364129999E-03,-0.999991391352,0.));
#10296 = ORIENTED_EDGE('',*,*,#10275,.F.);
#10297 = ORIENTED_EDGE('',*,*,#2026,.F.);
#10298 = PLANE('',#10299);
#10299 = AXIS2_PLACEMENT_3D('',#10300,#10301,#10302);
#10300 = CARTESIAN_POINT('',(173.97958128218,76.580187265687,1.));
#10301 = DIRECTION('',(0.,0.,1.));
#10302 = DIRECTION('',(1.,0.,-0.));
#10303 = ADVANCED_FACE('',(#10304),#10314,.T.);
#10304 = FACE_BOUND('',#10305,.T.);
#10305 = EDGE_LOOP('',(#10306,#10312,#10313));
#10306 = ORIENTED_EDGE('',*,*,#10307,.T.);
#10307 = EDGE_CURVE('',#1917,#8926,#10308,.T.);
#10308 = LINE('',#10309,#10310);
#10309 = CARTESIAN_POINT('',(173.88900756835,91.14769744873,1.));
#10310 = VECTOR('',#10311,1.);
#10311 = DIRECTION('',(0.,-1.,0.));
#10312 = ORIENTED_EDGE('',*,*,#8934,.F.);
#10313 = ORIENTED_EDGE('',*,*,#10291,.F.);
#10314 = PLANE('',#10315);
#10315 = AXIS2_PLACEMENT_3D('',#10316,#10317,#10318);
#10316 = CARTESIAN_POINT('',(173.91927795441,76.488660865068,1.));
#10317 = DIRECTION('',(0.,0.,1.));
#10318 = DIRECTION('',(1.,0.,-0.));
#10319 = ADVANCED_FACE('',(#10320),#10330,.T.);
#10320 = FACE_BOUND('',#10321,.T.);
#10321 = EDGE_LOOP('',(#10322,#10328,#10329));
#10322 = ORIENTED_EDGE('',*,*,#10323,.T.);
#10323 = EDGE_CURVE('',#767,#8926,#10324,.T.);
#10324 = LINE('',#10325,#10326);
#10325 = CARTESIAN_POINT('',(173.78799438476,91.300003051758,1.));
#10326 = VECTOR('',#10327,1.);
#10327 = DIRECTION('',(3.430236470181E-03,-0.999994116722,0.));
#10328 = ORIENTED_EDGE('',*,*,#10307,.F.);
#10329 = ORIENTED_EDGE('',*,*,#1925,.F.);
#10330 = PLANE('',#10331);
#10331 = AXIS2_PLACEMENT_3D('',#10332,#10333,#10334);
#10332 = CARTESIAN_POINT('',(173.86361060341,76.583720799498,1.));
#10333 = DIRECTION('',(0.,0.,1.));
#10334 = DIRECTION('',(1.,0.,-0.));
#10335 = ADVANCED_FACE('',(#10336),#10341,.T.);
#10336 = FACE_BOUND('',#10337,.T.);
#10337 = EDGE_LOOP('',(#10338,#10339,#10340));
#10338 = ORIENTED_EDGE('',*,*,#4483,.F.);
#10339 = ORIENTED_EDGE('',*,*,#8978,.F.);
#10340 = ORIENTED_EDGE('',*,*,#10323,.F.);
#10341 = PLANE('',#10342);
#10342 = AXIS2_PLACEMENT_3D('',#10343,#10344,#10345);
#10343 = CARTESIAN_POINT('',(173.81326073881,76.492431684184,1.));
#10344 = DIRECTION('',(0.,0.,1.));
#10345 = DIRECTION('',(1.,0.,-0.));
#10346 = ADVANCED_FACE('',(#10347),#10362,.T.);
#10347 = FACE_BOUND('',#10348,.T.);
#10348 = EDGE_LOOP('',(#10349,#10355,#10361));
#10349 = ORIENTED_EDGE('',*,*,#10350,.T.);
#10350 = EDGE_CURVE('',#3643,#675,#10351,.T.);
#10351 = LINE('',#10352,#10353);
#10352 = CARTESIAN_POINT('',(118.35199737548,91.637603759766,1.));
#10353 = VECTOR('',#10354,1.);
#10354 = DIRECTION('',(1.,0.,0.));
#10355 = ORIENTED_EDGE('',*,*,#10356,.T.);
#10356 = EDGE_CURVE('',#675,#3597,#10357,.T.);
#10357 = LINE('',#10358,#10359);
#10358 = CARTESIAN_POINT('',(173.64799499511,91.637603759766,1.));
#10359 = VECTOR('',#10360,1.);
#10360 = DIRECTION('',(-0.9999947129,3.251795099369E-03,0.));
#10361 = ORIENTED_EDGE('',*,*,#3650,.F.);
#10362 = PLANE('',#10363);
#10363 = AXIS2_PLACEMENT_3D('',#10364,#10365,#10366);
#10364 = CARTESIAN_POINT('',(145.96325341178,91.682587401016,1.));
#10365 = DIRECTION('',(0.,0.,1.));
#10366 = DIRECTION('',(1.,0.,-0.));
#10367 = ADVANCED_FACE('',(#10368),#10378,.T.);
#10368 = FACE_BOUND('',#10369,.T.);
#10369 = EDGE_LOOP('',(#10370,#10371,#10377));
#10370 = ORIENTED_EDGE('',*,*,#10350,.F.);
#10371 = ORIENTED_EDGE('',*,*,#10372,.T.);
#10372 = EDGE_CURVE('',#3643,#721,#10373,.T.);
#10373 = LINE('',#10374,#10375);
#10374 = CARTESIAN_POINT('',(118.35199737548,91.637603759766,1.));
#10375 = VECTOR('',#10376,1.);
#10376 = DIRECTION('',(0.999995093683,-3.132508673668E-03,0.));
#10377 = ORIENTED_EDGE('',*,*,#729,.F.);
#10378 = PLANE('',#10379);
#10379 = AXIS2_PLACEMENT_3D('',#10380,#10381,#10382);
#10380 = CARTESIAN_POINT('',(146.06047105703,91.594158714431,1.));
#10381 = DIRECTION('',(0.,0.,1.));
#10382 = DIRECTION('',(1.,0.,-0.));
#10383 = ADVANCED_FACE('',(#10384),#10394,.T.);
#10384 = FACE_BOUND('',#10385,.T.);
#10385 = EDGE_LOOP('',(#10386,#10392,#10393));
#10386 = ORIENTED_EDGE('',*,*,#10387,.T.);
#10387 = EDGE_CURVE('',#629,#3597,#10388,.T.);
#10388 = LINE('',#10389,#10390);
#10389 = CARTESIAN_POINT('',(173.61199951171,91.81729888916,1.));
#10390 = VECTOR('',#10391,1.);
#10391 = DIRECTION('',(-1.,0.,0.));
#10392 = ORIENTED_EDGE('',*,*,#10356,.F.);
#10393 = ORIENTED_EDGE('',*,*,#683,.F.);
#10394 = PLANE('',#10395);
#10395 = AXIS2_PLACEMENT_3D('',#10396,#10397,#10398);
#10396 = CARTESIAN_POINT('',(146.0547420479,91.772285982856,1.));
#10397 = DIRECTION('',(0.,0.,1.));
#10398 = DIRECTION('',(1.,0.,-0.));
#10399 = ADVANCED_FACE('',(#10400),#10405,.T.);
#10400 = FACE_BOUND('',#10401,.T.);
#10401 = EDGE_LOOP('',(#10402,#10403,#10404));
#10402 = ORIENTED_EDGE('',*,*,#2229,.F.);
#10403 = ORIENTED_EDGE('',*,*,#10372,.F.);
#10404 = ORIENTED_EDGE('',*,*,#3694,.F.);
#10405 = PLANE('',#10406);
#10406 = AXIS2_PLACEMENT_3D('',#10407,#10408,#10409);
#10407 = CARTESIAN_POINT('',(145.96902670397,91.507601719109,1.));
#10408 = DIRECTION('',(0.,0.,1.));
#10409 = DIRECTION('',(1.,0.,-0.));
#10410 = ADVANCED_FACE('',(#10411),#10421,.T.);
#10411 = FACE_BOUND('',#10412,.T.);
#10412 = EDGE_LOOP('',(#10413,#10414,#10420));
#10413 = ORIENTED_EDGE('',*,*,#10387,.F.);
#10414 = ORIENTED_EDGE('',*,*,#10415,.T.);
#10415 = EDGE_CURVE('',#629,#3551,#10416,.T.);
#10416 = LINE('',#10417,#10418);
#10417 = CARTESIAN_POINT('',(173.61199951171,91.81729888916,1.));
#10418 = VECTOR('',#10419,1.);
#10419 = DIRECTION('',(-0.999994525028,3.309065370235E-03,0.));
#10420 = ORIENTED_EDGE('',*,*,#3604,.F.);
#10421 = PLANE('',#10422);
#10422 = AXIS2_PLACEMENT_3D('',#10423,#10424,#10425);
#10423 = CARTESIAN_POINT('',(145.95730212059,91.863044937136,1.));
#10424 = DIRECTION('',(0.,0.,1.));
#10425 = DIRECTION('',(1.,0.,-0.));
#10426 = ADVANCED_FACE('',(#10427),#10437,.T.);
#10427 = FACE_BOUND('',#10428,.T.);
#10428 = EDGE_LOOP('',(#10429,#10430,#10436));
#10429 = ORIENTED_EDGE('',*,*,#6749,.F.);
#10430 = ORIENTED_EDGE('',*,*,#10431,.T.);
#10431 = EDGE_CURVE('',#6132,#9016,#10432,.T.);
#10432 = LINE('',#10433,#10434);
#10433 = CARTESIAN_POINT('',(118.40000152587,61.,1.));
#10434 = VECTOR('',#10435,1.);
#10435 = DIRECTION('',(0.999953076956,9.687305406433E-03,0.));
#10436 = ORIENTED_EDGE('',*,*,#9024,.F.);
#10437 = PLANE('',#10438);
#10438 = AXIS2_PLACEMENT_3D('',#10439,#10440,#10441);
#10439 = CARTESIAN_POINT('',(146.11945842368,61.309491211213,1.));
#10440 = DIRECTION('',(0.,0.,1.));
#10441 = DIRECTION('',(1.,0.,-0.));
#10442 = ADVANCED_FACE('',(#10443),#10453,.T.);
#10443 = FACE_BOUND('',#10444,.T.);
#10444 = EDGE_LOOP('',(#10445,#10446,#10447));
#10445 = ORIENTED_EDGE('',*,*,#10415,.F.);
#10446 = ORIENTED_EDGE('',*,*,#637,.F.);
#10447 = ORIENTED_EDGE('',*,*,#10448,.T.);
#10448 = EDGE_CURVE('',#583,#3551,#10449,.T.);
#10449 = LINE('',#10450,#10451);
#10450 = CARTESIAN_POINT('',(173.60000610351,92.,1.));
#10451 = VECTOR('',#10452,1.);
#10452 = DIRECTION('',(-1.,0.,0.));
#10453 = PLANE('',#10454);
#10454 = AXIS2_PLACEMENT_3D('',#10455,#10456,#10457);
#10455 = CARTESIAN_POINT('',(146.04870018057,91.954244027305,1.));
#10456 = DIRECTION('',(0.,0.,1.));
#10457 = DIRECTION('',(1.,0.,-0.));
#10458 = ADVANCED_FACE('',(#10459),#10469,.T.);
#10459 = FACE_BOUND('',#10460,.T.);
#10460 = EDGE_LOOP('',(#10461,#10462,#10468));
#10461 = ORIENTED_EDGE('',*,*,#10431,.F.);
#10462 = ORIENTED_EDGE('',*,*,#10463,.T.);
#10463 = EDGE_CURVE('',#6132,#9062,#10464,.T.);
#10464 = LINE('',#10465,#10466);
#10465 = CARTESIAN_POINT('',(118.40000152587,61.,1.));
#10466 = VECTOR('',#10467,1.);
#10467 = DIRECTION('',(0.999978498848,6.557579020823E-03,0.));
#10468 = ORIENTED_EDGE('',*,*,#9070,.F.);
#10469 = PLANE('',#10470);
#10470 = AXIS2_PLACEMENT_3D('',#10471,#10472,#10473);
#10471 = CARTESIAN_POINT('',(146.08449517074,61.22492066548,1.));
#10472 = DIRECTION('',(0.,0.,1.));
#10473 = DIRECTION('',(1.,0.,-0.));
#10474 = ADVANCED_FACE('',(#10475),#10490,.T.);
#10475 = FACE_BOUND('',#10476,.T.);
#10476 = EDGE_LOOP('',(#10477,#10483,#10489));
#10477 = ORIENTED_EDGE('',*,*,#10478,.T.);
#10478 = EDGE_CURVE('',#1343,#7445,#10479,.T.);
#10479 = LINE('',#10480,#10481);
#10480 = CARTESIAN_POINT('',(176.38800048828,91.81729888916,1.));
#10481 = VECTOR('',#10482,1.);
#10482 = DIRECTION('',(0.497487676896,0.867471043515,0.));
#10483 = ORIENTED_EDGE('',*,*,#10484,.T.);
#10484 = EDGE_CURVE('',#7445,#1297,#10485,.T.);
#10485 = LINE('',#10486,#10487);
#10486 = CARTESIAN_POINT('',(178.5,95.5,1.));
#10487 = VECTOR('',#10488,1.);
#10488 = DIRECTION('',(-0.514496854948,-0.857492266,0.));
#10489 = ORIENTED_EDGE('',*,*,#1350,.F.);
#10490 = PLANE('',#10491);
#10491 = AXIS2_PLACEMENT_3D('',#10492,#10493,#10494);
#10492 = CARTESIAN_POINT('',(177.42428564984,93.664812440569,1.));
#10493 = DIRECTION('',(0.,0.,1.));
#10494 = DIRECTION('',(1.,0.,-0.));
#10495 = ADVANCED_FACE('',(#10496),#10506,.T.);
#10496 = FACE_BOUND('',#10497,.T.);
#10497 = EDGE_LOOP('',(#10498,#10504,#10505));
#10498 = ORIENTED_EDGE('',*,*,#10499,.T.);
#10499 = EDGE_CURVE('',#7445,#1251,#10500,.T.);
#10500 = LINE('',#10501,#10502);
#10501 = CARTESIAN_POINT('',(178.5,95.5,1.));
#10502 = VECTOR('',#10503,1.);
#10503 = DIRECTION('',(-0.537054867033,-0.843547313312,0.));
#10504 = ORIENTED_EDGE('',*,*,#1304,.F.);
#10505 = ORIENTED_EDGE('',*,*,#10484,.F.);
#10506 = PLANE('',#10507);
#10507 = AXIS2_PLACEMENT_3D('',#10508,#10509,#10510);
#10508 = CARTESIAN_POINT('',(177.42353343155,93.756776853108,1.));
#10509 = DIRECTION('',(0.,0.,1.));
#10510 = DIRECTION('',(1.,0.,-0.));
#10511 = ADVANCED_FACE('',(#10512),#10522,.T.);
#10512 = FACE_BOUND('',#10513,.T.);
#10513 = EDGE_LOOP('',(#10514,#10520,#10521));
#10514 = ORIENTED_EDGE('',*,*,#10515,.T.);
#10515 = EDGE_CURVE('',#7445,#1205,#10516,.T.);
#10516 = LINE('',#10517,#10518);
#10517 = CARTESIAN_POINT('',(178.5,95.5,1.));
#10518 = VECTOR('',#10519,1.);
#10519 = DIRECTION('',(-0.564901266979,-0.825158505116,0.));
#10520 = ORIENTED_EDGE('',*,*,#1258,.F.);
#10521 = ORIENTED_EDGE('',*,*,#10499,.F.);
#10522 = PLANE('',#10523);
#10523 = AXIS2_PLACEMENT_3D('',#10524,#10525,#10526);
#10524 = CARTESIAN_POINT('',(177.4105002742,93.848186965315,1.));
#10525 = DIRECTION('',(0.,0.,1.));
#10526 = DIRECTION('',(1.,0.,-0.));
#10527 = ADVANCED_FACE('',(#10528),#10538,.T.);
#10528 = FACE_BOUND('',#10529,.T.);
#10529 = EDGE_LOOP('',(#10530,#10536,#10537));
#10530 = ORIENTED_EDGE('',*,*,#10531,.T.);
#10531 = EDGE_CURVE('',#7445,#1159,#10532,.T.);
#10532 = LINE('',#10533,#10534);
#10533 = CARTESIAN_POINT('',(178.5,95.5,1.));
#10534 = VECTOR('',#10535,1.);
#10535 = DIRECTION('',(-0.597199234679,-0.80209293358,0.));
#10536 = ORIENTED_EDGE('',*,*,#1212,.F.);
#10537 = ORIENTED_EDGE('',*,*,#10515,.F.);
#10538 = PLANE('',#10539);
#10539 = AXIS2_PLACEMENT_3D('',#10540,#10541,#10542);
#10540 = CARTESIAN_POINT('',(177.3854939422,93.93756944355,1.));
#10541 = DIRECTION('',(0.,0.,1.));
#10542 = DIRECTION('',(1.,0.,-0.));
#10543 = ADVANCED_FACE('',(#10544),#10554,.T.);
#10544 = FACE_BOUND('',#10545,.T.);
#10545 = EDGE_LOOP('',(#10546,#10552,#10553));
#10546 = ORIENTED_EDGE('',*,*,#10547,.T.);
#10547 = EDGE_CURVE('',#7445,#1113,#10548,.T.);
#10548 = LINE('',#10549,#10550);
#10549 = CARTESIAN_POINT('',(178.5,95.5,1.));
#10550 = VECTOR('',#10551,1.);
#10551 = DIRECTION('',(-0.632754406779,-0.774352542904,0.));
#10552 = ORIENTED_EDGE('',*,*,#1166,.F.);
#10553 = ORIENTED_EDGE('',*,*,#10531,.F.);
#10554 = PLANE('',#10555);
#10555 = AXIS2_PLACEMENT_3D('',#10556,#10557,#10558);
#10556 = CARTESIAN_POINT('',(177.34901388139,94.023308133111,1.));
#10557 = DIRECTION('',(0.,0.,1.));
#10558 = DIRECTION('',(1.,0.,-0.));
#10559 = ADVANCED_FACE('',(#10560),#10570,.T.);
#10560 = FACE_BOUND('',#10561,.T.);
#10561 = EDGE_LOOP('',(#10562,#10568,#10569));
#10562 = ORIENTED_EDGE('',*,*,#10563,.T.);
#10563 = EDGE_CURVE('',#7445,#1067,#10564,.T.);
#10564 = LINE('',#10565,#10566);
#10565 = CARTESIAN_POINT('',(178.5,95.5,1.));
#10566 = VECTOR('',#10567,1.);
#10567 = DIRECTION('',(-0.669906109553,-0.742445825892,0.));
#10568 = ORIENTED_EDGE('',*,*,#1120,.F.);
#10569 = ORIENTED_EDGE('',*,*,#10547,.F.);
#10570 = PLANE('',#10571);
#10571 = AXIS2_PLACEMENT_3D('',#10572,#10573,#10574);
#10572 = CARTESIAN_POINT('',(177.30190525162,94.104021658815,1.));
#10573 = DIRECTION('',(0.,0.,1.));
#10574 = DIRECTION('',(1.,0.,-0.));
#10575 = ADVANCED_FACE('',(#10576),#10586,.T.);
#10576 = FACE_BOUND('',#10577,.T.);
#10577 = EDGE_LOOP('',(#10578,#10584,#10585));
#10578 = ORIENTED_EDGE('',*,*,#10579,.T.);
#10579 = EDGE_CURVE('',#7445,#997,#10580,.T.);
#10580 = LINE('',#10581,#10582);
#10581 = CARTESIAN_POINT('',(178.5,95.5,1.));
#10582 = VECTOR('',#10583,1.);
#10583 = DIRECTION('',(-0.707105706524,-0.707107855847,0.));
#10584 = ORIENTED_EDGE('',*,*,#1074,.F.);
#10585 = ORIENTED_EDGE('',*,*,#10563,.F.);
#10586 = PLANE('',#10587);
#10587 = AXIS2_PLACEMENT_3D('',#10588,#10589,#10590);
#10588 = CARTESIAN_POINT('',(177.24456182497,94.178117067541,1.));
#10589 = DIRECTION('',(0.,0.,1.));
#10590 = DIRECTION('',(1.,0.,-0.));
#10591 = ADVANCED_FACE('',(#10592),#10602,.T.);
#10592 = FACE_BOUND('',#10593,.T.);
#10593 = EDGE_LOOP('',(#10594,#10600,#10601));
#10594 = ORIENTED_EDGE('',*,*,#10595,.T.);
#10595 = EDGE_CURVE('',#7445,#951,#10596,.T.);
#10596 = LINE('',#10597,#10598);
#10597 = CARTESIAN_POINT('',(178.5,95.5,1.));
#10598 = VECTOR('',#10599,1.);
#10599 = DIRECTION('',(-0.742442835757,-0.669909423455,0.));
#10600 = ORIENTED_EDGE('',*,*,#1004,.F.);
#10601 = ORIENTED_EDGE('',*,*,#10579,.F.);
#10602 = PLANE('',#10603);
#10603 = AXIS2_PLACEMENT_3D('',#10604,#10605,#10606);
#10604 = CARTESIAN_POINT('',(177.17803500724,94.244481773749,1.));
#10605 = DIRECTION('',(0.,0.,1.));
#10606 = DIRECTION('',(1.,0.,-0.));
#10607 = ADVANCED_FACE('',(#10608),#10618,.T.);
#10608 = FACE_BOUND('',#10609,.T.);
#10609 = EDGE_LOOP('',(#10610,#10616,#10617));
#10610 = ORIENTED_EDGE('',*,*,#10611,.T.);
#10611 = EDGE_CURVE('',#7445,#905,#10612,.T.);
#10612 = LINE('',#10613,#10614);
#10613 = CARTESIAN_POINT('',(178.5,95.5,1.));
#10614 = VECTOR('',#10615,1.);
#10615 = DIRECTION('',(-0.774406302392,-0.632688611258,0.));
#10616 = ORIENTED_EDGE('',*,*,#958,.F.);
#10617 = ORIENTED_EDGE('',*,*,#10595,.F.);
#10618 = PLANE('',#10619);
#10619 = AXIS2_PLACEMENT_3D('',#10620,#10621,#10622);
#10620 = CARTESIAN_POINT('',(177.10392613822,94.301911521165,1.));
#10621 = DIRECTION('',(0.,0.,1.));
#10622 = DIRECTION('',(1.,0.,-0.));
#10623 = ADVANCED_FACE('',(#10624),#10634,.T.);
#10624 = FACE_BOUND('',#10625,.T.);
#10625 = EDGE_LOOP('',(#10626,#10632,#10633));
#10626 = ORIENTED_EDGE('',*,*,#10627,.T.);
#10627 = EDGE_CURVE('',#7445,#859,#10628,.T.);
#10628 = LINE('',#10629,#10630);
#10629 = CARTESIAN_POINT('',(178.5,95.5,1.));
#10630 = VECTOR('',#10631,1.);
#10631 = DIRECTION('',(-0.802126204066,-0.597154546789,0.));
#10632 = ORIENTED_EDGE('',*,*,#912,.F.);
#10633 = ORIENTED_EDGE('',*,*,#10611,.F.);
#10634 = PLANE('',#10635);
#10635 = AXIS2_PLACEMENT_3D('',#10636,#10637,#10638);
#10636 = CARTESIAN_POINT('',(177.0233899074,94.349241822466,1.));
#10637 = DIRECTION('',(0.,0.,1.));
#10638 = DIRECTION('',(1.,0.,-0.));
#10639 = ADVANCED_FACE('',(#10640),#10650,.T.);
#10640 = FACE_BOUND('',#10641,.T.);
#10641 = EDGE_LOOP('',(#10642,#10648,#10649));
#10642 = ORIENTED_EDGE('',*,*,#10643,.T.);
#10643 = EDGE_CURVE('',#7445,#813,#10644,.T.);
#10644 = LINE('',#10645,#10646);
#10645 = CARTESIAN_POINT('',(178.5,95.5,1.));
#10646 = VECTOR('',#10647,1.);
#10647 = DIRECTION('',(-0.825228266528,-0.564799352091,0.));
#10648 = ORIENTED_EDGE('',*,*,#866,.F.);
#10649 = ORIENTED_EDGE('',*,*,#10627,.F.);
#10650 = PLANE('',#10651);
#10651 = AXIS2_PLACEMENT_3D('',#10652,#10653,#10654);
#10652 = CARTESIAN_POINT('',(176.93740972099,94.385600275552,1.));
#10653 = DIRECTION('',(0.,0.,1.));
#10654 = DIRECTION('',(1.,0.,-0.));
#10655 = ADVANCED_FACE('',(#10656),#10666,.T.);
#10656 = FACE_BOUND('',#10657,.T.);
#10657 = EDGE_LOOP('',(#10658,#10664,#10665));
#10658 = ORIENTED_EDGE('',*,*,#10659,.T.);
#10659 = EDGE_CURVE('',#7445,#399,#10660,.T.);
#10660 = LINE('',#10661,#10662);
#10661 = CARTESIAN_POINT('',(178.5,95.5,1.));
#10662 = VECTOR('',#10663,1.);
#10663 = DIRECTION('',(-0.843525488103,-0.537089146158,0.));
#10664 = ORIENTED_EDGE('',*,*,#820,.F.);
#10665 = ORIENTED_EDGE('',*,*,#10643,.F.);
#10666 = PLANE('',#10667);
#10667 = AXIS2_PLACEMENT_3D('',#10668,#10669,#10670);
#10668 = CARTESIAN_POINT('',(176.848313422,94.410671542029,1.));
#10669 = DIRECTION('',(0.,0.,1.));
#10670 = DIRECTION('',(1.,0.,-0.));
#10671 = ADVANCED_FACE('',(#10672),#10682,.T.);
#10672 = FACE_BOUND('',#10673,.T.);
#10673 = EDGE_LOOP('',(#10674,#10680,#10681));
#10674 = ORIENTED_EDGE('',*,*,#10675,.T.);
#10675 = EDGE_CURVE('',#7445,#353,#10676,.T.);
#10676 = LINE('',#10677,#10678);
#10677 = CARTESIAN_POINT('',(178.5,95.5,1.));
#10678 = VECTOR('',#10679,1.);
#10679 = DIRECTION('',(-0.857493090641,-0.514495480547,0.));
#10680 = ORIENTED_EDGE('',*,*,#406,.F.);
#10681 = ORIENTED_EDGE('',*,*,#10659,.F.);
#10682 = PLANE('',#10683);
#10683 = AXIS2_PLACEMENT_3D('',#10684,#10685,#10686);
#10684 = CARTESIAN_POINT('',(176.75678853915,94.423497424524,1.));
#10685 = DIRECTION('',(0.,0.,1.));
#10686 = DIRECTION('',(1.,0.,-0.));
#10687 = ADVANCED_FACE('',(#10688),#10698,.T.);
#10688 = FACE_BOUND('',#10689,.T.);
#10689 = EDGE_LOOP('',(#10690,#10696,#10697));
#10690 = ORIENTED_EDGE('',*,*,#10691,.T.);
#10691 = EDGE_CURVE('',#7445,#307,#10692,.T.);
#10692 = LINE('',#10693,#10694);
#10693 = CARTESIAN_POINT('',(178.5,95.5,1.));
#10694 = VECTOR('',#10695,1.);
#10695 = DIRECTION('',(-0.867488388273,-0.497457431558,0.));
#10696 = ORIENTED_EDGE('',*,*,#360,.F.);
#10697 = ORIENTED_EDGE('',*,*,#10675,.F.);
#10698 = PLANE('',#10699);
#10699 = AXIS2_PLACEMENT_3D('',#10700,#10701,#10702);
#10700 = CARTESIAN_POINT('',(176.66467342236,94.424252143822,1.));
#10701 = DIRECTION('',(0.,0.,1.));
#10702 = DIRECTION('',(1.,0.,-0.));
#10703 = ADVANCED_FACE('',(#10704),#10714,.T.);
#10704 = FACE_BOUND('',#10705,.T.);
#10705 = EDGE_LOOP('',(#10706,#10712,#10713));
#10706 = ORIENTED_EDGE('',*,*,#10707,.T.);
#10707 = EDGE_CURVE('',#7445,#261,#10708,.T.);
#10708 = LINE('',#10709,#10710);
#10709 = CARTESIAN_POINT('',(178.5,95.5,1.));
#10710 = VECTOR('',#10711,1.);
#10711 = DIRECTION('',(-0.873951402775,-0.486013318323,0.));
#10712 = ORIENTED_EDGE('',*,*,#314,.F.);
#10713 = ORIENTED_EDGE('',*,*,#10691,.F.);
#10714 = PLANE('',#10715);
#10715 = AXIS2_PLACEMENT_3D('',#10716,#10717,#10718);
#10716 = CARTESIAN_POINT('',(176.57395789336,94.412930281324,1.));
#10717 = DIRECTION('',(0.,0.,1.));
#10718 = DIRECTION('',(1.,0.,-0.));
#10719 = ADVANCED_FACE('',(#10720),#10730,.T.);
#10720 = FACE_BOUND('',#10721,.T.);
#10721 = EDGE_LOOP('',(#10722,#10728,#10729));
#10722 = ORIENTED_EDGE('',*,*,#10723,.T.);
#10723 = EDGE_CURVE('',#7445,#215,#10724,.T.);
#10724 = LINE('',#10725,#10726);
#10725 = CARTESIAN_POINT('',(178.5,95.5,1.));
#10726 = VECTOR('',#10727,1.);
#10727 = DIRECTION('',(-0.877425007533,-0.479713827355,0.));
#10728 = ORIENTED_EDGE('',*,*,#268,.F.);
#10729 = ORIENTED_EDGE('',*,*,#10707,.F.);
#10730 = PLANE('',#10731);
#10731 = AXIS2_PLACEMENT_3D('',#10732,#10733,#10734);
#10732 = CARTESIAN_POINT('',(176.48523298377,94.389407868281,1.));
#10733 = DIRECTION('',(0.,0.,1.));
#10734 = DIRECTION('',(1.,0.,-0.));
#10735 = ADVANCED_FACE('',(#10736),#10746,.T.);
#10736 = FACE_BOUND('',#10737,.T.);
#10737 = EDGE_LOOP('',(#10738,#10744,#10745));
#10738 = ORIENTED_EDGE('',*,*,#10739,.T.);
#10739 = EDGE_CURVE('',#7445,#123,#10740,.T.);
#10740 = LINE('',#10741,#10742);
#10741 = CARTESIAN_POINT('',(178.5,95.5,1.));
#10742 = VECTOR('',#10743,1.);
#10743 = DIRECTION('',(-0.878186335066,-0.478318681324,0.));
#10744 = ORIENTED_EDGE('',*,*,#222,.F.);
#10745 = ORIENTED_EDGE('',*,*,#10723,.F.);
#10746 = PLANE('',#10747);
#10747 = AXIS2_PLACEMENT_3D('',#10748,#10749,#10750);
#10748 = CARTESIAN_POINT('',(176.4008449436,94.354579314485,1.));
#10749 = DIRECTION('',(0.,0.,1.));
#10750 = DIRECTION('',(1.,0.,-0.));
#10751 = ADVANCED_FACE('',(#10752),#10762,.T.);
#10752 = FACE_BOUND('',#10753,.T.);
#10753 = EDGE_LOOP('',(#10754,#10755,#10761));
#10754 = ORIENTED_EDGE('',*,*,#10463,.F.);
#10755 = ORIENTED_EDGE('',*,*,#10756,.T.);
#10756 = EDGE_CURVE('',#6132,#9108,#10757,.T.);
#10757 = LINE('',#10758,#10759);
#10758 = CARTESIAN_POINT('',(118.40000152587,61.,1.));
#10759 = VECTOR('',#10760,1.);
#10760 = DIRECTION('',(0.999994525028,3.309065370235E-03,0.));
#10761 = ORIENTED_EDGE('',*,*,#9116,.F.);
#10762 = PLANE('',#10763);
#10763 = AXIS2_PLACEMENT_3D('',#10764,#10765,#10766);
#10764 = CARTESIAN_POINT('',(146.06071880428,61.136491024023,1.));
#10765 = DIRECTION('',(0.,0.,1.));
#10766 = DIRECTION('',(1.,0.,-0.));
#10767 = ADVANCED_FACE('',(#10768),#10778,.T.);
#10768 = FACE_BOUND('',#10769,.T.);
#10769 = EDGE_LOOP('',(#10770,#10776,#10777));
#10770 = ORIENTED_EDGE('',*,*,#10771,.T.);
#10771 = EDGE_CURVE('',#537,#3551,#10772,.T.);
#10772 = LINE('',#10773,#10774);
#10773 = CARTESIAN_POINT('',(173.61199951171,92.18270111084,1.));
#10774 = VECTOR('',#10775,1.);
#10775 = DIRECTION('',(-0.999994525028,-3.309065370235E-03,0.));
#10776 = ORIENTED_EDGE('',*,*,#10448,.F.);
#10777 = ORIENTED_EDGE('',*,*,#591,.F.);
#10778 = PLANE('',#10779);
#10779 = AXIS2_PLACEMENT_3D('',#10780,#10781,#10782);
#10780 = CARTESIAN_POINT('',(146.04870018057,92.045755972695,1.));
#10781 = DIRECTION('',(0.,0.,1.));
#10782 = DIRECTION('',(1.,0.,-0.));
#10783 = ADVANCED_FACE('',(#10784),#10799,.T.);
#10784 = FACE_BOUND('',#10785,.T.);
#10785 = EDGE_LOOP('',(#10786,#10792,#10793));
#10786 = ORIENTED_EDGE('',*,*,#10787,.T.);
#10787 = EDGE_CURVE('',#3505,#537,#10788,.T.);
#10788 = LINE('',#10789,#10790);
#10789 = CARTESIAN_POINT('',(118.38800048828,92.18270111084,1.));
#10790 = VECTOR('',#10791,1.);
#10791 = DIRECTION('',(1.,0.,0.));
#10792 = ORIENTED_EDGE('',*,*,#545,.F.);
#10793 = ORIENTED_EDGE('',*,*,#10794,.T.);
#10794 = EDGE_CURVE('',#491,#3505,#10795,.T.);
#10795 = LINE('',#10796,#10797);
#10796 = CARTESIAN_POINT('',(173.64799499511,92.362396240234,1.));
#10797 = VECTOR('',#10798,1.);
#10798 = DIRECTION('',(-0.9999947129,-3.251795099369E-03,0.));
#10799 = PLANE('',#10800);
#10800 = AXIS2_PLACEMENT_3D('',#10801,#10802,#10803);
#10801 = CARTESIAN_POINT('',(146.0547420479,92.227714017144,1.));
#10802 = DIRECTION('',(0.,0.,1.));
#10803 = DIRECTION('',(1.,0.,-0.));
#10804 = ADVANCED_FACE('',(#10805),#10820,.T.);
#10805 = FACE_BOUND('',#10806,.T.);
#10806 = EDGE_LOOP('',(#10807,#10813,#10814));
#10807 = ORIENTED_EDGE('',*,*,#10808,.T.);
#10808 = EDGE_CURVE('',#3459,#491,#10809,.T.);
#10809 = LINE('',#10810,#10811);
#10810 = CARTESIAN_POINT('',(118.35199737548,92.362396240234,1.));
#10811 = VECTOR('',#10812,1.);
#10812 = DIRECTION('',(1.,0.,0.));
#10813 = ORIENTED_EDGE('',*,*,#499,.F.);
#10814 = ORIENTED_EDGE('',*,*,#10815,.T.);
#10815 = EDGE_CURVE('',#445,#3459,#10816,.T.);
#10816 = LINE('',#10817,#10818);
#10817 = CARTESIAN_POINT('',(173.70700073242,92.535797119141,1.));
#10818 = VECTOR('',#10819,1.);
#10819 = DIRECTION('',(-0.999995093683,-3.132508673668E-03,0.));
#10820 = PLANE('',#10821);
#10821 = AXIS2_PLACEMENT_3D('',#10822,#10823,#10824);
#10822 = CARTESIAN_POINT('',(146.06047105703,92.405841285569,1.));
#10823 = DIRECTION('',(0.,0.,1.));
#10824 = DIRECTION('',(1.,0.,-0.));
#10825 = ADVANCED_FACE('',(#10826),#10841,.T.);
#10826 = FACE_BOUND('',#10827,.T.);
#10827 = EDGE_LOOP('',(#10828,#10834,#10835));
#10828 = ORIENTED_EDGE('',*,*,#10829,.T.);
#10829 = EDGE_CURVE('',#3413,#445,#10830,.T.);
#10830 = LINE('',#10831,#10832);
#10831 = CARTESIAN_POINT('',(118.29299926757,92.535797119141,1.));
#10832 = VECTOR('',#10833,1.);
#10833 = DIRECTION('',(1.,0.,0.));
#10834 = ORIENTED_EDGE('',*,*,#453,.F.);
#10835 = ORIENTED_EDGE('',*,*,#10836,.T.);
#10836 = EDGE_CURVE('',#169,#3413,#10837,.T.);
#10837 = LINE('',#10838,#10839);
#10838 = CARTESIAN_POINT('',(173.78799438476,92.699996948242,1.));
#10839 = VECTOR('',#10840,1.);
#10840 = DIRECTION('',(-0.999995622714,-2.958809348577E-03,0.));
#10841 = PLANE('',#10842);
#10842 = AXIS2_PLACEMENT_3D('',#10843,#10844,#10845);
#10843 = CARTESIAN_POINT('',(146.06595991548,92.576944747881,1.));
#10844 = DIRECTION('',(0.,0.,1.));
#10845 = DIRECTION('',(1.,0.,-0.));
#10846 = ADVANCED_FACE('',(#10847),#10862,.T.);
#10847 = FACE_BOUND('',#10848,.T.);
#10848 = EDGE_LOOP('',(#10849,#10855,#10856));
#10849 = ORIENTED_EDGE('',*,*,#10850,.T.);
#10850 = EDGE_CURVE('',#3367,#169,#10851,.T.);
#10851 = LINE('',#10852,#10853);
#10852 = CARTESIAN_POINT('',(118.21199798584,92.699996948242,1.));
#10853 = VECTOR('',#10854,1.);
#10854 = DIRECTION('',(1.,0.,0.));
#10855 = ORIENTED_EDGE('',*,*,#177,.F.);
#10856 = ORIENTED_EDGE('',*,*,#10857,.T.);
#10857 = EDGE_CURVE('',#22,#3367,#10858,.T.);
#10858 = LINE('',#10859,#10860);
#10859 = CARTESIAN_POINT('',(173.88900756835,92.85230255127,1.));
#10860 = VECTOR('',#10861,1.);
#10861 = DIRECTION('',(-0.999996258485,-2.735510299774E-03,0.));
#10862 = PLANE('',#10863);
#10863 = AXIS2_PLACEMENT_3D('',#10864,#10865,#10866);
#10864 = CARTESIAN_POINT('',(146.07088702051,92.738170381717,1.));
#10865 = DIRECTION('',(0.,0.,1.));
#10866 = DIRECTION('',(1.,0.,-0.));
#10867 = ADVANCED_FACE('',(#10868),#10883,.T.);
#10868 = FACE_BOUND('',#10869,.T.);
#10869 = EDGE_LOOP('',(#10870,#10876,#10877));
#10870 = ORIENTED_EDGE('',*,*,#10871,.T.);
#10871 = EDGE_CURVE('',#3321,#22,#10872,.T.);
#10872 = LINE('',#10873,#10874);
#10873 = CARTESIAN_POINT('',(118.11100006103,92.85230255127,1.));
#10874 = VECTOR('',#10875,1.);
#10875 = DIRECTION('',(1.,0.,0.));
#10876 = ORIENTED_EDGE('',*,*,#39,.F.);
#10877 = ORIENTED_EDGE('',*,*,#10878,.T.);
#10878 = EDGE_CURVE('',#32,#3321,#10879,.T.);
#10879 = LINE('',#10880,#10881);
#10880 = CARTESIAN_POINT('',(174.00999450683,92.98999786377,1.));
#10881 = VECTOR('',#10882,1.);
#10882 = DIRECTION('',(-0.99999696612,-2.46328035261E-03,0.));
#10883 = PLANE('',#10884);
#10884 = AXIS2_PLACEMENT_3D('',#10885,#10886,#10887);
#10885 = CARTESIAN_POINT('',(146.07603243432,92.886820071658,1.));
#10886 = DIRECTION('',(0.,0.,1.));
#10887 = DIRECTION('',(1.,0.,-0.));
#10888 = ADVANCED_FACE('',(#10889),#10904,.T.);
#10889 = FACE_BOUND('',#10890,.T.);
#10890 = EDGE_LOOP('',(#10891,#10897,#10898));
#10891 = ORIENTED_EDGE('',*,*,#10892,.T.);
#10892 = EDGE_CURVE('',#3251,#32,#10893,.T.);
#10893 = LINE('',#10894,#10895);
#10894 = CARTESIAN_POINT('',(117.98999786377,92.98999786377,1.));
#10895 = VECTOR('',#10896,1.);
#10896 = DIRECTION('',(1.,0.,0.));
#10897 = ORIENTED_EDGE('',*,*,#84,.F.);
#10898 = ORIENTED_EDGE('',*,*,#10899,.T.);
#10899 = EDGE_CURVE('',#77,#3251,#10900,.T.);
#10900 = LINE('',#10901,#10902);
#10901 = CARTESIAN_POINT('',(174.14799499511,93.110702514648,1.));
#10902 = VECTOR('',#10903,1.);
#10903 = DIRECTION('',(-0.999997690099,-2.149371028686E-03,0.));
#10904 = PLANE('',#10905);
#10905 = AXIS2_PLACEMENT_3D('',#10906,#10907,#10908);
#10906 = CARTESIAN_POINT('',(146.08029900829,93.020260361722,1.));
#10907 = DIRECTION('',(0.,0.,1.));
#10908 = DIRECTION('',(1.,0.,-0.));
#10909 = ADVANCED_FACE('',(#10910),#10925,.T.);
#10910 = FACE_BOUND('',#10911,.T.);
#10911 = EDGE_LOOP('',(#10912,#10918,#10919));
#10912 = ORIENTED_EDGE('',*,*,#10913,.T.);
#10913 = EDGE_CURVE('',#3205,#77,#10914,.T.);
#10914 = LINE('',#10915,#10916);
#10915 = CARTESIAN_POINT('',(117.85199737548,93.110702514648,1.));
#10916 = VECTOR('',#10917,1.);
#10917 = DIRECTION('',(1.,0.,0.));
#10918 = ORIENTED_EDGE('',*,*,#130,.F.);
#10919 = ORIENTED_EDGE('',*,*,#10920,.T.);
#10920 = EDGE_CURVE('',#123,#3205,#10921,.T.);
#10921 = LINE('',#10922,#10923);
#10922 = CARTESIAN_POINT('',(174.30000305175,93.21240234375,1.));
#10923 = VECTOR('',#10924,1.);
#10924 = DIRECTION('',(-0.999998377024,-1.801652030515E-03,0.));
#10925 = PLANE('',#10926);
#10926 = AXIS2_PLACEMENT_3D('',#10927,#10928,#10929);
#10927 = CARTESIAN_POINT('',(146.08369817354,93.136202893546,1.));
#10928 = DIRECTION('',(0.,0.,1.));
#10929 = DIRECTION('',(1.,0.,-0.));
#10930 = ADVANCED_FACE('',(#10931),#10946,.T.);
#10931 = FACE_BOUND('',#10932,.T.);
#10932 = EDGE_LOOP('',(#10933,#10939,#10940));
#10933 = ORIENTED_EDGE('',*,*,#10934,.T.);
#10934 = EDGE_CURVE('',#3159,#123,#10935,.T.);
#10935 = LINE('',#10936,#10937);
#10936 = CARTESIAN_POINT('',(117.69999694824,93.21240234375,1.));
#10937 = VECTOR('',#10938,1.);
#10938 = DIRECTION('',(1.,0.,0.));
#10939 = ORIENTED_EDGE('',*,*,#10739,.F.);
#10940 = ORIENTED_EDGE('',*,*,#10941,.T.);
#10941 = EDGE_CURVE('',#7445,#3159,#10942,.T.);
#10942 = LINE('',#10943,#10944);
#10943 = CARTESIAN_POINT('',(178.5,95.5,1.));
#10944 = VECTOR('',#10945,1.);
#10945 = DIRECTION('',(-0.999292931835,-3.759835615183E-02,0.));
#10946 = PLANE('',#10947);
#10947 = AXIS2_PLACEMENT_3D('',#10948,#10949,#10950);
#10948 = CARTESIAN_POINT('',(148.23488935126,93.82653295681,1.));
#10949 = DIRECTION('',(0.,0.,1.));
#10950 = DIRECTION('',(1.,0.,-0.));
#10951 = ADVANCED_FACE('',(#10952),#10957,.T.);
#10952 = FACE_BOUND('',#10953,.T.);
#10953 = EDGE_LOOP('',(#10954,#10955,#10956));
#10954 = ORIENTED_EDGE('',*,*,#10787,.F.);
#10955 = ORIENTED_EDGE('',*,*,#3558,.F.);
#10956 = ORIENTED_EDGE('',*,*,#10771,.F.);
#10957 = PLANE('',#10958);
#10958 = AXIS2_PLACEMENT_3D('',#10959,#10960,#10961);
#10959 = CARTESIAN_POINT('',(145.95730212059,92.136955062864,1.));
#10960 = DIRECTION('',(0.,0.,1.));
#10961 = DIRECTION('',(1.,0.,-0.));
#10962 = ADVANCED_FACE('',(#10963),#10968,.T.);
#10963 = FACE_BOUND('',#10964,.T.);
#10964 = EDGE_LOOP('',(#10965,#10966,#10967));
#10965 = ORIENTED_EDGE('',*,*,#10808,.F.);
#10966 = ORIENTED_EDGE('',*,*,#3512,.F.);
#10967 = ORIENTED_EDGE('',*,*,#10794,.F.);
#10968 = PLANE('',#10969);
#10969 = AXIS2_PLACEMENT_3D('',#10970,#10971,#10972);
#10970 = CARTESIAN_POINT('',(145.96325341178,92.317412598984,1.));
#10971 = DIRECTION('',(0.,0.,1.));
#10972 = DIRECTION('',(1.,0.,-0.));
#10973 = ADVANCED_FACE('',(#10974),#10979,.T.);
#10974 = FACE_BOUND('',#10975,.T.);
#10975 = EDGE_LOOP('',(#10976,#10977,#10978));
#10976 = ORIENTED_EDGE('',*,*,#10829,.F.);
#10977 = ORIENTED_EDGE('',*,*,#3466,.F.);
#10978 = ORIENTED_EDGE('',*,*,#10815,.F.);
#10979 = PLANE('',#10980);
#10980 = AXIS2_PLACEMENT_3D('',#10981,#10982,#10983);
#10981 = CARTESIAN_POINT('',(145.96902670397,92.492398280891,1.));
#10982 = DIRECTION('',(0.,0.,1.));
#10983 = DIRECTION('',(1.,0.,-0.));
#10984 = ADVANCED_FACE('',(#10985),#10990,.T.);
#10985 = FACE_BOUND('',#10986,.T.);
#10986 = EDGE_LOOP('',(#10987,#10988,#10989));
#10987 = ORIENTED_EDGE('',*,*,#10850,.F.);
#10988 = ORIENTED_EDGE('',*,*,#3420,.F.);
#10989 = ORIENTED_EDGE('',*,*,#10836,.F.);
#10990 = PLANE('',#10991);
#10991 = AXIS2_PLACEMENT_3D('',#10992,#10993,#10994);
#10992 = CARTESIAN_POINT('',(145.97453415954,92.658909232401,1.));
#10993 = DIRECTION('',(0.,0.,1.));
#10994 = DIRECTION('',(1.,0.,-0.));
#10995 = ADVANCED_FACE('',(#10996),#11001,.T.);
#10996 = FACE_BOUND('',#10997,.T.);
#10997 = EDGE_LOOP('',(#10998,#10999,#11000));
#10998 = ORIENTED_EDGE('',*,*,#10871,.F.);
#10999 = ORIENTED_EDGE('',*,*,#3374,.F.);
#11000 = ORIENTED_EDGE('',*,*,#10857,.F.);
#11001 = PLANE('',#11002);
#11002 = AXIS2_PLACEMENT_3D('',#11003,#11004,#11005);
#11003 = CARTESIAN_POINT('',(145.97961786491,92.814198196241,1.));
#11004 = DIRECTION('',(0.,0.,1.));
#11005 = DIRECTION('',(1.,0.,-0.));
#11006 = ADVANCED_FACE('',(#11007),#11012,.T.);
#11007 = FACE_BOUND('',#11008,.T.);
#11008 = EDGE_LOOP('',(#11009,#11010,#11011));
#11009 = ORIENTED_EDGE('',*,*,#10892,.F.);
#11010 = ORIENTED_EDGE('',*,*,#3328,.F.);
#11011 = ORIENTED_EDGE('',*,*,#10878,.F.);
#11012 = PLANE('',#11013);
#11013 = AXIS2_PLACEMENT_3D('',#11014,#11015,#11016);
#11014 = CARTESIAN_POINT('',(145.98446233159,92.955554851278,1.));
#11015 = DIRECTION('',(0.,0.,1.));
#11016 = DIRECTION('',(1.,0.,-0.));
#11017 = ADVANCED_FACE('',(#11018),#11023,.T.);
#11018 = FACE_BOUND('',#11019,.T.);
#11019 = EDGE_LOOP('',(#11020,#11021,#11022));
#11020 = ORIENTED_EDGE('',*,*,#10913,.F.);
#11021 = ORIENTED_EDGE('',*,*,#3258,.F.);
#11022 = ORIENTED_EDGE('',*,*,#10899,.F.);
#11023 = PLANE('',#11024);
#11024 = AXIS2_PLACEMENT_3D('',#11025,#11026,#11027);
#11025 = CARTESIAN_POINT('',(145.98869360645,93.080514170345,1.));
#11026 = DIRECTION('',(0.,0.,1.));
#11027 = DIRECTION('',(1.,0.,-0.));
#11028 = ADVANCED_FACE('',(#11029),#11034,.T.);
#11029 = FACE_BOUND('',#11030,.T.);
#11030 = EDGE_LOOP('',(#11031,#11032,#11033));
#11031 = ORIENTED_EDGE('',*,*,#10934,.F.);
#11032 = ORIENTED_EDGE('',*,*,#3212,.F.);
#11033 = ORIENTED_EDGE('',*,*,#10920,.F.);
#11034 = PLANE('',#11035);
#11035 = AXIS2_PLACEMENT_3D('',#11036,#11037,#11038);
#11036 = CARTESIAN_POINT('',(145.99230171798,93.186970431024,1.));
#11037 = DIRECTION('',(0.,0.,1.));
#11038 = DIRECTION('',(1.,0.,-0.));
#11039 = ADVANCED_FACE('',(#11040),#11050,.T.);
#11040 = FACE_BOUND('',#11041,.T.);
#11041 = EDGE_LOOP('',(#11042,#11048,#11049));
#11042 = ORIENTED_EDGE('',*,*,#11043,.T.);
#11043 = EDGE_CURVE('',#7445,#3113,#11044,.T.);
#11044 = LINE('',#11045,#11046);
#11045 = CARTESIAN_POINT('',(178.5,95.5,1.));
#11046 = VECTOR('',#11047,1.);
#11047 = DIRECTION('',(-0.999345601229,-3.617138791993E-02,0.));
#11048 = ORIENTED_EDGE('',*,*,#3166,.F.);
#11049 = ORIENTED_EDGE('',*,*,#10941,.F.);
#11050 = PLANE('',#11051);
#11051 = AXIS2_PLACEMENT_3D('',#11052,#11053,#11054);
#11052 = CARTESIAN_POINT('',(148.01331868094,94.374794132382,1.));
#11053 = DIRECTION('',(0.,0.,1.));
#11054 = DIRECTION('',(1.,0.,-0.));
#11055 = ADVANCED_FACE('',(#11056),#11071,.T.);
#11056 = FACE_BOUND('',#11057,.T.);
#11057 = EDGE_LOOP('',(#11058,#11064,#11065));
#11058 = ORIENTED_EDGE('',*,*,#11059,.T.);
#11059 = EDGE_CURVE('',#7335,#3113,#11060,.T.);
#11060 = LINE('',#11061,#11062);
#11061 = CARTESIAN_POINT('',(113.5,95.5,1.));
#11062 = VECTOR('',#11063,1.);
#11063 = DIRECTION('',(0.877425389225,-0.479713129217,0.));
#11064 = ORIENTED_EDGE('',*,*,#11043,.F.);
#11065 = ORIENTED_EDGE('',*,*,#11066,.T.);
#11066 = EDGE_CURVE('',#7445,#7335,#11067,.T.);
#11067 = LINE('',#11068,#11069);
#11068 = CARTESIAN_POINT('',(178.5,95.5,1.));
#11069 = VECTOR('',#11070,1.);
#11070 = DIRECTION('',(-1.,0.,0.));
#11071 = PLANE('',#11072);
#11072 = AXIS2_PLACEMENT_3D('',#11073,#11074,#11075);
#11073 = CARTESIAN_POINT('',(145.86902478692,94.945800795113,1.));
#11074 = DIRECTION('',(0.,0.,1.));
#11075 = DIRECTION('',(1.,0.,-0.));
#11076 = ADVANCED_FACE('',(#11077),#11087,.T.);
#11077 = FACE_BOUND('',#11078,.T.);
#11078 = EDGE_LOOP('',(#11079,#11080,#11086));
#11079 = ORIENTED_EDGE('',*,*,#11059,.F.);
#11080 = ORIENTED_EDGE('',*,*,#11081,.T.);
#11081 = EDGE_CURVE('',#7335,#3067,#11082,.T.);
#11082 = LINE('',#11083,#11084);
#11083 = CARTESIAN_POINT('',(113.5,95.5,1.));
#11084 = VECTOR('',#11085,1.);
#11085 = DIRECTION('',(0.873951402775,-0.486013318323,0.));
#11086 = ORIENTED_EDGE('',*,*,#3120,.F.);
#11087 = PLANE('',#11088);
#11088 = AXIS2_PLACEMENT_3D('',#11089,#11090,#11091);
#11089 = CARTESIAN_POINT('',(115.51477052039,94.389407036039,1.));
#11090 = DIRECTION('',(0.,0.,1.));
#11091 = DIRECTION('',(1.,0.,-0.));
#11092 = ADVANCED_FACE('',(#11093),#11103,.T.);
#11093 = FACE_BOUND('',#11094,.T.);
#11094 = EDGE_LOOP('',(#11095,#11096,#11102));
#11095 = ORIENTED_EDGE('',*,*,#11081,.F.);
#11096 = ORIENTED_EDGE('',*,*,#11097,.T.);
#11097 = EDGE_CURVE('',#7335,#2653,#11098,.T.);
#11098 = LINE('',#11099,#11100);
#11099 = CARTESIAN_POINT('',(113.5,95.5,1.));
#11100 = VECTOR('',#11101,1.);
#11101 = DIRECTION('',(0.867488388273,-0.497457431558,0.));
#11102 = ORIENTED_EDGE('',*,*,#3074,.F.);
#11103 = PLANE('',#11104);
#11104 = AXIS2_PLACEMENT_3D('',#11105,#11106,#11107);
#11105 = CARTESIAN_POINT('',(115.42604210663,94.412930281324,1.));
#11106 = DIRECTION('',(0.,0.,1.));
#11107 = DIRECTION('',(1.,0.,-0.));
#11108 = ADVANCED_FACE('',(#11109),#11119,.T.);
#11109 = FACE_BOUND('',#11110,.T.);
#11110 = EDGE_LOOP('',(#11111,#11112,#11118));
#11111 = ORIENTED_EDGE('',*,*,#7429,.F.);
#11112 = ORIENTED_EDGE('',*,*,#11113,.T.);
#11113 = EDGE_CURVE('',#7390,#5022,#11114,.T.);
#11114 = LINE('',#11115,#11116);
#11115 = CARTESIAN_POINT('',(113.5,57.5,1.));
#11116 = VECTOR('',#11117,1.);
#11117 = DIRECTION('',(0.497487676896,0.867471043515,0.));
#11118 = ORIENTED_EDGE('',*,*,#5030,.F.);
#11119 = PLANE('',#11120);
#11120 = AXIS2_PLACEMENT_3D('',#11121,#11122,#11123);
#11121 = CARTESIAN_POINT('',(114.58722565097,59.426183768837,1.));
#11122 = DIRECTION('',(0.,0.,1.));
#11123 = DIRECTION('',(1.,0.,-0.));
#11124 = ADVANCED_FACE('',(#11125),#11135,.T.);
#11125 = FACE_BOUND('',#11126,.T.);
#11126 = EDGE_LOOP('',(#11127,#11133,#11134));
#11127 = ORIENTED_EDGE('',*,*,#11128,.T.);
#11128 = EDGE_CURVE('',#2791,#7335,#11129,.T.);
#11129 = LINE('',#11130,#11131);
#11130 = CARTESIAN_POINT('',(115.61199951171,92.18270111084,1.));
#11131 = VECTOR('',#11132,1.);
#11132 = DIRECTION('',(-0.537054867033,0.843547313312,0.));
#11133 = ORIENTED_EDGE('',*,*,#7414,.F.);
#11134 = ORIENTED_EDGE('',*,*,#2845,.F.);
#11135 = PLANE('',#11136);
#11136 = AXIS2_PLACEMENT_3D('',#11137,#11138,#11139);
#11137 = CARTESIAN_POINT('',(114.57646465925,93.756776754787,1.));
#11138 = DIRECTION('',(0.,0.,1.));
#11139 = DIRECTION('',(1.,0.,-0.));
#11140 = ADVANCED_FACE('',(#11141),#11151,.T.);
#11141 = FACE_BOUND('',#11142,.T.);
#11142 = EDGE_LOOP('',(#11143,#11149,#11150));
#11143 = ORIENTED_EDGE('',*,*,#11144,.T.);
#11144 = EDGE_CURVE('',#2745,#7335,#11145,.T.);
#11145 = LINE('',#11146,#11147);
#11146 = CARTESIAN_POINT('',(115.64800262451,92.362396240234,1.));
#11147 = VECTOR('',#11148,1.);
#11148 = DIRECTION('',(-0.564902633144,0.825157569841,0.));
#11149 = ORIENTED_EDGE('',*,*,#11128,.F.);
#11150 = ORIENTED_EDGE('',*,*,#2799,.F.);
#11151 = PLANE('',#11152);
#11152 = AXIS2_PLACEMENT_3D('',#11153,#11154,#11155);
#11153 = CARTESIAN_POINT('',(114.58950183443,93.848186712282,1.));
#11154 = DIRECTION('',(0.,0.,1.));
#11155 = DIRECTION('',(1.,0.,-0.));
#11156 = ADVANCED_FACE('',(#11157),#11167,.T.);
#11157 = FACE_BOUND('',#11158,.T.);
#11158 = EDGE_LOOP('',(#11159,#11165,#11166));
#11159 = ORIENTED_EDGE('',*,*,#11160,.T.);
#11160 = EDGE_CURVE('',#2699,#7335,#11161,.T.);
#11161 = LINE('',#11162,#11163);
#11162 = CARTESIAN_POINT('',(115.70700073242,92.535797119141,1.));
#11163 = VECTOR('',#11164,1.);
#11164 = DIRECTION('',(-0.597199234679,0.80209293358,0.));
#11165 = ORIENTED_EDGE('',*,*,#11144,.F.);
#11166 = ORIENTED_EDGE('',*,*,#2753,.F.);
#11167 = PLANE('',#11168);
#11168 = AXIS2_PLACEMENT_3D('',#11169,#11170,#11171);
#11169 = CARTESIAN_POINT('',(114.61450767432,93.937569916218,1.));
#11170 = DIRECTION('',(0.,0.,1.));
#11171 = DIRECTION('',(1.,0.,-0.));
#11172 = ADVANCED_FACE('',(#11173),#11183,.T.);
#11173 = FACE_BOUND('',#11174,.T.);
#11174 = EDGE_LOOP('',(#11175,#11181,#11182));
#11175 = ORIENTED_EDGE('',*,*,#11176,.T.);
#11176 = EDGE_CURVE('',#2423,#7335,#11177,.T.);
#11177 = LINE('',#11178,#11179);
#11178 = CARTESIAN_POINT('',(115.78800201416,92.699996948242,1.));
#11179 = VECTOR('',#11180,1.);
#11180 = DIRECTION('',(-0.632755671943,0.774351509086,0.));
#11181 = ORIENTED_EDGE('',*,*,#11160,.F.);
#11182 = ORIENTED_EDGE('',*,*,#2707,.F.);
#11183 = PLANE('',#11184);
#11184 = AXIS2_PLACEMENT_3D('',#11185,#11186,#11187);
#11185 = CARTESIAN_POINT('',(114.65098854159,94.023307549588,1.));
#11186 = DIRECTION('',(0.,0.,1.));
#11187 = DIRECTION('',(1.,0.,-0.));
#11188 = ADVANCED_FACE('',(#11189),#11199,.T.);
#11189 = FACE_BOUND('',#11190,.T.);
#11190 = EDGE_LOOP('',(#11191,#11197,#11198));
#11191 = ORIENTED_EDGE('',*,*,#11192,.T.);
#11192 = EDGE_CURVE('',#2276,#7335,#11193,.T.);
#11193 = LINE('',#11194,#11195);
#11194 = CARTESIAN_POINT('',(115.88899993896,92.85230255127,1.));
#11195 = VECTOR('',#11196,1.);
#11196 = DIRECTION('',(-0.669904930273,0.74244688995,0.));
#11197 = ORIENTED_EDGE('',*,*,#11176,.F.);
#11198 = ORIENTED_EDGE('',*,*,#2431,.F.);
#11199 = PLANE('',#11200);
#11200 = AXIS2_PLACEMENT_3D('',#11201,#11202,#11203);
#11201 = CARTESIAN_POINT('',(114.69809343533,94.104023126633,1.));
#11202 = DIRECTION('',(0.,0.,1.));
#11203 = DIRECTION('',(1.,0.,-0.));
#11204 = ADVANCED_FACE('',(#11205),#11215,.T.);
#11205 = FACE_BOUND('',#11206,.T.);
#11206 = EDGE_LOOP('',(#11207,#11213,#11214));
#11207 = ORIENTED_EDGE('',*,*,#11208,.T.);
#11208 = EDGE_CURVE('',#2286,#7335,#11209,.T.);
#11209 = LINE('',#11210,#11211);
#11210 = CARTESIAN_POINT('',(116.01000213623,92.98999786377,1.));
#11211 = VECTOR('',#11212,1.);
#11212 = DIRECTION('',(-0.707106781187,0.707106781187,0.));
#11213 = ORIENTED_EDGE('',*,*,#11192,.F.);
#11214 = ORIENTED_EDGE('',*,*,#2293,.F.);
#11215 = PLANE('',#11216);
#11216 = AXIS2_PLACEMENT_3D('',#11217,#11218,#11219);
#11217 = CARTESIAN_POINT('',(114.75543985642,94.17811538387,1.));
#11218 = DIRECTION('',(0.,0.,1.));
#11219 = DIRECTION('',(1.,0.,-0.));
#11220 = ADVANCED_FACE('',(#11221),#11231,.T.);
#11221 = FACE_BOUND('',#11222,.T.);
#11222 = EDGE_LOOP('',(#11223,#11229,#11230));
#11223 = ORIENTED_EDGE('',*,*,#11224,.T.);
#11224 = EDGE_CURVE('',#2331,#7335,#11225,.T.);
#11225 = LINE('',#11226,#11227);
#11226 = CARTESIAN_POINT('',(116.14800262451,93.110702514648,1.));
#11227 = VECTOR('',#11228,1.);
#11228 = DIRECTION('',(-0.742443795747,0.669908359521,0.));
#11229 = ORIENTED_EDGE('',*,*,#11208,.F.);
#11230 = ORIENTED_EDGE('',*,*,#2338,.F.);
#11231 = PLANE('',#11232);
#11232 = AXIS2_PLACEMENT_3D('',#11233,#11234,#11235);
#11233 = CARTESIAN_POINT('',(114.82196885535,94.244481821365,1.));
#11234 = DIRECTION('',(0.,0.,1.));
#11235 = DIRECTION('',(1.,0.,-0.));
#11236 = ADVANCED_FACE('',(#11237),#11247,.T.);
#11237 = FACE_BOUND('',#11238,.T.);
#11238 = EDGE_LOOP('',(#11239,#11245,#11246));
#11239 = ORIENTED_EDGE('',*,*,#11240,.T.);
#11240 = EDGE_CURVE('',#2377,#7335,#11241,.T.);
#11241 = LINE('',#11242,#11243);
#11242 = CARTESIAN_POINT('',(116.30000305175,93.21240234375,1.));
#11243 = VECTOR('',#11244,1.);
#11244 = DIRECTION('',(-0.774406302392,0.632688611258,0.));
#11245 = ORIENTED_EDGE('',*,*,#11224,.F.);
#11246 = ORIENTED_EDGE('',*,*,#2384,.F.);
#11247 = PLANE('',#11248);
#11248 = AXIS2_PLACEMENT_3D('',#11249,#11250,#11251);
#11249 = CARTESIAN_POINT('',(114.89607460506,94.301912505601,1.));
#11250 = DIRECTION('',(0.,0.,1.));
#11251 = DIRECTION('',(1.,0.,-0.));
#11252 = ADVANCED_FACE('',(#11253),#11263,.T.);
#11253 = FACE_BOUND('',#11254,.T.);
#11254 = EDGE_LOOP('',(#11255,#11261,#11262));
#11255 = ORIENTED_EDGE('',*,*,#11256,.T.);
#11256 = EDGE_CURVE('',#2469,#7335,#11257,.T.);
#11257 = LINE('',#11258,#11259);
#11258 = CARTESIAN_POINT('',(116.4639968872,93.293403625488,1.));
#11259 = VECTOR('',#11260,1.);
#11260 = DIRECTION('',(-0.80212546781,0.597155535761,0.));
#11261 = ORIENTED_EDGE('',*,*,#11240,.F.);
#11262 = ORIENTED_EDGE('',*,*,#2476,.F.);
#11263 = PLANE('',#11264);
#11264 = AXIS2_PLACEMENT_3D('',#11265,#11266,#11267);
#11265 = CARTESIAN_POINT('',(114.97660683117,94.349242784475,1.));
#11266 = DIRECTION('',(0.,0.,1.));
#11267 = DIRECTION('',(1.,0.,-0.));
#11268 = ADVANCED_FACE('',(#11269),#11279,.T.);
#11269 = FACE_BOUND('',#11270,.T.);
#11270 = EDGE_LOOP('',(#11271,#11277,#11278));
#11271 = ORIENTED_EDGE('',*,*,#11272,.T.);
#11272 = EDGE_CURVE('',#2515,#7335,#11273,.T.);
#11273 = LINE('',#11274,#11275);
#11274 = CARTESIAN_POINT('',(116.63800048828,93.35230255127,1.));
#11275 = VECTOR('',#11276,1.);
#11276 = DIRECTION('',(-0.825228266528,0.564799352091,0.));
#11277 = ORIENTED_EDGE('',*,*,#11256,.F.);
#11278 = ORIENTED_EDGE('',*,*,#2522,.F.);
#11279 = PLANE('',#11280);
#11280 = AXIS2_PLACEMENT_3D('',#11281,#11282,#11283);
#11281 = CARTESIAN_POINT('',(115.06258981719,94.385599266892,1.));
#11282 = DIRECTION('',(0.,0.,1.));
#11283 = DIRECTION('',(1.,0.,-0.));
#11284 = ADVANCED_FACE('',(#11285),#11295,.T.);
#11285 = FACE_BOUND('',#11286,.T.);
#11286 = EDGE_LOOP('',(#11287,#11293,#11294));
#11287 = ORIENTED_EDGE('',*,*,#11288,.T.);
#11288 = EDGE_CURVE('',#2561,#7335,#11289,.T.);
#11289 = LINE('',#11290,#11291);
#11290 = CARTESIAN_POINT('',(116.81700134277,93.388000488281,1.));
#11291 = VECTOR('',#11292,1.);
#11292 = DIRECTION('',(-0.843525488103,0.537089146158,0.));
#11293 = ORIENTED_EDGE('',*,*,#11272,.F.);
#11294 = ORIENTED_EDGE('',*,*,#2568,.F.);
#11295 = PLANE('',#11296);
#11296 = AXIS2_PLACEMENT_3D('',#11297,#11298,#11299);
#11297 = CARTESIAN_POINT('',(115.15168657799,94.410671542029,1.));
#11298 = DIRECTION('',(0.,0.,1.));
#11299 = DIRECTION('',(1.,0.,-0.));
#11300 = ADVANCED_FACE('',(#11301),#11311,.T.);
#11301 = FACE_BOUND('',#11302,.T.);
#11302 = EDGE_LOOP('',(#11303,#11309,#11310));
#11303 = ORIENTED_EDGE('',*,*,#11304,.T.);
#11304 = EDGE_CURVE('',#2607,#7335,#11305,.T.);
#11305 = LINE('',#11306,#11307);
#11306 = CARTESIAN_POINT('',(117.,93.400001525879,1.));
#11307 = VECTOR('',#11308,1.);
#11308 = DIRECTION('',(-0.857493090641,0.514495480547,0.));
#11309 = ORIENTED_EDGE('',*,*,#11288,.F.);
#11310 = ORIENTED_EDGE('',*,*,#2614,.F.);
#11311 = PLANE('',#11312);
#11312 = AXIS2_PLACEMENT_3D('',#11313,#11314,#11315);
#11313 = CARTESIAN_POINT('',(115.24321146084,94.423497424524,1.));
#11314 = DIRECTION('',(0.,0.,1.));
#11315 = DIRECTION('',(1.,0.,-0.));
#11316 = ADVANCED_FACE('',(#11317),#11322,.T.);
#11317 = FACE_BOUND('',#11318,.T.);
#11318 = EDGE_LOOP('',(#11319,#11320,#11321));
#11319 = ORIENTED_EDGE('',*,*,#11097,.F.);
#11320 = ORIENTED_EDGE('',*,*,#11304,.F.);
#11321 = ORIENTED_EDGE('',*,*,#2660,.F.);
#11322 = PLANE('',#11323);
#11323 = AXIS2_PLACEMENT_3D('',#11324,#11325,#11326);
#11324 = CARTESIAN_POINT('',(115.33532657763,94.424252143822,1.));
#11325 = DIRECTION('',(0.,0.,1.));
#11326 = DIRECTION('',(1.,0.,-0.));
#11327 = ADVANCED_FACE('',(#11328),#11333,.T.);
#11328 = FACE_BOUND('',#11329,.T.);
#11329 = EDGE_LOOP('',(#11330,#11331,#11332));
#11330 = ORIENTED_EDGE('',*,*,#7452,.F.);
#11331 = ORIENTED_EDGE('',*,*,#10478,.F.);
#11332 = ORIENTED_EDGE('',*,*,#1396,.F.);
#11333 = PLANE('',#11334);
#11334 = AXIS2_PLACEMENT_3D('',#11335,#11336,#11337);
#11335 = CARTESIAN_POINT('',(177.41276560885,93.573772182015,1.));
#11336 = DIRECTION('',(0.,0.,1.));
#11337 = DIRECTION('',(1.,0.,-0.));
#11338 = ADVANCED_FACE('',(#11339),#11349,.T.);
#11339 = FACE_BOUND('',#11340,.T.);
#11340 = EDGE_LOOP('',(#11341,#11347,#11348));
#11341 = ORIENTED_EDGE('',*,*,#11342,.T.);
#11342 = EDGE_CURVE('',#8067,#7469,#11343,.T.);
#11343 = LINE('',#11344,#11345);
#11344 = CARTESIAN_POINT('',(176.38800048828,60.81729888916,1.));
#11345 = VECTOR('',#11346,1.);
#11346 = DIRECTION('',(0.537054867033,-0.843547313312,0.));
#11347 = ORIENTED_EDGE('',*,*,#9786,.F.);
#11348 = ORIENTED_EDGE('',*,*,#8074,.F.);
#11349 = PLANE('',#11350);
#11350 = AXIS2_PLACEMENT_3D('',#11351,#11352,#11353);
#11351 = CARTESIAN_POINT('',(177.42353343155,59.243223146892,1.));
#11352 = DIRECTION('',(0.,0.,1.));
#11353 = DIRECTION('',(1.,0.,-0.));
#11354 = ADVANCED_FACE('',(#11355),#11365,.T.);
#11355 = FACE_BOUND('',#11356,.T.);
#11356 = EDGE_LOOP('',(#11357,#11363,#11364));
#11357 = ORIENTED_EDGE('',*,*,#11358,.T.);
#11358 = EDGE_CURVE('',#8113,#7469,#11359,.T.);
#11359 = LINE('',#11360,#11361);
#11360 = CARTESIAN_POINT('',(176.35200500488,60.637699127197,1.));
#11361 = VECTOR('',#11362,1.);
#11362 = DIRECTION('',(0.564889576227,-0.825166508451,0.));
#11363 = ORIENTED_EDGE('',*,*,#11342,.F.);
#11364 = ORIENTED_EDGE('',*,*,#8120,.F.);
#11365 = PLANE('',#11366);
#11366 = AXIS2_PLACEMENT_3D('',#11367,#11368,#11369);
#11367 = CARTESIAN_POINT('',(177.41051271582,59.151817604296,1.));
#11368 = DIRECTION('',(0.,0.,1.));
#11369 = DIRECTION('',(1.,0.,-0.));
#11370 = ADVANCED_FACE('',(#11371),#11381,.T.);
#11371 = FACE_BOUND('',#11372,.T.);
#11372 = EDGE_LOOP('',(#11373,#11379,#11380));
#11373 = ORIENTED_EDGE('',*,*,#11374,.T.);
#11374 = EDGE_CURVE('',#8159,#7469,#11375,.T.);
#11375 = LINE('',#11376,#11377);
#11376 = CARTESIAN_POINT('',(176.29299926757,60.464199066162,1.));
#11377 = VECTOR('',#11378,1.);
#11378 = DIRECTION('',(0.597199729127,-0.802092565438,0.));
#11379 = ORIENTED_EDGE('',*,*,#11358,.F.);
#11380 = ORIENTED_EDGE('',*,*,#8166,.F.);
#11381 = PLANE('',#11382);
#11382 = AXIS2_PLACEMENT_3D('',#11383,#11384,#11385);
#11383 = CARTESIAN_POINT('',(177.38548135869,59.062472628354,1.));
#11384 = DIRECTION('',(0.,0.,1.));
#11385 = DIRECTION('',(1.,0.,-0.));
#11386 = ADVANCED_FACE('',(#11387),#11397,.T.);
#11387 = FACE_BOUND('',#11388,.T.);
#11388 = EDGE_LOOP('',(#11389,#11395,#11396));
#11389 = ORIENTED_EDGE('',*,*,#11390,.T.);
#11390 = EDGE_CURVE('',#8205,#7469,#11391,.T.);
#11391 = LINE('',#11392,#11393);
#11392 = CARTESIAN_POINT('',(176.21200561523,60.299999237061,1.));
#11393 = VECTOR('',#11394,1.);
#11394 = DIRECTION('',(0.632754923688,-0.774352120517,0.));
#11395 = ORIENTED_EDGE('',*,*,#11374,.F.);
#11396 = ORIENTED_EDGE('',*,*,#8212,.F.);
#11397 = PLANE('',#11398);
#11398 = AXIS2_PLACEMENT_3D('',#11399,#11400,#11401);
#11399 = CARTESIAN_POINT('',(177.34901385924,58.976689940964,1.));
#11400 = DIRECTION('',(0.,0.,1.));
#11401 = DIRECTION('',(1.,0.,-0.));
#11402 = ADVANCED_FACE('',(#11403),#11413,.T.);
#11403 = FACE_BOUND('',#11404,.T.);
#11404 = EDGE_LOOP('',(#11405,#11411,#11412));
#11405 = ORIENTED_EDGE('',*,*,#11406,.T.);
#11406 = EDGE_CURVE('',#8251,#7469,#11407,.T.);
#11407 = LINE('',#11408,#11409);
#11408 = CARTESIAN_POINT('',(176.11099243164,60.147701263428,1.));
#11409 = VECTOR('',#11410,1.);
#11410 = DIRECTION('',(0.669905577524,-0.742446305939,0.));
#11411 = ORIENTED_EDGE('',*,*,#11390,.F.);
#11412 = ORIENTED_EDGE('',*,*,#8258,.F.);
#11413 = PLANE('',#11414);
#11414 = AXIS2_PLACEMENT_3D('',#11415,#11416,#11417);
#11415 = CARTESIAN_POINT('',(177.30190621581,58.895977152603,1.));
#11416 = DIRECTION('',(0.,0.,1.));
#11417 = DIRECTION('',(1.,0.,-0.));
#11418 = ADVANCED_FACE('',(#11419),#11429,.T.);
#11419 = FACE_BOUND('',#11420,.T.);
#11420 = EDGE_LOOP('',(#11421,#11427,#11428));
#11421 = ORIENTED_EDGE('',*,*,#11422,.T.);
#11422 = EDGE_CURVE('',#8297,#7469,#11423,.T.);
#11423 = LINE('',#11424,#11425);
#11424 = CARTESIAN_POINT('',(175.99000549316,60.010101318359,1.));
#11425 = VECTOR('',#11426,1.);
#11426 = DIRECTION('',(0.707091736064,-0.707121825989,0.));
#11427 = ORIENTED_EDGE('',*,*,#11406,.F.);
#11428 = ORIENTED_EDGE('',*,*,#8304,.F.);
#11429 = PLANE('',#11430);
#11430 = AXIS2_PLACEMENT_3D('',#11431,#11432,#11433);
#11431 = CARTESIAN_POINT('',(177.24457357083,58.821896297173,1.));
#11432 = DIRECTION('',(0.,0.,1.));
#11433 = DIRECTION('',(1.,0.,-0.));
#11434 = ADVANCED_FACE('',(#11435),#11445,.T.);
#11435 = FACE_BOUND('',#11436,.T.);
#11436 = EDGE_LOOP('',(#11437,#11443,#11444));
#11437 = ORIENTED_EDGE('',*,*,#11438,.T.);
#11438 = EDGE_CURVE('',#8319,#7469,#11439,.T.);
#11439 = LINE('',#11440,#11441);
#11440 = CARTESIAN_POINT('',(175.85200500488,59.889301300049,1.));
#11441 = VECTOR('',#11442,1.);
#11442 = DIRECTION('',(0.742442303789,-0.66991001302,0.));
#11443 = ORIENTED_EDGE('',*,*,#11422,.F.);
#11444 = ORIENTED_EDGE('',*,*,#8326,.F.);
#11445 = PLANE('',#11446);
#11446 = AXIS2_PLACEMENT_3D('',#11447,#11448,#11449);
#11447 = CARTESIAN_POINT('',(177.17802483557,58.755554814296,1.));
#11448 = DIRECTION('',(0.,0.,1.));
#11449 = DIRECTION('',(1.,0.,-0.));
#11450 = ADVANCED_FACE('',(#11451),#11461,.T.);
#11451 = FACE_BOUND('',#11452,.T.);
#11452 = EDGE_LOOP('',(#11453,#11459,#11460));
#11453 = ORIENTED_EDGE('',*,*,#11454,.T.);
#11454 = EDGE_CURVE('',#8365,#7469,#11455,.T.);
#11455 = LINE('',#11456,#11457);
#11456 = CARTESIAN_POINT('',(175.69999694824,59.787601470947,1.));
#11457 = VECTOR('',#11458,1.);
#11458 = DIRECTION('',(0.774405785465,-0.632689243973,0.));
#11459 = ORIENTED_EDGE('',*,*,#11438,.F.);
#11460 = ORIENTED_EDGE('',*,*,#8372,.F.);
#11461 = PLANE('',#11462);
#11462 = AXIS2_PLACEMENT_3D('',#11463,#11464,#11465);
#11463 = CARTESIAN_POINT('',(177.10392616194,58.698090414563,1.));
#11464 = DIRECTION('',(0.,0.,1.));
#11465 = DIRECTION('',(1.,0.,-0.));
#11466 = ADVANCED_FACE('',(#11467),#11477,.T.);
#11467 = FACE_BOUND('',#11468,.T.);
#11468 = EDGE_LOOP('',(#11469,#11475,#11476));
#11469 = ORIENTED_EDGE('',*,*,#11470,.T.);
#11470 = EDGE_CURVE('',#8411,#7469,#11471,.T.);
#11471 = LINE('',#11472,#11473);
#11472 = CARTESIAN_POINT('',(175.53599548339,59.706600189209,1.));
#11473 = VECTOR('',#11474,1.);
#11474 = DIRECTION('',(0.802125709581,-0.597155211005,0.));
#11475 = ORIENTED_EDGE('',*,*,#11454,.F.);
#11476 = ORIENTED_EDGE('',*,*,#8418,.F.);
#11477 = PLANE('',#11478);
#11478 = AXIS2_PLACEMENT_3D('',#11479,#11480,#11481);
#11479 = CARTESIAN_POINT('',(177.02338993043,58.65076011477,1.));
#11480 = DIRECTION('',(0.,0.,1.));
#11481 = DIRECTION('',(1.,0.,-0.));
#11482 = ADVANCED_FACE('',(#11483),#11493,.T.);
#11483 = FACE_BOUND('',#11484,.T.);
#11484 = EDGE_LOOP('',(#11485,#11491,#11492));
#11485 = ORIENTED_EDGE('',*,*,#11486,.T.);
#11486 = EDGE_CURVE('',#8457,#7469,#11487,.T.);
#11487 = LINE('',#11488,#11489);
#11488 = CARTESIAN_POINT('',(175.36199951171,59.647701263428,1.));
#11489 = VECTOR('',#11490,1.);
#11490 = DIRECTION('',(0.825227798955,-0.564800035262,0.));
#11491 = ORIENTED_EDGE('',*,*,#11470,.F.);
#11492 = ORIENTED_EDGE('',*,*,#8464,.F.);
#11493 = PLANE('',#11494);
#11494 = AXIS2_PLACEMENT_3D('',#11495,#11496,#11497);
#11495 = CARTESIAN_POINT('',(176.93740974309,58.614401662743,1.));
#11496 = DIRECTION('',(0.,0.,1.));
#11497 = DIRECTION('',(1.,0.,-0.));
#11498 = ADVANCED_FACE('',(#11499),#11509,.T.);
#11499 = FACE_BOUND('',#11500,.T.);
#11500 = EDGE_LOOP('',(#11501,#11507,#11508));
#11501 = ORIENTED_EDGE('',*,*,#11502,.T.);
#11502 = EDGE_CURVE('',#8503,#7469,#11503,.T.);
#11503 = LINE('',#11504,#11505);
#11504 = CARTESIAN_POINT('',(175.18299865722,59.611999511719,1.));
#11505 = VECTOR('',#11506,1.);
#11506 = DIRECTION('',(0.843525488103,-0.537089146158,0.));
#11507 = ORIENTED_EDGE('',*,*,#11486,.F.);
#11508 = ORIENTED_EDGE('',*,*,#8510,.F.);
#11509 = PLANE('',#11510);
#11510 = AXIS2_PLACEMENT_3D('',#11511,#11512,#11513);
#11511 = CARTESIAN_POINT('',(176.848313296,58.589329511848,1.));
#11512 = DIRECTION('',(0.,0.,1.));
#11513 = DIRECTION('',(1.,0.,-0.));
#11514 = ADVANCED_FACE('',(#11515),#11525,.T.);
#11515 = FACE_BOUND('',#11516,.T.);
#11516 = EDGE_LOOP('',(#11517,#11523,#11524));
#11517 = ORIENTED_EDGE('',*,*,#11518,.T.);
#11518 = EDGE_CURVE('',#8549,#7469,#11519,.T.);
#11519 = LINE('',#11520,#11521);
#11520 = CARTESIAN_POINT('',(175.,59.599998474121,1.));
#11521 = VECTOR('',#11522,1.);
#11522 = DIRECTION('',(0.857493090641,-0.514495480547,0.));
#11523 = ORIENTED_EDGE('',*,*,#11502,.F.);
#11524 = ORIENTED_EDGE('',*,*,#8556,.F.);
#11525 = PLANE('',#11526);
#11526 = AXIS2_PLACEMENT_3D('',#11527,#11528,#11529);
#11527 = CARTESIAN_POINT('',(176.75678853915,58.576502575476,1.));
#11528 = DIRECTION('',(0.,0.,1.));
#11529 = DIRECTION('',(1.,0.,-0.));
#11530 = ADVANCED_FACE('',(#11531),#11541,.T.);
#11531 = FACE_BOUND('',#11532,.T.);
#11532 = EDGE_LOOP('',(#11533,#11539,#11540));
#11533 = ORIENTED_EDGE('',*,*,#11534,.T.);
#11534 = EDGE_CURVE('',#8595,#7469,#11535,.T.);
#11535 = LINE('',#11536,#11537);
#11536 = CARTESIAN_POINT('',(174.81700134277,59.611999511719,1.));
#11537 = VECTOR('',#11538,1.);
#11538 = DIRECTION('',(0.867488388273,-0.497457431558,0.));
#11539 = ORIENTED_EDGE('',*,*,#11518,.F.);
#11540 = ORIENTED_EDGE('',*,*,#8602,.F.);
#11541 = PLANE('',#11542);
#11542 = AXIS2_PLACEMENT_3D('',#11543,#11544,#11545);
#11543 = CARTESIAN_POINT('',(176.66467342236,58.575747856178,1.));
#11544 = DIRECTION('',(0.,0.,1.));
#11545 = DIRECTION('',(1.,0.,-0.));
#11546 = ADVANCED_FACE('',(#11547),#11557,.T.);
#11547 = FACE_BOUND('',#11548,.T.);
#11548 = EDGE_LOOP('',(#11549,#11555,#11556));
#11549 = ORIENTED_EDGE('',*,*,#11550,.T.);
#11550 = EDGE_CURVE('',#8641,#7469,#11551,.T.);
#11551 = LINE('',#11552,#11553);
#11552 = CARTESIAN_POINT('',(174.63800048828,59.647701263428,1.));
#11553 = VECTOR('',#11554,1.);
#11554 = DIRECTION('',(0.873951036109,-0.486013977663,0.));
#11555 = ORIENTED_EDGE('',*,*,#11534,.F.);
#11556 = ORIENTED_EDGE('',*,*,#8648,.F.);
#11557 = PLANE('',#11558);
#11558 = AXIS2_PLACEMENT_3D('',#11559,#11560,#11561);
#11559 = CARTESIAN_POINT('',(176.57395773661,58.58707079589,1.));
#11560 = DIRECTION('',(0.,0.,1.));
#11561 = DIRECTION('',(1.,0.,-0.));
#11562 = ADVANCED_FACE('',(#11563),#11573,.T.);
#11563 = FACE_BOUND('',#11564,.T.);
#11564 = EDGE_LOOP('',(#11565,#11571,#11572));
#11565 = ORIENTED_EDGE('',*,*,#11566,.T.);
#11566 = EDGE_CURVE('',#8687,#7469,#11567,.T.);
#11567 = LINE('',#11568,#11569);
#11568 = CARTESIAN_POINT('',(174.4640045166,59.706600189209,1.));
#11569 = VECTOR('',#11570,1.);
#11570 = DIRECTION('',(0.877424658464,-0.479714465823,0.));
#11571 = ORIENTED_EDGE('',*,*,#11550,.F.);
#11572 = ORIENTED_EDGE('',*,*,#8694,.F.);
#11573 = PLANE('',#11574);
#11574 = AXIS2_PLACEMENT_3D('',#11575,#11576,#11577);
#11575 = CARTESIAN_POINT('',(176.485233,58.610594068288,1.));
#11576 = DIRECTION('',(0.,0.,1.));
#11577 = DIRECTION('',(1.,0.,-0.));
#11578 = ADVANCED_FACE('',(#11579),#11589,.T.);
#11579 = FACE_BOUND('',#11580,.T.);
#11580 = EDGE_LOOP('',(#11581,#11587,#11588));
#11581 = ORIENTED_EDGE('',*,*,#11582,.T.);
#11582 = EDGE_CURVE('',#8733,#7469,#11583,.T.);
#11583 = LINE('',#11584,#11585);
#11584 = CARTESIAN_POINT('',(174.30000305175,59.787601470947,1.));
#11585 = VECTOR('',#11586,1.);
#11586 = DIRECTION('',(0.878186000022,-0.47831929646,0.));
#11587 = ORIENTED_EDGE('',*,*,#11566,.F.);
#11588 = ORIENTED_EDGE('',*,*,#8740,.F.);
#11589 = PLANE('',#11590);
#11590 = AXIS2_PLACEMENT_3D('',#11591,#11592,#11593);
#11591 = CARTESIAN_POINT('',(176.40084495896,58.64542262097,1.));
#11592 = DIRECTION('',(0.,0.,1.));
#11593 = DIRECTION('',(1.,0.,-0.));
#11594 = ADVANCED_FACE('',(#11595),#11605,.T.);
#11595 = FACE_BOUND('',#11596,.T.);
#11596 = EDGE_LOOP('',(#11597,#11598,#11604));
#11597 = ORIENTED_EDGE('',*,*,#10756,.F.);
#11598 = ORIENTED_EDGE('',*,*,#11599,.T.);
#11599 = EDGE_CURVE('',#6132,#9384,#11600,.T.);
#11600 = LINE('',#11601,#11602);
#11601 = CARTESIAN_POINT('',(118.40000152587,61.,1.));
#11602 = VECTOR('',#11603,1.);
#11603 = DIRECTION('',(1.,0.,0.));
#11604 = ORIENTED_EDGE('',*,*,#9392,.F.);
#11605 = PLANE('',#11606);
#11606 = AXIS2_PLACEMENT_3D('',#11607,#11608,#11609);
#11607 = CARTESIAN_POINT('',(146.04870018057,61.045755972695,1.));
#11608 = DIRECTION('',(0.,0.,1.));
#11609 = DIRECTION('',(1.,0.,-0.));
#11610 = ADVANCED_FACE('',(#11611),#11621,.T.);
#11611 = FACE_BOUND('',#11612,.T.);
#11612 = EDGE_LOOP('',(#11613,#11614,#11620));
#11613 = ORIENTED_EDGE('',*,*,#11599,.F.);
#11614 = ORIENTED_EDGE('',*,*,#11615,.T.);
#11615 = EDGE_CURVE('',#6132,#9430,#11616,.T.);
#11616 = LINE('',#11617,#11618);
#11617 = CARTESIAN_POINT('',(118.40000152587,61.,1.));
#11618 = VECTOR('',#11619,1.);
#11619 = DIRECTION('',(0.999994525028,-3.309065370235E-03,0.));
#11620 = ORIENTED_EDGE('',*,*,#9438,.F.);
#11621 = PLANE('',#11622);
#11622 = AXIS2_PLACEMENT_3D('',#11623,#11624,#11625);
#11623 = CARTESIAN_POINT('',(146.04870018057,60.954244027305,1.));
#11624 = DIRECTION('',(0.,0.,1.));
#11625 = DIRECTION('',(1.,0.,-0.));
#11626 = ADVANCED_FACE('',(#11627),#11637,.T.);
#11627 = FACE_BOUND('',#11628,.T.);
#11628 = EDGE_LOOP('',(#11629,#11635,#11636));
#11629 = ORIENTED_EDGE('',*,*,#11630,.T.);
#11630 = EDGE_CURVE('',#6178,#9430,#11631,.T.);
#11631 = LINE('',#11632,#11633);
#11632 = CARTESIAN_POINT('',(118.38800048828,60.81729888916,1.));
#11633 = VECTOR('',#11634,1.);
#11634 = DIRECTION('',(1.,0.,0.));
#11635 = ORIENTED_EDGE('',*,*,#11615,.F.);
#11636 = ORIENTED_EDGE('',*,*,#6185,.F.);
#11637 = PLANE('',#11638);
#11638 = AXIS2_PLACEMENT_3D('',#11639,#11640,#11641);
#11639 = CARTESIAN_POINT('',(145.95730212059,60.863044937136,1.));
#11640 = DIRECTION('',(0.,0.,1.));
#11641 = DIRECTION('',(1.,0.,-0.));
#11642 = ADVANCED_FACE('',(#11643),#11653,.T.);
#11643 = FACE_BOUND('',#11644,.T.);
#11644 = EDGE_LOOP('',(#11645,#11646,#11652));
#11645 = ORIENTED_EDGE('',*,*,#11630,.F.);
#11646 = ORIENTED_EDGE('',*,*,#11647,.T.);
#11647 = EDGE_CURVE('',#6178,#9476,#11648,.T.);
#11648 = LINE('',#11649,#11650);
#11649 = CARTESIAN_POINT('',(118.38800048828,60.81729888916,1.));
#11650 = VECTOR('',#11651,1.);
#11651 = DIRECTION('',(0.999994718511,-3.250069331557E-03,0.));
#11652 = ORIENTED_EDGE('',*,*,#9484,.F.);
#11653 = PLANE('',#11654);
#11654 = AXIS2_PLACEMENT_3D('',#11655,#11656,#11657);
#11655 = CARTESIAN_POINT('',(146.05471874819,60.772309910002,1.));
#11656 = DIRECTION('',(0.,0.,1.));
#11657 = DIRECTION('',(1.,0.,-0.));
#11658 = ADVANCED_FACE('',(#11659),#11669,.T.);
#11659 = FACE_BOUND('',#11660,.T.);
#11660 = EDGE_LOOP('',(#11661,#11667,#11668));
#11661 = ORIENTED_EDGE('',*,*,#11662,.T.);
#11662 = EDGE_CURVE('',#6224,#9476,#11663,.T.);
#11663 = LINE('',#11664,#11665);
#11664 = CARTESIAN_POINT('',(118.35199737548,60.637699127197,1.));
#11665 = VECTOR('',#11666,1.);
#11666 = DIRECTION('',(1.,0.,0.));
#11667 = ORIENTED_EDGE('',*,*,#11647,.F.);
#11668 = ORIENTED_EDGE('',*,*,#6231,.F.);
#11669 = PLANE('',#11670);
#11670 = AXIS2_PLACEMENT_3D('',#11671,#11672,#11673);
#11671 = CARTESIAN_POINT('',(145.96327671129,60.682658856833,1.));
#11672 = DIRECTION('',(0.,0.,1.));
#11673 = DIRECTION('',(1.,0.,-0.));
#11674 = ADVANCED_FACE('',(#11675),#11685,.T.);
#11675 = FACE_BOUND('',#11676,.T.);
#11676 = EDGE_LOOP('',(#11677,#11678,#11684));
#11677 = ORIENTED_EDGE('',*,*,#11662,.F.);
#11678 = ORIENTED_EDGE('',*,*,#11679,.T.);
#11679 = EDGE_CURVE('',#6224,#9522,#11680,.T.);
#11680 = LINE('',#11681,#11682);
#11681 = CARTESIAN_POINT('',(118.35199737548,60.637699127197,1.));
#11682 = VECTOR('',#11683,1.);
#11683 = DIRECTION('',(0.999995088068,-3.134300393697E-03,0.));
#11684 = ORIENTED_EDGE('',*,*,#9530,.F.);
#11685 = PLANE('',#11686);
#11686 = AXIS2_PLACEMENT_3D('',#11687,#11688,#11689);
#11687 = CARTESIAN_POINT('',(146.06049445373,60.594229195305,1.));
#11688 = DIRECTION('',(0.,0.,1.));
#11689 = DIRECTION('',(1.,0.,-0.));
#11690 = ADVANCED_FACE('',(#11691),#11701,.T.);
#11691 = FACE_BOUND('',#11692,.T.);
#11692 = EDGE_LOOP('',(#11693,#11699,#11700));
#11693 = ORIENTED_EDGE('',*,*,#11694,.T.);
#11694 = EDGE_CURVE('',#6270,#9522,#11695,.T.);
#11695 = LINE('',#11696,#11697);
#11696 = CARTESIAN_POINT('',(118.29299926757,60.464199066162,1.));
#11697 = VECTOR('',#11698,1.);
#11698 = DIRECTION('',(1.,0.,0.));
#11699 = ORIENTED_EDGE('',*,*,#11679,.F.);
#11700 = ORIENTED_EDGE('',*,*,#6277,.F.);
#11701 = PLANE('',#11702);
#11702 = AXIS2_PLACEMENT_3D('',#11703,#11704,#11705);
#11703 = CARTESIAN_POINT('',(145.96900330696,60.507622764542,1.));
#11704 = DIRECTION('',(0.,0.,1.));
#11705 = DIRECTION('',(1.,0.,-0.));
#11706 = ADVANCED_FACE('',(#11707),#11717,.T.);
#11707 = FACE_BOUND('',#11708,.T.);
#11708 = EDGE_LOOP('',(#11709,#11710,#11716));
#11709 = ORIENTED_EDGE('',*,*,#11694,.F.);
#11710 = ORIENTED_EDGE('',*,*,#11711,.T.);
#11711 = EDGE_CURVE('',#6270,#9568,#11712,.T.);
#11712 = LINE('',#11713,#11714);
#11713 = CARTESIAN_POINT('',(118.29299926757,60.464199066162,1.));
#11714 = VECTOR('',#11715,1.);
#11715 = DIRECTION('',(0.999995622714,-2.958809348577E-03,0.));
#11716 = ORIENTED_EDGE('',*,*,#9576,.F.);
#11717 = PLANE('',#11718);
#11718 = AXIS2_PLACEMENT_3D('',#11719,#11720,#11721);
#11719 = CARTESIAN_POINT('',(146.06595991548,60.423051437422,1.));
#11720 = DIRECTION('',(0.,0.,1.));
#11721 = DIRECTION('',(1.,0.,-0.));
#11722 = ADVANCED_FACE('',(#11723),#11733,.T.);
#11723 = FACE_BOUND('',#11724,.T.);
#11724 = EDGE_LOOP('',(#11725,#11731,#11732));
#11725 = ORIENTED_EDGE('',*,*,#11726,.T.);
#11726 = EDGE_CURVE('',#6316,#9568,#11727,.T.);
#11727 = LINE('',#11728,#11729);
#11728 = CARTESIAN_POINT('',(118.21199798584,60.299999237061,1.));
#11729 = VECTOR('',#11730,1.);
#11730 = DIRECTION('',(1.,0.,0.));
#11731 = ORIENTED_EDGE('',*,*,#11711,.F.);
#11732 = ORIENTED_EDGE('',*,*,#6323,.F.);
#11733 = PLANE('',#11734);
#11734 = AXIS2_PLACEMENT_3D('',#11735,#11736,#11737);
#11735 = CARTESIAN_POINT('',(145.97453415954,60.341086952902,1.));
#11736 = DIRECTION('',(0.,0.,1.));
#11737 = DIRECTION('',(1.,0.,-0.));
#11738 = ADVANCED_FACE('',(#11739),#11749,.T.);
#11739 = FACE_BOUND('',#11740,.T.);
#11740 = EDGE_LOOP('',(#11741,#11742,#11748));
#11741 = ORIENTED_EDGE('',*,*,#11726,.F.);
#11742 = ORIENTED_EDGE('',*,*,#11743,.T.);
#11743 = EDGE_CURVE('',#6316,#9614,#11744,.T.);
#11744 = LINE('',#11745,#11746);
#11745 = CARTESIAN_POINT('',(118.21199798584,60.299999237061,1.));
#11746 = VECTOR('',#11747,1.);
#11747 = DIRECTION('',(0.99999625886,-2.735373271781E-03,0.));
#11748 = ORIENTED_EDGE('',*,*,#9622,.F.);
#11749 = PLANE('',#11750);
#11750 = AXIS2_PLACEMENT_3D('',#11751,#11752,#11753);
#11751 = CARTESIAN_POINT('',(146.07088543621,60.261827717969,1.));
#11752 = DIRECTION('',(0.,0.,1.));
#11753 = DIRECTION('',(1.,0.,-0.));
#11754 = ADVANCED_FACE('',(#11755),#11765,.T.);
#11755 = FACE_BOUND('',#11756,.T.);
#11756 = EDGE_LOOP('',(#11757,#11763,#11764));
#11757 = ORIENTED_EDGE('',*,*,#11758,.T.);
#11758 = EDGE_CURVE('',#6362,#9614,#11759,.T.);
#11759 = LINE('',#11760,#11761);
#11760 = CARTESIAN_POINT('',(118.11100006103,60.147701263428,1.));
#11761 = VECTOR('',#11762,1.);
#11762 = DIRECTION('',(1.,0.,0.));
#11763 = ORIENTED_EDGE('',*,*,#11743,.F.);
#11764 = ORIENTED_EDGE('',*,*,#6369,.F.);
#11765 = PLANE('',#11766);
#11766 = AXIS2_PLACEMENT_3D('',#11767,#11768,#11769);
#11767 = CARTESIAN_POINT('',(145.97961944928,60.185803707533,1.));
#11768 = DIRECTION('',(0.,0.,1.));
#11769 = DIRECTION('',(1.,0.,-0.));
#11770 = ADVANCED_FACE('',(#11771),#11781,.T.);
#11771 = FACE_BOUND('',#11772,.T.);
#11772 = EDGE_LOOP('',(#11773,#11774,#11780));
#11773 = ORIENTED_EDGE('',*,*,#11758,.F.);
#11774 = ORIENTED_EDGE('',*,*,#11775,.T.);
#11775 = EDGE_CURVE('',#6362,#8825,#11776,.T.);
#11776 = LINE('',#11777,#11778);
#11777 = CARTESIAN_POINT('',(118.11100006103,60.147701263428,1.));
#11778 = VECTOR('',#11779,1.);
#11779 = DIRECTION('',(0.999996970321,-2.461574301093E-03,0.));
#11780 = ORIENTED_EDGE('',*,*,#9666,.F.);
#11781 = PLANE('',#11782);
#11782 = AXIS2_PLACEMENT_3D('',#11783,#11784,#11785);
#11783 = CARTESIAN_POINT('',(146.0760145854,60.113207671829,1.));
#11784 = DIRECTION('',(0.,0.,1.));
#11785 = DIRECTION('',(1.,0.,-0.));
#11786 = ADVANCED_FACE('',(#11787),#11797,.T.);
#11787 = FACE_BOUND('',#11788,.T.);
#11788 = EDGE_LOOP('',(#11789,#11795,#11796));
#11789 = ORIENTED_EDGE('',*,*,#11790,.T.);
#11790 = EDGE_CURVE('',#6408,#8825,#11791,.T.);
#11791 = LINE('',#11792,#11793);
#11792 = CARTESIAN_POINT('',(117.98999786377,60.010101318359,1.));
#11793 = VECTOR('',#11794,1.);
#11794 = DIRECTION('',(1.,0.,0.));
#11795 = ORIENTED_EDGE('',*,*,#11775,.F.);
#11796 = ORIENTED_EDGE('',*,*,#6415,.F.);
#11797 = PLANE('',#11798);
#11798 = AXIS2_PLACEMENT_3D('',#11799,#11800,#11801);
#11799 = CARTESIAN_POINT('',(145.98448017953,60.044520453666,1.));
#11800 = DIRECTION('',(0.,0.,1.));
#11801 = DIRECTION('',(1.,0.,-0.));
#11802 = ADVANCED_FACE('',(#11803),#11813,.T.);
#11803 = FACE_BOUND('',#11804,.T.);
#11804 = EDGE_LOOP('',(#11805,#11806,#11812));
#11805 = ORIENTED_EDGE('',*,*,#11790,.F.);
#11806 = ORIENTED_EDGE('',*,*,#11807,.T.);
#11807 = EDGE_CURVE('',#6408,#8779,#11808,.T.);
#11808 = LINE('',#11809,#11810);
#11809 = CARTESIAN_POINT('',(117.98999786377,60.010101318359,1.));
#11810 = VECTOR('',#11811,1.);
#11811 = DIRECTION('',(0.999997686448,-2.151069215501E-03,0.));
#11812 = ORIENTED_EDGE('',*,*,#8832,.F.);
#11813 = PLANE('',#11814);
#11814 = AXIS2_PLACEMENT_3D('',#11815,#11816,#11817);
#11815 = CARTESIAN_POINT('',(146.08031465714,59.979814893451,1.));
#11816 = DIRECTION('',(0.,0.,1.));
#11817 = DIRECTION('',(1.,0.,-0.));
#11818 = ADVANCED_FACE('',(#11819),#11829,.T.);
#11819 = FACE_BOUND('',#11820,.T.);
#11820 = EDGE_LOOP('',(#11821,#11827,#11828));
#11821 = ORIENTED_EDGE('',*,*,#11822,.T.);
#11822 = EDGE_CURVE('',#6430,#8779,#11823,.T.);
#11823 = LINE('',#11824,#11825);
#11824 = CARTESIAN_POINT('',(117.85199737548,59.889301300049,1.));
#11825 = VECTOR('',#11826,1.);
#11826 = DIRECTION('',(1.,0.,0.));
#11827 = ORIENTED_EDGE('',*,*,#11807,.F.);
#11828 = ORIENTED_EDGE('',*,*,#6437,.F.);
#11829 = PLANE('',#11830);
#11830 = AXIS2_PLACEMENT_3D('',#11831,#11832,#11833);
#11831 = CARTESIAN_POINT('',(145.9886779576,59.919513512721,1.));
#11832 = DIRECTION('',(0.,0.,1.));
#11833 = DIRECTION('',(1.,0.,-0.));
#11834 = ADVANCED_FACE('',(#11835),#11845,.T.);
#11835 = FACE_BOUND('',#11836,.T.);
#11836 = EDGE_LOOP('',(#11837,#11838,#11844));
#11837 = ORIENTED_EDGE('',*,*,#11822,.F.);
#11838 = ORIENTED_EDGE('',*,*,#11839,.T.);
#11839 = EDGE_CURVE('',#6430,#8733,#11840,.T.);
#11840 = LINE('',#11841,#11842);
#11841 = CARTESIAN_POINT('',(117.85199737548,59.889301300049,1.));
#11842 = VECTOR('',#11843,1.);
#11843 = DIRECTION('',(0.999998377024,-1.801652030515E-03,0.));
#11844 = ORIENTED_EDGE('',*,*,#8786,.F.);
#11845 = PLANE('',#11846);
#11846 = AXIS2_PLACEMENT_3D('',#11847,#11848,#11849);
#11847 = CARTESIAN_POINT('',(146.08369817354,59.863800921152,1.));
#11848 = DIRECTION('',(0.,0.,1.));
#11849 = DIRECTION('',(1.,0.,-0.));
#11850 = ADVANCED_FACE('',(#11851),#11861,.T.);
#11851 = FACE_BOUND('',#11852,.T.);
#11852 = EDGE_LOOP('',(#11853,#11859,#11860));
#11853 = ORIENTED_EDGE('',*,*,#11854,.T.);
#11854 = EDGE_CURVE('',#6476,#8733,#11855,.T.);
#11855 = LINE('',#11856,#11857);
#11856 = CARTESIAN_POINT('',(117.69999694824,59.787601470947,1.));
#11857 = VECTOR('',#11858,1.);
#11858 = DIRECTION('',(1.,0.,0.));
#11859 = ORIENTED_EDGE('',*,*,#11839,.F.);
#11860 = ORIENTED_EDGE('',*,*,#6483,.F.);
#11861 = PLANE('',#11862);
#11862 = AXIS2_PLACEMENT_3D('',#11863,#11864,#11865);
#11863 = CARTESIAN_POINT('',(145.99230171798,59.813033383673,1.));
#11864 = DIRECTION('',(0.,0.,1.));
#11865 = DIRECTION('',(1.,0.,-0.));
#11866 = ADVANCED_FACE('',(#11867),#11877,.T.);
#11867 = FACE_BOUND('',#11868,.T.);
#11868 = EDGE_LOOP('',(#11869,#11870,#11876));
#11869 = ORIENTED_EDGE('',*,*,#11854,.F.);
#11870 = ORIENTED_EDGE('',*,*,#11871,.T.);
#11871 = EDGE_CURVE('',#6476,#7469,#11872,.T.);
#11872 = LINE('',#11873,#11874);
#11873 = CARTESIAN_POINT('',(117.69999694824,59.787601470947,1.));
#11874 = VECTOR('',#11875,1.);
#11875 = DIRECTION('',(0.999292929479,-3.759841876056E-02,0.));
#11876 = ORIENTED_EDGE('',*,*,#11582,.F.);
#11877 = PLANE('',#11878);
#11878 = AXIS2_PLACEMENT_3D('',#11879,#11880,#11881);
#11879 = CARTESIAN_POINT('',(148.23488977156,59.173469825262,1.));
#11880 = DIRECTION('',(0.,0.,1.));
#11881 = DIRECTION('',(1.,0.,-0.));
#11882 = ADVANCED_FACE('',(#11883),#11893,.T.);
#11883 = FACE_BOUND('',#11884,.T.);
#11884 = EDGE_LOOP('',(#11885,#11891,#11892));
#11885 = ORIENTED_EDGE('',*,*,#11886,.T.);
#11886 = EDGE_CURVE('',#6522,#7469,#11887,.T.);
#11887 = LINE('',#11888,#11889);
#11888 = CARTESIAN_POINT('',(117.53600311279,59.706600189209,1.));
#11889 = VECTOR('',#11890,1.);
#11890 = DIRECTION('',(0.999345598969,-3.617145037012E-02,0.));
#11891 = ORIENTED_EDGE('',*,*,#11871,.F.);
#11892 = ORIENTED_EDGE('',*,*,#6529,.F.);
#11893 = PLANE('',#11894);
#11894 = AXIS2_PLACEMENT_3D('',#11895,#11896,#11897);
#11895 = CARTESIAN_POINT('',(148.01331868105,58.625207777823,1.));
#11896 = DIRECTION('',(0.,0.,1.));
#11897 = DIRECTION('',(1.,0.,-0.));
#11898 = ADVANCED_FACE('',(#11899),#11914,.T.);
#11899 = FACE_BOUND('',#11900,.T.);
#11900 = EDGE_LOOP('',(#11901,#11907,#11908));
#11901 = ORIENTED_EDGE('',*,*,#11902,.T.);
#11902 = EDGE_CURVE('',#7390,#6522,#11903,.T.);
#11903 = LINE('',#11904,#11905);
#11904 = CARTESIAN_POINT('',(113.5,57.5,1.));
#11905 = VECTOR('',#11906,1.);
#11906 = DIRECTION('',(0.877425040156,0.479713767685,0.));
#11907 = ORIENTED_EDGE('',*,*,#6575,.F.);
#11908 = ORIENTED_EDGE('',*,*,#11909,.T.);
#11909 = EDGE_CURVE('',#6568,#7390,#11910,.T.);
#11910 = LINE('',#11911,#11912);
#11911 = CARTESIAN_POINT('',(117.36199951171,59.647701263428,1.));
#11912 = VECTOR('',#11913,1.);
#11913 = DIRECTION('',(-0.873951036109,-0.486013977663,0.));
#11914 = PLANE('',#11915);
#11915 = AXIS2_PLACEMENT_3D('',#11916,#11917,#11918);
#11916 = CARTESIAN_POINT('',(115.51477050416,58.610594900531,1.));
#11917 = DIRECTION('',(0.,0.,1.));
#11918 = DIRECTION('',(1.,0.,-0.));
#11919 = ADVANCED_FACE('',(#11920),#11930,.T.);
#11920 = FACE_BOUND('',#11921,.T.);
#11921 = EDGE_LOOP('',(#11922,#11923,#11924));
#11922 = ORIENTED_EDGE('',*,*,#11909,.F.);
#11923 = ORIENTED_EDGE('',*,*,#6621,.F.);
#11924 = ORIENTED_EDGE('',*,*,#11925,.T.);
#11925 = EDGE_CURVE('',#6614,#7390,#11926,.T.);
#11926 = LINE('',#11927,#11928);
#11927 = CARTESIAN_POINT('',(117.18299865722,59.611999511719,1.));
#11928 = VECTOR('',#11929,1.);
#11929 = DIRECTION('',(-0.867488388273,-0.497457431558,0.));
#11930 = PLANE('',#11931);
#11931 = AXIS2_PLACEMENT_3D('',#11932,#11933,#11934);
#11932 = CARTESIAN_POINT('',(115.42604226338,58.587070795891,1.));
#11933 = DIRECTION('',(0.,0.,1.));
#11934 = DIRECTION('',(1.,0.,-0.));
#11935 = ADVANCED_FACE('',(#11936),#11946,.T.);
#11936 = FACE_BOUND('',#11937,.T.);
#11937 = EDGE_LOOP('',(#11938,#11939,#11940));
#11938 = ORIENTED_EDGE('',*,*,#11925,.F.);
#11939 = ORIENTED_EDGE('',*,*,#6667,.F.);
#11940 = ORIENTED_EDGE('',*,*,#11941,.T.);
#11941 = EDGE_CURVE('',#6660,#7390,#11942,.T.);
#11942 = LINE('',#11943,#11944);
#11943 = CARTESIAN_POINT('',(117.,59.599998474121,1.));
#11944 = VECTOR('',#11945,1.);
#11945 = DIRECTION('',(-0.857493090641,-0.514495480547,0.));
#11946 = PLANE('',#11947);
#11947 = AXIS2_PLACEMENT_3D('',#11948,#11949,#11950);
#11948 = CARTESIAN_POINT('',(115.33532657763,58.575747856178,1.));
#11949 = DIRECTION('',(0.,0.,1.));
#11950 = DIRECTION('',(1.,0.,-0.));
#11951 = ADVANCED_FACE('',(#11952),#11962,.T.);
#11952 = FACE_BOUND('',#11953,.T.);
#11953 = EDGE_LOOP('',(#11954,#11955,#11961));
#11954 = ORIENTED_EDGE('',*,*,#11902,.F.);
#11955 = ORIENTED_EDGE('',*,*,#11956,.T.);
#11956 = EDGE_CURVE('',#7390,#7469,#11957,.T.);
#11957 = LINE('',#11958,#11959);
#11958 = CARTESIAN_POINT('',(113.5,57.5,1.));
#11959 = VECTOR('',#11960,1.);
#11960 = DIRECTION('',(1.,0.,0.));
#11961 = ORIENTED_EDGE('',*,*,#11886,.F.);
#11962 = PLANE('',#11963);
#11963 = AXIS2_PLACEMENT_3D('',#11964,#11965,#11966);
#11964 = CARTESIAN_POINT('',(145.86902436393,58.054200171244,1.));
#11965 = DIRECTION('',(0.,0.,1.));
#11966 = DIRECTION('',(1.,0.,-0.));
#11967 = ADVANCED_FACE('',(#11968),#11978,.T.);
#11968 = FACE_BOUND('',#11969,.T.);
#11969 = EDGE_LOOP('',(#11970,#11976,#11977));
#11970 = ORIENTED_EDGE('',*,*,#11971,.T.);
#11971 = EDGE_CURVE('',#4554,#7390,#11972,.T.);
#11972 = LINE('',#11973,#11974);
#11973 = CARTESIAN_POINT('',(116.81700134277,59.611999511719,1.));
#11974 = VECTOR('',#11975,1.);
#11975 = DIRECTION('',(-0.843525488103,-0.537089146158,0.));
#11976 = ORIENTED_EDGE('',*,*,#11941,.F.);
#11977 = ORIENTED_EDGE('',*,*,#6711,.F.);
#11978 = PLANE('',#11979);
#11979 = AXIS2_PLACEMENT_3D('',#11980,#11981,#11982);
#11980 = CARTESIAN_POINT('',(115.24321146084,58.576502575476,1.));
#11981 = DIRECTION('',(0.,0.,1.));
#11982 = DIRECTION('',(1.,0.,-0.));
#11983 = ADVANCED_FACE('',(#11984),#11994,.T.);
#11984 = FACE_BOUND('',#11985,.T.);
#11985 = EDGE_LOOP('',(#11986,#11992,#11993));
#11986 = ORIENTED_EDGE('',*,*,#11987,.T.);
#11987 = EDGE_CURVE('',#4546,#7390,#11988,.T.);
#11988 = LINE('',#11989,#11990);
#11989 = CARTESIAN_POINT('',(116.63800048828,59.647701263428,1.));
#11990 = VECTOR('',#11991,1.);
#11991 = DIRECTION('',(-0.825227798955,-0.564800035262,0.));
#11992 = ORIENTED_EDGE('',*,*,#11971,.F.);
#11993 = ORIENTED_EDGE('',*,*,#4553,.F.);
#11994 = PLANE('',#11995);
#11995 = AXIS2_PLACEMENT_3D('',#11996,#11997,#11998);
#11996 = CARTESIAN_POINT('',(115.15168670399,58.589329511848,1.));
#11997 = DIRECTION('',(0.,0.,1.));
#11998 = DIRECTION('',(1.,0.,-0.));
#11999 = ADVANCED_FACE('',(#12000),#12010,.T.);
#12000 = FACE_BOUND('',#12001,.T.);
#12001 = EDGE_LOOP('',(#12002,#12008,#12009));
#12002 = ORIENTED_EDGE('',*,*,#12003,.T.);
#12003 = EDGE_CURVE('',#4599,#7390,#12004,.T.);
#12004 = LINE('',#12005,#12006);
#12005 = CARTESIAN_POINT('',(116.4639968872,59.706600189209,1.));
#12006 = VECTOR('',#12007,1.);
#12007 = DIRECTION('',(-0.802124973324,-0.597156199976,0.));
#12008 = ORIENTED_EDGE('',*,*,#11987,.F.);
#12009 = ORIENTED_EDGE('',*,*,#4606,.F.);
#12010 = PLANE('',#12011);
#12011 = AXIS2_PLACEMENT_3D('',#12012,#12013,#12014);
#12012 = CARTESIAN_POINT('',(115.06258979509,58.614402671404,1.));
#12013 = DIRECTION('',(0.,0.,1.));
#12014 = DIRECTION('',(1.,0.,-0.));
#12015 = ADVANCED_FACE('',(#12016),#12026,.T.);
#12016 = FACE_BOUND('',#12017,.T.);
#12017 = EDGE_LOOP('',(#12018,#12024,#12025));
#12018 = ORIENTED_EDGE('',*,*,#12019,.T.);
#12019 = EDGE_CURVE('',#4645,#7390,#12020,.T.);
#12020 = LINE('',#12021,#12022);
#12021 = CARTESIAN_POINT('',(116.30000305175,59.787601470947,1.));
#12022 = VECTOR('',#12023,1.);
#12023 = DIRECTION('',(-0.774405785465,-0.632689243973,0.));
#12024 = ORIENTED_EDGE('',*,*,#12003,.F.);
#12025 = ORIENTED_EDGE('',*,*,#4652,.F.);
#12026 = PLANE('',#12027);
#12027 = AXIS2_PLACEMENT_3D('',#12028,#12029,#12030);
#12028 = CARTESIAN_POINT('',(114.97660680814,58.650759152761,1.));
#12029 = DIRECTION('',(0.,0.,1.));
#12030 = DIRECTION('',(1.,0.,-0.));
#12031 = ADVANCED_FACE('',(#12032),#12042,.T.);
#12032 = FACE_BOUND('',#12033,.T.);
#12033 = EDGE_LOOP('',(#12034,#12040,#12041));
#12034 = ORIENTED_EDGE('',*,*,#12035,.T.);
#12035 = EDGE_CURVE('',#4691,#7390,#12036,.T.);
#12036 = LINE('',#12037,#12038);
#12037 = CARTESIAN_POINT('',(116.14800262451,59.889301300049,1.));
#12038 = VECTOR('',#12039,1.);
#12039 = DIRECTION('',(-0.742443263781,-0.669908949086,0.));
#12040 = ORIENTED_EDGE('',*,*,#12019,.F.);
#12041 = ORIENTED_EDGE('',*,*,#4698,.F.);
#12042 = PLANE('',#12043);
#12043 = AXIS2_PLACEMENT_3D('',#12044,#12045,#12046);
#12044 = CARTESIAN_POINT('',(114.89607458134,58.698089430126,1.));
#12045 = DIRECTION('',(0.,0.,1.));
#12046 = DIRECTION('',(1.,0.,-0.));
#12047 = ADVANCED_FACE('',(#12048),#12058,.T.);
#12048 = FACE_BOUND('',#12049,.T.);
#12049 = EDGE_LOOP('',(#12050,#12056,#12057));
#12050 = ORIENTED_EDGE('',*,*,#12051,.T.);
#12051 = EDGE_CURVE('',#4737,#7390,#12052,.T.);
#12052 = LINE('',#12053,#12054);
#12053 = CARTESIAN_POINT('',(116.01000213623,60.010101318359,1.));
#12054 = VECTOR('',#12055,1.);
#12055 = DIRECTION('',(-0.707092810748,-0.707120751349,0.));
#12056 = ORIENTED_EDGE('',*,*,#12035,.F.);
#12057 = ORIENTED_EDGE('',*,*,#4744,.F.);
#12058 = PLANE('',#12059);
#12059 = AXIS2_PLACEMENT_3D('',#12060,#12061,#12062);
#12060 = CARTESIAN_POINT('',(114.82197902703,58.755554766663,1.));
#12061 = DIRECTION('',(0.,0.,1.));
#12062 = DIRECTION('',(1.,0.,-0.));
#12063 = ADVANCED_FACE('',(#12064),#12074,.T.);
#12064 = FACE_BOUND('',#12065,.T.);
#12065 = EDGE_LOOP('',(#12066,#12072,#12073));
#12066 = ORIENTED_EDGE('',*,*,#12067,.T.);
#12067 = EDGE_CURVE('',#5528,#7390,#12068,.T.);
#12068 = LINE('',#12069,#12070);
#12069 = CARTESIAN_POINT('',(115.88899993896,60.147701263428,1.));
#12070 = VECTOR('',#12071,1.);
#12071 = DIRECTION('',(-0.669904398244,-0.742447369996,0.));
#12072 = ORIENTED_EDGE('',*,*,#12051,.F.);
#12073 = ORIENTED_EDGE('',*,*,#5580,.F.);
#12074 = PLANE('',#12075);
#12075 = AXIS2_PLACEMENT_3D('',#12076,#12077,#12078);
#12076 = CARTESIAN_POINT('',(114.75542811126,58.821897981609,1.));
#12077 = DIRECTION('',(0.,0.,1.));
#12078 = DIRECTION('',(1.,0.,-0.));
#12079 = ADVANCED_FACE('',(#12080),#12090,.T.);
#12080 = FACE_BOUND('',#12081,.T.);
#12081 = EDGE_LOOP('',(#12082,#12088,#12089));
#12082 = ORIENTED_EDGE('',*,*,#12083,.T.);
#12083 = EDGE_CURVE('',#5482,#7390,#12084,.T.);
#12084 = LINE('',#12085,#12086);
#12085 = CARTESIAN_POINT('',(115.78800201416,60.299999237061,1.));
#12086 = VECTOR('',#12087,1.);
#12087 = DIRECTION('',(-0.632756188852,-0.774351086697,0.));
#12088 = ORIENTED_EDGE('',*,*,#12067,.F.);
#12089 = ORIENTED_EDGE('',*,*,#5536,.F.);
#12090 = PLANE('',#12091);
#12091 = AXIS2_PLACEMENT_3D('',#12092,#12093,#12094);
#12092 = CARTESIAN_POINT('',(114.69809247108,58.895975684727,1.));
#12093 = DIRECTION('',(0.,0.,1.));
#12094 = DIRECTION('',(1.,0.,-0.));
#12095 = ADVANCED_FACE('',(#12096),#12106,.T.);
#12096 = FACE_BOUND('',#12097,.T.);
#12097 = EDGE_LOOP('',(#12098,#12104,#12105));
#12098 = ORIENTED_EDGE('',*,*,#12099,.T.);
#12099 = EDGE_CURVE('',#5436,#7390,#12100,.T.);
#12100 = LINE('',#12101,#12102);
#12101 = CARTESIAN_POINT('',(115.70700073242,60.464199066162,1.));
#12102 = VECTOR('',#12103,1.);
#12103 = DIRECTION('',(-0.597199729127,-0.802092565438,0.));
#12104 = ORIENTED_EDGE('',*,*,#12083,.F.);
#12105 = ORIENTED_EDGE('',*,*,#5490,.F.);
#12106 = PLANE('',#12107);
#12107 = AXIS2_PLACEMENT_3D('',#12108,#12109,#12110);
#12108 = CARTESIAN_POINT('',(114.65098856373,58.976690524486,1.));
#12109 = DIRECTION('',(0.,0.,1.));
#12110 = DIRECTION('',(1.,0.,-0.));
#12111 = ADVANCED_FACE('',(#12112),#12122,.T.);
#12112 = FACE_BOUND('',#12113,.T.);
#12113 = EDGE_LOOP('',(#12114,#12120,#12121));
#12114 = ORIENTED_EDGE('',*,*,#12115,.T.);
#12115 = EDGE_CURVE('',#5390,#7390,#12116,.T.);
#12116 = LINE('',#12117,#12118);
#12117 = CARTESIAN_POINT('',(115.64800262451,60.637699127197,1.));
#12118 = VECTOR('',#12119,1.);
#12119 = DIRECTION('',(-0.564890942391,-0.825165573206,0.));
#12120 = ORIENTED_EDGE('',*,*,#12099,.F.);
#12121 = ORIENTED_EDGE('',*,*,#5444,.F.);
#12122 = PLANE('',#12123);
#12123 = AXIS2_PLACEMENT_3D('',#12124,#12125,#12126);
#12124 = CARTESIAN_POINT('',(114.61452025804,59.062472155942,1.));
#12125 = DIRECTION('',(0.,0.,1.));
#12126 = DIRECTION('',(1.,0.,-0.));
#12127 = ADVANCED_FACE('',(#12128),#12138,.T.);
#12128 = FACE_BOUND('',#12129,.T.);
#12129 = EDGE_LOOP('',(#12130,#12136,#12137));
#12130 = ORIENTED_EDGE('',*,*,#12131,.T.);
#12131 = EDGE_CURVE('',#5344,#7390,#12132,.T.);
#12132 = LINE('',#12133,#12134);
#12133 = CARTESIAN_POINT('',(115.61199951171,60.81729888916,1.));
#12134 = VECTOR('',#12135,1.);
#12135 = DIRECTION('',(-0.537054867033,-0.843547313312,0.));
#12136 = ORIENTED_EDGE('',*,*,#12115,.F.);
#12137 = ORIENTED_EDGE('',*,*,#5398,.F.);
#12138 = PLANE('',#12139);
#12139 = AXIS2_PLACEMENT_3D('',#12140,#12141,#12142);
#12140 = CARTESIAN_POINT('',(114.58948939292,59.151817857515,1.));
#12141 = DIRECTION('',(0.,0.,1.));
#12142 = DIRECTION('',(1.,0.,-0.));
#12143 = ADVANCED_FACE('',(#12144),#12154,.T.);
#12144 = FACE_BOUND('',#12145,.T.);
#12145 = EDGE_LOOP('',(#12146,#12152,#12153));
#12146 = ORIENTED_EDGE('',*,*,#12147,.T.);
#12147 = EDGE_CURVE('',#5298,#7390,#12148,.T.);
#12148 = LINE('',#12149,#12150);
#12149 = CARTESIAN_POINT('',(115.59999847412,61.,1.));
#12150 = VECTOR('',#12151,1.);
#12151 = DIRECTION('',(-0.514495480547,-0.857493090641,0.));
#12152 = ORIENTED_EDGE('',*,*,#12131,.F.);
#12153 = ORIENTED_EDGE('',*,*,#5352,.F.);
#12154 = PLANE('',#12155);
#12155 = AXIS2_PLACEMENT_3D('',#12156,#12157,#12158);
#12156 = CARTESIAN_POINT('',(114.57646465925,59.243223245213,1.));
#12157 = DIRECTION('',(0.,0.,1.));
#12158 = DIRECTION('',(1.,0.,-0.));
#12159 = ADVANCED_FACE('',(#12160),#12165,.T.);
#12160 = FACE_BOUND('',#12161,.T.);
#12161 = EDGE_LOOP('',(#12162,#12163,#12164));
#12162 = ORIENTED_EDGE('',*,*,#11113,.F.);
#12163 = ORIENTED_EDGE('',*,*,#12147,.F.);
#12164 = ORIENTED_EDGE('',*,*,#5306,.F.);
#12165 = PLANE('',#12166);
#12166 = AXIS2_PLACEMENT_3D('',#12167,#12168,#12169);
#12167 = CARTESIAN_POINT('',(114.57571251083,59.335187701887,1.));
#12168 = DIRECTION('',(0.,0.,1.));
#12169 = DIRECTION('',(1.,0.,-0.));
#12170 = ADVANCED_FACE('',(#12171),#12186,.T.);
#12171 = FACE_BOUND('',#12172,.T.);
#12172 = EDGE_LOOP('',(#12173,#12179,#12185));
#12173 = ORIENTED_EDGE('',*,*,#12174,.T.);
#12174 = EDGE_CURVE('',#9040,#5977,#12175,.T.);
#12175 = LINE('',#12176,#12177);
#12176 = CARTESIAN_POINT('',(173.70700073242,61.535800933838,-1.));
#12177 = VECTOR('',#12178,1.);
#12178 = DIRECTION('',(-1.,0.,0.));
#12179 = ORIENTED_EDGE('',*,*,#12180,.T.);
#12180 = EDGE_CURVE('',#5977,#8994,#12181,.T.);
#12181 = LINE('',#12182,#12183);
#12182 = CARTESIAN_POINT('',(118.29299926757,61.535800933838,-1.));
#12183 = VECTOR('',#12184,1.);
#12184 = DIRECTION('',(0.999995622714,2.958809348577E-03,0.));
#12185 = ORIENTED_EDGE('',*,*,#9047,.F.);
#12186 = PLANE('',#12187);
#12187 = AXIS2_PLACEMENT_3D('',#12188,#12189,#12190);
#12188 = CARTESIAN_POINT('',(146.06595991548,61.576948562578,-1.));
#12189 = DIRECTION('',(-0.,-0.,-1.));
#12190 = DIRECTION('',(-1.,0.,0.));
#12191 = ADVANCED_FACE('',(#12192),#12207,.T.);
#12192 = FACE_BOUND('',#12193,.T.);
#12193 = EDGE_LOOP('',(#12194,#12200,#12201));
#12194 = ORIENTED_EDGE('',*,*,#12195,.T.);
#12195 = EDGE_CURVE('',#791,#3573,#12196,.T.);
#12196 = LINE('',#12197,#12198);
#12197 = CARTESIAN_POINT('',(173.78799438476,91.300003051758,-1.));
#12198 = VECTOR('',#12199,1.);
#12199 = DIRECTION('',(-0.999956408668,9.337063985138E-03,0.));
#12200 = ORIENTED_EDGE('',*,*,#3581,.F.);
#12201 = ORIENTED_EDGE('',*,*,#12202,.T.);
#12202 = EDGE_CURVE('',#3527,#791,#12203,.T.);
#12203 = LINE('',#12204,#12205);
#12204 = CARTESIAN_POINT('',(118.40000152587,92.,-1.));
#12205 = VECTOR('',#12206,1.);
#12206 = DIRECTION('',(0.999920149246,-1.263705393227E-02,0.));
#12207 = PLANE('',#12208);
#12208 = AXIS2_PLACEMENT_3D('',#12209,#12210,#12211);
#12209 = CARTESIAN_POINT('',(146.04530205487,91.604824217273,-1.));
#12210 = DIRECTION('',(-0.,-0.,-1.));
#12211 = DIRECTION('',(-1.,0.,0.));
#12212 = ADVANCED_FACE('',(#12213),#12223,.T.);
#12213 = FACE_BOUND('',#12214,.T.);
#12214 = EDGE_LOOP('',(#12215,#12221,#12222));
#12215 = ORIENTED_EDGE('',*,*,#12216,.T.);
#12216 = EDGE_CURVE('',#5933,#8994,#12217,.T.);
#12217 = LINE('',#12218,#12219);
#12218 = CARTESIAN_POINT('',(118.21199798584,61.700000762939,-1.));
#12219 = VECTOR('',#12220,1.);
#12220 = DIRECTION('',(1.,0.,0.));
#12221 = ORIENTED_EDGE('',*,*,#12180,.F.);
#12222 = ORIENTED_EDGE('',*,*,#5985,.F.);
#12223 = PLANE('',#12224);
#12224 = AXIS2_PLACEMENT_3D('',#12225,#12226,#12227);
#12225 = CARTESIAN_POINT('',(145.97453415954,61.658913047098,-1.));
#12226 = DIRECTION('',(-0.,-0.,-1.));
#12227 = DIRECTION('',(-1.,0.,0.));
#12228 = ADVANCED_FACE('',(#12229),#12239,.T.);
#12229 = FACE_BOUND('',#12230,.T.);
#12230 = EDGE_LOOP('',(#12231,#12237,#12238));
#12231 = ORIENTED_EDGE('',*,*,#12232,.T.);
#12232 = EDGE_CURVE('',#791,#3619,#12233,.T.);
#12233 = LINE('',#12234,#12235);
#12234 = CARTESIAN_POINT('',(173.78799438476,91.300003051758,-1.));
#12235 = VECTOR('',#12236,1.);
#12236 = DIRECTION('',(-0.999981456962,6.089805651163E-03,0.));
#12237 = ORIENTED_EDGE('',*,*,#3627,.F.);
#12238 = ORIENTED_EDGE('',*,*,#12195,.F.);
#12239 = PLANE('',#12240);
#12240 = AXIS2_PLACEMENT_3D('',#12241,#12242,#12243);
#12241 = CARTESIAN_POINT('',(146.03325430938,91.514065977969,-1.));
#12242 = DIRECTION('',(-0.,-0.,-1.));
#12243 = DIRECTION('',(-1.,0.,0.));
#12244 = ADVANCED_FACE('',(#12245),#12260,.T.);
#12245 = FACE_BOUND('',#12246,.T.);
#12246 = EDGE_LOOP('',(#12247,#12248,#12254));
#12247 = ORIENTED_EDGE('',*,*,#12216,.F.);
#12248 = ORIENTED_EDGE('',*,*,#12249,.T.);
#12249 = EDGE_CURVE('',#5933,#791,#12250,.T.);
#12250 = LINE('',#12251,#12252);
#12251 = CARTESIAN_POINT('',(118.21199798584,61.700000762939,-1.));
#12252 = VECTOR('',#12253,1.);
#12253 = DIRECTION('',(0.882620060841,0.470087043218,0.));
#12254 = ORIENTED_EDGE('',*,*,#12255,.T.);
#12255 = EDGE_CURVE('',#791,#8994,#12256,.T.);
#12256 = LINE('',#12257,#12258);
#12257 = CARTESIAN_POINT('',(173.78799438476,91.300003051758,-1.));
#12258 = VECTOR('',#12259,1.);
#12259 = DIRECTION('',(0.,-1.,0.));
#12260 = PLANE('',#12261);
#12261 = AXIS2_PLACEMENT_3D('',#12262,#12263,#12264);
#12262 = CARTESIAN_POINT('',(151.55222913771,70.947768954938,-1.));
#12263 = DIRECTION('',(-0.,-0.,-1.));
#12264 = DIRECTION('',(-1.,0.,0.));
#12265 = ADVANCED_FACE('',(#12266),#12276,.T.);
#12266 = FACE_BOUND('',#12267,.T.);
#12267 = EDGE_LOOP('',(#12268,#12274,#12275));
#12268 = ORIENTED_EDGE('',*,*,#12269,.T.);
#12269 = EDGE_CURVE('',#791,#3665,#12270,.T.);
#12270 = LINE('',#12271,#12272);
#12271 = CARTESIAN_POINT('',(173.78799438476,91.300003051758,-1.));
#12272 = VECTOR('',#12273,1.);
#12273 = DIRECTION('',(-0.999995622714,2.958809348577E-03,0.));
#12274 = ORIENTED_EDGE('',*,*,#3673,.F.);
#12275 = ORIENTED_EDGE('',*,*,#12232,.F.);
#12276 = PLANE('',#12277);
#12277 = AXIS2_PLACEMENT_3D('',#12278,#12279,#12280);
#12278 = CARTESIAN_POINT('',(146.00952391052,91.425637267222,-1.));
#12279 = DIRECTION('',(-0.,-0.,-1.));
#12280 = DIRECTION('',(-1.,0.,0.));
#12281 = ADVANCED_FACE('',(#12282),#12297,.T.);
#12282 = FACE_BOUND('',#12283,.T.);
#12283 = EDGE_LOOP('',(#12284,#12290,#12291));
#12284 = ORIENTED_EDGE('',*,*,#12285,.T.);
#12285 = EDGE_CURVE('',#3709,#791,#12286,.T.);
#12286 = LINE('',#12287,#12288);
#12287 = CARTESIAN_POINT('',(118.21199798584,91.300003051758,-1.));
#12288 = VECTOR('',#12289,1.);
#12289 = DIRECTION('',(1.,0.,0.));
#12290 = ORIENTED_EDGE('',*,*,#12249,.F.);
#12291 = ORIENTED_EDGE('',*,*,#12292,.T.);
#12292 = EDGE_CURVE('',#5933,#3709,#12293,.T.);
#12293 = LINE('',#12294,#12295);
#12294 = CARTESIAN_POINT('',(118.21199798584,61.700000762939,-1.));
#12295 = VECTOR('',#12296,1.);
#12296 = DIRECTION('',(0.,1.,0.));
#12297 = PLANE('',#12298);
#12298 = AXIS2_PLACEMENT_3D('',#12299,#12300,#12301);
#12299 = CARTESIAN_POINT('',(140.44776323289,82.052234859759,-1.));
#12300 = DIRECTION('',(-0.,-0.,-1.));
#12301 = DIRECTION('',(-1.,0.,0.));
#12302 = ADVANCED_FACE('',(#12303),#12308,.T.);
#12303 = FACE_BOUND('',#12304,.T.);
#12304 = EDGE_LOOP('',(#12305,#12306,#12307));
#12305 = ORIENTED_EDGE('',*,*,#12285,.F.);
#12306 = ORIENTED_EDGE('',*,*,#3717,.F.);
#12307 = ORIENTED_EDGE('',*,*,#12269,.F.);
#12308 = PLANE('',#12309);
#12309 = AXIS2_PLACEMENT_3D('',#12310,#12311,#12312);
#12310 = CARTESIAN_POINT('',(145.97453415954,91.341090767599,-1.));
#12311 = DIRECTION('',(-0.,-0.,-1.));
#12312 = DIRECTION('',(-1.,0.,0.));
#12313 = ADVANCED_FACE('',(#12314),#12324,.T.);
#12314 = FACE_BOUND('',#12315,.T.);
#12315 = EDGE_LOOP('',(#12316,#12322,#12323));
#12316 = ORIENTED_EDGE('',*,*,#12317,.T.);
#12317 = EDGE_CURVE('',#5887,#3709,#12318,.T.);
#12318 = LINE('',#12319,#12320);
#12319 = CARTESIAN_POINT('',(118.11100006103,61.852298736572,-1.));
#12320 = VECTOR('',#12321,1.);
#12321 = DIRECTION('',(3.429718313668E-03,0.999994118499,0.));
#12322 = ORIENTED_EDGE('',*,*,#12292,.F.);
#12323 = ORIENTED_EDGE('',*,*,#5941,.F.);
#12324 = PLANE('',#12325);
#12325 = AXIS2_PLACEMENT_3D('',#12326,#12327,#12328);
#12326 = CARTESIAN_POINT('',(118.18673545207,76.492433779499,-1.));
#12327 = DIRECTION('',(-0.,-0.,-1.));
#12328 = DIRECTION('',(-1.,0.,0.));
#12329 = ADVANCED_FACE('',(#12330),#12340,.T.);
#12330 = FACE_BOUND('',#12331,.T.);
#12331 = EDGE_LOOP('',(#12332,#12338,#12339));
#12332 = ORIENTED_EDGE('',*,*,#12333,.T.);
#12333 = EDGE_CURVE('',#5887,#3748,#12334,.T.);
#12334 = LINE('',#12335,#12336);
#12335 = CARTESIAN_POINT('',(118.11100006103,61.852298736572,-1.));
#12336 = VECTOR('',#12337,1.);
#12337 = DIRECTION('',(0.,1.,0.));
#12338 = ORIENTED_EDGE('',*,*,#3756,.F.);
#12339 = ORIENTED_EDGE('',*,*,#12317,.F.);
#12340 = PLANE('',#12341);
#12341 = AXIS2_PLACEMENT_3D('',#12342,#12343,#12344);
#12342 = CARTESIAN_POINT('',(118.13639318596,76.583718704256,-1.));
#12343 = DIRECTION('',(-0.,-0.,-1.));
#12344 = DIRECTION('',(-1.,0.,0.));
#12345 = ADVANCED_FACE('',(#12346),#12356,.T.);
#12346 = FACE_BOUND('',#12347,.T.);
#12347 = EDGE_LOOP('',(#12348,#12354,#12355));
#12348 = ORIENTED_EDGE('',*,*,#12349,.T.);
#12349 = EDGE_CURVE('',#5865,#3748,#12350,.T.);
#12350 = LINE('',#12351,#12352);
#12351 = CARTESIAN_POINT('',(117.98999786377,61.990001678467,-1.));
#12352 = VECTOR('',#12353,1.);
#12353 = DIRECTION('',(4.149887435923E-03,0.99999138918,0.));
#12354 = ORIENTED_EDGE('',*,*,#12333,.F.);
#12355 = ORIENTED_EDGE('',*,*,#5895,.F.);
#12356 = PLANE('',#12357);
#12357 = AXIS2_PLACEMENT_3D('',#12358,#12359,#12360);
#12358 = CARTESIAN_POINT('',(118.08072585207,76.488658362961,-1.));
#12359 = DIRECTION('',(-0.,-0.,-1.));
#12360 = DIRECTION('',(-1.,0.,0.));
#12361 = ADVANCED_FACE('',(#12362),#12372,.T.);
#12362 = FACE_BOUND('',#12363,.T.);
#12363 = EDGE_LOOP('',(#12364,#12370,#12371));
#12364 = ORIENTED_EDGE('',*,*,#12365,.T.);
#12365 = EDGE_CURVE('',#5865,#3794,#12366,.T.);
#12366 = LINE('',#12367,#12368);
#12367 = CARTESIAN_POINT('',(117.98999786377,61.990001678467,-1.));
#12368 = VECTOR('',#12369,1.);
#12369 = DIRECTION('',(0.,1.,0.));
#12370 = ORIENTED_EDGE('',*,*,#3802,.F.);
#12371 = ORIENTED_EDGE('',*,*,#12349,.F.);
#12372 = PLANE('',#12373);
#12373 = AXIS2_PLACEMENT_3D('',#12374,#12375,#12376);
#12374 = CARTESIAN_POINT('',(118.02041492934,76.580189767872,-1.));
#12375 = DIRECTION('',(-0.,-0.,-1.));
#12376 = DIRECTION('',(-1.,0.,0.));
#12377 = ADVANCED_FACE('',(#12378),#12388,.T.);
#12378 = FACE_BOUND('',#12379,.T.);
#12379 = EDGE_LOOP('',(#12380,#12386,#12387));
#12380 = ORIENTED_EDGE('',*,*,#12381,.T.);
#12381 = EDGE_CURVE('',#5819,#3794,#12382,.T.);
#12382 = LINE('',#12383,#12384);
#12383 = CARTESIAN_POINT('',(117.85199737548,62.110698699951,-1.));
#12384 = VECTOR('',#12385,1.);
#12385 = DIRECTION('',(4.775164052648E-03,0.999988598839,0.));
#12386 = ORIENTED_EDGE('',*,*,#12365,.F.);
#12387 = ORIENTED_EDGE('',*,*,#5864,.F.);
#12388 = PLANE('',#12389);
#12389 = AXIS2_PLACEMENT_3D('',#12390,#12391,#12392);
#12390 = CARTESIAN_POINT('',(117.95546035285,76.484424659924,-1.));
#12391 = DIRECTION('',(-0.,-0.,-1.));
#12392 = DIRECTION('',(-1.,0.,0.));
#12393 = ADVANCED_FACE('',(#12394),#12404,.T.);
#12394 = FACE_BOUND('',#12395,.T.);
#12395 = EDGE_LOOP('',(#12396,#12402,#12403));
#12396 = ORIENTED_EDGE('',*,*,#12397,.T.);
#12397 = EDGE_CURVE('',#5819,#3864,#12398,.T.);
#12398 = LINE('',#12399,#12400);
#12399 = CARTESIAN_POINT('',(117.85199737548,62.110698699951,-1.));
#12400 = VECTOR('',#12401,1.);
#12401 = DIRECTION('',(0.,1.,0.));
#12402 = ORIENTED_EDGE('',*,*,#3863,.F.);
#12403 = ORIENTED_EDGE('',*,*,#12381,.F.);
#12404 = PLANE('',#12405);
#12405 = AXIS2_PLACEMENT_3D('',#12406,#12407,#12408);
#12406 = CARTESIAN_POINT('',(117.88667898179,76.575927013873,-1.));
#12407 = DIRECTION('',(-0.,-0.,-1.));
#12408 = DIRECTION('',(-1.,0.,0.));
#12409 = ADVANCED_FACE('',(#12410),#12420,.T.);
#12410 = FACE_BOUND('',#12411,.T.);
#12411 = EDGE_LOOP('',(#12412,#12418,#12419));
#12412 = ORIENTED_EDGE('',*,*,#12413,.T.);
#12413 = EDGE_CURVE('',#5773,#3864,#12414,.T.);
#12414 = LINE('',#12415,#12416);
#12415 = CARTESIAN_POINT('',(117.69999694824,62.212398529053,-1.));
#12416 = VECTOR('',#12417,1.);
#12417 = DIRECTION('',(5.300374085613E-03,0.999985952919,0.));
#12418 = ORIENTED_EDGE('',*,*,#12397,.F.);
#12419 = ORIENTED_EDGE('',*,*,#5818,.F.);
#12420 = PLANE('',#12421);
#12421 = AXIS2_PLACEMENT_3D('',#12422,#12423,#12424);
#12422 = CARTESIAN_POINT('',(117.81394347921,76.479802465719,-1.));
#12423 = DIRECTION('',(-0.,-0.,-1.));
#12424 = DIRECTION('',(-1.,0.,0.));
#12425 = ADVANCED_FACE('',(#12426),#12436,.T.);
#12426 = FACE_BOUND('',#12427,.T.);
#12427 = EDGE_LOOP('',(#12428,#12434,#12435));
#12428 = ORIENTED_EDGE('',*,*,#12429,.T.);
#12429 = EDGE_CURVE('',#5773,#3910,#12430,.T.);
#12430 = LINE('',#12431,#12432);
#12431 = CARTESIAN_POINT('',(117.69999694824,62.212398529053,-1.));
#12432 = VECTOR('',#12433,1.);
#12433 = DIRECTION('',(0.,1.,0.));
#12434 = ORIENTED_EDGE('',*,*,#3909,.F.);
#12435 = ORIENTED_EDGE('',*,*,#12413,.F.);
#12436 = PLANE('',#12437);
#12437 = AXIS2_PLACEMENT_3D('',#12438,#12439,#12440);
#12438 = CARTESIAN_POINT('',(117.73818560724,76.571043634135,-1.));
#12439 = DIRECTION('',(-0.,-0.,-1.));
#12440 = DIRECTION('',(-1.,0.,0.));
#12441 = ADVANCED_FACE('',(#12442),#12452,.T.);
#12442 = FACE_BOUND('',#12443,.T.);
#12443 = EDGE_LOOP('',(#12444,#12450,#12451));
#12444 = ORIENTED_EDGE('',*,*,#12445,.T.);
#12445 = EDGE_CURVE('',#5727,#3910,#12446,.T.);
#12446 = LINE('',#12447,#12448);
#12447 = CARTESIAN_POINT('',(117.53600311279,62.293399810791,-1.));
#12448 = VECTOR('',#12449,1.);
#12449 = DIRECTION('',(5.755246044966E-03,0.999983438434,0.));
#12450 = ORIENTED_EDGE('',*,*,#12429,.F.);
#12451 = ORIENTED_EDGE('',*,*,#5772,.F.);
#12452 = PLANE('',#12453);
#12453 = AXIS2_PLACEMENT_3D('',#12454,#12455,#12456);
#12454 = CARTESIAN_POINT('',(117.65892517679,76.474639495199,-1.));
#12455 = DIRECTION('',(-0.,-0.,-1.));
#12456 = DIRECTION('',(-1.,0.,0.));
#12457 = ADVANCED_FACE('',(#12458),#12468,.T.);
#12458 = FACE_BOUND('',#12459,.T.);
#12459 = EDGE_LOOP('',(#12460,#12466,#12467));
#12460 = ORIENTED_EDGE('',*,*,#12461,.T.);
#12461 = EDGE_CURVE('',#5727,#3956,#12462,.T.);
#12462 = LINE('',#12463,#12464);
#12463 = CARTESIAN_POINT('',(117.53600311279,62.293399810791,-1.));
#12464 = VECTOR('',#12465,1.);
#12465 = DIRECTION('',(0.,1.,0.));
#12466 = ORIENTED_EDGE('',*,*,#3955,.F.);
#12467 = ORIENTED_EDGE('',*,*,#12445,.F.);
#12468 = PLANE('',#12469);
#12469 = AXIS2_PLACEMENT_3D('',#12470,#12471,#12472);
#12470 = CARTESIAN_POINT('',(117.57719143078,76.565857330973,-1.));
#12471 = DIRECTION('',(-0.,-0.,-1.));
#12472 = DIRECTION('',(-1.,0.,0.));
#12473 = ADVANCED_FACE('',(#12474),#12484,.T.);
#12474 = FACE_BOUND('',#12475,.T.);
#12475 = EDGE_LOOP('',(#12476,#12482,#12483));
#12476 = ORIENTED_EDGE('',*,*,#12477,.T.);
#12477 = EDGE_CURVE('',#5681,#3956,#12478,.T.);
#12478 = LINE('',#12479,#12480);
#12479 = CARTESIAN_POINT('',(117.36199951171,62.352298736572,-1.));
#12480 = VECTOR('',#12481,1.);
#12481 = DIRECTION('',(6.136647322854E-03,0.999981170603,0.));
#12482 = ORIENTED_EDGE('',*,*,#12461,.F.);
#12483 = ORIENTED_EDGE('',*,*,#5726,.F.);
#12484 = PLANE('',#12485);
#12485 = AXIS2_PLACEMENT_3D('',#12486,#12487,#12488);
#12486 = CARTESIAN_POINT('',(117.49240647775,76.468930860183,-1.));
#12487 = DIRECTION('',(-0.,-0.,-1.));
#12488 = DIRECTION('',(-1.,0.,0.));
#12489 = ADVANCED_FACE('',(#12490),#12500,.T.);
#12490 = FACE_BOUND('',#12491,.T.);
#12491 = EDGE_LOOP('',(#12492,#12498,#12499));
#12492 = ORIENTED_EDGE('',*,*,#12493,.T.);
#12493 = EDGE_CURVE('',#5681,#4002,#12494,.T.);
#12494 = LINE('',#12495,#12496);
#12495 = CARTESIAN_POINT('',(117.36199951171,62.352298736572,-1.));
#12496 = VECTOR('',#12497,1.);
#12497 = DIRECTION('',(0.,1.,0.));
#12498 = ORIENTED_EDGE('',*,*,#4001,.F.);
#12499 = ORIENTED_EDGE('',*,*,#12477,.F.);
#12500 = PLANE('',#12501);
#12501 = AXIS2_PLACEMENT_3D('',#12502,#12503,#12504);
#12502 = CARTESIAN_POINT('',(117.40568650809,76.560514788011,-1.));
#12503 = DIRECTION('',(-0.,-0.,-1.));
#12504 = DIRECTION('',(-1.,0.,0.));
#12505 = ADVANCED_FACE('',(#12506),#12516,.T.);
#12506 = FACE_BOUND('',#12507,.T.);
#12507 = EDGE_LOOP('',(#12508,#12514,#12515));
#12508 = ORIENTED_EDGE('',*,*,#12509,.T.);
#12509 = EDGE_CURVE('',#5635,#4002,#12510,.T.);
#12510 = LINE('',#12511,#12512);
#12511 = CARTESIAN_POINT('',(117.18299865722,62.388000488281,-1.));
#12512 = VECTOR('',#12513,1.);
#12513 = DIRECTION('',(6.334012143708E-03,0.999979939944,0.));
#12514 = ORIENTED_EDGE('',*,*,#12493,.F.);
#12515 = ORIENTED_EDGE('',*,*,#5680,.F.);
#12516 = PLANE('',#12517);
#12517 = AXIS2_PLACEMENT_3D('',#12518,#12519,#12520);
#12518 = CARTESIAN_POINT('',(117.31713304821,76.463433632717,-1.));
#12519 = DIRECTION('',(-0.,-0.,-1.));
#12520 = DIRECTION('',(-1.,0.,0.));
#12521 = ADVANCED_FACE('',(#12522),#12532,.T.);
#12522 = FACE_BOUND('',#12523,.T.);
#12523 = EDGE_LOOP('',(#12524,#12530,#12531));
#12524 = ORIENTED_EDGE('',*,*,#12525,.T.);
#12525 = EDGE_CURVE('',#5635,#4048,#12526,.T.);
#12526 = LINE('',#12527,#12528);
#12527 = CARTESIAN_POINT('',(117.18299865722,62.388000488281,-1.));
#12528 = VECTOR('',#12529,1.);
#12529 = DIRECTION('',(0.,1.,0.));
#12530 = ORIENTED_EDGE('',*,*,#4047,.F.);
#12531 = ORIENTED_EDGE('',*,*,#12509,.F.);
#12532 = PLANE('',#12533);
#12533 = AXIS2_PLACEMENT_3D('',#12534,#12535,#12536);
#12534 = CARTESIAN_POINT('',(117.22792165151,76.554414195587,-1.));
#12535 = DIRECTION('',(-0.,-0.,-1.));
#12536 = DIRECTION('',(-1.,0.,0.));
#12537 = ADVANCED_FACE('',(#12538),#12548,.T.);
#12538 = FACE_BOUND('',#12539,.T.);
#12539 = EDGE_LOOP('',(#12540,#12546,#12547));
#12540 = ORIENTED_EDGE('',*,*,#12541,.T.);
#12541 = EDGE_CURVE('',#5276,#4048,#12542,.T.);
#12542 = LINE('',#12543,#12544);
#12543 = CARTESIAN_POINT('',(117.,62.400001525879,-1.));
#12544 = VECTOR('',#12545,1.);
#12545 = DIRECTION('',(6.486417855632E-03,0.99997896297,0.));
#12546 = ORIENTED_EDGE('',*,*,#12525,.F.);
#12547 = ORIENTED_EDGE('',*,*,#5634,.F.);
#12548 = PLANE('',#12549);
#12549 = AXIS2_PLACEMENT_3D('',#12550,#12551,#12552);
#12550 = CARTESIAN_POINT('',(117.13711002748,76.457300699533,-1.));
#12551 = DIRECTION('',(-0.,-0.,-1.));
#12552 = DIRECTION('',(-1.,0.,0.));
#12553 = ADVANCED_FACE('',(#12554),#12564,.T.);
#12554 = FACE_BOUND('',#12555,.T.);
#12555 = EDGE_LOOP('',(#12556,#12562,#12563));
#12556 = ORIENTED_EDGE('',*,*,#12557,.T.);
#12557 = EDGE_CURVE('',#5276,#4094,#12558,.T.);
#12558 = LINE('',#12559,#12560);
#12559 = CARTESIAN_POINT('',(117.,62.400001525879,-1.));
#12560 = VECTOR('',#12561,1.);
#12561 = DIRECTION('',(0.,1.,0.));
#12562 = ORIENTED_EDGE('',*,*,#4093,.F.);
#12563 = ORIENTED_EDGE('',*,*,#12541,.F.);
#12564 = PLANE('',#12565);
#12565 = AXIS2_PLACEMENT_3D('',#12566,#12567,#12568);
#12566 = CARTESIAN_POINT('',(117.04590809088,76.548699819266,-1.));
#12567 = DIRECTION('',(-0.,-0.,-1.));
#12568 = DIRECTION('',(-1.,0.,0.));
#12569 = ADVANCED_FACE('',(#12570),#12580,.T.);
#12570 = FACE_BOUND('',#12571,.T.);
#12571 = EDGE_LOOP('',(#12572,#12578,#12579));
#12572 = ORIENTED_EDGE('',*,*,#12573,.T.);
#12573 = EDGE_CURVE('',#5230,#4094,#12574,.T.);
#12574 = LINE('',#12575,#12576);
#12575 = CARTESIAN_POINT('',(116.81700134277,62.388000488281,-1.));
#12576 = VECTOR('',#12577,1.);
#12577 = DIRECTION('',(6.486417855632E-03,0.99997896297,0.));
#12578 = ORIENTED_EDGE('',*,*,#12557,.F.);
#12579 = ORIENTED_EDGE('',*,*,#5275,.F.);
#12580 = PLANE('',#12581);
#12581 = AXIS2_PLACEMENT_3D('',#12582,#12583,#12584);
#12582 = CARTESIAN_POINT('',(116.95409190912,76.451300180734,-1.));
#12583 = DIRECTION('',(-0.,-0.,-1.));
#12584 = DIRECTION('',(-1.,0.,0.));
#12585 = ADVANCED_FACE('',(#12586),#12596,.T.);
#12586 = FACE_BOUND('',#12587,.T.);
#12587 = EDGE_LOOP('',(#12588,#12594,#12595));
#12588 = ORIENTED_EDGE('',*,*,#12589,.T.);
#12589 = EDGE_CURVE('',#5230,#4140,#12590,.T.);
#12590 = LINE('',#12591,#12592);
#12591 = CARTESIAN_POINT('',(116.81700134277,62.388000488281,-1.));
#12592 = VECTOR('',#12593,1.);
#12593 = DIRECTION('',(0.,1.,0.));
#12594 = ORIENTED_EDGE('',*,*,#4139,.F.);
#12595 = ORIENTED_EDGE('',*,*,#12573,.F.);
#12596 = PLANE('',#12597);
#12597 = AXIS2_PLACEMENT_3D('',#12598,#12599,#12600);
#12598 = CARTESIAN_POINT('',(116.86288997251,76.542699300467,-1.));
#12599 = DIRECTION('',(-0.,-0.,-1.));
#12600 = DIRECTION('',(-1.,0.,0.));
#12601 = ADVANCED_FACE('',(#12602),#12612,.T.);
#12602 = FACE_BOUND('',#12603,.T.);
#12603 = EDGE_LOOP('',(#12604,#12610,#12611));
#12604 = ORIENTED_EDGE('',*,*,#12605,.T.);
#12605 = EDGE_CURVE('',#5184,#4140,#12606,.T.);
#12606 = LINE('',#12607,#12608);
#12607 = CARTESIAN_POINT('',(116.63800048828,62.352298736572,-1.));
#12608 = VECTOR('',#12609,1.);
#12609 = DIRECTION('',(6.334011288732E-03,0.999979939949,0.));
#12610 = ORIENTED_EDGE('',*,*,#12589,.F.);
#12611 = ORIENTED_EDGE('',*,*,#5229,.F.);
#12612 = PLANE('',#12613);
#12613 = AXIS2_PLACEMENT_3D('',#12614,#12615,#12616);
#12614 = CARTESIAN_POINT('',(116.77207834489,76.445584664193,-1.));
#12615 = DIRECTION('',(-0.,-0.,-1.));
#12616 = DIRECTION('',(-1.,0.,0.));
#12617 = ADVANCED_FACE('',(#12618),#12628,.T.);
#12618 = FACE_BOUND('',#12619,.T.);
#12619 = EDGE_LOOP('',(#12620,#12626,#12627));
#12620 = ORIENTED_EDGE('',*,*,#12621,.T.);
#12621 = EDGE_CURVE('',#5184,#4254,#12622,.T.);
#12622 = LINE('',#12623,#12624);
#12623 = CARTESIAN_POINT('',(116.63800048828,62.352298736572,-1.));
#12624 = VECTOR('',#12625,1.);
#12625 = DIRECTION('',(0.,1.,0.));
#12626 = ORIENTED_EDGE('',*,*,#4459,.F.);
#12627 = ORIENTED_EDGE('',*,*,#12605,.F.);
#12628 = PLANE('',#12629);
#12629 = AXIS2_PLACEMENT_3D('',#12630,#12631,#12632);
#12630 = CARTESIAN_POINT('',(116.68286695419,76.536563319752,-1.));
#12631 = DIRECTION('',(-0.,-0.,-1.));
#12632 = DIRECTION('',(-1.,0.,0.));
#12633 = ADVANCED_FACE('',(#12634),#12644,.T.);
#12634 = FACE_BOUND('',#12635,.T.);
#12635 = EDGE_LOOP('',(#12636,#12642,#12643));
#12636 = ORIENTED_EDGE('',*,*,#12637,.T.);
#12637 = EDGE_CURVE('',#5138,#4254,#12638,.T.);
#12638 = LINE('',#12639,#12640);
#12639 = CARTESIAN_POINT('',(116.4639968872,62.293399810791,-1.));
#12640 = VECTOR('',#12641,1.);
#12641 = DIRECTION('',(6.136647322854E-03,0.999981170603,0.));
#12642 = ORIENTED_EDGE('',*,*,#12621,.F.);
#12643 = ORIENTED_EDGE('',*,*,#5183,.F.);
#12644 = PLANE('',#12645);
#12645 = AXIS2_PLACEMENT_3D('',#12646,#12647,#12648);
#12646 = CARTESIAN_POINT('',(116.5943134919,76.439481397292,-1.));
#12647 = DIRECTION('',(-0.,-0.,-1.));
#12648 = DIRECTION('',(-1.,0.,0.));
#12649 = ADVANCED_FACE('',(#12650),#12660,.T.);
#12650 = FACE_BOUND('',#12651,.T.);
#12651 = EDGE_LOOP('',(#12652,#12658,#12659));
#12652 = ORIENTED_EDGE('',*,*,#12653,.T.);
#12653 = EDGE_CURVE('',#5138,#4287,#12654,.T.);
#12654 = LINE('',#12655,#12656);
#12655 = CARTESIAN_POINT('',(116.4639968872,62.293399810791,-1.));
#12656 = VECTOR('',#12657,1.);
#12657 = DIRECTION('',(0.,1.,0.));
#12658 = ORIENTED_EDGE('',*,*,#4286,.F.);
#12659 = ORIENTED_EDGE('',*,*,#12637,.F.);
#12660 = PLANE('',#12661);
#12661 = AXIS2_PLACEMENT_3D('',#12662,#12663,#12664);
#12662 = CARTESIAN_POINT('',(116.50759352224,76.53106532512,-1.));
#12663 = DIRECTION('',(-0.,-0.,-1.));
#12664 = DIRECTION('',(-1.,0.,0.));
#12665 = ADVANCED_FACE('',(#12666),#12676,.T.);
#12666 = FACE_BOUND('',#12667,.T.);
#12667 = EDGE_LOOP('',(#12668,#12674,#12675));
#12668 = ORIENTED_EDGE('',*,*,#12669,.T.);
#12669 = EDGE_CURVE('',#5092,#4287,#12670,.T.);
#12670 = LINE('',#12671,#12672);
#12671 = CARTESIAN_POINT('',(116.30000305175,62.212398529053,-1.));
#12672 = VECTOR('',#12673,1.);
#12673 = DIRECTION('',(5.755246044966E-03,0.999983438434,0.));
#12674 = ORIENTED_EDGE('',*,*,#12653,.F.);
#12675 = ORIENTED_EDGE('',*,*,#5137,.F.);
#12676 = PLANE('',#12677);
#12677 = AXIS2_PLACEMENT_3D('',#12678,#12679,#12680);
#12678 = CARTESIAN_POINT('',(116.42280856921,76.43413885433,-1.));
#12679 = DIRECTION('',(-0.,-0.,-1.));
#12680 = DIRECTION('',(-1.,0.,0.));
#12681 = ADVANCED_FACE('',(#12682),#12692,.T.);
#12682 = FACE_BOUND('',#12683,.T.);
#12683 = EDGE_LOOP('',(#12684,#12690,#12691));
#12684 = ORIENTED_EDGE('',*,*,#12685,.T.);
#12685 = EDGE_CURVE('',#5092,#4333,#12686,.T.);
#12686 = LINE('',#12687,#12688);
#12687 = CARTESIAN_POINT('',(116.30000305175,62.212398529053,-1.));
#12688 = VECTOR('',#12689,1.);
#12689 = DIRECTION('',(0.,1.,0.));
#12690 = ORIENTED_EDGE('',*,*,#4332,.F.);
#12691 = ORIENTED_EDGE('',*,*,#12669,.F.);
#12692 = PLANE('',#12693);
#12693 = AXIS2_PLACEMENT_3D('',#12694,#12695,#12696);
#12694 = CARTESIAN_POINT('',(116.34107482321,76.525356690104,-1.));
#12695 = DIRECTION('',(-0.,-0.,-1.));
#12696 = DIRECTION('',(-1.,0.,0.));
#12697 = ADVANCED_FACE('',(#12698),#12708,.T.);
#12698 = FACE_BOUND('',#12699,.T.);
#12699 = EDGE_LOOP('',(#12700,#12706,#12707));
#12700 = ORIENTED_EDGE('',*,*,#12701,.T.);
#12701 = EDGE_CURVE('',#4816,#4333,#12702,.T.);
#12702 = LINE('',#12703,#12704);
#12703 = CARTESIAN_POINT('',(116.14800262451,62.110698699951,-1.));
#12704 = VECTOR('',#12705,1.);
#12705 = DIRECTION('',(5.300374085613E-03,0.999985952919,0.));
#12706 = ORIENTED_EDGE('',*,*,#12685,.F.);
#12707 = ORIENTED_EDGE('',*,*,#5091,.F.);
#12708 = PLANE('',#12709);
#12709 = AXIS2_PLACEMENT_3D('',#12710,#12711,#12712);
#12710 = CARTESIAN_POINT('',(116.26181439275,76.428952551168,-1.));
#12711 = DIRECTION('',(-0.,-0.,-1.));
#12712 = DIRECTION('',(-1.,0.,0.));
#12713 = ADVANCED_FACE('',(#12714),#12724,.T.);
#12714 = FACE_BOUND('',#12715,.T.);
#12715 = EDGE_LOOP('',(#12716,#12722,#12723));
#12716 = ORIENTED_EDGE('',*,*,#12717,.T.);
#12717 = EDGE_CURVE('',#4816,#4379,#12718,.T.);
#12718 = LINE('',#12719,#12720);
#12719 = CARTESIAN_POINT('',(116.14800262451,62.110698699951,-1.));
#12720 = VECTOR('',#12721,1.);
#12721 = DIRECTION('',(0.,1.,0.));
#12722 = ORIENTED_EDGE('',*,*,#4378,.F.);
#12723 = ORIENTED_EDGE('',*,*,#12701,.F.);
#12724 = PLANE('',#12725);
#12725 = AXIS2_PLACEMENT_3D('',#12726,#12727,#12728);
#12726 = CARTESIAN_POINT('',(116.18605652078,76.520193719584,-1.));
#12727 = DIRECTION('',(-0.,-0.,-1.));
#12728 = DIRECTION('',(-1.,0.,0.));
#12729 = ADVANCED_FACE('',(#12730),#12740,.T.);
#12730 = FACE_BOUND('',#12731,.T.);
#12731 = EDGE_LOOP('',(#12732,#12738,#12739));
#12732 = ORIENTED_EDGE('',*,*,#12733,.T.);
#12733 = EDGE_CURVE('',#4783,#4379,#12734,.T.);
#12734 = LINE('',#12735,#12736);
#12735 = CARTESIAN_POINT('',(116.01000213623,61.990001678467,-1.));
#12736 = VECTOR('',#12737,1.);
#12737 = DIRECTION('',(4.775165313259E-03,0.999988598833,0.));
#12738 = ORIENTED_EDGE('',*,*,#12717,.F.);
#12739 = ORIENTED_EDGE('',*,*,#4815,.F.);
#12740 = PLANE('',#12741);
#12741 = AXIS2_PLACEMENT_3D('',#12742,#12743,#12744);
#12742 = CARTESIAN_POINT('',(116.11332102571,76.424072334506,-1.));
#12743 = DIRECTION('',(-0.,-0.,-1.));
#12744 = DIRECTION('',(-1.,0.,0.));
#12745 = ADVANCED_FACE('',(#12746),#12756,.T.);
#12746 = FACE_BOUND('',#12747,.T.);
#12747 = EDGE_LOOP('',(#12748,#12754,#12755));
#12748 = ORIENTED_EDGE('',*,*,#12749,.T.);
#12749 = EDGE_CURVE('',#4783,#4232,#12750,.T.);
#12750 = LINE('',#12751,#12752);
#12751 = CARTESIAN_POINT('',(116.01000213623,61.990001678467,-1.));
#12752 = VECTOR('',#12753,1.);
#12753 = DIRECTION('',(0.,1.,0.));
#12754 = ORIENTED_EDGE('',*,*,#4422,.F.);
#12755 = ORIENTED_EDGE('',*,*,#12733,.F.);
#12756 = PLANE('',#12757);
#12757 = AXIS2_PLACEMENT_3D('',#12758,#12759,#12760);
#12758 = CARTESIAN_POINT('',(116.04453964559,76.515578503109,-1.));
#12759 = DIRECTION('',(-0.,-0.,-1.));
#12760 = DIRECTION('',(-1.,0.,0.));
#12761 = ADVANCED_FACE('',(#12762),#12772,.T.);
#12762 = FACE_BOUND('',#12763,.T.);
#12763 = EDGE_LOOP('',(#12764,#12770,#12771));
#12764 = ORIENTED_EDGE('',*,*,#12765,.T.);
#12765 = EDGE_CURVE('',#4862,#4232,#12766,.T.);
#12766 = LINE('',#12767,#12768);
#12767 = CARTESIAN_POINT('',(115.88899993896,61.852298736572,-1.));
#12768 = VECTOR('',#12769,1.);
#12769 = DIRECTION('',(4.149886350084E-03,0.999991389185,0.));
#12770 = ORIENTED_EDGE('',*,*,#12749,.F.);
#12771 = ORIENTED_EDGE('',*,*,#4869,.F.);
#12772 = PLANE('',#12773);
#12773 = AXIS2_PLACEMENT_3D('',#12774,#12775,#12776);
#12774 = CARTESIAN_POINT('',(115.97958506377,76.419810706695,-1.));
#12775 = DIRECTION('',(-0.,-0.,-1.));
#12776 = DIRECTION('',(-1.,0.,0.));
#12777 = ADVANCED_FACE('',(#12778),#12788,.T.);
#12778 = FACE_BOUND('',#12779,.T.);
#12779 = EDGE_LOOP('',(#12780,#12786,#12787));
#12780 = ORIENTED_EDGE('',*,*,#12781,.T.);
#12781 = EDGE_CURVE('',#4862,#4186,#12782,.T.);
#12782 = LINE('',#12783,#12784);
#12783 = CARTESIAN_POINT('',(115.88899993896,61.852298736572,-1.));
#12784 = VECTOR('',#12785,1.);
#12785 = DIRECTION('',(0.,1.,0.));
#12786 = ORIENTED_EDGE('',*,*,#4239,.F.);
#12787 = ORIENTED_EDGE('',*,*,#12765,.F.);
#12788 = PLANE('',#12789);
#12789 = AXIS2_PLACEMENT_3D('',#12790,#12791,#12792);
#12790 = CARTESIAN_POINT('',(115.9192741489,76.511338296942,-1.));
#12791 = DIRECTION('',(-0.,-0.,-1.));
#12792 = DIRECTION('',(-1.,0.,0.));
#12793 = ADVANCED_FACE('',(#12794),#12804,.T.);
#12794 = FACE_BOUND('',#12795,.T.);
#12795 = EDGE_LOOP('',(#12796,#12802,#12803));
#12796 = ORIENTED_EDGE('',*,*,#12797,.T.);
#12797 = EDGE_CURVE('',#4908,#4186,#12798,.T.);
#12798 = LINE('',#12799,#12800);
#12799 = CARTESIAN_POINT('',(115.78800201416,61.700000762939,-1.));
#12800 = VECTOR('',#12801,1.);
#12801 = DIRECTION('',(3.429719202239E-03,0.999994118496,0.));
#12802 = ORIENTED_EDGE('',*,*,#12781,.F.);
#12803 = ORIENTED_EDGE('',*,*,#4915,.F.);
#12804 = PLANE('',#12805);
#12805 = AXIS2_PLACEMENT_3D('',#12806,#12807,#12808);
#12806 = CARTESIAN_POINT('',(115.86360681999,76.416280977997,-1.));
#12807 = DIRECTION('',(-0.,-0.,-1.));
#12808 = DIRECTION('',(-1.,0.,0.));
#12809 = ADVANCED_FACE('',(#12810),#12820,.T.);
#12810 = FACE_BOUND('',#12811,.T.);
#12811 = EDGE_LOOP('',(#12812,#12818,#12819));
#12812 = ORIENTED_EDGE('',*,*,#12813,.T.);
#12813 = EDGE_CURVE('',#4908,#3045,#12814,.T.);
#12814 = LINE('',#12815,#12816);
#12815 = CARTESIAN_POINT('',(115.78800201416,61.700000762939,-1.));
#12816 = VECTOR('',#12817,1.);
#12817 = DIRECTION('',(0.,1.,0.));
#12818 = ORIENTED_EDGE('',*,*,#4193,.F.);
#12819 = ORIENTED_EDGE('',*,*,#12797,.F.);
#12820 = PLANE('',#12821);
#12821 = AXIS2_PLACEMENT_3D('',#12822,#12823,#12824);
#12822 = CARTESIAN_POINT('',(115.81326454738,76.507569717429,-1.));
#12823 = DIRECTION('',(-0.,-0.,-1.));
#12824 = DIRECTION('',(-1.,0.,0.));
#12825 = ADVANCED_FACE('',(#12826),#12836,.T.);
#12826 = FACE_BOUND('',#12827,.T.);
#12827 = EDGE_LOOP('',(#12828,#12834,#12835));
#12828 = ORIENTED_EDGE('',*,*,#12829,.T.);
#12829 = EDGE_CURVE('',#4954,#3045,#12830,.T.);
#12830 = LINE('',#12831,#12832);
#12831 = CARTESIAN_POINT('',(115.70700073242,61.535800933838,-1.));
#12832 = VECTOR('',#12833,1.);
#12833 = DIRECTION('',(2.721422918151E-03,0.999996296922,0.));
#12834 = ORIENTED_EDGE('',*,*,#12813,.F.);
#12835 = ORIENTED_EDGE('',*,*,#4961,.F.);
#12836 = PLANE('',#12837);
#12837 = AXIS2_PLACEMENT_3D('',#12838,#12839,#12840);
#12838 = CARTESIAN_POINT('',(115.76763355241,76.413206429147,-1.));
#12839 = DIRECTION('',(-0.,-0.,-1.));
#12840 = DIRECTION('',(-1.,0.,0.));
#12841 = ADVANCED_FACE('',(#12842),#12852,.T.);
#12842 = FACE_BOUND('',#12843,.T.);
#12843 = EDGE_LOOP('',(#12844,#12850,#12851));
#12844 = ORIENTED_EDGE('',*,*,#12845,.T.);
#12845 = EDGE_CURVE('',#4954,#2999,#12846,.T.);
#12846 = LINE('',#12847,#12848);
#12847 = CARTESIAN_POINT('',(115.70700073242,61.535800933838,-1.));
#12848 = VECTOR('',#12849,1.);
#12849 = DIRECTION('',(0.,1.,0.));
#12850 = ORIENTED_EDGE('',*,*,#3052,.F.);
#12851 = ORIENTED_EDGE('',*,*,#12829,.F.);
#12852 = PLANE('',#12853);
#12853 = AXIS2_PLACEMENT_3D('',#12854,#12855,#12856);
#12854 = CARTESIAN_POINT('',(115.72725747967,76.504697470999,-1.));
#12855 = DIRECTION('',(-0.,-0.,-1.));
#12856 = DIRECTION('',(-1.,0.,0.));
#12857 = ADVANCED_FACE('',(#12858),#12875,.T.);
#12858 = FACE_BOUND('',#12859,.T.);
#12859 = EDGE_LOOP('',(#12860,#12868,#12869));
#12860 = ORIENTED_EDGE('',*,*,#12861,.T.);
#12861 = EDGE_CURVE('',#12862,#4954,#12864,.T.);
#12862 = VERTEX_POINT('',#12863);
#12863 = CARTESIAN_POINT('',(113.5,57.5,-1.));
#12864 = LINE('',#12865,#12866);
#12865 = CARTESIAN_POINT('',(113.5,57.5,-1.));
#12866 = VECTOR('',#12867,1.);
#12867 = DIRECTION('',(0.479799304834,0.877378269095,0.));
#12868 = ORIENTED_EDGE('',*,*,#5007,.F.);
#12869 = ORIENTED_EDGE('',*,*,#12870,.T.);
#12870 = EDGE_CURVE('',#5000,#12862,#12871,.T.);
#12871 = LINE('',#12872,#12873);
#12872 = CARTESIAN_POINT('',(115.64800262451,61.362300872803,-1.));
#12873 = VECTOR('',#12874,1.);
#12874 = DIRECTION('',(-0.486037096552,-0.873938179035,0.));
#12875 = PLANE('',#12876);
#12876 = AXIS2_PLACEMENT_3D('',#12877,#12878,#12879);
#12877 = CARTESIAN_POINT('',(114.61072113673,59.514696071998,-1.));
#12878 = DIRECTION('',(-0.,-0.,-1.));
#12879 = DIRECTION('',(-1.,0.,0.));
#12880 = ADVANCED_FACE('',(#12881),#12891,.T.);
#12881 = FACE_BOUND('',#12882,.T.);
#12882 = EDGE_LOOP('',(#12883,#12884,#12890));
#12883 = ORIENTED_EDGE('',*,*,#12861,.F.);
#12884 = ORIENTED_EDGE('',*,*,#12885,.T.);
#12885 = EDGE_CURVE('',#12862,#2999,#12886,.T.);
#12886 = LINE('',#12887,#12888);
#12887 = CARTESIAN_POINT('',(113.5,57.5,-1.));
#12888 = VECTOR('',#12889,1.);
#12889 = DIRECTION('',(6.484344693238E-02,0.997895449128,0.));
#12890 = ORIENTED_EDGE('',*,*,#12845,.F.);
#12891 = PLANE('',#12892);
#12892 = AXIS2_PLACEMENT_3D('',#12893,#12894,#12895);
#12893 = CARTESIAN_POINT('',(115.0851812147,74.358998845676,-1.));
#12894 = DIRECTION('',(-0.,-0.,-1.));
#12895 = DIRECTION('',(-1.,0.,0.));
#12896 = ADVANCED_FACE('',(#12897),#12907,.T.);
#12897 = FACE_BOUND('',#12898,.T.);
#12898 = EDGE_LOOP('',(#12899,#12900,#12901));
#12899 = ORIENTED_EDGE('',*,*,#12870,.F.);
#12900 = ORIENTED_EDGE('',*,*,#5053,.F.);
#12901 = ORIENTED_EDGE('',*,*,#12902,.T.);
#12902 = EDGE_CURVE('',#5046,#12862,#12903,.T.);
#12903 = LINE('',#12904,#12905);
#12904 = CARTESIAN_POINT('',(115.61199951171,61.18270111084,-1.));
#12905 = VECTOR('',#12906,1.);
#12906 = DIRECTION('',(-0.497487676896,-0.867471043515,0.));
#12907 = PLANE('',#12908);
#12908 = AXIS2_PLACEMENT_3D('',#12909,#12910,#12911);
#12909 = CARTESIAN_POINT('',(114.58722565097,59.426183768837,-1.));
#12910 = DIRECTION('',(-0.,-0.,-1.));
#12911 = DIRECTION('',(-1.,0.,0.));
#12912 = ADVANCED_FACE('',(#12913),#12930,.T.);
#12913 = FACE_BOUND('',#12914,.T.);
#12914 = EDGE_LOOP('',(#12915,#12923,#12924));
#12915 = ORIENTED_EDGE('',*,*,#12916,.T.);
#12916 = EDGE_CURVE('',#12917,#2999,#12919,.T.);
#12917 = VERTEX_POINT('',#12918);
#12918 = CARTESIAN_POINT('',(113.5,95.5,-1.));
#12919 = LINE('',#12920,#12921);
#12920 = CARTESIAN_POINT('',(113.5,95.5,-1.));
#12921 = VECTOR('',#12922,1.);
#12922 = DIRECTION('',(0.479799653945,-0.877378078182,0.));
#12923 = ORIENTED_EDGE('',*,*,#12885,.F.);
#12924 = ORIENTED_EDGE('',*,*,#12925,.T.);
#12925 = EDGE_CURVE('',#12862,#12917,#12926,.T.);
#12926 = LINE('',#12927,#12928);
#12927 = CARTESIAN_POINT('',(113.5,57.5,-1.));
#12928 = VECTOR('',#12929,1.);
#12929 = DIRECTION('',(0.,1.,0.));
#12930 = PLANE('',#12931);
#12931 = AXIS2_PLACEMENT_3D('',#12932,#12933,#12934);
#12932 = CARTESIAN_POINT('',(114.0563267942,76.623102711695,-1.));
#12933 = DIRECTION('',(-0.,-0.,-1.));
#12934 = DIRECTION('',(-1.,0.,0.));
#12935 = ADVANCED_FACE('',(#12936),#12946,.T.);
#12936 = FACE_BOUND('',#12937,.T.);
#12937 = EDGE_LOOP('',(#12938,#12939,#12940));
#12938 = ORIENTED_EDGE('',*,*,#12902,.F.);
#12939 = ORIENTED_EDGE('',*,*,#5329,.F.);
#12940 = ORIENTED_EDGE('',*,*,#12941,.T.);
#12941 = EDGE_CURVE('',#5322,#12862,#12942,.T.);
#12942 = LINE('',#12943,#12944);
#12943 = CARTESIAN_POINT('',(115.59999847412,61.,-1.));
#12944 = VECTOR('',#12945,1.);
#12945 = DIRECTION('',(-0.514495480547,-0.857493090641,0.));
#12946 = PLANE('',#12947);
#12947 = AXIS2_PLACEMENT_3D('',#12948,#12949,#12950);
#12948 = CARTESIAN_POINT('',(114.57571251083,59.335187701887,-1.));
#12949 = DIRECTION('',(-0.,-0.,-1.));
#12950 = DIRECTION('',(-1.,0.,0.));
#12951 = ADVANCED_FACE('',(#12952),#12962,.T.);
#12952 = FACE_BOUND('',#12953,.T.);
#12953 = EDGE_LOOP('',(#12954,#12955,#12961));
#12954 = ORIENTED_EDGE('',*,*,#12916,.F.);
#12955 = ORIENTED_EDGE('',*,*,#12956,.T.);
#12956 = EDGE_CURVE('',#12917,#2953,#12957,.T.);
#12957 = LINE('',#12958,#12959);
#12958 = CARTESIAN_POINT('',(113.5,95.5,-1.));
#12959 = VECTOR('',#12960,1.);
#12960 = DIRECTION('',(0.486027930593,-0.873943276582,0.));
#12961 = ORIENTED_EDGE('',*,*,#3006,.F.);
#12962 = PLANE('',#12963);
#12963 = AXIS2_PLACEMENT_3D('',#12964,#12965,#12966);
#12964 = CARTESIAN_POINT('',(114.61070992177,93.485301565393,-1.));
#12965 = DIRECTION('',(-0.,-0.,-1.));
#12966 = DIRECTION('',(-1.,0.,0.));
#12967 = ADVANCED_FACE('',(#12968),#12983,.T.);
#12968 = FACE_BOUND('',#12969,.T.);
#12969 = EDGE_LOOP('',(#12970,#12976,#12982));
#12970 = ORIENTED_EDGE('',*,*,#12971,.T.);
#12971 = EDGE_CURVE('',#7868,#7515,#12972,.T.);
#12972 = LINE('',#12973,#12974);
#12973 = CARTESIAN_POINT('',(176.29299926757,61.535800933838,-1.));
#12974 = VECTOR('',#12975,1.);
#12975 = DIRECTION('',(0.479799304834,-0.877378269095,0.));
#12976 = ORIENTED_EDGE('',*,*,#12977,.T.);
#12977 = EDGE_CURVE('',#7515,#7912,#12978,.T.);
#12978 = LINE('',#12979,#12980);
#12979 = CARTESIAN_POINT('',(178.5,57.5,-1.));
#12980 = VECTOR('',#12981,1.);
#12981 = DIRECTION('',(-0.486035778032,0.873938912323,0.));
#12982 = ORIENTED_EDGE('',*,*,#7920,.F.);
#12983 = PLANE('',#12984);
#12984 = AXIS2_PLACEMENT_3D('',#12985,#12986,#12987);
#12985 = CARTESIAN_POINT('',(177.38928047166,59.514696621987,-1.));
#12986 = DIRECTION('',(-0.,-0.,-1.));
#12987 = DIRECTION('',(-1.,0.,0.));
#12988 = ADVANCED_FACE('',(#12989),#13004,.T.);
#12989 = FACE_BOUND('',#12990,.T.);
#12990 = EDGE_LOOP('',(#12991,#12997,#12998));
#12991 = ORIENTED_EDGE('',*,*,#12992,.T.);
#12992 = EDGE_CURVE('',#7491,#1319,#12993,.T.);
#12993 = LINE('',#12994,#12995);
#12994 = CARTESIAN_POINT('',(178.5,95.5,-1.));
#12995 = VECTOR('',#12996,1.);
#12996 = DIRECTION('',(-0.497487676896,-0.867471043515,0.));
#12997 = ORIENTED_EDGE('',*,*,#1327,.F.);
#12998 = ORIENTED_EDGE('',*,*,#12999,.T.);
#12999 = EDGE_CURVE('',#1273,#7491,#13000,.T.);
#13000 = LINE('',#13001,#13002);
#13001 = CARTESIAN_POINT('',(176.39999389648,92.,-1.));
#13002 = VECTOR('',#13003,1.);
#13003 = DIRECTION('',(0.514496854948,0.857492266,0.));
#13004 = PLANE('',#13005);
#13005 = AXIS2_PLACEMENT_3D('',#13006,#13007,#13008);
#13006 = CARTESIAN_POINT('',(177.42428564984,93.664812440569,-1.));
#13007 = DIRECTION('',(-0.,-0.,-1.));
#13008 = DIRECTION('',(-1.,0.,0.));
#13009 = ADVANCED_FACE('',(#13010),#13020,.T.);
#13010 = FACE_BOUND('',#13011,.T.);
#13011 = EDGE_LOOP('',(#13012,#13013,#13019));
#13012 = ORIENTED_EDGE('',*,*,#12971,.F.);
#13013 = ORIENTED_EDGE('',*,*,#13014,.T.);
#13014 = EDGE_CURVE('',#7868,#7491,#13015,.T.);
#13015 = LINE('',#13016,#13017);
#13016 = CARTESIAN_POINT('',(176.29299926757,61.535800933838,-1.));
#13017 = VECTOR('',#13018,1.);
#13018 = DIRECTION('',(6.484345418466E-02,0.997895448657,0.));
#13019 = ORIENTED_EDGE('',*,*,#7522,.F.);
#13020 = PLANE('',#13021);
#13021 = AXIS2_PLACEMENT_3D('',#13022,#13023,#13024);
#13022 = CARTESIAN_POINT('',(177.94367320908,76.376897407253,-1.));
#13023 = DIRECTION('',(-0.,-0.,-1.));
#13024 = DIRECTION('',(-1.,0.,0.));
#13025 = ADVANCED_FACE('',(#13026),#13036,.T.);
#13026 = FACE_BOUND('',#13027,.T.);
#13027 = EDGE_LOOP('',(#13028,#13034,#13035));
#13028 = ORIENTED_EDGE('',*,*,#13029,.T.);
#13029 = EDGE_CURVE('',#7491,#1365,#13030,.T.);
#13030 = LINE('',#13031,#13032);
#13031 = CARTESIAN_POINT('',(178.5,95.5,-1.));
#13032 = VECTOR('',#13033,1.);
#13033 = DIRECTION('',(-0.486026612083,-0.873944009847,0.));
#13034 = ORIENTED_EDGE('',*,*,#1373,.F.);
#13035 = ORIENTED_EDGE('',*,*,#12992,.F.);
#13036 = PLANE('',#13037);
#13037 = AXIS2_PLACEMENT_3D('',#13038,#13039,#13040);
#13038 = CARTESIAN_POINT('',(177.41276560885,93.573772182015,-1.));
#13039 = DIRECTION('',(-0.,-0.,-1.));
#13040 = DIRECTION('',(-1.,0.,0.));
#13041 = ADVANCED_FACE('',(#13042),#13057,.T.);
#13042 = FACE_BOUND('',#13043,.T.);
#13043 = EDGE_LOOP('',(#13044,#13050,#13051));
#13044 = ORIENTED_EDGE('',*,*,#13045,.T.);
#13045 = EDGE_CURVE('',#1411,#7491,#13046,.T.);
#13046 = LINE('',#13047,#13048);
#13047 = CARTESIAN_POINT('',(176.29299926757,91.464202880859,-1.));
#13048 = VECTOR('',#13049,1.);
#13049 = DIRECTION('',(0.479799653945,0.877378078182,0.));
#13050 = ORIENTED_EDGE('',*,*,#13014,.F.);
#13051 = ORIENTED_EDGE('',*,*,#13052,.T.);
#13052 = EDGE_CURVE('',#7868,#1411,#13053,.T.);
#13053 = LINE('',#13054,#13055);
#13054 = CARTESIAN_POINT('',(176.29299926757,61.535800933838,-1.));
#13055 = VECTOR('',#13056,1.);
#13056 = DIRECTION('',(0.,1.,0.));
#13057 = PLANE('',#13058);
#13058 = AXIS2_PLACEMENT_3D('',#13059,#13060,#13061);
#13059 = CARTESIAN_POINT('',(176.91481873503,78.641003176607,-1.));
#13060 = DIRECTION('',(-0.,-0.,-1.));
#13061 = DIRECTION('',(-1.,0.,0.));
#13062 = ADVANCED_FACE('',(#13063),#13068,.T.);
#13063 = FACE_BOUND('',#13064,.T.);
#13064 = EDGE_LOOP('',(#13065,#13066,#13067));
#13065 = ORIENTED_EDGE('',*,*,#13045,.F.);
#13066 = ORIENTED_EDGE('',*,*,#1419,.F.);
#13067 = ORIENTED_EDGE('',*,*,#13029,.F.);
#13068 = PLANE('',#13069);
#13069 = AXIS2_PLACEMENT_3D('',#13070,#13071,#13072);
#13070 = CARTESIAN_POINT('',(177.38929168647,93.485301015146,-1.));
#13071 = DIRECTION('',(-0.,-0.,-1.));
#13072 = DIRECTION('',(-1.,0.,0.));
#13073 = ADVANCED_FACE('',(#13074),#13084,.T.);
#13074 = FACE_BOUND('',#13075,.T.);
#13075 = EDGE_LOOP('',(#13076,#13082,#13083));
#13076 = ORIENTED_EDGE('',*,*,#13077,.T.);
#13077 = EDGE_CURVE('',#7822,#1411,#13078,.T.);
#13078 = LINE('',#13079,#13080);
#13079 = CARTESIAN_POINT('',(176.21200561523,61.700000762939,-1.));
#13080 = VECTOR('',#13081,1.);
#13081 = DIRECTION('',(2.721166593129E-03,0.999996297619,0.));
#13082 = ORIENTED_EDGE('',*,*,#13052,.F.);
#13083 = ORIENTED_EDGE('',*,*,#7876,.F.);
#13084 = PLANE('',#13085);
#13085 = AXIS2_PLACEMENT_3D('',#13086,#13087,#13088);
#13086 = CARTESIAN_POINT('',(176.27274442943,76.4953071823,-1.));
#13087 = DIRECTION('',(-0.,-0.,-1.));
#13088 = DIRECTION('',(-1.,0.,0.));
#13089 = ADVANCED_FACE('',(#13090),#13100,.T.);
#13090 = FACE_BOUND('',#13091,.T.);
#13091 = EDGE_LOOP('',(#13092,#13098,#13099));
#13092 = ORIENTED_EDGE('',*,*,#13093,.T.);
#13093 = EDGE_CURVE('',#7822,#1457,#13094,.T.);
#13094 = LINE('',#13095,#13096);
#13095 = CARTESIAN_POINT('',(176.21200561523,61.700000762939,-1.));
#13096 = VECTOR('',#13097,1.);
#13097 = DIRECTION('',(0.,1.,0.));
#13098 = ORIENTED_EDGE('',*,*,#1465,.F.);
#13099 = ORIENTED_EDGE('',*,*,#13077,.F.);
#13100 = PLANE('',#13101);
#13101 = AXIS2_PLACEMENT_3D('',#13102,#13103,#13104);
#13102 = CARTESIAN_POINT('',(176.23237215736,76.586796546948,-1.));
#13103 = DIRECTION('',(-0.,-0.,-1.));
#13104 = DIRECTION('',(-1.,0.,0.));
#13105 = ADVANCED_FACE('',(#13106),#13116,.T.);
#13106 = FACE_BOUND('',#13107,.T.);
#13107 = EDGE_LOOP('',(#13108,#13114,#13115));
#13108 = ORIENTED_EDGE('',*,*,#13109,.T.);
#13109 = EDGE_CURVE('',#7776,#1457,#13110,.T.);
#13110 = LINE('',#13111,#13112);
#13111 = CARTESIAN_POINT('',(176.11099243164,61.852298736572,-1.));
#13112 = VECTOR('',#13113,1.);
#13113 = DIRECTION('',(3.430236470181E-03,0.999994116722,0.));
#13114 = ORIENTED_EDGE('',*,*,#13093,.F.);
#13115 = ORIENTED_EDGE('',*,*,#7830,.F.);
#13116 = PLANE('',#13117);
#13117 = AXIS2_PLACEMENT_3D('',#13118,#13119,#13120);
#13118 = CARTESIAN_POINT('',(176.18673926118,76.492431684184,-1.));
#13119 = DIRECTION('',(-0.,-0.,-1.));
#13120 = DIRECTION('',(-1.,0.,0.));
#13121 = ADVANCED_FACE('',(#13122),#13132,.T.);
#13122 = FACE_BOUND('',#13123,.T.);
#13123 = EDGE_LOOP('',(#13124,#13130,#13131));
#13124 = ORIENTED_EDGE('',*,*,#13125,.T.);
#13125 = EDGE_CURVE('',#7776,#1503,#13126,.T.);
#13126 = LINE('',#13127,#13128);
#13127 = CARTESIAN_POINT('',(176.11099243164,61.852298736572,-1.));
#13128 = VECTOR('',#13129,1.);
#13129 = DIRECTION('',(0.,1.,0.));
#13130 = ORIENTED_EDGE('',*,*,#1511,.F.);
#13131 = ORIENTED_EDGE('',*,*,#13109,.F.);
#13132 = PLANE('',#13133);
#13133 = AXIS2_PLACEMENT_3D('',#13134,#13135,#13136);
#13134 = CARTESIAN_POINT('',(176.13638939658,76.583720799498,-1.));
#13135 = DIRECTION('',(-0.,-0.,-1.));
#13136 = DIRECTION('',(-1.,0.,0.));
#13137 = ADVANCED_FACE('',(#13138),#13148,.T.);
#13138 = FACE_BOUND('',#13139,.T.);
#13139 = EDGE_LOOP('',(#13140,#13146,#13147));
#13140 = ORIENTED_EDGE('',*,*,#13141,.T.);
#13141 = EDGE_CURVE('',#7754,#1503,#13142,.T.);
#13142 = LINE('',#13143,#13144);
#13143 = CARTESIAN_POINT('',(175.99000549316,61.990001678467,-1.));
#13144 = VECTOR('',#13145,1.);
#13145 = DIRECTION('',(4.149364129999E-03,0.999991391352,0.));
#13146 = ORIENTED_EDGE('',*,*,#13125,.F.);
#13147 = ORIENTED_EDGE('',*,*,#7784,.F.);
#13148 = PLANE('',#13149);
#13149 = AXIS2_PLACEMENT_3D('',#13150,#13151,#13152);
#13150 = CARTESIAN_POINT('',(176.08072204558,76.488660865068,-1.));
#13151 = DIRECTION('',(-0.,-0.,-1.));
#13152 = DIRECTION('',(-1.,0.,0.));
#13153 = ADVANCED_FACE('',(#13154),#13164,.T.);
#13154 = FACE_BOUND('',#13155,.T.);
#13155 = EDGE_LOOP('',(#13156,#13162,#13163));
#13156 = ORIENTED_EDGE('',*,*,#13157,.T.);
#13157 = EDGE_CURVE('',#7754,#1549,#13158,.T.);
#13158 = LINE('',#13159,#13160);
#13159 = CARTESIAN_POINT('',(175.99000549316,61.990001678467,-1.));
#13160 = VECTOR('',#13161,1.);
#13161 = DIRECTION('',(0.,1.,0.));
#13162 = ORIENTED_EDGE('',*,*,#1557,.F.);
#13163 = ORIENTED_EDGE('',*,*,#13141,.F.);
#13164 = PLANE('',#13165);
#13165 = AXIS2_PLACEMENT_3D('',#13166,#13167,#13168);
#13166 = CARTESIAN_POINT('',(176.02041871781,76.580187265687,-1.));
#13167 = DIRECTION('',(-0.,-0.,-1.));
#13168 = DIRECTION('',(-1.,0.,0.));
#13169 = ADVANCED_FACE('',(#13170),#13180,.T.);
#13170 = FACE_BOUND('',#13171,.T.);
#13171 = EDGE_LOOP('',(#13172,#13178,#13179));
#13172 = ORIENTED_EDGE('',*,*,#13173,.T.);
#13173 = EDGE_CURVE('',#7708,#1549,#13174,.T.);
#13174 = LINE('',#13175,#13176);
#13175 = CARTESIAN_POINT('',(175.85200500488,62.110698699951,-1.));
#13176 = VECTOR('',#13177,1.);
#13177 = DIRECTION('',(4.775164052648E-03,0.999988598839,0.));
#13178 = ORIENTED_EDGE('',*,*,#13157,.F.);
#13179 = ORIENTED_EDGE('',*,*,#7753,.F.);
#13180 = PLANE('',#13181);
#13181 = AXIS2_PLACEMENT_3D('',#13182,#13183,#13184);
#13182 = CARTESIAN_POINT('',(175.95546798225,76.484424659924,-1.));
#13183 = DIRECTION('',(-0.,-0.,-1.));
#13184 = DIRECTION('',(-1.,0.,0.));
#13185 = ADVANCED_FACE('',(#13186),#13196,.T.);
#13186 = FACE_BOUND('',#13187,.T.);
#13187 = EDGE_LOOP('',(#13188,#13194,#13195));
#13188 = ORIENTED_EDGE('',*,*,#13189,.T.);
#13189 = EDGE_CURVE('',#7708,#1619,#13190,.T.);
#13190 = LINE('',#13191,#13192);
#13191 = CARTESIAN_POINT('',(175.85200500488,62.110698699951,-1.));
#13192 = VECTOR('',#13193,1.);
#13193 = DIRECTION('',(0.,1.,0.));
#13194 = ORIENTED_EDGE('',*,*,#1618,.F.);
#13195 = ORIENTED_EDGE('',*,*,#13173,.F.);
#13196 = PLANE('',#13197);
#13197 = AXIS2_PLACEMENT_3D('',#13198,#13199,#13200);
#13198 = CARTESIAN_POINT('',(175.88668661118,76.575927013873,-1.));
#13199 = DIRECTION('',(-0.,-0.,-1.));
#13200 = DIRECTION('',(-1.,0.,0.));
#13201 = ADVANCED_FACE('',(#13202),#13212,.T.);
#13202 = FACE_BOUND('',#13203,.T.);
#13203 = EDGE_LOOP('',(#13204,#13210,#13211));
#13204 = ORIENTED_EDGE('',*,*,#13205,.T.);
#13205 = EDGE_CURVE('',#7662,#1619,#13206,.T.);
#13206 = LINE('',#13207,#13208);
#13207 = CARTESIAN_POINT('',(175.69999694824,62.212398529053,-1.));
#13208 = VECTOR('',#13209,1.);
#13209 = DIRECTION('',(5.300640121108E-03,0.999985951508,0.));
#13210 = ORIENTED_EDGE('',*,*,#13189,.F.);
#13211 = ORIENTED_EDGE('',*,*,#7707,.F.);
#13212 = PLANE('',#13213);
#13213 = AXIS2_PLACEMENT_3D('',#13214,#13215,#13216);
#13214 = CARTESIAN_POINT('',(175.81394919435,76.479800890571,-1.));
#13215 = DIRECTION('',(-0.,-0.,-1.));
#13216 = DIRECTION('',(-1.,0.,0.));
#13217 = ADVANCED_FACE('',(#13218),#13228,.T.);
#13218 = FACE_BOUND('',#13219,.T.);
#13219 = EDGE_LOOP('',(#13220,#13226,#13227));
#13220 = ORIENTED_EDGE('',*,*,#13221,.T.);
#13221 = EDGE_CURVE('',#7662,#1665,#13222,.T.);
#13222 = LINE('',#13223,#13224);
#13223 = CARTESIAN_POINT('',(175.69999694824,62.212398529053,-1.));
#13224 = VECTOR('',#13225,1.);
#13225 = DIRECTION('',(0.,1.,0.));
#13226 = ORIENTED_EDGE('',*,*,#1664,.F.);
#13227 = ORIENTED_EDGE('',*,*,#13205,.F.);
#13228 = PLANE('',#13229);
#13229 = AXIS2_PLACEMENT_3D('',#13230,#13231,#13232);
#13230 = CARTESIAN_POINT('',(175.73818752826,76.571045209282,-1.));
#13231 = DIRECTION('',(-0.,-0.,-1.));
#13232 = DIRECTION('',(-1.,0.,0.));
#13233 = ADVANCED_FACE('',(#13234),#13244,.T.);
#13234 = FACE_BOUND('',#13235,.T.);
#13235 = EDGE_LOOP('',(#13236,#13242,#13243));
#13236 = ORIENTED_EDGE('',*,*,#13237,.T.);
#13237 = EDGE_CURVE('',#7616,#1665,#13238,.T.);
#13238 = LINE('',#13239,#13240);
#13239 = CARTESIAN_POINT('',(175.53599548339,62.293399810791,-1.));
#13240 = VECTOR('',#13241,1.);
#13241 = DIRECTION('',(5.755513784226E-03,0.999983436893,0.));
#13242 = ORIENTED_EDGE('',*,*,#13221,.F.);
#13243 = ORIENTED_EDGE('',*,*,#7661,.F.);
#13244 = PLANE('',#13245);
#13245 = AXIS2_PLACEMENT_3D('',#13246,#13247,#13248);
#13246 = CARTESIAN_POINT('',(175.6589232611,76.474637796051,-1.));
#13247 = DIRECTION('',(-0.,-0.,-1.));
#13248 = DIRECTION('',(-1.,0.,0.));
#13249 = ADVANCED_FACE('',(#13250),#13260,.T.);
#13250 = FACE_BOUND('',#13251,.T.);
#13251 = EDGE_LOOP('',(#13252,#13258,#13259));
#13252 = ORIENTED_EDGE('',*,*,#13253,.T.);
#13253 = EDGE_CURVE('',#7616,#1711,#13254,.T.);
#13254 = LINE('',#13255,#13256);
#13255 = CARTESIAN_POINT('',(175.53599548339,62.293399810791,-1.));
#13256 = VECTOR('',#13257,1.);
#13257 = DIRECTION('',(0.,1.,0.));
#13258 = ORIENTED_EDGE('',*,*,#1710,.F.);
#13259 = ORIENTED_EDGE('',*,*,#13237,.F.);
#13260 = PLANE('',#13261);
#13261 = AXIS2_PLACEMENT_3D('',#13262,#13263,#13264);
#13262 = CARTESIAN_POINT('',(175.57718572249,76.56585903012,-1.));
#13263 = DIRECTION('',(-0.,-0.,-1.));
#13264 = DIRECTION('',(-1.,0.,0.));
#13265 = ADVANCED_FACE('',(#13266),#13276,.T.);
#13266 = FACE_BOUND('',#13267,.T.);
#13267 = EDGE_LOOP('',(#13268,#13274,#13275));
#13268 = ORIENTED_EDGE('',*,*,#13269,.T.);
#13269 = EDGE_CURVE('',#7583,#1711,#13270,.T.);
#13270 = LINE('',#13271,#13272);
#13271 = CARTESIAN_POINT('',(175.36199951171,62.352298736572,-1.));
#13272 = VECTOR('',#13273,1.);
#13273 = DIRECTION('',(6.136378264396E-03,0.999981172254,0.));
#13274 = ORIENTED_EDGE('',*,*,#13253,.F.);
#13275 = ORIENTED_EDGE('',*,*,#7615,.F.);
#13276 = PLANE('',#13277);
#13277 = AXIS2_PLACEMENT_3D('',#13278,#13279,#13280);
#13278 = CARTESIAN_POINT('',(175.49240076544,76.468932655128,-1.));
#13279 = DIRECTION('',(-0.,-0.,-1.));
#13280 = DIRECTION('',(-1.,0.,0.));
#13281 = ADVANCED_FACE('',(#13282),#13292,.T.);
#13282 = FACE_BOUND('',#13283,.T.);
#13283 = EDGE_LOOP('',(#13284,#13290,#13291));
#13284 = ORIENTED_EDGE('',*,*,#13285,.T.);
#13285 = EDGE_CURVE('',#7583,#1757,#13286,.T.);
#13286 = LINE('',#13287,#13288);
#13287 = CARTESIAN_POINT('',(175.36199951171,62.352298736572,-1.));
#13288 = VECTOR('',#13289,1.);
#13289 = DIRECTION('',(0.,1.,0.));
#13290 = ORIENTED_EDGE('',*,*,#1756,.F.);
#13291 = ORIENTED_EDGE('',*,*,#13269,.F.);
#13292 = PLANE('',#13293);
#13293 = AXIS2_PLACEMENT_3D('',#13294,#13295,#13296);
#13294 = CARTESIAN_POINT('',(175.40568458704,76.560512993065,-1.));
#13295 = DIRECTION('',(-0.,-0.,-1.));
#13296 = DIRECTION('',(-1.,0.,0.));
#13297 = ADVANCED_FACE('',(#13298),#13308,.T.);
#13298 = FACE_BOUND('',#13299,.T.);
#13299 = EDGE_LOOP('',(#13300,#13306,#13307));
#13300 = ORIENTED_EDGE('',*,*,#13301,.T.);
#13301 = EDGE_CURVE('',#9721,#1757,#13302,.T.);
#13302 = LINE('',#13303,#13304);
#13303 = CARTESIAN_POINT('',(175.18299865722,62.388000488281,-1.));
#13304 = VECTOR('',#13305,1.);
#13305 = DIRECTION('',(6.334012143708E-03,0.999979939944,0.));
#13306 = ORIENTED_EDGE('',*,*,#13285,.F.);
#13307 = ORIENTED_EDGE('',*,*,#9764,.F.);
#13308 = PLANE('',#13309);
#13309 = AXIS2_PLACEMENT_3D('',#13310,#13311,#13312);
#13310 = CARTESIAN_POINT('',(175.31713304821,76.463433632717,-1.));
#13311 = DIRECTION('',(-0.,-0.,-1.));
#13312 = DIRECTION('',(-1.,0.,0.));
#13313 = ADVANCED_FACE('',(#13314),#13324,.T.);
#13314 = FACE_BOUND('',#13315,.T.);
#13315 = EDGE_LOOP('',(#13316,#13322,#13323));
#13316 = ORIENTED_EDGE('',*,*,#13317,.T.);
#13317 = EDGE_CURVE('',#9721,#1803,#13318,.T.);
#13318 = LINE('',#13319,#13320);
#13319 = CARTESIAN_POINT('',(175.18299865722,62.388000488281,-1.));
#13320 = VECTOR('',#13321,1.);
#13321 = DIRECTION('',(0.,1.,0.));
#13322 = ORIENTED_EDGE('',*,*,#1802,.F.);
#13323 = ORIENTED_EDGE('',*,*,#13301,.F.);
#13324 = PLANE('',#13325);
#13325 = AXIS2_PLACEMENT_3D('',#13326,#13327,#13328);
#13326 = CARTESIAN_POINT('',(175.22792165151,76.554414195587,-1.));
#13327 = DIRECTION('',(-0.,-0.,-1.));
#13328 = DIRECTION('',(-1.,0.,0.));
#13329 = ADVANCED_FACE('',(#13330),#13340,.T.);
#13330 = FACE_BOUND('',#13331,.T.);
#13331 = EDGE_LOOP('',(#13332,#13338,#13339));
#13332 = ORIENTED_EDGE('',*,*,#13333,.T.);
#13333 = EDGE_CURVE('',#9362,#1803,#13334,.T.);
#13334 = LINE('',#13335,#13336);
#13335 = CARTESIAN_POINT('',(175.,62.400001525879,-1.));
#13336 = VECTOR('',#13337,1.);
#13337 = DIRECTION('',(6.486417855632E-03,0.99997896297,0.));
#13338 = ORIENTED_EDGE('',*,*,#13317,.F.);
#13339 = ORIENTED_EDGE('',*,*,#9720,.F.);
#13340 = PLANE('',#13341);
#13341 = AXIS2_PLACEMENT_3D('',#13342,#13343,#13344);
#13342 = CARTESIAN_POINT('',(175.13711002748,76.457300699533,-1.));
#13343 = DIRECTION('',(-0.,-0.,-1.));
#13344 = DIRECTION('',(-1.,0.,0.));
#13345 = ADVANCED_FACE('',(#13346),#13356,.T.);
#13346 = FACE_BOUND('',#13347,.T.);
#13347 = EDGE_LOOP('',(#13348,#13354,#13355));
#13348 = ORIENTED_EDGE('',*,*,#13349,.T.);
#13349 = EDGE_CURVE('',#9362,#1849,#13350,.T.);
#13350 = LINE('',#13351,#13352);
#13351 = CARTESIAN_POINT('',(175.,62.400001525879,-1.));
#13352 = VECTOR('',#13353,1.);
#13353 = DIRECTION('',(0.,1.,0.));
#13354 = ORIENTED_EDGE('',*,*,#1848,.F.);
#13355 = ORIENTED_EDGE('',*,*,#13333,.F.);
#13356 = PLANE('',#13357);
#13357 = AXIS2_PLACEMENT_3D('',#13358,#13359,#13360);
#13358 = CARTESIAN_POINT('',(175.04590809088,76.548699819266,-1.));
#13359 = DIRECTION('',(-0.,-0.,-1.));
#13360 = DIRECTION('',(-1.,0.,0.));
#13361 = ADVANCED_FACE('',(#13362),#13372,.T.);
#13362 = FACE_BOUND('',#13363,.T.);
#13363 = EDGE_LOOP('',(#13364,#13370,#13371));
#13364 = ORIENTED_EDGE('',*,*,#13365,.T.);
#13365 = EDGE_CURVE('',#9316,#1849,#13366,.T.);
#13366 = LINE('',#13367,#13368);
#13367 = CARTESIAN_POINT('',(174.81700134277,62.388000488281,-1.));
#13368 = VECTOR('',#13369,1.);
#13369 = DIRECTION('',(6.486417855632E-03,0.99997896297,0.));
#13370 = ORIENTED_EDGE('',*,*,#13349,.F.);
#13371 = ORIENTED_EDGE('',*,*,#9361,.F.);
#13372 = PLANE('',#13373);
#13373 = AXIS2_PLACEMENT_3D('',#13374,#13375,#13376);
#13374 = CARTESIAN_POINT('',(174.95409190912,76.451300180734,-1.));
#13375 = DIRECTION('',(-0.,-0.,-1.));
#13376 = DIRECTION('',(-1.,0.,0.));
#13377 = ADVANCED_FACE('',(#13378),#13388,.T.);
#13378 = FACE_BOUND('',#13379,.T.);
#13379 = EDGE_LOOP('',(#13380,#13386,#13387));
#13380 = ORIENTED_EDGE('',*,*,#13381,.T.);
#13381 = EDGE_CURVE('',#9316,#1895,#13382,.T.);
#13382 = LINE('',#13383,#13384);
#13383 = CARTESIAN_POINT('',(174.81700134277,62.388000488281,-1.));
#13384 = VECTOR('',#13385,1.);
#13385 = DIRECTION('',(0.,1.,0.));
#13386 = ORIENTED_EDGE('',*,*,#1894,.F.);
#13387 = ORIENTED_EDGE('',*,*,#13365,.F.);
#13388 = PLANE('',#13389);
#13389 = AXIS2_PLACEMENT_3D('',#13390,#13391,#13392);
#13390 = CARTESIAN_POINT('',(174.86288997251,76.542699300467,-1.));
#13391 = DIRECTION('',(-0.,-0.,-1.));
#13392 = DIRECTION('',(-1.,0.,0.));
#13393 = ADVANCED_FACE('',(#13394),#13404,.T.);
#13394 = FACE_BOUND('',#13395,.T.);
#13395 = EDGE_LOOP('',(#13396,#13402,#13403));
#13396 = ORIENTED_EDGE('',*,*,#13397,.T.);
#13397 = EDGE_CURVE('',#9270,#1895,#13398,.T.);
#13398 = LINE('',#13399,#13400);
#13399 = CARTESIAN_POINT('',(174.63800048828,62.352298736572,-1.));
#13400 = VECTOR('',#13401,1.);
#13401 = DIRECTION('',(6.334011288732E-03,0.999979939949,0.));
#13402 = ORIENTED_EDGE('',*,*,#13381,.F.);
#13403 = ORIENTED_EDGE('',*,*,#9315,.F.);
#13404 = PLANE('',#13405);
#13405 = AXIS2_PLACEMENT_3D('',#13406,#13407,#13408);
#13406 = CARTESIAN_POINT('',(174.77207834489,76.445584664193,-1.));
#13407 = DIRECTION('',(-0.,-0.,-1.));
#13408 = DIRECTION('',(-1.,0.,0.));
#13409 = ADVANCED_FACE('',(#13410),#13420,.T.);
#13410 = FACE_BOUND('',#13411,.T.);
#13411 = EDGE_LOOP('',(#13412,#13418,#13419));
#13412 = ORIENTED_EDGE('',*,*,#13413,.T.);
#13413 = EDGE_CURVE('',#9270,#1963,#13414,.T.);
#13414 = LINE('',#13415,#13416);
#13415 = CARTESIAN_POINT('',(174.63800048828,62.352298736572,-1.));
#13416 = VECTOR('',#13417,1.);
#13417 = DIRECTION('',(0.,1.,0.));
#13418 = ORIENTED_EDGE('',*,*,#2214,.F.);
#13419 = ORIENTED_EDGE('',*,*,#13397,.F.);
#13420 = PLANE('',#13421);
#13421 = AXIS2_PLACEMENT_3D('',#13422,#13423,#13424);
#13422 = CARTESIAN_POINT('',(174.68286695419,76.536563319752,-1.));
#13423 = DIRECTION('',(-0.,-0.,-1.));
#13424 = DIRECTION('',(-1.,0.,0.));
#13425 = ADVANCED_FACE('',(#13426),#13436,.T.);
#13426 = FACE_BOUND('',#13427,.T.);
#13427 = EDGE_LOOP('',(#13428,#13434,#13435));
#13428 = ORIENTED_EDGE('',*,*,#13429,.T.);
#13429 = EDGE_CURVE('',#9224,#1963,#13430,.T.);
#13430 = LINE('',#13431,#13432);
#13431 = CARTESIAN_POINT('',(174.4640045166,62.293399810791,-1.));
#13432 = VECTOR('',#13433,1.);
#13433 = DIRECTION('',(6.136378264396E-03,0.999981172254,0.));
#13434 = ORIENTED_EDGE('',*,*,#13413,.F.);
#13435 = ORIENTED_EDGE('',*,*,#9269,.F.);
#13436 = PLANE('',#13437);
#13437 = AXIS2_PLACEMENT_3D('',#13438,#13439,#13440);
#13438 = CARTESIAN_POINT('',(174.59431541295,76.439483192238,-1.));
#13439 = DIRECTION('',(-0.,-0.,-1.));
#13440 = DIRECTION('',(-1.,0.,0.));
#13441 = ADVANCED_FACE('',(#13442),#13452,.T.);
#13442 = FACE_BOUND('',#13443,.T.);
#13443 = EDGE_LOOP('',(#13444,#13450,#13451));
#13444 = ORIENTED_EDGE('',*,*,#13445,.T.);
#13445 = EDGE_CURVE('',#9224,#1996,#13446,.T.);
#13446 = LINE('',#13447,#13448);
#13447 = CARTESIAN_POINT('',(174.4640045166,62.293399810791,-1.));
#13448 = VECTOR('',#13449,1.);
#13449 = DIRECTION('',(0.,1.,0.));
#13450 = ORIENTED_EDGE('',*,*,#1995,.F.);
#13451 = ORIENTED_EDGE('',*,*,#13429,.F.);
#13452 = PLANE('',#13453);
#13453 = AXIS2_PLACEMENT_3D('',#13454,#13455,#13456);
#13454 = CARTESIAN_POINT('',(174.50759923455,76.531063530174,-1.));
#13455 = DIRECTION('',(-0.,-0.,-1.));
#13456 = DIRECTION('',(-1.,0.,0.));
#13457 = ADVANCED_FACE('',(#13458),#13468,.T.);
#13458 = FACE_BOUND('',#13459,.T.);
#13459 = EDGE_LOOP('',(#13460,#13466,#13467));
#13460 = ORIENTED_EDGE('',*,*,#13461,.T.);
#13461 = EDGE_CURVE('',#9178,#1996,#13462,.T.);
#13462 = LINE('',#13463,#13464);
#13463 = CARTESIAN_POINT('',(174.30000305175,62.212398529053,-1.));
#13464 = VECTOR('',#13465,1.);
#13465 = DIRECTION('',(5.755513784226E-03,0.999983436893,0.));
#13466 = ORIENTED_EDGE('',*,*,#13445,.F.);
#13467 = ORIENTED_EDGE('',*,*,#9223,.F.);
#13468 = PLANE('',#13469);
#13469 = AXIS2_PLACEMENT_3D('',#13470,#13471,#13472);
#13470 = CARTESIAN_POINT('',(174.4228142775,76.434137155182,-1.));
#13471 = DIRECTION('',(-0.,-0.,-1.));
#13472 = DIRECTION('',(-1.,0.,0.));
#13473 = ADVANCED_FACE('',(#13474),#13484,.T.);
#13474 = FACE_BOUND('',#13475,.T.);
#13475 = EDGE_LOOP('',(#13476,#13482,#13483));
#13476 = ORIENTED_EDGE('',*,*,#13477,.T.);
#13477 = EDGE_CURVE('',#9178,#2088,#13478,.T.);
#13478 = LINE('',#13479,#13480);
#13479 = CARTESIAN_POINT('',(174.30000305175,62.212398529053,-1.));
#13480 = VECTOR('',#13481,1.);
#13481 = DIRECTION('',(0.,1.,0.));
#13482 = ORIENTED_EDGE('',*,*,#2087,.F.);
#13483 = ORIENTED_EDGE('',*,*,#13461,.F.);
#13484 = PLANE('',#13485);
#13485 = AXIS2_PLACEMENT_3D('',#13486,#13487,#13488);
#13486 = CARTESIAN_POINT('',(174.34107673889,76.525358389251,-1.));
#13487 = DIRECTION('',(-0.,-0.,-1.));
#13488 = DIRECTION('',(-1.,0.,0.));
#13489 = ADVANCED_FACE('',(#13490),#13500,.T.);
#13490 = FACE_BOUND('',#13491,.T.);
#13491 = EDGE_LOOP('',(#13492,#13498,#13499));
#13492 = ORIENTED_EDGE('',*,*,#13493,.T.);
#13493 = EDGE_CURVE('',#8904,#2088,#13494,.T.);
#13494 = LINE('',#13495,#13496);
#13495 = CARTESIAN_POINT('',(174.14799499511,62.110698699951,-1.));
#13496 = VECTOR('',#13497,1.);
#13497 = DIRECTION('',(5.300640121108E-03,0.999985951508,0.));
#13498 = ORIENTED_EDGE('',*,*,#13477,.F.);
#13499 = ORIENTED_EDGE('',*,*,#9177,.F.);
#13500 = PLANE('',#13501);
#13501 = AXIS2_PLACEMENT_3D('',#13502,#13503,#13504);
#13502 = CARTESIAN_POINT('',(174.26181247173,76.42895097602,-1.));
#13503 = DIRECTION('',(-0.,-0.,-1.));
#13504 = DIRECTION('',(-1.,0.,0.));
#13505 = ADVANCED_FACE('',(#13506),#13516,.T.);
#13506 = FACE_BOUND('',#13507,.T.);
#13507 = EDGE_LOOP('',(#13508,#13514,#13515));
#13508 = ORIENTED_EDGE('',*,*,#13509,.T.);
#13509 = EDGE_CURVE('',#8904,#2134,#13510,.T.);
#13510 = LINE('',#13511,#13512);
#13511 = CARTESIAN_POINT('',(174.14799499511,62.110698699951,-1.));
#13512 = VECTOR('',#13513,1.);
#13513 = DIRECTION('',(0.,1.,0.));
#13514 = ORIENTED_EDGE('',*,*,#2133,.F.);
#13515 = ORIENTED_EDGE('',*,*,#13493,.F.);
#13516 = PLANE('',#13517);
#13517 = AXIS2_PLACEMENT_3D('',#13518,#13519,#13520);
#13518 = CARTESIAN_POINT('',(174.18605080564,76.520195294732,-1.));
#13519 = DIRECTION('',(-0.,-0.,-1.));
#13520 = DIRECTION('',(-1.,0.,0.));
#13521 = ADVANCED_FACE('',(#13522),#13532,.T.);
#13522 = FACE_BOUND('',#13523,.T.);
#13523 = EDGE_LOOP('',(#13524,#13530,#13531));
#13524 = ORIENTED_EDGE('',*,*,#13525,.T.);
#13525 = EDGE_CURVE('',#8871,#2134,#13526,.T.);
#13526 = LINE('',#13527,#13528);
#13527 = CARTESIAN_POINT('',(174.00999450683,61.990001678467,-1.));
#13528 = VECTOR('',#13529,1.);
#13529 = DIRECTION('',(4.775165313259E-03,0.999988598833,0.));
#13530 = ORIENTED_EDGE('',*,*,#13509,.F.);
#13531 = ORIENTED_EDGE('',*,*,#8903,.F.);
#13532 = PLANE('',#13533);
#13533 = AXIS2_PLACEMENT_3D('',#13534,#13535,#13536);
#13534 = CARTESIAN_POINT('',(174.11331339631,76.424072334506,-1.));
#13535 = DIRECTION('',(-0.,-0.,-1.));
#13536 = DIRECTION('',(-1.,0.,0.));
#13537 = ADVANCED_FACE('',(#13538),#13548,.T.);
#13538 = FACE_BOUND('',#13539,.T.);
#13539 = EDGE_LOOP('',(#13540,#13546,#13547));
#13540 = ORIENTED_EDGE('',*,*,#13541,.T.);
#13541 = EDGE_CURVE('',#8871,#2042,#13542,.T.);
#13542 = LINE('',#13543,#13544);
#13543 = CARTESIAN_POINT('',(174.00999450683,61.990001678467,-1.));
#13544 = VECTOR('',#13545,1.);
#13545 = DIRECTION('',(0.,1.,0.));
#13546 = ORIENTED_EDGE('',*,*,#2177,.F.);
#13547 = ORIENTED_EDGE('',*,*,#13525,.F.);
#13548 = PLANE('',#13549);
#13549 = AXIS2_PLACEMENT_3D('',#13550,#13551,#13552);
#13550 = CARTESIAN_POINT('',(174.0445320162,76.515578503109,-1.));
#13551 = DIRECTION('',(-0.,-0.,-1.));
#13552 = DIRECTION('',(-1.,0.,0.));
#13553 = ADVANCED_FACE('',(#13554),#13564,.T.);
#13554 = FACE_BOUND('',#13555,.T.);
#13555 = EDGE_LOOP('',(#13556,#13562,#13563));
#13556 = ORIENTED_EDGE('',*,*,#13557,.T.);
#13557 = EDGE_CURVE('',#8950,#2042,#13558,.T.);
#13558 = LINE('',#13559,#13560);
#13559 = CARTESIAN_POINT('',(173.88900756835,61.852298736572,-1.));
#13560 = VECTOR('',#13561,1.);
#13561 = DIRECTION('',(4.149363044296E-03,0.999991391356,0.));
#13562 = ORIENTED_EDGE('',*,*,#13541,.F.);
#13563 = ORIENTED_EDGE('',*,*,#8957,.F.);
#13564 = PLANE('',#13565);
#13565 = AXIS2_PLACEMENT_3D('',#13566,#13567,#13568);
#13566 = CARTESIAN_POINT('',(173.97958127529,76.419813208802,-1.));
#13567 = DIRECTION('',(-0.,-0.,-1.));
#13568 = DIRECTION('',(-1.,0.,0.));
#13569 = ADVANCED_FACE('',(#13570),#13580,.T.);
#13570 = FACE_BOUND('',#13571,.T.);
#13571 = EDGE_LOOP('',(#13572,#13578,#13579));
#13572 = ORIENTED_EDGE('',*,*,#13573,.T.);
#13573 = EDGE_CURVE('',#8950,#1941,#13574,.T.);
#13574 = LINE('',#13575,#13576);
#13575 = CARTESIAN_POINT('',(173.88900756835,61.852298736572,-1.));
#13576 = VECTOR('',#13577,1.);
#13577 = DIRECTION('',(0.,1.,0.));
#13578 = ORIENTED_EDGE('',*,*,#2049,.F.);
#13579 = ORIENTED_EDGE('',*,*,#13557,.F.);
#13580 = PLANE('',#13581);
#13581 = AXIS2_PLACEMENT_3D('',#13582,#13583,#13584);
#13582 = CARTESIAN_POINT('',(173.91927795539,76.511335794756,-1.));
#13583 = DIRECTION('',(-0.,-0.,-1.));
#13584 = DIRECTION('',(-1.,0.,0.));
#13585 = ADVANCED_FACE('',(#13586),#13596,.T.);
#13586 = FACE_BOUND('',#13587,.T.);
#13587 = EDGE_LOOP('',(#13588,#13594,#13595));
#13588 = ORIENTED_EDGE('',*,*,#13589,.T.);
#13589 = EDGE_CURVE('',#8994,#1941,#13590,.T.);
#13590 = LINE('',#13591,#13592);
#13591 = CARTESIAN_POINT('',(173.78799438476,61.700000762939,-1.));
#13592 = VECTOR('',#13593,1.);
#13593 = DIRECTION('',(3.430237358886E-03,0.999994116719,0.));
#13594 = ORIENTED_EDGE('',*,*,#13573,.F.);
#13595 = ORIENTED_EDGE('',*,*,#9001,.F.);
#13596 = PLANE('',#13597);
#13597 = AXIS2_PLACEMENT_3D('',#13598,#13599,#13600);
#13598 = CARTESIAN_POINT('',(173.86361060937,76.416278882681,-1.));
#13599 = DIRECTION('',(-0.,-0.,-1.));
#13600 = DIRECTION('',(-1.,0.,0.));
#13601 = ADVANCED_FACE('',(#13602),#13607,.T.);
#13602 = FACE_BOUND('',#13603,.T.);
#13603 = EDGE_LOOP('',(#13604,#13605,#13606));
#13604 = ORIENTED_EDGE('',*,*,#12255,.F.);
#13605 = ORIENTED_EDGE('',*,*,#1948,.F.);
#13606 = ORIENTED_EDGE('',*,*,#13589,.F.);
#13607 = PLANE('',#13608);
#13608 = AXIS2_PLACEMENT_3D('',#13609,#13610,#13611);
#13609 = CARTESIAN_POINT('',(173.81326073827,76.507571812671,-1.));
#13610 = DIRECTION('',(-0.,-0.,-1.));
#13611 = DIRECTION('',(-1.,0.,0.));
#13612 = ADVANCED_FACE('',(#13613),#13628,.T.);
#13613 = FACE_BOUND('',#13614,.T.);
#13614 = EDGE_LOOP('',(#13615,#13621,#13627));
#13615 = ORIENTED_EDGE('',*,*,#13616,.T.);
#13616 = EDGE_CURVE('',#6016,#9086,#13617,.T.);
#13617 = LINE('',#13618,#13619);
#13618 = CARTESIAN_POINT('',(118.35199737548,61.362300872803,-1.));
#13619 = VECTOR('',#13620,1.);
#13620 = DIRECTION('',(1.,0.,0.));
#13621 = ORIENTED_EDGE('',*,*,#13622,.T.);
#13622 = EDGE_CURVE('',#9086,#6062,#13623,.T.);
#13623 = LINE('',#13624,#13625);
#13624 = CARTESIAN_POINT('',(173.64799499511,61.362300872803,-1.));
#13625 = VECTOR('',#13626,1.);
#13626 = DIRECTION('',(-0.999994718511,-3.250069331557E-03,0.));
#13627 = ORIENTED_EDGE('',*,*,#6070,.F.);
#13628 = PLANE('',#13629);
#13629 = AXIS2_PLACEMENT_3D('',#13630,#13631,#13632);
#13630 = CARTESIAN_POINT('',(145.96327671129,61.317341143167,-1.));
#13631 = DIRECTION('',(-0.,-0.,-1.));
#13632 = DIRECTION('',(-1.,0.,0.));
#13633 = ADVANCED_FACE('',(#13634),#13644,.T.);
#13634 = FACE_BOUND('',#13635,.T.);
#13635 = EDGE_LOOP('',(#13636,#13637,#13643));
#13636 = ORIENTED_EDGE('',*,*,#13616,.F.);
#13637 = ORIENTED_EDGE('',*,*,#13638,.T.);
#13638 = EDGE_CURVE('',#6016,#9040,#13639,.T.);
#13639 = LINE('',#13640,#13641);
#13640 = CARTESIAN_POINT('',(118.35199737548,61.362300872803,-1.));
#13641 = VECTOR('',#13642,1.);
#13642 = DIRECTION('',(0.999995088068,3.134300393697E-03,0.));
#13643 = ORIENTED_EDGE('',*,*,#9093,.F.);
#13644 = PLANE('',#13645);
#13645 = AXIS2_PLACEMENT_3D('',#13646,#13647,#13648);
#13646 = CARTESIAN_POINT('',(146.06049445373,61.405770804695,-1.));
#13647 = DIRECTION('',(-0.,-0.,-1.));
#13648 = DIRECTION('',(-1.,0.,0.));
#13649 = ADVANCED_FACE('',(#13650),#13660,.T.);
#13650 = FACE_BOUND('',#13651,.T.);
#13651 = EDGE_LOOP('',(#13652,#13658,#13659));
#13652 = ORIENTED_EDGE('',*,*,#13653,.T.);
#13653 = EDGE_CURVE('',#9132,#6062,#13654,.T.);
#13654 = LINE('',#13655,#13656);
#13655 = CARTESIAN_POINT('',(173.61199951171,61.18270111084,-1.));
#13656 = VECTOR('',#13657,1.);
#13657 = DIRECTION('',(-1.,0.,0.));
#13658 = ORIENTED_EDGE('',*,*,#13622,.F.);
#13659 = ORIENTED_EDGE('',*,*,#9139,.F.);
#13660 = PLANE('',#13661);
#13661 = AXIS2_PLACEMENT_3D('',#13662,#13663,#13664);
#13662 = CARTESIAN_POINT('',(146.05471874819,61.227690089998,-1.));
#13663 = DIRECTION('',(-0.,-0.,-1.));
#13664 = DIRECTION('',(-1.,0.,0.));
#13665 = ADVANCED_FACE('',(#13666),#13671,.T.);
#13666 = FACE_BOUND('',#13667,.T.);
#13667 = EDGE_LOOP('',(#13668,#13669,#13670));
#13668 = ORIENTED_EDGE('',*,*,#12174,.F.);
#13669 = ORIENTED_EDGE('',*,*,#13638,.F.);
#13670 = ORIENTED_EDGE('',*,*,#6024,.F.);
#13671 = PLANE('',#13672);
#13672 = AXIS2_PLACEMENT_3D('',#13673,#13674,#13675);
#13673 = CARTESIAN_POINT('',(145.96900330696,61.492377235458,-1.));
#13674 = DIRECTION('',(-0.,-0.,-1.));
#13675 = DIRECTION('',(-1.,0.,0.));
#13676 = ADVANCED_FACE('',(#13677),#13687,.T.);
#13677 = FACE_BOUND('',#13678,.T.);
#13678 = EDGE_LOOP('',(#13679,#13680,#13686));
#13679 = ORIENTED_EDGE('',*,*,#13653,.F.);
#13680 = ORIENTED_EDGE('',*,*,#13681,.T.);
#13681 = EDGE_CURVE('',#9132,#6108,#13682,.T.);
#13682 = LINE('',#13683,#13684);
#13683 = CARTESIAN_POINT('',(173.61199951171,61.18270111084,-1.));
#13684 = VECTOR('',#13685,1.);
#13685 = DIRECTION('',(-0.999994525028,-3.309065370235E-03,0.));
#13686 = ORIENTED_EDGE('',*,*,#6116,.F.);
#13687 = PLANE('',#13688);
#13688 = AXIS2_PLACEMENT_3D('',#13689,#13690,#13691);
#13689 = CARTESIAN_POINT('',(145.95730212059,61.136955062864,-1.));
#13690 = DIRECTION('',(-0.,-0.,-1.));
#13691 = DIRECTION('',(-1.,0.,0.));
#13692 = ADVANCED_FACE('',(#13693),#13703,.T.);
#13693 = FACE_BOUND('',#13694,.T.);
#13694 = EDGE_LOOP('',(#13695,#13696,#13702));
#13695 = ORIENTED_EDGE('',*,*,#12202,.F.);
#13696 = ORIENTED_EDGE('',*,*,#13697,.T.);
#13697 = EDGE_CURVE('',#3527,#745,#13698,.T.);
#13698 = LINE('',#13699,#13700);
#13699 = CARTESIAN_POINT('',(118.40000152587,92.,-1.));
#13700 = VECTOR('',#13701,1.);
#13701 = DIRECTION('',(0.999953077624,-9.687236443005E-03,0.));
#13702 = ORIENTED_EDGE('',*,*,#798,.F.);
#13703 = PLANE('',#13704);
#13704 = AXIS2_PLACEMENT_3D('',#13705,#13706,#13707);
#13705 = CARTESIAN_POINT('',(146.11945842371,91.690510699289,-1.));
#13706 = DIRECTION('',(-0.,-0.,-1.));
#13707 = DIRECTION('',(-1.,0.,0.));
#13708 = ADVANCED_FACE('',(#13709),#13719,.T.);
#13709 = FACE_BOUND('',#13710,.T.);
#13710 = EDGE_LOOP('',(#13711,#13712,#13713));
#13711 = ORIENTED_EDGE('',*,*,#13681,.F.);
#13712 = ORIENTED_EDGE('',*,*,#9415,.F.);
#13713 = ORIENTED_EDGE('',*,*,#13714,.T.);
#13714 = EDGE_CURVE('',#9408,#6108,#13715,.T.);
#13715 = LINE('',#13716,#13717);
#13716 = CARTESIAN_POINT('',(173.60000610351,61.,-1.));
#13717 = VECTOR('',#13718,1.);
#13718 = DIRECTION('',(-1.,0.,0.));
#13719 = PLANE('',#13720);
#13720 = AXIS2_PLACEMENT_3D('',#13721,#13722,#13723);
#13721 = CARTESIAN_POINT('',(146.04870018057,61.045755972695,-1.));
#13722 = DIRECTION('',(-0.,-0.,-1.));
#13723 = DIRECTION('',(-1.,0.,0.));
#13724 = ADVANCED_FACE('',(#13725),#13735,.T.);
#13725 = FACE_BOUND('',#13726,.T.);
#13726 = EDGE_LOOP('',(#13727,#13728,#13734));
#13727 = ORIENTED_EDGE('',*,*,#13697,.F.);
#13728 = ORIENTED_EDGE('',*,*,#13729,.T.);
#13729 = EDGE_CURVE('',#3527,#699,#13730,.T.);
#13730 = LINE('',#13731,#13732);
#13731 = CARTESIAN_POINT('',(118.40000152587,92.,-1.));
#13732 = VECTOR('',#13733,1.);
#13733 = DIRECTION('',(0.999978487527,-6.559305079502E-03,0.));
#13734 = ORIENTED_EDGE('',*,*,#752,.F.);
#13735 = PLANE('',#13736);
#13736 = AXIS2_PLACEMENT_3D('',#13737,#13738,#13739);
#13737 = CARTESIAN_POINT('',(146.08447177443,91.775056612307,-1.));
#13738 = DIRECTION('',(-0.,-0.,-1.));
#13739 = DIRECTION('',(-1.,0.,0.));
#13740 = ADVANCED_FACE('',(#13741),#13756,.T.);
#13741 = FACE_BOUND('',#13742,.T.);
#13742 = EDGE_LOOP('',(#13743,#13749,#13755));
#13743 = ORIENTED_EDGE('',*,*,#13744,.T.);
#13744 = EDGE_CURVE('',#7951,#7515,#13745,.T.);
#13745 = LINE('',#13746,#13747);
#13746 = CARTESIAN_POINT('',(176.38800048828,61.18270111084,-1.));
#13747 = VECTOR('',#13748,1.);
#13748 = DIRECTION('',(0.497487676896,-0.867471043515,0.));
#13749 = ORIENTED_EDGE('',*,*,#13750,.T.);
#13750 = EDGE_CURVE('',#7515,#7997,#13751,.T.);
#13751 = LINE('',#13752,#13753);
#13752 = CARTESIAN_POINT('',(178.5,57.5,-1.));
#13753 = VECTOR('',#13754,1.);
#13754 = DIRECTION('',(-0.514496854948,0.857492266,0.));
#13755 = ORIENTED_EDGE('',*,*,#8005,.F.);
#13756 = PLANE('',#13757);
#13757 = AXIS2_PLACEMENT_3D('',#13758,#13759,#13760);
#13758 = CARTESIAN_POINT('',(177.42428564984,59.335187559431,-1.));
#13759 = DIRECTION('',(-0.,-0.,-1.));
#13760 = DIRECTION('',(-1.,0.,0.));
#13761 = ADVANCED_FACE('',(#13762),#13772,.T.);
#13762 = FACE_BOUND('',#13763,.T.);
#13763 = EDGE_LOOP('',(#13764,#13770,#13771));
#13764 = ORIENTED_EDGE('',*,*,#13765,.T.);
#13765 = EDGE_CURVE('',#7515,#8043,#13766,.T.);
#13766 = LINE('',#13767,#13768);
#13767 = CARTESIAN_POINT('',(178.5,57.5,-1.));
#13768 = VECTOR('',#13769,1.);
#13769 = DIRECTION('',(-0.537054867033,0.843547313312,0.));
#13770 = ORIENTED_EDGE('',*,*,#8051,.F.);
#13771 = ORIENTED_EDGE('',*,*,#13750,.F.);
#13772 = PLANE('',#13773);
#13773 = AXIS2_PLACEMENT_3D('',#13774,#13775,#13776);
#13774 = CARTESIAN_POINT('',(177.42353343155,59.243223146892,-1.));
#13775 = DIRECTION('',(-0.,-0.,-1.));
#13776 = DIRECTION('',(-1.,0.,0.));
#13777 = ADVANCED_FACE('',(#13778),#13788,.T.);
#13778 = FACE_BOUND('',#13779,.T.);
#13779 = EDGE_LOOP('',(#13780,#13786,#13787));
#13780 = ORIENTED_EDGE('',*,*,#13781,.T.);
#13781 = EDGE_CURVE('',#7515,#8089,#13782,.T.);
#13782 = LINE('',#13783,#13784);
#13783 = CARTESIAN_POINT('',(178.5,57.5,-1.));
#13784 = VECTOR('',#13785,1.);
#13785 = DIRECTION('',(-0.564889576227,0.825166508451,0.));
#13786 = ORIENTED_EDGE('',*,*,#8097,.F.);
#13787 = ORIENTED_EDGE('',*,*,#13765,.F.);
#13788 = PLANE('',#13789);
#13789 = AXIS2_PLACEMENT_3D('',#13790,#13791,#13792);
#13790 = CARTESIAN_POINT('',(177.41051271582,59.151817604296,-1.));
#13791 = DIRECTION('',(-0.,-0.,-1.));
#13792 = DIRECTION('',(-1.,0.,0.));
#13793 = ADVANCED_FACE('',(#13794),#13804,.T.);
#13794 = FACE_BOUND('',#13795,.T.);
#13795 = EDGE_LOOP('',(#13796,#13802,#13803));
#13796 = ORIENTED_EDGE('',*,*,#13797,.T.);
#13797 = EDGE_CURVE('',#7515,#8135,#13798,.T.);
#13798 = LINE('',#13799,#13800);
#13799 = CARTESIAN_POINT('',(178.5,57.5,-1.));
#13800 = VECTOR('',#13801,1.);
#13801 = DIRECTION('',(-0.597199729127,0.802092565438,0.));
#13802 = ORIENTED_EDGE('',*,*,#8143,.F.);
#13803 = ORIENTED_EDGE('',*,*,#13781,.F.);
#13804 = PLANE('',#13805);
#13805 = AXIS2_PLACEMENT_3D('',#13806,#13807,#13808);
#13806 = CARTESIAN_POINT('',(177.38548135869,59.062472628354,-1.));
#13807 = DIRECTION('',(-0.,-0.,-1.));
#13808 = DIRECTION('',(-1.,0.,0.));
#13809 = ADVANCED_FACE('',(#13810),#13820,.T.);
#13810 = FACE_BOUND('',#13811,.T.);
#13811 = EDGE_LOOP('',(#13812,#13818,#13819));
#13812 = ORIENTED_EDGE('',*,*,#13813,.T.);
#13813 = EDGE_CURVE('',#7515,#8181,#13814,.T.);
#13814 = LINE('',#13815,#13816);
#13815 = CARTESIAN_POINT('',(178.5,57.5,-1.));
#13816 = VECTOR('',#13817,1.);
#13817 = DIRECTION('',(-0.632754923688,0.774352120517,0.));
#13818 = ORIENTED_EDGE('',*,*,#8189,.F.);
#13819 = ORIENTED_EDGE('',*,*,#13797,.F.);
#13820 = PLANE('',#13821);
#13821 = AXIS2_PLACEMENT_3D('',#13822,#13823,#13824);
#13822 = CARTESIAN_POINT('',(177.34901385924,58.976689940964,-1.));
#13823 = DIRECTION('',(-0.,-0.,-1.));
#13824 = DIRECTION('',(-1.,0.,0.));
#13825 = ADVANCED_FACE('',(#13826),#13836,.T.);
#13826 = FACE_BOUND('',#13827,.T.);
#13827 = EDGE_LOOP('',(#13828,#13834,#13835));
#13828 = ORIENTED_EDGE('',*,*,#13829,.T.);
#13829 = EDGE_CURVE('',#7515,#8227,#13830,.T.);
#13830 = LINE('',#13831,#13832);
#13831 = CARTESIAN_POINT('',(178.5,57.5,-1.));
#13832 = VECTOR('',#13833,1.);
#13833 = DIRECTION('',(-0.669905577524,0.742446305939,0.));
#13834 = ORIENTED_EDGE('',*,*,#8235,.F.);
#13835 = ORIENTED_EDGE('',*,*,#13813,.F.);
#13836 = PLANE('',#13837);
#13837 = AXIS2_PLACEMENT_3D('',#13838,#13839,#13840);
#13838 = CARTESIAN_POINT('',(177.30190621581,58.895977152603,-1.));
#13839 = DIRECTION('',(-0.,-0.,-1.));
#13840 = DIRECTION('',(-1.,0.,0.));
#13841 = ADVANCED_FACE('',(#13842),#13852,.T.);
#13842 = FACE_BOUND('',#13843,.T.);
#13843 = EDGE_LOOP('',(#13844,#13850,#13851));
#13844 = ORIENTED_EDGE('',*,*,#13845,.T.);
#13845 = EDGE_CURVE('',#7515,#8273,#13846,.T.);
#13846 = LINE('',#13847,#13848);
#13847 = CARTESIAN_POINT('',(178.5,57.5,-1.));
#13848 = VECTOR('',#13849,1.);
#13849 = DIRECTION('',(-0.707091736064,0.707121825989,0.));
#13850 = ORIENTED_EDGE('',*,*,#8281,.F.);
#13851 = ORIENTED_EDGE('',*,*,#13829,.F.);
#13852 = PLANE('',#13853);
#13853 = AXIS2_PLACEMENT_3D('',#13854,#13855,#13856);
#13854 = CARTESIAN_POINT('',(177.24457357083,58.821896297173,-1.));
#13855 = DIRECTION('',(-0.,-0.,-1.));
#13856 = DIRECTION('',(-1.,0.,0.));
#13857 = ADVANCED_FACE('',(#13858),#13868,.T.);
#13858 = FACE_BOUND('',#13859,.T.);
#13859 = EDGE_LOOP('',(#13860,#13866,#13867));
#13860 = ORIENTED_EDGE('',*,*,#13861,.T.);
#13861 = EDGE_CURVE('',#7515,#8343,#13862,.T.);
#13862 = LINE('',#13863,#13864);
#13863 = CARTESIAN_POINT('',(178.5,57.5,-1.));
#13864 = VECTOR('',#13865,1.);
#13865 = DIRECTION('',(-0.742442303789,0.66991001302,0.));
#13866 = ORIENTED_EDGE('',*,*,#8342,.F.);
#13867 = ORIENTED_EDGE('',*,*,#13845,.F.);
#13868 = PLANE('',#13869);
#13869 = AXIS2_PLACEMENT_3D('',#13870,#13871,#13872);
#13870 = CARTESIAN_POINT('',(177.17802483557,58.755554814296,-1.));
#13871 = DIRECTION('',(-0.,-0.,-1.));
#13872 = DIRECTION('',(-1.,0.,0.));
#13873 = ADVANCED_FACE('',(#13874),#13884,.T.);
#13874 = FACE_BOUND('',#13875,.T.);
#13875 = EDGE_LOOP('',(#13876,#13882,#13883));
#13876 = ORIENTED_EDGE('',*,*,#13877,.T.);
#13877 = EDGE_CURVE('',#7515,#8389,#13878,.T.);
#13878 = LINE('',#13879,#13880);
#13879 = CARTESIAN_POINT('',(178.5,57.5,-1.));
#13880 = VECTOR('',#13881,1.);
#13881 = DIRECTION('',(-0.774405785465,0.632689243973,0.));
#13882 = ORIENTED_EDGE('',*,*,#8388,.F.);
#13883 = ORIENTED_EDGE('',*,*,#13861,.F.);
#13884 = PLANE('',#13885);
#13885 = AXIS2_PLACEMENT_3D('',#13886,#13887,#13888);
#13886 = CARTESIAN_POINT('',(177.10392616194,58.698090414563,-1.));
#13887 = DIRECTION('',(-0.,-0.,-1.));
#13888 = DIRECTION('',(-1.,0.,0.));
#13889 = ADVANCED_FACE('',(#13890),#13900,.T.);
#13890 = FACE_BOUND('',#13891,.T.);
#13891 = EDGE_LOOP('',(#13892,#13898,#13899));
#13892 = ORIENTED_EDGE('',*,*,#13893,.T.);
#13893 = EDGE_CURVE('',#7515,#8435,#13894,.T.);
#13894 = LINE('',#13895,#13896);
#13895 = CARTESIAN_POINT('',(178.5,57.5,-1.));
#13896 = VECTOR('',#13897,1.);
#13897 = DIRECTION('',(-0.802125709581,0.597155211005,0.));
#13898 = ORIENTED_EDGE('',*,*,#8434,.F.);
#13899 = ORIENTED_EDGE('',*,*,#13877,.F.);
#13900 = PLANE('',#13901);
#13901 = AXIS2_PLACEMENT_3D('',#13902,#13903,#13904);
#13902 = CARTESIAN_POINT('',(177.02338993043,58.65076011477,-1.));
#13903 = DIRECTION('',(-0.,-0.,-1.));
#13904 = DIRECTION('',(-1.,0.,0.));
#13905 = ADVANCED_FACE('',(#13906),#13916,.T.);
#13906 = FACE_BOUND('',#13907,.T.);
#13907 = EDGE_LOOP('',(#13908,#13914,#13915));
#13908 = ORIENTED_EDGE('',*,*,#13909,.T.);
#13909 = EDGE_CURVE('',#7515,#8481,#13910,.T.);
#13910 = LINE('',#13911,#13912);
#13911 = CARTESIAN_POINT('',(178.5,57.5,-1.));
#13912 = VECTOR('',#13913,1.);
#13913 = DIRECTION('',(-0.825227798955,0.564800035262,0.));
#13914 = ORIENTED_EDGE('',*,*,#8480,.F.);
#13915 = ORIENTED_EDGE('',*,*,#13893,.F.);
#13916 = PLANE('',#13917);
#13917 = AXIS2_PLACEMENT_3D('',#13918,#13919,#13920);
#13918 = CARTESIAN_POINT('',(176.93740974309,58.614401662743,-1.));
#13919 = DIRECTION('',(-0.,-0.,-1.));
#13920 = DIRECTION('',(-1.,0.,0.));
#13921 = ADVANCED_FACE('',(#13922),#13932,.T.);
#13922 = FACE_BOUND('',#13923,.T.);
#13923 = EDGE_LOOP('',(#13924,#13930,#13931));
#13924 = ORIENTED_EDGE('',*,*,#13925,.T.);
#13925 = EDGE_CURVE('',#7515,#8527,#13926,.T.);
#13926 = LINE('',#13927,#13928);
#13927 = CARTESIAN_POINT('',(178.5,57.5,-1.));
#13928 = VECTOR('',#13929,1.);
#13929 = DIRECTION('',(-0.843525488103,0.537089146158,0.));
#13930 = ORIENTED_EDGE('',*,*,#8526,.F.);
#13931 = ORIENTED_EDGE('',*,*,#13909,.F.);
#13932 = PLANE('',#13933);
#13933 = AXIS2_PLACEMENT_3D('',#13934,#13935,#13936);
#13934 = CARTESIAN_POINT('',(176.848313296,58.589329511848,-1.));
#13935 = DIRECTION('',(-0.,-0.,-1.));
#13936 = DIRECTION('',(-1.,0.,0.));
#13937 = ADVANCED_FACE('',(#13938),#13948,.T.);
#13938 = FACE_BOUND('',#13939,.T.);
#13939 = EDGE_LOOP('',(#13940,#13946,#13947));
#13940 = ORIENTED_EDGE('',*,*,#13941,.T.);
#13941 = EDGE_CURVE('',#7515,#8573,#13942,.T.);
#13942 = LINE('',#13943,#13944);
#13943 = CARTESIAN_POINT('',(178.5,57.5,-1.));
#13944 = VECTOR('',#13945,1.);
#13945 = DIRECTION('',(-0.857493090641,0.514495480547,0.));
#13946 = ORIENTED_EDGE('',*,*,#8572,.F.);
#13947 = ORIENTED_EDGE('',*,*,#13925,.F.);
#13948 = PLANE('',#13949);
#13949 = AXIS2_PLACEMENT_3D('',#13950,#13951,#13952);
#13950 = CARTESIAN_POINT('',(176.75678853915,58.576502575476,-1.));
#13951 = DIRECTION('',(-0.,-0.,-1.));
#13952 = DIRECTION('',(-1.,0.,0.));
#13953 = ADVANCED_FACE('',(#13954),#13964,.T.);
#13954 = FACE_BOUND('',#13955,.T.);
#13955 = EDGE_LOOP('',(#13956,#13962,#13963));
#13956 = ORIENTED_EDGE('',*,*,#13957,.T.);
#13957 = EDGE_CURVE('',#7515,#8619,#13958,.T.);
#13958 = LINE('',#13959,#13960);
#13959 = CARTESIAN_POINT('',(178.5,57.5,-1.));
#13960 = VECTOR('',#13961,1.);
#13961 = DIRECTION('',(-0.867488388273,0.497457431558,0.));
#13962 = ORIENTED_EDGE('',*,*,#8618,.F.);
#13963 = ORIENTED_EDGE('',*,*,#13941,.F.);
#13964 = PLANE('',#13965);
#13965 = AXIS2_PLACEMENT_3D('',#13966,#13967,#13968);
#13966 = CARTESIAN_POINT('',(176.66467342236,58.575747856178,-1.));
#13967 = DIRECTION('',(-0.,-0.,-1.));
#13968 = DIRECTION('',(-1.,0.,0.));
#13969 = ADVANCED_FACE('',(#13970),#13980,.T.);
#13970 = FACE_BOUND('',#13971,.T.);
#13971 = EDGE_LOOP('',(#13972,#13978,#13979));
#13972 = ORIENTED_EDGE('',*,*,#13973,.T.);
#13973 = EDGE_CURVE('',#7515,#8665,#13974,.T.);
#13974 = LINE('',#13975,#13976);
#13975 = CARTESIAN_POINT('',(178.5,57.5,-1.));
#13976 = VECTOR('',#13977,1.);
#13977 = DIRECTION('',(-0.873951036109,0.486013977663,0.));
#13978 = ORIENTED_EDGE('',*,*,#8664,.F.);
#13979 = ORIENTED_EDGE('',*,*,#13957,.F.);
#13980 = PLANE('',#13981);
#13981 = AXIS2_PLACEMENT_3D('',#13982,#13983,#13984);
#13982 = CARTESIAN_POINT('',(176.57395773661,58.58707079589,-1.));
#13983 = DIRECTION('',(-0.,-0.,-1.));
#13984 = DIRECTION('',(-1.,0.,0.));
#13985 = ADVANCED_FACE('',(#13986),#13996,.T.);
#13986 = FACE_BOUND('',#13987,.T.);
#13987 = EDGE_LOOP('',(#13988,#13994,#13995));
#13988 = ORIENTED_EDGE('',*,*,#13989,.T.);
#13989 = EDGE_CURVE('',#7515,#8711,#13990,.T.);
#13990 = LINE('',#13991,#13992);
#13991 = CARTESIAN_POINT('',(178.5,57.5,-1.));
#13992 = VECTOR('',#13993,1.);
#13993 = DIRECTION('',(-0.877424658464,0.479714465823,0.));
#13994 = ORIENTED_EDGE('',*,*,#8710,.F.);
#13995 = ORIENTED_EDGE('',*,*,#13973,.F.);
#13996 = PLANE('',#13997);
#13997 = AXIS2_PLACEMENT_3D('',#13998,#13999,#14000);
#13998 = CARTESIAN_POINT('',(176.485233,58.610594068288,-1.));
#13999 = DIRECTION('',(-0.,-0.,-1.));
#14000 = DIRECTION('',(-1.,0.,0.));
#14001 = ADVANCED_FACE('',(#14002),#14012,.T.);
#14002 = FACE_BOUND('',#14003,.T.);
#14003 = EDGE_LOOP('',(#14004,#14010,#14011));
#14004 = ORIENTED_EDGE('',*,*,#14005,.T.);
#14005 = EDGE_CURVE('',#7515,#8757,#14006,.T.);
#14006 = LINE('',#14007,#14008);
#14007 = CARTESIAN_POINT('',(178.5,57.5,-1.));
#14008 = VECTOR('',#14009,1.);
#14009 = DIRECTION('',(-0.878186000022,0.47831929646,0.));
#14010 = ORIENTED_EDGE('',*,*,#8756,.F.);
#14011 = ORIENTED_EDGE('',*,*,#13989,.F.);
#14012 = PLANE('',#14013);
#14013 = AXIS2_PLACEMENT_3D('',#14014,#14015,#14016);
#14014 = CARTESIAN_POINT('',(176.40084495896,58.64542262097,-1.));
#14015 = DIRECTION('',(-0.,-0.,-1.));
#14016 = DIRECTION('',(-1.,0.,0.));
#14017 = ADVANCED_FACE('',(#14018),#14028,.T.);
#14018 = FACE_BOUND('',#14019,.T.);
#14019 = EDGE_LOOP('',(#14020,#14021,#14027));
#14020 = ORIENTED_EDGE('',*,*,#13729,.F.);
#14021 = ORIENTED_EDGE('',*,*,#14022,.T.);
#14022 = EDGE_CURVE('',#3527,#653,#14023,.T.);
#14023 = LINE('',#14024,#14025);
#14024 = CARTESIAN_POINT('',(118.40000152587,92.,-1.));
#14025 = VECTOR('',#14026,1.);
#14026 = DIRECTION('',(0.999994525028,-3.309065370235E-03,0.));
#14027 = ORIENTED_EDGE('',*,*,#706,.F.);
#14028 = PLANE('',#14029);
#14029 = AXIS2_PLACEMENT_3D('',#14030,#14031,#14032);
#14030 = CARTESIAN_POINT('',(146.06074210361,91.863484971484,-1.));
#14031 = DIRECTION('',(-0.,-0.,-1.));
#14032 = DIRECTION('',(-1.,0.,0.));
#14033 = ADVANCED_FACE('',(#14034),#14044,.T.);
#14034 = FACE_BOUND('',#14035,.T.);
#14035 = EDGE_LOOP('',(#14036,#14042,#14043));
#14036 = ORIENTED_EDGE('',*,*,#14037,.T.);
#14037 = EDGE_CURVE('',#9454,#6108,#14038,.T.);
#14038 = LINE('',#14039,#14040);
#14039 = CARTESIAN_POINT('',(173.61199951171,60.81729888916,-1.));
#14040 = VECTOR('',#14041,1.);
#14041 = DIRECTION('',(-0.999994525028,3.309065370235E-03,0.));
#14042 = ORIENTED_EDGE('',*,*,#13714,.F.);
#14043 = ORIENTED_EDGE('',*,*,#9461,.F.);
#14044 = PLANE('',#14045);
#14045 = AXIS2_PLACEMENT_3D('',#14046,#14047,#14048);
#14046 = CARTESIAN_POINT('',(146.04870018057,60.954244027305,-1.));
#14047 = DIRECTION('',(-0.,-0.,-1.));
#14048 = DIRECTION('',(-1.,0.,0.));
#14049 = ADVANCED_FACE('',(#14050),#14065,.T.);
#14050 = FACE_BOUND('',#14051,.T.);
#14051 = EDGE_LOOP('',(#14052,#14058,#14059));
#14052 = ORIENTED_EDGE('',*,*,#14053,.T.);
#14053 = EDGE_CURVE('',#6154,#9454,#14054,.T.);
#14054 = LINE('',#14055,#14056);
#14055 = CARTESIAN_POINT('',(118.38800048828,60.81729888916,-1.));
#14056 = VECTOR('',#14057,1.);
#14057 = DIRECTION('',(1.,0.,0.));
#14058 = ORIENTED_EDGE('',*,*,#9507,.F.);
#14059 = ORIENTED_EDGE('',*,*,#14060,.T.);
#14060 = EDGE_CURVE('',#9500,#6154,#14061,.T.);
#14061 = LINE('',#14062,#14063);
#14062 = CARTESIAN_POINT('',(173.64799499511,60.637699127197,-1.));
#14063 = VECTOR('',#14064,1.);
#14064 = DIRECTION('',(-0.999994718511,3.250069331557E-03,0.));
#14065 = PLANE('',#14066);
#14066 = AXIS2_PLACEMENT_3D('',#14067,#14068,#14069);
#14067 = CARTESIAN_POINT('',(146.05471874819,60.772309910002,-1.));
#14068 = DIRECTION('',(-0.,-0.,-1.));
#14069 = DIRECTION('',(-1.,0.,0.));
#14070 = ADVANCED_FACE('',(#14071),#14086,.T.);
#14071 = FACE_BOUND('',#14072,.T.);
#14072 = EDGE_LOOP('',(#14073,#14079,#14080));
#14073 = ORIENTED_EDGE('',*,*,#14074,.T.);
#14074 = EDGE_CURVE('',#6200,#9500,#14075,.T.);
#14075 = LINE('',#14076,#14077);
#14076 = CARTESIAN_POINT('',(118.35199737548,60.637699127197,-1.));
#14077 = VECTOR('',#14078,1.);
#14078 = DIRECTION('',(1.,0.,0.));
#14079 = ORIENTED_EDGE('',*,*,#9553,.F.);
#14080 = ORIENTED_EDGE('',*,*,#14081,.T.);
#14081 = EDGE_CURVE('',#9546,#6200,#14082,.T.);
#14082 = LINE('',#14083,#14084);
#14083 = CARTESIAN_POINT('',(173.70700073242,60.464199066162,-1.));
#14084 = VECTOR('',#14085,1.);
#14085 = DIRECTION('',(-0.999995088068,3.134300393697E-03,0.));
#14086 = PLANE('',#14087);
#14087 = AXIS2_PLACEMENT_3D('',#14088,#14089,#14090);
#14088 = CARTESIAN_POINT('',(146.06049445373,60.594229195305,-1.));
#14089 = DIRECTION('',(-0.,-0.,-1.));
#14090 = DIRECTION('',(-1.,0.,0.));
#14091 = ADVANCED_FACE('',(#14092),#14107,.T.);
#14092 = FACE_BOUND('',#14093,.T.);
#14093 = EDGE_LOOP('',(#14094,#14100,#14101));
#14094 = ORIENTED_EDGE('',*,*,#14095,.T.);
#14095 = EDGE_CURVE('',#6246,#9546,#14096,.T.);
#14096 = LINE('',#14097,#14098);
#14097 = CARTESIAN_POINT('',(118.29299926757,60.464199066162,-1.));
#14098 = VECTOR('',#14099,1.);
#14099 = DIRECTION('',(1.,0.,0.));
#14100 = ORIENTED_EDGE('',*,*,#9599,.F.);
#14101 = ORIENTED_EDGE('',*,*,#14102,.T.);
#14102 = EDGE_CURVE('',#9592,#6246,#14103,.T.);
#14103 = LINE('',#14104,#14105);
#14104 = CARTESIAN_POINT('',(173.78799438476,60.299999237061,-1.));
#14105 = VECTOR('',#14106,1.);
#14106 = DIRECTION('',(-0.999995622714,2.958809348577E-03,0.));
#14107 = PLANE('',#14108);
#14108 = AXIS2_PLACEMENT_3D('',#14109,#14110,#14111);
#14109 = CARTESIAN_POINT('',(146.06595991548,60.423051437422,-1.));
#14110 = DIRECTION('',(-0.,-0.,-1.));
#14111 = DIRECTION('',(-1.,0.,0.));
#14112 = ADVANCED_FACE('',(#14113),#14128,.T.);
#14113 = FACE_BOUND('',#14114,.T.);
#14114 = EDGE_LOOP('',(#14115,#14121,#14122));
#14115 = ORIENTED_EDGE('',*,*,#14116,.T.);
#14116 = EDGE_CURVE('',#6292,#9592,#14117,.T.);
#14117 = LINE('',#14118,#14119);
#14118 = CARTESIAN_POINT('',(118.21199798584,60.299999237061,-1.));
#14119 = VECTOR('',#14120,1.);
#14120 = DIRECTION('',(1.,0.,0.));
#14121 = ORIENTED_EDGE('',*,*,#9645,.F.);
#14122 = ORIENTED_EDGE('',*,*,#14123,.T.);
#14123 = EDGE_CURVE('',#9638,#6292,#14124,.T.);
#14124 = LINE('',#14125,#14126);
#14125 = CARTESIAN_POINT('',(173.88900756835,60.147701263428,-1.));
#14126 = VECTOR('',#14127,1.);
#14127 = DIRECTION('',(-0.99999625886,2.735373271781E-03,0.));
#14128 = PLANE('',#14129);
#14129 = AXIS2_PLACEMENT_3D('',#14130,#14131,#14132);
#14130 = CARTESIAN_POINT('',(146.07088543621,60.261827717969,-1.));
#14131 = DIRECTION('',(-0.,-0.,-1.));
#14132 = DIRECTION('',(-1.,0.,0.));
#14133 = ADVANCED_FACE('',(#14134),#14149,.T.);
#14134 = FACE_BOUND('',#14135,.T.);
#14135 = EDGE_LOOP('',(#14136,#14142,#14143));
#14136 = ORIENTED_EDGE('',*,*,#14137,.T.);
#14137 = EDGE_CURVE('',#6338,#9638,#14138,.T.);
#14138 = LINE('',#14139,#14140);
#14139 = CARTESIAN_POINT('',(118.11100006103,60.147701263428,-1.));
#14140 = VECTOR('',#14141,1.);
#14141 = DIRECTION('',(1.,0.,0.));
#14142 = ORIENTED_EDGE('',*,*,#9682,.F.);
#14143 = ORIENTED_EDGE('',*,*,#14144,.T.);
#14144 = EDGE_CURVE('',#8849,#6338,#14145,.T.);
#14145 = LINE('',#14146,#14147);
#14146 = CARTESIAN_POINT('',(174.00999450683,60.010101318359,-1.));
#14147 = VECTOR('',#14148,1.);
#14148 = DIRECTION('',(-0.999996970321,2.461574301093E-03,0.));
#14149 = PLANE('',#14150);
#14150 = AXIS2_PLACEMENT_3D('',#14151,#14152,#14153);
#14151 = CARTESIAN_POINT('',(146.0760145854,60.113207671828,-1.));
#14152 = DIRECTION('',(-0.,-0.,-1.));
#14153 = DIRECTION('',(-1.,0.,0.));
#14154 = ADVANCED_FACE('',(#14155),#14170,.T.);
#14155 = FACE_BOUND('',#14156,.T.);
#14156 = EDGE_LOOP('',(#14157,#14163,#14164));
#14157 = ORIENTED_EDGE('',*,*,#14158,.T.);
#14158 = EDGE_CURVE('',#6384,#8849,#14159,.T.);
#14159 = LINE('',#14160,#14161);
#14160 = CARTESIAN_POINT('',(117.98999786377,60.010101318359,-1.));
#14161 = VECTOR('',#14162,1.);
#14162 = DIRECTION('',(1.,0.,0.));
#14163 = ORIENTED_EDGE('',*,*,#8848,.F.);
#14164 = ORIENTED_EDGE('',*,*,#14165,.T.);
#14165 = EDGE_CURVE('',#8803,#6384,#14166,.T.);
#14166 = LINE('',#14167,#14168);
#14167 = CARTESIAN_POINT('',(174.14799499511,59.889301300049,-1.));
#14168 = VECTOR('',#14169,1.);
#14169 = DIRECTION('',(-0.999997686448,2.151069215501E-03,0.));
#14170 = PLANE('',#14171);
#14171 = AXIS2_PLACEMENT_3D('',#14172,#14173,#14174);
#14172 = CARTESIAN_POINT('',(146.08031465714,59.979814893451,-1.));
#14173 = DIRECTION('',(-0.,-0.,-1.));
#14174 = DIRECTION('',(-1.,0.,0.));
#14175 = ADVANCED_FACE('',(#14176),#14191,.T.);
#14176 = FACE_BOUND('',#14177,.T.);
#14177 = EDGE_LOOP('',(#14178,#14184,#14185));
#14178 = ORIENTED_EDGE('',*,*,#14179,.T.);
#14179 = EDGE_CURVE('',#6454,#8803,#14180,.T.);
#14180 = LINE('',#14181,#14182);
#14181 = CARTESIAN_POINT('',(117.85199737548,59.889301300049,-1.));
#14182 = VECTOR('',#14183,1.);
#14183 = DIRECTION('',(1.,0.,0.));
#14184 = ORIENTED_EDGE('',*,*,#8802,.F.);
#14185 = ORIENTED_EDGE('',*,*,#14186,.T.);
#14186 = EDGE_CURVE('',#8757,#6454,#14187,.T.);
#14187 = LINE('',#14188,#14189);
#14188 = CARTESIAN_POINT('',(174.30000305175,59.787601470947,-1.));
#14189 = VECTOR('',#14190,1.);
#14190 = DIRECTION('',(-0.999998377024,1.801652030515E-03,0.));
#14191 = PLANE('',#14192);
#14192 = AXIS2_PLACEMENT_3D('',#14193,#14194,#14195);
#14193 = CARTESIAN_POINT('',(146.08369817354,59.863800921152,-1.));
#14194 = DIRECTION('',(-0.,-0.,-1.));
#14195 = DIRECTION('',(-1.,0.,0.));
#14196 = ADVANCED_FACE('',(#14197),#14212,.T.);
#14197 = FACE_BOUND('',#14198,.T.);
#14198 = EDGE_LOOP('',(#14199,#14205,#14206));
#14199 = ORIENTED_EDGE('',*,*,#14200,.T.);
#14200 = EDGE_CURVE('',#6500,#8757,#14201,.T.);
#14201 = LINE('',#14202,#14203);
#14202 = CARTESIAN_POINT('',(117.69999694824,59.787601470947,-1.));
#14203 = VECTOR('',#14204,1.);
#14204 = DIRECTION('',(1.,0.,0.));
#14205 = ORIENTED_EDGE('',*,*,#14005,.F.);
#14206 = ORIENTED_EDGE('',*,*,#14207,.T.);
#14207 = EDGE_CURVE('',#7515,#6500,#14208,.T.);
#14208 = LINE('',#14209,#14210);
#14209 = CARTESIAN_POINT('',(178.5,57.5,-1.));
#14210 = VECTOR('',#14211,1.);
#14211 = DIRECTION('',(-0.999292929479,3.759841876056E-02,0.));
#14212 = PLANE('',#14213);
#14213 = AXIS2_PLACEMENT_3D('',#14214,#14215,#14216);
#14214 = CARTESIAN_POINT('',(148.23488977156,59.173469825262,-1.));
#14215 = DIRECTION('',(-0.,-0.,-1.));
#14216 = DIRECTION('',(-1.,0.,0.));
#14217 = ADVANCED_FACE('',(#14218),#14223,.T.);
#14218 = FACE_BOUND('',#14219,.T.);
#14219 = EDGE_LOOP('',(#14220,#14221,#14222));
#14220 = ORIENTED_EDGE('',*,*,#14053,.F.);
#14221 = ORIENTED_EDGE('',*,*,#6162,.F.);
#14222 = ORIENTED_EDGE('',*,*,#14037,.F.);
#14223 = PLANE('',#14224);
#14224 = AXIS2_PLACEMENT_3D('',#14225,#14226,#14227);
#14225 = CARTESIAN_POINT('',(145.95730212059,60.863044937136,-1.));
#14226 = DIRECTION('',(-0.,-0.,-1.));
#14227 = DIRECTION('',(-1.,0.,0.));
#14228 = ADVANCED_FACE('',(#14229),#14234,.T.);
#14229 = FACE_BOUND('',#14230,.T.);
#14230 = EDGE_LOOP('',(#14231,#14232,#14233));
#14231 = ORIENTED_EDGE('',*,*,#14074,.F.);
#14232 = ORIENTED_EDGE('',*,*,#6208,.F.);
#14233 = ORIENTED_EDGE('',*,*,#14060,.F.);
#14234 = PLANE('',#14235);
#14235 = AXIS2_PLACEMENT_3D('',#14236,#14237,#14238);
#14236 = CARTESIAN_POINT('',(145.96327671129,60.682658856833,-1.));
#14237 = DIRECTION('',(-0.,-0.,-1.));
#14238 = DIRECTION('',(-1.,0.,0.));
#14239 = ADVANCED_FACE('',(#14240),#14245,.T.);
#14240 = FACE_BOUND('',#14241,.T.);
#14241 = EDGE_LOOP('',(#14242,#14243,#14244));
#14242 = ORIENTED_EDGE('',*,*,#14095,.F.);
#14243 = ORIENTED_EDGE('',*,*,#6254,.F.);
#14244 = ORIENTED_EDGE('',*,*,#14081,.F.);
#14245 = PLANE('',#14246);
#14246 = AXIS2_PLACEMENT_3D('',#14247,#14248,#14249);
#14247 = CARTESIAN_POINT('',(145.96900330696,60.507622764542,-1.));
#14248 = DIRECTION('',(-0.,-0.,-1.));
#14249 = DIRECTION('',(-1.,0.,0.));
#14250 = ADVANCED_FACE('',(#14251),#14256,.T.);
#14251 = FACE_BOUND('',#14252,.T.);
#14252 = EDGE_LOOP('',(#14253,#14254,#14255));
#14253 = ORIENTED_EDGE('',*,*,#14116,.F.);
#14254 = ORIENTED_EDGE('',*,*,#6300,.F.);
#14255 = ORIENTED_EDGE('',*,*,#14102,.F.);
#14256 = PLANE('',#14257);
#14257 = AXIS2_PLACEMENT_3D('',#14258,#14259,#14260);
#14258 = CARTESIAN_POINT('',(145.97453415954,60.341086952902,-1.));
#14259 = DIRECTION('',(-0.,-0.,-1.));
#14260 = DIRECTION('',(-1.,0.,0.));
#14261 = ADVANCED_FACE('',(#14262),#14267,.T.);
#14262 = FACE_BOUND('',#14263,.T.);
#14263 = EDGE_LOOP('',(#14264,#14265,#14266));
#14264 = ORIENTED_EDGE('',*,*,#14137,.F.);
#14265 = ORIENTED_EDGE('',*,*,#6346,.F.);
#14266 = ORIENTED_EDGE('',*,*,#14123,.F.);
#14267 = PLANE('',#14268);
#14268 = AXIS2_PLACEMENT_3D('',#14269,#14270,#14271);
#14269 = CARTESIAN_POINT('',(145.97961944928,60.185803707533,-1.));
#14270 = DIRECTION('',(-0.,-0.,-1.));
#14271 = DIRECTION('',(-1.,0.,0.));
#14272 = ADVANCED_FACE('',(#14273),#14278,.T.);
#14273 = FACE_BOUND('',#14274,.T.);
#14274 = EDGE_LOOP('',(#14275,#14276,#14277));
#14275 = ORIENTED_EDGE('',*,*,#14158,.F.);
#14276 = ORIENTED_EDGE('',*,*,#6392,.F.);
#14277 = ORIENTED_EDGE('',*,*,#14144,.F.);
#14278 = PLANE('',#14279);
#14279 = AXIS2_PLACEMENT_3D('',#14280,#14281,#14282);
#14280 = CARTESIAN_POINT('',(145.98448017953,60.044520453666,-1.));
#14281 = DIRECTION('',(-0.,-0.,-1.));
#14282 = DIRECTION('',(-1.,0.,0.));
#14283 = ADVANCED_FACE('',(#14284),#14289,.T.);
#14284 = FACE_BOUND('',#14285,.T.);
#14285 = EDGE_LOOP('',(#14286,#14287,#14288));
#14286 = ORIENTED_EDGE('',*,*,#14179,.F.);
#14287 = ORIENTED_EDGE('',*,*,#6453,.F.);
#14288 = ORIENTED_EDGE('',*,*,#14165,.F.);
#14289 = PLANE('',#14290);
#14290 = AXIS2_PLACEMENT_3D('',#14291,#14292,#14293);
#14291 = CARTESIAN_POINT('',(145.9886779576,59.919513512721,-1.));
#14292 = DIRECTION('',(-0.,-0.,-1.));
#14293 = DIRECTION('',(-1.,0.,0.));
#14294 = ADVANCED_FACE('',(#14295),#14300,.T.);
#14295 = FACE_BOUND('',#14296,.T.);
#14296 = EDGE_LOOP('',(#14297,#14298,#14299));
#14297 = ORIENTED_EDGE('',*,*,#14200,.F.);
#14298 = ORIENTED_EDGE('',*,*,#6499,.F.);
#14299 = ORIENTED_EDGE('',*,*,#14186,.F.);
#14300 = PLANE('',#14301);
#14301 = AXIS2_PLACEMENT_3D('',#14302,#14303,#14304);
#14302 = CARTESIAN_POINT('',(145.99230171798,59.813033383673,-1.));
#14303 = DIRECTION('',(-0.,-0.,-1.));
#14304 = DIRECTION('',(-1.,0.,0.));
#14305 = ADVANCED_FACE('',(#14306),#14316,.T.);
#14306 = FACE_BOUND('',#14307,.T.);
#14307 = EDGE_LOOP('',(#14308,#14314,#14315));
#14308 = ORIENTED_EDGE('',*,*,#14309,.T.);
#14309 = EDGE_CURVE('',#7515,#6546,#14310,.T.);
#14310 = LINE('',#14311,#14312);
#14311 = CARTESIAN_POINT('',(178.5,57.5,-1.));
#14312 = VECTOR('',#14313,1.);
#14313 = DIRECTION('',(-0.999345598969,3.617145037012E-02,0.));
#14314 = ORIENTED_EDGE('',*,*,#6545,.F.);
#14315 = ORIENTED_EDGE('',*,*,#14207,.F.);
#14316 = PLANE('',#14317);
#14317 = AXIS2_PLACEMENT_3D('',#14318,#14319,#14320);
#14318 = CARTESIAN_POINT('',(148.01331868105,58.625207777823,-1.));
#14319 = DIRECTION('',(-0.,-0.,-1.));
#14320 = DIRECTION('',(-1.,0.,0.));
#14321 = ADVANCED_FACE('',(#14322),#14337,.T.);
#14322 = FACE_BOUND('',#14323,.T.);
#14323 = EDGE_LOOP('',(#14324,#14330,#14331));
#14324 = ORIENTED_EDGE('',*,*,#14325,.T.);
#14325 = EDGE_CURVE('',#12862,#6546,#14326,.T.);
#14326 = LINE('',#14327,#14328);
#14327 = CARTESIAN_POINT('',(113.5,57.5,-1.));
#14328 = VECTOR('',#14329,1.);
#14329 = DIRECTION('',(0.877425040156,0.479713767685,0.));
#14330 = ORIENTED_EDGE('',*,*,#14309,.F.);
#14331 = ORIENTED_EDGE('',*,*,#14332,.T.);
#14332 = EDGE_CURVE('',#7515,#12862,#14333,.T.);
#14333 = LINE('',#14334,#14335);
#14334 = CARTESIAN_POINT('',(178.5,57.5,-1.));
#14335 = VECTOR('',#14336,1.);
#14336 = DIRECTION('',(-1.,0.,0.));
#14337 = PLANE('',#14338);
#14338 = AXIS2_PLACEMENT_3D('',#14339,#14340,#14341);
#14339 = CARTESIAN_POINT('',(145.86902436393,58.054200171244,-1.));
#14340 = DIRECTION('',(-0.,-0.,-1.));
#14341 = DIRECTION('',(-1.,0.,0.));
#14342 = ADVANCED_FACE('',(#14343),#14353,.T.);
#14343 = FACE_BOUND('',#14344,.T.);
#14344 = EDGE_LOOP('',(#14345,#14346,#14352));
#14345 = ORIENTED_EDGE('',*,*,#14325,.F.);
#14346 = ORIENTED_EDGE('',*,*,#14347,.T.);
#14347 = EDGE_CURVE('',#12862,#6592,#14348,.T.);
#14348 = LINE('',#14349,#14350);
#14349 = CARTESIAN_POINT('',(113.5,57.5,-1.));
#14350 = VECTOR('',#14351,1.);
#14351 = DIRECTION('',(0.873951036109,0.486013977663,0.));
#14352 = ORIENTED_EDGE('',*,*,#6591,.F.);
#14353 = PLANE('',#14354);
#14354 = AXIS2_PLACEMENT_3D('',#14355,#14356,#14357);
#14355 = CARTESIAN_POINT('',(115.51477050416,58.610594900531,-1.));
#14356 = DIRECTION('',(-0.,-0.,-1.));
#14357 = DIRECTION('',(-1.,0.,0.));
#14358 = ADVANCED_FACE('',(#14359),#14369,.T.);
#14359 = FACE_BOUND('',#14360,.T.);
#14360 = EDGE_LOOP('',(#14361,#14362,#14368));
#14361 = ORIENTED_EDGE('',*,*,#14347,.F.);
#14362 = ORIENTED_EDGE('',*,*,#14363,.T.);
#14363 = EDGE_CURVE('',#12862,#6638,#14364,.T.);
#14364 = LINE('',#14365,#14366);
#14365 = CARTESIAN_POINT('',(113.5,57.5,-1.));
#14366 = VECTOR('',#14367,1.);
#14367 = DIRECTION('',(0.867488388273,0.497457431558,0.));
#14368 = ORIENTED_EDGE('',*,*,#6637,.F.);
#14369 = PLANE('',#14370);
#14370 = AXIS2_PLACEMENT_3D('',#14371,#14372,#14373);
#14371 = CARTESIAN_POINT('',(115.42604226338,58.58707079589,-1.));
#14372 = DIRECTION('',(-0.,-0.,-1.));
#14373 = DIRECTION('',(-1.,0.,0.));
#14374 = ADVANCED_FACE('',(#14375),#14385,.T.);
#14375 = FACE_BOUND('',#14376,.T.);
#14376 = EDGE_LOOP('',(#14377,#14378,#14384));
#14377 = ORIENTED_EDGE('',*,*,#12956,.F.);
#14378 = ORIENTED_EDGE('',*,*,#14379,.T.);
#14379 = EDGE_CURVE('',#12917,#2907,#14380,.T.);
#14380 = LINE('',#14381,#14382);
#14381 = CARTESIAN_POINT('',(113.5,95.5,-1.));
#14382 = VECTOR('',#14383,1.);
#14383 = DIRECTION('',(0.497487676896,-0.867471043515,0.));
#14384 = ORIENTED_EDGE('',*,*,#2960,.F.);
#14385 = PLANE('',#14386);
#14386 = AXIS2_PLACEMENT_3D('',#14387,#14388,#14389);
#14387 = CARTESIAN_POINT('',(114.58723654662,93.573771867209,-1.));
#14388 = DIRECTION('',(-0.,-0.,-1.));
#14389 = DIRECTION('',(-1.,0.,0.));
#14390 = ADVANCED_FACE('',(#14391),#14401,.T.);
#14391 = FACE_BOUND('',#14392,.T.);
#14392 = EDGE_LOOP('',(#14393,#14399,#14400));
#14393 = ORIENTED_EDGE('',*,*,#14394,.T.);
#14394 = EDGE_CURVE('',#5368,#12862,#14395,.T.);
#14395 = LINE('',#14396,#14397);
#14396 = CARTESIAN_POINT('',(115.61199951171,60.81729888916,-1.));
#14397 = VECTOR('',#14398,1.);
#14398 = DIRECTION('',(-0.537054867033,-0.843547313312,0.));
#14399 = ORIENTED_EDGE('',*,*,#12941,.F.);
#14400 = ORIENTED_EDGE('',*,*,#5375,.F.);
#14401 = PLANE('',#14402);
#14402 = AXIS2_PLACEMENT_3D('',#14403,#14404,#14405);
#14403 = CARTESIAN_POINT('',(114.57646465925,59.243223245213,-1.));
#14404 = DIRECTION('',(-0.,-0.,-1.));
#14405 = DIRECTION('',(-1.,0.,0.));
#14406 = ADVANCED_FACE('',(#14407),#14417,.T.);
#14407 = FACE_BOUND('',#14408,.T.);
#14408 = EDGE_LOOP('',(#14409,#14415,#14416));
#14409 = ORIENTED_EDGE('',*,*,#14410,.T.);
#14410 = EDGE_CURVE('',#5414,#12862,#14411,.T.);
#14411 = LINE('',#14412,#14413);
#14412 = CARTESIAN_POINT('',(115.64800262451,60.637699127197,-1.));
#14413 = VECTOR('',#14414,1.);
#14414 = DIRECTION('',(-0.564890942391,-0.825165573206,0.));
#14415 = ORIENTED_EDGE('',*,*,#14394,.F.);
#14416 = ORIENTED_EDGE('',*,*,#5421,.F.);
#14417 = PLANE('',#14418);
#14418 = AXIS2_PLACEMENT_3D('',#14419,#14420,#14421);
#14419 = CARTESIAN_POINT('',(114.58948939292,59.151817857515,-1.));
#14420 = DIRECTION('',(-0.,-0.,-1.));
#14421 = DIRECTION('',(-1.,0.,0.));
#14422 = ADVANCED_FACE('',(#14423),#14433,.T.);
#14423 = FACE_BOUND('',#14424,.T.);
#14424 = EDGE_LOOP('',(#14425,#14431,#14432));
#14425 = ORIENTED_EDGE('',*,*,#14426,.T.);
#14426 = EDGE_CURVE('',#5460,#12862,#14427,.T.);
#14427 = LINE('',#14428,#14429);
#14428 = CARTESIAN_POINT('',(115.70700073242,60.464199066162,-1.));
#14429 = VECTOR('',#14430,1.);
#14430 = DIRECTION('',(-0.597199729127,-0.802092565438,0.));
#14431 = ORIENTED_EDGE('',*,*,#14410,.F.);
#14432 = ORIENTED_EDGE('',*,*,#5467,.F.);
#14433 = PLANE('',#14434);
#14434 = AXIS2_PLACEMENT_3D('',#14435,#14436,#14437);
#14435 = CARTESIAN_POINT('',(114.61452025804,59.062472155942,-1.));
#14436 = DIRECTION('',(-0.,-0.,-1.));
#14437 = DIRECTION('',(-1.,0.,0.));
#14438 = ADVANCED_FACE('',(#14439),#14449,.T.);
#14439 = FACE_BOUND('',#14440,.T.);
#14440 = EDGE_LOOP('',(#14441,#14447,#14448));
#14441 = ORIENTED_EDGE('',*,*,#14442,.T.);
#14442 = EDGE_CURVE('',#5506,#12862,#14443,.T.);
#14443 = LINE('',#14444,#14445);
#14444 = CARTESIAN_POINT('',(115.78800201416,60.299999237061,-1.));
#14445 = VECTOR('',#14446,1.);
#14446 = DIRECTION('',(-0.632756188852,-0.774351086697,0.));
#14447 = ORIENTED_EDGE('',*,*,#14426,.F.);
#14448 = ORIENTED_EDGE('',*,*,#5513,.F.);
#14449 = PLANE('',#14450);
#14450 = AXIS2_PLACEMENT_3D('',#14451,#14452,#14453);
#14451 = CARTESIAN_POINT('',(114.65098856373,58.976690524486,-1.));
#14452 = DIRECTION('',(-0.,-0.,-1.));
#14453 = DIRECTION('',(-1.,0.,0.));
#14454 = ADVANCED_FACE('',(#14455),#14465,.T.);
#14455 = FACE_BOUND('',#14456,.T.);
#14456 = EDGE_LOOP('',(#14457,#14463,#14464));
#14457 = ORIENTED_EDGE('',*,*,#14458,.T.);
#14458 = EDGE_CURVE('',#5552,#12862,#14459,.T.);
#14459 = LINE('',#14460,#14461);
#14460 = CARTESIAN_POINT('',(115.88899993896,60.147701263428,-1.));
#14461 = VECTOR('',#14462,1.);
#14462 = DIRECTION('',(-0.669904398244,-0.742447369996,0.));
#14463 = ORIENTED_EDGE('',*,*,#14442,.F.);
#14464 = ORIENTED_EDGE('',*,*,#5559,.F.);
#14465 = PLANE('',#14466);
#14466 = AXIS2_PLACEMENT_3D('',#14467,#14468,#14469);
#14467 = CARTESIAN_POINT('',(114.69809247108,58.895975684727,-1.));
#14468 = DIRECTION('',(-0.,-0.,-1.));
#14469 = DIRECTION('',(-1.,0.,0.));
#14470 = ADVANCED_FACE('',(#14471),#14481,.T.);
#14471 = FACE_BOUND('',#14472,.T.);
#14472 = EDGE_LOOP('',(#14473,#14479,#14480));
#14473 = ORIENTED_EDGE('',*,*,#14474,.T.);
#14474 = EDGE_CURVE('',#4761,#12862,#14475,.T.);
#14475 = LINE('',#14476,#14477);
#14476 = CARTESIAN_POINT('',(116.01000213623,60.010101318359,-1.));
#14477 = VECTOR('',#14478,1.);
#14478 = DIRECTION('',(-0.707092810748,-0.707120751349,0.));
#14479 = ORIENTED_EDGE('',*,*,#14458,.F.);
#14480 = ORIENTED_EDGE('',*,*,#5596,.F.);
#14481 = PLANE('',#14482);
#14482 = AXIS2_PLACEMENT_3D('',#14483,#14484,#14485);
#14483 = CARTESIAN_POINT('',(114.75542811126,58.821897981609,-1.));
#14484 = DIRECTION('',(-0.,-0.,-1.));
#14485 = DIRECTION('',(-1.,0.,0.));
#14486 = ADVANCED_FACE('',(#14487),#14497,.T.);
#14487 = FACE_BOUND('',#14488,.T.);
#14488 = EDGE_LOOP('',(#14489,#14495,#14496));
#14489 = ORIENTED_EDGE('',*,*,#14490,.T.);
#14490 = EDGE_CURVE('',#4715,#12862,#14491,.T.);
#14491 = LINE('',#14492,#14493);
#14492 = CARTESIAN_POINT('',(116.14800262451,59.889301300049,-1.));
#14493 = VECTOR('',#14494,1.);
#14494 = DIRECTION('',(-0.742443263781,-0.669908949086,0.));
#14495 = ORIENTED_EDGE('',*,*,#14474,.F.);
#14496 = ORIENTED_EDGE('',*,*,#4760,.F.);
#14497 = PLANE('',#14498);
#14498 = AXIS2_PLACEMENT_3D('',#14499,#14500,#14501);
#14499 = CARTESIAN_POINT('',(114.82197902703,58.755554766663,-1.));
#14500 = DIRECTION('',(-0.,-0.,-1.));
#14501 = DIRECTION('',(-1.,0.,0.));
#14502 = ADVANCED_FACE('',(#14503),#14513,.T.);
#14503 = FACE_BOUND('',#14504,.T.);
#14504 = EDGE_LOOP('',(#14505,#14511,#14512));
#14505 = ORIENTED_EDGE('',*,*,#14506,.T.);
#14506 = EDGE_CURVE('',#4669,#12862,#14507,.T.);
#14507 = LINE('',#14508,#14509);
#14508 = CARTESIAN_POINT('',(116.30000305175,59.787601470947,-1.));
#14509 = VECTOR('',#14510,1.);
#14510 = DIRECTION('',(-0.774405785465,-0.632689243973,0.));
#14511 = ORIENTED_EDGE('',*,*,#14490,.F.);
#14512 = ORIENTED_EDGE('',*,*,#4714,.F.);
#14513 = PLANE('',#14514);
#14514 = AXIS2_PLACEMENT_3D('',#14515,#14516,#14517);
#14515 = CARTESIAN_POINT('',(114.89607458134,58.698089430126,-1.));
#14516 = DIRECTION('',(-0.,-0.,-1.));
#14517 = DIRECTION('',(-1.,0.,0.));
#14518 = ADVANCED_FACE('',(#14519),#14529,.T.);
#14519 = FACE_BOUND('',#14520,.T.);
#14520 = EDGE_LOOP('',(#14521,#14527,#14528));
#14521 = ORIENTED_EDGE('',*,*,#14522,.T.);
#14522 = EDGE_CURVE('',#4623,#12862,#14523,.T.);
#14523 = LINE('',#14524,#14525);
#14524 = CARTESIAN_POINT('',(116.4639968872,59.706600189209,-1.));
#14525 = VECTOR('',#14526,1.);
#14526 = DIRECTION('',(-0.802124973324,-0.597156199976,0.));
#14527 = ORIENTED_EDGE('',*,*,#14506,.F.);
#14528 = ORIENTED_EDGE('',*,*,#4668,.F.);
#14529 = PLANE('',#14530);
#14530 = AXIS2_PLACEMENT_3D('',#14531,#14532,#14533);
#14531 = CARTESIAN_POINT('',(114.97660680814,58.650759152761,-1.));
#14532 = DIRECTION('',(-0.,-0.,-1.));
#14533 = DIRECTION('',(-1.,0.,0.));
#14534 = ADVANCED_FACE('',(#14535),#14545,.T.);
#14535 = FACE_BOUND('',#14536,.T.);
#14536 = EDGE_LOOP('',(#14537,#14543,#14544));
#14537 = ORIENTED_EDGE('',*,*,#14538,.T.);
#14538 = EDGE_CURVE('',#4577,#12862,#14539,.T.);
#14539 = LINE('',#14540,#14541);
#14540 = CARTESIAN_POINT('',(116.63800048828,59.647701263428,-1.));
#14541 = VECTOR('',#14542,1.);
#14542 = DIRECTION('',(-0.825227798955,-0.564800035262,0.));
#14543 = ORIENTED_EDGE('',*,*,#14522,.F.);
#14544 = ORIENTED_EDGE('',*,*,#4622,.F.);
#14545 = PLANE('',#14546);
#14546 = AXIS2_PLACEMENT_3D('',#14547,#14548,#14549);
#14547 = CARTESIAN_POINT('',(115.06258979509,58.614402671404,-1.));
#14548 = DIRECTION('',(-0.,-0.,-1.));
#14549 = DIRECTION('',(-1.,0.,0.));
#14550 = ADVANCED_FACE('',(#14551),#14561,.T.);
#14551 = FACE_BOUND('',#14552,.T.);
#14552 = EDGE_LOOP('',(#14553,#14559,#14560));
#14553 = ORIENTED_EDGE('',*,*,#14554,.T.);
#14554 = EDGE_CURVE('',#4544,#12862,#14555,.T.);
#14555 = LINE('',#14556,#14557);
#14556 = CARTESIAN_POINT('',(116.81700134277,59.611999511719,-1.));
#14557 = VECTOR('',#14558,1.);
#14558 = DIRECTION('',(-0.843525488103,-0.537089146158,0.));
#14559 = ORIENTED_EDGE('',*,*,#14538,.F.);
#14560 = ORIENTED_EDGE('',*,*,#4576,.F.);
#14561 = PLANE('',#14562);
#14562 = AXIS2_PLACEMENT_3D('',#14563,#14564,#14565);
#14563 = CARTESIAN_POINT('',(115.15168670399,58.589329511848,-1.));
#14564 = DIRECTION('',(-0.,-0.,-1.));
#14565 = DIRECTION('',(-1.,0.,0.));
#14566 = ADVANCED_FACE('',(#14567),#14577,.T.);
#14567 = FACE_BOUND('',#14568,.T.);
#14568 = EDGE_LOOP('',(#14569,#14575,#14576));
#14569 = ORIENTED_EDGE('',*,*,#14570,.T.);
#14570 = EDGE_CURVE('',#6684,#12862,#14571,.T.);
#14571 = LINE('',#14572,#14573);
#14572 = CARTESIAN_POINT('',(117.,59.599998474121,-1.));
#14573 = VECTOR('',#14574,1.);
#14574 = DIRECTION('',(-0.857493090641,-0.514495480547,0.));
#14575 = ORIENTED_EDGE('',*,*,#14554,.F.);
#14576 = ORIENTED_EDGE('',*,*,#6727,.F.);
#14577 = PLANE('',#14578);
#14578 = AXIS2_PLACEMENT_3D('',#14579,#14580,#14581);
#14579 = CARTESIAN_POINT('',(115.24321146084,58.576502575476,-1.));
#14580 = DIRECTION('',(-0.,-0.,-1.));
#14581 = DIRECTION('',(-1.,0.,0.));
#14582 = ADVANCED_FACE('',(#14583),#14588,.T.);
#14583 = FACE_BOUND('',#14584,.T.);
#14584 = EDGE_LOOP('',(#14585,#14586,#14587));
#14585 = ORIENTED_EDGE('',*,*,#14363,.F.);
#14586 = ORIENTED_EDGE('',*,*,#14570,.F.);
#14587 = ORIENTED_EDGE('',*,*,#6683,.F.);
#14588 = PLANE('',#14589);
#14589 = AXIS2_PLACEMENT_3D('',#14590,#14591,#14592);
#14590 = CARTESIAN_POINT('',(115.33532657763,58.575747856178,-1.));
#14591 = DIRECTION('',(-0.,-0.,-1.));
#14592 = DIRECTION('',(-1.,0.,0.));
#14593 = ADVANCED_FACE('',(#14594),#14599,.T.);
#14594 = FACE_BOUND('',#14595,.T.);
#14595 = EDGE_LOOP('',(#14596,#14597,#14598));
#14596 = ORIENTED_EDGE('',*,*,#12977,.F.);
#14597 = ORIENTED_EDGE('',*,*,#13744,.F.);
#14598 = ORIENTED_EDGE('',*,*,#7959,.F.);
#14599 = PLANE('',#14600);
#14600 = AXIS2_PLACEMENT_3D('',#14601,#14602,#14603);
#14601 = CARTESIAN_POINT('',(177.41277650455,59.426183453867,-1.));
#14602 = DIRECTION('',(-0.,-0.,-1.));
#14603 = DIRECTION('',(-1.,0.,0.));
#14604 = ADVANCED_FACE('',(#14605),#14615,.T.);
#14605 = FACE_BOUND('',#14606,.T.);
#14606 = EDGE_LOOP('',(#14607,#14613,#14614));
#14607 = ORIENTED_EDGE('',*,*,#14608,.T.);
#14608 = EDGE_CURVE('',#1227,#7491,#14609,.T.);
#14609 = LINE('',#14610,#14611);
#14610 = CARTESIAN_POINT('',(176.38800048828,92.18270111084,-1.));
#14611 = VECTOR('',#14612,1.);
#14612 = DIRECTION('',(0.537054867033,0.843547313312,0.));
#14613 = ORIENTED_EDGE('',*,*,#12999,.F.);
#14614 = ORIENTED_EDGE('',*,*,#1281,.F.);
#14615 = PLANE('',#14616);
#14616 = AXIS2_PLACEMENT_3D('',#14617,#14618,#14619);
#14617 = CARTESIAN_POINT('',(177.42353343155,93.756776853108,-1.));
#14618 = DIRECTION('',(-0.,-0.,-1.));
#14619 = DIRECTION('',(-1.,0.,0.));
#14620 = ADVANCED_FACE('',(#14621),#14631,.T.);
#14621 = FACE_BOUND('',#14622,.T.);
#14622 = EDGE_LOOP('',(#14623,#14629,#14630));
#14623 = ORIENTED_EDGE('',*,*,#14624,.T.);
#14624 = EDGE_CURVE('',#1181,#7491,#14625,.T.);
#14625 = LINE('',#14626,#14627);
#14626 = CARTESIAN_POINT('',(176.35200500488,92.362396240234,-1.));
#14627 = VECTOR('',#14628,1.);
#14628 = DIRECTION('',(0.564901266979,0.825158505116,0.));
#14629 = ORIENTED_EDGE('',*,*,#14608,.F.);
#14630 = ORIENTED_EDGE('',*,*,#1235,.F.);
#14631 = PLANE('',#14632);
#14632 = AXIS2_PLACEMENT_3D('',#14633,#14634,#14635);
#14633 = CARTESIAN_POINT('',(177.4105002742,93.848186965315,-1.));
#14634 = DIRECTION('',(-0.,-0.,-1.));
#14635 = DIRECTION('',(-1.,0.,0.));
#14636 = ADVANCED_FACE('',(#14637),#14647,.T.);
#14637 = FACE_BOUND('',#14638,.T.);
#14638 = EDGE_LOOP('',(#14639,#14645,#14646));
#14639 = ORIENTED_EDGE('',*,*,#14640,.T.);
#14640 = EDGE_CURVE('',#1135,#7491,#14641,.T.);
#14641 = LINE('',#14642,#14643);
#14642 = CARTESIAN_POINT('',(176.29299926757,92.535797119141,-1.));
#14643 = VECTOR('',#14644,1.);
#14644 = DIRECTION('',(0.597199234679,0.80209293358,0.));
#14645 = ORIENTED_EDGE('',*,*,#14624,.F.);
#14646 = ORIENTED_EDGE('',*,*,#1189,.F.);
#14647 = PLANE('',#14648);
#14648 = AXIS2_PLACEMENT_3D('',#14649,#14650,#14651);
#14649 = CARTESIAN_POINT('',(177.3854939422,93.93756944355,-1.));
#14650 = DIRECTION('',(-0.,-0.,-1.));
#14651 = DIRECTION('',(-1.,0.,0.));
#14652 = ADVANCED_FACE('',(#14653),#14663,.T.);
#14653 = FACE_BOUND('',#14654,.T.);
#14654 = EDGE_LOOP('',(#14655,#14661,#14662));
#14655 = ORIENTED_EDGE('',*,*,#14656,.T.);
#14656 = EDGE_CURVE('',#1089,#7491,#14657,.T.);
#14657 = LINE('',#14658,#14659);
#14658 = CARTESIAN_POINT('',(176.21200561523,92.699996948242,-1.));
#14659 = VECTOR('',#14660,1.);
#14660 = DIRECTION('',(0.632754406779,0.774352542904,0.));
#14661 = ORIENTED_EDGE('',*,*,#14640,.F.);
#14662 = ORIENTED_EDGE('',*,*,#1143,.F.);
#14663 = PLANE('',#14664);
#14664 = AXIS2_PLACEMENT_3D('',#14665,#14666,#14667);
#14665 = CARTESIAN_POINT('',(177.34901388139,94.023308133111,-1.));
#14666 = DIRECTION('',(-0.,-0.,-1.));
#14667 = DIRECTION('',(-1.,0.,0.));
#14668 = ADVANCED_FACE('',(#14669),#14679,.T.);
#14669 = FACE_BOUND('',#14670,.T.);
#14670 = EDGE_LOOP('',(#14671,#14677,#14678));
#14671 = ORIENTED_EDGE('',*,*,#14672,.T.);
#14672 = EDGE_CURVE('',#1043,#7491,#14673,.T.);
#14673 = LINE('',#14674,#14675);
#14674 = CARTESIAN_POINT('',(176.11099243164,92.85230255127,-1.));
#14675 = VECTOR('',#14676,1.);
#14676 = DIRECTION('',(0.669906109553,0.742445825892,0.));
#14677 = ORIENTED_EDGE('',*,*,#14656,.F.);
#14678 = ORIENTED_EDGE('',*,*,#1097,.F.);
#14679 = PLANE('',#14680);
#14680 = AXIS2_PLACEMENT_3D('',#14681,#14682,#14683);
#14681 = CARTESIAN_POINT('',(177.30190525162,94.104021658815,-1.));
#14682 = DIRECTION('',(-0.,-0.,-1.));
#14683 = DIRECTION('',(-1.,0.,0.));
#14684 = ADVANCED_FACE('',(#14685),#14695,.T.);
#14685 = FACE_BOUND('',#14686,.T.);
#14686 = EDGE_LOOP('',(#14687,#14693,#14694));
#14687 = ORIENTED_EDGE('',*,*,#14688,.T.);
#14688 = EDGE_CURVE('',#1021,#7491,#14689,.T.);
#14689 = LINE('',#14690,#14691);
#14690 = CARTESIAN_POINT('',(175.99000549316,92.98999786377,-1.));
#14691 = VECTOR('',#14692,1.);
#14692 = DIRECTION('',(0.707105706524,0.707107855847,0.));
#14693 = ORIENTED_EDGE('',*,*,#14672,.F.);
#14694 = ORIENTED_EDGE('',*,*,#1051,.F.);
#14695 = PLANE('',#14696);
#14696 = AXIS2_PLACEMENT_3D('',#14697,#14698,#14699);
#14697 = CARTESIAN_POINT('',(177.24456182497,94.178117067541,-1.));
#14698 = DIRECTION('',(-0.,-0.,-1.));
#14699 = DIRECTION('',(-1.,0.,0.));
#14700 = ADVANCED_FACE('',(#14701),#14711,.T.);
#14701 = FACE_BOUND('',#14702,.T.);
#14702 = EDGE_LOOP('',(#14703,#14709,#14710));
#14703 = ORIENTED_EDGE('',*,*,#14704,.T.);
#14704 = EDGE_CURVE('',#975,#7491,#14705,.T.);
#14705 = LINE('',#14706,#14707);
#14706 = CARTESIAN_POINT('',(175.85200500488,93.110702514648,-1.));
#14707 = VECTOR('',#14708,1.);
#14708 = DIRECTION('',(0.742442835757,0.669909423455,0.));
#14709 = ORIENTED_EDGE('',*,*,#14688,.F.);
#14710 = ORIENTED_EDGE('',*,*,#1020,.F.);
#14711 = PLANE('',#14712);
#14712 = AXIS2_PLACEMENT_3D('',#14713,#14714,#14715);
#14713 = CARTESIAN_POINT('',(177.17803500724,94.244481773749,-1.));
#14714 = DIRECTION('',(-0.,-0.,-1.));
#14715 = DIRECTION('',(-1.,0.,0.));
#14716 = ADVANCED_FACE('',(#14717),#14727,.T.);
#14717 = FACE_BOUND('',#14718,.T.);
#14718 = EDGE_LOOP('',(#14719,#14725,#14726));
#14719 = ORIENTED_EDGE('',*,*,#14720,.T.);
#14720 = EDGE_CURVE('',#929,#7491,#14721,.T.);
#14721 = LINE('',#14722,#14723);
#14722 = CARTESIAN_POINT('',(175.69999694824,93.21240234375,-1.));
#14723 = VECTOR('',#14724,1.);
#14724 = DIRECTION('',(0.774406302392,0.632688611258,0.));
#14725 = ORIENTED_EDGE('',*,*,#14704,.F.);
#14726 = ORIENTED_EDGE('',*,*,#974,.F.);
#14727 = PLANE('',#14728);
#14728 = AXIS2_PLACEMENT_3D('',#14729,#14730,#14731);
#14729 = CARTESIAN_POINT('',(177.10392613822,94.301911521165,-1.));
#14730 = DIRECTION('',(-0.,-0.,-1.));
#14731 = DIRECTION('',(-1.,0.,0.));
#14732 = ADVANCED_FACE('',(#14733),#14743,.T.);
#14733 = FACE_BOUND('',#14734,.T.);
#14734 = EDGE_LOOP('',(#14735,#14741,#14742));
#14735 = ORIENTED_EDGE('',*,*,#14736,.T.);
#14736 = EDGE_CURVE('',#883,#7491,#14737,.T.);
#14737 = LINE('',#14738,#14739);
#14738 = CARTESIAN_POINT('',(175.53599548339,93.293403625488,-1.));
#14739 = VECTOR('',#14740,1.);
#14740 = DIRECTION('',(0.802126204066,0.597154546789,0.));
#14741 = ORIENTED_EDGE('',*,*,#14720,.F.);
#14742 = ORIENTED_EDGE('',*,*,#928,.F.);
#14743 = PLANE('',#14744);
#14744 = AXIS2_PLACEMENT_3D('',#14745,#14746,#14747);
#14745 = CARTESIAN_POINT('',(177.0233899074,94.349241822466,-1.));
#14746 = DIRECTION('',(-0.,-0.,-1.));
#14747 = DIRECTION('',(-1.,0.,0.));
#14748 = ADVANCED_FACE('',(#14749),#14759,.T.);
#14749 = FACE_BOUND('',#14750,.T.);
#14750 = EDGE_LOOP('',(#14751,#14757,#14758));
#14751 = ORIENTED_EDGE('',*,*,#14752,.T.);
#14752 = EDGE_CURVE('',#837,#7491,#14753,.T.);
#14753 = LINE('',#14754,#14755);
#14754 = CARTESIAN_POINT('',(175.36199951171,93.35230255127,-1.));
#14755 = VECTOR('',#14756,1.);
#14756 = DIRECTION('',(0.825228266528,0.564799352091,0.));
#14757 = ORIENTED_EDGE('',*,*,#14736,.F.);
#14758 = ORIENTED_EDGE('',*,*,#882,.F.);
#14759 = PLANE('',#14760);
#14760 = AXIS2_PLACEMENT_3D('',#14761,#14762,#14763);
#14761 = CARTESIAN_POINT('',(176.93740972099,94.385600275552,-1.));
#14762 = DIRECTION('',(-0.,-0.,-1.));
#14763 = DIRECTION('',(-1.,0.,0.));
#14764 = ADVANCED_FACE('',(#14765),#14775,.T.);
#14765 = FACE_BOUND('',#14766,.T.);
#14766 = EDGE_LOOP('',(#14767,#14773,#14774));
#14767 = ORIENTED_EDGE('',*,*,#14768,.T.);
#14768 = EDGE_CURVE('',#423,#7491,#14769,.T.);
#14769 = LINE('',#14770,#14771);
#14770 = CARTESIAN_POINT('',(175.18299865722,93.388000488281,-1.));
#14771 = VECTOR('',#14772,1.);
#14772 = DIRECTION('',(0.843525488103,0.537089146158,0.));
#14773 = ORIENTED_EDGE('',*,*,#14752,.F.);
#14774 = ORIENTED_EDGE('',*,*,#836,.F.);
#14775 = PLANE('',#14776);
#14776 = AXIS2_PLACEMENT_3D('',#14777,#14778,#14779);
#14777 = CARTESIAN_POINT('',(176.848313422,94.410671542029,-1.));
#14778 = DIRECTION('',(-0.,-0.,-1.));
#14779 = DIRECTION('',(-1.,0.,0.));
#14780 = ADVANCED_FACE('',(#14781),#14791,.T.);
#14781 = FACE_BOUND('',#14782,.T.);
#14782 = EDGE_LOOP('',(#14783,#14789,#14790));
#14783 = ORIENTED_EDGE('',*,*,#14784,.T.);
#14784 = EDGE_CURVE('',#377,#7491,#14785,.T.);
#14785 = LINE('',#14786,#14787);
#14786 = CARTESIAN_POINT('',(175.,93.400001525879,-1.));
#14787 = VECTOR('',#14788,1.);
#14788 = DIRECTION('',(0.857493090641,0.514495480547,0.));
#14789 = ORIENTED_EDGE('',*,*,#14768,.F.);
#14790 = ORIENTED_EDGE('',*,*,#422,.F.);
#14791 = PLANE('',#14792);
#14792 = AXIS2_PLACEMENT_3D('',#14793,#14794,#14795);
#14793 = CARTESIAN_POINT('',(176.75678853915,94.423497424524,-1.));
#14794 = DIRECTION('',(-0.,-0.,-1.));
#14795 = DIRECTION('',(-1.,0.,0.));
#14796 = ADVANCED_FACE('',(#14797),#14807,.T.);
#14797 = FACE_BOUND('',#14798,.T.);
#14798 = EDGE_LOOP('',(#14799,#14805,#14806));
#14799 = ORIENTED_EDGE('',*,*,#14800,.T.);
#14800 = EDGE_CURVE('',#331,#7491,#14801,.T.);
#14801 = LINE('',#14802,#14803);
#14802 = CARTESIAN_POINT('',(174.81700134277,93.388000488281,-1.));
#14803 = VECTOR('',#14804,1.);
#14804 = DIRECTION('',(0.867488388273,0.497457431558,0.));
#14805 = ORIENTED_EDGE('',*,*,#14784,.F.);
#14806 = ORIENTED_EDGE('',*,*,#376,.F.);
#14807 = PLANE('',#14808);
#14808 = AXIS2_PLACEMENT_3D('',#14809,#14810,#14811);
#14809 = CARTESIAN_POINT('',(176.66467342236,94.424252143822,-1.));
#14810 = DIRECTION('',(-0.,-0.,-1.));
#14811 = DIRECTION('',(-1.,0.,0.));
#14812 = ADVANCED_FACE('',(#14813),#14823,.T.);
#14813 = FACE_BOUND('',#14814,.T.);
#14814 = EDGE_LOOP('',(#14815,#14821,#14822));
#14815 = ORIENTED_EDGE('',*,*,#14816,.T.);
#14816 = EDGE_CURVE('',#285,#7491,#14817,.T.);
#14817 = LINE('',#14818,#14819);
#14818 = CARTESIAN_POINT('',(174.63800048828,93.35230255127,-1.));
#14819 = VECTOR('',#14820,1.);
#14820 = DIRECTION('',(0.873951402775,0.486013318323,0.));
#14821 = ORIENTED_EDGE('',*,*,#14800,.F.);
#14822 = ORIENTED_EDGE('',*,*,#330,.F.);
#14823 = PLANE('',#14824);
#14824 = AXIS2_PLACEMENT_3D('',#14825,#14826,#14827);
#14825 = CARTESIAN_POINT('',(176.57395789336,94.412930281324,-1.));
#14826 = DIRECTION('',(-0.,-0.,-1.));
#14827 = DIRECTION('',(-1.,0.,0.));
#14828 = ADVANCED_FACE('',(#14829),#14839,.T.);
#14829 = FACE_BOUND('',#14830,.T.);
#14830 = EDGE_LOOP('',(#14831,#14837,#14838));
#14831 = ORIENTED_EDGE('',*,*,#14832,.T.);
#14832 = EDGE_CURVE('',#239,#7491,#14833,.T.);
#14833 = LINE('',#14834,#14835);
#14834 = CARTESIAN_POINT('',(174.4640045166,93.293403625488,-1.));
#14835 = VECTOR('',#14836,1.);
#14836 = DIRECTION('',(0.877425007533,0.479713827355,0.));
#14837 = ORIENTED_EDGE('',*,*,#14816,.F.);
#14838 = ORIENTED_EDGE('',*,*,#284,.F.);
#14839 = PLANE('',#14840);
#14840 = AXIS2_PLACEMENT_3D('',#14841,#14842,#14843);
#14841 = CARTESIAN_POINT('',(176.48523298377,94.389407868281,-1.));
#14842 = DIRECTION('',(-0.,-0.,-1.));
#14843 = DIRECTION('',(-1.,0.,0.));
#14844 = ADVANCED_FACE('',(#14845),#14855,.T.);
#14845 = FACE_BOUND('',#14846,.T.);
#14846 = EDGE_LOOP('',(#14847,#14853,#14854));
#14847 = ORIENTED_EDGE('',*,*,#14848,.T.);
#14848 = EDGE_CURVE('',#147,#7491,#14849,.T.);
#14849 = LINE('',#14850,#14851);
#14850 = CARTESIAN_POINT('',(174.30000305175,93.21240234375,-1.));
#14851 = VECTOR('',#14852,1.);
#14852 = DIRECTION('',(0.878186335066,0.478318681324,0.));
#14853 = ORIENTED_EDGE('',*,*,#14832,.F.);
#14854 = ORIENTED_EDGE('',*,*,#238,.F.);
#14855 = PLANE('',#14856);
#14856 = AXIS2_PLACEMENT_3D('',#14857,#14858,#14859);
#14857 = CARTESIAN_POINT('',(176.4008449436,94.354579314485,-1.));
#14858 = DIRECTION('',(-0.,-0.,-1.));
#14859 = DIRECTION('',(-1.,0.,0.));
#14860 = ADVANCED_FACE('',(#14861),#14871,.T.);
#14861 = FACE_BOUND('',#14862,.T.);
#14862 = EDGE_LOOP('',(#14863,#14864,#14870));
#14863 = ORIENTED_EDGE('',*,*,#14022,.F.);
#14864 = ORIENTED_EDGE('',*,*,#14865,.T.);
#14865 = EDGE_CURVE('',#3527,#607,#14866,.T.);
#14866 = LINE('',#14867,#14868);
#14867 = CARTESIAN_POINT('',(118.40000152587,92.,-1.));
#14868 = VECTOR('',#14869,1.);
#14869 = DIRECTION('',(1.,0.,0.));
#14870 = ORIENTED_EDGE('',*,*,#660,.F.);
#14871 = PLANE('',#14872);
#14872 = AXIS2_PLACEMENT_3D('',#14873,#14874,#14875);
#14873 = CARTESIAN_POINT('',(146.04870018057,91.954244027305,-1.));
#14874 = DIRECTION('',(-0.,-0.,-1.));
#14875 = DIRECTION('',(-1.,0.,0.));
#14876 = ADVANCED_FACE('',(#14877),#14887,.T.);
#14877 = FACE_BOUND('',#14878,.T.);
#14878 = EDGE_LOOP('',(#14879,#14880,#14886));
#14879 = ORIENTED_EDGE('',*,*,#14865,.F.);
#14880 = ORIENTED_EDGE('',*,*,#14881,.T.);
#14881 = EDGE_CURVE('',#3527,#561,#14882,.T.);
#14882 = LINE('',#14883,#14884);
#14883 = CARTESIAN_POINT('',(118.40000152587,92.,-1.));
#14884 = VECTOR('',#14885,1.);
#14885 = DIRECTION('',(0.999994525028,3.309065370235E-03,0.));
#14886 = ORIENTED_EDGE('',*,*,#614,.F.);
#14887 = PLANE('',#14888);
#14888 = AXIS2_PLACEMENT_3D('',#14889,#14890,#14891);
#14889 = CARTESIAN_POINT('',(146.04870018057,92.045755972695,-1.));
#14890 = DIRECTION('',(-0.,-0.,-1.));
#14891 = DIRECTION('',(-1.,0.,0.));
#14892 = ADVANCED_FACE('',(#14893),#14903,.T.);
#14893 = FACE_BOUND('',#14894,.T.);
#14894 = EDGE_LOOP('',(#14895,#14901,#14902));
#14895 = ORIENTED_EDGE('',*,*,#14896,.T.);
#14896 = EDGE_CURVE('',#3481,#561,#14897,.T.);
#14897 = LINE('',#14898,#14899);
#14898 = CARTESIAN_POINT('',(118.38800048828,92.18270111084,-1.));
#14899 = VECTOR('',#14900,1.);
#14900 = DIRECTION('',(1.,0.,0.));
#14901 = ORIENTED_EDGE('',*,*,#14881,.F.);
#14902 = ORIENTED_EDGE('',*,*,#3535,.F.);
#14903 = PLANE('',#14904);
#14904 = AXIS2_PLACEMENT_3D('',#14905,#14906,#14907);
#14905 = CARTESIAN_POINT('',(145.95730212059,92.136955062864,-1.));
#14906 = DIRECTION('',(-0.,-0.,-1.));
#14907 = DIRECTION('',(-1.,0.,0.));
#14908 = ADVANCED_FACE('',(#14909),#14919,.T.);
#14909 = FACE_BOUND('',#14910,.T.);
#14910 = EDGE_LOOP('',(#14911,#14912,#14918));
#14911 = ORIENTED_EDGE('',*,*,#14896,.F.);
#14912 = ORIENTED_EDGE('',*,*,#14913,.T.);
#14913 = EDGE_CURVE('',#3481,#515,#14914,.T.);
#14914 = LINE('',#14915,#14916);
#14915 = CARTESIAN_POINT('',(118.38800048828,92.18270111084,-1.));
#14916 = VECTOR('',#14917,1.);
#14917 = DIRECTION('',(0.9999947129,3.251795099369E-03,0.));
#14918 = ORIENTED_EDGE('',*,*,#568,.F.);
#14919 = PLANE('',#14920);
#14920 = AXIS2_PLACEMENT_3D('',#14921,#14922,#14923);
#14921 = CARTESIAN_POINT('',(146.0547420479,92.227714017144,-1.));
#14922 = DIRECTION('',(-0.,-0.,-1.));
#14923 = DIRECTION('',(-1.,0.,0.));
#14924 = ADVANCED_FACE('',(#14925),#14935,.T.);
#14925 = FACE_BOUND('',#14926,.T.);
#14926 = EDGE_LOOP('',(#14927,#14933,#14934));
#14927 = ORIENTED_EDGE('',*,*,#14928,.T.);
#14928 = EDGE_CURVE('',#3435,#515,#14929,.T.);
#14929 = LINE('',#14930,#14931);
#14930 = CARTESIAN_POINT('',(118.35199737548,92.362396240234,-1.));
#14931 = VECTOR('',#14932,1.);
#14932 = DIRECTION('',(1.,0.,0.));
#14933 = ORIENTED_EDGE('',*,*,#14913,.F.);
#14934 = ORIENTED_EDGE('',*,*,#3489,.F.);
#14935 = PLANE('',#14936);
#14936 = AXIS2_PLACEMENT_3D('',#14937,#14938,#14939);
#14937 = CARTESIAN_POINT('',(145.96325341178,92.317412598984,-1.));
#14938 = DIRECTION('',(-0.,-0.,-1.));
#14939 = DIRECTION('',(-1.,0.,0.));
#14940 = ADVANCED_FACE('',(#14941),#14951,.T.);
#14941 = FACE_BOUND('',#14942,.T.);
#14942 = EDGE_LOOP('',(#14943,#14944,#14950));
#14943 = ORIENTED_EDGE('',*,*,#14928,.F.);
#14944 = ORIENTED_EDGE('',*,*,#14945,.T.);
#14945 = EDGE_CURVE('',#3435,#469,#14946,.T.);
#14946 = LINE('',#14947,#14948);
#14947 = CARTESIAN_POINT('',(118.35199737548,92.362396240234,-1.));
#14948 = VECTOR('',#14949,1.);
#14949 = DIRECTION('',(0.999995093683,3.132508673668E-03,0.));
#14950 = ORIENTED_EDGE('',*,*,#522,.F.);
#14951 = PLANE('',#14952);
#14952 = AXIS2_PLACEMENT_3D('',#14953,#14954,#14955);
#14953 = CARTESIAN_POINT('',(146.06047105703,92.405841285569,-1.));
#14954 = DIRECTION('',(-0.,-0.,-1.));
#14955 = DIRECTION('',(-1.,0.,0.));
#14956 = ADVANCED_FACE('',(#14957),#14967,.T.);
#14957 = FACE_BOUND('',#14958,.T.);
#14958 = EDGE_LOOP('',(#14959,#14965,#14966));
#14959 = ORIENTED_EDGE('',*,*,#14960,.T.);
#14960 = EDGE_CURVE('',#3389,#469,#14961,.T.);
#14961 = LINE('',#14962,#14963);
#14962 = CARTESIAN_POINT('',(118.29299926757,92.535797119141,-1.));
#14963 = VECTOR('',#14964,1.);
#14964 = DIRECTION('',(1.,0.,0.));
#14965 = ORIENTED_EDGE('',*,*,#14945,.F.);
#14966 = ORIENTED_EDGE('',*,*,#3443,.F.);
#14967 = PLANE('',#14968);
#14968 = AXIS2_PLACEMENT_3D('',#14969,#14970,#14971);
#14969 = CARTESIAN_POINT('',(145.96902670397,92.492398280891,-1.));
#14970 = DIRECTION('',(-0.,-0.,-1.));
#14971 = DIRECTION('',(-1.,0.,0.));
#14972 = ADVANCED_FACE('',(#14973),#14983,.T.);
#14973 = FACE_BOUND('',#14974,.T.);
#14974 = EDGE_LOOP('',(#14975,#14976,#14982));
#14975 = ORIENTED_EDGE('',*,*,#14960,.F.);
#14976 = ORIENTED_EDGE('',*,*,#14977,.T.);
#14977 = EDGE_CURVE('',#3389,#193,#14978,.T.);
#14978 = LINE('',#14979,#14980);
#14979 = CARTESIAN_POINT('',(118.29299926757,92.535797119141,-1.));
#14980 = VECTOR('',#14981,1.);
#14981 = DIRECTION('',(0.999995622714,2.958809348577E-03,0.));
#14982 = ORIENTED_EDGE('',*,*,#476,.F.);
#14983 = PLANE('',#14984);
#14984 = AXIS2_PLACEMENT_3D('',#14985,#14986,#14987);
#14985 = CARTESIAN_POINT('',(146.06595991548,92.576944747881,-1.));
#14986 = DIRECTION('',(-0.,-0.,-1.));
#14987 = DIRECTION('',(-1.,0.,0.));
#14988 = ADVANCED_FACE('',(#14989),#14999,.T.);
#14989 = FACE_BOUND('',#14990,.T.);
#14990 = EDGE_LOOP('',(#14991,#14997,#14998));
#14991 = ORIENTED_EDGE('',*,*,#14992,.T.);
#14992 = EDGE_CURVE('',#3343,#193,#14993,.T.);
#14993 = LINE('',#14994,#14995);
#14994 = CARTESIAN_POINT('',(118.21199798584,92.699996948242,-1.));
#14995 = VECTOR('',#14996,1.);
#14996 = DIRECTION('',(1.,0.,0.));
#14997 = ORIENTED_EDGE('',*,*,#14977,.F.);
#14998 = ORIENTED_EDGE('',*,*,#3397,.F.);
#14999 = PLANE('',#15000);
#15000 = AXIS2_PLACEMENT_3D('',#15001,#15002,#15003);
#15001 = CARTESIAN_POINT('',(145.97453415954,92.658909232401,-1.));
#15002 = DIRECTION('',(-0.,-0.,-1.));
#15003 = DIRECTION('',(-1.,0.,0.));
#15004 = ADVANCED_FACE('',(#15005),#15015,.T.);
#15005 = FACE_BOUND('',#15006,.T.);
#15006 = EDGE_LOOP('',(#15007,#15008,#15014));
#15007 = ORIENTED_EDGE('',*,*,#14992,.F.);
#15008 = ORIENTED_EDGE('',*,*,#15009,.T.);
#15009 = EDGE_CURVE('',#3343,#55,#15010,.T.);
#15010 = LINE('',#15011,#15012);
#15011 = CARTESIAN_POINT('',(118.21199798584,92.699996948242,-1.));
#15012 = VECTOR('',#15013,1.);
#15013 = DIRECTION('',(0.999996258485,2.735510299774E-03,0.));
#15014 = ORIENTED_EDGE('',*,*,#200,.F.);
#15015 = PLANE('',#15016);
#15016 = AXIS2_PLACEMENT_3D('',#15017,#15018,#15019);
#15017 = CARTESIAN_POINT('',(146.07088702051,92.738170381717,-1.));
#15018 = DIRECTION('',(-0.,-0.,-1.));
#15019 = DIRECTION('',(-1.,0.,0.));
#15020 = ADVANCED_FACE('',(#15021),#15031,.T.);
#15021 = FACE_BOUND('',#15022,.T.);
#15022 = EDGE_LOOP('',(#15023,#15029,#15030));
#15023 = ORIENTED_EDGE('',*,*,#15024,.T.);
#15024 = EDGE_CURVE('',#3297,#55,#15025,.T.);
#15025 = LINE('',#15026,#15027);
#15026 = CARTESIAN_POINT('',(118.11100006103,92.85230255127,-1.));
#15027 = VECTOR('',#15028,1.);
#15028 = DIRECTION('',(1.,0.,0.));
#15029 = ORIENTED_EDGE('',*,*,#15009,.F.);
#15030 = ORIENTED_EDGE('',*,*,#3351,.F.);
#15031 = PLANE('',#15032);
#15032 = AXIS2_PLACEMENT_3D('',#15033,#15034,#15035);
#15033 = CARTESIAN_POINT('',(145.97961786491,92.814198196241,-1.));
#15034 = DIRECTION('',(-0.,-0.,-1.));
#15035 = DIRECTION('',(-1.,0.,0.));
#15036 = ADVANCED_FACE('',(#15037),#15047,.T.);
#15037 = FACE_BOUND('',#15038,.T.);
#15038 = EDGE_LOOP('',(#15039,#15040,#15046));
#15039 = ORIENTED_EDGE('',*,*,#15024,.F.);
#15040 = ORIENTED_EDGE('',*,*,#15041,.T.);
#15041 = EDGE_CURVE('',#3297,#24,#15042,.T.);
#15042 = LINE('',#15043,#15044);
#15043 = CARTESIAN_POINT('',(118.11100006103,92.85230255127,-1.));
#15044 = VECTOR('',#15045,1.);
#15045 = DIRECTION('',(0.99999696612,2.46328035261E-03,0.));
#15046 = ORIENTED_EDGE('',*,*,#62,.F.);
#15047 = PLANE('',#15048);
#15048 = AXIS2_PLACEMENT_3D('',#15049,#15050,#15051);
#15049 = CARTESIAN_POINT('',(146.07603243432,92.886820071658,-1.));
#15050 = DIRECTION('',(-0.,-0.,-1.));
#15051 = DIRECTION('',(-1.,0.,0.));
#15052 = ADVANCED_FACE('',(#15053),#15063,.T.);
#15053 = FACE_BOUND('',#15054,.T.);
#15054 = EDGE_LOOP('',(#15055,#15061,#15062));
#15055 = ORIENTED_EDGE('',*,*,#15056,.T.);
#15056 = EDGE_CURVE('',#3275,#24,#15057,.T.);
#15057 = LINE('',#15058,#15059);
#15058 = CARTESIAN_POINT('',(117.98999786377,92.98999786377,-1.));
#15059 = VECTOR('',#15060,1.);
#15060 = DIRECTION('',(1.,0.,0.));
#15061 = ORIENTED_EDGE('',*,*,#15041,.F.);
#15062 = ORIENTED_EDGE('',*,*,#3305,.F.);
#15063 = PLANE('',#15064);
#15064 = AXIS2_PLACEMENT_3D('',#15065,#15066,#15067);
#15065 = CARTESIAN_POINT('',(145.98446233159,92.955554851278,-1.));
#15066 = DIRECTION('',(-0.,-0.,-1.));
#15067 = DIRECTION('',(-1.,0.,0.));
#15068 = ADVANCED_FACE('',(#15069),#15079,.T.);
#15069 = FACE_BOUND('',#15070,.T.);
#15070 = EDGE_LOOP('',(#15071,#15072,#15078));
#15071 = ORIENTED_EDGE('',*,*,#15056,.F.);
#15072 = ORIENTED_EDGE('',*,*,#15073,.T.);
#15073 = EDGE_CURVE('',#3275,#101,#15074,.T.);
#15074 = LINE('',#15075,#15076);
#15075 = CARTESIAN_POINT('',(117.98999786377,92.98999786377,-1.));
#15076 = VECTOR('',#15077,1.);
#15077 = DIRECTION('',(0.999997690099,2.149371028686E-03,0.));
#15078 = ORIENTED_EDGE('',*,*,#100,.F.);
#15079 = PLANE('',#15080);
#15080 = AXIS2_PLACEMENT_3D('',#15081,#15082,#15083);
#15081 = CARTESIAN_POINT('',(146.08029900829,93.020260361722,-1.));
#15082 = DIRECTION('',(-0.,-0.,-1.));
#15083 = DIRECTION('',(-1.,0.,0.));
#15084 = ADVANCED_FACE('',(#15085),#15095,.T.);
#15085 = FACE_BOUND('',#15086,.T.);
#15086 = EDGE_LOOP('',(#15087,#15093,#15094));
#15087 = ORIENTED_EDGE('',*,*,#15088,.T.);
#15088 = EDGE_CURVE('',#3229,#101,#15089,.T.);
#15089 = LINE('',#15090,#15091);
#15090 = CARTESIAN_POINT('',(117.85199737548,93.110702514648,-1.));
#15091 = VECTOR('',#15092,1.);
#15092 = DIRECTION('',(1.,0.,0.));
#15093 = ORIENTED_EDGE('',*,*,#15073,.F.);
#15094 = ORIENTED_EDGE('',*,*,#3274,.F.);
#15095 = PLANE('',#15096);
#15096 = AXIS2_PLACEMENT_3D('',#15097,#15098,#15099);
#15097 = CARTESIAN_POINT('',(145.98869360645,93.080514170345,-1.));
#15098 = DIRECTION('',(-0.,-0.,-1.));
#15099 = DIRECTION('',(-1.,0.,0.));
#15100 = ADVANCED_FACE('',(#15101),#15111,.T.);
#15101 = FACE_BOUND('',#15102,.T.);
#15102 = EDGE_LOOP('',(#15103,#15104,#15110));
#15103 = ORIENTED_EDGE('',*,*,#15088,.F.);
#15104 = ORIENTED_EDGE('',*,*,#15105,.T.);
#15105 = EDGE_CURVE('',#3229,#147,#15106,.T.);
#15106 = LINE('',#15107,#15108);
#15107 = CARTESIAN_POINT('',(117.85199737548,93.110702514648,-1.));
#15108 = VECTOR('',#15109,1.);
#15109 = DIRECTION('',(0.999998377024,1.801652030515E-03,0.));
#15110 = ORIENTED_EDGE('',*,*,#146,.F.);
#15111 = PLANE('',#15112);
#15112 = AXIS2_PLACEMENT_3D('',#15113,#15114,#15115);
#15113 = CARTESIAN_POINT('',(146.08369817354,93.136202893546,-1.));
#15114 = DIRECTION('',(-0.,-0.,-1.));
#15115 = DIRECTION('',(-1.,0.,0.));
#15116 = ADVANCED_FACE('',(#15117),#15127,.T.);
#15117 = FACE_BOUND('',#15118,.T.);
#15118 = EDGE_LOOP('',(#15119,#15125,#15126));
#15119 = ORIENTED_EDGE('',*,*,#15120,.T.);
#15120 = EDGE_CURVE('',#3183,#147,#15121,.T.);
#15121 = LINE('',#15122,#15123);
#15122 = CARTESIAN_POINT('',(117.69999694824,93.21240234375,-1.));
#15123 = VECTOR('',#15124,1.);
#15124 = DIRECTION('',(1.,0.,0.));
#15125 = ORIENTED_EDGE('',*,*,#15105,.F.);
#15126 = ORIENTED_EDGE('',*,*,#3228,.F.);
#15127 = PLANE('',#15128);
#15128 = AXIS2_PLACEMENT_3D('',#15129,#15130,#15131);
#15129 = CARTESIAN_POINT('',(145.99230171798,93.186970431024,-1.));
#15130 = DIRECTION('',(-0.,-0.,-1.));
#15131 = DIRECTION('',(-1.,0.,0.));
#15132 = ADVANCED_FACE('',(#15133),#15143,.T.);
#15133 = FACE_BOUND('',#15134,.T.);
#15134 = EDGE_LOOP('',(#15135,#15136,#15142));
#15135 = ORIENTED_EDGE('',*,*,#15120,.F.);
#15136 = ORIENTED_EDGE('',*,*,#15137,.T.);
#15137 = EDGE_CURVE('',#3183,#7491,#15138,.T.);
#15138 = LINE('',#15139,#15140);
#15139 = CARTESIAN_POINT('',(117.69999694824,93.21240234375,-1.));
#15140 = VECTOR('',#15141,1.);
#15141 = DIRECTION('',(0.999292931835,3.759835615183E-02,0.));
#15142 = ORIENTED_EDGE('',*,*,#14848,.F.);
#15143 = PLANE('',#15144);
#15144 = AXIS2_PLACEMENT_3D('',#15145,#15146,#15147);
#15145 = CARTESIAN_POINT('',(148.23488935126,93.82653295681,-1.));
#15146 = DIRECTION('',(-0.,-0.,-1.));
#15147 = DIRECTION('',(-1.,0.,0.));
#15148 = ADVANCED_FACE('',(#15149),#15159,.T.);
#15149 = FACE_BOUND('',#15150,.T.);
#15150 = EDGE_LOOP('',(#15151,#15157,#15158));
#15151 = ORIENTED_EDGE('',*,*,#15152,.T.);
#15152 = EDGE_CURVE('',#3137,#7491,#15153,.T.);
#15153 = LINE('',#15154,#15155);
#15154 = CARTESIAN_POINT('',(117.53600311279,93.293403625488,-1.));
#15155 = VECTOR('',#15156,1.);
#15156 = DIRECTION('',(0.999345601229,3.617138791993E-02,0.));
#15157 = ORIENTED_EDGE('',*,*,#15137,.F.);
#15158 = ORIENTED_EDGE('',*,*,#3182,.F.);
#15159 = PLANE('',#15160);
#15160 = AXIS2_PLACEMENT_3D('',#15161,#15162,#15163);
#15161 = CARTESIAN_POINT('',(148.01331868094,94.374794132382,-1.));
#15162 = DIRECTION('',(-0.,-0.,-1.));
#15163 = DIRECTION('',(-1.,0.,0.));
#15164 = ADVANCED_FACE('',(#15165),#15180,.T.);
#15165 = FACE_BOUND('',#15166,.T.);
#15166 = EDGE_LOOP('',(#15167,#15173,#15174));
#15167 = ORIENTED_EDGE('',*,*,#15168,.T.);
#15168 = EDGE_CURVE('',#12917,#3137,#15169,.T.);
#15169 = LINE('',#15170,#15171);
#15170 = CARTESIAN_POINT('',(113.5,95.5,-1.));
#15171 = VECTOR('',#15172,1.);
#15172 = DIRECTION('',(0.877425389225,-0.479713129217,0.));
#15173 = ORIENTED_EDGE('',*,*,#3136,.F.);
#15174 = ORIENTED_EDGE('',*,*,#15175,.T.);
#15175 = EDGE_CURVE('',#3091,#12917,#15176,.T.);
#15176 = LINE('',#15177,#15178);
#15177 = CARTESIAN_POINT('',(117.36199951171,93.35230255127,-1.));
#15178 = VECTOR('',#15179,1.);
#15179 = DIRECTION('',(-0.873951402775,0.486013318323,0.));
#15180 = PLANE('',#15181);
#15181 = AXIS2_PLACEMENT_3D('',#15182,#15183,#15184);
#15182 = CARTESIAN_POINT('',(115.51477052039,94.389407036038,-1.));
#15183 = DIRECTION('',(-0.,-0.,-1.));
#15184 = DIRECTION('',(-1.,0.,0.));
#15185 = ADVANCED_FACE('',(#15186),#15196,.T.);
#15186 = FACE_BOUND('',#15187,.T.);
#15187 = EDGE_LOOP('',(#15188,#15189,#15190));
#15188 = ORIENTED_EDGE('',*,*,#15175,.F.);
#15189 = ORIENTED_EDGE('',*,*,#3090,.F.);
#15190 = ORIENTED_EDGE('',*,*,#15191,.T.);
#15191 = EDGE_CURVE('',#2677,#12917,#15192,.T.);
#15192 = LINE('',#15193,#15194);
#15193 = CARTESIAN_POINT('',(117.18299865722,93.388000488281,-1.));
#15194 = VECTOR('',#15195,1.);
#15195 = DIRECTION('',(-0.867488388273,0.497457431558,0.));
#15196 = PLANE('',#15197);
#15197 = AXIS2_PLACEMENT_3D('',#15198,#15199,#15200);
#15198 = CARTESIAN_POINT('',(115.42604210663,94.412930281324,-1.));
#15199 = DIRECTION('',(-0.,-0.,-1.));
#15200 = DIRECTION('',(-1.,0.,0.));
#15201 = ADVANCED_FACE('',(#15202),#15212,.T.);
#15202 = FACE_BOUND('',#15203,.T.);
#15203 = EDGE_LOOP('',(#15204,#15205,#15206));
#15204 = ORIENTED_EDGE('',*,*,#15191,.F.);
#15205 = ORIENTED_EDGE('',*,*,#2676,.F.);
#15206 = ORIENTED_EDGE('',*,*,#15207,.T.);
#15207 = EDGE_CURVE('',#2631,#12917,#15208,.T.);
#15208 = LINE('',#15209,#15210);
#15209 = CARTESIAN_POINT('',(117.,93.400001525879,-1.));
#15210 = VECTOR('',#15211,1.);
#15211 = DIRECTION('',(-0.857493090641,0.514495480547,0.));
#15212 = PLANE('',#15213);
#15213 = AXIS2_PLACEMENT_3D('',#15214,#15215,#15216);
#15214 = CARTESIAN_POINT('',(115.33532657763,94.424252143822,-1.));
#15215 = DIRECTION('',(-0.,-0.,-1.));
#15216 = DIRECTION('',(-1.,0.,0.));
#15217 = ADVANCED_FACE('',(#15218),#15228,.T.);
#15218 = FACE_BOUND('',#15219,.T.);
#15219 = EDGE_LOOP('',(#15220,#15221,#15227));
#15220 = ORIENTED_EDGE('',*,*,#15168,.F.);
#15221 = ORIENTED_EDGE('',*,*,#15222,.T.);
#15222 = EDGE_CURVE('',#12917,#7491,#15223,.T.);
#15223 = LINE('',#15224,#15225);
#15224 = CARTESIAN_POINT('',(113.5,95.5,-1.));
#15225 = VECTOR('',#15226,1.);
#15226 = DIRECTION('',(1.,0.,0.));
#15227 = ORIENTED_EDGE('',*,*,#15152,.F.);
#15228 = PLANE('',#15229);
#15229 = AXIS2_PLACEMENT_3D('',#15230,#15231,#15232);
#15230 = CARTESIAN_POINT('',(145.86902478692,94.945800795113,-1.));
#15231 = DIRECTION('',(-0.,-0.,-1.));
#15232 = DIRECTION('',(-1.,0.,0.));
#15233 = ADVANCED_FACE('',(#15234),#15244,.T.);
#15234 = FACE_BOUND('',#15235,.T.);
#15235 = EDGE_LOOP('',(#15236,#15242,#15243));
#15236 = ORIENTED_EDGE('',*,*,#15237,.T.);
#15237 = EDGE_CURVE('',#2585,#12917,#15238,.T.);
#15238 = LINE('',#15239,#15240);
#15239 = CARTESIAN_POINT('',(116.81700134277,93.388000488281,-1.));
#15240 = VECTOR('',#15241,1.);
#15241 = DIRECTION('',(-0.843525488103,0.537089146158,0.));
#15242 = ORIENTED_EDGE('',*,*,#15207,.F.);
#15243 = ORIENTED_EDGE('',*,*,#2630,.F.);
#15244 = PLANE('',#15245);
#15245 = AXIS2_PLACEMENT_3D('',#15246,#15247,#15248);
#15246 = CARTESIAN_POINT('',(115.24321146084,94.423497424524,-1.));
#15247 = DIRECTION('',(-0.,-0.,-1.));
#15248 = DIRECTION('',(-1.,0.,0.));
#15249 = ADVANCED_FACE('',(#15250),#15260,.T.);
#15250 = FACE_BOUND('',#15251,.T.);
#15251 = EDGE_LOOP('',(#15252,#15258,#15259));
#15252 = ORIENTED_EDGE('',*,*,#15253,.T.);
#15253 = EDGE_CURVE('',#2539,#12917,#15254,.T.);
#15254 = LINE('',#15255,#15256);
#15255 = CARTESIAN_POINT('',(116.63800048828,93.35230255127,-1.));
#15256 = VECTOR('',#15257,1.);
#15257 = DIRECTION('',(-0.825228266528,0.564799352091,0.));
#15258 = ORIENTED_EDGE('',*,*,#15237,.F.);
#15259 = ORIENTED_EDGE('',*,*,#2584,.F.);
#15260 = PLANE('',#15261);
#15261 = AXIS2_PLACEMENT_3D('',#15262,#15263,#15264);
#15262 = CARTESIAN_POINT('',(115.15168657799,94.410671542029,-1.));
#15263 = DIRECTION('',(-0.,-0.,-1.));
#15264 = DIRECTION('',(-1.,0.,0.));
#15265 = ADVANCED_FACE('',(#15266),#15276,.T.);
#15266 = FACE_BOUND('',#15267,.T.);
#15267 = EDGE_LOOP('',(#15268,#15274,#15275));
#15268 = ORIENTED_EDGE('',*,*,#15269,.T.);
#15269 = EDGE_CURVE('',#2493,#12917,#15270,.T.);
#15270 = LINE('',#15271,#15272);
#15271 = CARTESIAN_POINT('',(116.4639968872,93.293403625488,-1.));
#15272 = VECTOR('',#15273,1.);
#15273 = DIRECTION('',(-0.80212546781,0.597155535761,0.));
#15274 = ORIENTED_EDGE('',*,*,#15253,.F.);
#15275 = ORIENTED_EDGE('',*,*,#2538,.F.);
#15276 = PLANE('',#15277);
#15277 = AXIS2_PLACEMENT_3D('',#15278,#15279,#15280);
#15278 = CARTESIAN_POINT('',(115.06258981719,94.385599266892,-1.));
#15279 = DIRECTION('',(-0.,-0.,-1.));
#15280 = DIRECTION('',(-1.,0.,0.));
#15281 = ADVANCED_FACE('',(#15282),#15292,.T.);
#15282 = FACE_BOUND('',#15283,.T.);
#15283 = EDGE_LOOP('',(#15284,#15290,#15291));
#15284 = ORIENTED_EDGE('',*,*,#15285,.T.);
#15285 = EDGE_CURVE('',#2401,#12917,#15286,.T.);
#15286 = LINE('',#15287,#15288);
#15287 = CARTESIAN_POINT('',(116.30000305175,93.21240234375,-1.));
#15288 = VECTOR('',#15289,1.);
#15289 = DIRECTION('',(-0.774406302392,0.632688611258,0.));
#15290 = ORIENTED_EDGE('',*,*,#15269,.F.);
#15291 = ORIENTED_EDGE('',*,*,#2492,.F.);
#15292 = PLANE('',#15293);
#15293 = AXIS2_PLACEMENT_3D('',#15294,#15295,#15296);
#15294 = CARTESIAN_POINT('',(114.97660683117,94.349242784475,-1.));
#15295 = DIRECTION('',(-0.,-0.,-1.));
#15296 = DIRECTION('',(-1.,0.,0.));
#15297 = ADVANCED_FACE('',(#15298),#15308,.T.);
#15298 = FACE_BOUND('',#15299,.T.);
#15299 = EDGE_LOOP('',(#15300,#15306,#15307));
#15300 = ORIENTED_EDGE('',*,*,#15301,.T.);
#15301 = EDGE_CURVE('',#2355,#12917,#15302,.T.);
#15302 = LINE('',#15303,#15304);
#15303 = CARTESIAN_POINT('',(116.14800262451,93.110702514648,-1.));
#15304 = VECTOR('',#15305,1.);
#15305 = DIRECTION('',(-0.742443795747,0.669908359521,0.));
#15306 = ORIENTED_EDGE('',*,*,#15285,.F.);
#15307 = ORIENTED_EDGE('',*,*,#2400,.F.);
#15308 = PLANE('',#15309);
#15309 = AXIS2_PLACEMENT_3D('',#15310,#15311,#15312);
#15310 = CARTESIAN_POINT('',(114.89607460506,94.301912505601,-1.));
#15311 = DIRECTION('',(-0.,-0.,-1.));
#15312 = DIRECTION('',(-1.,0.,0.));
#15313 = ADVANCED_FACE('',(#15314),#15324,.T.);
#15314 = FACE_BOUND('',#15315,.T.);
#15315 = EDGE_LOOP('',(#15316,#15322,#15323));
#15316 = ORIENTED_EDGE('',*,*,#15317,.T.);
#15317 = EDGE_CURVE('',#2278,#12917,#15318,.T.);
#15318 = LINE('',#15319,#15320);
#15319 = CARTESIAN_POINT('',(116.01000213623,92.98999786377,-1.));
#15320 = VECTOR('',#15321,1.);
#15321 = DIRECTION('',(-0.707106781187,0.707106781187,0.));
#15322 = ORIENTED_EDGE('',*,*,#15301,.F.);
#15323 = ORIENTED_EDGE('',*,*,#2354,.F.);
#15324 = PLANE('',#15325);
#15325 = AXIS2_PLACEMENT_3D('',#15326,#15327,#15328);
#15326 = CARTESIAN_POINT('',(114.82196885535,94.244481821365,-1.));
#15327 = DIRECTION('',(-0.,-0.,-1.));
#15328 = DIRECTION('',(-1.,0.,0.));
#15329 = ADVANCED_FACE('',(#15330),#15340,.T.);
#15330 = FACE_BOUND('',#15331,.T.);
#15331 = EDGE_LOOP('',(#15332,#15338,#15339));
#15332 = ORIENTED_EDGE('',*,*,#15333,.T.);
#15333 = EDGE_CURVE('',#2309,#12917,#15334,.T.);
#15334 = LINE('',#15335,#15336);
#15335 = CARTESIAN_POINT('',(115.88899993896,92.85230255127,-1.));
#15336 = VECTOR('',#15337,1.);
#15337 = DIRECTION('',(-0.669904930273,0.74244688995,0.));
#15338 = ORIENTED_EDGE('',*,*,#15317,.F.);
#15339 = ORIENTED_EDGE('',*,*,#2316,.F.);
#15340 = PLANE('',#15341);
#15341 = AXIS2_PLACEMENT_3D('',#15342,#15343,#15344);
#15342 = CARTESIAN_POINT('',(114.75543985642,94.17811538387,-1.));
#15343 = DIRECTION('',(-0.,-0.,-1.));
#15344 = DIRECTION('',(-1.,0.,0.));
#15345 = ADVANCED_FACE('',(#15346),#15356,.T.);
#15346 = FACE_BOUND('',#15347,.T.);
#15347 = EDGE_LOOP('',(#15348,#15354,#15355));
#15348 = ORIENTED_EDGE('',*,*,#15349,.T.);
#15349 = EDGE_CURVE('',#2447,#12917,#15350,.T.);
#15350 = LINE('',#15351,#15352);
#15351 = CARTESIAN_POINT('',(115.78800201416,92.699996948242,-1.));
#15352 = VECTOR('',#15353,1.);
#15353 = DIRECTION('',(-0.632755671943,0.774351509086,0.));
#15354 = ORIENTED_EDGE('',*,*,#15333,.F.);
#15355 = ORIENTED_EDGE('',*,*,#2454,.F.);
#15356 = PLANE('',#15357);
#15357 = AXIS2_PLACEMENT_3D('',#15358,#15359,#15360);
#15358 = CARTESIAN_POINT('',(114.69809343533,94.104023126633,-1.));
#15359 = DIRECTION('',(-0.,-0.,-1.));
#15360 = DIRECTION('',(-1.,0.,0.));
#15361 = ADVANCED_FACE('',(#15362),#15372,.T.);
#15362 = FACE_BOUND('',#15363,.T.);
#15363 = EDGE_LOOP('',(#15364,#15370,#15371));
#15364 = ORIENTED_EDGE('',*,*,#15365,.T.);
#15365 = EDGE_CURVE('',#2723,#12917,#15366,.T.);
#15366 = LINE('',#15367,#15368);
#15367 = CARTESIAN_POINT('',(115.70700073242,92.535797119141,-1.));
#15368 = VECTOR('',#15369,1.);
#15369 = DIRECTION('',(-0.597199234679,0.80209293358,0.));
#15370 = ORIENTED_EDGE('',*,*,#15349,.F.);
#15371 = ORIENTED_EDGE('',*,*,#2730,.F.);
#15372 = PLANE('',#15373);
#15373 = AXIS2_PLACEMENT_3D('',#15374,#15375,#15376);
#15374 = CARTESIAN_POINT('',(114.65098854159,94.023307549588,-1.));
#15375 = DIRECTION('',(-0.,-0.,-1.));
#15376 = DIRECTION('',(-1.,0.,0.));
#15377 = ADVANCED_FACE('',(#15378),#15388,.T.);
#15378 = FACE_BOUND('',#15379,.T.);
#15379 = EDGE_LOOP('',(#15380,#15386,#15387));
#15380 = ORIENTED_EDGE('',*,*,#15381,.T.);
#15381 = EDGE_CURVE('',#2769,#12917,#15382,.T.);
#15382 = LINE('',#15383,#15384);
#15383 = CARTESIAN_POINT('',(115.64800262451,92.362396240234,-1.));
#15384 = VECTOR('',#15385,1.);
#15385 = DIRECTION('',(-0.564902633144,0.825157569841,0.));
#15386 = ORIENTED_EDGE('',*,*,#15365,.F.);
#15387 = ORIENTED_EDGE('',*,*,#2776,.F.);
#15388 = PLANE('',#15389);
#15389 = AXIS2_PLACEMENT_3D('',#15390,#15391,#15392);
#15390 = CARTESIAN_POINT('',(114.61450767432,93.937569916218,-1.));
#15391 = DIRECTION('',(-0.,-0.,-1.));
#15392 = DIRECTION('',(-1.,0.,0.));
#15393 = ADVANCED_FACE('',(#15394),#15404,.T.);
#15394 = FACE_BOUND('',#15395,.T.);
#15395 = EDGE_LOOP('',(#15396,#15402,#15403));
#15396 = ORIENTED_EDGE('',*,*,#15397,.T.);
#15397 = EDGE_CURVE('',#2815,#12917,#15398,.T.);
#15398 = LINE('',#15399,#15400);
#15399 = CARTESIAN_POINT('',(115.61199951171,92.18270111084,-1.));
#15400 = VECTOR('',#15401,1.);
#15401 = DIRECTION('',(-0.537054867033,0.843547313312,0.));
#15402 = ORIENTED_EDGE('',*,*,#15381,.F.);
#15403 = ORIENTED_EDGE('',*,*,#2822,.F.);
#15404 = PLANE('',#15405);
#15405 = AXIS2_PLACEMENT_3D('',#15406,#15407,#15408);
#15406 = CARTESIAN_POINT('',(114.58950183443,93.848186712282,-1.));
#15407 = DIRECTION('',(-0.,-0.,-1.));
#15408 = DIRECTION('',(-1.,0.,0.));
#15409 = ADVANCED_FACE('',(#15410),#15420,.T.);
#15410 = FACE_BOUND('',#15411,.T.);
#15411 = EDGE_LOOP('',(#15412,#15418,#15419));
#15412 = ORIENTED_EDGE('',*,*,#15413,.T.);
#15413 = EDGE_CURVE('',#2861,#12917,#15414,.T.);
#15414 = LINE('',#15415,#15416);
#15415 = CARTESIAN_POINT('',(115.59999847412,92.,-1.));
#15416 = VECTOR('',#15417,1.);
#15417 = DIRECTION('',(-0.514495480547,0.857493090641,0.));
#15418 = ORIENTED_EDGE('',*,*,#15397,.F.);
#15419 = ORIENTED_EDGE('',*,*,#2868,.F.);
#15420 = PLANE('',#15421);
#15421 = AXIS2_PLACEMENT_3D('',#15422,#15423,#15424);
#15422 = CARTESIAN_POINT('',(114.57646465925,93.756776754787,-1.));
#15423 = DIRECTION('',(-0.,-0.,-1.));
#15424 = DIRECTION('',(-1.,0.,0.));
#15425 = ADVANCED_FACE('',(#15426),#15431,.T.);
#15426 = FACE_BOUND('',#15427,.T.);
#15427 = EDGE_LOOP('',(#15428,#15429,#15430));
#15428 = ORIENTED_EDGE('',*,*,#14379,.F.);
#15429 = ORIENTED_EDGE('',*,*,#15413,.F.);
#15430 = ORIENTED_EDGE('',*,*,#2914,.F.);
#15431 = PLANE('',#15432);
#15432 = AXIS2_PLACEMENT_3D('',#15433,#15434,#15435);
#15433 = CARTESIAN_POINT('',(114.57571251083,93.664812298113,-1.));
#15434 = DIRECTION('',(-0.,-0.,-1.));
#15435 = DIRECTION('',(-1.,0.,0.));
#15436 = ADVANCED_FACE('',(#15437),#15452,.T.);
#15437 = FACE_BOUND('',#15438,.T.);
#15438 = EDGE_LOOP('',(#15439,#15445,#15451));
#15439 = ORIENTED_EDGE('',*,*,#15440,.T.);
#15440 = EDGE_CURVE('',#12862,#7335,#15441,.T.);
#15441 = LINE('',#15442,#15443);
#15442 = CARTESIAN_POINT('',(113.5,57.5,-1.));
#15443 = VECTOR('',#15444,1.);
#15444 = DIRECTION('',(0.,0.998617829333,5.255883312276E-02));
#15445 = ORIENTED_EDGE('',*,*,#15446,.T.);
#15446 = EDGE_CURVE('',#7335,#12917,#15447,.T.);
#15447 = LINE('',#15448,#15449);
#15448 = CARTESIAN_POINT('',(113.5,95.5,1.));
#15449 = VECTOR('',#15450,1.);
#15450 = DIRECTION('',(0.,0.,-1.));
#15451 = ORIENTED_EDGE('',*,*,#12925,.F.);
#15452 = PLANE('',#15453);
#15453 = AXIS2_PLACEMENT_3D('',#15454,#15455,#15456);
#15454 = CARTESIAN_POINT('',(113.5,76.98685120478,-0.48685120478));
#15455 = DIRECTION('',(-1.,4.56794463782E-31,-5.687659834181E-30));
#15456 = DIRECTION('',(5.687659834181E-30,0.,-1.));
#15457 = ADVANCED_FACE('',(#15458),#15468,.T.);
#15458 = FACE_BOUND('',#15459,.T.);
#15459 = EDGE_LOOP('',(#15460,#15461,#15467));
#15460 = ORIENTED_EDGE('',*,*,#15440,.F.);
#15461 = ORIENTED_EDGE('',*,*,#15462,.T.);
#15462 = EDGE_CURVE('',#12862,#7390,#15463,.T.);
#15463 = LINE('',#15464,#15465);
#15464 = CARTESIAN_POINT('',(113.5,57.5,-1.));
#15465 = VECTOR('',#15466,1.);
#15466 = DIRECTION('',(0.,0.,1.));
#15467 = ORIENTED_EDGE('',*,*,#7398,.F.);
#15468 = PLANE('',#15469);
#15469 = AXIS2_PLACEMENT_3D('',#15470,#15471,#15472);
#15470 = CARTESIAN_POINT('',(113.5,76.01314879522,0.48685120478));
#15471 = DIRECTION('',(-1.,3.552845829416E-31,-4.423735426585E-30));
#15472 = DIRECTION('',(4.423735426585E-30,0.,-1.));
#15473 = ADVANCED_FACE('',(#15474),#15484,.T.);
#15474 = FACE_BOUND('',#15475,.T.);
#15475 = EDGE_LOOP('',(#15476,#15482,#15483));
#15476 = ORIENTED_EDGE('',*,*,#15477,.T.);
#15477 = EDGE_CURVE('',#7491,#7335,#15478,.T.);
#15478 = LINE('',#15479,#15480);
#15479 = CARTESIAN_POINT('',(178.5,95.5,-1.));
#15480 = VECTOR('',#15481,1.);
#15481 = DIRECTION('',(-0.999526963077,0.,3.075467578697E-02));
#15482 = ORIENTED_EDGE('',*,*,#11066,.F.);
#15483 = ORIENTED_EDGE('',*,*,#7498,.F.);
#15484 = PLANE('',#15485);
#15485 = AXIS2_PLACEMENT_3D('',#15486,#15487,#15488);
#15486 = CARTESIAN_POINT('',(146.49230951211,95.5,0.492309512111));
#15487 = DIRECTION('',(5.885102353998E-32,1.,1.959410648872E-30));
#15488 = DIRECTION('',(0.,-1.959410648872E-30,1.));
#15489 = ADVANCED_FACE('',(#15490),#15495,.T.);
#15490 = FACE_BOUND('',#15491,.T.);
#15491 = EDGE_LOOP('',(#15492,#15493,#15494));
#15492 = ORIENTED_EDGE('',*,*,#15477,.F.);
#15493 = ORIENTED_EDGE('',*,*,#15222,.F.);
#15494 = ORIENTED_EDGE('',*,*,#15446,.F.);
#15495 = PLANE('',#15496);
#15496 = AXIS2_PLACEMENT_3D('',#15497,#15498,#15499);
#15497 = CARTESIAN_POINT('',(145.50769048788,95.5,-0.492309512111));
#15498 = DIRECTION('',(-5.885102353998E-32,1.,-1.959410648872E-30));
#15499 = DIRECTION('',(0.,1.959410648872E-30,1.));
#15500 = ADVANCED_FACE('',(#15501),#15511,.T.);
#15501 = FACE_BOUND('',#15502,.T.);
#15502 = EDGE_LOOP('',(#15503,#15509,#15510));
#15503 = ORIENTED_EDGE('',*,*,#15504,.T.);
#15504 = EDGE_CURVE('',#12862,#7469,#15505,.T.);
#15505 = LINE('',#15506,#15507);
#15506 = CARTESIAN_POINT('',(113.5,57.5,-1.));
#15507 = VECTOR('',#15508,1.);
#15508 = DIRECTION('',(0.999526963077,0.,3.075467578697E-02));
#15509 = ORIENTED_EDGE('',*,*,#11956,.F.);
#15510 = ORIENTED_EDGE('',*,*,#15462,.F.);
#15511 = PLANE('',#15512);
#15512 = AXIS2_PLACEMENT_3D('',#15513,#15514,#15515);
#15513 = CARTESIAN_POINT('',(145.50769048788,57.5,0.492309512111));
#15514 = DIRECTION('',(-0.,-1.,-0.));
#15515 = DIRECTION('',(0.,0.,-1.));
#15516 = ADVANCED_FACE('',(#15517),#15522,.T.);
#15517 = FACE_BOUND('',#15518,.T.);
#15518 = EDGE_LOOP('',(#15519,#15520,#15521));
#15519 = ORIENTED_EDGE('',*,*,#15504,.F.);
#15520 = ORIENTED_EDGE('',*,*,#14332,.F.);
#15521 = ORIENTED_EDGE('',*,*,#7514,.F.);
#15522 = PLANE('',#15523);
#15523 = AXIS2_PLACEMENT_3D('',#15524,#15525,#15526);
#15524 = CARTESIAN_POINT('',(146.49230951211,57.5,-0.492309512111));
#15525 = DIRECTION('',(-0.,-1.,-0.));
#15526 = DIRECTION('',(0.,0.,-1.));
#15527 = ( GEOMETRIC_REPRESENTATION_CONTEXT(3) 
GLOBAL_UNCERTAINTY_ASSIGNED_CONTEXT((#15531)) 
GLOBAL_UNIT_ASSIGNED_CONTEXT((#15528,#15529,#15530)) 
REPRESENTATION_CONTEXT('Context #1',
  '3D Context with UNIT and UNCERTAINTY') );
#15528 = ( LENGTH_UNIT() NAMED_UNIT(*) SI_UNIT(.MILLI.,.METRE.) );
#15529 = ( NAMED_UNIT(*) PLANE_ANGLE_UNIT() SI_UNIT($,.RADIAN.) );
#15530 = ( NAMED_UNIT(*) SI_UNIT($,.STERADIAN.) SOLID_ANGLE_UNIT() );
#15531 = UNCERTAINTY_MEASURE_WITH_UNIT(LENGTH_MEASURE(1.E-07),#15528,
  'distance_accuracy_value','confusion accuracy');
#15532 = PRODUCT_RELATED_PRODUCT_CATEGORY('part',$,(#7));
ENDSEC;
END-ISO-10303-21;
