ISO-10303-21;
HEADER;
FILE_DESCRIPTION(('FreeCAD Model'),'2;1');
FILE_NAME('Open CASCADE Shape Model','2026-10-06T10:00:32',('FreeCAD'),(
    'FreeCAD'),'Open CASCADE STEP processor 7.6','FreeCAD','Unknown');
FILE_SCHEMA(('AUTOMOTIVE_DESIGN { 1 0 10303 214 1 1 1 1 }'));
ENDSEC;
DATA;
#1 = APPLICATION_PROTOCOL_DEFINITION('international standard',
  'automotive_design',2000,#2);
#2 = APPLICATION_CONTEXT(
  'core data for automotive mechanical design processes');
#3 = SHAPE_DEFINITION_REPRESENTATION(#4,#10);
#4 = PRODUCT_DEFINITION_SHAPE('','',#5);
#5 = PRODUCT_DEFINITION('design','',#6,#9);
#6 = PRODUCT_DEFINITION_FORMATION('','',#7);
#7 = PRODUCT('Open CASCADE STEP translator 7.6 3',
  'Open CASCADE STEP translator 7.6 3','',(#8));
#8 = PRODUCT_CONTEXT('',#2,'mechanical');
#9 = PRODUCT_DEFINITION_CONTEXT('part definition',#2,'design');
#10 = MANIFOLD_SURFACE_SHAPE_REPRESENTATION('',(#11,#15),#4385);
#11 = AXIS2_PLACEMENT_3D('',#12,#13,#14);
#12 = CARTESIAN_POINT('',(0.,0.,0.));
#13 = DIRECTION('',(0.,0.,1.));
#14 = DIRECTION('',(1.,0.,-0.));
#15 = SHELL_BASED_SURFACE_MODEL('',(#16));
#16 = CLOSED_SHELL('',(#17,#49,#72,#104,#127,#159,#182,#214,#237,#260,
    #283,#306,#329,#352,#384,#407,#430,#453,#474,#506,#529,#552,#582,
    #598,#621,#644,#665,#688,#704,#727,#757,#773,#789,#812,#835,#858,
    #881,#913,#936,#959,#980,#1003,#1019,#1042,#1058,#1081,#1113,#1136,
    #1159,#1182,#1205,#1228,#1251,#1274,#1297,#1320,#1343,#1366,#1389,
    #1412,#1435,#1458,#1481,#1502,#1525,#1541,#1557,#1573,#1596,#1612,
    #1635,#1651,#1674,#1704,#1720,#1736,#1759,#1782,#1805,#1826,#1837,
    #1860,#1890,#1906,#1929,#1952,#1975,#1998,#2021,#2044,#2067,#2090,
    #2111,#2127,#2143,#2159,#2175,#2191,#2212,#2228,#2244,#2260,#2283,
    #2299,#2322,#2345,#2375,#2398,#2414,#2437,#2453,#2469,#2492,#2515,
    #2531,#2554,#2575,#2598,#2619,#2635,#2651,#2674,#2695,#2711,#2722,
    #2745,#2761,#2782,#2793,#2816,#2832,#2848,#2864,#2887,#2903,#2926,
    #2942,#2958,#2981,#3002,#3023,#3039,#3055,#3071,#3092,#3108,#3124,
    #3147,#3170,#3191,#3214,#3230,#3251,#3267,#3283,#3304,#3320,#3336,
    #3352,#3368,#3389,#3410,#3421,#3437,#3458,#3474,#3490,#3506,#3522,
    #3538,#3554,#3570,#3586,#3602,#3618,#3639,#3655,#3671,#3692,#3708,
    #3724,#3740,#3763,#3779,#3800,#3811,#3827,#3843,#3859,#3875,#3886,
    #3907,#3918,#3934,#3945,#3961,#3972,#3988,#3999,#4015,#4026,#4042,
    #4053,#4069,#4085,#4101,#4117,#4138,#4149,#4165,#4176,#4192,#4203,
    #4219,#4230,#4246,#4257,#4278,#4294,#4315,#4331,#4347,#4358,#4374));
#17 = ADVANCED_FACE('',(#18),#44,.T.);
#18 = FACE_BOUND('',#19,.T.);
#19 = EDGE_LOOP('',(#20,#30,#38));
#20 = ORIENTED_EDGE('',*,*,#21,.T.);
#21 = EDGE_CURVE('',#22,#24,#26,.T.);
#22 = VERTEX_POINT('',#23);
#23 = CARTESIAN_POINT('',(17.5,124.75,20.700000762939));
#24 = VERTEX_POINT('',#25);
#25 = CARTESIAN_POINT('',(12.,127.,20.700000762939));
#26 = LINE('',#27,#28);
#27 = CARTESIAN_POINT('',(17.5,124.75,20.700000762939));
#28 = VECTOR('',#29,1.);
#29 = DIRECTION('',(-0.925546956206,0.378632845721,0.));
#30 = ORIENTED_EDGE('',*,*,#31,.T.);
#31 = EDGE_CURVE('',#24,#32,#34,.T.);
#32 = VERTEX_POINT('',#33);
#33 = CARTESIAN_POINT('',(17.5,103.25,20.700000762939));
#34 = LINE('',#35,#36);
#35 = CARTESIAN_POINT('',(12.,127.,20.700000762939));
#36 = VECTOR('',#37,1.);
#37 = DIRECTION('',(0.225608395623,-0.974218072007,0.));
#38 = ORIENTED_EDGE('',*,*,#39,.T.);
#39 = EDGE_CURVE('',#32,#22,#40,.T.);
#40 = LINE('',#41,#42);
#41 = CARTESIAN_POINT('',(17.5,103.25,20.700000762939));
#42 = VECTOR('',#43,1.);
#43 = DIRECTION('',(0.,1.,0.));
#44 = PLANE('',#45);
#45 = AXIS2_PLACEMENT_3D('',#46,#47,#48);
#46 = CARTESIAN_POINT('',(15.890947655109,115.89097669397,
    20.700000762939));
#47 = DIRECTION('',(0.,0.,1.));
#48 = DIRECTION('',(1.,0.,-0.));
#49 = ADVANCED_FACE('',(#50),#67,.T.);
#50 = FACE_BOUND('',#51,.T.);
#51 = EDGE_LOOP('',(#52,#60,#61));
#52 = ORIENTED_EDGE('',*,*,#53,.T.);
#53 = EDGE_CURVE('',#54,#32,#56,.T.);
#54 = VERTEX_POINT('',#55);
#55 = CARTESIAN_POINT('',(12.,101.,20.700000762939));
#56 = LINE('',#57,#58);
#57 = CARTESIAN_POINT('',(12.,101.,20.700000762939));
#58 = VECTOR('',#59,1.);
#59 = DIRECTION('',(0.925546956206,0.378632845721,0.));
#60 = ORIENTED_EDGE('',*,*,#31,.F.);
#61 = ORIENTED_EDGE('',*,*,#62,.F.);
#62 = EDGE_CURVE('',#54,#24,#63,.T.);
#63 = LINE('',#64,#65);
#64 = CARTESIAN_POINT('',(12.,101.,20.700000762939));
#65 = VECTOR('',#66,1.);
#66 = DIRECTION('',(0.,1.,0.));
#67 = PLANE('',#68);
#68 = AXIS2_PLACEMENT_3D('',#69,#70,#71);
#69 = CARTESIAN_POINT('',(13.480490334101,113.23402330602,
    20.700000762939));
#70 = DIRECTION('',(0.,0.,1.));
#71 = DIRECTION('',(1.,0.,-0.));
#72 = ADVANCED_FACE('',(#73),#99,.T.);
#73 = FACE_BOUND('',#74,.T.);
#74 = EDGE_LOOP('',(#75,#85,#93));
#75 = ORIENTED_EDGE('',*,*,#76,.T.);
#76 = EDGE_CURVE('',#77,#79,#81,.T.);
#77 = VERTEX_POINT('',#78);
#78 = CARTESIAN_POINT('',(95.95719909668,127.65299987793,20.700000762939
    ));
#79 = VERTEX_POINT('',#80);
#80 = CARTESIAN_POINT('',(95.829597473145,128.29400634765,
    17.700000762939));
#81 = LINE('',#82,#83);
#82 = CARTESIAN_POINT('',(95.95719909668,127.65299987793,20.700000762939
    ));
#83 = VECTOR('',#84,1.);
#84 = DIRECTION('',(-4.155903904245E-02,0.208771739448,-0.977080962399)
  );
#85 = ORIENTED_EDGE('',*,*,#86,.T.);
#86 = EDGE_CURVE('',#79,#87,#89,.T.);
#87 = VERTEX_POINT('',#88);
#88 = CARTESIAN_POINT('',(95.829597473145,128.29400634765,
    20.700000762939));
#89 = LINE('',#90,#91);
#90 = CARTESIAN_POINT('',(95.829597473145,128.29400634765,
    17.700000762939));
#91 = VECTOR('',#92,1.);
#92 = DIRECTION('',(0.,0.,1.));
#93 = ORIENTED_EDGE('',*,*,#94,.T.);
#94 = EDGE_CURVE('',#87,#77,#95,.T.);
#95 = LINE('',#96,#97);
#96 = CARTESIAN_POINT('',(95.829597473145,128.29400634765,
    20.700000762939));
#97 = VECTOR('',#98,1.);
#98 = DIRECTION('',(0.1952338332,-0.980756723339,0.));
#99 = PLANE('',#100);
#100 = AXIS2_PLACEMENT_3D('',#101,#102,#103);
#101 = CARTESIAN_POINT('',(95.864932526516,128.11650078626,
    19.34580417175));
#102 = DIRECTION('',(0.980756723339,0.1952338332,8.303039400286E-18));
#103 = DIRECTION('',(-0.1952338332,0.980756723339,1.925929944387E-34));
#104 = ADVANCED_FACE('',(#105),#122,.T.);
#105 = FACE_BOUND('',#106,.T.);
#106 = EDGE_LOOP('',(#107,#108,#116));
#107 = ORIENTED_EDGE('',*,*,#76,.F.);
#108 = ORIENTED_EDGE('',*,*,#109,.F.);
#109 = EDGE_CURVE('',#110,#77,#112,.T.);
#110 = VERTEX_POINT('',#111);
#111 = CARTESIAN_POINT('',(95.95719909668,127.65299987793,
    17.700000762939));
#112 = LINE('',#113,#114);
#113 = CARTESIAN_POINT('',(95.95719909668,127.65299987793,
    17.700000762939));
#114 = VECTOR('',#115,1.);
#115 = DIRECTION('',(0.,0.,1.));
#116 = ORIENTED_EDGE('',*,*,#117,.F.);
#117 = EDGE_CURVE('',#79,#110,#118,.T.);
#118 = LINE('',#119,#120);
#119 = CARTESIAN_POINT('',(95.829597473145,128.29400634765,
    17.700000762939));
#120 = VECTOR('',#121,1.);
#121 = DIRECTION('',(0.1952338332,-0.980756723339,0.));
#122 = PLANE('',#123);
#123 = AXIS2_PLACEMENT_3D('',#124,#125,#126);
#124 = CARTESIAN_POINT('',(95.921864043308,127.83050543931,
    19.054197354129));
#125 = DIRECTION('',(0.980756723339,0.1952338332,4.151519700143E-18));
#126 = DIRECTION('',(-0.1952338332,0.980756723339,9.629649721936E-35));
#127 = ADVANCED_FACE('',(#128),#154,.T.);
#128 = FACE_BOUND('',#129,.T.);
#129 = EDGE_LOOP('',(#130,#140,#148));
#130 = ORIENTED_EDGE('',*,*,#131,.T.);
#131 = EDGE_CURVE('',#132,#134,#136,.T.);
#132 = VERTEX_POINT('',#133);
#133 = CARTESIAN_POINT('',(13.464500427246,97.464500427246,
    17.700000762939));
#134 = VERTEX_POINT('',#135);
#135 = CARTESIAN_POINT('',(13.956199645996,97.033203125,20.700000762939)
  );
#136 = LINE('',#137,#138);
#137 = CARTESIAN_POINT('',(13.464500427246,97.464500427246,
    17.700000762939));
#138 = VECTOR('',#139,1.);
#139 = DIRECTION('',(0.160138100269,-0.140466219996,0.977049144047));
#140 = ORIENTED_EDGE('',*,*,#141,.T.);
#141 = EDGE_CURVE('',#134,#142,#144,.T.);
#142 = VERTEX_POINT('',#143);
#143 = CARTESIAN_POINT('',(13.464500427246,97.464500427246,
    20.700000762939));
#144 = LINE('',#145,#146);
#145 = CARTESIAN_POINT('',(13.956199645996,97.033203125,20.700000762939)
  );
#146 = VECTOR('',#147,1.);
#147 = DIRECTION('',(-0.751772605648,0.659422436226,0.));
#148 = ORIENTED_EDGE('',*,*,#149,.T.);
#149 = EDGE_CURVE('',#142,#132,#150,.T.);
#150 = LINE('',#151,#152);
#151 = CARTESIAN_POINT('',(13.464500427246,97.464500427246,
    20.700000762939));
#152 = VECTOR('',#153,1.);
#153 = DIRECTION('',(0.,0.,-1.));
#154 = PLANE('',#155);
#155 = AXIS2_PLACEMENT_3D('',#156,#157,#158);
#156 = CARTESIAN_POINT('',(13.600669569402,97.34505874131,
    19.345896564935));
#157 = DIRECTION('',(-0.659422436226,-0.751772605648,3.321036921904E-17)
  );
#158 = DIRECTION('',(-0.751772605648,0.659422436226,3.08148791102E-33));
#159 = ADVANCED_FACE('',(#160),#177,.T.);
#160 = FACE_BOUND('',#161,.T.);
#161 = EDGE_LOOP('',(#162,#163,#171));
#162 = ORIENTED_EDGE('',*,*,#131,.F.);
#163 = ORIENTED_EDGE('',*,*,#164,.F.);
#164 = EDGE_CURVE('',#165,#132,#167,.T.);
#165 = VERTEX_POINT('',#166);
#166 = CARTESIAN_POINT('',(13.956199645996,97.033203125,17.700000762939)
  );
#167 = LINE('',#168,#169);
#168 = CARTESIAN_POINT('',(13.956199645996,97.033203125,17.700000762939)
  );
#169 = VECTOR('',#170,1.);
#170 = DIRECTION('',(-0.751772605648,0.659422436226,0.));
#171 = ORIENTED_EDGE('',*,*,#172,.T.);
#172 = EDGE_CURVE('',#165,#134,#173,.T.);
#173 = LINE('',#174,#175);
#174 = CARTESIAN_POINT('',(13.956199645996,97.033203125,17.700000762939)
  );
#175 = VECTOR('',#176,1.);
#176 = DIRECTION('',(0.,0.,1.));
#177 = PLANE('',#178);
#178 = AXIS2_PLACEMENT_3D('',#179,#180,#181);
#179 = CARTESIAN_POINT('',(13.820030503841,97.152644810936,
    19.054104960943));
#180 = DIRECTION('',(-0.659422436226,-0.751772605648,3.321036921904E-17)
  );
#181 = DIRECTION('',(-0.751772605648,0.659422436226,3.08148791102E-33));
#182 = ADVANCED_FACE('',(#183),#209,.T.);
#183 = FACE_BOUND('',#184,.T.);
#184 = EDGE_LOOP('',(#185,#195,#203));
#185 = ORIENTED_EDGE('',*,*,#186,.T.);
#186 = EDGE_CURVE('',#187,#189,#191,.T.);
#187 = VERTEX_POINT('',#188);
#188 = CARTESIAN_POINT('',(12.380599975586,128.91299438476,
    17.700000762939));
#189 = VERTEX_POINT('',#190);
#190 = CARTESIAN_POINT('',(12.669899940491,129.5,20.700000762939));
#191 = LINE('',#192,#193);
#192 = CARTESIAN_POINT('',(12.380599975586,128.91299438476,
    17.700000762939));
#193 = VECTOR('',#194,1.);
#194 = DIRECTION('',(9.421767305189E-02,0.191172865002,0.977024035411));
#195 = ORIENTED_EDGE('',*,*,#196,.T.);
#196 = EDGE_CURVE('',#189,#197,#199,.T.);
#197 = VERTEX_POINT('',#198);
#198 = CARTESIAN_POINT('',(12.669899940491,129.5,17.700000762939));
#199 = LINE('',#200,#201);
#200 = CARTESIAN_POINT('',(12.669899940491,129.5,20.700000762939));
#201 = VECTOR('',#202,1.);
#202 = DIRECTION('',(0.,0.,-1.));
#203 = ORIENTED_EDGE('',*,*,#204,.T.);
#204 = EDGE_CURVE('',#197,#187,#205,.T.);
#205 = LINE('',#206,#207);
#206 = CARTESIAN_POINT('',(12.669899940491,129.5,17.700000762939));
#207 = VECTOR('',#208,1.);
#208 = DIRECTION('',(-0.442068451999,-0.89698131739,0.));
#209 = PLANE('',#210);
#210 = AXIS2_PLACEMENT_3D('',#211,#212,#213);
#211 = CARTESIAN_POINT('',(12.589778097244,129.33742835259,
    19.054032103755));
#212 = DIRECTION('',(-0.89698131739,0.442068451999,8.302239881328E-18));
#213 = DIRECTION('',(-0.442068451999,-0.89698131739,0.));
#214 = ADVANCED_FACE('',(#215),#232,.T.);
#215 = FACE_BOUND('',#216,.T.);
#216 = EDGE_LOOP('',(#217,#218,#226));
#217 = ORIENTED_EDGE('',*,*,#186,.F.);
#218 = ORIENTED_EDGE('',*,*,#219,.F.);
#219 = EDGE_CURVE('',#220,#187,#222,.T.);
#220 = VERTEX_POINT('',#221);
#221 = CARTESIAN_POINT('',(12.380599975586,128.91299438476,
    20.700000762939));
#222 = LINE('',#223,#224);
#223 = CARTESIAN_POINT('',(12.380599975586,128.91299438476,
    20.700000762939));
#224 = VECTOR('',#225,1.);
#225 = DIRECTION('',(0.,0.,-1.));
#226 = ORIENTED_EDGE('',*,*,#227,.T.);
#227 = EDGE_CURVE('',#220,#189,#228,.T.);
#228 = LINE('',#229,#230);
#229 = CARTESIAN_POINT('',(12.380599975586,128.91299438476,
    20.700000762939));
#230 = VECTOR('',#231,1.);
#231 = DIRECTION('',(0.442068451999,0.89698131739,0.));
#232 = PLANE('',#233);
#233 = AXIS2_PLACEMENT_3D('',#234,#235,#236);
#234 = CARTESIAN_POINT('',(12.460721818832,129.07556603217,
    19.345969422124));
#235 = DIRECTION('',(-0.89698131739,0.442068451999,8.302239881328E-18));
#236 = DIRECTION('',(-0.442068451999,-0.89698131739,0.));
#237 = ADVANCED_FACE('',(#238),#255,.T.);
#238 = FACE_BOUND('',#239,.T.);
#239 = EDGE_LOOP('',(#240,#248,#249));
#240 = ORIENTED_EDGE('',*,*,#241,.T.);
#241 = EDGE_CURVE('',#242,#220,#244,.T.);
#242 = VERTEX_POINT('',#243);
#243 = CARTESIAN_POINT('',(12.170399665833,128.29400634765,
    17.700000762939));
#244 = LINE('',#245,#246);
#245 = CARTESIAN_POINT('',(12.170399665833,128.29400634765,
    17.700000762939));
#246 = VECTOR('',#247,1.);
#247 = DIRECTION('',(6.846033004818E-02,0.201598776739,0.97707272832));
#248 = ORIENTED_EDGE('',*,*,#219,.T.);
#249 = ORIENTED_EDGE('',*,*,#250,.T.);
#250 = EDGE_CURVE('',#187,#242,#251,.T.);
#251 = LINE('',#252,#253);
#252 = CARTESIAN_POINT('',(12.380599975586,128.91299438476,
    17.700000762939));
#253 = VECTOR('',#254,1.);
#254 = DIRECTION('',(-0.321552193992,-0.946891855778,0.));
#255 = PLANE('',#256);
#256 = AXIS2_PLACEMENT_3D('',#257,#258,#259);
#257 = CARTESIAN_POINT('',(12.322390917272,128.74158307338,
    19.054173437114));
#258 = DIRECTION('',(-0.946891855778,0.321552193992,-0.));
#259 = DIRECTION('',(-0.321552193992,-0.946891855778,0.));
#260 = ADVANCED_FACE('',(#261),#278,.T.);
#261 = FACE_BOUND('',#262,.T.);
#262 = EDGE_LOOP('',(#263,#264,#272));
#263 = ORIENTED_EDGE('',*,*,#241,.F.);
#264 = ORIENTED_EDGE('',*,*,#265,.T.);
#265 = EDGE_CURVE('',#242,#266,#268,.T.);
#266 = VERTEX_POINT('',#267);
#267 = CARTESIAN_POINT('',(12.170399665833,128.29400634765,
    20.700000762939));
#268 = LINE('',#269,#270);
#269 = CARTESIAN_POINT('',(12.170399665833,128.29400634765,
    17.700000762939));
#270 = VECTOR('',#271,1.);
#271 = DIRECTION('',(0.,0.,1.));
#272 = ORIENTED_EDGE('',*,*,#273,.T.);
#273 = EDGE_CURVE('',#266,#220,#274,.T.);
#274 = LINE('',#275,#276);
#275 = CARTESIAN_POINT('',(12.170399665833,128.29400634765,
    20.700000762939));
#276 = VECTOR('',#277,1.);
#277 = DIRECTION('',(0.321552193992,0.946891855778,0.));
#278 = PLANE('',#279);
#279 = AXIS2_PLACEMENT_3D('',#280,#281,#282);
#280 = CARTESIAN_POINT('',(12.228608724146,128.46541765903,
    19.345828088765));
#281 = DIRECTION('',(-0.946891855778,0.321552193992,-8.30292364603E-18)
  );
#282 = DIRECTION('',(-0.321552193992,-0.946891855778,3.851859888774E-34)
  );
#283 = ADVANCED_FACE('',(#284),#301,.T.);
#284 = FACE_BOUND('',#285,.T.);
#285 = EDGE_LOOP('',(#286,#294,#295));
#286 = ORIENTED_EDGE('',*,*,#287,.T.);
#287 = EDGE_CURVE('',#288,#266,#290,.T.);
#288 = VERTEX_POINT('',#289);
#289 = CARTESIAN_POINT('',(12.042799949646,127.65299987793,
    17.700000762939));
#290 = LINE('',#291,#292);
#291 = CARTESIAN_POINT('',(12.042799949646,127.65299987793,
    17.700000762939));
#292 = VECTOR('',#293,1.);
#293 = DIRECTION('',(4.155841890401E-02,0.208771744838,0.977080987624));
#294 = ORIENTED_EDGE('',*,*,#265,.F.);
#295 = ORIENTED_EDGE('',*,*,#296,.T.);
#296 = EDGE_CURVE('',#242,#288,#297,.T.);
#297 = LINE('',#298,#299);
#298 = CARTESIAN_POINT('',(12.170399665833,128.29400634765,
    17.700000762939));
#299 = VECTOR('',#300,1.);
#300 = DIRECTION('',(-0.195231026139,-0.980757282121,0.));
#301 = PLANE('',#302);
#302 = AXIS2_PLACEMENT_3D('',#303,#304,#305);
#303 = CARTESIAN_POINT('',(12.13506514255,128.11650079587,
    19.054197427407));
#304 = DIRECTION('',(-0.980757282121,0.195231026139,-8.303039754955E-18)
  );
#305 = DIRECTION('',(-0.195231026139,-0.980757282121,0.));
#306 = ADVANCED_FACE('',(#307),#324,.T.);
#307 = FACE_BOUND('',#308,.T.);
#308 = EDGE_LOOP('',(#309,#310,#318));
#309 = ORIENTED_EDGE('',*,*,#287,.F.);
#310 = ORIENTED_EDGE('',*,*,#311,.T.);
#311 = EDGE_CURVE('',#288,#312,#314,.T.);
#312 = VERTEX_POINT('',#313);
#313 = CARTESIAN_POINT('',(12.042799949646,127.65299987793,
    20.700000762939));
#314 = LINE('',#315,#316);
#315 = CARTESIAN_POINT('',(12.042799949646,127.65299987793,
    17.700000762939));
#316 = VECTOR('',#317,1.);
#317 = DIRECTION('',(0.,0.,1.));
#318 = ORIENTED_EDGE('',*,*,#319,.T.);
#319 = EDGE_CURVE('',#312,#266,#320,.T.);
#320 = LINE('',#321,#322);
#321 = CARTESIAN_POINT('',(12.042799949646,127.65299987793,
    20.700000762939));
#322 = VECTOR('',#323,1.);
#323 = DIRECTION('',(0.195231026139,0.980757282121,0.));
#324 = PLANE('',#325);
#325 = AXIS2_PLACEMENT_3D('',#326,#327,#328);
#326 = CARTESIAN_POINT('',(12.078134472929,127.83050542971,
    19.345804098472));
#327 = DIRECTION('',(-0.980757282121,0.195231026139,-4.151519877478E-18)
  );
#328 = DIRECTION('',(-0.195231026139,-0.980757282121,0.));
#329 = ADVANCED_FACE('',(#330),#347,.T.);
#330 = FACE_BOUND('',#331,.T.);
#331 = EDGE_LOOP('',(#332,#340,#341));
#332 = ORIENTED_EDGE('',*,*,#333,.T.);
#333 = EDGE_CURVE('',#334,#187,#336,.T.);
#334 = VERTEX_POINT('',#335);
#335 = CARTESIAN_POINT('',(17.5,124.75,17.700000762939));
#336 = LINE('',#337,#338);
#337 = CARTESIAN_POINT('',(17.5,124.75,17.700000762939));
#338 = VECTOR('',#339,1.);
#339 = DIRECTION('',(-0.775855680348,0.630910424127,0.));
#340 = ORIENTED_EDGE('',*,*,#204,.F.);
#341 = ORIENTED_EDGE('',*,*,#342,.F.);
#342 = EDGE_CURVE('',#334,#197,#343,.T.);
#343 = LINE('',#344,#345);
#344 = CARTESIAN_POINT('',(17.5,124.75,17.700000762939));
#345 = VECTOR('',#346,1.);
#346 = DIRECTION('',(-0.712994041715,0.701170090976,0.));
#347 = PLANE('',#348);
#348 = AXIS2_PLACEMENT_3D('',#349,#350,#351);
#349 = CARTESIAN_POINT('',(14.897486763216,127.0840462972,
    17.700000762939));
#350 = DIRECTION('',(-0.,-0.,-1.));
#351 = DIRECTION('',(-1.,0.,0.));
#352 = ADVANCED_FACE('',(#353),#379,.T.);
#353 = FACE_BOUND('',#354,.T.);
#354 = EDGE_LOOP('',(#355,#365,#373));
#355 = ORIENTED_EDGE('',*,*,#356,.T.);
#356 = EDGE_CURVE('',#357,#359,#361,.T.);
#357 = VERTEX_POINT('',#358);
#358 = CARTESIAN_POINT('',(14.5,131.33000183105,17.700000762939));
#359 = VERTEX_POINT('',#360);
#360 = CARTESIAN_POINT('',(13.956199645996,130.96699523925,
    20.700000762939));
#361 = LINE('',#362,#363);
#362 = CARTESIAN_POINT('',(14.5,131.33000183105,17.700000762939));
#363 = VECTOR('',#364,1.);
#364 = DIRECTION('',(-0.177109307774,-0.118226929639,0.977064320405));
#365 = ORIENTED_EDGE('',*,*,#366,.T.);
#366 = EDGE_CURVE('',#359,#367,#369,.T.);
#367 = VERTEX_POINT('',#368);
#368 = CARTESIAN_POINT('',(14.5,131.33000183105,20.700000762939));
#369 = LINE('',#370,#371);
#370 = CARTESIAN_POINT('',(13.956199645996,130.96699523925,
    20.700000762939));
#371 = VECTOR('',#372,1.);
#372 = DIRECTION('',(0.831716236719,0.555200956032,0.));
#373 = ORIENTED_EDGE('',*,*,#374,.T.);
#374 = EDGE_CURVE('',#367,#357,#375,.T.);
#375 = LINE('',#376,#377);
#376 = CARTESIAN_POINT('',(14.5,131.33000183105,20.700000762939));
#377 = VECTOR('',#378,1.);
#378 = DIRECTION('',(0.,0.,-1.));
#379 = PLANE('',#380);
#380 = AXIS2_PLACEMENT_3D('',#381,#382,#383);
#381 = CARTESIAN_POINT('',(14.349407085494,131.2294755621,
    19.345852505565));
#382 = DIRECTION('',(-0.555200956032,0.831716236719,0.));
#383 = DIRECTION('',(0.831716236719,0.555200956032,0.));
#384 = ADVANCED_FACE('',(#385),#402,.T.);
#385 = FACE_BOUND('',#386,.T.);
#386 = EDGE_LOOP('',(#387,#388,#396));
#387 = ORIENTED_EDGE('',*,*,#356,.F.);
#388 = ORIENTED_EDGE('',*,*,#389,.T.);
#389 = EDGE_CURVE('',#357,#390,#392,.T.);
#390 = VERTEX_POINT('',#391);
#391 = CARTESIAN_POINT('',(13.956199645996,130.96699523925,
    17.700000762939));
#392 = LINE('',#393,#394);
#393 = CARTESIAN_POINT('',(14.5,131.33000183105,17.700000762939));
#394 = VECTOR('',#395,1.);
#395 = DIRECTION('',(-0.831716236719,-0.555200956032,0.));
#396 = ORIENTED_EDGE('',*,*,#397,.F.);
#397 = EDGE_CURVE('',#359,#390,#398,.T.);
#398 = LINE('',#399,#400);
#399 = CARTESIAN_POINT('',(13.956199645996,130.96699523925,
    20.700000762939));
#400 = VECTOR('',#401,1.);
#401 = DIRECTION('',(0.,0.,-1.));
#402 = PLANE('',#403);
#403 = AXIS2_PLACEMENT_3D('',#404,#405,#406);
#404 = CARTESIAN_POINT('',(14.106792560502,131.06752150821,
    19.054149020313));
#405 = DIRECTION('',(-0.555200956032,0.831716236719,1.660561097253E-17)
  );
#406 = DIRECTION('',(0.831716236719,0.555200956032,-1.54074395551E-33));
#407 = ADVANCED_FACE('',(#408),#425,.T.);
#408 = FACE_BOUND('',#409,.T.);
#409 = EDGE_LOOP('',(#410,#418,#424));
#410 = ORIENTED_EDGE('',*,*,#411,.T.);
#411 = EDGE_CURVE('',#390,#412,#414,.T.);
#412 = VERTEX_POINT('',#413);
#413 = CARTESIAN_POINT('',(13.464500427246,130.53599548339,
    20.700000762939));
#414 = LINE('',#415,#416);
#415 = CARTESIAN_POINT('',(13.956199645996,130.96699523925,
    17.700000762939));
#416 = VECTOR('',#417,1.);
#417 = DIRECTION('',(-0.160140279361,-0.140371224268,0.977062439317));
#418 = ORIENTED_EDGE('',*,*,#419,.T.);
#419 = EDGE_CURVE('',#412,#359,#420,.T.);
#420 = LINE('',#421,#422);
#421 = CARTESIAN_POINT('',(13.464500427246,130.53599548339,
    20.700000762939));
#422 = VECTOR('',#423,1.);
#423 = DIRECTION('',(0.751998152854,0.659165213056,0.));
#424 = ORIENTED_EDGE('',*,*,#397,.T.);
#425 = PLANE('',#426);
#426 = AXIS2_PLACEMENT_3D('',#427,#428,#429);
#427 = CARTESIAN_POINT('',(13.820034385092,130.8476393567,
    19.345857967581));
#428 = DIRECTION('',(-0.659165213056,0.751998152854,-3.321111622354E-17)
  );
#429 = DIRECTION('',(0.751998152854,0.659165213056,0.));
#430 = ADVANCED_FACE('',(#431),#448,.T.);
#431 = FACE_BOUND('',#432,.T.);
#432 = EDGE_LOOP('',(#433,#434,#442));
#433 = ORIENTED_EDGE('',*,*,#411,.F.);
#434 = ORIENTED_EDGE('',*,*,#435,.T.);
#435 = EDGE_CURVE('',#390,#436,#438,.T.);
#436 = VERTEX_POINT('',#437);
#437 = CARTESIAN_POINT('',(13.464500427246,130.53599548339,
    17.700000762939));
#438 = LINE('',#439,#440);
#439 = CARTESIAN_POINT('',(13.956199645996,130.96699523925,
    17.700000762939));
#440 = VECTOR('',#441,1.);
#441 = DIRECTION('',(-0.751998152854,-0.659165213056,0.));
#442 = ORIENTED_EDGE('',*,*,#443,.T.);
#443 = EDGE_CURVE('',#436,#412,#444,.T.);
#444 = LINE('',#445,#446);
#445 = CARTESIAN_POINT('',(13.464500427246,130.53599548339,
    17.700000762939));
#446 = VECTOR('',#447,1.);
#447 = DIRECTION('',(0.,0.,1.));
#448 = PLANE('',#449);
#449 = AXIS2_PLACEMENT_3D('',#450,#451,#452);
#450 = CARTESIAN_POINT('',(13.60066568815,130.65535136595,
    19.054143558298));
#451 = DIRECTION('',(-0.659165213056,0.751998152854,-3.321111622354E-17)
  );
#452 = DIRECTION('',(0.751998152854,0.659165213056,0.));
#453 = ADVANCED_FACE('',(#454),#469,.T.);
#454 = FACE_BOUND('',#455,.T.);
#455 = EDGE_LOOP('',(#456,#462,#463));
#456 = ORIENTED_EDGE('',*,*,#457,.T.);
#457 = EDGE_CURVE('',#334,#390,#458,.T.);
#458 = LINE('',#459,#460);
#459 = CARTESIAN_POINT('',(17.5,124.75,17.700000762939));
#460 = VECTOR('',#461,1.);
#461 = DIRECTION('',(-0.495214969548,0.868770472527,0.));
#462 = ORIENTED_EDGE('',*,*,#389,.F.);
#463 = ORIENTED_EDGE('',*,*,#464,.F.);
#464 = EDGE_CURVE('',#334,#357,#465,.T.);
#465 = LINE('',#466,#467);
#466 = CARTESIAN_POINT('',(17.5,124.75,17.700000762939));
#467 = VECTOR('',#468,1.);
#468 = DIRECTION('',(-0.414844424715,0.909892358075,0.));
#469 = PLANE('',#470);
#470 = AXIS2_PLACEMENT_3D('',#471,#472,#473);
#471 = CARTESIAN_POINT('',(15.793620822466,128.08877075273,
    17.700000762939));
#472 = DIRECTION('',(-0.,-0.,-1.));
#473 = DIRECTION('',(-1.,0.,0.));
#474 = ADVANCED_FACE('',(#475),#501,.T.);
#475 = FACE_BOUND('',#476,.T.);
#476 = EDGE_LOOP('',(#477,#487,#495));
#477 = ORIENTED_EDGE('',*,*,#478,.T.);
#478 = EDGE_CURVE('',#479,#481,#483,.T.);
#479 = VERTEX_POINT('',#480);
#480 = CARTESIAN_POINT('',(90.5,103.25,17.700000762939));
#481 = VERTEX_POINT('',#482);
#482 = CARTESIAN_POINT('',(96.,101.,17.700000762939));
#483 = LINE('',#484,#485);
#484 = CARTESIAN_POINT('',(90.5,103.25,17.700000762939));
#485 = VECTOR('',#486,1.);
#486 = DIRECTION('',(0.925546956206,-0.378632845721,0.));
#487 = ORIENTED_EDGE('',*,*,#488,.T.);
#488 = EDGE_CURVE('',#481,#489,#491,.T.);
#489 = VERTEX_POINT('',#490);
#490 = CARTESIAN_POINT('',(95.95719909668,100.34700012207,
    17.700000762939));
#491 = LINE('',#492,#493);
#492 = CARTESIAN_POINT('',(96.,101.,17.700000762939));
#493 = VECTOR('',#494,1.);
#494 = DIRECTION('',(-6.540469661219E-02,-0.997858820506,0.));
#495 = ORIENTED_EDGE('',*,*,#496,.T.);
#496 = EDGE_CURVE('',#489,#479,#497,.T.);
#497 = LINE('',#498,#499);
#498 = CARTESIAN_POINT('',(95.95719909668,100.34700012207,
    17.700000762939));
#499 = VECTOR('',#500,1.);
#500 = DIRECTION('',(-0.882856666341,0.469642530758,0.));
#501 = PLANE('',#502);
#502 = AXIS2_PLACEMENT_3D('',#503,#504,#505);
#503 = CARTESIAN_POINT('',(93.379386374203,101.8927237489,
    17.700000762939));
#504 = DIRECTION('',(3.443449633953E-28,7.31943197267E-28,-1.));
#505 = DIRECTION('',(0.,-1.,-7.31943197267E-28));
#506 = ADVANCED_FACE('',(#507),#524,.T.);
#507 = FACE_BOUND('',#508,.T.);
#508 = EDGE_LOOP('',(#509,#510,#518));
#509 = ORIENTED_EDGE('',*,*,#478,.F.);
#510 = ORIENTED_EDGE('',*,*,#511,.T.);
#511 = EDGE_CURVE('',#479,#512,#514,.T.);
#512 = VERTEX_POINT('',#513);
#513 = CARTESIAN_POINT('',(96.,127.,17.700000762939));
#514 = LINE('',#515,#516);
#515 = CARTESIAN_POINT('',(90.5,103.25,17.700000762939));
#516 = VECTOR('',#517,1.);
#517 = DIRECTION('',(0.225608395623,0.974218072007,0.));
#518 = ORIENTED_EDGE('',*,*,#519,.T.);
#519 = EDGE_CURVE('',#512,#481,#520,.T.);
#520 = LINE('',#521,#522);
#521 = CARTESIAN_POINT('',(96.,127.,17.700000762939));
#522 = VECTOR('',#523,1.);
#523 = DIRECTION('',(0.,-1.,0.));
#524 = PLANE('',#525);
#525 = AXIS2_PLACEMENT_3D('',#526,#527,#528);
#526 = CARTESIAN_POINT('',(94.519509665899,113.23402330602,
    17.700000762939));
#527 = DIRECTION('',(-0.,-0.,-1.));
#528 = DIRECTION('',(-1.,0.,0.));
#529 = ADVANCED_FACE('',(#530),#547,.T.);
#530 = FACE_BOUND('',#531,.T.);
#531 = EDGE_LOOP('',(#532,#533,#541));
#532 = ORIENTED_EDGE('',*,*,#496,.F.);
#533 = ORIENTED_EDGE('',*,*,#534,.F.);
#534 = EDGE_CURVE('',#535,#489,#537,.T.);
#535 = VERTEX_POINT('',#536);
#536 = CARTESIAN_POINT('',(95.829597473145,99.705902099609,
    17.700000762939));
#537 = LINE('',#538,#539);
#538 = CARTESIAN_POINT('',(95.829597473145,99.705902099609,
    17.700000762939));
#539 = VECTOR('',#540,1.);
#540 = DIRECTION('',(0.195207015095,0.98076206149,0.));
#541 = ORIENTED_EDGE('',*,*,#542,.T.);
#542 = EDGE_CURVE('',#535,#479,#543,.T.);
#543 = LINE('',#544,#545);
#544 = CARTESIAN_POINT('',(95.829597473145,99.705902099609,
    17.700000762939));
#545 = VECTOR('',#546,1.);
#546 = DIRECTION('',(-0.832696352196,0.553729884546,0.));
#547 = PLANE('',#548);
#548 = AXIS2_PLACEMENT_3D('',#549,#550,#551);
#549 = CARTESIAN_POINT('',(93.329356509125,101.55596934587,
    17.700000762939));
#550 = DIRECTION('',(-0.,-0.,-1.));
#551 = DIRECTION('',(-1.,0.,0.));
#552 = ADVANCED_FACE('',(#553),#577,.T.);
#553 = FACE_BOUND('',#554,.T.);
#554 = EDGE_LOOP('',(#555,#563,#571));
#555 = ORIENTED_EDGE('',*,*,#556,.T.);
#556 = EDGE_CURVE('',#557,#489,#559,.T.);
#557 = VERTEX_POINT('',#558);
#558 = CARTESIAN_POINT('',(95.829597473145,99.705902099609,
    20.700000762939));
#559 = LINE('',#560,#561);
#560 = CARTESIAN_POINT('',(95.829597473145,99.705902099609,
    20.700000762939));
#561 = VECTOR('',#562,1.);
#562 = DIRECTION('',(4.155878031365E-02,0.208800257683,-0.97707487951));
#563 = ORIENTED_EDGE('',*,*,#564,.T.);
#564 = EDGE_CURVE('',#489,#565,#567,.T.);
#565 = VERTEX_POINT('',#566);
#566 = CARTESIAN_POINT('',(95.95719909668,100.34700012207,
    20.700000762939));
#567 = LINE('',#568,#569);
#568 = CARTESIAN_POINT('',(95.95719909668,100.34700012207,
    17.700000762939));
#569 = VECTOR('',#570,1.);
#570 = DIRECTION('',(0.,0.,1.));
#571 = ORIENTED_EDGE('',*,*,#572,.T.);
#572 = EDGE_CURVE('',#565,#557,#573,.T.);
#573 = LINE('',#574,#575);
#574 = CARTESIAN_POINT('',(95.95719909668,100.34700012207,
    20.700000762939));
#575 = VECTOR('',#576,1.);
#576 = DIRECTION('',(-0.195207015095,-0.98076206149,0.));
#577 = PLANE('',#578);
#578 = AXIS2_PLACEMENT_3D('',#579,#580,#581);
#579 = CARTESIAN_POINT('',(95.921863582263,100.16946689178,
    19.345821840818));
#580 = DIRECTION('',(0.98076206149,-0.195207015095,0.));
#581 = DIRECTION('',(0.195207015095,0.98076206149,0.));
#582 = ADVANCED_FACE('',(#583),#593,.T.);
#583 = FACE_BOUND('',#584,.T.);
#584 = EDGE_LOOP('',(#585,#586,#592));
#585 = ORIENTED_EDGE('',*,*,#556,.F.);
#586 = ORIENTED_EDGE('',*,*,#587,.T.);
#587 = EDGE_CURVE('',#557,#535,#588,.T.);
#588 = LINE('',#589,#590);
#589 = CARTESIAN_POINT('',(95.829597473145,99.705902099609,
    20.700000762939));
#590 = VECTOR('',#591,1.);
#591 = DIRECTION('',(0.,0.,-1.));
#592 = ORIENTED_EDGE('',*,*,#534,.T.);
#593 = PLANE('',#594);
#594 = AXIS2_PLACEMENT_3D('',#595,#596,#597);
#595 = CARTESIAN_POINT('',(95.864932987561,99.883435329891,
    19.05417968506));
#596 = DIRECTION('',(0.98076206149,-0.195207015095,-4.151476941885E-18)
  );
#597 = DIRECTION('',(0.195207015095,0.98076206149,0.));
#598 = ADVANCED_FACE('',(#599),#616,.T.);
#599 = FACE_BOUND('',#600,.T.);
#600 = EDGE_LOOP('',(#601,#609,#610));
#601 = ORIENTED_EDGE('',*,*,#602,.T.);
#602 = EDGE_CURVE('',#603,#512,#605,.T.);
#603 = VERTEX_POINT('',#604);
#604 = CARTESIAN_POINT('',(90.5,124.75,17.700000762939));
#605 = LINE('',#606,#607);
#606 = CARTESIAN_POINT('',(90.5,124.75,17.700000762939));
#607 = VECTOR('',#608,1.);
#608 = DIRECTION('',(0.925546956206,0.378632845721,0.));
#609 = ORIENTED_EDGE('',*,*,#511,.F.);
#610 = ORIENTED_EDGE('',*,*,#611,.T.);
#611 = EDGE_CURVE('',#479,#603,#612,.T.);
#612 = LINE('',#613,#614);
#613 = CARTESIAN_POINT('',(90.5,103.25,17.700000762939));
#614 = VECTOR('',#615,1.);
#615 = DIRECTION('',(0.,1.,0.));
#616 = PLANE('',#617);
#617 = AXIS2_PLACEMENT_3D('',#618,#619,#620);
#618 = CARTESIAN_POINT('',(92.109052344891,115.89097669397,
    17.700000762939));
#619 = DIRECTION('',(-0.,-0.,-1.));
#620 = DIRECTION('',(-1.,0.,0.));
#621 = ADVANCED_FACE('',(#622),#639,.T.);
#622 = FACE_BOUND('',#623,.T.);
#623 = EDGE_LOOP('',(#624,#625,#633));
#624 = ORIENTED_EDGE('',*,*,#542,.F.);
#625 = ORIENTED_EDGE('',*,*,#626,.T.);
#626 = EDGE_CURVE('',#535,#627,#629,.T.);
#627 = VERTEX_POINT('',#628);
#628 = CARTESIAN_POINT('',(95.619400024414,99.086601257324,
    17.700000762939));
#629 = LINE('',#630,#631);
#630 = CARTESIAN_POINT('',(95.829597473145,99.705902099609,
    17.700000762939));
#631 = VECTOR('',#632,1.);
#632 = DIRECTION('',(-0.321402638679,-0.946942629651,0.));
#633 = ORIENTED_EDGE('',*,*,#634,.T.);
#634 = EDGE_CURVE('',#627,#479,#635,.T.);
#635 = LINE('',#636,#637);
#636 = CARTESIAN_POINT('',(95.619400024414,99.086601257324,
    17.700000762939));
#637 = VECTOR('',#638,1.);
#638 = DIRECTION('',(-0.775825683724,0.630947310378,0.));
#639 = PLANE('',#640);
#640 = AXIS2_PLACEMENT_3D('',#641,#642,#643);
#641 = CARTESIAN_POINT('',(93.236616746427,101.2285778798,
    17.700000762939));
#642 = DIRECTION('',(-0.,-0.,-1.));
#643 = DIRECTION('',(-1.,0.,0.));
#644 = ADVANCED_FACE('',(#645),#660,.T.);
#645 = FACE_BOUND('',#646,.T.);
#646 = EDGE_LOOP('',(#647,#648,#654));
#647 = ORIENTED_EDGE('',*,*,#602,.F.);
#648 = ORIENTED_EDGE('',*,*,#649,.T.);
#649 = EDGE_CURVE('',#603,#110,#650,.T.);
#650 = LINE('',#651,#652);
#651 = CARTESIAN_POINT('',(90.5,124.75,17.700000762939));
#652 = VECTOR('',#653,1.);
#653 = DIRECTION('',(0.882856666341,0.469642530758,0.));
#654 = ORIENTED_EDGE('',*,*,#655,.F.);
#655 = EDGE_CURVE('',#512,#110,#656,.T.);
#656 = LINE('',#657,#658);
#657 = CARTESIAN_POINT('',(96.,127.,17.700000762939));
#658 = VECTOR('',#659,1.);
#659 = DIRECTION('',(-6.540469661219E-02,0.997858820506,0.));
#660 = PLANE('',#661);
#661 = AXIS2_PLACEMENT_3D('',#662,#663,#664);
#662 = CARTESIAN_POINT('',(93.379386374203,126.10727625109,
    17.700000762939));
#663 = DIRECTION('',(1.386986075049E-28,-2.808172151227E-28,-1.));
#664 = DIRECTION('',(0.,-1.,2.808172151227E-28));
#665 = ADVANCED_FACE('',(#666),#683,.T.);
#666 = FACE_BOUND('',#667,.T.);
#667 = EDGE_LOOP('',(#668,#676,#677));
#668 = ORIENTED_EDGE('',*,*,#669,.T.);
#669 = EDGE_CURVE('',#670,#110,#672,.T.);
#670 = VERTEX_POINT('',#671);
#671 = CARTESIAN_POINT('',(96.,127.,20.700000762939));
#672 = LINE('',#673,#674);
#673 = CARTESIAN_POINT('',(96.,127.,20.700000762939));
#674 = VECTOR('',#675,1.);
#675 = DIRECTION('',(-1.393919208938E-02,0.212665855781,-0.977025553765)
  );
#676 = ORIENTED_EDGE('',*,*,#109,.T.);
#677 = ORIENTED_EDGE('',*,*,#678,.T.);
#678 = EDGE_CURVE('',#77,#670,#679,.T.);
#679 = LINE('',#680,#681);
#680 = CARTESIAN_POINT('',(95.95719909668,127.65299987793,
    20.700000762939));
#681 = VECTOR('',#682,1.);
#682 = DIRECTION('',(6.540469661219E-02,-0.997858820506,0.));
#683 = PLANE('',#684);
#684 = AXIS2_PLACEMENT_3D('',#685,#686,#687);
#685 = CARTESIAN_POINT('',(95.969052800543,127.47215165802,
    19.345965017666));
#686 = DIRECTION('',(0.997858820506,6.540469661219E-02,
    1.998641515509E-18));
#687 = DIRECTION('',(-6.540469661219E-02,0.997858820506,0.));
#688 = ADVANCED_FACE('',(#689),#699,.T.);
#689 = FACE_BOUND('',#690,.T.);
#690 = EDGE_LOOP('',(#691,#692,#698));
#691 = ORIENTED_EDGE('',*,*,#669,.F.);
#692 = ORIENTED_EDGE('',*,*,#693,.T.);
#693 = EDGE_CURVE('',#670,#512,#694,.T.);
#694 = LINE('',#695,#696);
#695 = CARTESIAN_POINT('',(96.,127.,20.700000762939));
#696 = VECTOR('',#697,1.);
#697 = DIRECTION('',(0.,0.,-1.));
#698 = ORIENTED_EDGE('',*,*,#655,.T.);
#699 = PLANE('',#700);
#700 = AXIS2_PLACEMENT_3D('',#701,#702,#703);
#701 = CARTESIAN_POINT('',(95.988146296136,127.1808482199,
    19.054036508213));
#702 = DIRECTION('',(0.997858820506,6.540469661219E-02,
    4.519403294782E-18));
#703 = DIRECTION('',(-6.540469661219E-02,0.997858820506,
    -4.814824860968E-35));
#704 = ADVANCED_FACE('',(#705),#722,.T.);
#705 = FACE_BOUND('',#706,.T.);
#706 = EDGE_LOOP('',(#707,#708,#716));
#707 = ORIENTED_EDGE('',*,*,#634,.F.);
#708 = ORIENTED_EDGE('',*,*,#709,.F.);
#709 = EDGE_CURVE('',#710,#627,#712,.T.);
#710 = VERTEX_POINT('',#711);
#711 = CARTESIAN_POINT('',(95.330101013184,98.5,17.700000762939));
#712 = LINE('',#713,#714);
#713 = CARTESIAN_POINT('',(95.330101013184,98.5,17.700000762939));
#714 = VECTOR('',#715,1.);
#715 = DIRECTION('',(0.442312406378,0.896861045628,0.));
#716 = ORIENTED_EDGE('',*,*,#717,.T.);
#717 = EDGE_CURVE('',#710,#479,#718,.T.);
#718 = LINE('',#719,#720);
#719 = CARTESIAN_POINT('',(95.330101013184,98.5,17.700000762939));
#720 = VECTOR('',#721,1.);
#721 = DIRECTION('',(-0.712994110926,0.701170020597,0.));
#722 = PLANE('',#723);
#723 = AXIS2_PLACEMENT_3D('',#724,#725,#726);
#724 = CARTESIAN_POINT('',(93.102451294938,100.9159086983,
    17.700000762939));
#725 = DIRECTION('',(1.359332480707E-27,1.511567539961E-27,-1.));
#726 = DIRECTION('',(0.,-1.,-1.511567539961E-27));
#727 = ADVANCED_FACE('',(#728),#752,.T.);
#728 = FACE_BOUND('',#729,.T.);
#729 = EDGE_LOOP('',(#730,#738,#746));
#730 = ORIENTED_EDGE('',*,*,#731,.T.);
#731 = EDGE_CURVE('',#732,#627,#734,.T.);
#732 = VERTEX_POINT('',#733);
#733 = CARTESIAN_POINT('',(95.330101013184,98.5,20.700000762939));
#734 = LINE('',#735,#736);
#735 = CARTESIAN_POINT('',(95.330101013184,98.5,20.700000762939));
#736 = VECTOR('',#737,1.);
#737 = DIRECTION('',(9.421973645286E-02,0.191045989521,-0.97704865342));
#738 = ORIENTED_EDGE('',*,*,#739,.T.);
#739 = EDGE_CURVE('',#627,#740,#742,.T.);
#740 = VERTEX_POINT('',#741);
#741 = CARTESIAN_POINT('',(95.619400024414,99.086601257324,
    20.700000762939));
#742 = LINE('',#743,#744);
#743 = CARTESIAN_POINT('',(95.619400024414,99.086601257324,
    17.700000762939));
#744 = VECTOR('',#745,1.);
#745 = DIRECTION('',(0.,0.,1.));
#746 = ORIENTED_EDGE('',*,*,#747,.T.);
#747 = EDGE_CURVE('',#740,#732,#748,.T.);
#748 = LINE('',#749,#750);
#749 = CARTESIAN_POINT('',(95.619400024414,99.086601257324,
    20.700000762939));
#750 = VECTOR('',#751,1.);
#751 = DIRECTION('',(-0.442312406378,-0.896861045628,0.));
#752 = PLANE('',#753);
#753 = AXIS2_PLACEMENT_3D('',#754,#755,#756);
#754 = CARTESIAN_POINT('',(95.53928267195,98.924150167397,
    19.345897989018));
#755 = DIRECTION('',(0.896861045628,-0.442312406378,-8.302585415061E-18)
  );
#756 = DIRECTION('',(0.442312406378,0.896861045628,-3.851859888774E-34)
  );
#757 = ADVANCED_FACE('',(#758),#768,.T.);
#758 = FACE_BOUND('',#759,.T.);
#759 = EDGE_LOOP('',(#760,#761,#767));
#760 = ORIENTED_EDGE('',*,*,#731,.F.);
#761 = ORIENTED_EDGE('',*,*,#762,.T.);
#762 = EDGE_CURVE('',#732,#710,#763,.T.);
#763 = LINE('',#764,#765);
#764 = CARTESIAN_POINT('',(95.330101013184,98.5,20.700000762939));
#765 = VECTOR('',#766,1.);
#766 = DIRECTION('',(0.,0.,-1.));
#767 = ORIENTED_EDGE('',*,*,#709,.T.);
#768 = PLANE('',#769);
#769 = AXIS2_PLACEMENT_3D('',#770,#771,#772);
#770 = CARTESIAN_POINT('',(95.410218365648,98.662451089927,
    19.054103536861));
#771 = DIRECTION('',(0.896861045628,-0.442312406378,0.));
#772 = DIRECTION('',(0.442312406378,0.896861045628,0.));
#773 = ADVANCED_FACE('',(#774),#784,.T.);
#774 = FACE_BOUND('',#775,.T.);
#775 = EDGE_LOOP('',(#776,#777,#783));
#776 = ORIENTED_EDGE('',*,*,#649,.F.);
#777 = ORIENTED_EDGE('',*,*,#778,.T.);
#778 = EDGE_CURVE('',#603,#79,#779,.T.);
#779 = LINE('',#780,#781);
#780 = CARTESIAN_POINT('',(90.5,124.75,17.700000762939));
#781 = VECTOR('',#782,1.);
#782 = DIRECTION('',(0.832702947696,0.553719966136,0.));
#783 = ORIENTED_EDGE('',*,*,#117,.T.);
#784 = PLANE('',#785);
#785 = AXIS2_PLACEMENT_3D('',#786,#787,#788);
#786 = CARTESIAN_POINT('',(93.329339744325,126.44399558136,
    17.700000762939));
#787 = DIRECTION('',(-1.046852204811E-27,1.762608894172E-27,-1.));
#788 = DIRECTION('',(0.,-1.,-1.762608894172E-27));
#789 = ADVANCED_FACE('',(#790),#807,.T.);
#790 = FACE_BOUND('',#791,.T.);
#791 = EDGE_LOOP('',(#792,#793,#801));
#792 = ORIENTED_EDGE('',*,*,#717,.F.);
#793 = ORIENTED_EDGE('',*,*,#794,.T.);
#794 = EDGE_CURVE('',#710,#795,#797,.T.);
#795 = VERTEX_POINT('',#796);
#796 = CARTESIAN_POINT('',(94.966796875,97.956199645996,17.700000762939)
  );
#797 = LINE('',#798,#799);
#798 = CARTESIAN_POINT('',(95.330101013184,98.5,17.700000762939));
#799 = VECTOR('',#800,1.);
#800 = DIRECTION('',(-0.555515641097,-0.831506086867,0.));
#801 = ORIENTED_EDGE('',*,*,#802,.T.);
#802 = EDGE_CURVE('',#795,#479,#803,.T.);
#803 = LINE('',#804,#805);
#804 = CARTESIAN_POINT('',(94.966796875,97.956199645996,17.700000762939)
  );
#805 = VECTOR('',#806,1.);
#806 = DIRECTION('',(-0.644883827591,0.764280608751,0.));
#807 = PLANE('',#808);
#808 = AXIS2_PLACEMENT_3D('',#809,#810,#811);
#809 = CARTESIAN_POINT('',(92.9291512354,100.62321291207,17.700000762939
    ));
#810 = DIRECTION('',(-0.,-0.,-1.));
#811 = DIRECTION('',(-1.,0.,0.));
#812 = ADVANCED_FACE('',(#813),#830,.T.);
#813 = FACE_BOUND('',#814,.T.);
#814 = EDGE_LOOP('',(#815,#816,#824));
#815 = ORIENTED_EDGE('',*,*,#778,.F.);
#816 = ORIENTED_EDGE('',*,*,#817,.T.);
#817 = EDGE_CURVE('',#603,#818,#820,.T.);
#818 = VERTEX_POINT('',#819);
#819 = CARTESIAN_POINT('',(95.619400024414,128.91299438476,
    17.700000762939));
#820 = LINE('',#821,#822);
#821 = CARTESIAN_POINT('',(90.5,124.75,17.700000762939));
#822 = VECTOR('',#823,1.);
#823 = DIRECTION('',(0.775855680348,0.630910424127,0.));
#824 = ORIENTED_EDGE('',*,*,#825,.T.);
#825 = EDGE_CURVE('',#818,#79,#826,.T.);
#826 = LINE('',#827,#828);
#827 = CARTESIAN_POINT('',(95.619400024414,128.91299438476,
    17.700000762939));
#828 = VECTOR('',#829,1.);
#829 = DIRECTION('',(0.321548269883,-0.946893188346,0.));
#830 = PLANE('',#831);
#831 = AXIS2_PLACEMENT_3D('',#832,#833,#834);
#832 = CARTESIAN_POINT('',(93.236566342548,126.77125111774,
    17.700000762939));
#833 = DIRECTION('',(3.11136263803E-28,-4.042373922726E-28,-1.));
#834 = DIRECTION('',(0.,-1.,4.042373922726E-28));
#835 = ADVANCED_FACE('',(#836),#853,.T.);
#836 = FACE_BOUND('',#837,.T.);
#837 = EDGE_LOOP('',(#838,#839,#847));
#838 = ORIENTED_EDGE('',*,*,#802,.F.);
#839 = ORIENTED_EDGE('',*,*,#840,.T.);
#840 = EDGE_CURVE('',#795,#841,#843,.T.);
#841 = VERTEX_POINT('',#842);
#842 = CARTESIAN_POINT('',(94.535499572754,97.464500427246,
    17.700000762939));
#843 = LINE('',#844,#845);
#844 = CARTESIAN_POINT('',(94.966796875,97.956199645996,17.700000762939)
  );
#845 = VECTOR('',#846,1.);
#846 = DIRECTION('',(-0.659422436226,-0.751772605648,0.));
#847 = ORIENTED_EDGE('',*,*,#848,.T.);
#848 = EDGE_CURVE('',#841,#479,#849,.T.);
#849 = LINE('',#850,#851);
#850 = CARTESIAN_POINT('',(94.535499572754,97.464500427246,
    17.700000762939));
#851 = VECTOR('',#852,1.);
#852 = DIRECTION('',(-0.572096206493,0.820186521784,0.));
#853 = PLANE('',#854);
#854 = AXIS2_PLACEMENT_3D('',#855,#856,#857);
#855 = CARTESIAN_POINT('',(92.719633331133,100.35531419593,
    17.700000762939));
#856 = DIRECTION('',(-0.,-0.,-1.));
#857 = DIRECTION('',(-1.,0.,0.));
#858 = ADVANCED_FACE('',(#859),#876,.T.);
#859 = FACE_BOUND('',#860,.T.);
#860 = EDGE_LOOP('',(#861,#862,#870));
#861 = ORIENTED_EDGE('',*,*,#817,.F.);
#862 = ORIENTED_EDGE('',*,*,#863,.T.);
#863 = EDGE_CURVE('',#603,#864,#866,.T.);
#864 = VERTEX_POINT('',#865);
#865 = CARTESIAN_POINT('',(95.330101013184,129.5,17.700000762939));
#866 = LINE('',#867,#868);
#867 = CARTESIAN_POINT('',(90.5,124.75,17.700000762939));
#868 = VECTOR('',#869,1.);
#869 = DIRECTION('',(0.712994110926,0.701170020597,0.));
#870 = ORIENTED_EDGE('',*,*,#871,.F.);
#871 = EDGE_CURVE('',#818,#864,#872,.T.);
#872 = LINE('',#873,#874);
#873 = CARTESIAN_POINT('',(95.619400024414,128.91299438476,
    17.700000762939));
#874 = VECTOR('',#875,1.);
#875 = DIRECTION('',(-0.442067279511,0.896981895239,0.));
#876 = PLANE('',#877);
#877 = AXIS2_PLACEMENT_3D('',#878,#879,#880);
#878 = CARTESIAN_POINT('',(93.102513408933,127.08404623539,
    17.700000762939));
#879 = DIRECTION('',(-0.,-0.,-1.));
#880 = DIRECTION('',(-1.,0.,0.));
#881 = ADVANCED_FACE('',(#882),#908,.T.);
#882 = FACE_BOUND('',#883,.T.);
#883 = EDGE_LOOP('',(#884,#894,#902));
#884 = ORIENTED_EDGE('',*,*,#885,.T.);
#885 = EDGE_CURVE('',#886,#888,#890,.T.);
#886 = VERTEX_POINT('',#887);
#887 = CARTESIAN_POINT('',(94.966796875,130.04400634765,20.700000762939)
  );
#888 = VERTEX_POINT('',#889);
#889 = CARTESIAN_POINT('',(94.535499572754,130.53599548339,
    17.700000762939));
#890 = LINE('',#891,#892);
#891 = CARTESIAN_POINT('',(94.966796875,130.04400634765,20.700000762939)
  );
#892 = VECTOR('',#893,1.);
#893 = DIRECTION('',(-0.140464095512,0.160230097879,-0.977034366645));
#894 = ORIENTED_EDGE('',*,*,#895,.T.);
#895 = EDGE_CURVE('',#888,#896,#898,.T.);
#896 = VERTEX_POINT('',#897);
#897 = CARTESIAN_POINT('',(94.535499572754,130.53599548339,
    20.700000762939));
#898 = LINE('',#899,#900);
#899 = CARTESIAN_POINT('',(94.535499572754,130.53599548339,
    17.700000762939));
#900 = VECTOR('',#901,1.);
#901 = DIRECTION('',(0.,0.,1.));
#902 = ORIENTED_EDGE('',*,*,#903,.T.);
#903 = EDGE_CURVE('',#896,#886,#904,.T.);
#904 = LINE('',#905,#906);
#905 = CARTESIAN_POINT('',(94.535499572754,130.53599548339,
    20.700000762939));
#906 = VECTOR('',#907,1.);
#907 = DIRECTION('',(0.659202740402,-0.751965256542,0.));
#908 = PLANE('',#909);
#909 = AXIS2_PLACEMENT_3D('',#910,#911,#912);
#910 = CARTESIAN_POINT('',(94.654945041562,130.39974173763,
    19.345939449808));
#911 = DIRECTION('',(0.751965256542,0.659202740402,-4.981430908977E-17)
  );
#912 = DIRECTION('',(-0.659202740402,0.751965256542,3.08148791102E-33));
#913 = ADVANCED_FACE('',(#914),#931,.T.);
#914 = FACE_BOUND('',#915,.T.);
#915 = EDGE_LOOP('',(#916,#917,#925));
#916 = ORIENTED_EDGE('',*,*,#885,.F.);
#917 = ORIENTED_EDGE('',*,*,#918,.F.);
#918 = EDGE_CURVE('',#919,#886,#921,.T.);
#919 = VERTEX_POINT('',#920);
#920 = CARTESIAN_POINT('',(94.966796875,130.04400634765,17.700000762939)
  );
#921 = LINE('',#922,#923);
#922 = CARTESIAN_POINT('',(94.966796875,130.04400634765,17.700000762939)
  );
#923 = VECTOR('',#924,1.);
#924 = DIRECTION('',(0.,0.,1.));
#925 = ORIENTED_EDGE('',*,*,#926,.T.);
#926 = EDGE_CURVE('',#919,#888,#927,.T.);
#927 = LINE('',#928,#929);
#928 = CARTESIAN_POINT('',(94.966796875,130.04400634765,17.700000762939)
  );
#929 = VECTOR('',#930,1.);
#930 = DIRECTION('',(-0.659202740402,0.751965256542,0.));
#931 = PLANE('',#932);
#932 = AXIS2_PLACEMENT_3D('',#933,#934,#935);
#933 = CARTESIAN_POINT('',(94.847351406192,130.18026009341,
    19.054062076071));
#934 = DIRECTION('',(0.751965256542,0.659202740402,0.));
#935 = DIRECTION('',(-0.659202740402,0.751965256542,0.));
#936 = ADVANCED_FACE('',(#937),#954,.T.);
#937 = FACE_BOUND('',#938,.T.);
#938 = EDGE_LOOP('',(#939,#947,#948));
#939 = ORIENTED_EDGE('',*,*,#940,.T.);
#940 = EDGE_CURVE('',#941,#919,#943,.T.);
#941 = VERTEX_POINT('',#942);
#942 = CARTESIAN_POINT('',(95.330101013184,129.5,20.700000762939));
#943 = LINE('',#944,#945);
#944 = CARTESIAN_POINT('',(95.330101013184,129.5,20.700000762939));
#945 = VECTOR('',#946,1.);
#946 = DIRECTION('',(-0.118321074642,0.177172261204,-0.977041510457));
#947 = ORIENTED_EDGE('',*,*,#918,.T.);
#948 = ORIENTED_EDGE('',*,*,#949,.T.);
#949 = EDGE_CURVE('',#886,#941,#950,.T.);
#950 = LINE('',#951,#952);
#951 = CARTESIAN_POINT('',(94.966796875,130.04400634765,20.700000762939)
  );
#952 = VECTOR('',#953,1.);
#953 = DIRECTION('',(0.555370177893,-0.831603250058,0.));
#954 = PLANE('',#955);
#955 = AXIS2_PLACEMENT_3D('',#956,#957,#958);
#956 = CARTESIAN_POINT('',(95.06741046229,129.8933490212,19.345918720057
    ));
#957 = DIRECTION('',(0.831603250058,0.555370177893,1.660497024739E-17));
#958 = DIRECTION('',(-0.555370177893,0.831603250058,0.));
#959 = ADVANCED_FACE('',(#960),#975,.T.);
#960 = FACE_BOUND('',#961,.T.);
#961 = EDGE_LOOP('',(#962,#963,#969));
#962 = ORIENTED_EDGE('',*,*,#940,.F.);
#963 = ORIENTED_EDGE('',*,*,#964,.F.);
#964 = EDGE_CURVE('',#864,#941,#965,.T.);
#965 = LINE('',#966,#967);
#966 = CARTESIAN_POINT('',(95.330101013184,129.5,17.700000762939));
#967 = VECTOR('',#968,1.);
#968 = DIRECTION('',(0.,0.,1.));
#969 = ORIENTED_EDGE('',*,*,#970,.T.);
#970 = EDGE_CURVE('',#864,#919,#971,.T.);
#971 = LINE('',#972,#973);
#972 = CARTESIAN_POINT('',(95.330101013184,129.5,17.700000762939));
#973 = VECTOR('',#974,1.);
#974 = DIRECTION('',(-0.555370177893,0.831603250058,0.));
#975 = PLANE('',#976);
#976 = AXIS2_PLACEMENT_3D('',#977,#978,#979);
#977 = CARTESIAN_POINT('',(95.229487425894,129.65065732644,
    19.054082805822));
#978 = DIRECTION('',(0.831603250058,0.555370177893,0.));
#979 = DIRECTION('',(-0.555370177893,0.831603250058,0.));
#980 = ADVANCED_FACE('',(#981),#998,.T.);
#981 = FACE_BOUND('',#982,.T.);
#982 = EDGE_LOOP('',(#983,#991,#992));
#983 = ORIENTED_EDGE('',*,*,#984,.T.);
#984 = EDGE_CURVE('',#985,#864,#987,.T.);
#985 = VERTEX_POINT('',#986);
#986 = CARTESIAN_POINT('',(95.619400024414,128.91299438476,
    20.700000762939));
#987 = LINE('',#988,#989);
#988 = CARTESIAN_POINT('',(95.619400024414,128.91299438476,
    20.700000762939));
#989 = VECTOR('',#990,1.);
#990 = DIRECTION('',(-9.421736522138E-02,0.191172870596,-0.977024064002)
  );
#991 = ORIENTED_EDGE('',*,*,#964,.T.);
#992 = ORIENTED_EDGE('',*,*,#993,.T.);
#993 = EDGE_CURVE('',#941,#985,#994,.T.);
#994 = LINE('',#995,#996);
#995 = CARTESIAN_POINT('',(95.330101013184,129.5,20.700000762939));
#996 = VECTOR('',#997,1.);
#997 = DIRECTION('',(0.442067279511,-0.896981895239,0.));
#998 = PLANE('',#999);
#999 = AXIS2_PLACEMENT_3D('',#1000,#1001,#1002);
#1000 = CARTESIAN_POINT('',(95.410222587402,129.33742836255,
    19.34596933919));
#1001 = DIRECTION('',(0.896981895239,0.442067279511,1.660448056485E-17)
  );
#1002 = DIRECTION('',(-0.442067279511,0.896981895239,0.));
#1003 = ADVANCED_FACE('',(#1004),#1014,.T.);
#1004 = FACE_BOUND('',#1005,.T.);
#1005 = EDGE_LOOP('',(#1006,#1007,#1013));
#1006 = ORIENTED_EDGE('',*,*,#984,.F.);
#1007 = ORIENTED_EDGE('',*,*,#1008,.T.);
#1008 = EDGE_CURVE('',#985,#818,#1009,.T.);
#1009 = LINE('',#1010,#1011);
#1010 = CARTESIAN_POINT('',(95.619400024414,128.91299438476,
    20.700000762939));
#1011 = VECTOR('',#1012,1.);
#1012 = DIRECTION('',(0.,0.,-1.));
#1013 = ORIENTED_EDGE('',*,*,#871,.T.);
#1014 = PLANE('',#1015);
#1015 = AXIS2_PLACEMENT_3D('',#1016,#1017,#1018);
#1016 = CARTESIAN_POINT('',(95.539278450196,129.07556602221,
    19.054032186689));
#1017 = DIRECTION('',(0.896981895239,0.442067279511,-8.302240282427E-18)
  );
#1018 = DIRECTION('',(-0.442067279511,0.896981895239,3.851859888774E-34)
  );
#1019 = ADVANCED_FACE('',(#1020),#1037,.T.);
#1020 = FACE_BOUND('',#1021,.T.);
#1021 = EDGE_LOOP('',(#1022,#1023,#1031));
#1022 = ORIENTED_EDGE('',*,*,#848,.F.);
#1023 = ORIENTED_EDGE('',*,*,#1024,.T.);
#1024 = EDGE_CURVE('',#841,#1025,#1027,.T.);
#1025 = VERTEX_POINT('',#1026);
#1026 = CARTESIAN_POINT('',(94.043800354004,97.033203125,17.700000762939
    ));
#1027 = LINE('',#1028,#1029);
#1028 = CARTESIAN_POINT('',(94.535499572754,97.464500427246,
    17.700000762939));
#1029 = VECTOR('',#1030,1.);
#1030 = DIRECTION('',(-0.751772605648,-0.659422436226,0.));
#1031 = ORIENTED_EDGE('',*,*,#1032,.T.);
#1032 = EDGE_CURVE('',#1025,#479,#1033,.T.);
#1033 = LINE('',#1034,#1035);
#1034 = CARTESIAN_POINT('',(94.043800354004,97.033203125,17.700000762939
    ));
#1035 = VECTOR('',#1036,1.);
#1036 = DIRECTION('',(-0.495226895568,0.868763674371,0.));
#1037 = PLANE('',#1038);
#1038 = AXIS2_PLACEMENT_3D('',#1039,#1040,#1041);
#1039 = CARTESIAN_POINT('',(92.477359071545,100.11665164979,
    17.700000762939));
#1040 = DIRECTION('',(9.784089456595E-29,5.929762186197E-29,-1.));
#1041 = DIRECTION('',(-1.,0.,-9.784089456595E-29));
#1042 = ADVANCED_FACE('',(#1043),#1053,.T.);
#1043 = FACE_BOUND('',#1044,.T.);
#1044 = EDGE_LOOP('',(#1045,#1046,#1052));
#1045 = ORIENTED_EDGE('',*,*,#863,.F.);
#1046 = ORIENTED_EDGE('',*,*,#1047,.T.);
#1047 = EDGE_CURVE('',#603,#919,#1048,.T.);
#1048 = LINE('',#1049,#1050);
#1049 = CARTESIAN_POINT('',(90.5,124.75,17.700000762939));
#1050 = VECTOR('',#1051,1.);
#1051 = DIRECTION('',(0.644869169848,0.764292976403,0.));
#1052 = ORIENTED_EDGE('',*,*,#970,.F.);
#1053 = PLANE('',#1054);
#1054 = AXIS2_PLACEMENT_3D('',#1055,#1056,#1057);
#1055 = CARTESIAN_POINT('',(92.929175570477,127.37687027988,
    17.700000762939));
#1056 = DIRECTION('',(-0.,-0.,-1.));
#1057 = DIRECTION('',(-1.,0.,0.));
#1058 = ADVANCED_FACE('',(#1059),#1076,.T.);
#1059 = FACE_BOUND('',#1060,.T.);
#1060 = EDGE_LOOP('',(#1061,#1062,#1070));
#1061 = ORIENTED_EDGE('',*,*,#1032,.F.);
#1062 = ORIENTED_EDGE('',*,*,#1063,.F.);
#1063 = EDGE_CURVE('',#1064,#1025,#1066,.T.);
#1064 = VERTEX_POINT('',#1065);
#1065 = CARTESIAN_POINT('',(93.5,96.669898986816,17.700000762939));
#1066 = LINE('',#1067,#1068);
#1067 = CARTESIAN_POINT('',(93.5,96.669898986816,17.700000762939));
#1068 = VECTOR('',#1069,1.);
#1069 = DIRECTION('',(0.831506086867,0.555515641097,0.));
#1070 = ORIENTED_EDGE('',*,*,#1071,.T.);
#1071 = EDGE_CURVE('',#1064,#479,#1072,.T.);
#1072 = LINE('',#1073,#1074);
#1073 = CARTESIAN_POINT('',(93.5,96.669898986816,17.700000762939));
#1074 = VECTOR('',#1075,1.);
#1075 = DIRECTION('',(-0.414839247838,0.909894718335,0.));
#1076 = PLANE('',#1077);
#1077 = AXIS2_PLACEMENT_3D('',#1078,#1079,#1080);
#1078 = CARTESIAN_POINT('',(92.206394387208,99.911218786682,
    17.700000762939));
#1079 = DIRECTION('',(4.841187647687E-28,2.479390478356E-28,-1.));
#1080 = DIRECTION('',(-1.,0.,-4.841187647687E-28));
#1081 = ADVANCED_FACE('',(#1082),#1108,.T.);
#1082 = FACE_BOUND('',#1083,.T.);
#1083 = EDGE_LOOP('',(#1084,#1094,#1102));
#1084 = ORIENTED_EDGE('',*,*,#1085,.T.);
#1085 = EDGE_CURVE('',#1086,#1088,#1090,.T.);
#1086 = VERTEX_POINT('',#1087);
#1087 = CARTESIAN_POINT('',(14.5,96.669898986816,17.700000762939));
#1088 = VERTEX_POINT('',#1089);
#1089 = CARTESIAN_POINT('',(15.08660030365,96.380599975586,
    20.700000762939));
#1090 = LINE('',#1091,#1092);
#1091 = CARTESIAN_POINT('',(14.5,96.669898986816,17.700000762939));
#1092 = VECTOR('',#1093,1.);
#1093 = DIRECTION('',(0.191045690262,-9.421974204367E-02,0.977048711396)
  );
#1094 = ORIENTED_EDGE('',*,*,#1095,.T.);
#1095 = EDGE_CURVE('',#1088,#1096,#1098,.T.);
#1096 = VERTEX_POINT('',#1097);
#1097 = CARTESIAN_POINT('',(14.5,96.669898986816,20.700000762939));
#1098 = LINE('',#1099,#1100);
#1099 = CARTESIAN_POINT('',(15.08660030365,96.380599975586,
    20.700000762939));
#1100 = VECTOR('',#1101,1.);
#1101 = DIRECTION('',(-0.896860760367,0.442312984789,0.));
#1102 = ORIENTED_EDGE('',*,*,#1103,.T.);
#1103 = EDGE_CURVE('',#1096,#1086,#1104,.T.);
#1104 = LINE('',#1105,#1106);
#1105 = CARTESIAN_POINT('',(14.5,96.669898986816,20.700000762939));
#1106 = VECTOR('',#1107,1.);
#1107 = DIRECTION('',(0.,0.,-1.));
#1108 = PLANE('',#1109);
#1109 = AXIS2_PLACEMENT_3D('',#1110,#1111,#1112);
#1110 = CARTESIAN_POINT('',(14.662450805632,96.589781644308,
    19.345897820739));
#1111 = DIRECTION('',(-0.442312984789,-0.896860760367,-0.));
#1112 = DIRECTION('',(-0.896860760367,0.442312984789,0.));
#1113 = ADVANCED_FACE('',(#1114),#1131,.T.);
#1114 = FACE_BOUND('',#1115,.T.);
#1115 = EDGE_LOOP('',(#1116,#1117,#1125));
#1116 = ORIENTED_EDGE('',*,*,#1085,.F.);
#1117 = ORIENTED_EDGE('',*,*,#1118,.T.);
#1118 = EDGE_CURVE('',#1086,#1119,#1121,.T.);
#1119 = VERTEX_POINT('',#1120);
#1120 = CARTESIAN_POINT('',(15.08660030365,96.380599975586,
    17.700000762939));
#1121 = LINE('',#1122,#1123);
#1122 = CARTESIAN_POINT('',(14.5,96.669898986816,17.700000762939));
#1123 = VECTOR('',#1124,1.);
#1124 = DIRECTION('',(0.896860760367,-0.442312984789,0.));
#1125 = ORIENTED_EDGE('',*,*,#1126,.F.);
#1126 = EDGE_CURVE('',#1088,#1119,#1127,.T.);
#1127 = LINE('',#1128,#1129);
#1128 = CARTESIAN_POINT('',(15.08660030365,96.380599975586,
    20.700000762939));
#1129 = VECTOR('',#1130,1.);
#1130 = DIRECTION('',(0.,0.,-1.));
#1131 = PLANE('',#1132);
#1132 = AXIS2_PLACEMENT_3D('',#1133,#1134,#1135);
#1133 = CARTESIAN_POINT('',(14.924149498018,96.460717318094,
    19.05410370514));
#1134 = DIRECTION('',(-0.442312984789,-0.896860760367,3.321034491677E-17
    ));
#1135 = DIRECTION('',(-0.896860760367,0.442312984789,-1.54074395551E-33)
  );
#1136 = ADVANCED_FACE('',(#1137),#1154,.T.);
#1137 = FACE_BOUND('',#1138,.T.);
#1138 = EDGE_LOOP('',(#1139,#1147,#1153));
#1139 = ORIENTED_EDGE('',*,*,#1140,.T.);
#1140 = EDGE_CURVE('',#1119,#1141,#1143,.T.);
#1141 = VERTEX_POINT('',#1142);
#1142 = CARTESIAN_POINT('',(15.705900192261,96.170402526855,
    20.700000762939));
#1143 = LINE('',#1144,#1145);
#1144 = CARTESIAN_POINT('',(15.08660030365,96.380599975586,
    17.700000762939));
#1145 = VECTOR('',#1146,1.);
#1146 = DIRECTION('',(0.20169622591,-6.845800053331E-02,0.977052779852)
  );
#1147 = ORIENTED_EDGE('',*,*,#1148,.T.);
#1148 = EDGE_CURVE('',#1141,#1088,#1149,.T.);
#1149 = LINE('',#1150,#1151);
#1150 = CARTESIAN_POINT('',(15.705900192261,96.170402526855,
    20.700000762939));
#1151 = VECTOR('',#1152,1.);
#1152 = DIRECTION('',(-0.946942479017,0.321403082488,0.));
#1153 = ORIENTED_EDGE('',*,*,#1126,.T.);
#1154 = PLANE('',#1155);
#1155 = AXIS2_PLACEMENT_3D('',#1156,#1157,#1158);
#1156 = CARTESIAN_POINT('',(15.258105309355,96.322389219688,
    19.345886011159));
#1157 = DIRECTION('',(-0.321403082488,-0.946942479017,
    -3.321057346105E-17));
#1158 = DIRECTION('',(-0.946942479017,0.321403082488,0.));
#1159 = ADVANCED_FACE('',(#1160),#1177,.T.);
#1160 = FACE_BOUND('',#1161,.T.);
#1161 = EDGE_LOOP('',(#1162,#1163,#1171));
#1162 = ORIENTED_EDGE('',*,*,#1140,.F.);
#1163 = ORIENTED_EDGE('',*,*,#1164,.T.);
#1164 = EDGE_CURVE('',#1119,#1165,#1167,.T.);
#1165 = VERTEX_POINT('',#1166);
#1166 = CARTESIAN_POINT('',(15.705900192261,96.170402526855,
    17.700000762939));
#1167 = LINE('',#1168,#1169);
#1168 = CARTESIAN_POINT('',(15.08660030365,96.380599975586,
    17.700000762939));
#1169 = VECTOR('',#1170,1.);
#1170 = DIRECTION('',(0.946942479017,-0.321403082488,0.));
#1171 = ORIENTED_EDGE('',*,*,#1172,.F.);
#1172 = EDGE_CURVE('',#1141,#1165,#1173,.T.);
#1173 = LINE('',#1174,#1175);
#1174 = CARTESIAN_POINT('',(15.705900192261,96.170402526855,
    20.700000762939));
#1175 = VECTOR('',#1176,1.);
#1176 = DIRECTION('',(0.,0.,-1.));
#1177 = PLANE('',#1178);
#1178 = AXIS2_PLACEMENT_3D('',#1179,#1180,#1181);
#1179 = CARTESIAN_POINT('',(15.534395186556,96.228613282754,
    19.05411551472));
#1180 = DIRECTION('',(-0.321403082488,-0.946942479017,1.660528673052E-17
    ));
#1181 = DIRECTION('',(-0.946942479017,0.321403082488,0.));
#1182 = ADVANCED_FACE('',(#1183),#1200,.T.);
#1183 = FACE_BOUND('',#1184,.T.);
#1184 = EDGE_LOOP('',(#1185,#1193,#1199));
#1185 = ORIENTED_EDGE('',*,*,#1186,.T.);
#1186 = EDGE_CURVE('',#1165,#1187,#1189,.T.);
#1187 = VERTEX_POINT('',#1188);
#1188 = CARTESIAN_POINT('',(16.347400665283,96.04280090332,
    20.700000762939));
#1189 = LINE('',#1190,#1191);
#1190 = CARTESIAN_POINT('',(15.705900192261,96.170402526855,
    17.700000762939));
#1191 = VECTOR('',#1192,1.);
#1192 = DIRECTION('',(0.208925612775,-4.155764260407E-02,0.977048131193)
  );
#1193 = ORIENTED_EDGE('',*,*,#1194,.T.);
#1194 = EDGE_CURVE('',#1187,#1141,#1195,.T.);
#1195 = LINE('',#1196,#1197);
#1196 = CARTESIAN_POINT('',(16.347400665283,96.04280090332,
    20.700000762939));
#1197 = VECTOR('',#1198,1.);
#1198 = DIRECTION('',(-0.980785501045,0.195089212769,0.));
#1199 = ORIENTED_EDGE('',*,*,#1172,.T.);
#1200 = PLANE('',#1201);
#1201 = AXIS2_PLACEMENT_3D('',#1202,#1203,#1204);
#1202 = CARTESIAN_POINT('',(15.883555058127,96.135064985783,
    19.345899504807));
#1203 = DIRECTION('',(-0.195089212769,-0.980785501045,1.660515616348E-17
    ));
#1204 = DIRECTION('',(-0.980785501045,0.195089212769,0.));
#1205 = ADVANCED_FACE('',(#1206),#1223,.T.);
#1206 = FACE_BOUND('',#1207,.T.);
#1207 = EDGE_LOOP('',(#1208,#1209,#1217));
#1208 = ORIENTED_EDGE('',*,*,#1186,.F.);
#1209 = ORIENTED_EDGE('',*,*,#1210,.T.);
#1210 = EDGE_CURVE('',#1165,#1211,#1213,.T.);
#1211 = VERTEX_POINT('',#1212);
#1212 = CARTESIAN_POINT('',(16.347400665283,96.04280090332,
    17.700000762939));
#1213 = LINE('',#1214,#1215);
#1214 = CARTESIAN_POINT('',(15.705900192261,96.170402526855,
    17.700000762939));
#1215 = VECTOR('',#1216,1.);
#1216 = DIRECTION('',(0.980785501045,-0.195089212769,0.));
#1217 = ORIENTED_EDGE('',*,*,#1218,.T.);
#1218 = EDGE_CURVE('',#1211,#1187,#1219,.T.);
#1219 = LINE('',#1220,#1221);
#1220 = CARTESIAN_POINT('',(16.347400665283,96.04280090332,
    17.700000762939));
#1221 = VECTOR('',#1222,1.);
#1222 = DIRECTION('',(0.,0.,1.));
#1223 = PLANE('',#1224);
#1224 = AXIS2_PLACEMENT_3D('',#1225,#1226,#1227);
#1225 = CARTESIAN_POINT('',(16.169745799417,96.078138444393,
    19.054102021072));
#1226 = DIRECTION('',(-0.195089212769,-0.980785501045,
    -8.302578081739E-18));
#1227 = DIRECTION('',(-0.980785501045,0.195089212769,0.));
#1228 = ADVANCED_FACE('',(#1229),#1246,.T.);
#1229 = FACE_BOUND('',#1230,.T.);
#1230 = EDGE_LOOP('',(#1231,#1239,#1245));
#1231 = ORIENTED_EDGE('',*,*,#1232,.T.);
#1232 = EDGE_CURVE('',#1211,#1233,#1235,.T.);
#1233 = VERTEX_POINT('',#1234);
#1234 = CARTESIAN_POINT('',(17.,96.,20.700000762939));
#1235 = LINE('',#1236,#1237);
#1236 = CARTESIAN_POINT('',(16.347400665283,96.04280090332,
    17.700000762939));
#1237 = VECTOR('',#1238,1.);
#1238 = DIRECTION('',(0.212541303309,-1.393957868263E-02,0.97705265085)
  );
#1239 = ORIENTED_EDGE('',*,*,#1240,.T.);
#1240 = EDGE_CURVE('',#1233,#1187,#1241,.T.);
#1241 = LINE('',#1242,#1243);
#1242 = CARTESIAN_POINT('',(17.,96.,20.700000762939));
#1243 = VECTOR('',#1244,1.);
#1244 = DIRECTION('',(-0.997856199782,6.544466790327E-02,0.));
#1245 = ORIENTED_EDGE('',*,*,#1218,.F.);
#1246 = PLANE('',#1247);
#1247 = AXIS2_PLACEMENT_3D('',#1248,#1249,#1250);
#1248 = CARTESIAN_POINT('',(16.528127459578,96.030947887789,
    19.345886385633));
#1249 = DIRECTION('',(-6.544466790327E-02,-0.997856199782,
    7.594842967847E-19));
#1250 = DIRECTION('',(-0.997856199782,6.544466790327E-02,
    -6.01853107621E-36));
#1251 = ADVANCED_FACE('',(#1252),#1269,.T.);
#1252 = FACE_BOUND('',#1253,.T.);
#1253 = EDGE_LOOP('',(#1254,#1255,#1263));
#1254 = ORIENTED_EDGE('',*,*,#1232,.F.);
#1255 = ORIENTED_EDGE('',*,*,#1256,.T.);
#1256 = EDGE_CURVE('',#1211,#1257,#1259,.T.);
#1257 = VERTEX_POINT('',#1258);
#1258 = CARTESIAN_POINT('',(17.,96.,17.700000762939));
#1259 = LINE('',#1260,#1261);
#1260 = CARTESIAN_POINT('',(16.347400665283,96.04280090332,
    17.700000762939));
#1261 = VECTOR('',#1262,1.);
#1262 = DIRECTION('',(0.997856199782,-6.544466790327E-02,0.));
#1263 = ORIENTED_EDGE('',*,*,#1264,.F.);
#1264 = EDGE_CURVE('',#1233,#1257,#1265,.T.);
#1265 = LINE('',#1266,#1267);
#1266 = CARTESIAN_POINT('',(17.,96.,20.700000762939));
#1267 = VECTOR('',#1268,1.);
#1268 = DIRECTION('',(0.,0.,-1.));
#1269 = PLANE('',#1270);
#1270 = AXIS2_PLACEMENT_3D('',#1271,#1272,#1273);
#1271 = CARTESIAN_POINT('',(16.819273205705,96.011853015531,
    19.054115140246));
#1272 = DIRECTION('',(-6.544466790327E-02,-0.997856199782,
    7.594842967847E-19));
#1273 = DIRECTION('',(-0.997856199782,6.544466790327E-02,
    -6.01853107621E-36));
#1274 = ADVANCED_FACE('',(#1275),#1292,.T.);
#1275 = FACE_BOUND('',#1276,.T.);
#1276 = EDGE_LOOP('',(#1277,#1285,#1291));
#1277 = ORIENTED_EDGE('',*,*,#1278,.T.);
#1278 = EDGE_CURVE('',#1257,#1279,#1281,.T.);
#1279 = VERTEX_POINT('',#1280);
#1280 = CARTESIAN_POINT('',(91.,96.,20.700000762939));
#1281 = LINE('',#1282,#1283);
#1282 = CARTESIAN_POINT('',(17.,96.,17.700000762939));
#1283 = VECTOR('',#1284,1.);
#1284 = DIRECTION('',(0.999179243854,0.,4.050726664274E-02));
#1285 = ORIENTED_EDGE('',*,*,#1286,.T.);
#1286 = EDGE_CURVE('',#1279,#1233,#1287,.T.);
#1287 = LINE('',#1288,#1289);
#1288 = CARTESIAN_POINT('',(91.,96.,20.700000762939));
#1289 = VECTOR('',#1290,1.);
#1290 = DIRECTION('',(-1.,0.,0.));
#1291 = ORIENTED_EDGE('',*,*,#1264,.T.);
#1292 = PLANE('',#1293);
#1293 = AXIS2_PLACEMENT_3D('',#1294,#1295,#1296);
#1294 = CARTESIAN_POINT('',(53.265196461286,96.,19.934804301654));
#1295 = DIRECTION('',(-5.306912621965E-31,-1.,2.834463883081E-29));
#1296 = DIRECTION('',(0.,-2.834463883081E-29,-1.));
#1297 = ADVANCED_FACE('',(#1298),#1315,.T.);
#1298 = FACE_BOUND('',#1299,.T.);
#1299 = EDGE_LOOP('',(#1300,#1301,#1309));
#1300 = ORIENTED_EDGE('',*,*,#1278,.F.);
#1301 = ORIENTED_EDGE('',*,*,#1302,.T.);
#1302 = EDGE_CURVE('',#1257,#1303,#1305,.T.);
#1303 = VERTEX_POINT('',#1304);
#1304 = CARTESIAN_POINT('',(91.,96.,17.700000762939));
#1305 = LINE('',#1306,#1307);
#1306 = CARTESIAN_POINT('',(17.,96.,17.700000762939));
#1307 = VECTOR('',#1308,1.);
#1308 = DIRECTION('',(1.,0.,0.));
#1309 = ORIENTED_EDGE('',*,*,#1310,.F.);
#1310 = EDGE_CURVE('',#1279,#1303,#1311,.T.);
#1311 = LINE('',#1312,#1313);
#1312 = CARTESIAN_POINT('',(91.,96.,20.700000762939));
#1313 = VECTOR('',#1314,1.);
#1314 = DIRECTION('',(0.,0.,-1.));
#1315 = PLANE('',#1316);
#1316 = AXIS2_PLACEMENT_3D('',#1317,#1318,#1319);
#1317 = CARTESIAN_POINT('',(54.734803538714,96.,18.465197224225));
#1318 = DIRECTION('',(-2.52471017872E-31,-1.,1.389978827327E-29));
#1319 = DIRECTION('',(0.,-1.389978827327E-29,-1.));
#1320 = ADVANCED_FACE('',(#1321),#1338,.T.);
#1321 = FACE_BOUND('',#1322,.T.);
#1322 = EDGE_LOOP('',(#1323,#1331,#1337));
#1323 = ORIENTED_EDGE('',*,*,#1324,.T.);
#1324 = EDGE_CURVE('',#1303,#1325,#1327,.T.);
#1325 = VERTEX_POINT('',#1326);
#1326 = CARTESIAN_POINT('',(91.652603149414,96.04280090332,
    20.700000762939));
#1327 = LINE('',#1328,#1329);
#1328 = CARTESIAN_POINT('',(91.,96.,17.700000762939));
#1329 = VECTOR('',#1330,1.);
#1330 = DIRECTION('',(0.212542489572,1.393957500176E-02,0.977052392851)
  );
#1331 = ORIENTED_EDGE('',*,*,#1332,.T.);
#1332 = EDGE_CURVE('',#1325,#1279,#1333,.T.);
#1333 = LINE('',#1334,#1335);
#1334 = CARTESIAN_POINT('',(91.652603149414,96.04280090332,
    20.700000762939));
#1335 = VECTOR('',#1336,1.);
#1336 = DIRECTION('',(-0.997856224764,-6.544428699437E-02,0.));
#1337 = ORIENTED_EDGE('',*,*,#1310,.T.);
#1338 = PLANE('',#1339);
#1339 = AXIS2_PLACEMENT_3D('',#1340,#1341,#1342);
#1340 = CARTESIAN_POINT('',(91.18072795067,96.011853022087,
    19.345887134567));
#1341 = DIRECTION('',(6.544428699437E-02,-0.997856224764,
    -2.309761113995E-18));
#1342 = DIRECTION('',(-0.997856224764,-6.544428699437E-02,0.));
#1343 = ADVANCED_FACE('',(#1344),#1361,.T.);
#1344 = FACE_BOUND('',#1345,.T.);
#1345 = EDGE_LOOP('',(#1346,#1347,#1355));
#1346 = ORIENTED_EDGE('',*,*,#1324,.F.);
#1347 = ORIENTED_EDGE('',*,*,#1348,.T.);
#1348 = EDGE_CURVE('',#1303,#1349,#1351,.T.);
#1349 = VERTEX_POINT('',#1350);
#1350 = CARTESIAN_POINT('',(91.652603149414,96.04280090332,
    17.700000762939));
#1351 = LINE('',#1352,#1353);
#1352 = CARTESIAN_POINT('',(91.,96.,17.700000762939));
#1353 = VECTOR('',#1354,1.);
#1354 = DIRECTION('',(0.997856224764,6.544428699437E-02,0.));
#1355 = ORIENTED_EDGE('',*,*,#1356,.T.);
#1356 = EDGE_CURVE('',#1349,#1325,#1357,.T.);
#1357 = LINE('',#1358,#1359);
#1358 = CARTESIAN_POINT('',(91.652603149414,96.04280090332,
    17.700000762939));
#1359 = VECTOR('',#1360,1.);
#1360 = DIRECTION('',(0.,0.,1.));
#1361 = PLANE('',#1362);
#1362 = AXIS2_PLACEMENT_3D('',#1363,#1364,#1365);
#1363 = CARTESIAN_POINT('',(91.471875198744,96.030947881234,
    19.054114391312));
#1364 = DIRECTION('',(6.544428699437E-02,-0.997856224764,
    -5.750376186307E-19));
#1365 = DIRECTION('',(-0.997856224764,-6.544428699437E-02,
    6.01853107621E-36));
#1366 = ADVANCED_FACE('',(#1367),#1384,.T.);
#1367 = FACE_BOUND('',#1368,.T.);
#1368 = EDGE_LOOP('',(#1369,#1377,#1383));
#1369 = ORIENTED_EDGE('',*,*,#1370,.T.);
#1370 = EDGE_CURVE('',#1349,#1371,#1373,.T.);
#1371 = VERTEX_POINT('',#1372);
#1372 = CARTESIAN_POINT('',(92.294097900391,96.170402526855,
    20.700000762939));
#1373 = LINE('',#1374,#1375);
#1374 = CARTESIAN_POINT('',(91.652603149414,96.04280090332,
    17.700000762939));
#1375 = VECTOR('',#1376,1.);
#1376 = DIRECTION('',(0.208923830548,4.155765878438E-02,0.977048511603)
  );
#1377 = ORIENTED_EDGE('',*,*,#1378,.T.);
#1378 = EDGE_CURVE('',#1371,#1325,#1379,.T.);
#1379 = LINE('',#1380,#1381);
#1380 = CARTESIAN_POINT('',(92.294097900391,96.170402526855,
    20.700000762939));
#1381 = VECTOR('',#1382,1.);
#1382 = DIRECTION('',(-0.980785168079,-0.195090886707,0.));
#1383 = ORIENTED_EDGE('',*,*,#1356,.F.);
#1384 = PLANE('',#1385);
#1385 = AXIS2_PLACEMENT_3D('',#1386,#1387,#1388);
#1386 = CARTESIAN_POINT('',(91.830256285776,96.078138415578,
    19.345898400652));
#1387 = DIRECTION('',(0.195090886707,-0.980785168079,-4.151291711795E-18
    ));
#1388 = DIRECTION('',(-0.980785168079,-0.195090886707,0.));
#1389 = ADVANCED_FACE('',(#1390),#1407,.T.);
#1390 = FACE_BOUND('',#1391,.T.);
#1391 = EDGE_LOOP('',(#1392,#1393,#1401));
#1392 = ORIENTED_EDGE('',*,*,#1370,.F.);
#1393 = ORIENTED_EDGE('',*,*,#1394,.T.);
#1394 = EDGE_CURVE('',#1349,#1395,#1397,.T.);
#1395 = VERTEX_POINT('',#1396);
#1396 = CARTESIAN_POINT('',(92.294097900391,96.170402526855,
    17.700000762939));
#1397 = LINE('',#1398,#1399);
#1398 = CARTESIAN_POINT('',(91.652603149414,96.04280090332,
    17.700000762939));
#1399 = VECTOR('',#1400,1.);
#1400 = DIRECTION('',(0.980785168079,0.195090886707,0.));
#1401 = ORIENTED_EDGE('',*,*,#1402,.F.);
#1402 = EDGE_CURVE('',#1371,#1395,#1403,.T.);
#1403 = LINE('',#1404,#1405);
#1404 = CARTESIAN_POINT('',(92.294097900391,96.170402526855,
    20.700000762939));
#1405 = VECTOR('',#1406,1.);
#1406 = DIRECTION('',(0.,0.,-1.));
#1407 = PLANE('',#1408);
#1408 = AXIS2_PLACEMENT_3D('',#1409,#1410,#1411);
#1409 = CARTESIAN_POINT('',(92.116444764028,96.135065014598,
    19.054103125227));
#1410 = DIRECTION('',(0.195090886707,-0.980785168079,-4.151291711795E-18
    ));
#1411 = DIRECTION('',(-0.980785168079,-0.195090886707,0.));
#1412 = ADVANCED_FACE('',(#1413),#1430,.T.);
#1413 = FACE_BOUND('',#1414,.T.);
#1414 = EDGE_LOOP('',(#1415,#1423,#1429));
#1415 = ORIENTED_EDGE('',*,*,#1416,.T.);
#1416 = EDGE_CURVE('',#1395,#1417,#1419,.T.);
#1417 = VERTEX_POINT('',#1418);
#1418 = CARTESIAN_POINT('',(92.913398742676,96.380599975586,
    20.700000762939));
#1419 = LINE('',#1420,#1421);
#1420 = CARTESIAN_POINT('',(92.294097900391,96.170402526855,
    17.700000762939));
#1421 = VECTOR('',#1422,1.);
#1422 = DIRECTION('',(0.201696523871,6.845799624467E-02,0.977052718643)
  );
#1423 = ORIENTED_EDGE('',*,*,#1424,.T.);
#1424 = EDGE_CURVE('',#1417,#1371,#1425,.T.);
#1425 = LINE('',#1426,#1427);
#1426 = CARTESIAN_POINT('',(92.913398742676,96.380599975586,
    20.700000762939));
#1427 = VECTOR('',#1428,1.);
#1428 = DIRECTION('',(-0.946942629651,-0.321402638679,0.));
#1429 = ORIENTED_EDGE('',*,*,#1402,.T.);
#1430 = PLANE('',#1431);
#1431 = AXIS2_PLACEMENT_3D('',#1432,#1433,#1434);
#1432 = CARTESIAN_POINT('',(92.465603192704,96.228613290392,
    19.345886188839));
#1433 = DIRECTION('',(0.321402638679,-0.946942629651,1.66052850112E-17)
  );
#1434 = DIRECTION('',(-0.946942629651,-0.321402638679,7.703719777549E-34
    ));
#1435 = ADVANCED_FACE('',(#1436),#1453,.T.);
#1436 = FACE_BOUND('',#1437,.T.);
#1437 = EDGE_LOOP('',(#1438,#1439,#1447));
#1438 = ORIENTED_EDGE('',*,*,#1416,.F.);
#1439 = ORIENTED_EDGE('',*,*,#1440,.T.);
#1440 = EDGE_CURVE('',#1395,#1441,#1443,.T.);
#1441 = VERTEX_POINT('',#1442);
#1442 = CARTESIAN_POINT('',(92.913398742676,96.380599975586,
    17.700000762939));
#1443 = LINE('',#1444,#1445);
#1444 = CARTESIAN_POINT('',(92.294097900391,96.170402526855,
    17.700000762939));
#1445 = VECTOR('',#1446,1.);
#1446 = DIRECTION('',(0.946942629651,0.321402638679,0.));
#1447 = ORIENTED_EDGE('',*,*,#1448,.T.);
#1448 = EDGE_CURVE('',#1441,#1417,#1449,.T.);
#1449 = LINE('',#1450,#1451);
#1450 = CARTESIAN_POINT('',(92.913398742676,96.380599975586,
    17.700000762939));
#1451 = VECTOR('',#1452,1.);
#1452 = DIRECTION('',(0.,0.,1.));
#1453 = PLANE('',#1454);
#1454 = AXIS2_PLACEMENT_3D('',#1455,#1456,#1457);
#1455 = CARTESIAN_POINT('',(92.741893450362,96.32238921205,
    19.05411533704));
#1456 = DIRECTION('',(0.321402638679,-0.946942629651,-0.));
#1457 = DIRECTION('',(-0.946942629651,-0.321402638679,0.));
#1458 = ADVANCED_FACE('',(#1459),#1476,.T.);
#1459 = FACE_BOUND('',#1460,.T.);
#1460 = EDGE_LOOP('',(#1461,#1469,#1475));
#1461 = ORIENTED_EDGE('',*,*,#1462,.T.);
#1462 = EDGE_CURVE('',#1441,#1463,#1465,.T.);
#1463 = VERTEX_POINT('',#1464);
#1464 = CARTESIAN_POINT('',(93.5,96.669898986816,20.700000762939));
#1465 = LINE('',#1466,#1467);
#1466 = CARTESIAN_POINT('',(92.913398742676,96.380599975586,
    17.700000762939));
#1467 = VECTOR('',#1468,1.);
#1468 = DIRECTION('',(0.191045989521,9.421973645286E-02,0.97704865342));
#1469 = ORIENTED_EDGE('',*,*,#1470,.T.);
#1470 = EDGE_CURVE('',#1463,#1417,#1471,.T.);
#1471 = LINE('',#1472,#1473);
#1472 = CARTESIAN_POINT('',(93.5,96.669898986816,20.700000762939));
#1473 = VECTOR('',#1474,1.);
#1474 = DIRECTION('',(-0.896861045628,-0.442312406378,0.));
#1475 = ORIENTED_EDGE('',*,*,#1448,.F.);
#1476 = PLANE('',#1477);
#1477 = AXIS2_PLACEMENT_3D('',#1478,#1479,#1480);
#1478 = CARTESIAN_POINT('',(93.075849832603,96.46071732805,
    19.345897989018));
#1479 = DIRECTION('',(0.442312406378,-0.896861045628,-2.490775624518E-17
    ));
#1480 = DIRECTION('',(-0.896861045628,-0.442312406378,1.54074395551E-33)
  );
#1481 = ADVANCED_FACE('',(#1482),#1497,.T.);
#1482 = FACE_BOUND('',#1483,.T.);
#1483 = EDGE_LOOP('',(#1484,#1485,#1491));
#1484 = ORIENTED_EDGE('',*,*,#1462,.F.);
#1485 = ORIENTED_EDGE('',*,*,#1486,.T.);
#1486 = EDGE_CURVE('',#1441,#1064,#1487,.T.);
#1487 = LINE('',#1488,#1489);
#1488 = CARTESIAN_POINT('',(92.913398742676,96.380599975586,
    17.700000762939));
#1489 = VECTOR('',#1490,1.);
#1490 = DIRECTION('',(0.896861045628,0.442312406378,0.));
#1491 = ORIENTED_EDGE('',*,*,#1492,.F.);
#1492 = EDGE_CURVE('',#1463,#1064,#1493,.T.);
#1493 = LINE('',#1494,#1495);
#1494 = CARTESIAN_POINT('',(93.5,96.669898986816,20.700000762939));
#1495 = VECTOR('',#1496,1.);
#1496 = DIRECTION('',(0.,0.,-1.));
#1497 = PLANE('',#1498);
#1498 = AXIS2_PLACEMENT_3D('',#1499,#1500,#1501);
#1499 = CARTESIAN_POINT('',(93.337548910073,96.589781634352,
    19.054103536861));
#1500 = DIRECTION('',(0.442312406378,-0.896861045628,-1.660517083012E-17
    ));
#1501 = DIRECTION('',(-0.896861045628,-0.442312406378,1.54074395551E-33)
  );
#1502 = ADVANCED_FACE('',(#1503),#1520,.T.);
#1503 = FACE_BOUND('',#1504,.T.);
#1504 = EDGE_LOOP('',(#1505,#1513,#1519));
#1505 = ORIENTED_EDGE('',*,*,#1506,.T.);
#1506 = EDGE_CURVE('',#1064,#1507,#1509,.T.);
#1507 = VERTEX_POINT('',#1508);
#1508 = CARTESIAN_POINT('',(94.043800354004,97.033203125,20.700000762939
    ));
#1509 = LINE('',#1510,#1511);
#1510 = CARTESIAN_POINT('',(93.5,96.669898986816,17.700000762939));
#1511 = VECTOR('',#1512,1.);
#1512 = DIRECTION('',(0.177107277826,0.118322480783,0.97705312173));
#1513 = ORIENTED_EDGE('',*,*,#1514,.T.);
#1514 = EDGE_CURVE('',#1507,#1463,#1515,.T.);
#1515 = LINE('',#1516,#1517);
#1516 = CARTESIAN_POINT('',(94.043800354004,97.033203125,20.700000762939
    ));
#1517 = VECTOR('',#1518,1.);
#1518 = DIRECTION('',(-0.831506086867,-0.555515641097,0.));
#1519 = ORIENTED_EDGE('',*,*,#1492,.T.);
#1520 = PLANE('',#1521);
#1521 = AXIS2_PLACEMENT_3D('',#1522,#1523,#1524);
#1522 = CARTESIAN_POINT('',(93.650596530336,96.770510070028,
    19.345885018728));
#1523 = DIRECTION('',(0.555515641097,-0.831506086867,-0.));
#1524 = DIRECTION('',(-0.831506086867,-0.555515641097,0.));
#1525 = ADVANCED_FACE('',(#1526),#1536,.T.);
#1526 = FACE_BOUND('',#1527,.T.);
#1527 = EDGE_LOOP('',(#1528,#1529,#1530));
#1528 = ORIENTED_EDGE('',*,*,#1506,.F.);
#1529 = ORIENTED_EDGE('',*,*,#1063,.T.);
#1530 = ORIENTED_EDGE('',*,*,#1531,.T.);
#1531 = EDGE_CURVE('',#1025,#1507,#1532,.T.);
#1532 = LINE('',#1533,#1534);
#1533 = CARTESIAN_POINT('',(94.043800354004,97.033203125,17.700000762939
    ));
#1534 = VECTOR('',#1535,1.);
#1535 = DIRECTION('',(0.,0.,1.));
#1536 = PLANE('',#1537);
#1537 = AXIS2_PLACEMENT_3D('',#1538,#1539,#1540);
#1538 = CARTESIAN_POINT('',(93.893203823668,96.932592041789,
    19.054116507151));
#1539 = DIRECTION('',(0.555515641097,-0.831506086867,-1.660529633379E-17
    ));
#1540 = DIRECTION('',(-0.831506086867,-0.555515641097,0.));
#1541 = ADVANCED_FACE('',(#1542),#1552,.T.);
#1542 = FACE_BOUND('',#1543,.T.);
#1543 = EDGE_LOOP('',(#1544,#1545,#1551));
#1544 = ORIENTED_EDGE('',*,*,#1047,.F.);
#1545 = ORIENTED_EDGE('',*,*,#1546,.T.);
#1546 = EDGE_CURVE('',#603,#888,#1547,.T.);
#1547 = LINE('',#1548,#1549);
#1548 = CARTESIAN_POINT('',(90.5,124.75,17.700000762939));
#1549 = VECTOR('',#1550,1.);
#1550 = DIRECTION('',(0.572063219864,0.82020952962,0.));
#1551 = ORIENTED_EDGE('',*,*,#926,.F.);
#1552 = PLANE('',#1553);
#1553 = AXIS2_PLACEMENT_3D('',#1554,#1555,#1556);
#1554 = CARTESIAN_POINT('',(92.719658126149,127.64490643203,
    17.700000762939));
#1555 = DIRECTION('',(-4.443481277951E-28,3.394074896827E-28,-1.));
#1556 = DIRECTION('',(-1.,0.,4.443481277951E-28));
#1557 = ADVANCED_FACE('',(#1558),#1568,.T.);
#1558 = FACE_BOUND('',#1559,.T.);
#1559 = EDGE_LOOP('',(#1560,#1561,#1562));
#1560 = ORIENTED_EDGE('',*,*,#1071,.F.);
#1561 = ORIENTED_EDGE('',*,*,#1486,.F.);
#1562 = ORIENTED_EDGE('',*,*,#1563,.T.);
#1563 = EDGE_CURVE('',#1441,#479,#1564,.T.);
#1564 = LINE('',#1565,#1566);
#1565 = CARTESIAN_POINT('',(92.913398742676,96.380599975586,
    17.700000762939));
#1566 = VECTOR('',#1567,1.);
#1567 = DIRECTION('',(-0.33146469391,0.943467623552,0.));
#1568 = PLANE('',#1569);
#1569 = AXIS2_PLACEMENT_3D('',#1570,#1571,#1572);
#1570 = CARTESIAN_POINT('',(91.911235571826,99.742388889138,
    17.700000762939));
#1571 = DIRECTION('',(-0.,-0.,-1.));
#1572 = DIRECTION('',(-1.,0.,0.));
#1573 = ADVANCED_FACE('',(#1574),#1591,.T.);
#1574 = FACE_BOUND('',#1575,.T.);
#1575 = EDGE_LOOP('',(#1576,#1577,#1585));
#1576 = ORIENTED_EDGE('',*,*,#1546,.F.);
#1577 = ORIENTED_EDGE('',*,*,#1578,.T.);
#1578 = EDGE_CURVE('',#603,#1579,#1581,.T.);
#1579 = VERTEX_POINT('',#1580);
#1580 = CARTESIAN_POINT('',(94.043800354004,130.96699523925,
    17.700000762939));
#1581 = LINE('',#1582,#1583);
#1582 = CARTESIAN_POINT('',(90.5,124.75,17.700000762939));
#1583 = VECTOR('',#1584,1.);
#1584 = DIRECTION('',(0.495214969548,0.868770472527,0.));
#1585 = ORIENTED_EDGE('',*,*,#1586,.T.);
#1586 = EDGE_CURVE('',#1579,#888,#1587,.T.);
#1587 = LINE('',#1588,#1589);
#1588 = CARTESIAN_POINT('',(94.043800354004,130.96699523925,
    17.700000762939));
#1589 = VECTOR('',#1590,1.);
#1590 = DIRECTION('',(0.751998152854,-0.659165213056,0.));
#1591 = PLANE('',#1592);
#1592 = AXIS2_PLACEMENT_3D('',#1593,#1594,#1595);
#1593 = CARTESIAN_POINT('',(92.47733387707,127.8834843238,
    17.700000762939));
#1594 = DIRECTION('',(-0.,-0.,-1.));
#1595 = DIRECTION('',(-1.,0.,0.));
#1596 = ADVANCED_FACE('',(#1597),#1607,.T.);
#1597 = FACE_BOUND('',#1598,.T.);
#1598 = EDGE_LOOP('',(#1599,#1600,#1601));
#1599 = ORIENTED_EDGE('',*,*,#1563,.F.);
#1600 = ORIENTED_EDGE('',*,*,#1440,.F.);
#1601 = ORIENTED_EDGE('',*,*,#1602,.T.);
#1602 = EDGE_CURVE('',#1395,#479,#1603,.T.);
#1603 = LINE('',#1604,#1605);
#1604 = CARTESIAN_POINT('',(92.294097900391,96.170402526855,
    17.700000762939));
#1605 = VECTOR('',#1606,1.);
#1606 = DIRECTION('',(-0.245652799634,0.969357881297,0.));
#1607 = PLANE('',#1608);
#1608 = AXIS2_PLACEMENT_3D('',#1609,#1610,#1611);
#1609 = CARTESIAN_POINT('',(91.596791059594,99.613008005871,
    17.700000762939));
#1610 = DIRECTION('',(-0.,-0.,-1.));
#1611 = DIRECTION('',(-1.,0.,0.));
#1612 = ADVANCED_FACE('',(#1613),#1630,.T.);
#1613 = FACE_BOUND('',#1614,.T.);
#1614 = EDGE_LOOP('',(#1615,#1616,#1624));
#1615 = ORIENTED_EDGE('',*,*,#1578,.F.);
#1616 = ORIENTED_EDGE('',*,*,#1617,.T.);
#1617 = EDGE_CURVE('',#603,#1618,#1620,.T.);
#1618 = VERTEX_POINT('',#1619);
#1619 = CARTESIAN_POINT('',(93.5,131.33000183105,17.700000762939));
#1620 = LINE('',#1621,#1622);
#1621 = CARTESIAN_POINT('',(90.5,124.75,17.700000762939));
#1622 = VECTOR('',#1623,1.);
#1623 = DIRECTION('',(0.414844424715,0.909892358075,0.));
#1624 = ORIENTED_EDGE('',*,*,#1625,.T.);
#1625 = EDGE_CURVE('',#1618,#1579,#1626,.T.);
#1626 = LINE('',#1627,#1628);
#1627 = CARTESIAN_POINT('',(93.5,131.33000183105,17.700000762939));
#1628 = VECTOR('',#1629,1.);
#1629 = DIRECTION('',(0.831716236719,-0.555200956032,0.));
#1630 = PLANE('',#1631);
#1631 = AXIS2_PLACEMENT_3D('',#1632,#1633,#1634);
#1632 = CARTESIAN_POINT('',(92.206379177534,128.08877075273,
    17.700000762939));
#1633 = DIRECTION('',(1.79892869825E-28,-8.911887132889E-29,-1.));
#1634 = DIRECTION('',(-1.,0.,-1.79892869825E-28));
#1635 = ADVANCED_FACE('',(#1636),#1646,.T.);
#1636 = FACE_BOUND('',#1637,.T.);
#1637 = EDGE_LOOP('',(#1638,#1639,#1640));
#1638 = ORIENTED_EDGE('',*,*,#1602,.F.);
#1639 = ORIENTED_EDGE('',*,*,#1394,.F.);
#1640 = ORIENTED_EDGE('',*,*,#1641,.T.);
#1641 = EDGE_CURVE('',#1349,#479,#1642,.T.);
#1642 = LINE('',#1643,#1644);
#1643 = CARTESIAN_POINT('',(91.652603149414,96.04280090332,
    17.700000762939));
#1644 = VECTOR('',#1645,1.);
#1645 = DIRECTION('',(-0.157917199423,0.987452357396,0.));
#1646 = PLANE('',#1647);
#1647 = AXIS2_PLACEMENT_3D('',#1648,#1649,#1650);
#1648 = CARTESIAN_POINT('',(91.268306301615,99.525185252226,
    17.700000762939));
#1649 = DIRECTION('',(-0.,-0.,-1.));
#1650 = DIRECTION('',(-1.,0.,0.));
#1651 = ADVANCED_FACE('',(#1652),#1669,.T.);
#1652 = FACE_BOUND('',#1653,.T.);
#1653 = EDGE_LOOP('',(#1654,#1655,#1663));
#1654 = ORIENTED_EDGE('',*,*,#1617,.F.);
#1655 = ORIENTED_EDGE('',*,*,#1656,.T.);
#1656 = EDGE_CURVE('',#603,#1657,#1659,.T.);
#1657 = VERTEX_POINT('',#1658);
#1658 = CARTESIAN_POINT('',(92.913398742676,131.61900329589,
    17.700000762939));
#1659 = LINE('',#1660,#1661);
#1660 = CARTESIAN_POINT('',(90.5,124.75,17.700000762939));
#1661 = VECTOR('',#1662,1.);
#1662 = DIRECTION('',(0.331481734587,0.943461636547,0.));
#1663 = ORIENTED_EDGE('',*,*,#1664,.F.);
#1664 = EDGE_CURVE('',#1618,#1657,#1665,.T.);
#1665 = LINE('',#1666,#1667);
#1666 = CARTESIAN_POINT('',(93.5,131.33000183105,17.700000762939));
#1667 = VECTOR('',#1668,1.);
#1668 = DIRECTION('',(-0.897041471485,0.441946375068,0.));
#1669 = PLANE('',#1670);
#1670 = AXIS2_PLACEMENT_3D('',#1671,#1672,#1673);
#1671 = CARTESIAN_POINT('',(91.911228854501,128.25745673522,
    17.700000762939));
#1672 = DIRECTION('',(-0.,-0.,-1.));
#1673 = DIRECTION('',(-1.,0.,0.));
#1674 = ADVANCED_FACE('',(#1675),#1699,.T.);
#1675 = FACE_BOUND('',#1676,.T.);
#1676 = EDGE_LOOP('',(#1677,#1685,#1693));
#1677 = ORIENTED_EDGE('',*,*,#1678,.T.);
#1678 = EDGE_CURVE('',#1618,#1679,#1681,.T.);
#1679 = VERTEX_POINT('',#1680);
#1680 = CARTESIAN_POINT('',(92.913398742676,131.61900329589,
    20.700000762939));
#1681 = LINE('',#1682,#1683);
#1682 = CARTESIAN_POINT('',(93.5,131.33000183105,17.700000762939));
#1683 = VECTOR('',#1684,1.);
#1684 = DIRECTION('',(-0.191047732981,9.412368963964E-02,0.977057569835)
  );
#1685 = ORIENTED_EDGE('',*,*,#1686,.T.);
#1686 = EDGE_CURVE('',#1679,#1687,#1689,.T.);
#1687 = VERTEX_POINT('',#1688);
#1688 = CARTESIAN_POINT('',(93.5,131.33000183105,20.700000762939));
#1689 = LINE('',#1690,#1691);
#1690 = CARTESIAN_POINT('',(92.913398742676,131.61900329589,
    20.700000762939));
#1691 = VECTOR('',#1692,1.);
#1692 = DIRECTION('',(0.897041471485,-0.441946375068,0.));
#1693 = ORIENTED_EDGE('',*,*,#1694,.T.);
#1694 = EDGE_CURVE('',#1687,#1618,#1695,.T.);
#1695 = LINE('',#1696,#1697);
#1696 = CARTESIAN_POINT('',(93.5,131.33000183105,20.700000762939));
#1697 = VECTOR('',#1698,1.);
#1698 = DIRECTION('',(0.,0.,-1.));
#1699 = PLANE('',#1700);
#1700 = AXIS2_PLACEMENT_3D('',#1701,#1702,#1703);
#1701 = CARTESIAN_POINT('',(93.337552015232,131.41003525234,
    19.345872105629));
#1702 = DIRECTION('',(0.441946375068,0.897041471485,2.490813193745E-17)
  );
#1703 = DIRECTION('',(0.897041471485,-0.441946375068,-1.54074395551E-33)
  );
#1704 = ADVANCED_FACE('',(#1705),#1715,.T.);
#1705 = FACE_BOUND('',#1706,.T.);
#1706 = EDGE_LOOP('',(#1707,#1708,#1709));
#1707 = ORIENTED_EDGE('',*,*,#1678,.F.);
#1708 = ORIENTED_EDGE('',*,*,#1664,.T.);
#1709 = ORIENTED_EDGE('',*,*,#1710,.T.);
#1710 = EDGE_CURVE('',#1657,#1679,#1711,.T.);
#1711 = LINE('',#1712,#1713);
#1712 = CARTESIAN_POINT('',(92.913398742676,131.61900329589,
    17.700000762939));
#1713 = VECTOR('',#1714,1.);
#1714 = DIRECTION('',(0.,0.,1.));
#1715 = PLANE('',#1716);
#1716 = AXIS2_PLACEMENT_3D('',#1717,#1718,#1719);
#1717 = CARTESIAN_POINT('',(93.075846727444,131.5389698746,
    19.054129420249));
#1718 = DIRECTION('',(0.441946375068,0.897041471485,0.));
#1719 = DIRECTION('',(0.897041471485,-0.441946375068,0.));
#1720 = ADVANCED_FACE('',(#1721),#1731,.T.);
#1721 = FACE_BOUND('',#1722,.T.);
#1722 = EDGE_LOOP('',(#1723,#1724,#1725));
#1723 = ORIENTED_EDGE('',*,*,#1641,.F.);
#1724 = ORIENTED_EDGE('',*,*,#1348,.F.);
#1725 = ORIENTED_EDGE('',*,*,#1726,.T.);
#1726 = EDGE_CURVE('',#1303,#479,#1727,.T.);
#1727 = LINE('',#1728,#1729);
#1728 = CARTESIAN_POINT('',(91.,96.,17.700000762939));
#1729 = VECTOR('',#1730,1.);
#1730 = DIRECTION('',(-6.880209161538E-02,0.997630328423,0.));
#1731 = PLANE('',#1732);
#1732 = AXIS2_PLACEMENT_3D('',#1733,#1734,#1735);
#1733 = CARTESIAN_POINT('',(90.931242230718,99.480415606621,
    17.700000762939));
#1734 = DIRECTION('',(-0.,-0.,-1.));
#1735 = DIRECTION('',(-1.,0.,0.));
#1736 = ADVANCED_FACE('',(#1737),#1754,.T.);
#1737 = FACE_BOUND('',#1738,.T.);
#1738 = EDGE_LOOP('',(#1739,#1740,#1748));
#1739 = ORIENTED_EDGE('',*,*,#1656,.F.);
#1740 = ORIENTED_EDGE('',*,*,#1741,.T.);
#1741 = EDGE_CURVE('',#603,#1742,#1744,.T.);
#1742 = VERTEX_POINT('',#1743);
#1743 = CARTESIAN_POINT('',(92.294097900391,131.83000183105,
    17.700000762939));
#1744 = LINE('',#1745,#1746);
#1745 = CARTESIAN_POINT('',(90.5,124.75,17.700000762939));
#1746 = VECTOR('',#1747,1.);
#1747 = DIRECTION('',(0.245639616313,0.969361222093,0.));
#1748 = ORIENTED_EDGE('',*,*,#1749,.T.);
#1749 = EDGE_CURVE('',#1742,#1657,#1750,.T.);
#1750 = LINE('',#1751,#1752);
#1751 = CARTESIAN_POINT('',(92.294097900391,131.83000183105,
    17.700000762939));
#1752 = VECTOR('',#1753,1.);
#1753 = DIRECTION('',(0.94656934133,-0.322500359773,0.));
#1754 = PLANE('',#1755);
#1755 = AXIS2_PLACEMENT_3D('',#1756,#1757,#1758);
#1756 = CARTESIAN_POINT('',(91.59680026474,128.38705324282,
    17.700000762939));
#1757 = DIRECTION('',(-0.,-0.,-1.));
#1758 = DIRECTION('',(-1.,0.,0.));
#1759 = ADVANCED_FACE('',(#1760),#1777,.T.);
#1760 = FACE_BOUND('',#1761,.T.);
#1761 = EDGE_LOOP('',(#1762,#1763,#1771));
#1762 = ORIENTED_EDGE('',*,*,#1741,.F.);
#1763 = ORIENTED_EDGE('',*,*,#1764,.T.);
#1764 = EDGE_CURVE('',#603,#1765,#1767,.T.);
#1765 = VERTEX_POINT('',#1766);
#1766 = CARTESIAN_POINT('',(91.652603149414,131.95700073242,
    17.700000762939));
#1767 = LINE('',#1768,#1769);
#1768 = CARTESIAN_POINT('',(90.5,124.75,17.700000762939));
#1769 = VECTOR('',#1770,1.);
#1770 = DIRECTION('',(0.157921437513,0.987451679615,0.));
#1771 = ORIENTED_EDGE('',*,*,#1772,.T.);
#1772 = EDGE_CURVE('',#1765,#1742,#1773,.T.);
#1773 = LINE('',#1774,#1775);
#1774 = CARTESIAN_POINT('',(91.652603149414,131.95700073242,
    17.700000762939));
#1775 = VECTOR('',#1776,1.);
#1776 = DIRECTION('',(0.98096112193,-0.194204215357,0.));
#1777 = PLANE('',#1778);
#1778 = AXIS2_PLACEMENT_3D('',#1779,#1780,#1781);
#1779 = CARTESIAN_POINT('',(91.268306652769,128.4748390194,
    17.700000762939));
#1780 = DIRECTION('',(-0.,-0.,-1.));
#1781 = DIRECTION('',(-1.,0.,0.));
#1782 = ADVANCED_FACE('',(#1783),#1800,.T.);
#1783 = FACE_BOUND('',#1784,.T.);
#1784 = EDGE_LOOP('',(#1785,#1793,#1799));
#1785 = ORIENTED_EDGE('',*,*,#1786,.T.);
#1786 = EDGE_CURVE('',#1303,#1787,#1789,.T.);
#1787 = VERTEX_POINT('',#1788);
#1788 = CARTESIAN_POINT('',(17.5,103.25,17.700000762939));
#1789 = LINE('',#1790,#1791);
#1790 = CARTESIAN_POINT('',(91.,96.,17.700000762939));
#1791 = VECTOR('',#1792,1.);
#1792 = DIRECTION('',(-0.995170343925,9.816306113549E-02,0.));
#1793 = ORIENTED_EDGE('',*,*,#1794,.T.);
#1794 = EDGE_CURVE('',#1787,#479,#1795,.T.);
#1795 = LINE('',#1796,#1797);
#1796 = CARTESIAN_POINT('',(17.5,103.25,17.700000762939));
#1797 = VECTOR('',#1798,1.);
#1798 = DIRECTION('',(1.,0.,0.));
#1799 = ORIENTED_EDGE('',*,*,#1726,.F.);
#1800 = PLANE('',#1801);
#1801 = AXIS2_PLACEMENT_3D('',#1802,#1803,#1804);
#1802 = CARTESIAN_POINT('',(55.852629613782,101.34196252057,
    17.700000762939));
#1803 = DIRECTION('',(4.920305338317E-31,9.115744609423E-30,-1.));
#1804 = DIRECTION('',(0.,-1.,-9.115744609423E-30));
#1805 = ADVANCED_FACE('',(#1806),#1821,.T.);
#1806 = FACE_BOUND('',#1807,.T.);
#1807 = EDGE_LOOP('',(#1808,#1814,#1820));
#1808 = ORIENTED_EDGE('',*,*,#1809,.T.);
#1809 = EDGE_CURVE('',#1211,#1787,#1810,.T.);
#1810 = LINE('',#1811,#1812);
#1811 = CARTESIAN_POINT('',(16.347400665283,96.04280090332,
    17.700000762939));
#1812 = VECTOR('',#1813,1.);
#1813 = DIRECTION('',(0.157916689808,0.987452438895,0.));
#1814 = ORIENTED_EDGE('',*,*,#1815,.T.);
#1815 = EDGE_CURVE('',#1787,#1257,#1816,.T.);
#1816 = LINE('',#1817,#1818);
#1817 = CARTESIAN_POINT('',(17.5,103.25,17.700000762939));
#1818 = VECTOR('',#1819,1.);
#1819 = DIRECTION('',(-6.880209161538E-02,-0.997630328423,0.));
#1820 = ORIENTED_EDGE('',*,*,#1256,.F.);
#1821 = PLANE('',#1822);
#1822 = AXIS2_PLACEMENT_3D('',#1823,#1824,#1825);
#1823 = CARTESIAN_POINT('',(17.068758870459,99.48041646515,
    17.700000762939));
#1824 = DIRECTION('',(-1.003864973147E-28,1.432461634807E-29,-1.));
#1825 = DIRECTION('',(-1.,0.,1.003864973147E-28));
#1826 = ADVANCED_FACE('',(#1827),#1832,.T.);
#1827 = FACE_BOUND('',#1828,.T.);
#1828 = EDGE_LOOP('',(#1829,#1830,#1831));
#1829 = ORIENTED_EDGE('',*,*,#1815,.F.);
#1830 = ORIENTED_EDGE('',*,*,#1786,.F.);
#1831 = ORIENTED_EDGE('',*,*,#1302,.F.);
#1832 = PLANE('',#1833);
#1833 = AXIS2_PLACEMENT_3D('',#1834,#1835,#1836);
#1834 = CARTESIAN_POINT('',(52.397370386218,97.895737394189,
    17.700000762939));
#1835 = DIRECTION('',(-0.,-0.,-1.));
#1836 = DIRECTION('',(-1.,0.,0.));
#1837 = ADVANCED_FACE('',(#1838),#1855,.T.);
#1838 = FACE_BOUND('',#1839,.T.);
#1839 = EDGE_LOOP('',(#1840,#1841,#1849));
#1840 = ORIENTED_EDGE('',*,*,#1764,.F.);
#1841 = ORIENTED_EDGE('',*,*,#1842,.T.);
#1842 = EDGE_CURVE('',#603,#1843,#1845,.T.);
#1843 = VERTEX_POINT('',#1844);
#1844 = CARTESIAN_POINT('',(91.,132.,17.700000762939));
#1845 = LINE('',#1846,#1847);
#1846 = CARTESIAN_POINT('',(90.5,124.75,17.700000762939));
#1847 = VECTOR('',#1848,1.);
#1848 = DIRECTION('',(6.880209161538E-02,0.997630328423,0.));
#1849 = ORIENTED_EDGE('',*,*,#1850,.F.);
#1850 = EDGE_CURVE('',#1765,#1843,#1851,.T.);
#1851 = LINE('',#1852,#1853);
#1852 = CARTESIAN_POINT('',(91.652603149414,131.95700073242,
    17.700000762939));
#1853 = VECTOR('',#1854,1.);
#1854 = DIRECTION('',(-0.99783637231,6.574628579505E-02,0.));
#1855 = PLANE('',#1856);
#1856 = AXIS2_PLACEMENT_3D('',#1857,#1858,#1859);
#1857 = CARTESIAN_POINT('',(90.931240701587,128.51953766248,
    17.700000762939));
#1858 = DIRECTION('',(-0.,-0.,-1.));
#1859 = DIRECTION('',(-1.,0.,0.));
#1860 = ADVANCED_FACE('',(#1861),#1885,.T.);
#1861 = FACE_BOUND('',#1862,.T.);
#1862 = EDGE_LOOP('',(#1863,#1871,#1879));
#1863 = ORIENTED_EDGE('',*,*,#1864,.T.);
#1864 = EDGE_CURVE('',#1765,#1865,#1867,.T.);
#1865 = VERTEX_POINT('',#1866);
#1866 = CARTESIAN_POINT('',(91.,132.,20.700000762939));
#1867 = LINE('',#1868,#1869);
#1868 = CARTESIAN_POINT('',(91.652603149414,131.95700073242,
    17.700000762939));
#1869 = VECTOR('',#1870,1.);
#1870 = DIRECTION('',(-0.212542297723,1.400416645196E-02,0.977051510925)
  );
#1871 = ORIENTED_EDGE('',*,*,#1872,.T.);
#1872 = EDGE_CURVE('',#1865,#1873,#1875,.T.);
#1873 = VERTEX_POINT('',#1874);
#1874 = CARTESIAN_POINT('',(91.652603149414,131.95700073242,
    20.700000762939));
#1875 = LINE('',#1876,#1877);
#1876 = CARTESIAN_POINT('',(91.,132.,20.700000762939));
#1877 = VECTOR('',#1878,1.);
#1878 = DIRECTION('',(0.99783637231,-6.574628579505E-02,0.));
#1879 = ORIENTED_EDGE('',*,*,#1880,.T.);
#1880 = EDGE_CURVE('',#1873,#1765,#1881,.T.);
#1881 = LINE('',#1882,#1883);
#1882 = CARTESIAN_POINT('',(91.652603149414,131.95700073242,
    20.700000762939));
#1883 = VECTOR('',#1884,1.);
#1884 = DIRECTION('',(0.,0.,-1.));
#1885 = PLANE('',#1886);
#1886 = AXIS2_PLACEMENT_3D('',#1887,#1888,#1889);
#1887 = CARTESIAN_POINT('',(91.471874857063,131.96890871081,
    19.345889694627));
#1888 = DIRECTION('',(6.574628579505E-02,0.99783637231,
    3.762053870276E-18));
#1889 = DIRECTION('',(0.99783637231,-6.574628579505E-02,0.));
#1890 = ADVANCED_FACE('',(#1891),#1901,.T.);
#1891 = FACE_BOUND('',#1892,.T.);
#1892 = EDGE_LOOP('',(#1893,#1894,#1895));
#1893 = ORIENTED_EDGE('',*,*,#1864,.F.);
#1894 = ORIENTED_EDGE('',*,*,#1850,.T.);
#1895 = ORIENTED_EDGE('',*,*,#1896,.F.);
#1896 = EDGE_CURVE('',#1865,#1843,#1897,.T.);
#1897 = LINE('',#1898,#1899);
#1898 = CARTESIAN_POINT('',(91.,132.,20.700000762939));
#1899 = VECTOR('',#1900,1.);
#1900 = DIRECTION('',(0.,0.,-1.));
#1901 = PLANE('',#1902);
#1902 = AXIS2_PLACEMENT_3D('',#1903,#1904,#1905);
#1903 = CARTESIAN_POINT('',(91.180728292351,131.9880920216,
    19.054111831252));
#1904 = DIRECTION('',(6.574628579505E-02,0.99783637231,
    4.629415588877E-18));
#1905 = DIRECTION('',(0.99783637231,-6.574628579505E-02,0.));
#1906 = ADVANCED_FACE('',(#1907),#1924,.T.);
#1907 = FACE_BOUND('',#1908,.T.);
#1908 = EDGE_LOOP('',(#1909,#1917,#1923));
#1909 = ORIENTED_EDGE('',*,*,#1910,.T.);
#1910 = EDGE_CURVE('',#1843,#1911,#1913,.T.);
#1911 = VERTEX_POINT('',#1912);
#1912 = CARTESIAN_POINT('',(17.,132.,20.700000762939));
#1913 = LINE('',#1914,#1915);
#1914 = CARTESIAN_POINT('',(91.,132.,17.700000762939));
#1915 = VECTOR('',#1916,1.);
#1916 = DIRECTION('',(-0.999179243854,0.,4.050726664274E-02));
#1917 = ORIENTED_EDGE('',*,*,#1918,.T.);
#1918 = EDGE_CURVE('',#1911,#1865,#1919,.T.);
#1919 = LINE('',#1920,#1921);
#1920 = CARTESIAN_POINT('',(17.,132.,20.700000762939));
#1921 = VECTOR('',#1922,1.);
#1922 = DIRECTION('',(1.,0.,0.));
#1923 = ORIENTED_EDGE('',*,*,#1896,.T.);
#1924 = PLANE('',#1925);
#1925 = AXIS2_PLACEMENT_3D('',#1926,#1927,#1928);
#1926 = CARTESIAN_POINT('',(54.734803538714,132.,19.934804301654));
#1927 = DIRECTION('',(0.,1.,0.));
#1928 = DIRECTION('',(0.,-0.,1.));
#1929 = ADVANCED_FACE('',(#1930),#1947,.T.);
#1930 = FACE_BOUND('',#1931,.T.);
#1931 = EDGE_LOOP('',(#1932,#1933,#1941));
#1932 = ORIENTED_EDGE('',*,*,#1910,.F.);
#1933 = ORIENTED_EDGE('',*,*,#1934,.T.);
#1934 = EDGE_CURVE('',#1843,#1935,#1937,.T.);
#1935 = VERTEX_POINT('',#1936);
#1936 = CARTESIAN_POINT('',(17.,132.,17.700000762939));
#1937 = LINE('',#1938,#1939);
#1938 = CARTESIAN_POINT('',(91.,132.,17.700000762939));
#1939 = VECTOR('',#1940,1.);
#1940 = DIRECTION('',(-1.,0.,0.));
#1941 = ORIENTED_EDGE('',*,*,#1942,.T.);
#1942 = EDGE_CURVE('',#1935,#1911,#1943,.T.);
#1943 = LINE('',#1944,#1945);
#1944 = CARTESIAN_POINT('',(17.,132.,17.700000762939));
#1945 = VECTOR('',#1946,1.);
#1946 = DIRECTION('',(0.,0.,1.));
#1947 = PLANE('',#1948);
#1948 = AXIS2_PLACEMENT_3D('',#1949,#1950,#1951);
#1949 = CARTESIAN_POINT('',(53.265196461286,132.,18.465197224225));
#1950 = DIRECTION('',(0.,1.,0.));
#1951 = DIRECTION('',(0.,-0.,1.));
#1952 = ADVANCED_FACE('',(#1953),#1970,.T.);
#1953 = FACE_BOUND('',#1954,.T.);
#1954 = EDGE_LOOP('',(#1955,#1963,#1969));
#1955 = ORIENTED_EDGE('',*,*,#1956,.T.);
#1956 = EDGE_CURVE('',#1935,#1957,#1959,.T.);
#1957 = VERTEX_POINT('',#1958);
#1958 = CARTESIAN_POINT('',(16.347400665283,131.95700073242,
    20.700000762939));
#1959 = LINE('',#1960,#1961);
#1960 = CARTESIAN_POINT('',(17.,132.,17.700000762939));
#1961 = VECTOR('',#1962,1.);
#1962 = DIRECTION('',(-0.212541111461,-1.400417014988E-02,0.977051768924
    ));
#1963 = ORIENTED_EDGE('',*,*,#1964,.T.);
#1964 = EDGE_CURVE('',#1957,#1911,#1965,.T.);
#1965 = LINE('',#1966,#1967);
#1966 = CARTESIAN_POINT('',(16.347400665283,131.95700073242,
    20.700000762939));
#1967 = VECTOR('',#1968,1.);
#1968 = DIRECTION('',(0.997836347097,6.574666844647E-02,0.));
#1969 = ORIENTED_EDGE('',*,*,#1942,.F.);
#1970 = PLANE('',#1971);
#1971 = AXIS2_PLACEMENT_3D('',#1972,#1973,#1974);
#1972 = CARTESIAN_POINT('',(16.819272864024,131.98809202819,
    19.345888945712));
#1973 = DIRECTION('',(-6.574666844647E-02,0.997836347097,
    3.955939441836E-18));
#1974 = DIRECTION('',(0.997836347097,6.574666844647E-02,0.));
#1975 = ADVANCED_FACE('',(#1976),#1993,.T.);
#1976 = FACE_BOUND('',#1977,.T.);
#1977 = EDGE_LOOP('',(#1978,#1979,#1987));
#1978 = ORIENTED_EDGE('',*,*,#1956,.F.);
#1979 = ORIENTED_EDGE('',*,*,#1980,.T.);
#1980 = EDGE_CURVE('',#1935,#1981,#1983,.T.);
#1981 = VERTEX_POINT('',#1982);
#1982 = CARTESIAN_POINT('',(16.347400665283,131.95700073242,
    17.700000762939));
#1983 = LINE('',#1984,#1985);
#1984 = CARTESIAN_POINT('',(17.,132.,17.700000762939));
#1985 = VECTOR('',#1986,1.);
#1986 = DIRECTION('',(-0.997836347097,-6.574666844647E-02,0.));
#1987 = ORIENTED_EDGE('',*,*,#1988,.F.);
#1988 = EDGE_CURVE('',#1957,#1981,#1989,.T.);
#1989 = LINE('',#1990,#1991);
#1990 = CARTESIAN_POINT('',(16.347400665283,131.95700073242,
    20.700000762939));
#1991 = VECTOR('',#1992,1.);
#1992 = DIRECTION('',(0.,0.,-1.));
#1993 = PLANE('',#1994);
#1994 = AXIS2_PLACEMENT_3D('',#1995,#1996,#1997);
#1995 = CARTESIAN_POINT('',(16.528127801259,131.96890870422,
    19.054112580167));
#1996 = DIRECTION('',(-6.574666844647E-02,0.997836347097,
    3.08889536059E-18));
#1997 = DIRECTION('',(0.997836347097,6.574666844647E-02,
    -2.407412430484E-35));
#1998 = ADVANCED_FACE('',(#1999),#2016,.T.);
#1999 = FACE_BOUND('',#2000,.T.);
#2000 = EDGE_LOOP('',(#2001,#2009,#2015));
#2001 = ORIENTED_EDGE('',*,*,#2002,.T.);
#2002 = EDGE_CURVE('',#1981,#2003,#2005,.T.);
#2003 = VERTEX_POINT('',#2004);
#2004 = CARTESIAN_POINT('',(15.705900192261,131.83000183105,
    20.700000762939));
#2005 = LINE('',#2006,#2007);
#2006 = CARTESIAN_POINT('',(16.347400665283,131.95700073242,
    17.700000762939));
#2007 = VECTOR('',#2008,1.);
#2008 = DIRECTION('',(-0.208927313104,-4.136168303163E-02,0.977056082841
    ));
#2009 = ORIENTED_EDGE('',*,*,#2010,.T.);
#2010 = EDGE_CURVE('',#2003,#1957,#2011,.T.);
#2011 = LINE('',#2012,#2013);
#2012 = CARTESIAN_POINT('',(15.705900192261,131.83000183105,
    20.700000762939));
#2013 = VECTOR('',#2014,1.);
#2014 = DIRECTION('',(0.980961451936,0.194202548429,0.));
#2015 = ORIENTED_EDGE('',*,*,#1988,.T.);
#2016 = PLANE('',#2017);
#2017 = AXIS2_PLACEMENT_3D('',#2018,#2019,#2020);
#2018 = CARTESIAN_POINT('',(16.169748827693,131.9218307066,
    19.345876422619));
#2019 = DIRECTION('',(-0.194202548429,0.980961451936,8.302689758014E-18)
  );
#2020 = DIRECTION('',(0.980961451936,0.194202548429,0.));
#2021 = ADVANCED_FACE('',(#2022),#2039,.T.);
#2022 = FACE_BOUND('',#2023,.T.);
#2023 = EDGE_LOOP('',(#2024,#2025,#2033));
#2024 = ORIENTED_EDGE('',*,*,#2002,.F.);
#2025 = ORIENTED_EDGE('',*,*,#2026,.T.);
#2026 = EDGE_CURVE('',#1981,#2027,#2029,.T.);
#2027 = VERTEX_POINT('',#2028);
#2028 = CARTESIAN_POINT('',(15.705900192261,131.83000183105,
    17.700000762939));
#2029 = LINE('',#2030,#2031);
#2030 = CARTESIAN_POINT('',(16.347400665283,131.95700073242,
    17.700000762939));
#2031 = VECTOR('',#2032,1.);
#2032 = DIRECTION('',(-0.980961451936,-0.194202548429,0.));
#2033 = ORIENTED_EDGE('',*,*,#2034,.F.);
#2034 = EDGE_CURVE('',#2003,#2027,#2035,.T.);
#2035 = LINE('',#2036,#2037);
#2036 = CARTESIAN_POINT('',(15.705900192261,131.83000183105,
    20.700000762939));
#2037 = VECTOR('',#2038,1.);
#2038 = DIRECTION('',(0.,0.,-1.));
#2039 = PLANE('',#2040);
#2040 = AXIS2_PLACEMENT_3D('',#2041,#2042,#2043);
#2041 = CARTESIAN_POINT('',(15.883552029851,131.86517185687,
    19.05412510326));
#2042 = DIRECTION('',(-0.194202548429,0.980961451936,1.245403463702E-17)
  );
#2043 = DIRECTION('',(0.980961451936,0.194202548429,0.));
#2044 = ADVANCED_FACE('',(#2045),#2062,.T.);
#2045 = FACE_BOUND('',#2046,.T.);
#2046 = EDGE_LOOP('',(#2047,#2055,#2061));
#2047 = ORIENTED_EDGE('',*,*,#2048,.T.);
#2048 = EDGE_CURVE('',#2027,#2049,#2051,.T.);
#2049 = VERTEX_POINT('',#2050);
#2050 = CARTESIAN_POINT('',(15.08660030365,131.61900329589,
    20.700000762939));
#2051 = LINE('',#2052,#2053);
#2052 = CARTESIAN_POINT('',(15.705900192261,131.83000183105,
    17.700000762939));
#2053 = VECTOR('',#2054,1.);
#2054 = DIRECTION('',(-0.201692616691,-6.871767209423E-02,0.977035296146
    ));
#2055 = ORIENTED_EDGE('',*,*,#2056,.T.);
#2056 = EDGE_CURVE('',#2049,#2003,#2057,.T.);
#2057 = LINE('',#2058,#2059);
#2058 = CARTESIAN_POINT('',(15.08660030365,131.61900329589,
    20.700000762939));
#2059 = VECTOR('',#2060,1.);
#2060 = DIRECTION('',(0.946569189726,0.322500804746,0.));
#2061 = ORIENTED_EDGE('',*,*,#2034,.T.);
#2062 = PLANE('',#2063);
#2063 = AXIS2_PLACEMENT_3D('',#2064,#2065,#2066);
#2064 = CARTESIAN_POINT('',(15.534388759645,131.77156703765,
    19.345936752817));
#2065 = DIRECTION('',(-0.322500804746,0.946569189726,8.30239789382E-18)
  );
#2066 = DIRECTION('',(0.946569189726,0.322500804746,0.));
#2067 = ADVANCED_FACE('',(#2068),#2085,.T.);
#2068 = FACE_BOUND('',#2069,.T.);
#2069 = EDGE_LOOP('',(#2070,#2071,#2079));
#2070 = ORIENTED_EDGE('',*,*,#2048,.F.);
#2071 = ORIENTED_EDGE('',*,*,#2072,.T.);
#2072 = EDGE_CURVE('',#2027,#2073,#2075,.T.);
#2073 = VERTEX_POINT('',#2074);
#2074 = CARTESIAN_POINT('',(15.08660030365,131.61900329589,
    17.700000762939));
#2075 = LINE('',#2076,#2077);
#2076 = CARTESIAN_POINT('',(15.705900192261,131.83000183105,
    17.700000762939));
#2077 = VECTOR('',#2078,1.);
#2078 = DIRECTION('',(-0.946569189726,-0.322500804746,0.));
#2079 = ORIENTED_EDGE('',*,*,#2080,.T.);
#2080 = EDGE_CURVE('',#2073,#2049,#2081,.T.);
#2081 = LINE('',#2082,#2083);
#2082 = CARTESIAN_POINT('',(15.08660030365,131.61900329589,
    17.700000762939));
#2083 = VECTOR('',#2084,1.);
#2084 = DIRECTION('',(0.,0.,1.));
#2085 = PLANE('',#2086);
#2086 = AXIS2_PLACEMENT_3D('',#2087,#2088,#2089);
#2087 = CARTESIAN_POINT('',(15.258111736265,131.6774380893,
    19.054064773062));
#2088 = DIRECTION('',(-0.322500804746,0.946569189726,1.660479578764E-17)
  );
#2089 = DIRECTION('',(0.946569189726,0.322500804746,0.));
#2090 = ADVANCED_FACE('',(#2091),#2106,.T.);
#2091 = FACE_BOUND('',#2092,.T.);
#2092 = EDGE_LOOP('',(#2093,#2099,#2100));
#2093 = ORIENTED_EDGE('',*,*,#2094,.T.);
#2094 = EDGE_CURVE('',#334,#1843,#2095,.T.);
#2095 = LINE('',#2096,#2097);
#2096 = CARTESIAN_POINT('',(17.5,124.75,17.700000762939));
#2097 = VECTOR('',#2098,1.);
#2098 = DIRECTION('',(0.995170343925,9.816306113549E-02,0.));
#2099 = ORIENTED_EDGE('',*,*,#1842,.F.);
#2100 = ORIENTED_EDGE('',*,*,#2101,.T.);
#2101 = EDGE_CURVE('',#603,#334,#2102,.T.);
#2102 = LINE('',#2103,#2104);
#2103 = CARTESIAN_POINT('',(90.5,124.75,17.700000762939));
#2104 = VECTOR('',#2105,1.);
#2105 = DIRECTION('',(-1.,0.,0.));
#2106 = PLANE('',#2107);
#2107 = AXIS2_PLACEMENT_3D('',#2108,#2109,#2110);
#2108 = CARTESIAN_POINT('',(55.852629613782,126.65803747942,
    17.700000762939));
#2109 = DIRECTION('',(-4.042752268413E-31,8.519815786922E-30,-1.));
#2110 = DIRECTION('',(0.,-1.,-8.519815786922E-30));
#2111 = ADVANCED_FACE('',(#2112),#2122,.T.);
#2112 = FACE_BOUND('',#2113,.T.);
#2113 = EDGE_LOOP('',(#2114,#2120,#2121));
#2114 = ORIENTED_EDGE('',*,*,#2115,.T.);
#2115 = EDGE_CURVE('',#334,#1935,#2116,.T.);
#2116 = LINE('',#2117,#2118);
#2117 = CARTESIAN_POINT('',(17.5,124.75,17.700000762939));
#2118 = VECTOR('',#2119,1.);
#2119 = DIRECTION('',(-6.880209161538E-02,0.997630328423,0.));
#2120 = ORIENTED_EDGE('',*,*,#1934,.F.);
#2121 = ORIENTED_EDGE('',*,*,#2094,.F.);
#2122 = PLANE('',#2123);
#2123 = AXIS2_PLACEMENT_3D('',#2124,#2125,#2126);
#2124 = CARTESIAN_POINT('',(52.397370386218,130.10426260581,
    17.700000762939));
#2125 = DIRECTION('',(-0.,-0.,-1.));
#2126 = DIRECTION('',(-1.,0.,0.));
#2127 = ADVANCED_FACE('',(#2128),#2138,.T.);
#2128 = FACE_BOUND('',#2129,.T.);
#2129 = EDGE_LOOP('',(#2130,#2136,#2137));
#2130 = ORIENTED_EDGE('',*,*,#2131,.T.);
#2131 = EDGE_CURVE('',#1165,#1787,#2132,.T.);
#2132 = LINE('',#2133,#2134);
#2133 = CARTESIAN_POINT('',(15.705900192261,96.170402526855,
    17.700000762939));
#2134 = VECTOR('',#2135,1.);
#2135 = DIRECTION('',(0.245653045034,0.969357819108,0.));
#2136 = ORIENTED_EDGE('',*,*,#1809,.F.);
#2137 = ORIENTED_EDGE('',*,*,#1210,.F.);
#2138 = PLANE('',#2139);
#2139 = AXIS2_PLACEMENT_3D('',#2140,#2141,#2142);
#2140 = CARTESIAN_POINT('',(16.731693924343,99.525183995575,
    17.700000762939));
#2141 = DIRECTION('',(2.202456147453E-29,2.040523399462E-30,-1.));
#2142 = DIRECTION('',(-1.,0.,-2.202456147453E-29));
#2143 = ADVANCED_FACE('',(#2144),#2154,.T.);
#2144 = FACE_BOUND('',#2145,.T.);
#2145 = EDGE_LOOP('',(#2146,#2152,#2153));
#2146 = ORIENTED_EDGE('',*,*,#2147,.T.);
#2147 = EDGE_CURVE('',#1119,#1787,#2148,.T.);
#2148 = LINE('',#2149,#2150);
#2149 = CARTESIAN_POINT('',(15.08660030365,96.380599975586,
    17.700000762939));
#2150 = VECTOR('',#2151,1.);
#2151 = DIRECTION('',(0.3314648105,0.943467582591,0.));
#2152 = ORIENTED_EDGE('',*,*,#2131,.F.);
#2153 = ORIENTED_EDGE('',*,*,#1164,.F.);
#2154 = PLANE('',#2155);
#2155 = AXIS2_PLACEMENT_3D('',#2156,#2157,#2158);
#2156 = CARTESIAN_POINT('',(16.40320825764,99.613008210846,
    17.700000762939));
#2157 = DIRECTION('',(-0.,-0.,-1.));
#2158 = DIRECTION('',(-1.,0.,0.));
#2159 = ADVANCED_FACE('',(#2160),#2170,.T.);
#2160 = FACE_BOUND('',#2161,.T.);
#2161 = EDGE_LOOP('',(#2162,#2168,#2169));
#2162 = ORIENTED_EDGE('',*,*,#2163,.T.);
#2163 = EDGE_CURVE('',#1086,#1787,#2164,.T.);
#2164 = LINE('',#2165,#2166);
#2165 = CARTESIAN_POINT('',(14.5,96.669898986816,17.700000762939));
#2166 = VECTOR('',#2167,1.);
#2167 = DIRECTION('',(0.414839247838,0.909894718335,0.));
#2168 = ORIENTED_EDGE('',*,*,#2147,.F.);
#2169 = ORIENTED_EDGE('',*,*,#1118,.F.);
#2170 = PLANE('',#2171);
#2171 = AXIS2_PLACEMENT_3D('',#2172,#2173,#2174);
#2172 = CARTESIAN_POINT('',(16.088764256018,99.742389072084,
    17.700000762939));
#2173 = DIRECTION('',(-2.962116650882E-28,1.257471051207E-28,-1.));
#2174 = DIRECTION('',(-1.,0.,2.962116650882E-28));
#2175 = ADVANCED_FACE('',(#2176),#2186,.T.);
#2176 = FACE_BOUND('',#2177,.T.);
#2177 = EDGE_LOOP('',(#2178,#2184,#2185));
#2178 = ORIENTED_EDGE('',*,*,#2179,.T.);
#2179 = EDGE_CURVE('',#334,#1981,#2180,.T.);
#2180 = LINE('',#2181,#2182);
#2181 = CARTESIAN_POINT('',(17.5,124.75,17.700000762939));
#2182 = VECTOR('',#2183,1.);
#2183 = DIRECTION('',(-0.157920927885,0.987451761118,0.));
#2184 = ORIENTED_EDGE('',*,*,#1980,.F.);
#2185 = ORIENTED_EDGE('',*,*,#2115,.F.);
#2186 = PLANE('',#2187);
#2187 = AXIS2_PLACEMENT_3D('',#2188,#2189,#2190);
#2188 = CARTESIAN_POINT('',(17.068760399579,128.51953680398,
    17.700000762939));
#2189 = DIRECTION('',(-8.201971036093E-29,-1.252238744452E-29,-1.));
#2190 = DIRECTION('',(-1.,0.,8.201971036093E-29));
#2191 = ADVANCED_FACE('',(#2192),#2207,.T.);
#2192 = FACE_BOUND('',#2193,.T.);
#2193 = EDGE_LOOP('',(#2194,#2200,#2201));
#2194 = ORIENTED_EDGE('',*,*,#2195,.T.);
#2195 = EDGE_CURVE('',#165,#1787,#2196,.T.);
#2196 = LINE('',#2197,#2198);
#2197 = CARTESIAN_POINT('',(13.956199645996,97.033203125,17.700000762939
    ));
#2198 = VECTOR('',#2199,1.);
#2199 = DIRECTION('',(0.495226895568,0.868763674371,0.));
#2200 = ORIENTED_EDGE('',*,*,#2163,.F.);
#2201 = ORIENTED_EDGE('',*,*,#2202,.T.);
#2202 = EDGE_CURVE('',#1086,#165,#2203,.T.);
#2203 = LINE('',#2204,#2205);
#2204 = CARTESIAN_POINT('',(14.5,96.669898986816,17.700000762939));
#2205 = VECTOR('',#2206,1.);
#2206 = DIRECTION('',(-0.831506086867,0.555515641097,0.));
#2207 = PLANE('',#2208);
#2208 = AXIS2_PLACEMENT_3D('',#2209,#2210,#2211);
#2209 = CARTESIAN_POINT('',(15.793605612792,99.911218786682,
    17.700000762939));
#2210 = DIRECTION('',(-0.,-0.,-1.));
#2211 = DIRECTION('',(-1.,0.,0.));
#2212 = ADVANCED_FACE('',(#2213),#2223,.T.);
#2213 = FACE_BOUND('',#2214,.T.);
#2214 = EDGE_LOOP('',(#2215,#2221,#2222));
#2215 = ORIENTED_EDGE('',*,*,#2216,.T.);
#2216 = EDGE_CURVE('',#334,#2027,#2217,.T.);
#2217 = LINE('',#2218,#2219);
#2218 = CARTESIAN_POINT('',(17.5,124.75,17.700000762939));
#2219 = VECTOR('',#2220,1.);
#2220 = DIRECTION('',(-0.245639861701,0.969361159911,0.));
#2221 = ORIENTED_EDGE('',*,*,#2026,.F.);
#2222 = ORIENTED_EDGE('',*,*,#2179,.F.);
#2223 = PLANE('',#2224);
#2224 = AXIS2_PLACEMENT_3D('',#2225,#2226,#2227);
#2225 = CARTESIAN_POINT('',(16.731693573085,128.47484027631,
    17.700000762939));
#2226 = DIRECTION('',(-0.,-0.,-1.));
#2227 = DIRECTION('',(-1.,0.,0.));
#2228 = ADVANCED_FACE('',(#2229),#2239,.T.);
#2229 = FACE_BOUND('',#2230,.T.);
#2230 = EDGE_LOOP('',(#2231,#2237,#2238));
#2231 = ORIENTED_EDGE('',*,*,#2232,.T.);
#2232 = EDGE_CURVE('',#132,#1787,#2233,.T.);
#2233 = LINE('',#2234,#2235);
#2234 = CARTESIAN_POINT('',(13.464500427246,97.464500427246,
    17.700000762939));
#2235 = VECTOR('',#2236,1.);
#2236 = DIRECTION('',(0.572096206493,0.820186521784,0.));
#2237 = ORIENTED_EDGE('',*,*,#2195,.F.);
#2238 = ORIENTED_EDGE('',*,*,#164,.T.);
#2239 = PLANE('',#2240);
#2240 = AXIS2_PLACEMENT_3D('',#2241,#2242,#2243);
#2241 = CARTESIAN_POINT('',(15.522640928455,100.11665164979,
    17.700000762939));
#2242 = DIRECTION('',(-8.193592537539E-28,5.263380196614E-28,-1.));
#2243 = DIRECTION('',(-1.,0.,8.193592537539E-28));
#2244 = ADVANCED_FACE('',(#2245),#2255,.T.);
#2245 = FACE_BOUND('',#2246,.T.);
#2246 = EDGE_LOOP('',(#2247,#2253,#2254));
#2247 = ORIENTED_EDGE('',*,*,#2248,.T.);
#2248 = EDGE_CURVE('',#334,#2073,#2249,.T.);
#2249 = LINE('',#2250,#2251);
#2250 = CARTESIAN_POINT('',(17.5,124.75,17.700000762939));
#2251 = VECTOR('',#2252,1.);
#2252 = DIRECTION('',(-0.331481851181,0.943461595582,0.));
#2253 = ORIENTED_EDGE('',*,*,#2072,.F.);
#2254 = ORIENTED_EDGE('',*,*,#2216,.F.);
#2255 = PLANE('',#2256);
#2256 = AXIS2_PLACEMENT_3D('',#2257,#2258,#2259);
#2257 = CARTESIAN_POINT('',(16.403199052445,128.38705303792,
    17.700000762939));
#2258 = DIRECTION('',(-2.76787270047E-29,-6.249348177391E-30,-1.));
#2259 = DIRECTION('',(-1.,0.,2.76787270047E-29));
#2260 = ADVANCED_FACE('',(#2261),#2278,.T.);
#2261 = FACE_BOUND('',#2262,.T.);
#2262 = EDGE_LOOP('',(#2263,#2271,#2272));
#2263 = ORIENTED_EDGE('',*,*,#2264,.T.);
#2264 = EDGE_CURVE('',#2265,#1787,#2267,.T.);
#2265 = VERTEX_POINT('',#2266);
#2266 = CARTESIAN_POINT('',(13.033200263977,97.956199645996,
    17.700000762939));
#2267 = LINE('',#2268,#2269);
#2268 = CARTESIAN_POINT('',(13.033200263977,97.956199645996,
    17.700000762939));
#2269 = VECTOR('',#2270,1.);
#2270 = DIRECTION('',(0.644884068865,0.764280405168,0.));
#2271 = ORIENTED_EDGE('',*,*,#2232,.F.);
#2272 = ORIENTED_EDGE('',*,*,#2273,.T.);
#2273 = EDGE_CURVE('',#132,#2265,#2274,.T.);
#2274 = LINE('',#2275,#2276);
#2275 = CARTESIAN_POINT('',(13.464500427246,97.464500427246,
    17.700000762939));
#2276 = VECTOR('',#2277,1.);
#2277 = DIRECTION('',(-0.659424908402,0.751770437154,0.));
#2278 = PLANE('',#2279);
#2279 = AXIS2_PLACEMENT_3D('',#2280,#2281,#2282);
#2280 = CARTESIAN_POINT('',(15.280365664238,100.35531388618,
    17.700000762939));
#2281 = DIRECTION('',(-0.,-0.,-1.));
#2282 = DIRECTION('',(-1.,0.,0.));
#2283 = ADVANCED_FACE('',(#2284),#2294,.T.);
#2284 = FACE_BOUND('',#2285,.T.);
#2285 = EDGE_LOOP('',(#2286,#2287,#2293));
#2286 = ORIENTED_EDGE('',*,*,#464,.T.);
#2287 = ORIENTED_EDGE('',*,*,#2288,.T.);
#2288 = EDGE_CURVE('',#357,#2073,#2289,.T.);
#2289 = LINE('',#2290,#2291);
#2290 = CARTESIAN_POINT('',(14.5,131.33000183105,17.700000762939));
#2291 = VECTOR('',#2292,1.);
#2292 = DIRECTION('',(0.897041186639,0.441946953234,0.));
#2293 = ORIENTED_EDGE('',*,*,#2248,.F.);
#2294 = PLANE('',#2295);
#2295 = AXIS2_PLACEMENT_3D('',#2296,#2297,#2298);
#2296 = CARTESIAN_POINT('',(16.088770973368,128.25745655223,
    17.700000762939));
#2297 = DIRECTION('',(-0.,-0.,-1.));
#2298 = DIRECTION('',(-1.,0.,0.));
#2299 = ADVANCED_FACE('',(#2300),#2317,.T.);
#2300 = FACE_BOUND('',#2301,.T.);
#2301 = EDGE_LOOP('',(#2302,#2310,#2311));
#2302 = ORIENTED_EDGE('',*,*,#2303,.T.);
#2303 = EDGE_CURVE('',#2304,#1787,#2306,.T.);
#2304 = VERTEX_POINT('',#2305);
#2305 = CARTESIAN_POINT('',(12.669899940491,98.5,17.700000762939));
#2306 = LINE('',#2307,#2308);
#2307 = CARTESIAN_POINT('',(12.669899940491,98.5,17.700000762939));
#2308 = VECTOR('',#2309,1.);
#2309 = DIRECTION('',(0.712994041715,0.701170090976,0.));
#2310 = ORIENTED_EDGE('',*,*,#2264,.F.);
#2311 = ORIENTED_EDGE('',*,*,#2312,.T.);
#2312 = EDGE_CURVE('',#2265,#2304,#2313,.T.);
#2313 = LINE('',#2314,#2315);
#2314 = CARTESIAN_POINT('',(13.033200263977,97.956199645996,
    17.700000762939));
#2315 = VECTOR('',#2316,1.);
#2316 = DIRECTION('',(-0.555511608183,0.831508781177,0.));
#2317 = PLANE('',#2318);
#2318 = AXIS2_PLACEMENT_3D('',#2319,#2320,#2321);
#2319 = CARTESIAN_POINT('',(15.070848608044,100.62321325113,
    17.700000762939));
#2320 = DIRECTION('',(-0.,-0.,-1.));
#2321 = DIRECTION('',(-1.,0.,0.));
#2322 = ADVANCED_FACE('',(#2323),#2340,.T.);
#2323 = FACE_BOUND('',#2324,.T.);
#2324 = EDGE_LOOP('',(#2325,#2333,#2334));
#2325 = ORIENTED_EDGE('',*,*,#2326,.T.);
#2326 = EDGE_CURVE('',#2327,#1787,#2329,.T.);
#2327 = VERTEX_POINT('',#2328);
#2328 = CARTESIAN_POINT('',(12.380599975586,99.086601257324,
    17.700000762939));
#2329 = LINE('',#2330,#2331);
#2330 = CARTESIAN_POINT('',(12.380599975586,99.086601257324,
    17.700000762939));
#2331 = VECTOR('',#2332,1.);
#2332 = DIRECTION('',(0.775825683724,0.630947310378,0.));
#2333 = ORIENTED_EDGE('',*,*,#2303,.F.);
#2334 = ORIENTED_EDGE('',*,*,#2335,.F.);
#2335 = EDGE_CURVE('',#2327,#2304,#2336,.T.);
#2336 = LINE('',#2337,#2338);
#2337 = CARTESIAN_POINT('',(12.380599975586,99.086601257324,
    17.700000762939));
#2338 = VECTOR('',#2339,1.);
#2339 = DIRECTION('',(0.4423135792,-0.896860467216,0.));
#2340 = PLANE('',#2341);
#2341 = AXIS2_PLACEMENT_3D('',#2342,#2343,#2344);
#2342 = CARTESIAN_POINT('',(14.897548877161,100.91590863645,
    17.700000762939));
#2343 = DIRECTION('',(-4.812546362801E-28,5.405378227732E-28,-1.));
#2344 = DIRECTION('',(0.,-1.,-5.405378227732E-28));
#2345 = ADVANCED_FACE('',(#2346),#2370,.T.);
#2346 = FACE_BOUND('',#2347,.T.);
#2347 = EDGE_LOOP('',(#2348,#2356,#2364));
#2348 = ORIENTED_EDGE('',*,*,#2349,.T.);
#2349 = EDGE_CURVE('',#2327,#2350,#2352,.T.);
#2350 = VERTEX_POINT('',#2351);
#2351 = CARTESIAN_POINT('',(12.170399665833,99.705902099609,
    20.700000762939));
#2352 = LINE('',#2353,#2354);
#2353 = CARTESIAN_POINT('',(12.380599975586,99.086601257324,
    17.700000762939));
#2354 = VECTOR('',#2355,1.);
#2355 = DIRECTION('',(-6.845892366784E-02,0.201696511005,0.977052656318)
  );
#2356 = ORIENTED_EDGE('',*,*,#2357,.T.);
#2357 = EDGE_CURVE('',#2350,#2358,#2360,.T.);
#2358 = VERTEX_POINT('',#2359);
#2359 = CARTESIAN_POINT('',(12.170399665833,99.705902099609,
    17.700000762939));
#2360 = LINE('',#2361,#2362);
#2361 = CARTESIAN_POINT('',(12.170399665833,99.705902099609,
    20.700000762939));
#2362 = VECTOR('',#2363,1.);
#2363 = DIRECTION('',(0.,0.,-1.));
#2364 = ORIENTED_EDGE('',*,*,#2365,.T.);
#2365 = EDGE_CURVE('',#2358,#2327,#2366,.T.);
#2366 = LINE('',#2367,#2368);
#2367 = CARTESIAN_POINT('',(12.170399665833,99.705902099609,
    17.700000762939));
#2368 = VECTOR('',#2369,1.);
#2369 = DIRECTION('',(0.321406561421,-0.94694129822,0.));
#2370 = PLANE('',#2371);
#2371 = AXIS2_PLACEMENT_3D('',#2372,#2373,#2374);
#2372 = CARTESIAN_POINT('',(12.22861122946,99.534396784381,
    19.054115156119));
#2373 = DIRECTION('',(-0.94694129822,-0.321406561421,-8.302641630261E-18
    ));
#2374 = DIRECTION('',(0.321406561421,-0.94694129822,0.));
#2375 = ADVANCED_FACE('',(#2376),#2393,.T.);
#2376 = FACE_BOUND('',#2377,.T.);
#2377 = EDGE_LOOP('',(#2378,#2379,#2387));
#2378 = ORIENTED_EDGE('',*,*,#2349,.F.);
#2379 = ORIENTED_EDGE('',*,*,#2380,.F.);
#2380 = EDGE_CURVE('',#2381,#2327,#2383,.T.);
#2381 = VERTEX_POINT('',#2382);
#2382 = CARTESIAN_POINT('',(12.380599975586,99.086601257324,
    20.700000762939));
#2383 = LINE('',#2384,#2385);
#2384 = CARTESIAN_POINT('',(12.380599975586,99.086601257324,
    20.700000762939));
#2385 = VECTOR('',#2386,1.);
#2386 = DIRECTION('',(0.,0.,-1.));
#2387 = ORIENTED_EDGE('',*,*,#2388,.T.);
#2388 = EDGE_CURVE('',#2381,#2350,#2389,.T.);
#2389 = LINE('',#2390,#2391);
#2390 = CARTESIAN_POINT('',(12.380599975586,99.086601257324,
    20.700000762939));
#2391 = VECTOR('',#2392,1.);
#2392 = DIRECTION('',(-0.321406561421,0.94694129822,0.));
#2393 = PLANE('',#2394);
#2394 = AXIS2_PLACEMENT_3D('',#2395,#2396,#2397);
#2395 = CARTESIAN_POINT('',(12.322388411958,99.258106572552,
    19.34588636976));
#2396 = DIRECTION('',(-0.94694129822,-0.321406561421,2.490792489078E-17)
  );
#2397 = DIRECTION('',(0.321406561421,-0.94694129822,0.));
#2398 = ADVANCED_FACE('',(#2399),#2409,.T.);
#2399 = FACE_BOUND('',#2400,.T.);
#2400 = EDGE_LOOP('',(#2401,#2407,#2408));
#2401 = ORIENTED_EDGE('',*,*,#2402,.T.);
#2402 = EDGE_CURVE('',#2304,#2381,#2403,.T.);
#2403 = LINE('',#2404,#2405);
#2404 = CARTESIAN_POINT('',(12.669899940491,98.5,17.700000762939));
#2405 = VECTOR('',#2406,1.);
#2406 = DIRECTION('',(-9.422004429098E-02,0.19104598393,0.977048624828)
  );
#2407 = ORIENTED_EDGE('',*,*,#2380,.T.);
#2408 = ORIENTED_EDGE('',*,*,#2335,.T.);
#2409 = PLANE('',#2410);
#2410 = AXIS2_PLACEMENT_3D('',#2411,#2412,#2413);
#2411 = CARTESIAN_POINT('',(12.460717597068,98.924150157441,
    19.054103453869));
#2412 = DIRECTION('',(-0.896860467216,-0.4423135792,-8.302585013548E-18)
  );
#2413 = DIRECTION('',(0.4423135792,-0.896860467216,0.));
#2414 = ADVANCED_FACE('',(#2415),#2432,.T.);
#2415 = FACE_BOUND('',#2416,.T.);
#2416 = EDGE_LOOP('',(#2417,#2418,#2426));
#2417 = ORIENTED_EDGE('',*,*,#2402,.F.);
#2418 = ORIENTED_EDGE('',*,*,#2419,.T.);
#2419 = EDGE_CURVE('',#2304,#2420,#2422,.T.);
#2420 = VERTEX_POINT('',#2421);
#2421 = CARTESIAN_POINT('',(12.669899940491,98.5,20.700000762939));
#2422 = LINE('',#2423,#2424);
#2423 = CARTESIAN_POINT('',(12.669899940491,98.5,17.700000762939));
#2424 = VECTOR('',#2425,1.);
#2425 = DIRECTION('',(0.,0.,1.));
#2426 = ORIENTED_EDGE('',*,*,#2427,.T.);
#2427 = EDGE_CURVE('',#2420,#2381,#2428,.T.);
#2428 = LINE('',#2429,#2430);
#2429 = CARTESIAN_POINT('',(12.669899940491,98.5,20.700000762939));
#2430 = VECTOR('',#2431,1.);
#2431 = DIRECTION('',(-0.4423135792,0.896860467216,0.));
#2432 = PLANE('',#2433);
#2433 = AXIS2_PLACEMENT_3D('',#2434,#2435,#2436);
#2434 = CARTESIAN_POINT('',(12.589782319009,98.662451099883,
    19.34589807201));
#2435 = DIRECTION('',(-0.896860467216,-0.4423135792,-8.302585013548E-18)
  );
#2436 = DIRECTION('',(0.4423135792,-0.896860467216,3.851859888774E-34));
#2437 = ADVANCED_FACE('',(#2438),#2448,.T.);
#2438 = FACE_BOUND('',#2439,.T.);
#2439 = EDGE_LOOP('',(#2440,#2446,#2447));
#2440 = ORIENTED_EDGE('',*,*,#2441,.T.);
#2441 = EDGE_CURVE('',#334,#436,#2442,.T.);
#2442 = LINE('',#2443,#2444);
#2443 = CARTESIAN_POINT('',(17.5,124.75,17.700000762939));
#2444 = VECTOR('',#2445,1.);
#2445 = DIRECTION('',(-0.572063219864,0.82020952962,0.));
#2446 = ORIENTED_EDGE('',*,*,#435,.F.);
#2447 = ORIENTED_EDGE('',*,*,#457,.F.);
#2448 = PLANE('',#2449);
#2449 = AXIS2_PLACEMENT_3D('',#2450,#2451,#2452);
#2450 = CARTESIAN_POINT('',(15.52266612293,127.8834843238,
    17.700000762939));
#2451 = DIRECTION('',(1.879724222446E-28,1.199119037217E-28,-1.));
#2452 = DIRECTION('',(-1.,0.,-1.879724222446E-28));
#2453 = ADVANCED_FACE('',(#2454),#2464,.T.);
#2454 = FACE_BOUND('',#2455,.T.);
#2455 = EDGE_LOOP('',(#2456,#2462,#2463));
#2456 = ORIENTED_EDGE('',*,*,#2457,.T.);
#2457 = EDGE_CURVE('',#2358,#1787,#2458,.T.);
#2458 = LINE('',#2459,#2460);
#2459 = CARTESIAN_POINT('',(12.170399665833,99.705902099609,
    17.700000762939));
#2460 = VECTOR('',#2461,1.);
#2461 = DIRECTION('',(0.832696489256,0.553729678436,0.));
#2462 = ORIENTED_EDGE('',*,*,#2326,.F.);
#2463 = ORIENTED_EDGE('',*,*,#2365,.F.);
#2464 = PLANE('',#2465);
#2465 = AXIS2_PLACEMENT_3D('',#2466,#2467,#2468);
#2466 = CARTESIAN_POINT('',(14.763382359411,101.22857779991,
    17.700000762939));
#2467 = DIRECTION('',(-0.,-0.,-1.));
#2468 = DIRECTION('',(-1.,0.,0.));
#2469 = ADVANCED_FACE('',(#2470),#2487,.T.);
#2470 = FACE_BOUND('',#2471,.T.);
#2471 = EDGE_LOOP('',(#2472,#2480,#2486));
#2472 = ORIENTED_EDGE('',*,*,#2473,.T.);
#2473 = EDGE_CURVE('',#334,#2474,#2476,.T.);
#2474 = VERTEX_POINT('',#2475);
#2475 = CARTESIAN_POINT('',(13.033200263977,130.04400634765,
    17.700000762939));
#2476 = LINE('',#2477,#2478);
#2477 = CARTESIAN_POINT('',(17.5,124.75,17.700000762939));
#2478 = VECTOR('',#2479,1.);
#2479 = DIRECTION('',(-0.644869411125,0.764292772827,0.));
#2480 = ORIENTED_EDGE('',*,*,#2481,.T.);
#2481 = EDGE_CURVE('',#2474,#436,#2482,.T.);
#2482 = LINE('',#2483,#2484);
#2483 = CARTESIAN_POINT('',(13.033200263977,130.04400634765,
    17.700000762939));
#2484 = VECTOR('',#2485,1.);
#2485 = DIRECTION('',(0.659205213022,0.751963088938,0.));
#2486 = ORIENTED_EDGE('',*,*,#2441,.F.);
#2487 = PLANE('',#2488);
#2488 = AXIS2_PLACEMENT_3D('',#2489,#2490,#2491);
#2489 = CARTESIAN_POINT('',(15.280340869332,127.64490674164,
    17.700000762939));
#2490 = DIRECTION('',(-0.,-0.,-1.));
#2491 = DIRECTION('',(-1.,0.,0.));
#2492 = ADVANCED_FACE('',(#2493),#2510,.T.);
#2493 = FACE_BOUND('',#2494,.T.);
#2494 = EDGE_LOOP('',(#2495,#2503,#2504));
#2495 = ORIENTED_EDGE('',*,*,#2496,.T.);
#2496 = EDGE_CURVE('',#2497,#1787,#2499,.T.);
#2497 = VERTEX_POINT('',#2498);
#2498 = CARTESIAN_POINT('',(12.042799949646,100.34700012207,
    17.700000762939));
#2499 = LINE('',#2500,#2501);
#2500 = CARTESIAN_POINT('',(12.042799949646,100.34700012207,
    17.700000762939));
#2501 = VECTOR('',#2502,1.);
#2502 = DIRECTION('',(0.882856700371,0.469642466788,0.));
#2503 = ORIENTED_EDGE('',*,*,#2457,.F.);
#2504 = ORIENTED_EDGE('',*,*,#2505,.T.);
#2505 = EDGE_CURVE('',#2358,#2497,#2506,.T.);
#2506 = LINE('',#2507,#2508);
#2507 = CARTESIAN_POINT('',(12.170399665833,99.705902099609,
    17.700000762939));
#2508 = VECTOR('',#2509,1.);
#2509 = DIRECTION('',(-0.195204208388,0.980762620121,0.));
#2510 = PLANE('',#2511);
#2511 = AXIS2_PLACEMENT_3D('',#2512,#2513,#2514);
#2512 = CARTESIAN_POINT('',(14.670642590365,101.55596939029,
    17.700000762939));
#2513 = DIRECTION('',(-2.222611762501E-28,3.745821054187E-28,-1.));
#2514 = DIRECTION('',(0.,-1.,-3.745821054187E-28));
#2515 = ADVANCED_FACE('',(#2516),#2526,.T.);
#2516 = FACE_BOUND('',#2517,.T.);
#2517 = EDGE_LOOP('',(#2518,#2519,#2525));
#2518 = ORIENTED_EDGE('',*,*,#342,.T.);
#2519 = ORIENTED_EDGE('',*,*,#2520,.T.);
#2520 = EDGE_CURVE('',#197,#2474,#2521,.T.);
#2521 = LINE('',#2522,#2523);
#2522 = CARTESIAN_POINT('',(12.669899940491,129.5,17.700000762939));
#2523 = VECTOR('',#2524,1.);
#2524 = DIRECTION('',(0.555366145093,0.831605943272,0.));
#2525 = ORIENTED_EDGE('',*,*,#2473,.F.);
#2526 = PLANE('',#2527);
#2527 = AXIS2_PLACEMENT_3D('',#2528,#2529,#2530);
#2528 = CARTESIAN_POINT('',(15.070824272856,127.37686994092,
    17.700000762939));
#2529 = DIRECTION('',(1.252958871693E-28,1.17411408484E-28,-1.));
#2530 = DIRECTION('',(-1.,0.,-1.252958871693E-28));
#2531 = ADVANCED_FACE('',(#2532),#2549,.T.);
#2532 = FACE_BOUND('',#2533,.T.);
#2533 = EDGE_LOOP('',(#2534,#2535,#2543));
#2534 = ORIENTED_EDGE('',*,*,#2496,.F.);
#2535 = ORIENTED_EDGE('',*,*,#2536,.F.);
#2536 = EDGE_CURVE('',#2537,#2497,#2539,.T.);
#2537 = VERTEX_POINT('',#2538);
#2538 = CARTESIAN_POINT('',(12.,101.,17.700000762939));
#2539 = LINE('',#2540,#2541);
#2540 = CARTESIAN_POINT('',(12.,101.,17.700000762939));
#2541 = VECTOR('',#2542,1.);
#2542 = DIRECTION('',(6.540324552218E-02,-0.997858915616,0.));
#2543 = ORIENTED_EDGE('',*,*,#2544,.F.);
#2544 = EDGE_CURVE('',#1787,#2537,#2545,.T.);
#2545 = LINE('',#2546,#2547);
#2546 = CARTESIAN_POINT('',(17.5,103.25,17.700000762939));
#2547 = VECTOR('',#2548,1.);
#2548 = DIRECTION('',(-0.925546956206,-0.378632845721,0.));
#2549 = PLANE('',#2550);
#2550 = AXIS2_PLACEMENT_3D('',#2551,#2552,#2553);
#2551 = CARTESIAN_POINT('',(14.620613393334,101.89272374864,
    17.700000762939));
#2552 = DIRECTION('',(-0.,-0.,-1.));
#2553 = DIRECTION('',(-1.,0.,0.));
#2554 = ADVANCED_FACE('',(#2555),#2570,.T.);
#2555 = FACE_BOUND('',#2556,.T.);
#2556 = EDGE_LOOP('',(#2557,#2558,#2564));
#2557 = ORIENTED_EDGE('',*,*,#2544,.T.);
#2558 = ORIENTED_EDGE('',*,*,#2559,.T.);
#2559 = EDGE_CURVE('',#2537,#334,#2560,.T.);
#2560 = LINE('',#2561,#2562);
#2561 = CARTESIAN_POINT('',(12.,101.,17.700000762939));
#2562 = VECTOR('',#2563,1.);
#2563 = DIRECTION('',(0.225608395623,0.974218072007,0.));
#2564 = ORIENTED_EDGE('',*,*,#2565,.T.);
#2565 = EDGE_CURVE('',#334,#1787,#2566,.T.);
#2566 = LINE('',#2567,#2568);
#2567 = CARTESIAN_POINT('',(17.5,124.75,17.700000762939));
#2568 = VECTOR('',#2569,1.);
#2569 = DIRECTION('',(0.,-1.,0.));
#2570 = PLANE('',#2571);
#2571 = AXIS2_PLACEMENT_3D('',#2572,#2573,#2574);
#2572 = CARTESIAN_POINT('',(15.890947655109,112.10902330602,
    17.700000762939));
#2573 = DIRECTION('',(-0.,-0.,-1.));
#2574 = DIRECTION('',(-1.,0.,0.));
#2575 = ADVANCED_FACE('',(#2576),#2593,.T.);
#2576 = FACE_BOUND('',#2577,.T.);
#2577 = EDGE_LOOP('',(#2578,#2586,#2587));
#2578 = ORIENTED_EDGE('',*,*,#2579,.T.);
#2579 = EDGE_CURVE('',#2580,#334,#2582,.T.);
#2580 = VERTEX_POINT('',#2581);
#2581 = CARTESIAN_POINT('',(12.,127.,17.700000762939));
#2582 = LINE('',#2583,#2584);
#2583 = CARTESIAN_POINT('',(12.,127.,17.700000762939));
#2584 = VECTOR('',#2585,1.);
#2585 = DIRECTION('',(0.925546956206,-0.378632845721,0.));
#2586 = ORIENTED_EDGE('',*,*,#2559,.F.);
#2587 = ORIENTED_EDGE('',*,*,#2588,.F.);
#2588 = EDGE_CURVE('',#2580,#2537,#2589,.T.);
#2589 = LINE('',#2590,#2591);
#2590 = CARTESIAN_POINT('',(12.,127.,17.700000762939));
#2591 = VECTOR('',#2592,1.);
#2592 = DIRECTION('',(0.,-1.,0.));
#2593 = PLANE('',#2594);
#2594 = AXIS2_PLACEMENT_3D('',#2595,#2596,#2597);
#2595 = CARTESIAN_POINT('',(13.480490334101,114.76597669397,
    17.700000762939));
#2596 = DIRECTION('',(-0.,-0.,-1.));
#2597 = DIRECTION('',(-1.,0.,0.));
#2598 = ADVANCED_FACE('',(#2599),#2614,.T.);
#2599 = FACE_BOUND('',#2600,.T.);
#2600 = EDGE_LOOP('',(#2601,#2607,#2613));
#2601 = ORIENTED_EDGE('',*,*,#2602,.T.);
#2602 = EDGE_CURVE('',#2537,#24,#2603,.T.);
#2603 = LINE('',#2604,#2605);
#2604 = CARTESIAN_POINT('',(12.,101.,17.700000762939));
#2605 = VECTOR('',#2606,1.);
#2606 = DIRECTION('',(0.,0.993408935871,0.114624107985));
#2607 = ORIENTED_EDGE('',*,*,#2608,.T.);
#2608 = EDGE_CURVE('',#24,#2580,#2609,.T.);
#2609 = LINE('',#2610,#2611);
#2610 = CARTESIAN_POINT('',(12.,127.,20.700000762939));
#2611 = VECTOR('',#2612,1.);
#2612 = DIRECTION('',(0.,0.,-1.));
#2613 = ORIENTED_EDGE('',*,*,#2588,.T.);
#2614 = PLANE('',#2615);
#2615 = AXIS2_PLACEMENT_3D('',#2616,#2617,#2618);
#2616 = CARTESIAN_POINT('',(12.,114.70687383584,18.493126927091));
#2617 = DIRECTION('',(-1.,4.787087337616E-32,-2.13209511274E-31));
#2618 = DIRECTION('',(2.13209511274E-31,0.,-1.));
#2619 = ADVANCED_FACE('',(#2620),#2630,.T.);
#2620 = FACE_BOUND('',#2621,.T.);
#2621 = EDGE_LOOP('',(#2622,#2623,#2629));
#2622 = ORIENTED_EDGE('',*,*,#2602,.F.);
#2623 = ORIENTED_EDGE('',*,*,#2624,.T.);
#2624 = EDGE_CURVE('',#2537,#54,#2625,.T.);
#2625 = LINE('',#2626,#2627);
#2626 = CARTESIAN_POINT('',(12.,101.,17.700000762939));
#2627 = VECTOR('',#2628,1.);
#2628 = DIRECTION('',(0.,0.,1.));
#2629 = ORIENTED_EDGE('',*,*,#62,.T.);
#2630 = PLANE('',#2631);
#2631 = AXIS2_PLACEMENT_3D('',#2632,#2633,#2634);
#2632 = CARTESIAN_POINT('',(12.,113.29312616415,19.906874598788));
#2633 = DIRECTION('',(-1.,-4.787087337616E-32,2.13209511274E-31));
#2634 = DIRECTION('',(-2.13209511274E-31,0.,-1.));
#2635 = ADVANCED_FACE('',(#2636),#2646,.T.);
#2636 = FACE_BOUND('',#2637,.T.);
#2637 = EDGE_LOOP('',(#2638,#2644,#2645));
#2638 = ORIENTED_EDGE('',*,*,#2639,.T.);
#2639 = EDGE_CURVE('',#2497,#54,#2640,.T.);
#2640 = LINE('',#2641,#2642);
#2641 = CARTESIAN_POINT('',(12.042799949646,100.34700012207,
    17.700000762939));
#2642 = VECTOR('',#2643,1.);
#2643 = DIRECTION('',(-1.393888156167E-02,0.212665856702,0.977025557994)
  );
#2644 = ORIENTED_EDGE('',*,*,#2624,.F.);
#2645 = ORIENTED_EDGE('',*,*,#2536,.T.);
#2646 = PLANE('',#2647);
#2647 = AXIS2_PLACEMENT_3D('',#2648,#2649,#2650);
#2648 = CARTESIAN_POINT('',(12.011853439636,100.81915178173,
    19.054036520483));
#2649 = DIRECTION('',(-0.997858915616,-6.540324552218E-02,
    -1.884480892058E-18));
#2650 = DIRECTION('',(6.540324552218E-02,-0.997858915616,0.));
#2651 = ADVANCED_FACE('',(#2652),#2669,.T.);
#2652 = FACE_BOUND('',#2653,.T.);
#2653 = EDGE_LOOP('',(#2654,#2655,#2663));
#2654 = ORIENTED_EDGE('',*,*,#2639,.F.);
#2655 = ORIENTED_EDGE('',*,*,#2656,.T.);
#2656 = EDGE_CURVE('',#2497,#2657,#2659,.T.);
#2657 = VERTEX_POINT('',#2658);
#2658 = CARTESIAN_POINT('',(12.042799949646,100.34700012207,
    20.700000762939));
#2659 = LINE('',#2660,#2661);
#2660 = CARTESIAN_POINT('',(12.042799949646,100.34700012207,
    17.700000762939));
#2661 = VECTOR('',#2662,1.);
#2662 = DIRECTION('',(0.,0.,1.));
#2663 = ORIENTED_EDGE('',*,*,#2664,.T.);
#2664 = EDGE_CURVE('',#2657,#54,#2665,.T.);
#2665 = LINE('',#2666,#2667);
#2666 = CARTESIAN_POINT('',(12.042799949646,100.34700012207,
    20.700000762939));
#2667 = VECTOR('',#2668,1.);
#2668 = DIRECTION('',(-6.540324552218E-02,0.997858915616,0.));
#2669 = PLANE('',#2670);
#2670 = AXIS2_PLACEMENT_3D('',#2671,#2672,#2673);
#2671 = CARTESIAN_POINT('',(12.03094651001,100.52784834033,
    19.345965005396));
#2672 = DIRECTION('',(-0.997858915616,-6.540324552218E-02,
    -2.751832703879E-18));
#2673 = DIRECTION('',(6.540324552218E-02,-0.997858915616,
    2.407412430484E-35));
#2674 = ADVANCED_FACE('',(#2675),#2690,.T.);
#2675 = FACE_BOUND('',#2676,.T.);
#2676 = EDGE_LOOP('',(#2677,#2683,#2684));
#2677 = ORIENTED_EDGE('',*,*,#2678,.T.);
#2678 = EDGE_CURVE('',#288,#334,#2679,.T.);
#2679 = LINE('',#2680,#2681);
#2680 = CARTESIAN_POINT('',(12.042799949646,127.65299987793,
    17.700000762939));
#2681 = VECTOR('',#2682,1.);
#2682 = DIRECTION('',(0.882856700371,-0.469642466788,0.));
#2683 = ORIENTED_EDGE('',*,*,#2579,.F.);
#2684 = ORIENTED_EDGE('',*,*,#2685,.T.);
#2685 = EDGE_CURVE('',#2580,#288,#2686,.T.);
#2686 = LINE('',#2687,#2688);
#2687 = CARTESIAN_POINT('',(12.,127.,17.700000762939));
#2688 = VECTOR('',#2689,1.);
#2689 = DIRECTION('',(6.540324552218E-02,0.997858915616,0.));
#2690 = PLANE('',#2691);
#2691 = AXIS2_PLACEMENT_3D('',#2692,#2693,#2694);
#2692 = CARTESIAN_POINT('',(14.620613393334,126.10727625135,
    17.700000762939));
#2693 = DIRECTION('',(-0.,-0.,-1.));
#2694 = DIRECTION('',(-1.,0.,0.));
#2695 = ADVANCED_FACE('',(#2696),#2706,.T.);
#2696 = FACE_BOUND('',#2697,.T.);
#2697 = EDGE_LOOP('',(#2698,#2704,#2705));
#2698 = ORIENTED_EDGE('',*,*,#2699,.T.);
#2699 = EDGE_CURVE('',#334,#242,#2700,.T.);
#2700 = LINE('',#2701,#2702);
#2701 = CARTESIAN_POINT('',(17.5,124.75,17.700000762939));
#2702 = VECTOR('',#2703,1.);
#2703 = DIRECTION('',(-0.832703084752,0.553719760027,0.));
#2704 = ORIENTED_EDGE('',*,*,#250,.F.);
#2705 = ORIENTED_EDGE('',*,*,#333,.F.);
#2706 = PLANE('',#2707);
#2707 = AXIS2_PLACEMENT_3D('',#2708,#2709,#2710);
#2708 = CARTESIAN_POINT('',(14.763432763199,126.77125119772,
    17.700000762939));
#2709 = DIRECTION('',(-0.,-0.,-1.));
#2710 = DIRECTION('',(-1.,0.,0.));
#2711 = ADVANCED_FACE('',(#2712),#2717,.T.);
#2712 = FACE_BOUND('',#2713,.T.);
#2713 = EDGE_LOOP('',(#2714,#2715,#2716));
#2714 = ORIENTED_EDGE('',*,*,#2678,.F.);
#2715 = ORIENTED_EDGE('',*,*,#296,.F.);
#2716 = ORIENTED_EDGE('',*,*,#2699,.F.);
#2717 = PLANE('',#2718);
#2718 = AXIS2_PLACEMENT_3D('',#2719,#2720,#2721);
#2719 = CARTESIAN_POINT('',(14.670659355181,126.44399553695,
    17.700000762939));
#2720 = DIRECTION('',(9.342536588674E-29,1.559446867036E-28,-1.));
#2721 = DIRECTION('',(0.,-1.,-1.559446867036E-28));
#2722 = ADVANCED_FACE('',(#2723),#2740,.T.);
#2723 = FACE_BOUND('',#2724,.T.);
#2724 = EDGE_LOOP('',(#2725,#2733,#2739));
#2725 = ORIENTED_EDGE('',*,*,#2726,.T.);
#2726 = EDGE_CURVE('',#1657,#2727,#2729,.T.);
#2727 = VERTEX_POINT('',#2728);
#2728 = CARTESIAN_POINT('',(92.294097900391,131.83000183105,
    20.700000762939));
#2729 = LINE('',#2730,#2731);
#2730 = CARTESIAN_POINT('',(92.913398742676,131.61900329589,
    17.700000762939));
#2731 = VECTOR('',#2732,1.);
#2732 = DIRECTION('',(-0.201692914647,6.871766778948E-02,0.97703523494)
  );
#2733 = ORIENTED_EDGE('',*,*,#2734,.T.);
#2734 = EDGE_CURVE('',#2727,#1679,#2735,.T.);
#2735 = LINE('',#2736,#2737);
#2736 = CARTESIAN_POINT('',(92.294097900391,131.83000183105,
    20.700000762939));
#2737 = VECTOR('',#2738,1.);
#2738 = DIRECTION('',(0.94656934133,-0.322500359773,0.));
#2739 = ORIENTED_EDGE('',*,*,#1710,.F.);
#2740 = PLANE('',#2741);
#2741 = AXIS2_PLACEMENT_3D('',#2742,#2743,#2744);
#2742 = CARTESIAN_POINT('',(92.741887023451,131.67743809696,
    19.345936930409));
#2743 = DIRECTION('',(0.322500359773,0.94656934133,-8.302397034789E-18)
  );
#2744 = DIRECTION('',(0.94656934133,-0.322500359773,0.));
#2745 = ADVANCED_FACE('',(#2746),#2756,.T.);
#2746 = FACE_BOUND('',#2747,.T.);
#2747 = EDGE_LOOP('',(#2748,#2749,#2750));
#2748 = ORIENTED_EDGE('',*,*,#2726,.F.);
#2749 = ORIENTED_EDGE('',*,*,#1749,.F.);
#2750 = ORIENTED_EDGE('',*,*,#2751,.T.);
#2751 = EDGE_CURVE('',#1742,#2727,#2752,.T.);
#2752 = LINE('',#2753,#2754);
#2753 = CARTESIAN_POINT('',(92.294097900391,131.83000183105,
    17.700000762939));
#2754 = VECTOR('',#2755,1.);
#2755 = DIRECTION('',(0.,0.,1.));
#2756 = PLANE('',#2757);
#2757 = AXIS2_PLACEMENT_3D('',#2758,#2759,#2760);
#2758 = CARTESIAN_POINT('',(92.465609619615,131.77156702998,
    19.05406459547));
#2759 = DIRECTION('',(0.322500359773,0.94656934133,-8.302397034789E-18)
  );
#2760 = DIRECTION('',(0.94656934133,-0.322500359773,0.));
#2761 = ADVANCED_FACE('',(#2762),#2777,.T.);
#2762 = FACE_BOUND('',#2763,.T.);
#2763 = EDGE_LOOP('',(#2764,#2770,#2776));
#2764 = ORIENTED_EDGE('',*,*,#2765,.T.);
#2765 = EDGE_CURVE('',#2073,#367,#2766,.T.);
#2766 = LINE('',#2767,#2768);
#2767 = CARTESIAN_POINT('',(15.08660030365,131.61900329589,
    17.700000762939));
#2768 = VECTOR('',#2769,1.);
#2769 = DIRECTION('',(-0.191047433719,-9.412369522485E-02,0.977057627812
    ));
#2770 = ORIENTED_EDGE('',*,*,#2771,.T.);
#2771 = EDGE_CURVE('',#367,#2049,#2772,.T.);
#2772 = LINE('',#2773,#2774);
#2773 = CARTESIAN_POINT('',(14.5,131.33000183105,20.700000762939));
#2774 = VECTOR('',#2775,1.);
#2775 = DIRECTION('',(0.897041186639,0.441946953234,0.));
#2776 = ORIENTED_EDGE('',*,*,#2080,.F.);
#2777 = PLANE('',#2778);
#2778 = AXIS2_PLACEMENT_3D('',#2779,#2780,#2781);
#2779 = CARTESIAN_POINT('',(14.924152603176,131.53896988455,
    19.345871937307));
#2780 = DIRECTION('',(-0.441946953234,0.897041186639,-8.302711460255E-18
    ));
#2781 = DIRECTION('',(0.897041186639,0.441946953234,-3.851859888774E-34)
  );
#2782 = ADVANCED_FACE('',(#2783),#2788,.T.);
#2783 = FACE_BOUND('',#2784,.T.);
#2784 = EDGE_LOOP('',(#2785,#2786,#2787));
#2785 = ORIENTED_EDGE('',*,*,#2765,.F.);
#2786 = ORIENTED_EDGE('',*,*,#2288,.F.);
#2787 = ORIENTED_EDGE('',*,*,#374,.F.);
#2788 = PLANE('',#2789);
#2789 = AXIS2_PLACEMENT_3D('',#2790,#2791,#2792);
#2790 = CARTESIAN_POINT('',(14.662447700473,131.4100352424,
    19.054129588572));
#2791 = DIRECTION('',(-0.441946953234,0.897041186639,-2.490813438076E-17
    ));
#2792 = DIRECTION('',(0.897041186639,0.441946953234,0.));
#2793 = ADVANCED_FACE('',(#2794),#2811,.T.);
#2794 = FACE_BOUND('',#2795,.T.);
#2795 = EDGE_LOOP('',(#2796,#2804,#2805));
#2796 = ORIENTED_EDGE('',*,*,#2797,.T.);
#2797 = EDGE_CURVE('',#2798,#512,#2800,.T.);
#2798 = VERTEX_POINT('',#2799);
#2799 = CARTESIAN_POINT('',(96.,101.,20.700000762939));
#2800 = LINE('',#2801,#2802);
#2801 = CARTESIAN_POINT('',(96.,101.,20.700000762939));
#2802 = VECTOR('',#2803,1.);
#2803 = DIRECTION('',(0.,0.993408935871,-0.114624107985));
#2804 = ORIENTED_EDGE('',*,*,#693,.F.);
#2805 = ORIENTED_EDGE('',*,*,#2806,.T.);
#2806 = EDGE_CURVE('',#670,#2798,#2807,.T.);
#2807 = LINE('',#2808,#2809);
#2808 = CARTESIAN_POINT('',(96.,127.,20.700000762939));
#2809 = VECTOR('',#2810,1.);
#2810 = DIRECTION('',(0.,-1.,0.));
#2811 = PLANE('',#2812);
#2812 = AXIS2_PLACEMENT_3D('',#2813,#2814,#2815);
#2813 = CARTESIAN_POINT('',(96.,114.70687383584,19.906874598788));
#2814 = DIRECTION('',(1.,-3.829669870092E-31,-1.705676090192E-30));
#2815 = DIRECTION('',(1.705676090192E-30,0.,1.));
#2816 = ADVANCED_FACE('',(#2817),#2827,.T.);
#2817 = FACE_BOUND('',#2818,.T.);
#2818 = EDGE_LOOP('',(#2819,#2820,#2826));
#2819 = ORIENTED_EDGE('',*,*,#2797,.F.);
#2820 = ORIENTED_EDGE('',*,*,#2821,.T.);
#2821 = EDGE_CURVE('',#2798,#481,#2822,.T.);
#2822 = LINE('',#2823,#2824);
#2823 = CARTESIAN_POINT('',(96.,101.,20.700000762939));
#2824 = VECTOR('',#2825,1.);
#2825 = DIRECTION('',(0.,0.,-1.));
#2826 = ORIENTED_EDGE('',*,*,#519,.F.);
#2827 = PLANE('',#2828);
#2828 = AXIS2_PLACEMENT_3D('',#2829,#2830,#2831);
#2829 = CARTESIAN_POINT('',(96.,113.29312616415,18.493126927091));
#2830 = DIRECTION('',(1.,3.829669870092E-31,1.705676090192E-30));
#2831 = DIRECTION('',(-1.705676090192E-30,0.,1.));
#2832 = ADVANCED_FACE('',(#2833),#2843,.T.);
#2833 = FACE_BOUND('',#2834,.T.);
#2834 = EDGE_LOOP('',(#2835,#2841,#2842));
#2835 = ORIENTED_EDGE('',*,*,#2836,.T.);
#2836 = EDGE_CURVE('',#2580,#312,#2837,.T.);
#2837 = LINE('',#2838,#2839);
#2838 = CARTESIAN_POINT('',(12.,127.,17.700000762939));
#2839 = VECTOR('',#2840,1.);
#2840 = DIRECTION('',(1.393888156167E-02,0.212665856702,0.977025557994)
  );
#2841 = ORIENTED_EDGE('',*,*,#311,.F.);
#2842 = ORIENTED_EDGE('',*,*,#2685,.F.);
#2843 = PLANE('',#2844);
#2844 = AXIS2_PLACEMENT_3D('',#2845,#2846,#2847);
#2845 = CARTESIAN_POINT('',(12.03094651001,127.47215165966,
    19.054036520483));
#2846 = DIRECTION('',(-0.997858915616,6.540324552218E-02,
    1.098435971317E-18));
#2847 = DIRECTION('',(-6.540324552218E-02,-0.997858915616,0.));
#2848 = ADVANCED_FACE('',(#2849),#2859,.T.);
#2849 = FACE_BOUND('',#2850,.T.);
#2850 = EDGE_LOOP('',(#2851,#2852,#2853));
#2851 = ORIENTED_EDGE('',*,*,#2836,.F.);
#2852 = ORIENTED_EDGE('',*,*,#2608,.F.);
#2853 = ORIENTED_EDGE('',*,*,#2854,.T.);
#2854 = EDGE_CURVE('',#24,#312,#2855,.T.);
#2855 = LINE('',#2856,#2857);
#2856 = CARTESIAN_POINT('',(12.,127.,20.700000762939));
#2857 = VECTOR('',#2858,1.);
#2858 = DIRECTION('',(6.540324552218E-02,0.997858915616,0.));
#2859 = PLANE('',#2860);
#2860 = AXIS2_PLACEMENT_3D('',#2861,#2862,#2863);
#2861 = CARTESIAN_POINT('',(12.011853439636,127.18084821826,
    19.345965005396));
#2862 = DIRECTION('',(-0.997858915616,6.540324552218E-02,
    4.432339453812E-18));
#2863 = DIRECTION('',(-6.540324552218E-02,-0.997858915616,
    4.814824860968E-35));
#2864 = ADVANCED_FACE('',(#2865),#2882,.T.);
#2865 = FACE_BOUND('',#2866,.T.);
#2866 = EDGE_LOOP('',(#2867,#2875,#2881));
#2867 = ORIENTED_EDGE('',*,*,#2868,.T.);
#2868 = EDGE_CURVE('',#197,#2869,#2871,.T.);
#2869 = VERTEX_POINT('',#2870);
#2870 = CARTESIAN_POINT('',(13.033200263977,130.04400634765,
    20.700000762939));
#2871 = LINE('',#2872,#2873);
#2872 = CARTESIAN_POINT('',(12.669899940491,129.5,17.700000762939));
#2873 = VECTOR('',#2874,1.);
#2874 = DIRECTION('',(0.118319849662,0.177172287248,0.97704165408));
#2875 = ORIENTED_EDGE('',*,*,#2876,.T.);
#2876 = EDGE_CURVE('',#2869,#2474,#2877,.T.);
#2877 = LINE('',#2878,#2879);
#2878 = CARTESIAN_POINT('',(13.033200263977,130.04400634765,
    20.700000762939));
#2879 = VECTOR('',#2880,1.);
#2880 = DIRECTION('',(0.,0.,-1.));
#2881 = ORIENTED_EDGE('',*,*,#2520,.F.);
#2882 = PLANE('',#2883);
#2883 = AXIS2_PLACEMENT_3D('',#2884,#2885,#2886);
#2884 = CARTESIAN_POINT('',(12.932587764101,129.89334906758,
    19.054083222623));
#2885 = DIRECTION('',(-0.831605943272,0.555366145093,1.660497427995E-17)
  );
#2886 = DIRECTION('',(-0.555366145093,-0.831605943272,1.54074395551E-33)
  );
#2887 = ADVANCED_FACE('',(#2888),#2898,.T.);
#2888 = FACE_BOUND('',#2889,.T.);
#2889 = EDGE_LOOP('',(#2890,#2891,#2892));
#2890 = ORIENTED_EDGE('',*,*,#2868,.F.);
#2891 = ORIENTED_EDGE('',*,*,#196,.F.);
#2892 = ORIENTED_EDGE('',*,*,#2893,.T.);
#2893 = EDGE_CURVE('',#189,#2869,#2894,.T.);
#2894 = LINE('',#2895,#2896);
#2895 = CARTESIAN_POINT('',(12.669899940491,129.5,20.700000762939));
#2896 = VECTOR('',#2897,1.);
#2897 = DIRECTION('',(0.555366145093,0.831605943272,0.));
#2898 = PLANE('',#2899);
#2899 = AXIS2_PLACEMENT_3D('',#2900,#2901,#2902);
#2900 = CARTESIAN_POINT('',(12.770512440367,129.65065728007,
    19.345918303256));
#2901 = DIRECTION('',(-0.831605943272,0.555366145093,1.660497427995E-17)
  );
#2902 = DIRECTION('',(-0.555366145093,-0.831605943272,-1.54074395551E-33
    ));
#2903 = ADVANCED_FACE('',(#2904),#2921,.T.);
#2904 = FACE_BOUND('',#2905,.T.);
#2905 = EDGE_LOOP('',(#2906,#2914,#2915));
#2906 = ORIENTED_EDGE('',*,*,#2907,.T.);
#2907 = EDGE_CURVE('',#2908,#670,#2910,.T.);
#2908 = VERTEX_POINT('',#2909);
#2909 = CARTESIAN_POINT('',(90.5,124.75,20.700000762939));
#2910 = LINE('',#2911,#2912);
#2911 = CARTESIAN_POINT('',(90.5,124.75,20.700000762939));
#2912 = VECTOR('',#2913,1.);
#2913 = DIRECTION('',(0.925546956206,0.378632845721,0.));
#2914 = ORIENTED_EDGE('',*,*,#678,.F.);
#2915 = ORIENTED_EDGE('',*,*,#2916,.T.);
#2916 = EDGE_CURVE('',#77,#2908,#2917,.T.);
#2917 = LINE('',#2918,#2919);
#2918 = CARTESIAN_POINT('',(95.95719909668,127.65299987793,
    20.700000762939));
#2919 = VECTOR('',#2920,1.);
#2920 = DIRECTION('',(-0.882856666341,-0.469642530758,0.));
#2921 = PLANE('',#2922);
#2922 = AXIS2_PLACEMENT_3D('',#2923,#2924,#2925);
#2923 = CARTESIAN_POINT('',(93.379386374203,126.10727625109,
    20.700000762939));
#2924 = DIRECTION('',(4.540815895431E-28,-9.636938539702E-28,1.));
#2925 = DIRECTION('',(0.,1.,9.636938539702E-28));
#2926 = ADVANCED_FACE('',(#2927),#2937,.T.);
#2927 = FACE_BOUND('',#2928,.T.);
#2928 = EDGE_LOOP('',(#2929,#2930,#2936));
#2929 = ORIENTED_EDGE('',*,*,#2907,.F.);
#2930 = ORIENTED_EDGE('',*,*,#2931,.T.);
#2931 = EDGE_CURVE('',#2908,#2798,#2932,.T.);
#2932 = LINE('',#2933,#2934);
#2933 = CARTESIAN_POINT('',(90.5,124.75,20.700000762939));
#2934 = VECTOR('',#2935,1.);
#2935 = DIRECTION('',(0.225608395623,-0.974218072007,0.));
#2936 = ORIENTED_EDGE('',*,*,#2806,.F.);
#2937 = PLANE('',#2938);
#2938 = AXIS2_PLACEMENT_3D('',#2939,#2940,#2941);
#2939 = CARTESIAN_POINT('',(94.519509665899,114.76597669397,
    20.700000762939));
#2940 = DIRECTION('',(0.,0.,1.));
#2941 = DIRECTION('',(1.,0.,-0.));
#2942 = ADVANCED_FACE('',(#2943),#2953,.T.);
#2943 = FACE_BOUND('',#2944,.T.);
#2944 = EDGE_LOOP('',(#2945,#2946,#2947));
#2945 = ORIENTED_EDGE('',*,*,#2916,.F.);
#2946 = ORIENTED_EDGE('',*,*,#94,.F.);
#2947 = ORIENTED_EDGE('',*,*,#2948,.T.);
#2948 = EDGE_CURVE('',#87,#2908,#2949,.T.);
#2949 = LINE('',#2950,#2951);
#2950 = CARTESIAN_POINT('',(95.829597473145,128.29400634765,
    20.700000762939));
#2951 = VECTOR('',#2952,1.);
#2952 = DIRECTION('',(-0.832702947696,-0.553719966136,0.));
#2953 = PLANE('',#2954);
#2954 = AXIS2_PLACEMENT_3D('',#2955,#2956,#2957);
#2955 = CARTESIAN_POINT('',(93.329339744325,126.44399558136,
    20.700000762939));
#2956 = DIRECTION('',(0.,0.,1.));
#2957 = DIRECTION('',(1.,0.,-0.));
#2958 = ADVANCED_FACE('',(#2959),#2976,.T.);
#2959 = FACE_BOUND('',#2960,.T.);
#2960 = EDGE_LOOP('',(#2961,#2969,#2970));
#2961 = ORIENTED_EDGE('',*,*,#2962,.T.);
#2962 = EDGE_CURVE('',#2963,#2798,#2965,.T.);
#2963 = VERTEX_POINT('',#2964);
#2964 = CARTESIAN_POINT('',(90.5,103.25,20.700000762939));
#2965 = LINE('',#2966,#2967);
#2966 = CARTESIAN_POINT('',(90.5,103.25,20.700000762939));
#2967 = VECTOR('',#2968,1.);
#2968 = DIRECTION('',(0.925546956206,-0.378632845721,0.));
#2969 = ORIENTED_EDGE('',*,*,#2931,.F.);
#2970 = ORIENTED_EDGE('',*,*,#2971,.T.);
#2971 = EDGE_CURVE('',#2908,#2963,#2972,.T.);
#2972 = LINE('',#2973,#2974);
#2973 = CARTESIAN_POINT('',(90.5,124.75,20.700000762939));
#2974 = VECTOR('',#2975,1.);
#2975 = DIRECTION('',(0.,-1.,0.));
#2976 = PLANE('',#2977);
#2977 = AXIS2_PLACEMENT_3D('',#2978,#2979,#2980);
#2978 = CARTESIAN_POINT('',(92.109052344891,112.10902330602,
    20.700000762939));
#2979 = DIRECTION('',(0.,0.,1.));
#2980 = DIRECTION('',(1.,0.,-0.));
#2981 = ADVANCED_FACE('',(#2982),#2997,.T.);
#2982 = FACE_BOUND('',#2983,.T.);
#2983 = EDGE_LOOP('',(#2984,#2985,#2991));
#2984 = ORIENTED_EDGE('',*,*,#2948,.F.);
#2985 = ORIENTED_EDGE('',*,*,#2986,.T.);
#2986 = EDGE_CURVE('',#87,#985,#2987,.T.);
#2987 = LINE('',#2988,#2989);
#2988 = CARTESIAN_POINT('',(95.829597473145,128.29400634765,
    20.700000762939));
#2989 = VECTOR('',#2990,1.);
#2990 = DIRECTION('',(-0.321548269883,0.946893188346,0.));
#2991 = ORIENTED_EDGE('',*,*,#2992,.T.);
#2992 = EDGE_CURVE('',#985,#2908,#2993,.T.);
#2993 = LINE('',#2994,#2995);
#2994 = CARTESIAN_POINT('',(95.619400024414,128.91299438476,
    20.700000762939));
#2995 = VECTOR('',#2996,1.);
#2996 = DIRECTION('',(-0.775855680348,-0.630910424127,0.));
#2997 = PLANE('',#2998);
#2998 = AXIS2_PLACEMENT_3D('',#2999,#3000,#3001);
#2999 = CARTESIAN_POINT('',(93.236566342548,126.77125111774,
    20.700000762939));
#3000 = DIRECTION('',(0.,0.,1.));
#3001 = DIRECTION('',(1.,0.,-0.));
#3002 = ADVANCED_FACE('',(#3003),#3018,.T.);
#3003 = FACE_BOUND('',#3004,.T.);
#3004 = EDGE_LOOP('',(#3005,#3006,#3012));
#3005 = ORIENTED_EDGE('',*,*,#2962,.F.);
#3006 = ORIENTED_EDGE('',*,*,#3007,.T.);
#3007 = EDGE_CURVE('',#2963,#565,#3008,.T.);
#3008 = LINE('',#3009,#3010);
#3009 = CARTESIAN_POINT('',(90.5,103.25,20.700000762939));
#3010 = VECTOR('',#3011,1.);
#3011 = DIRECTION('',(0.882856666341,-0.469642530758,0.));
#3012 = ORIENTED_EDGE('',*,*,#3013,.T.);
#3013 = EDGE_CURVE('',#565,#2798,#3014,.T.);
#3014 = LINE('',#3015,#3016);
#3015 = CARTESIAN_POINT('',(95.95719909668,100.34700012207,
    20.700000762939));
#3016 = VECTOR('',#3017,1.);
#3017 = DIRECTION('',(6.540469661219E-02,0.997858820506,0.));
#3018 = PLANE('',#3019);
#3019 = AXIS2_PLACEMENT_3D('',#3020,#3021,#3022);
#3020 = CARTESIAN_POINT('',(93.379386374203,101.8927237489,
    20.700000762939));
#3021 = DIRECTION('',(-9.373138245626E-28,-1.976854936741E-27,1.));
#3022 = DIRECTION('',(0.,1.,1.976854936741E-27));
#3023 = ADVANCED_FACE('',(#3024),#3034,.T.);
#3024 = FACE_BOUND('',#3025,.T.);
#3025 = EDGE_LOOP('',(#3026,#3027,#3028));
#3026 = ORIENTED_EDGE('',*,*,#2992,.F.);
#3027 = ORIENTED_EDGE('',*,*,#993,.F.);
#3028 = ORIENTED_EDGE('',*,*,#3029,.T.);
#3029 = EDGE_CURVE('',#941,#2908,#3030,.T.);
#3030 = LINE('',#3031,#3032);
#3031 = CARTESIAN_POINT('',(95.330101013184,129.5,20.700000762939));
#3032 = VECTOR('',#3033,1.);
#3033 = DIRECTION('',(-0.712994110926,-0.701170020597,0.));
#3034 = PLANE('',#3035);
#3035 = AXIS2_PLACEMENT_3D('',#3036,#3037,#3038);
#3036 = CARTESIAN_POINT('',(93.102513408933,127.08404623539,
    20.700000762939));
#3037 = DIRECTION('',(0.,0.,1.));
#3038 = DIRECTION('',(1.,0.,-0.));
#3039 = ADVANCED_FACE('',(#3040),#3050,.T.);
#3040 = FACE_BOUND('',#3041,.T.);
#3041 = EDGE_LOOP('',(#3042,#3043,#3049));
#3042 = ORIENTED_EDGE('',*,*,#3007,.F.);
#3043 = ORIENTED_EDGE('',*,*,#3044,.T.);
#3044 = EDGE_CURVE('',#2963,#557,#3045,.T.);
#3045 = LINE('',#3046,#3047);
#3046 = CARTESIAN_POINT('',(90.5,103.25,20.700000762939));
#3047 = VECTOR('',#3048,1.);
#3048 = DIRECTION('',(0.832696352196,-0.553729884546,0.));
#3049 = ORIENTED_EDGE('',*,*,#572,.F.);
#3050 = PLANE('',#3051);
#3051 = AXIS2_PLACEMENT_3D('',#3052,#3053,#3054);
#3052 = CARTESIAN_POINT('',(93.329356509125,101.55596934587,
    20.700000762939));
#3053 = DIRECTION('',(0.,0.,1.));
#3054 = DIRECTION('',(1.,0.,-0.));
#3055 = ADVANCED_FACE('',(#3056),#3066,.T.);
#3056 = FACE_BOUND('',#3057,.T.);
#3057 = EDGE_LOOP('',(#3058,#3059,#3060));
#3058 = ORIENTED_EDGE('',*,*,#3029,.F.);
#3059 = ORIENTED_EDGE('',*,*,#949,.F.);
#3060 = ORIENTED_EDGE('',*,*,#3061,.T.);
#3061 = EDGE_CURVE('',#886,#2908,#3062,.T.);
#3062 = LINE('',#3063,#3064);
#3063 = CARTESIAN_POINT('',(94.966796875,130.04400634765,20.700000762939
    ));
#3064 = VECTOR('',#3065,1.);
#3065 = DIRECTION('',(-0.644869169848,-0.764292976403,0.));
#3066 = PLANE('',#3067);
#3067 = AXIS2_PLACEMENT_3D('',#3068,#3069,#3070);
#3068 = CARTESIAN_POINT('',(92.929175570477,127.37687027988,
    20.700000762939));
#3069 = DIRECTION('',(0.,0.,1.));
#3070 = DIRECTION('',(1.,0.,-0.));
#3071 = ADVANCED_FACE('',(#3072),#3087,.T.);
#3072 = FACE_BOUND('',#3073,.T.);
#3073 = EDGE_LOOP('',(#3074,#3075,#3081));
#3074 = ORIENTED_EDGE('',*,*,#3044,.F.);
#3075 = ORIENTED_EDGE('',*,*,#3076,.T.);
#3076 = EDGE_CURVE('',#2963,#740,#3077,.T.);
#3077 = LINE('',#3078,#3079);
#3078 = CARTESIAN_POINT('',(90.5,103.25,20.700000762939));
#3079 = VECTOR('',#3080,1.);
#3080 = DIRECTION('',(0.775825683724,-0.630947310378,0.));
#3081 = ORIENTED_EDGE('',*,*,#3082,.T.);
#3082 = EDGE_CURVE('',#740,#557,#3083,.T.);
#3083 = LINE('',#3084,#3085);
#3084 = CARTESIAN_POINT('',(95.619400024414,99.086601257324,
    20.700000762939));
#3085 = VECTOR('',#3086,1.);
#3086 = DIRECTION('',(0.321402638679,0.946942629651,0.));
#3087 = PLANE('',#3088);
#3088 = AXIS2_PLACEMENT_3D('',#3089,#3090,#3091);
#3089 = CARTESIAN_POINT('',(93.236616746427,101.2285778798,
    20.700000762939));
#3090 = DIRECTION('',(0.,0.,1.));
#3091 = DIRECTION('',(1.,0.,-0.));
#3092 = ADVANCED_FACE('',(#3093),#3103,.T.);
#3093 = FACE_BOUND('',#3094,.T.);
#3094 = EDGE_LOOP('',(#3095,#3096,#3097));
#3095 = ORIENTED_EDGE('',*,*,#3061,.F.);
#3096 = ORIENTED_EDGE('',*,*,#903,.F.);
#3097 = ORIENTED_EDGE('',*,*,#3098,.T.);
#3098 = EDGE_CURVE('',#896,#2908,#3099,.T.);
#3099 = LINE('',#3100,#3101);
#3100 = CARTESIAN_POINT('',(94.535499572754,130.53599548339,
    20.700000762939));
#3101 = VECTOR('',#3102,1.);
#3102 = DIRECTION('',(-0.572063219864,-0.82020952962,0.));
#3103 = PLANE('',#3104);
#3104 = AXIS2_PLACEMENT_3D('',#3105,#3106,#3107);
#3105 = CARTESIAN_POINT('',(92.719658126149,127.64490643203,
    20.700000762939));
#3106 = DIRECTION('',(0.,0.,1.));
#3107 = DIRECTION('',(1.,0.,-0.));
#3108 = ADVANCED_FACE('',(#3109),#3119,.T.);
#3109 = FACE_BOUND('',#3110,.T.);
#3110 = EDGE_LOOP('',(#3111,#3112,#3118));
#3111 = ORIENTED_EDGE('',*,*,#3076,.F.);
#3112 = ORIENTED_EDGE('',*,*,#3113,.T.);
#3113 = EDGE_CURVE('',#2963,#732,#3114,.T.);
#3114 = LINE('',#3115,#3116);
#3115 = CARTESIAN_POINT('',(90.5,103.25,20.700000762939));
#3116 = VECTOR('',#3117,1.);
#3117 = DIRECTION('',(0.712994110926,-0.701170020597,0.));
#3118 = ORIENTED_EDGE('',*,*,#747,.F.);
#3119 = PLANE('',#3120);
#3120 = AXIS2_PLACEMENT_3D('',#3121,#3122,#3123);
#3121 = CARTESIAN_POINT('',(93.102451294938,100.9159086983,
    20.700000762939));
#3122 = DIRECTION('',(0.,0.,1.));
#3123 = DIRECTION('',(1.,0.,-0.));
#3124 = ADVANCED_FACE('',(#3125),#3142,.T.);
#3125 = FACE_BOUND('',#3126,.T.);
#3126 = EDGE_LOOP('',(#3127,#3128,#3136));
#3127 = ORIENTED_EDGE('',*,*,#3098,.F.);
#3128 = ORIENTED_EDGE('',*,*,#3129,.T.);
#3129 = EDGE_CURVE('',#896,#3130,#3132,.T.);
#3130 = VERTEX_POINT('',#3131);
#3131 = CARTESIAN_POINT('',(94.043800354004,130.96699523925,
    20.700000762939));
#3132 = LINE('',#3133,#3134);
#3133 = CARTESIAN_POINT('',(94.535499572754,130.53599548339,
    20.700000762939));
#3134 = VECTOR('',#3135,1.);
#3135 = DIRECTION('',(-0.751998152854,0.659165213056,0.));
#3136 = ORIENTED_EDGE('',*,*,#3137,.T.);
#3137 = EDGE_CURVE('',#3130,#2908,#3138,.T.);
#3138 = LINE('',#3139,#3140);
#3139 = CARTESIAN_POINT('',(94.043800354004,130.96699523925,
    20.700000762939));
#3140 = VECTOR('',#3141,1.);
#3141 = DIRECTION('',(-0.495214969548,-0.868770472527,0.));
#3142 = PLANE('',#3143);
#3143 = AXIS2_PLACEMENT_3D('',#3144,#3145,#3146);
#3144 = CARTESIAN_POINT('',(92.47733387707,127.8834843238,
    20.700000762939));
#3145 = DIRECTION('',(0.,0.,1.));
#3146 = DIRECTION('',(1.,0.,-0.));
#3147 = ADVANCED_FACE('',(#3148),#3165,.T.);
#3148 = FACE_BOUND('',#3149,.T.);
#3149 = EDGE_LOOP('',(#3150,#3151,#3159));
#3150 = ORIENTED_EDGE('',*,*,#3113,.F.);
#3151 = ORIENTED_EDGE('',*,*,#3152,.T.);
#3152 = EDGE_CURVE('',#2963,#3153,#3155,.T.);
#3153 = VERTEX_POINT('',#3154);
#3154 = CARTESIAN_POINT('',(94.966796875,97.956199645996,20.700000762939
    ));
#3155 = LINE('',#3156,#3157);
#3156 = CARTESIAN_POINT('',(90.5,103.25,20.700000762939));
#3157 = VECTOR('',#3158,1.);
#3158 = DIRECTION('',(0.644883827591,-0.764280608751,0.));
#3159 = ORIENTED_EDGE('',*,*,#3160,.T.);
#3160 = EDGE_CURVE('',#3153,#732,#3161,.T.);
#3161 = LINE('',#3162,#3163);
#3162 = CARTESIAN_POINT('',(94.966796875,97.956199645996,20.700000762939
    ));
#3163 = VECTOR('',#3164,1.);
#3164 = DIRECTION('',(0.555515641097,0.831506086867,0.));
#3165 = PLANE('',#3166);
#3166 = AXIS2_PLACEMENT_3D('',#3167,#3168,#3169);
#3167 = CARTESIAN_POINT('',(92.9291512354,100.62321291207,
    20.700000762939));
#3168 = DIRECTION('',(6.169303974946E-29,5.460891846401E-29,1.));
#3169 = DIRECTION('',(1.,0.,-6.169303974946E-29));
#3170 = ADVANCED_FACE('',(#3171),#3186,.T.);
#3171 = FACE_BOUND('',#3172,.T.);
#3172 = EDGE_LOOP('',(#3173,#3174,#3180));
#3173 = ORIENTED_EDGE('',*,*,#3137,.F.);
#3174 = ORIENTED_EDGE('',*,*,#3175,.T.);
#3175 = EDGE_CURVE('',#3130,#1687,#3176,.T.);
#3176 = LINE('',#3177,#3178);
#3177 = CARTESIAN_POINT('',(94.043800354004,130.96699523925,
    20.700000762939));
#3178 = VECTOR('',#3179,1.);
#3179 = DIRECTION('',(-0.831716236719,0.555200956032,0.));
#3180 = ORIENTED_EDGE('',*,*,#3181,.T.);
#3181 = EDGE_CURVE('',#1687,#2908,#3182,.T.);
#3182 = LINE('',#3183,#3184);
#3183 = CARTESIAN_POINT('',(93.5,131.33000183105,20.700000762939));
#3184 = VECTOR('',#3185,1.);
#3185 = DIRECTION('',(-0.414844424715,-0.909892358075,0.));
#3186 = PLANE('',#3187);
#3187 = AXIS2_PLACEMENT_3D('',#3188,#3189,#3190);
#3188 = CARTESIAN_POINT('',(92.206379177534,128.08877075273,
    20.700000762939));
#3189 = DIRECTION('',(0.,0.,1.));
#3190 = DIRECTION('',(1.,0.,-0.));
#3191 = ADVANCED_FACE('',(#3192),#3209,.T.);
#3192 = FACE_BOUND('',#3193,.T.);
#3193 = EDGE_LOOP('',(#3194,#3195,#3203));
#3194 = ORIENTED_EDGE('',*,*,#3152,.F.);
#3195 = ORIENTED_EDGE('',*,*,#3196,.T.);
#3196 = EDGE_CURVE('',#2963,#3197,#3199,.T.);
#3197 = VERTEX_POINT('',#3198);
#3198 = CARTESIAN_POINT('',(94.535499572754,97.464500427246,
    20.700000762939));
#3199 = LINE('',#3200,#3201);
#3200 = CARTESIAN_POINT('',(90.5,103.25,20.700000762939));
#3201 = VECTOR('',#3202,1.);
#3202 = DIRECTION('',(0.572096206493,-0.820186521784,0.));
#3203 = ORIENTED_EDGE('',*,*,#3204,.T.);
#3204 = EDGE_CURVE('',#3197,#3153,#3205,.T.);
#3205 = LINE('',#3206,#3207);
#3206 = CARTESIAN_POINT('',(94.535499572754,97.464500427246,
    20.700000762939));
#3207 = VECTOR('',#3208,1.);
#3208 = DIRECTION('',(0.659422436226,0.751772605648,0.));
#3209 = PLANE('',#3210);
#3210 = AXIS2_PLACEMENT_3D('',#3211,#3212,#3213);
#3211 = CARTESIAN_POINT('',(92.719633331133,100.35531419593,
    20.700000762939));
#3212 = DIRECTION('',(-1.254079218819E-27,-9.624205956603E-28,1.));
#3213 = DIRECTION('',(1.,0.,1.254079218819E-27));
#3214 = ADVANCED_FACE('',(#3215),#3225,.T.);
#3215 = FACE_BOUND('',#3216,.T.);
#3216 = EDGE_LOOP('',(#3217,#3218,#3219));
#3217 = ORIENTED_EDGE('',*,*,#3181,.F.);
#3218 = ORIENTED_EDGE('',*,*,#1686,.F.);
#3219 = ORIENTED_EDGE('',*,*,#3220,.T.);
#3220 = EDGE_CURVE('',#1679,#2908,#3221,.T.);
#3221 = LINE('',#3222,#3223);
#3222 = CARTESIAN_POINT('',(92.913398742676,131.61900329589,
    20.700000762939));
#3223 = VECTOR('',#3224,1.);
#3224 = DIRECTION('',(-0.331481734587,-0.943461636547,0.));
#3225 = PLANE('',#3226);
#3226 = AXIS2_PLACEMENT_3D('',#3227,#3228,#3229);
#3227 = CARTESIAN_POINT('',(91.911228854501,128.25745673522,
    20.700000762939));
#3228 = DIRECTION('',(-1.282785186287E-28,4.819442337107E-29,1.));
#3229 = DIRECTION('',(1.,0.,1.282785186287E-28));
#3230 = ADVANCED_FACE('',(#3231),#3246,.T.);
#3231 = FACE_BOUND('',#3232,.T.);
#3232 = EDGE_LOOP('',(#3233,#3234,#3240));
#3233 = ORIENTED_EDGE('',*,*,#3196,.F.);
#3234 = ORIENTED_EDGE('',*,*,#3235,.T.);
#3235 = EDGE_CURVE('',#2963,#1507,#3236,.T.);
#3236 = LINE('',#3237,#3238);
#3237 = CARTESIAN_POINT('',(90.5,103.25,20.700000762939));
#3238 = VECTOR('',#3239,1.);
#3239 = DIRECTION('',(0.495226895568,-0.868763674371,0.));
#3240 = ORIENTED_EDGE('',*,*,#3241,.T.);
#3241 = EDGE_CURVE('',#1507,#3197,#3242,.T.);
#3242 = LINE('',#3243,#3244);
#3243 = CARTESIAN_POINT('',(94.043800354004,97.033203125,20.700000762939
    ));
#3244 = VECTOR('',#3245,1.);
#3245 = DIRECTION('',(0.751772605648,0.659422436226,0.));
#3246 = PLANE('',#3247);
#3247 = AXIS2_PLACEMENT_3D('',#3248,#3249,#3250);
#3248 = CARTESIAN_POINT('',(92.477359071545,100.11665164979,
    20.700000762939));
#3249 = DIRECTION('',(-1.231940925075E-27,-7.735417901627E-28,1.));
#3250 = DIRECTION('',(1.,0.,1.231940925075E-27));
#3251 = ADVANCED_FACE('',(#3252),#3262,.T.);
#3252 = FACE_BOUND('',#3253,.T.);
#3253 = EDGE_LOOP('',(#3254,#3255,#3256));
#3254 = ORIENTED_EDGE('',*,*,#3220,.F.);
#3255 = ORIENTED_EDGE('',*,*,#2734,.F.);
#3256 = ORIENTED_EDGE('',*,*,#3257,.T.);
#3257 = EDGE_CURVE('',#2727,#2908,#3258,.T.);
#3258 = LINE('',#3259,#3260);
#3259 = CARTESIAN_POINT('',(92.294097900391,131.83000183105,
    20.700000762939));
#3260 = VECTOR('',#3261,1.);
#3261 = DIRECTION('',(-0.245639616313,-0.969361222093,0.));
#3262 = PLANE('',#3263);
#3263 = AXIS2_PLACEMENT_3D('',#3264,#3265,#3266);
#3264 = CARTESIAN_POINT('',(91.59680026474,128.38705324282,
    20.700000762939));
#3265 = DIRECTION('',(0.,0.,1.));
#3266 = DIRECTION('',(1.,0.,-0.));
#3267 = ADVANCED_FACE('',(#3268),#3278,.T.);
#3268 = FACE_BOUND('',#3269,.T.);
#3269 = EDGE_LOOP('',(#3270,#3271,#3277));
#3270 = ORIENTED_EDGE('',*,*,#3235,.F.);
#3271 = ORIENTED_EDGE('',*,*,#3272,.T.);
#3272 = EDGE_CURVE('',#2963,#1463,#3273,.T.);
#3273 = LINE('',#3274,#3275);
#3274 = CARTESIAN_POINT('',(90.5,103.25,20.700000762939));
#3275 = VECTOR('',#3276,1.);
#3276 = DIRECTION('',(0.414839247838,-0.909894718335,0.));
#3277 = ORIENTED_EDGE('',*,*,#1514,.F.);
#3278 = PLANE('',#3279);
#3279 = AXIS2_PLACEMENT_3D('',#3280,#3281,#3282);
#3280 = CARTESIAN_POINT('',(92.206394387208,99.911218786682,
    20.700000762939));
#3281 = DIRECTION('',(0.,0.,1.));
#3282 = DIRECTION('',(1.,0.,-0.));
#3283 = ADVANCED_FACE('',(#3284),#3299,.T.);
#3284 = FACE_BOUND('',#3285,.T.);
#3285 = EDGE_LOOP('',(#3286,#3287,#3293));
#3286 = ORIENTED_EDGE('',*,*,#3257,.F.);
#3287 = ORIENTED_EDGE('',*,*,#3288,.T.);
#3288 = EDGE_CURVE('',#2727,#1873,#3289,.T.);
#3289 = LINE('',#3290,#3291);
#3290 = CARTESIAN_POINT('',(92.294097900391,131.83000183105,
    20.700000762939));
#3291 = VECTOR('',#3292,1.);
#3292 = DIRECTION('',(-0.98096112193,0.194204215357,0.));
#3293 = ORIENTED_EDGE('',*,*,#3294,.T.);
#3294 = EDGE_CURVE('',#1873,#2908,#3295,.T.);
#3295 = LINE('',#3296,#3297);
#3296 = CARTESIAN_POINT('',(91.652603149414,131.95700073242,
    20.700000762939));
#3297 = VECTOR('',#3298,1.);
#3298 = DIRECTION('',(-0.157921437513,-0.987451679615,0.));
#3299 = PLANE('',#3300);
#3300 = AXIS2_PLACEMENT_3D('',#3301,#3302,#3303);
#3301 = CARTESIAN_POINT('',(91.268306652769,128.4748390194,
    20.700000762939));
#3302 = DIRECTION('',(0.,0.,1.));
#3303 = DIRECTION('',(1.,0.,-0.));
#3304 = ADVANCED_FACE('',(#3305),#3315,.T.);
#3305 = FACE_BOUND('',#3306,.T.);
#3306 = EDGE_LOOP('',(#3307,#3308,#3314));
#3307 = ORIENTED_EDGE('',*,*,#3272,.F.);
#3308 = ORIENTED_EDGE('',*,*,#3309,.T.);
#3309 = EDGE_CURVE('',#2963,#1417,#3310,.T.);
#3310 = LINE('',#3311,#3312);
#3311 = CARTESIAN_POINT('',(90.5,103.25,20.700000762939));
#3312 = VECTOR('',#3313,1.);
#3313 = DIRECTION('',(0.33146469391,-0.943467623552,0.));
#3314 = ORIENTED_EDGE('',*,*,#1470,.F.);
#3315 = PLANE('',#3316);
#3316 = AXIS2_PLACEMENT_3D('',#3317,#3318,#3319);
#3317 = CARTESIAN_POINT('',(91.911235571826,99.742388889138,
    20.700000762939));
#3318 = DIRECTION('',(-1.021357262505E-27,-4.136846153505E-28,1.));
#3319 = DIRECTION('',(1.,0.,1.021357262505E-27));
#3320 = ADVANCED_FACE('',(#3321),#3331,.T.);
#3321 = FACE_BOUND('',#3322,.T.);
#3322 = EDGE_LOOP('',(#3323,#3324,#3325));
#3323 = ORIENTED_EDGE('',*,*,#3294,.F.);
#3324 = ORIENTED_EDGE('',*,*,#1872,.F.);
#3325 = ORIENTED_EDGE('',*,*,#3326,.T.);
#3326 = EDGE_CURVE('',#1865,#2908,#3327,.T.);
#3327 = LINE('',#3328,#3329);
#3328 = CARTESIAN_POINT('',(91.,132.,20.700000762939));
#3329 = VECTOR('',#3330,1.);
#3330 = DIRECTION('',(-6.880209161538E-02,-0.997630328423,0.));
#3331 = PLANE('',#3332);
#3332 = AXIS2_PLACEMENT_3D('',#3333,#3334,#3335);
#3333 = CARTESIAN_POINT('',(90.931240701587,128.51953766248,
    20.700000762939));
#3334 = DIRECTION('',(0.,0.,1.));
#3335 = DIRECTION('',(1.,0.,-0.));
#3336 = ADVANCED_FACE('',(#3337),#3347,.T.);
#3337 = FACE_BOUND('',#3338,.T.);
#3338 = EDGE_LOOP('',(#3339,#3340,#3346));
#3339 = ORIENTED_EDGE('',*,*,#3309,.F.);
#3340 = ORIENTED_EDGE('',*,*,#3341,.T.);
#3341 = EDGE_CURVE('',#2963,#1371,#3342,.T.);
#3342 = LINE('',#3343,#3344);
#3343 = CARTESIAN_POINT('',(90.5,103.25,20.700000762939));
#3344 = VECTOR('',#3345,1.);
#3345 = DIRECTION('',(0.245652799634,-0.969357881297,0.));
#3346 = ORIENTED_EDGE('',*,*,#1424,.F.);
#3347 = PLANE('',#3348);
#3348 = AXIS2_PLACEMENT_3D('',#3349,#3350,#3351);
#3349 = CARTESIAN_POINT('',(91.596791059594,99.613008005871,
    20.700000762939));
#3350 = DIRECTION('',(1.5784015726E-27,4.773035823205E-28,1.));
#3351 = DIRECTION('',(1.,0.,-1.5784015726E-27));
#3352 = ADVANCED_FACE('',(#3353),#3363,.T.);
#3353 = FACE_BOUND('',#3354,.T.);
#3354 = EDGE_LOOP('',(#3355,#3356,#3362));
#3355 = ORIENTED_EDGE('',*,*,#3341,.F.);
#3356 = ORIENTED_EDGE('',*,*,#3357,.T.);
#3357 = EDGE_CURVE('',#2963,#1325,#3358,.T.);
#3358 = LINE('',#3359,#3360);
#3359 = CARTESIAN_POINT('',(90.5,103.25,20.700000762939));
#3360 = VECTOR('',#3361,1.);
#3361 = DIRECTION('',(0.157917199423,-0.987452357396,0.));
#3362 = ORIENTED_EDGE('',*,*,#1378,.F.);
#3363 = PLANE('',#3364);
#3364 = AXIS2_PLACEMENT_3D('',#3365,#3366,#3367);
#3365 = CARTESIAN_POINT('',(91.268306301615,99.525185252226,
    20.700000762939));
#3366 = DIRECTION('',(-7.488894298372E-28,-1.555489039817E-28,1.));
#3367 = DIRECTION('',(1.,0.,7.488894298372E-28));
#3368 = ADVANCED_FACE('',(#3369),#3384,.T.);
#3369 = FACE_BOUND('',#3370,.T.);
#3370 = EDGE_LOOP('',(#3371,#3377,#3383));
#3371 = ORIENTED_EDGE('',*,*,#3372,.T.);
#3372 = EDGE_CURVE('',#1865,#22,#3373,.T.);
#3373 = LINE('',#3374,#3375);
#3374 = CARTESIAN_POINT('',(91.,132.,20.700000762939));
#3375 = VECTOR('',#3376,1.);
#3376 = DIRECTION('',(-0.995170343925,-9.816306113549E-02,0.));
#3377 = ORIENTED_EDGE('',*,*,#3378,.T.);
#3378 = EDGE_CURVE('',#22,#2908,#3379,.T.);
#3379 = LINE('',#3380,#3381);
#3380 = CARTESIAN_POINT('',(17.5,124.75,20.700000762939));
#3381 = VECTOR('',#3382,1.);
#3382 = DIRECTION('',(1.,0.,0.));
#3383 = ORIENTED_EDGE('',*,*,#3326,.F.);
#3384 = PLANE('',#3385);
#3385 = AXIS2_PLACEMENT_3D('',#3386,#3387,#3388);
#3386 = CARTESIAN_POINT('',(55.852629613782,126.65803747942,
    20.700000762939));
#3387 = DIRECTION('',(0.,0.,1.));
#3388 = DIRECTION('',(1.,0.,-0.));
#3389 = ADVANCED_FACE('',(#3390),#3405,.T.);
#3390 = FACE_BOUND('',#3391,.T.);
#3391 = EDGE_LOOP('',(#3392,#3398,#3404));
#3392 = ORIENTED_EDGE('',*,*,#3393,.T.);
#3393 = EDGE_CURVE('',#1957,#22,#3394,.T.);
#3394 = LINE('',#3395,#3396);
#3395 = CARTESIAN_POINT('',(16.347400665283,131.95700073242,
    20.700000762939));
#3396 = VECTOR('',#3397,1.);
#3397 = DIRECTION('',(0.157920927885,-0.987451761118,0.));
#3398 = ORIENTED_EDGE('',*,*,#3399,.T.);
#3399 = EDGE_CURVE('',#22,#1911,#3400,.T.);
#3400 = LINE('',#3401,#3402);
#3401 = CARTESIAN_POINT('',(17.5,124.75,20.700000762939));
#3402 = VECTOR('',#3403,1.);
#3403 = DIRECTION('',(-6.880209161538E-02,0.997630328423,0.));
#3404 = ORIENTED_EDGE('',*,*,#1964,.F.);
#3405 = PLANE('',#3406);
#3406 = AXIS2_PLACEMENT_3D('',#3407,#3408,#3409);
#3407 = CARTESIAN_POINT('',(17.068760399579,128.51953680398,
    20.700000762939));
#3408 = DIRECTION('',(0.,0.,1.));
#3409 = DIRECTION('',(1.,0.,-0.));
#3410 = ADVANCED_FACE('',(#3411),#3416,.T.);
#3411 = FACE_BOUND('',#3412,.T.);
#3412 = EDGE_LOOP('',(#3413,#3414,#3415));
#3413 = ORIENTED_EDGE('',*,*,#3399,.F.);
#3414 = ORIENTED_EDGE('',*,*,#3372,.F.);
#3415 = ORIENTED_EDGE('',*,*,#1918,.F.);
#3416 = PLANE('',#3417);
#3417 = AXIS2_PLACEMENT_3D('',#3418,#3419,#3420);
#3418 = CARTESIAN_POINT('',(52.397370386218,130.10426260581,
    20.700000762939));
#3419 = DIRECTION('',(0.,0.,1.));
#3420 = DIRECTION('',(1.,0.,-0.));
#3421 = ADVANCED_FACE('',(#3422),#3432,.T.);
#3422 = FACE_BOUND('',#3423,.T.);
#3423 = EDGE_LOOP('',(#3424,#3425,#3431));
#3424 = ORIENTED_EDGE('',*,*,#3357,.F.);
#3425 = ORIENTED_EDGE('',*,*,#3426,.T.);
#3426 = EDGE_CURVE('',#2963,#1279,#3427,.T.);
#3427 = LINE('',#3428,#3429);
#3428 = CARTESIAN_POINT('',(90.5,103.25,20.700000762939));
#3429 = VECTOR('',#3430,1.);
#3430 = DIRECTION('',(6.880209161538E-02,-0.997630328423,0.));
#3431 = ORIENTED_EDGE('',*,*,#1332,.F.);
#3432 = PLANE('',#3433);
#3433 = AXIS2_PLACEMENT_3D('',#3434,#3435,#3436);
#3434 = CARTESIAN_POINT('',(90.931242230718,99.480415606621,
    20.700000762939));
#3435 = DIRECTION('',(0.,0.,1.));
#3436 = DIRECTION('',(1.,0.,-0.));
#3437 = ADVANCED_FACE('',(#3438),#3453,.T.);
#3438 = FACE_BOUND('',#3439,.T.);
#3439 = EDGE_LOOP('',(#3440,#3446,#3447));
#3440 = ORIENTED_EDGE('',*,*,#3441,.T.);
#3441 = EDGE_CURVE('',#32,#1279,#3442,.T.);
#3442 = LINE('',#3443,#3444);
#3443 = CARTESIAN_POINT('',(17.5,103.25,20.700000762939));
#3444 = VECTOR('',#3445,1.);
#3445 = DIRECTION('',(0.995170343925,-9.816306113549E-02,0.));
#3446 = ORIENTED_EDGE('',*,*,#3426,.F.);
#3447 = ORIENTED_EDGE('',*,*,#3448,.T.);
#3448 = EDGE_CURVE('',#2963,#32,#3449,.T.);
#3449 = LINE('',#3450,#3451);
#3450 = CARTESIAN_POINT('',(90.5,103.25,20.700000762939));
#3451 = VECTOR('',#3452,1.);
#3452 = DIRECTION('',(-1.,0.,0.));
#3453 = PLANE('',#3454);
#3454 = AXIS2_PLACEMENT_3D('',#3455,#3456,#3457);
#3455 = CARTESIAN_POINT('',(55.852629613782,101.34196252057,
    20.700000762939));
#3456 = DIRECTION('',(-3.330840408865E-31,-6.197018015227E-30,1.));
#3457 = DIRECTION('',(0.,1.,6.197018015227E-30));
#3458 = ADVANCED_FACE('',(#3459),#3469,.T.);
#3459 = FACE_BOUND('',#3460,.T.);
#3460 = EDGE_LOOP('',(#3461,#3467,#3468));
#3461 = ORIENTED_EDGE('',*,*,#3462,.T.);
#3462 = EDGE_CURVE('',#32,#1233,#3463,.T.);
#3463 = LINE('',#3464,#3465);
#3464 = CARTESIAN_POINT('',(17.5,103.25,20.700000762939));
#3465 = VECTOR('',#3466,1.);
#3466 = DIRECTION('',(-6.880209161538E-02,-0.997630328423,0.));
#3467 = ORIENTED_EDGE('',*,*,#1286,.F.);
#3468 = ORIENTED_EDGE('',*,*,#3441,.F.);
#3469 = PLANE('',#3470);
#3470 = AXIS2_PLACEMENT_3D('',#3471,#3472,#3473);
#3471 = CARTESIAN_POINT('',(52.397370386218,97.895737394189,
    20.700000762939));
#3472 = DIRECTION('',(0.,0.,1.));
#3473 = DIRECTION('',(1.,0.,-0.));
#3474 = ADVANCED_FACE('',(#3475),#3485,.T.);
#3475 = FACE_BOUND('',#3476,.T.);
#3476 = EDGE_LOOP('',(#3477,#3483,#3484));
#3477 = ORIENTED_EDGE('',*,*,#3478,.T.);
#3478 = EDGE_CURVE('',#2003,#22,#3479,.T.);
#3479 = LINE('',#3480,#3481);
#3480 = CARTESIAN_POINT('',(15.705900192261,131.83000183105,
    20.700000762939));
#3481 = VECTOR('',#3482,1.);
#3482 = DIRECTION('',(0.245639861701,-0.969361159911,0.));
#3483 = ORIENTED_EDGE('',*,*,#3393,.F.);
#3484 = ORIENTED_EDGE('',*,*,#2010,.F.);
#3485 = PLANE('',#3486);
#3486 = AXIS2_PLACEMENT_3D('',#3487,#3488,#3489);
#3487 = CARTESIAN_POINT('',(16.731693573085,128.47484027631,
    20.700000762939));
#3488 = DIRECTION('',(-4.239549046361E-28,-9.338798526073E-29,1.));
#3489 = DIRECTION('',(1.,0.,4.239549046361E-28));
#3490 = ADVANCED_FACE('',(#3491),#3501,.T.);
#3491 = FACE_BOUND('',#3492,.T.);
#3492 = EDGE_LOOP('',(#3493,#3499,#3500));
#3493 = ORIENTED_EDGE('',*,*,#3494,.T.);
#3494 = EDGE_CURVE('',#2049,#22,#3495,.T.);
#3495 = LINE('',#3496,#3497);
#3496 = CARTESIAN_POINT('',(15.08660030365,131.61900329589,
    20.700000762939));
#3497 = VECTOR('',#3498,1.);
#3498 = DIRECTION('',(0.331481851181,-0.943461595582,0.));
#3499 = ORIENTED_EDGE('',*,*,#3478,.F.);
#3500 = ORIENTED_EDGE('',*,*,#2056,.F.);
#3501 = PLANE('',#3502);
#3502 = AXIS2_PLACEMENT_3D('',#3503,#3504,#3505);
#3503 = CARTESIAN_POINT('',(16.403199052445,128.38705303792,
    20.700000762939));
#3504 = DIRECTION('',(0.,0.,1.));
#3505 = DIRECTION('',(1.,0.,-0.));
#3506 = ADVANCED_FACE('',(#3507),#3517,.T.);
#3507 = FACE_BOUND('',#3508,.T.);
#3508 = EDGE_LOOP('',(#3509,#3515,#3516));
#3509 = ORIENTED_EDGE('',*,*,#3510,.T.);
#3510 = EDGE_CURVE('',#2657,#32,#3511,.T.);
#3511 = LINE('',#3512,#3513);
#3512 = CARTESIAN_POINT('',(12.042799949646,100.34700012207,
    20.700000762939));
#3513 = VECTOR('',#3514,1.);
#3514 = DIRECTION('',(0.882856700371,0.469642466788,0.));
#3515 = ORIENTED_EDGE('',*,*,#53,.F.);
#3516 = ORIENTED_EDGE('',*,*,#2664,.F.);
#3517 = PLANE('',#3518);
#3518 = AXIS2_PLACEMENT_3D('',#3519,#3520,#3521);
#3519 = CARTESIAN_POINT('',(14.620613393334,101.89272374864,
    20.700000762939));
#3520 = DIRECTION('',(7.398438867177E-28,-1.574256097185E-27,1.));
#3521 = DIRECTION('',(0.,1.,1.574256097185E-27));
#3522 = ADVANCED_FACE('',(#3523),#3533,.T.);
#3523 = FACE_BOUND('',#3524,.T.);
#3524 = EDGE_LOOP('',(#3525,#3531,#3532));
#3525 = ORIENTED_EDGE('',*,*,#3526,.T.);
#3526 = EDGE_CURVE('',#367,#22,#3527,.T.);
#3527 = LINE('',#3528,#3529);
#3528 = CARTESIAN_POINT('',(14.5,131.33000183105,20.700000762939));
#3529 = VECTOR('',#3530,1.);
#3530 = DIRECTION('',(0.414844424715,-0.909892358075,0.));
#3531 = ORIENTED_EDGE('',*,*,#3494,.F.);
#3532 = ORIENTED_EDGE('',*,*,#2771,.F.);
#3533 = PLANE('',#3534);
#3534 = AXIS2_PLACEMENT_3D('',#3535,#3536,#3537);
#3535 = CARTESIAN_POINT('',(16.088770973368,128.25745655223,
    20.700000762939));
#3536 = DIRECTION('',(0.,0.,1.));
#3537 = DIRECTION('',(1.,0.,-0.));
#3538 = ADVANCED_FACE('',(#3539),#3549,.T.);
#3539 = FACE_BOUND('',#3540,.T.);
#3540 = EDGE_LOOP('',(#3541,#3547,#3548));
#3541 = ORIENTED_EDGE('',*,*,#3542,.T.);
#3542 = EDGE_CURVE('',#32,#1187,#3543,.T.);
#3543 = LINE('',#3544,#3545);
#3544 = CARTESIAN_POINT('',(17.5,103.25,20.700000762939));
#3545 = VECTOR('',#3546,1.);
#3546 = DIRECTION('',(-0.157916689808,-0.987452438895,0.));
#3547 = ORIENTED_EDGE('',*,*,#1240,.F.);
#3548 = ORIENTED_EDGE('',*,*,#3462,.F.);
#3549 = PLANE('',#3550);
#3550 = AXIS2_PLACEMENT_3D('',#3551,#3552,#3553);
#3551 = CARTESIAN_POINT('',(17.068758870459,99.48041646515,
    20.700000762939));
#3552 = DIRECTION('',(0.,0.,1.));
#3553 = DIRECTION('',(1.,0.,-0.));
#3554 = ADVANCED_FACE('',(#3555),#3565,.T.);
#3555 = FACE_BOUND('',#3556,.T.);
#3556 = EDGE_LOOP('',(#3557,#3563,#3564));
#3557 = ORIENTED_EDGE('',*,*,#3558,.T.);
#3558 = EDGE_CURVE('',#359,#22,#3559,.T.);
#3559 = LINE('',#3560,#3561);
#3560 = CARTESIAN_POINT('',(13.956199645996,130.96699523925,
    20.700000762939));
#3561 = VECTOR('',#3562,1.);
#3562 = DIRECTION('',(0.495214969548,-0.868770472527,0.));
#3563 = ORIENTED_EDGE('',*,*,#3526,.F.);
#3564 = ORIENTED_EDGE('',*,*,#366,.F.);
#3565 = PLANE('',#3566);
#3566 = AXIS2_PLACEMENT_3D('',#3567,#3568,#3569);
#3567 = CARTESIAN_POINT('',(15.793620822466,128.08877075273,
    20.700000762939));
#3568 = DIRECTION('',(2.752872574466E-28,1.419790280481E-28,1.));
#3569 = DIRECTION('',(1.,0.,-2.752872574466E-28));
#3570 = ADVANCED_FACE('',(#3571),#3581,.T.);
#3571 = FACE_BOUND('',#3572,.T.);
#3572 = EDGE_LOOP('',(#3573,#3579,#3580));
#3573 = ORIENTED_EDGE('',*,*,#3574,.T.);
#3574 = EDGE_CURVE('',#32,#1141,#3575,.T.);
#3575 = LINE('',#3576,#3577);
#3576 = CARTESIAN_POINT('',(17.5,103.25,20.700000762939));
#3577 = VECTOR('',#3578,1.);
#3578 = DIRECTION('',(-0.245653045034,-0.969357819108,0.));
#3579 = ORIENTED_EDGE('',*,*,#1194,.F.);
#3580 = ORIENTED_EDGE('',*,*,#3542,.F.);
#3581 = PLANE('',#3582);
#3582 = AXIS2_PLACEMENT_3D('',#3583,#3584,#3585);
#3583 = CARTESIAN_POINT('',(16.731693924343,99.525183995575,
    20.700000762939));
#3584 = DIRECTION('',(0.,0.,1.));
#3585 = DIRECTION('',(1.,0.,-0.));
#3586 = ADVANCED_FACE('',(#3587),#3597,.T.);
#3587 = FACE_BOUND('',#3588,.T.);
#3588 = EDGE_LOOP('',(#3589,#3595,#3596));
#3589 = ORIENTED_EDGE('',*,*,#3590,.T.);
#3590 = EDGE_CURVE('',#412,#22,#3591,.T.);
#3591 = LINE('',#3592,#3593);
#3592 = CARTESIAN_POINT('',(13.464500427246,130.53599548339,
    20.700000762939));
#3593 = VECTOR('',#3594,1.);
#3594 = DIRECTION('',(0.572063219864,-0.82020952962,0.));
#3595 = ORIENTED_EDGE('',*,*,#3558,.F.);
#3596 = ORIENTED_EDGE('',*,*,#419,.F.);
#3597 = PLANE('',#3598);
#3598 = AXIS2_PLACEMENT_3D('',#3599,#3600,#3601);
#3599 = CARTESIAN_POINT('',(15.52266612293,127.8834843238,
    20.700000762939));
#3600 = DIRECTION('',(-2.651394431598E-28,-1.682339893419E-28,1.));
#3601 = DIRECTION('',(1.,0.,2.651394431598E-28));
#3602 = ADVANCED_FACE('',(#3603),#3613,.T.);
#3603 = FACE_BOUND('',#3604,.T.);
#3604 = EDGE_LOOP('',(#3605,#3611,#3612));
#3605 = ORIENTED_EDGE('',*,*,#3606,.T.);
#3606 = EDGE_CURVE('',#32,#1088,#3607,.T.);
#3607 = LINE('',#3608,#3609);
#3608 = CARTESIAN_POINT('',(17.5,103.25,20.700000762939));
#3609 = VECTOR('',#3610,1.);
#3610 = DIRECTION('',(-0.3314648105,-0.943467582591,0.));
#3611 = ORIENTED_EDGE('',*,*,#1148,.F.);
#3612 = ORIENTED_EDGE('',*,*,#3574,.F.);
#3613 = PLANE('',#3614);
#3614 = AXIS2_PLACEMENT_3D('',#3615,#3616,#3617);
#3615 = CARTESIAN_POINT('',(16.40320825764,99.613008210846,
    20.700000762939));
#3616 = DIRECTION('',(0.,0.,1.));
#3617 = DIRECTION('',(1.,0.,-0.));
#3618 = ADVANCED_FACE('',(#3619),#3634,.T.);
#3619 = FACE_BOUND('',#3620,.T.);
#3620 = EDGE_LOOP('',(#3621,#3627,#3628));
#3621 = ORIENTED_EDGE('',*,*,#3622,.T.);
#3622 = EDGE_CURVE('',#2869,#22,#3623,.T.);
#3623 = LINE('',#3624,#3625);
#3624 = CARTESIAN_POINT('',(13.033200263977,130.04400634765,
    20.700000762939));
#3625 = VECTOR('',#3626,1.);
#3626 = DIRECTION('',(0.644869411125,-0.764292772827,0.));
#3627 = ORIENTED_EDGE('',*,*,#3590,.F.);
#3628 = ORIENTED_EDGE('',*,*,#3629,.T.);
#3629 = EDGE_CURVE('',#412,#2869,#3630,.T.);
#3630 = LINE('',#3631,#3632);
#3631 = CARTESIAN_POINT('',(13.464500427246,130.53599548339,
    20.700000762939));
#3632 = VECTOR('',#3633,1.);
#3633 = DIRECTION('',(-0.659205213022,-0.751963088938,0.));
#3634 = PLANE('',#3635);
#3635 = AXIS2_PLACEMENT_3D('',#3636,#3637,#3638);
#3636 = CARTESIAN_POINT('',(15.280340869332,127.64490674164,
    20.700000762939));
#3637 = DIRECTION('',(-6.100238974283E-28,-4.726338515427E-28,1.));
#3638 = DIRECTION('',(1.,0.,6.100238974283E-28));
#3639 = ADVANCED_FACE('',(#3640),#3650,.T.);
#3640 = FACE_BOUND('',#3641,.T.);
#3641 = EDGE_LOOP('',(#3642,#3648,#3649));
#3642 = ORIENTED_EDGE('',*,*,#3643,.T.);
#3643 = EDGE_CURVE('',#32,#1096,#3644,.T.);
#3644 = LINE('',#3645,#3646);
#3645 = CARTESIAN_POINT('',(17.5,103.25,20.700000762939));
#3646 = VECTOR('',#3647,1.);
#3647 = DIRECTION('',(-0.414839247838,-0.909894718335,0.));
#3648 = ORIENTED_EDGE('',*,*,#1095,.F.);
#3649 = ORIENTED_EDGE('',*,*,#3606,.F.);
#3650 = PLANE('',#3651);
#3651 = AXIS2_PLACEMENT_3D('',#3652,#3653,#3654);
#3652 = CARTESIAN_POINT('',(16.088764256018,99.742389072084,
    20.700000762939));
#3653 = DIRECTION('',(1.376498522774E-28,-5.676793160382E-29,1.));
#3654 = DIRECTION('',(1.,0.,-1.376498522774E-28));
#3655 = ADVANCED_FACE('',(#3656),#3666,.T.);
#3656 = FACE_BOUND('',#3657,.T.);
#3657 = EDGE_LOOP('',(#3658,#3664,#3665));
#3658 = ORIENTED_EDGE('',*,*,#3659,.T.);
#3659 = EDGE_CURVE('',#189,#22,#3660,.T.);
#3660 = LINE('',#3661,#3662);
#3661 = CARTESIAN_POINT('',(12.669899940491,129.5,20.700000762939));
#3662 = VECTOR('',#3663,1.);
#3663 = DIRECTION('',(0.712994041715,-0.701170090976,0.));
#3664 = ORIENTED_EDGE('',*,*,#3622,.F.);
#3665 = ORIENTED_EDGE('',*,*,#2893,.F.);
#3666 = PLANE('',#3667);
#3667 = AXIS2_PLACEMENT_3D('',#3668,#3669,#3670);
#3668 = CARTESIAN_POINT('',(15.070824272856,127.37686994092,
    20.700000762939));
#3669 = DIRECTION('',(0.,0.,1.));
#3670 = DIRECTION('',(1.,0.,-0.));
#3671 = ADVANCED_FACE('',(#3672),#3687,.T.);
#3672 = FACE_BOUND('',#3673,.T.);
#3673 = EDGE_LOOP('',(#3674,#3680,#3686));
#3674 = ORIENTED_EDGE('',*,*,#3675,.T.);
#3675 = EDGE_CURVE('',#32,#134,#3676,.T.);
#3676 = LINE('',#3677,#3678);
#3677 = CARTESIAN_POINT('',(17.5,103.25,20.700000762939));
#3678 = VECTOR('',#3679,1.);
#3679 = DIRECTION('',(-0.495226895568,-0.868763674371,0.));
#3680 = ORIENTED_EDGE('',*,*,#3681,.T.);
#3681 = EDGE_CURVE('',#134,#1096,#3682,.T.);
#3682 = LINE('',#3683,#3684);
#3683 = CARTESIAN_POINT('',(13.956199645996,97.033203125,20.700000762939
    ));
#3684 = VECTOR('',#3685,1.);
#3685 = DIRECTION('',(0.831506086867,-0.555515641097,0.));
#3686 = ORIENTED_EDGE('',*,*,#3643,.F.);
#3687 = PLANE('',#3688);
#3688 = AXIS2_PLACEMENT_3D('',#3689,#3690,#3691);
#3689 = CARTESIAN_POINT('',(15.793605612792,99.911218786682,
    20.700000762939));
#3690 = DIRECTION('',(-1.646752966841E-28,8.64226832864E-29,1.));
#3691 = DIRECTION('',(1.,0.,1.646752966841E-28));
#3692 = ADVANCED_FACE('',(#3693),#3703,.T.);
#3693 = FACE_BOUND('',#3694,.T.);
#3694 = EDGE_LOOP('',(#3695,#3701,#3702));
#3695 = ORIENTED_EDGE('',*,*,#3696,.T.);
#3696 = EDGE_CURVE('',#220,#22,#3697,.T.);
#3697 = LINE('',#3698,#3699);
#3698 = CARTESIAN_POINT('',(12.380599975586,128.91299438476,
    20.700000762939));
#3699 = VECTOR('',#3700,1.);
#3700 = DIRECTION('',(0.775855680348,-0.630910424127,0.));
#3701 = ORIENTED_EDGE('',*,*,#3659,.F.);
#3702 = ORIENTED_EDGE('',*,*,#227,.F.);
#3703 = PLANE('',#3704);
#3704 = AXIS2_PLACEMENT_3D('',#3705,#3706,#3707);
#3705 = CARTESIAN_POINT('',(14.897486763216,127.0840462972,
    20.700000762939));
#3706 = DIRECTION('',(0.,0.,1.));
#3707 = DIRECTION('',(1.,0.,-0.));
#3708 = ADVANCED_FACE('',(#3709),#3719,.T.);
#3709 = FACE_BOUND('',#3710,.T.);
#3710 = EDGE_LOOP('',(#3711,#3717,#3718));
#3711 = ORIENTED_EDGE('',*,*,#3712,.T.);
#3712 = EDGE_CURVE('',#32,#142,#3713,.T.);
#3713 = LINE('',#3714,#3715);
#3714 = CARTESIAN_POINT('',(17.5,103.25,20.700000762939));
#3715 = VECTOR('',#3716,1.);
#3716 = DIRECTION('',(-0.572096206493,-0.820186521784,0.));
#3717 = ORIENTED_EDGE('',*,*,#141,.F.);
#3718 = ORIENTED_EDGE('',*,*,#3675,.F.);
#3719 = PLANE('',#3720);
#3720 = AXIS2_PLACEMENT_3D('',#3721,#3722,#3723);
#3721 = CARTESIAN_POINT('',(15.522640928455,100.11665164979,
    20.700000762939));
#3722 = DIRECTION('',(-2.372321881249E-28,1.50558572094E-28,1.));
#3723 = DIRECTION('',(1.,0.,2.372321881249E-28));
#3724 = ADVANCED_FACE('',(#3725),#3735,.T.);
#3725 = FACE_BOUND('',#3726,.T.);
#3726 = EDGE_LOOP('',(#3727,#3733,#3734));
#3727 = ORIENTED_EDGE('',*,*,#3728,.T.);
#3728 = EDGE_CURVE('',#266,#22,#3729,.T.);
#3729 = LINE('',#3730,#3731);
#3730 = CARTESIAN_POINT('',(12.170399665833,128.29400634765,
    20.700000762939));
#3731 = VECTOR('',#3732,1.);
#3732 = DIRECTION('',(0.832703084752,-0.553719760027,0.));
#3733 = ORIENTED_EDGE('',*,*,#3696,.F.);
#3734 = ORIENTED_EDGE('',*,*,#273,.F.);
#3735 = PLANE('',#3736);
#3736 = AXIS2_PLACEMENT_3D('',#3737,#3738,#3739);
#3737 = CARTESIAN_POINT('',(14.763432763199,126.77125119772,
    20.700000762939));
#3738 = DIRECTION('',(-5.61545033822E-28,-7.615067177965E-28,1.));
#3739 = DIRECTION('',(0.,1.,7.615067177965E-28));
#3740 = ADVANCED_FACE('',(#3741),#3758,.T.);
#3741 = FACE_BOUND('',#3742,.T.);
#3742 = EDGE_LOOP('',(#3743,#3751,#3757));
#3743 = ORIENTED_EDGE('',*,*,#3744,.T.);
#3744 = EDGE_CURVE('',#32,#3745,#3747,.T.);
#3745 = VERTEX_POINT('',#3746);
#3746 = CARTESIAN_POINT('',(13.033200263977,97.956199645996,
    20.700000762939));
#3747 = LINE('',#3748,#3749);
#3748 = CARTESIAN_POINT('',(17.5,103.25,20.700000762939));
#3749 = VECTOR('',#3750,1.);
#3750 = DIRECTION('',(-0.644884068865,-0.764280405168,0.));
#3751 = ORIENTED_EDGE('',*,*,#3752,.T.);
#3752 = EDGE_CURVE('',#3745,#142,#3753,.T.);
#3753 = LINE('',#3754,#3755);
#3754 = CARTESIAN_POINT('',(13.033200263977,97.956199645996,
    20.700000762939));
#3755 = VECTOR('',#3756,1.);
#3756 = DIRECTION('',(0.659424908402,-0.751770437154,0.));
#3757 = ORIENTED_EDGE('',*,*,#3712,.F.);
#3758 = PLANE('',#3759);
#3759 = AXIS2_PLACEMENT_3D('',#3760,#3761,#3762);
#3760 = CARTESIAN_POINT('',(15.280365664238,100.35531388618,
    20.700000762939));
#3761 = DIRECTION('',(0.,0.,1.));
#3762 = DIRECTION('',(1.,0.,-0.));
#3763 = ADVANCED_FACE('',(#3764),#3774,.T.);
#3764 = FACE_BOUND('',#3765,.T.);
#3765 = EDGE_LOOP('',(#3766,#3772,#3773));
#3766 = ORIENTED_EDGE('',*,*,#3767,.T.);
#3767 = EDGE_CURVE('',#312,#22,#3768,.T.);
#3768 = LINE('',#3769,#3770);
#3769 = CARTESIAN_POINT('',(12.042799949646,127.65299987793,
    20.700000762939));
#3770 = VECTOR('',#3771,1.);
#3771 = DIRECTION('',(0.882856700371,-0.469642466788,0.));
#3772 = ORIENTED_EDGE('',*,*,#3728,.F.);
#3773 = ORIENTED_EDGE('',*,*,#319,.F.);
#3774 = PLANE('',#3775);
#3775 = AXIS2_PLACEMENT_3D('',#3776,#3777,#3778);
#3776 = CARTESIAN_POINT('',(14.670659355181,126.44399553695,
    20.700000762939));
#3777 = DIRECTION('',(-5.079211579229E-28,-8.515488608859E-28,1.));
#3778 = DIRECTION('',(0.,1.,8.515488608859E-28));
#3779 = ADVANCED_FACE('',(#3780),#3795,.T.);
#3780 = FACE_BOUND('',#3781,.T.);
#3781 = EDGE_LOOP('',(#3782,#3788,#3794));
#3782 = ORIENTED_EDGE('',*,*,#3783,.T.);
#3783 = EDGE_CURVE('',#32,#2420,#3784,.T.);
#3784 = LINE('',#3785,#3786);
#3785 = CARTESIAN_POINT('',(17.5,103.25,20.700000762939));
#3786 = VECTOR('',#3787,1.);
#3787 = DIRECTION('',(-0.712994041715,-0.701170090976,0.));
#3788 = ORIENTED_EDGE('',*,*,#3789,.T.);
#3789 = EDGE_CURVE('',#2420,#3745,#3790,.T.);
#3790 = LINE('',#3791,#3792);
#3791 = CARTESIAN_POINT('',(12.669899940491,98.5,20.700000762939));
#3792 = VECTOR('',#3793,1.);
#3793 = DIRECTION('',(0.555511608183,-0.831508781177,0.));
#3794 = ORIENTED_EDGE('',*,*,#3744,.F.);
#3795 = PLANE('',#3796);
#3796 = AXIS2_PLACEMENT_3D('',#3797,#3798,#3799);
#3797 = CARTESIAN_POINT('',(15.070848608044,100.62321325113,
    20.700000762939));
#3798 = DIRECTION('',(0.,0.,1.));
#3799 = DIRECTION('',(1.,0.,-0.));
#3800 = ADVANCED_FACE('',(#3801),#3806,.T.);
#3801 = FACE_BOUND('',#3802,.T.);
#3802 = EDGE_LOOP('',(#3803,#3804,#3805));
#3803 = ORIENTED_EDGE('',*,*,#3767,.F.);
#3804 = ORIENTED_EDGE('',*,*,#2854,.F.);
#3805 = ORIENTED_EDGE('',*,*,#21,.F.);
#3806 = PLANE('',#3807);
#3807 = AXIS2_PLACEMENT_3D('',#3808,#3809,#3810);
#3808 = CARTESIAN_POINT('',(14.620613393334,126.10727625135,
    20.700000762939));
#3809 = DIRECTION('',(0.,0.,1.));
#3810 = DIRECTION('',(1.,0.,-0.));
#3811 = ADVANCED_FACE('',(#3812),#3822,.T.);
#3812 = FACE_BOUND('',#3813,.T.);
#3813 = EDGE_LOOP('',(#3814,#3820,#3821));
#3814 = ORIENTED_EDGE('',*,*,#3815,.T.);
#3815 = EDGE_CURVE('',#32,#2381,#3816,.T.);
#3816 = LINE('',#3817,#3818);
#3817 = CARTESIAN_POINT('',(17.5,103.25,20.700000762939));
#3818 = VECTOR('',#3819,1.);
#3819 = DIRECTION('',(-0.775825683724,-0.630947310378,0.));
#3820 = ORIENTED_EDGE('',*,*,#2427,.F.);
#3821 = ORIENTED_EDGE('',*,*,#3783,.F.);
#3822 = PLANE('',#3823);
#3823 = AXIS2_PLACEMENT_3D('',#3824,#3825,#3826);
#3824 = CARTESIAN_POINT('',(14.897548877161,100.91590863645,
    20.700000762939));
#3825 = DIRECTION('',(0.,0.,1.));
#3826 = DIRECTION('',(1.,0.,-0.));
#3827 = ADVANCED_FACE('',(#3828),#3838,.T.);
#3828 = FACE_BOUND('',#3829,.T.);
#3829 = EDGE_LOOP('',(#3830,#3836,#3837));
#3830 = ORIENTED_EDGE('',*,*,#3831,.T.);
#3831 = EDGE_CURVE('',#32,#2350,#3832,.T.);
#3832 = LINE('',#3833,#3834);
#3833 = CARTESIAN_POINT('',(17.5,103.25,20.700000762939));
#3834 = VECTOR('',#3835,1.);
#3835 = DIRECTION('',(-0.832696489256,-0.553729678436,0.));
#3836 = ORIENTED_EDGE('',*,*,#2388,.F.);
#3837 = ORIENTED_EDGE('',*,*,#3815,.F.);
#3838 = PLANE('',#3839);
#3839 = AXIS2_PLACEMENT_3D('',#3840,#3841,#3842);
#3840 = CARTESIAN_POINT('',(14.763382359411,101.22857779991,
    20.700000762939));
#3841 = DIRECTION('',(-2.214380884539E-28,3.016697038864E-28,1.));
#3842 = DIRECTION('',(0.,1.,-3.016697038864E-28));
#3843 = ADVANCED_FACE('',(#3844),#3854,.T.);
#3844 = FACE_BOUND('',#3845,.T.);
#3845 = EDGE_LOOP('',(#3846,#3847,#3853));
#3846 = ORIENTED_EDGE('',*,*,#3510,.F.);
#3847 = ORIENTED_EDGE('',*,*,#3848,.T.);
#3848 = EDGE_CURVE('',#2657,#2350,#3849,.T.);
#3849 = LINE('',#3850,#3851);
#3850 = CARTESIAN_POINT('',(12.042799949646,100.34700012207,
    20.700000762939));
#3851 = VECTOR('',#3852,1.);
#3852 = DIRECTION('',(0.195204208388,-0.980762620121,0.));
#3853 = ORIENTED_EDGE('',*,*,#3831,.F.);
#3854 = PLANE('',#3855);
#3855 = AXIS2_PLACEMENT_3D('',#3856,#3857,#3858);
#3856 = CARTESIAN_POINT('',(14.670642590365,101.55596939029,
    20.700000762939));
#3857 = DIRECTION('',(1.911059078352E-28,-3.191876926535E-28,1.));
#3858 = DIRECTION('',(0.,1.,3.191876926535E-28));
#3859 = ADVANCED_FACE('',(#3860),#3870,.T.);
#3860 = FACE_BOUND('',#3861,.T.);
#3861 = EDGE_LOOP('',(#3862,#3868,#3869));
#3862 = ORIENTED_EDGE('',*,*,#3863,.T.);
#3863 = EDGE_CURVE('',#165,#1096,#3864,.T.);
#3864 = LINE('',#3865,#3866);
#3865 = CARTESIAN_POINT('',(13.956199645996,97.033203125,17.700000762939
    ));
#3866 = VECTOR('',#3867,1.);
#3867 = DIRECTION('',(0.177107277826,-0.118322480783,0.97705312173));
#3868 = ORIENTED_EDGE('',*,*,#3681,.F.);
#3869 = ORIENTED_EDGE('',*,*,#172,.F.);
#3870 = PLANE('',#3871);
#3871 = AXIS2_PLACEMENT_3D('',#3872,#3873,#3874);
#3872 = CARTESIAN_POINT('',(14.106796176332,96.932592041789,
    19.345885018728));
#3873 = DIRECTION('',(-0.555515641097,-0.831506086867,3.321059266759E-17
    ));
#3874 = DIRECTION('',(-0.831506086867,0.555515641097,0.));
#3875 = ADVANCED_FACE('',(#3876),#3881,.T.);
#3876 = FACE_BOUND('',#3877,.T.);
#3877 = EDGE_LOOP('',(#3878,#3879,#3880));
#3878 = ORIENTED_EDGE('',*,*,#3863,.F.);
#3879 = ORIENTED_EDGE('',*,*,#2202,.F.);
#3880 = ORIENTED_EDGE('',*,*,#1103,.F.);
#3881 = PLANE('',#3882);
#3882 = AXIS2_PLACEMENT_3D('',#3883,#3884,#3885);
#3883 = CARTESIAN_POINT('',(14.349403469664,96.770510070028,
    19.054116507151));
#3884 = DIRECTION('',(-0.555515641097,-0.831506086867,
    -1.660529633379E-17));
#3885 = DIRECTION('',(-0.831506086867,0.555515641097,0.));
#3886 = ADVANCED_FACE('',(#3887),#3902,.T.);
#3887 = FACE_BOUND('',#3888,.T.);
#3888 = EDGE_LOOP('',(#3889,#3895,#3901));
#3889 = ORIENTED_EDGE('',*,*,#3890,.T.);
#3890 = EDGE_CURVE('',#132,#3745,#3891,.T.);
#3891 = LINE('',#3892,#3893);
#3892 = CARTESIAN_POINT('',(13.464500427246,97.464500427246,
    17.700000762939));
#3893 = VECTOR('',#3894,1.);
#3894 = DIRECTION('',(-0.140467133398,0.16013807931,0.977049016165));
#3895 = ORIENTED_EDGE('',*,*,#3896,.T.);
#3896 = EDGE_CURVE('',#3745,#2265,#3897,.T.);
#3897 = LINE('',#3898,#3899);
#3898 = CARTESIAN_POINT('',(13.033200263977,97.956199645996,
    20.700000762939));
#3899 = VECTOR('',#3900,1.);
#3900 = DIRECTION('',(0.,0.,-1.));
#3901 = ORIENTED_EDGE('',*,*,#2273,.F.);
#3902 = PLANE('',#3903);
#3903 = AXIS2_PLACEMENT_3D('',#3904,#3905,#3906);
#3904 = CARTESIAN_POINT('',(13.152642774974,97.820030466514,
    19.054104589756));
#3905 = DIRECTION('',(-0.751770437154,-0.659424908402,-0.));
#3906 = DIRECTION('',(0.659424908402,-0.751770437154,0.));
#3907 = ADVANCED_FACE('',(#3908),#3913,.T.);
#3908 = FACE_BOUND('',#3909,.T.);
#3909 = EDGE_LOOP('',(#3910,#3911,#3912));
#3910 = ORIENTED_EDGE('',*,*,#3890,.F.);
#3911 = ORIENTED_EDGE('',*,*,#149,.F.);
#3912 = ORIENTED_EDGE('',*,*,#3752,.F.);
#3913 = PLANE('',#3914);
#3914 = AXIS2_PLACEMENT_3D('',#3915,#3916,#3917);
#3915 = CARTESIAN_POINT('',(13.345057916249,97.600669606728,
    19.345896936122));
#3916 = DIRECTION('',(-0.751770437154,-0.659424908402,1.660518101791E-17
    ));
#3917 = DIRECTION('',(0.659424908402,-0.751770437154,0.));
#3918 = ADVANCED_FACE('',(#3919),#3929,.T.);
#3919 = FACE_BOUND('',#3920,.T.);
#3920 = EDGE_LOOP('',(#3921,#3927,#3928));
#3921 = ORIENTED_EDGE('',*,*,#3922,.T.);
#3922 = EDGE_CURVE('',#2358,#2657,#3923,.T.);
#3923 = LINE('',#3924,#3925);
#3924 = CARTESIAN_POINT('',(12.170399665833,99.705902099609,
    17.700000762939));
#3925 = VECTOR('',#3926,1.);
#3926 = DIRECTION('',(-4.155816017905E-02,0.208800263074,0.977074904735)
  );
#3927 = ORIENTED_EDGE('',*,*,#2656,.F.);
#3928 = ORIENTED_EDGE('',*,*,#2505,.F.);
#3929 = PLANE('',#3930);
#3930 = AXIS2_PLACEMENT_3D('',#3931,#3932,#3933);
#3931 = CARTESIAN_POINT('',(12.078134933967,100.16946690139,
    19.054179758325));
#3932 = DIRECTION('',(-0.980762620121,-0.195204208388,8.302954238349E-18
    ));
#3933 = DIRECTION('',(0.195204208388,-0.980762620121,1.925929944387E-34)
  );
#3934 = ADVANCED_FACE('',(#3935),#3940,.T.);
#3935 = FACE_BOUND('',#3936,.T.);
#3936 = EDGE_LOOP('',(#3937,#3938,#3939));
#3937 = ORIENTED_EDGE('',*,*,#3922,.F.);
#3938 = ORIENTED_EDGE('',*,*,#2357,.F.);
#3939 = ORIENTED_EDGE('',*,*,#3848,.F.);
#3940 = PLANE('',#3941);
#3941 = AXIS2_PLACEMENT_3D('',#3942,#3943,#3944);
#3942 = CARTESIAN_POINT('',(12.135064681511,99.883435320286,
    19.345821767554));
#3943 = DIRECTION('',(-0.980762620121,-0.195204208388,4.151477119175E-18
    ));
#3944 = DIRECTION('',(0.195204208388,-0.980762620121,9.629649721936E-35)
  );
#3945 = ADVANCED_FACE('',(#3946),#3956,.T.);
#3946 = FACE_BOUND('',#3947,.T.);
#3947 = EDGE_LOOP('',(#3948,#3954,#3955));
#3948 = ORIENTED_EDGE('',*,*,#3949,.T.);
#3949 = EDGE_CURVE('',#2265,#2420,#3950,.T.);
#3950 = LINE('',#3951,#3952);
#3951 = CARTESIAN_POINT('',(13.033200263977,97.956199645996,
    17.700000762939));
#3952 = VECTOR('',#3953,1.);
#3953 = DIRECTION('',(-0.118321255789,0.177107303861,0.977053265358));
#3954 = ORIENTED_EDGE('',*,*,#2419,.F.);
#3955 = ORIENTED_EDGE('',*,*,#2312,.F.);
#3956 = PLANE('',#3957);
#3957 = AXIS2_PLACEMENT_3D('',#3958,#3959,#3960);
#3958 = CARTESIAN_POINT('',(12.770509936306,98.349403516033,
    19.05411692409));
#3959 = DIRECTION('',(-0.831508781177,-0.555511608183,
    -1.660530036832E-17));
#3960 = DIRECTION('',(0.555511608183,-0.831508781177,0.));
#3961 = ADVANCED_FACE('',(#3962),#3967,.T.);
#3962 = FACE_BOUND('',#3963,.T.);
#3963 = EDGE_LOOP('',(#3964,#3965,#3966));
#3964 = ORIENTED_EDGE('',*,*,#3949,.F.);
#3965 = ORIENTED_EDGE('',*,*,#3896,.F.);
#3966 = ORIENTED_EDGE('',*,*,#3789,.F.);
#3967 = PLANE('',#3968);
#3968 = AXIS2_PLACEMENT_3D('',#3969,#3970,#3971);
#3969 = CARTESIAN_POINT('',(12.932590268161,98.106796129963,
    19.345884601789));
#3970 = DIRECTION('',(-0.831508781177,-0.555511608183,
    -1.660530036832E-17));
#3971 = DIRECTION('',(0.555511608183,-0.831508781177,0.));
#3972 = ADVANCED_FACE('',(#3973),#3983,.T.);
#3973 = FACE_BOUND('',#3974,.T.);
#3974 = EDGE_LOOP('',(#3975,#3981,#3982));
#3975 = ORIENTED_EDGE('',*,*,#3976,.T.);
#3976 = EDGE_CURVE('',#565,#481,#3977,.T.);
#3977 = LINE('',#3978,#3979);
#3978 = CARTESIAN_POINT('',(95.95719909668,100.34700012207,
    20.700000762939));
#3979 = VECTOR('',#3980,1.);
#3980 = DIRECTION('',(1.393919208938E-02,0.212665855781,-0.977025553765)
  );
#3981 = ORIENTED_EDGE('',*,*,#2821,.F.);
#3982 = ORIENTED_EDGE('',*,*,#3013,.F.);
#3983 = PLANE('',#3984);
#3984 = AXIS2_PLACEMENT_3D('',#3985,#3986,#3987);
#3985 = CARTESIAN_POINT('',(95.988146296136,100.81915178009,
    19.345965017666));
#3986 = DIRECTION('',(0.997858820506,-6.540469661219E-02,
    5.753377548059E-18));
#3987 = DIRECTION('',(6.540469661219E-02,0.997858820506,
    -4.814824860968E-35));
#3988 = ADVANCED_FACE('',(#3989),#3994,.T.);
#3989 = FACE_BOUND('',#3990,.T.);
#3990 = EDGE_LOOP('',(#3991,#3992,#3993));
#3991 = ORIENTED_EDGE('',*,*,#3976,.F.);
#3992 = ORIENTED_EDGE('',*,*,#564,.F.);
#3993 = ORIENTED_EDGE('',*,*,#488,.F.);
#3994 = PLANE('',#3995);
#3995 = AXIS2_PLACEMENT_3D('',#3996,#3997,#3998);
#3996 = CARTESIAN_POINT('',(95.969052800543,100.52784834197,
    19.054036508213));
#3997 = DIRECTION('',(0.997858820506,-6.540469661219E-02,
    1.416577129904E-18));
#3998 = DIRECTION('',(6.540469661219E-02,0.997858820506,
    1.203706215242E-35));
#3999 = ADVANCED_FACE('',(#4000),#4010,.T.);
#4000 = FACE_BOUND('',#4001,.T.);
#4001 = EDGE_LOOP('',(#4002,#4008,#4009));
#4002 = ORIENTED_EDGE('',*,*,#4003,.T.);
#4003 = EDGE_CURVE('',#740,#535,#4004,.T.);
#4004 = LINE('',#4005,#4006);
#4005 = CARTESIAN_POINT('',(95.619400024414,99.086601257324,
    20.700000762939));
#4006 = VECTOR('',#4007,1.);
#4007 = DIRECTION('',(6.845799624467E-02,0.201696523871,-0.977052718643)
  );
#4008 = ORIENTED_EDGE('',*,*,#587,.F.);
#4009 = ORIENTED_EDGE('',*,*,#3082,.F.);
#4010 = PLANE('',#4011);
#4011 = AXIS2_PLACEMENT_3D('',#4012,#4013,#4014);
#4012 = CARTESIAN_POINT('',(95.771386709608,99.534396807296,
    19.345886188839));
#4013 = DIRECTION('',(0.946942629651,-0.321402638679,8.302642505601E-18)
  );
#4014 = DIRECTION('',(0.321402638679,0.946942629651,3.851859888774E-34)
  );
#4015 = ADVANCED_FACE('',(#4016),#4021,.T.);
#4016 = FACE_BOUND('',#4017,.T.);
#4017 = EDGE_LOOP('',(#4018,#4019,#4020));
#4018 = ORIENTED_EDGE('',*,*,#4003,.F.);
#4019 = ORIENTED_EDGE('',*,*,#739,.F.);
#4020 = ORIENTED_EDGE('',*,*,#626,.F.);
#4021 = PLANE('',#4022);
#4022 = AXIS2_PLACEMENT_3D('',#4023,#4024,#4025);
#4023 = CARTESIAN_POINT('',(95.67761078795,99.258106549638,
    19.05411533704));
#4024 = DIRECTION('',(0.946942629651,-0.321402638679,1.66052850112E-17)
  );
#4025 = DIRECTION('',(0.321402638679,0.946942629651,7.703719777549E-34)
  );
#4026 = ADVANCED_FACE('',(#4027),#4037,.T.);
#4027 = FACE_BOUND('',#4028,.T.);
#4028 = EDGE_LOOP('',(#4029,#4035,#4036));
#4029 = ORIENTED_EDGE('',*,*,#4030,.T.);
#4030 = EDGE_CURVE('',#2474,#412,#4031,.T.);
#4031 = LINE('',#4032,#4033);
#4032 = CARTESIAN_POINT('',(13.033200263977,130.04400634765,
    17.700000762939));
#4033 = VECTOR('',#4034,1.);
#4034 = DIRECTION('',(0.1404650089,0.160230076908,0.97703423877));
#4035 = ORIENTED_EDGE('',*,*,#443,.F.);
#4036 = ORIENTED_EDGE('',*,*,#2481,.F.);
#4037 = PLANE('',#4038);
#4038 = AXIS2_PLACEMENT_3D('',#4039,#4040,#4041);
#4039 = CARTESIAN_POINT('',(13.345054133363,130.3997417003,
    19.054061705039));
#4040 = DIRECTION('',(-0.751963088938,0.659205213022,1.660476610721E-17)
  );
#4041 = DIRECTION('',(-0.659205213022,-0.751963088938,0.));
#4042 = ADVANCED_FACE('',(#4043),#4048,.T.);
#4043 = FACE_BOUND('',#4044,.T.);
#4044 = EDGE_LOOP('',(#4045,#4046,#4047));
#4045 = ORIENTED_EDGE('',*,*,#4030,.F.);
#4046 = ORIENTED_EDGE('',*,*,#2876,.F.);
#4047 = ORIENTED_EDGE('',*,*,#3629,.F.);
#4048 = PLANE('',#4049);
#4049 = AXIS2_PLACEMENT_3D('',#4050,#4051,#4052);
#4050 = CARTESIAN_POINT('',(13.15264655786,130.18026013075,
    19.34593982084));
#4051 = DIRECTION('',(-0.751963088938,0.659205213022,1.660476610721E-17)
  );
#4052 = DIRECTION('',(-0.659205213022,-0.751963088938,0.));
#4053 = ADVANCED_FACE('',(#4054),#4064,.T.);
#4054 = FACE_BOUND('',#4055,.T.);
#4055 = EDGE_LOOP('',(#4056,#4062,#4063));
#4056 = ORIENTED_EDGE('',*,*,#4057,.T.);
#4057 = EDGE_CURVE('',#888,#3130,#4058,.T.);
#4058 = LINE('',#4059,#4060);
#4059 = CARTESIAN_POINT('',(94.535499572754,130.53599548339,
    17.700000762939));
#4060 = VECTOR('',#4061,1.);
#4061 = DIRECTION('',(-0.160140279361,0.140371224268,0.977062439317));
#4062 = ORIENTED_EDGE('',*,*,#3129,.F.);
#4063 = ORIENTED_EDGE('',*,*,#895,.F.);
#4064 = PLANE('',#4065);
#4065 = AXIS2_PLACEMENT_3D('',#4066,#4067,#4068);
#4066 = CARTESIAN_POINT('',(94.39933431185,130.65535136595,
    19.345857967581));
#4067 = DIRECTION('',(0.659165213056,0.751998152854,3.321111622354E-17)
  );
#4068 = DIRECTION('',(0.751998152854,-0.659165213056,0.));
#4069 = ADVANCED_FACE('',(#4070),#4080,.T.);
#4070 = FACE_BOUND('',#4071,.T.);
#4071 = EDGE_LOOP('',(#4072,#4073,#4074));
#4072 = ORIENTED_EDGE('',*,*,#4057,.F.);
#4073 = ORIENTED_EDGE('',*,*,#1586,.F.);
#4074 = ORIENTED_EDGE('',*,*,#4075,.T.);
#4075 = EDGE_CURVE('',#1579,#3130,#4076,.T.);
#4076 = LINE('',#4077,#4078);
#4077 = CARTESIAN_POINT('',(94.043800354004,130.96699523925,
    17.700000762939));
#4078 = VECTOR('',#4079,1.);
#4079 = DIRECTION('',(0.,0.,1.));
#4080 = PLANE('',#4081);
#4081 = AXIS2_PLACEMENT_3D('',#4082,#4083,#4084);
#4082 = CARTESIAN_POINT('',(94.179965614908,130.8476393567,
    19.054143558298));
#4083 = DIRECTION('',(0.659165213056,0.751998152854,3.321111622354E-17)
  );
#4084 = DIRECTION('',(0.751998152854,-0.659165213056,0.));
#4085 = ADVANCED_FACE('',(#4086),#4096,.T.);
#4086 = FACE_BOUND('',#4087,.T.);
#4087 = EDGE_LOOP('',(#4088,#4094,#4095));
#4088 = ORIENTED_EDGE('',*,*,#4089,.T.);
#4089 = EDGE_CURVE('',#1025,#3197,#4090,.T.);
#4090 = LINE('',#4091,#4092);
#4091 = CARTESIAN_POINT('',(94.043800354004,97.033203125,17.700000762939
    ));
#4092 = VECTOR('',#4093,1.);
#4093 = DIRECTION('',(0.160138100269,0.140466219996,0.977049144047));
#4094 = ORIENTED_EDGE('',*,*,#3241,.F.);
#4095 = ORIENTED_EDGE('',*,*,#1531,.F.);
#4096 = PLANE('',#4097);
#4097 = AXIS2_PLACEMENT_3D('',#4098,#4099,#4100);
#4098 = CARTESIAN_POINT('',(94.179969496159,97.152644810936,
    19.345896564935));
#4099 = DIRECTION('',(0.659422436226,-0.751772605648,-0.));
#4100 = DIRECTION('',(-0.751772605648,-0.659422436226,0.));
#4101 = ADVANCED_FACE('',(#4102),#4112,.T.);
#4102 = FACE_BOUND('',#4103,.T.);
#4103 = EDGE_LOOP('',(#4104,#4105,#4106));
#4104 = ORIENTED_EDGE('',*,*,#4089,.F.);
#4105 = ORIENTED_EDGE('',*,*,#1024,.F.);
#4106 = ORIENTED_EDGE('',*,*,#4107,.T.);
#4107 = EDGE_CURVE('',#841,#3197,#4108,.T.);
#4108 = LINE('',#4109,#4110);
#4109 = CARTESIAN_POINT('',(94.535499572754,97.464500427246,
    17.700000762939));
#4110 = VECTOR('',#4111,1.);
#4111 = DIRECTION('',(0.,0.,1.));
#4112 = PLANE('',#4113);
#4113 = AXIS2_PLACEMENT_3D('',#4114,#4115,#4116);
#4114 = CARTESIAN_POINT('',(94.399330430598,97.34505874131,
    19.054104960943));
#4115 = DIRECTION('',(0.659422436226,-0.751772605648,-3.321036921904E-17
    ));
#4116 = DIRECTION('',(-0.751772605648,-0.659422436226,0.));
#4117 = ADVANCED_FACE('',(#4118),#4133,.T.);
#4118 = FACE_BOUND('',#4119,.T.);
#4119 = EDGE_LOOP('',(#4120,#4126,#4132));
#4120 = ORIENTED_EDGE('',*,*,#4121,.T.);
#4121 = EDGE_CURVE('',#3197,#795,#4122,.T.);
#4122 = LINE('',#4123,#4124);
#4123 = CARTESIAN_POINT('',(94.535499572754,97.464500427246,
    20.700000762939));
#4124 = VECTOR('',#4125,1.);
#4125 = DIRECTION('',(0.140466219996,0.160138100269,-0.977049144047));
#4126 = ORIENTED_EDGE('',*,*,#4127,.T.);
#4127 = EDGE_CURVE('',#795,#3153,#4128,.T.);
#4128 = LINE('',#4129,#4130);
#4129 = CARTESIAN_POINT('',(94.966796875,97.956199645996,17.700000762939
    ));
#4130 = VECTOR('',#4131,1.);
#4131 = DIRECTION('',(0.,0.,1.));
#4132 = ORIENTED_EDGE('',*,*,#3204,.F.);
#4133 = PLANE('',#4134);
#4134 = AXIS2_PLACEMENT_3D('',#4135,#4136,#4137);
#4135 = CARTESIAN_POINT('',(94.847355189064,97.820030503841,
    19.345896564935));
#4136 = DIRECTION('',(0.751772605648,-0.659422436226,0.));
#4137 = DIRECTION('',(0.659422436226,0.751772605648,0.));
#4138 = ADVANCED_FACE('',(#4139),#4144,.T.);
#4139 = FACE_BOUND('',#4140,.T.);
#4140 = EDGE_LOOP('',(#4141,#4142,#4143));
#4141 = ORIENTED_EDGE('',*,*,#4121,.F.);
#4142 = ORIENTED_EDGE('',*,*,#4107,.F.);
#4143 = ORIENTED_EDGE('',*,*,#840,.F.);
#4144 = PLANE('',#4145);
#4145 = AXIS2_PLACEMENT_3D('',#4146,#4147,#4148);
#4146 = CARTESIAN_POINT('',(94.65494125869,97.600669569401,
    19.054104960943));
#4147 = DIRECTION('',(0.751772605648,-0.659422436226,-3.321036921904E-17
    ));
#4148 = DIRECTION('',(0.659422436226,0.751772605648,3.08148791102E-33));
#4149 = ADVANCED_FACE('',(#4150),#4160,.T.);
#4150 = FACE_BOUND('',#4151,.T.);
#4151 = EDGE_LOOP('',(#4152,#4158,#4159));
#4152 = ORIENTED_EDGE('',*,*,#4153,.T.);
#4153 = EDGE_CURVE('',#1742,#1873,#4154,.T.);
#4154 = LINE('',#4155,#4156);
#4155 = CARTESIAN_POINT('',(92.294097900391,131.83000183105,
    17.700000762939));
#4156 = VECTOR('',#4157,1.);
#4157 = DIRECTION('',(-0.208925530863,4.136169913591E-02,0.97705646326)
  );
#4158 = ORIENTED_EDGE('',*,*,#3288,.F.);
#4159 = ORIENTED_EDGE('',*,*,#2751,.F.);
#4160 = PLANE('',#4161);
#4161 = AXIS2_PLACEMENT_3D('',#4162,#4163,#4164);
#4162 = CARTESIAN_POINT('',(92.116447792306,131.86517182819,
    19.345875318214));
#4163 = DIRECTION('',(0.194204215357,0.98096112193,4.151347550825E-18));
#4164 = DIRECTION('',(0.98096112193,-0.194204215357,9.629649721936E-35)
  );
#4165 = ADVANCED_FACE('',(#4166),#4171,.T.);
#4166 = FACE_BOUND('',#4167,.T.);
#4167 = EDGE_LOOP('',(#4168,#4169,#4170));
#4168 = ORIENTED_EDGE('',*,*,#4153,.F.);
#4169 = ORIENTED_EDGE('',*,*,#1772,.F.);
#4170 = ORIENTED_EDGE('',*,*,#1880,.F.);
#4171 = PLANE('',#4172);
#4172 = AXIS2_PLACEMENT_3D('',#4173,#4174,#4175);
#4173 = CARTESIAN_POINT('',(91.830253257499,131.92183073528,
    19.054126207665));
#4174 = DIRECTION('',(0.194204215357,0.98096112193,-4.151347550825E-18)
  );
#4175 = DIRECTION('',(0.98096112193,-0.194204215357,-9.629649721936E-35)
  );
#4176 = ADVANCED_FACE('',(#4177),#4187,.T.);
#4177 = FACE_BOUND('',#4178,.T.);
#4178 = EDGE_LOOP('',(#4179,#4185,#4186));
#4179 = ORIENTED_EDGE('',*,*,#4180,.T.);
#4180 = EDGE_CURVE('',#87,#818,#4181,.T.);
#4181 = LINE('',#4182,#4183);
#4182 = CARTESIAN_POINT('',(95.829597473145,128.29400634765,
    20.700000762939));
#4183 = VECTOR('',#4184,1.);
#4184 = DIRECTION('',(-6.845940260614E-02,0.201598789599,-0.977072790649
    ));
#4185 = ORIENTED_EDGE('',*,*,#1008,.F.);
#4186 = ORIENTED_EDGE('',*,*,#2986,.F.);
#4187 = PLANE('',#4188);
#4188 = AXIS2_PLACEMENT_3D('',#4189,#4190,#4191);
#4189 = CARTESIAN_POINT('',(95.677608282667,128.74158309629,
    19.345827907741));
#4190 = DIRECTION('',(0.946893188346,0.321548269883,8.302924522108E-18)
  );
#4191 = DIRECTION('',(-0.321548269883,0.946893188346,3.851859888774E-34)
  );
#4192 = ADVANCED_FACE('',(#4193),#4198,.T.);
#4193 = FACE_BOUND('',#4194,.T.);
#4194 = EDGE_LOOP('',(#4195,#4196,#4197));
#4195 = ORIENTED_EDGE('',*,*,#4180,.F.);
#4196 = ORIENTED_EDGE('',*,*,#86,.F.);
#4197 = ORIENTED_EDGE('',*,*,#825,.F.);
#4198 = PLANE('',#4199);
#4199 = AXIS2_PLACEMENT_3D('',#4200,#4201,#4202);
#4200 = CARTESIAN_POINT('',(95.771389214892,128.46541763612,
    19.054173618138));
#4201 = DIRECTION('',(0.946893188346,0.321548269883,0.));
#4202 = DIRECTION('',(-0.321548269883,0.946893188346,0.));
#4203 = ADVANCED_FACE('',(#4204),#4214,.T.);
#4204 = FACE_BOUND('',#4205,.T.);
#4205 = EDGE_LOOP('',(#4206,#4212,#4213));
#4206 = ORIENTED_EDGE('',*,*,#4207,.T.);
#4207 = EDGE_CURVE('',#1579,#1687,#4208,.T.);
#4208 = LINE('',#4209,#4210);
#4209 = CARTESIAN_POINT('',(94.043800354004,130.96699523925,
    17.700000762939));
#4210 = VECTOR('',#4211,1.);
#4211 = DIRECTION('',(-0.177109307774,0.118226929639,0.977064320405));
#4212 = ORIENTED_EDGE('',*,*,#3175,.F.);
#4213 = ORIENTED_EDGE('',*,*,#4075,.F.);
#4214 = PLANE('',#4215);
#4215 = AXIS2_PLACEMENT_3D('',#4216,#4217,#4218);
#4216 = CARTESIAN_POINT('',(93.893207439498,131.06752150821,
    19.345852505565));
#4217 = DIRECTION('',(0.555200956032,0.831716236719,-1.660561097253E-17)
  );
#4218 = DIRECTION('',(0.831716236719,-0.555200956032,0.));
#4219 = ADVANCED_FACE('',(#4220),#4225,.T.);
#4220 = FACE_BOUND('',#4221,.T.);
#4221 = EDGE_LOOP('',(#4222,#4223,#4224));
#4222 = ORIENTED_EDGE('',*,*,#4207,.F.);
#4223 = ORIENTED_EDGE('',*,*,#1625,.F.);
#4224 = ORIENTED_EDGE('',*,*,#1694,.F.);
#4225 = PLANE('',#4226);
#4226 = AXIS2_PLACEMENT_3D('',#4227,#4228,#4229);
#4227 = CARTESIAN_POINT('',(93.650592914506,131.2294755621,
    19.054149020313));
#4228 = DIRECTION('',(0.555200956032,0.831716236719,0.));
#4229 = DIRECTION('',(0.831716236719,-0.555200956032,0.));
#4230 = ADVANCED_FACE('',(#4231),#4241,.T.);
#4231 = FACE_BOUND('',#4232,.T.);
#4232 = EDGE_LOOP('',(#4233,#4239,#4240));
#4233 = ORIENTED_EDGE('',*,*,#4234,.T.);
#4234 = EDGE_CURVE('',#3153,#710,#4235,.T.);
#4235 = LINE('',#4236,#4237);
#4236 = CARTESIAN_POINT('',(94.966796875,97.956199645996,20.700000762939
    ));
#4237 = VECTOR('',#4238,1.);
#4238 = DIRECTION('',(0.118322480783,0.177107277826,-0.97705312173));
#4239 = ORIENTED_EDGE('',*,*,#762,.F.);
#4240 = ORIENTED_EDGE('',*,*,#3160,.F.);
#4241 = PLANE('',#4242);
#4242 = AXIS2_PLACEMENT_3D('',#4243,#4244,#4245);
#4243 = CARTESIAN_POINT('',(95.229489929972,98.349403469664,
    19.345885018728));
#4244 = DIRECTION('',(0.831506086867,-0.555515641097,0.));
#4245 = DIRECTION('',(0.555515641097,0.831506086867,0.));
#4246 = ADVANCED_FACE('',(#4247),#4252,.T.);
#4247 = FACE_BOUND('',#4248,.T.);
#4248 = EDGE_LOOP('',(#4249,#4250,#4251));
#4249 = ORIENTED_EDGE('',*,*,#4234,.F.);
#4250 = ORIENTED_EDGE('',*,*,#4127,.F.);
#4251 = ORIENTED_EDGE('',*,*,#794,.F.);
#4252 = PLANE('',#4253);
#4253 = AXIS2_PLACEMENT_3D('',#4254,#4255,#4256);
#4254 = CARTESIAN_POINT('',(95.067407958211,98.106796176332,
    19.054116507151));
#4255 = DIRECTION('',(0.831506086867,-0.555515641097,-1.660529633379E-17
    ));
#4256 = DIRECTION('',(0.555515641097,0.831506086867,0.));
#4257 = ADVANCED_FACE('',(#4258),#4273,.T.);
#4258 = FACE_BOUND('',#4259,.T.);
#4259 = EDGE_LOOP('',(#4260,#4266,#4272));
#4260 = ORIENTED_EDGE('',*,*,#4261,.T.);
#4261 = EDGE_CURVE('',#479,#2908,#4262,.T.);
#4262 = LINE('',#4263,#4264);
#4263 = CARTESIAN_POINT('',(90.5,103.25,17.700000762939));
#4264 = VECTOR('',#4265,1.);
#4265 = DIRECTION('',(0.,0.990404895365,0.138196031911));
#4266 = ORIENTED_EDGE('',*,*,#4267,.T.);
#4267 = EDGE_CURVE('',#2908,#603,#4268,.T.);
#4268 = LINE('',#4269,#4270);
#4269 = CARTESIAN_POINT('',(90.5,124.75,20.700000762939));
#4270 = VECTOR('',#4271,1.);
#4271 = DIRECTION('',(0.,0.,-1.));
#4272 = ORIENTED_EDGE('',*,*,#611,.F.);
#4273 = PLANE('',#4274);
#4274 = AXIS2_PLACEMENT_3D('',#4275,#4276,#4277);
#4275 = CARTESIAN_POINT('',(90.5,114.69792666347,18.502074099463));
#4276 = DIRECTION('',(-1.,5.488256059078E-32,-1.622790124181E-29));
#4277 = DIRECTION('',(1.622790124181E-29,0.,-1.));
#4278 = ADVANCED_FACE('',(#4279),#4289,.T.);
#4279 = FACE_BOUND('',#4280,.T.);
#4280 = EDGE_LOOP('',(#4281,#4282,#4288));
#4281 = ORIENTED_EDGE('',*,*,#4261,.F.);
#4282 = ORIENTED_EDGE('',*,*,#4283,.T.);
#4283 = EDGE_CURVE('',#479,#2963,#4284,.T.);
#4284 = LINE('',#4285,#4286);
#4285 = CARTESIAN_POINT('',(90.5,103.25,17.700000762939));
#4286 = VECTOR('',#4287,1.);
#4287 = DIRECTION('',(0.,0.,1.));
#4288 = ORIENTED_EDGE('',*,*,#2971,.F.);
#4289 = PLANE('',#4290);
#4290 = AXIS2_PLACEMENT_3D('',#4291,#4292,#4293);
#4291 = CARTESIAN_POINT('',(90.5,113.30207333652,19.897927426416));
#4292 = DIRECTION('',(-1.,-2.382495004904E-30,-1.29671241899E-30));
#4293 = DIRECTION('',(2.382495004904E-30,-1.,0.));
#4294 = ADVANCED_FACE('',(#4295),#4310,.T.);
#4295 = FACE_BOUND('',#4296,.T.);
#4296 = EDGE_LOOP('',(#4297,#4303,#4309));
#4297 = ORIENTED_EDGE('',*,*,#4298,.T.);
#4298 = EDGE_CURVE('',#32,#334,#4299,.T.);
#4299 = LINE('',#4300,#4301);
#4300 = CARTESIAN_POINT('',(17.5,103.25,20.700000762939));
#4301 = VECTOR('',#4302,1.);
#4302 = DIRECTION('',(0.,0.990404895365,-0.138196031911));
#4303 = ORIENTED_EDGE('',*,*,#4304,.T.);
#4304 = EDGE_CURVE('',#334,#22,#4305,.T.);
#4305 = LINE('',#4306,#4307);
#4306 = CARTESIAN_POINT('',(17.5,124.75,17.700000762939));
#4307 = VECTOR('',#4308,1.);
#4308 = DIRECTION('',(0.,0.,1.));
#4309 = ORIENTED_EDGE('',*,*,#39,.F.);
#4310 = PLANE('',#4311);
#4311 = AXIS2_PLACEMENT_3D('',#4312,#4313,#4314);
#4312 = CARTESIAN_POINT('',(17.5,114.69792666347,19.897927426416));
#4313 = DIRECTION('',(1.,0.,0.));
#4314 = DIRECTION('',(-0.,0.,1.));
#4315 = ADVANCED_FACE('',(#4316),#4326,.T.);
#4316 = FACE_BOUND('',#4317,.T.);
#4317 = EDGE_LOOP('',(#4318,#4319,#4325));
#4318 = ORIENTED_EDGE('',*,*,#4298,.F.);
#4319 = ORIENTED_EDGE('',*,*,#4320,.T.);
#4320 = EDGE_CURVE('',#32,#1787,#4321,.T.);
#4321 = LINE('',#4322,#4323);
#4322 = CARTESIAN_POINT('',(17.5,103.25,20.700000762939));
#4323 = VECTOR('',#4324,1.);
#4324 = DIRECTION('',(0.,0.,-1.));
#4325 = ORIENTED_EDGE('',*,*,#2565,.F.);
#4326 = PLANE('',#4327);
#4327 = AXIS2_PLACEMENT_3D('',#4328,#4329,#4330);
#4328 = CARTESIAN_POINT('',(17.5,113.30207333652,18.502074099463));
#4329 = DIRECTION('',(1.,0.,0.));
#4330 = DIRECTION('',(-0.,0.,1.));
#4331 = ADVANCED_FACE('',(#4332),#4342,.T.);
#4332 = FACE_BOUND('',#4333,.T.);
#4333 = EDGE_LOOP('',(#4334,#4340,#4341));
#4334 = ORIENTED_EDGE('',*,*,#4335,.T.);
#4335 = EDGE_CURVE('',#334,#2908,#4336,.T.);
#4336 = LINE('',#4337,#4338);
#4337 = CARTESIAN_POINT('',(17.5,124.75,17.700000762939));
#4338 = VECTOR('',#4339,1.);
#4339 = DIRECTION('',(0.999156632001,0.,4.10612314521E-02));
#4340 = ORIENTED_EDGE('',*,*,#3378,.F.);
#4341 = ORIENTED_EDGE('',*,*,#4304,.F.);
#4342 = PLANE('',#4343);
#4343 = AXIS2_PLACEMENT_3D('',#4344,#4345,#4346);
#4344 = CARTESIAN_POINT('',(53.265404457608,124.75,19.934596305332));
#4345 = DIRECTION('',(-0.,-1.,-0.));
#4346 = DIRECTION('',(0.,0.,-1.));
#4347 = ADVANCED_FACE('',(#4348),#4353,.T.);
#4348 = FACE_BOUND('',#4349,.T.);
#4349 = EDGE_LOOP('',(#4350,#4351,#4352));
#4350 = ORIENTED_EDGE('',*,*,#4335,.F.);
#4351 = ORIENTED_EDGE('',*,*,#2101,.F.);
#4352 = ORIENTED_EDGE('',*,*,#4267,.F.);
#4353 = PLANE('',#4354);
#4354 = AXIS2_PLACEMENT_3D('',#4355,#4356,#4357);
#4355 = CARTESIAN_POINT('',(54.734595542392,124.75,18.465405220547));
#4356 = DIRECTION('',(-0.,-1.,-0.));
#4357 = DIRECTION('',(0.,0.,-1.));
#4358 = ADVANCED_FACE('',(#4359),#4369,.T.);
#4359 = FACE_BOUND('',#4360,.T.);
#4360 = EDGE_LOOP('',(#4361,#4367,#4368));
#4361 = ORIENTED_EDGE('',*,*,#4362,.T.);
#4362 = EDGE_CURVE('',#479,#32,#4363,.T.);
#4363 = LINE('',#4364,#4365);
#4364 = CARTESIAN_POINT('',(90.5,103.25,17.700000762939));
#4365 = VECTOR('',#4366,1.);
#4366 = DIRECTION('',(-0.999156632001,0.,4.10612314521E-02));
#4367 = ORIENTED_EDGE('',*,*,#3448,.F.);
#4368 = ORIENTED_EDGE('',*,*,#4283,.F.);
#4369 = PLANE('',#4370);
#4370 = AXIS2_PLACEMENT_3D('',#4371,#4372,#4373);
#4371 = CARTESIAN_POINT('',(54.734595542392,103.25,19.934596305332));
#4372 = DIRECTION('',(0.,1.,0.));
#4373 = DIRECTION('',(0.,-0.,1.));
#4374 = ADVANCED_FACE('',(#4375),#4380,.T.);
#4375 = FACE_BOUND('',#4376,.T.);
#4376 = EDGE_LOOP('',(#4377,#4378,#4379));
#4377 = ORIENTED_EDGE('',*,*,#4362,.F.);
#4378 = ORIENTED_EDGE('',*,*,#1794,.F.);
#4379 = ORIENTED_EDGE('',*,*,#4320,.F.);
#4380 = PLANE('',#4381);
#4381 = AXIS2_PLACEMENT_3D('',#4382,#4383,#4384);
#4382 = CARTESIAN_POINT('',(53.265404457608,103.25,18.465405220547));
#4383 = DIRECTION('',(0.,1.,0.));
#4384 = DIRECTION('',(0.,-0.,1.));
#4385 = ( GEOMETRIC_REPRESENTATION_CONTEXT(3) 
GLOBAL_UNCERTAINTY_ASSIGNED_CONTEXT((#4389)) 
GLOBAL_UNIT_ASSIGNED_CONTEXT((#4386,#4387,#4388)) REPRESENTATION_CONTEXT
('Context #1','3D Context with UNIT and UNCERTAINTY') );
#4386 = ( LENGTH_UNIT() NAMED_UNIT(*) SI_UNIT(.MILLI.,.METRE.) );
#4387 = ( NAMED_UNIT(*) PLANE_ANGLE_UNIT() SI_UNIT($,.RADIAN.) );
#4388 = ( NAMED_UNIT(*) SI_UNIT($,.STERADIAN.) SOLID_ANGLE_UNIT() );
#4389 = UNCERTAINTY_MEASURE_WITH_UNIT(LENGTH_MEASURE(1.E-07),#4386,
  'distance_accuracy_value','confusion accuracy');
#4390 = PRODUCT_RELATED_PRODUCT_CATEGORY('part',$,(#7));
ENDSEC;
END-ISO-10303-21;
